[2025-04-28T09:14:20.167+0000] {processor.py:186} INFO - Started process (PID=31484) to work on /opt/airflow/dags/dag_with_python_operator.py
[2025-04-28T09:14:20.174+0000] {processor.py:914} INFO - Processing file /opt/airflow/dags/dag_with_python_operator.py for tasks to queue
[2025-04-28T09:14:20.179+0000] {logging_mixin.py:190} INFO - [2025-04-28T09:14:20.179+0000] {dagbag.py:588} INFO - Filling up the DagBag from /opt/airflow/dags/dag_with_python_operator.py
[2025-04-28T09:14:20.221+0000] {processor.py:925} INFO - DAG(s) 'first_with_python_v4' retrieved from /opt/airflow/dags/dag_with_python_operator.py
[2025-04-28T09:14:20.264+0000] {logging_mixin.py:190} INFO - [2025-04-28T09:14:20.263+0000] {dag.py:3239} INFO - Sync 1 DAGs
[2025-04-28T09:14:20.311+0000] {logging_mixin.py:190} INFO - [2025-04-28T09:14:20.311+0000] {dag.py:4180} INFO - Setting next_dagrun for first_with_python_v4 to 2025-02-28 00:00:00+00:00, run_after=2025-03-01 00:00:00+00:00
[2025-04-28T09:14:20.344+0000] {processor.py:208} INFO - Processing /opt/airflow/dags/dag_with_python_operator.py took 0.186 seconds
[2025-04-28T09:14:51.130+0000] {processor.py:186} INFO - Started process (PID=31511) to work on /opt/airflow/dags/dag_with_python_operator.py
[2025-04-28T09:14:51.132+0000] {processor.py:914} INFO - Processing file /opt/airflow/dags/dag_with_python_operator.py for tasks to queue
[2025-04-28T09:14:51.137+0000] {logging_mixin.py:190} INFO - [2025-04-28T09:14:51.136+0000] {dagbag.py:588} INFO - Filling up the DagBag from /opt/airflow/dags/dag_with_python_operator.py
[2025-04-28T09:14:51.158+0000] {processor.py:925} INFO - DAG(s) 'first_with_python_v4' retrieved from /opt/airflow/dags/dag_with_python_operator.py
[2025-04-28T09:14:51.181+0000] {logging_mixin.py:190} INFO - [2025-04-28T09:14:51.180+0000] {dag.py:3239} INFO - Sync 1 DAGs
[2025-04-28T09:14:51.202+0000] {logging_mixin.py:190} INFO - [2025-04-28T09:14:51.201+0000] {dag.py:4180} INFO - Setting next_dagrun for first_with_python_v4 to 2025-02-28 00:00:00+00:00, run_after=2025-03-01 00:00:00+00:00
[2025-04-28T09:14:51.226+0000] {processor.py:208} INFO - Processing /opt/airflow/dags/dag_with_python_operator.py took 0.101 seconds
[2025-04-28T09:15:21.503+0000] {processor.py:186} INFO - Started process (PID=31536) to work on /opt/airflow/dags/dag_with_python_operator.py
[2025-04-28T09:15:21.505+0000] {processor.py:914} INFO - Processing file /opt/airflow/dags/dag_with_python_operator.py for tasks to queue
[2025-04-28T09:15:21.508+0000] {logging_mixin.py:190} INFO - [2025-04-28T09:15:21.508+0000] {dagbag.py:588} INFO - Filling up the DagBag from /opt/airflow/dags/dag_with_python_operator.py
[2025-04-28T09:15:21.531+0000] {processor.py:925} INFO - DAG(s) 'first_with_python_v4' retrieved from /opt/airflow/dags/dag_with_python_operator.py
[2025-04-28T09:15:21.556+0000] {logging_mixin.py:190} INFO - [2025-04-28T09:15:21.556+0000] {dag.py:3239} INFO - Sync 1 DAGs
[2025-04-28T09:15:21.582+0000] {logging_mixin.py:190} INFO - [2025-04-28T09:15:21.582+0000] {dag.py:4180} INFO - Setting next_dagrun for first_with_python_v4 to 2025-02-28 00:00:00+00:00, run_after=2025-03-01 00:00:00+00:00
[2025-04-28T09:15:21.604+0000] {processor.py:208} INFO - Processing /opt/airflow/dags/dag_with_python_operator.py took 0.107 seconds
[2025-04-28T09:15:52.070+0000] {processor.py:186} INFO - Started process (PID=31561) to work on /opt/airflow/dags/dag_with_python_operator.py
[2025-04-28T09:15:52.072+0000] {processor.py:914} INFO - Processing file /opt/airflow/dags/dag_with_python_operator.py for tasks to queue
[2025-04-28T09:15:52.076+0000] {logging_mixin.py:190} INFO - [2025-04-28T09:15:52.076+0000] {dagbag.py:588} INFO - Filling up the DagBag from /opt/airflow/dags/dag_with_python_operator.py
[2025-04-28T09:15:52.104+0000] {processor.py:925} INFO - DAG(s) 'first_with_python_v4' retrieved from /opt/airflow/dags/dag_with_python_operator.py
[2025-04-28T09:15:52.135+0000] {logging_mixin.py:190} INFO - [2025-04-28T09:15:52.135+0000] {dag.py:3239} INFO - Sync 1 DAGs
[2025-04-28T09:15:52.173+0000] {logging_mixin.py:190} INFO - [2025-04-28T09:15:52.172+0000] {dag.py:4180} INFO - Setting next_dagrun for first_with_python_v4 to 2025-02-28 00:00:00+00:00, run_after=2025-03-01 00:00:00+00:00
[2025-04-28T09:15:52.201+0000] {processor.py:208} INFO - Processing /opt/airflow/dags/dag_with_python_operator.py took 0.138 seconds
[2025-04-28T09:16:22.568+0000] {processor.py:186} INFO - Started process (PID=31586) to work on /opt/airflow/dags/dag_with_python_operator.py
[2025-04-28T09:16:22.573+0000] {processor.py:914} INFO - Processing file /opt/airflow/dags/dag_with_python_operator.py for tasks to queue
[2025-04-28T09:16:22.581+0000] {logging_mixin.py:190} INFO - [2025-04-28T09:16:22.581+0000] {dagbag.py:588} INFO - Filling up the DagBag from /opt/airflow/dags/dag_with_python_operator.py
[2025-04-28T09:16:22.613+0000] {processor.py:925} INFO - DAG(s) 'first_with_python_v4' retrieved from /opt/airflow/dags/dag_with_python_operator.py
[2025-04-28T09:16:22.645+0000] {logging_mixin.py:190} INFO - [2025-04-28T09:16:22.645+0000] {dag.py:3239} INFO - Sync 1 DAGs
[2025-04-28T09:16:22.680+0000] {logging_mixin.py:190} INFO - [2025-04-28T09:16:22.679+0000] {dag.py:4180} INFO - Setting next_dagrun for first_with_python_v4 to 2025-02-28 00:00:00+00:00, run_after=2025-03-01 00:00:00+00:00
[2025-04-28T09:16:22.709+0000] {processor.py:208} INFO - Processing /opt/airflow/dags/dag_with_python_operator.py took 0.154 seconds
[2025-04-28T09:16:53.016+0000] {processor.py:186} INFO - Started process (PID=31625) to work on /opt/airflow/dags/dag_with_python_operator.py
[2025-04-28T09:16:53.019+0000] {processor.py:914} INFO - Processing file /opt/airflow/dags/dag_with_python_operator.py for tasks to queue
[2025-04-28T09:16:53.024+0000] {logging_mixin.py:190} INFO - [2025-04-28T09:16:53.024+0000] {dagbag.py:588} INFO - Filling up the DagBag from /opt/airflow/dags/dag_with_python_operator.py
[2025-04-28T09:16:53.049+0000] {processor.py:925} INFO - DAG(s) 'first_with_python_v4' retrieved from /opt/airflow/dags/dag_with_python_operator.py
[2025-04-28T09:16:53.081+0000] {logging_mixin.py:190} INFO - [2025-04-28T09:16:53.081+0000] {dag.py:3239} INFO - Sync 1 DAGs
[2025-04-28T09:16:53.111+0000] {logging_mixin.py:190} INFO - [2025-04-28T09:16:53.111+0000] {dag.py:4180} INFO - Setting next_dagrun for first_with_python_v4 to 2025-02-28 00:00:00+00:00, run_after=2025-03-01 00:00:00+00:00
[2025-04-28T09:16:53.133+0000] {processor.py:208} INFO - Processing /opt/airflow/dags/dag_with_python_operator.py took 0.124 seconds
[2025-04-28T09:17:23.503+0000] {processor.py:186} INFO - Started process (PID=31646) to work on /opt/airflow/dags/dag_with_python_operator.py
[2025-04-28T09:17:23.506+0000] {processor.py:914} INFO - Processing file /opt/airflow/dags/dag_with_python_operator.py for tasks to queue
[2025-04-28T09:17:23.512+0000] {logging_mixin.py:190} INFO - [2025-04-28T09:17:23.512+0000] {dagbag.py:588} INFO - Filling up the DagBag from /opt/airflow/dags/dag_with_python_operator.py
[2025-04-28T09:17:23.545+0000] {processor.py:925} INFO - DAG(s) 'first_with_python_v4' retrieved from /opt/airflow/dags/dag_with_python_operator.py
[2025-04-28T09:17:23.582+0000] {logging_mixin.py:190} INFO - [2025-04-28T09:17:23.582+0000] {dag.py:3239} INFO - Sync 1 DAGs
[2025-04-28T09:17:23.615+0000] {logging_mixin.py:190} INFO - [2025-04-28T09:17:23.615+0000] {dag.py:4180} INFO - Setting next_dagrun for first_with_python_v4 to 2025-02-28 00:00:00+00:00, run_after=2025-03-01 00:00:00+00:00
[2025-04-28T09:17:23.643+0000] {processor.py:208} INFO - Processing /opt/airflow/dags/dag_with_python_operator.py took 0.151 seconds
[2025-04-28T09:17:54.234+0000] {processor.py:186} INFO - Started process (PID=31667) to work on /opt/airflow/dags/dag_with_python_operator.py
[2025-04-28T09:17:54.239+0000] {processor.py:914} INFO - Processing file /opt/airflow/dags/dag_with_python_operator.py for tasks to queue
[2025-04-28T09:17:54.247+0000] {logging_mixin.py:190} INFO - [2025-04-28T09:17:54.246+0000] {dagbag.py:588} INFO - Filling up the DagBag from /opt/airflow/dags/dag_with_python_operator.py
[2025-04-28T09:17:54.300+0000] {processor.py:925} INFO - DAG(s) 'first_with_python_v4' retrieved from /opt/airflow/dags/dag_with_python_operator.py
[2025-04-28T09:17:54.349+0000] {logging_mixin.py:190} INFO - [2025-04-28T09:17:54.348+0000] {dag.py:3239} INFO - Sync 1 DAGs
[2025-04-28T09:17:54.395+0000] {logging_mixin.py:190} INFO - [2025-04-28T09:17:54.395+0000] {dag.py:4180} INFO - Setting next_dagrun for first_with_python_v4 to 2025-02-28 00:00:00+00:00, run_after=2025-03-01 00:00:00+00:00
[2025-04-28T09:17:54.421+0000] {processor.py:208} INFO - Processing /opt/airflow/dags/dag_with_python_operator.py took 0.198 seconds
[2025-04-28T09:18:24.566+0000] {processor.py:186} INFO - Started process (PID=31687) to work on /opt/airflow/dags/dag_with_python_operator.py
[2025-04-28T09:18:24.569+0000] {processor.py:914} INFO - Processing file /opt/airflow/dags/dag_with_python_operator.py for tasks to queue
[2025-04-28T09:18:24.573+0000] {logging_mixin.py:190} INFO - [2025-04-28T09:18:24.573+0000] {dagbag.py:588} INFO - Filling up the DagBag from /opt/airflow/dags/dag_with_python_operator.py
[2025-04-28T09:18:24.605+0000] {processor.py:925} INFO - DAG(s) 'first_with_python_v4' retrieved from /opt/airflow/dags/dag_with_python_operator.py
[2025-04-28T09:18:24.643+0000] {logging_mixin.py:190} INFO - [2025-04-28T09:18:24.643+0000] {dag.py:3239} INFO - Sync 1 DAGs
[2025-04-28T09:18:24.679+0000] {logging_mixin.py:190} INFO - [2025-04-28T09:18:24.679+0000] {dag.py:4180} INFO - Setting next_dagrun for first_with_python_v4 to 2025-02-28 00:00:00+00:00, run_after=2025-03-01 00:00:00+00:00
[2025-04-28T09:18:24.708+0000] {processor.py:208} INFO - Processing /opt/airflow/dags/dag_with_python_operator.py took 0.152 seconds
[2025-04-28T09:18:55.157+0000] {processor.py:186} INFO - Started process (PID=31707) to work on /opt/airflow/dags/dag_with_python_operator.py
[2025-04-28T09:18:55.159+0000] {processor.py:914} INFO - Processing file /opt/airflow/dags/dag_with_python_operator.py for tasks to queue
[2025-04-28T09:18:55.167+0000] {logging_mixin.py:190} INFO - [2025-04-28T09:18:55.166+0000] {dagbag.py:588} INFO - Filling up the DagBag from /opt/airflow/dags/dag_with_python_operator.py
[2025-04-28T09:18:55.202+0000] {processor.py:925} INFO - DAG(s) 'first_with_python_v4' retrieved from /opt/airflow/dags/dag_with_python_operator.py
[2025-04-28T09:18:55.237+0000] {logging_mixin.py:190} INFO - [2025-04-28T09:18:55.236+0000] {dag.py:3239} INFO - Sync 1 DAGs
[2025-04-28T09:18:55.276+0000] {logging_mixin.py:190} INFO - [2025-04-28T09:18:55.275+0000] {dag.py:4180} INFO - Setting next_dagrun for first_with_python_v4 to 2025-02-28 00:00:00+00:00, run_after=2025-03-01 00:00:00+00:00
[2025-04-28T09:18:55.309+0000] {processor.py:208} INFO - Processing /opt/airflow/dags/dag_with_python_operator.py took 0.165 seconds
[2025-04-28T09:19:25.671+0000] {processor.py:186} INFO - Started process (PID=31727) to work on /opt/airflow/dags/dag_with_python_operator.py
[2025-04-28T09:19:25.673+0000] {processor.py:914} INFO - Processing file /opt/airflow/dags/dag_with_python_operator.py for tasks to queue
[2025-04-28T09:19:25.679+0000] {logging_mixin.py:190} INFO - [2025-04-28T09:19:25.678+0000] {dagbag.py:588} INFO - Filling up the DagBag from /opt/airflow/dags/dag_with_python_operator.py
[2025-04-28T09:19:25.713+0000] {processor.py:925} INFO - DAG(s) 'first_with_python_v4' retrieved from /opt/airflow/dags/dag_with_python_operator.py
[2025-04-28T09:19:25.761+0000] {logging_mixin.py:190} INFO - [2025-04-28T09:19:25.761+0000] {dag.py:3239} INFO - Sync 1 DAGs
[2025-04-28T09:19:25.809+0000] {logging_mixin.py:190} INFO - [2025-04-28T09:19:25.808+0000] {dag.py:4180} INFO - Setting next_dagrun for first_with_python_v4 to 2025-02-28 00:00:00+00:00, run_after=2025-03-01 00:00:00+00:00
[2025-04-28T09:19:25.838+0000] {processor.py:208} INFO - Processing /opt/airflow/dags/dag_with_python_operator.py took 0.184 seconds
[2025-04-28T09:19:56.299+0000] {processor.py:186} INFO - Started process (PID=31748) to work on /opt/airflow/dags/dag_with_python_operator.py
[2025-04-28T09:19:56.302+0000] {processor.py:914} INFO - Processing file /opt/airflow/dags/dag_with_python_operator.py for tasks to queue
[2025-04-28T09:19:56.308+0000] {logging_mixin.py:190} INFO - [2025-04-28T09:19:56.308+0000] {dagbag.py:588} INFO - Filling up the DagBag from /opt/airflow/dags/dag_with_python_operator.py
[2025-04-28T09:19:56.344+0000] {processor.py:925} INFO - DAG(s) 'first_with_python_v4' retrieved from /opt/airflow/dags/dag_with_python_operator.py
[2025-04-28T09:19:56.386+0000] {logging_mixin.py:190} INFO - [2025-04-28T09:19:56.385+0000] {dag.py:3239} INFO - Sync 1 DAGs
[2025-04-28T09:19:56.423+0000] {logging_mixin.py:190} INFO - [2025-04-28T09:19:56.423+0000] {dag.py:4180} INFO - Setting next_dagrun for first_with_python_v4 to 2025-02-28 00:00:00+00:00, run_after=2025-03-01 00:00:00+00:00
[2025-04-28T09:19:56.451+0000] {processor.py:208} INFO - Processing /opt/airflow/dags/dag_with_python_operator.py took 0.159 seconds
[2025-04-28T09:20:26.787+0000] {processor.py:186} INFO - Started process (PID=31769) to work on /opt/airflow/dags/dag_with_python_operator.py
[2025-04-28T09:20:26.789+0000] {processor.py:914} INFO - Processing file /opt/airflow/dags/dag_with_python_operator.py for tasks to queue
[2025-04-28T09:20:26.795+0000] {logging_mixin.py:190} INFO - [2025-04-28T09:20:26.795+0000] {dagbag.py:588} INFO - Filling up the DagBag from /opt/airflow/dags/dag_with_python_operator.py
[2025-04-28T09:20:26.824+0000] {processor.py:925} INFO - DAG(s) 'first_with_python_v4' retrieved from /opt/airflow/dags/dag_with_python_operator.py
[2025-04-28T09:20:26.857+0000] {logging_mixin.py:190} INFO - [2025-04-28T09:20:26.857+0000] {dag.py:3239} INFO - Sync 1 DAGs
[2025-04-28T09:20:26.887+0000] {logging_mixin.py:190} INFO - [2025-04-28T09:20:26.886+0000] {dag.py:4180} INFO - Setting next_dagrun for first_with_python_v4 to 2025-02-28 00:00:00+00:00, run_after=2025-03-01 00:00:00+00:00
[2025-04-28T09:20:26.914+0000] {processor.py:208} INFO - Processing /opt/airflow/dags/dag_with_python_operator.py took 0.137 seconds
[2025-04-28T09:20:57.269+0000] {processor.py:186} INFO - Started process (PID=31790) to work on /opt/airflow/dags/dag_with_python_operator.py
[2025-04-28T09:20:57.272+0000] {processor.py:914} INFO - Processing file /opt/airflow/dags/dag_with_python_operator.py for tasks to queue
[2025-04-28T09:20:57.277+0000] {logging_mixin.py:190} INFO - [2025-04-28T09:20:57.277+0000] {dagbag.py:588} INFO - Filling up the DagBag from /opt/airflow/dags/dag_with_python_operator.py
[2025-04-28T09:20:57.303+0000] {processor.py:925} INFO - DAG(s) 'first_with_python_v4' retrieved from /opt/airflow/dags/dag_with_python_operator.py
[2025-04-28T09:20:57.341+0000] {logging_mixin.py:190} INFO - [2025-04-28T09:20:57.341+0000] {dag.py:3239} INFO - Sync 1 DAGs
[2025-04-28T09:20:57.372+0000] {logging_mixin.py:190} INFO - [2025-04-28T09:20:57.372+0000] {dag.py:4180} INFO - Setting next_dagrun for first_with_python_v4 to 2025-02-28 00:00:00+00:00, run_after=2025-03-01 00:00:00+00:00
[2025-04-28T09:20:57.399+0000] {processor.py:208} INFO - Processing /opt/airflow/dags/dag_with_python_operator.py took 0.137 seconds
[2025-04-28T09:21:27.798+0000] {processor.py:186} INFO - Started process (PID=31811) to work on /opt/airflow/dags/dag_with_python_operator.py
[2025-04-28T09:21:27.803+0000] {processor.py:914} INFO - Processing file /opt/airflow/dags/dag_with_python_operator.py for tasks to queue
[2025-04-28T09:21:27.815+0000] {logging_mixin.py:190} INFO - [2025-04-28T09:21:27.814+0000] {dagbag.py:588} INFO - Filling up the DagBag from /opt/airflow/dags/dag_with_python_operator.py
[2025-04-28T09:21:27.851+0000] {processor.py:925} INFO - DAG(s) 'first_with_python_v4' retrieved from /opt/airflow/dags/dag_with_python_operator.py
[2025-04-28T09:21:27.887+0000] {logging_mixin.py:190} INFO - [2025-04-28T09:21:27.887+0000] {dag.py:3239} INFO - Sync 1 DAGs
[2025-04-28T09:21:27.926+0000] {logging_mixin.py:190} INFO - [2025-04-28T09:21:27.925+0000] {dag.py:4180} INFO - Setting next_dagrun for first_with_python_v4 to 2025-02-28 00:00:00+00:00, run_after=2025-03-01 00:00:00+00:00
[2025-04-28T09:21:27.952+0000] {processor.py:208} INFO - Processing /opt/airflow/dags/dag_with_python_operator.py took 0.170 seconds
[2025-04-28T09:21:58.275+0000] {processor.py:186} INFO - Started process (PID=31832) to work on /opt/airflow/dags/dag_with_python_operator.py
[2025-04-28T09:21:58.277+0000] {processor.py:914} INFO - Processing file /opt/airflow/dags/dag_with_python_operator.py for tasks to queue
[2025-04-28T09:21:58.284+0000] {logging_mixin.py:190} INFO - [2025-04-28T09:21:58.283+0000] {dagbag.py:588} INFO - Filling up the DagBag from /opt/airflow/dags/dag_with_python_operator.py
[2025-04-28T09:21:58.313+0000] {processor.py:925} INFO - DAG(s) 'first_with_python_v4' retrieved from /opt/airflow/dags/dag_with_python_operator.py
[2025-04-28T09:21:58.344+0000] {logging_mixin.py:190} INFO - [2025-04-28T09:21:58.343+0000] {dag.py:3239} INFO - Sync 1 DAGs
[2025-04-28T09:21:58.387+0000] {logging_mixin.py:190} INFO - [2025-04-28T09:21:58.387+0000] {dag.py:4180} INFO - Setting next_dagrun for first_with_python_v4 to 2025-02-28 00:00:00+00:00, run_after=2025-03-01 00:00:00+00:00
[2025-04-28T09:21:58.419+0000] {processor.py:208} INFO - Processing /opt/airflow/dags/dag_with_python_operator.py took 0.151 seconds
[2025-04-28T09:22:28.763+0000] {processor.py:186} INFO - Started process (PID=31853) to work on /opt/airflow/dags/dag_with_python_operator.py
[2025-04-28T09:22:28.766+0000] {processor.py:914} INFO - Processing file /opt/airflow/dags/dag_with_python_operator.py for tasks to queue
[2025-04-28T09:22:28.771+0000] {logging_mixin.py:190} INFO - [2025-04-28T09:22:28.771+0000] {dagbag.py:588} INFO - Filling up the DagBag from /opt/airflow/dags/dag_with_python_operator.py
[2025-04-28T09:22:28.800+0000] {processor.py:925} INFO - DAG(s) 'first_with_python_v4' retrieved from /opt/airflow/dags/dag_with_python_operator.py
[2025-04-28T09:22:28.837+0000] {logging_mixin.py:190} INFO - [2025-04-28T09:22:28.837+0000] {dag.py:3239} INFO - Sync 1 DAGs
[2025-04-28T09:22:28.880+0000] {logging_mixin.py:190} INFO - [2025-04-28T09:22:28.880+0000] {dag.py:4180} INFO - Setting next_dagrun for first_with_python_v4 to 2025-02-28 00:00:00+00:00, run_after=2025-03-01 00:00:00+00:00
[2025-04-28T09:22:28.915+0000] {processor.py:208} INFO - Processing /opt/airflow/dags/dag_with_python_operator.py took 0.161 seconds
[2025-04-28T09:22:59.271+0000] {processor.py:186} INFO - Started process (PID=31874) to work on /opt/airflow/dags/dag_with_python_operator.py
[2025-04-28T09:22:59.274+0000] {processor.py:914} INFO - Processing file /opt/airflow/dags/dag_with_python_operator.py for tasks to queue
[2025-04-28T09:22:59.279+0000] {logging_mixin.py:190} INFO - [2025-04-28T09:22:59.278+0000] {dagbag.py:588} INFO - Filling up the DagBag from /opt/airflow/dags/dag_with_python_operator.py
[2025-04-28T09:22:59.306+0000] {processor.py:925} INFO - DAG(s) 'first_with_python_v4' retrieved from /opt/airflow/dags/dag_with_python_operator.py
[2025-04-28T09:22:59.343+0000] {logging_mixin.py:190} INFO - [2025-04-28T09:22:59.343+0000] {dag.py:3239} INFO - Sync 1 DAGs
[2025-04-28T09:22:59.388+0000] {logging_mixin.py:190} INFO - [2025-04-28T09:22:59.387+0000] {dag.py:4180} INFO - Setting next_dagrun for first_with_python_v4 to 2025-02-28 00:00:00+00:00, run_after=2025-03-01 00:00:00+00:00
[2025-04-28T09:22:59.417+0000] {processor.py:208} INFO - Processing /opt/airflow/dags/dag_with_python_operator.py took 0.154 seconds
[2025-04-28T09:23:29.771+0000] {processor.py:186} INFO - Started process (PID=31895) to work on /opt/airflow/dags/dag_with_python_operator.py
[2025-04-28T09:23:29.773+0000] {processor.py:914} INFO - Processing file /opt/airflow/dags/dag_with_python_operator.py for tasks to queue
[2025-04-28T09:23:29.778+0000] {logging_mixin.py:190} INFO - [2025-04-28T09:23:29.777+0000] {dagbag.py:588} INFO - Filling up the DagBag from /opt/airflow/dags/dag_with_python_operator.py
[2025-04-28T09:23:29.806+0000] {processor.py:925} INFO - DAG(s) 'first_with_python_v4' retrieved from /opt/airflow/dags/dag_with_python_operator.py
[2025-04-28T09:23:29.835+0000] {logging_mixin.py:190} INFO - [2025-04-28T09:23:29.835+0000] {dag.py:3239} INFO - Sync 1 DAGs
[2025-04-28T09:23:29.868+0000] {logging_mixin.py:190} INFO - [2025-04-28T09:23:29.867+0000] {dag.py:4180} INFO - Setting next_dagrun for first_with_python_v4 to 2025-02-28 00:00:00+00:00, run_after=2025-03-01 00:00:00+00:00
[2025-04-28T09:23:29.896+0000] {processor.py:208} INFO - Processing /opt/airflow/dags/dag_with_python_operator.py took 0.134 seconds
[2025-04-28T09:24:00.266+0000] {processor.py:186} INFO - Started process (PID=31916) to work on /opt/airflow/dags/dag_with_python_operator.py
[2025-04-28T09:24:00.269+0000] {processor.py:914} INFO - Processing file /opt/airflow/dags/dag_with_python_operator.py for tasks to queue
[2025-04-28T09:24:00.273+0000] {logging_mixin.py:190} INFO - [2025-04-28T09:24:00.273+0000] {dagbag.py:588} INFO - Filling up the DagBag from /opt/airflow/dags/dag_with_python_operator.py
[2025-04-28T09:24:00.294+0000] {processor.py:925} INFO - DAG(s) 'first_with_python_v4' retrieved from /opt/airflow/dags/dag_with_python_operator.py
[2025-04-28T09:24:00.323+0000] {logging_mixin.py:190} INFO - [2025-04-28T09:24:00.323+0000] {dag.py:3239} INFO - Sync 1 DAGs
[2025-04-28T09:24:00.356+0000] {logging_mixin.py:190} INFO - [2025-04-28T09:24:00.356+0000] {dag.py:4180} INFO - Setting next_dagrun for first_with_python_v4 to 2025-02-28 00:00:00+00:00, run_after=2025-03-01 00:00:00+00:00
[2025-04-28T09:24:00.381+0000] {processor.py:208} INFO - Processing /opt/airflow/dags/dag_with_python_operator.py took 0.122 seconds
[2025-04-28T09:24:30.827+0000] {processor.py:186} INFO - Started process (PID=31937) to work on /opt/airflow/dags/dag_with_python_operator.py
[2025-04-28T09:24:30.830+0000] {processor.py:914} INFO - Processing file /opt/airflow/dags/dag_with_python_operator.py for tasks to queue
[2025-04-28T09:24:30.834+0000] {logging_mixin.py:190} INFO - [2025-04-28T09:24:30.833+0000] {dagbag.py:588} INFO - Filling up the DagBag from /opt/airflow/dags/dag_with_python_operator.py
[2025-04-28T09:24:30.860+0000] {processor.py:925} INFO - DAG(s) 'first_with_python_v4' retrieved from /opt/airflow/dags/dag_with_python_operator.py
[2025-04-28T09:24:30.896+0000] {logging_mixin.py:190} INFO - [2025-04-28T09:24:30.895+0000] {dag.py:3239} INFO - Sync 1 DAGs
[2025-04-28T09:24:30.928+0000] {logging_mixin.py:190} INFO - [2025-04-28T09:24:30.927+0000] {dag.py:4180} INFO - Setting next_dagrun for first_with_python_v4 to 2025-02-28 00:00:00+00:00, run_after=2025-03-01 00:00:00+00:00
[2025-04-28T09:24:30.954+0000] {processor.py:208} INFO - Processing /opt/airflow/dags/dag_with_python_operator.py took 0.134 seconds
[2025-04-28T09:25:01.278+0000] {processor.py:186} INFO - Started process (PID=31958) to work on /opt/airflow/dags/dag_with_python_operator.py
[2025-04-28T09:25:01.279+0000] {processor.py:914} INFO - Processing file /opt/airflow/dags/dag_with_python_operator.py for tasks to queue
[2025-04-28T09:25:01.282+0000] {logging_mixin.py:190} INFO - [2025-04-28T09:25:01.281+0000] {dagbag.py:588} INFO - Filling up the DagBag from /opt/airflow/dags/dag_with_python_operator.py
[2025-04-28T09:25:01.299+0000] {processor.py:925} INFO - DAG(s) 'first_with_python_v4' retrieved from /opt/airflow/dags/dag_with_python_operator.py
[2025-04-28T09:25:01.320+0000] {logging_mixin.py:190} INFO - [2025-04-28T09:25:01.320+0000] {dag.py:3239} INFO - Sync 1 DAGs
[2025-04-28T09:25:01.338+0000] {logging_mixin.py:190} INFO - [2025-04-28T09:25:01.338+0000] {dag.py:4180} INFO - Setting next_dagrun for first_with_python_v4 to 2025-02-28 00:00:00+00:00, run_after=2025-03-01 00:00:00+00:00
[2025-04-28T09:25:01.355+0000] {processor.py:208} INFO - Processing /opt/airflow/dags/dag_with_python_operator.py took 0.082 seconds
[2025-04-28T09:25:31.743+0000] {processor.py:186} INFO - Started process (PID=31979) to work on /opt/airflow/dags/dag_with_python_operator.py
[2025-04-28T09:25:31.747+0000] {processor.py:914} INFO - Processing file /opt/airflow/dags/dag_with_python_operator.py for tasks to queue
[2025-04-28T09:25:31.752+0000] {logging_mixin.py:190} INFO - [2025-04-28T09:25:31.751+0000] {dagbag.py:588} INFO - Filling up the DagBag from /opt/airflow/dags/dag_with_python_operator.py
[2025-04-28T09:25:31.778+0000] {processor.py:925} INFO - DAG(s) 'first_with_python_v4' retrieved from /opt/airflow/dags/dag_with_python_operator.py
[2025-04-28T09:25:31.825+0000] {logging_mixin.py:190} INFO - [2025-04-28T09:25:31.824+0000] {dag.py:3239} INFO - Sync 1 DAGs
[2025-04-28T09:25:31.856+0000] {logging_mixin.py:190} INFO - [2025-04-28T09:25:31.855+0000] {dag.py:4180} INFO - Setting next_dagrun for first_with_python_v4 to 2025-02-28 00:00:00+00:00, run_after=2025-03-01 00:00:00+00:00
[2025-04-28T09:25:31.878+0000] {processor.py:208} INFO - Processing /opt/airflow/dags/dag_with_python_operator.py took 0.145 seconds
[2025-04-28T09:26:02.310+0000] {processor.py:186} INFO - Started process (PID=32000) to work on /opt/airflow/dags/dag_with_python_operator.py
[2025-04-28T09:26:02.312+0000] {processor.py:914} INFO - Processing file /opt/airflow/dags/dag_with_python_operator.py for tasks to queue
[2025-04-28T09:26:02.314+0000] {logging_mixin.py:190} INFO - [2025-04-28T09:26:02.314+0000] {dagbag.py:588} INFO - Filling up the DagBag from /opt/airflow/dags/dag_with_python_operator.py
[2025-04-28T09:26:02.339+0000] {processor.py:925} INFO - DAG(s) 'first_with_python_v4' retrieved from /opt/airflow/dags/dag_with_python_operator.py
[2025-04-28T09:26:02.361+0000] {logging_mixin.py:190} INFO - [2025-04-28T09:26:02.361+0000] {dag.py:3239} INFO - Sync 1 DAGs
[2025-04-28T09:26:02.376+0000] {logging_mixin.py:190} INFO - [2025-04-28T09:26:02.376+0000] {dag.py:4180} INFO - Setting next_dagrun for first_with_python_v4 to 2025-02-28 00:00:00+00:00, run_after=2025-03-01 00:00:00+00:00
[2025-04-28T09:26:02.389+0000] {processor.py:208} INFO - Processing /opt/airflow/dags/dag_with_python_operator.py took 0.084 seconds
[2025-04-28T09:26:32.615+0000] {processor.py:186} INFO - Started process (PID=32021) to work on /opt/airflow/dags/dag_with_python_operator.py
[2025-04-28T09:26:32.617+0000] {processor.py:914} INFO - Processing file /opt/airflow/dags/dag_with_python_operator.py for tasks to queue
[2025-04-28T09:26:32.619+0000] {logging_mixin.py:190} INFO - [2025-04-28T09:26:32.619+0000] {dagbag.py:588} INFO - Filling up the DagBag from /opt/airflow/dags/dag_with_python_operator.py
[2025-04-28T09:26:32.648+0000] {processor.py:925} INFO - DAG(s) 'first_with_python_v4' retrieved from /opt/airflow/dags/dag_with_python_operator.py
[2025-04-28T09:26:32.663+0000] {logging_mixin.py:190} INFO - [2025-04-28T09:26:32.663+0000] {dag.py:3239} INFO - Sync 1 DAGs
[2025-04-28T09:26:32.679+0000] {logging_mixin.py:190} INFO - [2025-04-28T09:26:32.679+0000] {dag.py:4180} INFO - Setting next_dagrun for first_with_python_v4 to 2025-02-28 00:00:00+00:00, run_after=2025-03-01 00:00:00+00:00
[2025-04-28T09:26:32.703+0000] {processor.py:208} INFO - Processing /opt/airflow/dags/dag_with_python_operator.py took 0.095 seconds
[2025-04-28T09:27:03.040+0000] {processor.py:186} INFO - Started process (PID=32042) to work on /opt/airflow/dags/dag_with_python_operator.py
[2025-04-28T09:27:03.042+0000] {processor.py:914} INFO - Processing file /opt/airflow/dags/dag_with_python_operator.py for tasks to queue
[2025-04-28T09:27:03.047+0000] {logging_mixin.py:190} INFO - [2025-04-28T09:27:03.046+0000] {dagbag.py:588} INFO - Filling up the DagBag from /opt/airflow/dags/dag_with_python_operator.py
[2025-04-28T09:27:03.075+0000] {processor.py:925} INFO - DAG(s) 'first_with_python_v4' retrieved from /opt/airflow/dags/dag_with_python_operator.py
[2025-04-28T09:27:03.093+0000] {logging_mixin.py:190} INFO - [2025-04-28T09:27:03.092+0000] {dag.py:3239} INFO - Sync 1 DAGs
[2025-04-28T09:27:03.112+0000] {logging_mixin.py:190} INFO - [2025-04-28T09:27:03.112+0000] {dag.py:4180} INFO - Setting next_dagrun for first_with_python_v4 to 2025-02-28 00:00:00+00:00, run_after=2025-03-01 00:00:00+00:00
[2025-04-28T09:27:03.124+0000] {processor.py:208} INFO - Processing /opt/airflow/dags/dag_with_python_operator.py took 0.087 seconds
[2025-04-28T09:27:33.315+0000] {processor.py:186} INFO - Started process (PID=32063) to work on /opt/airflow/dags/dag_with_python_operator.py
[2025-04-28T09:27:33.320+0000] {processor.py:914} INFO - Processing file /opt/airflow/dags/dag_with_python_operator.py for tasks to queue
[2025-04-28T09:27:33.323+0000] {logging_mixin.py:190} INFO - [2025-04-28T09:27:33.323+0000] {dagbag.py:588} INFO - Filling up the DagBag from /opt/airflow/dags/dag_with_python_operator.py
[2025-04-28T09:27:33.346+0000] {processor.py:925} INFO - DAG(s) 'first_with_python_v4' retrieved from /opt/airflow/dags/dag_with_python_operator.py
[2025-04-28T09:27:33.360+0000] {logging_mixin.py:190} INFO - [2025-04-28T09:27:33.360+0000] {dag.py:3239} INFO - Sync 1 DAGs
[2025-04-28T09:27:33.374+0000] {logging_mixin.py:190} INFO - [2025-04-28T09:27:33.374+0000] {dag.py:4180} INFO - Setting next_dagrun for first_with_python_v4 to 2025-02-28 00:00:00+00:00, run_after=2025-03-01 00:00:00+00:00
[2025-04-28T09:27:33.385+0000] {processor.py:208} INFO - Processing /opt/airflow/dags/dag_with_python_operator.py took 0.074 seconds
[2025-04-28T09:28:03.810+0000] {processor.py:186} INFO - Started process (PID=32084) to work on /opt/airflow/dags/dag_with_python_operator.py
[2025-04-28T09:28:03.813+0000] {processor.py:914} INFO - Processing file /opt/airflow/dags/dag_with_python_operator.py for tasks to queue
[2025-04-28T09:28:03.815+0000] {logging_mixin.py:190} INFO - [2025-04-28T09:28:03.815+0000] {dagbag.py:588} INFO - Filling up the DagBag from /opt/airflow/dags/dag_with_python_operator.py
[2025-04-28T09:28:03.839+0000] {processor.py:925} INFO - DAG(s) 'first_with_python_v4' retrieved from /opt/airflow/dags/dag_with_python_operator.py
[2025-04-28T09:28:03.852+0000] {logging_mixin.py:190} INFO - [2025-04-28T09:28:03.852+0000] {dag.py:3239} INFO - Sync 1 DAGs
[2025-04-28T09:28:03.870+0000] {logging_mixin.py:190} INFO - [2025-04-28T09:28:03.870+0000] {dag.py:4180} INFO - Setting next_dagrun for first_with_python_v4 to 2025-02-28 00:00:00+00:00, run_after=2025-03-01 00:00:00+00:00
[2025-04-28T09:28:03.880+0000] {processor.py:208} INFO - Processing /opt/airflow/dags/dag_with_python_operator.py took 0.074 seconds
[2025-04-28T09:28:34.049+0000] {processor.py:186} INFO - Started process (PID=32105) to work on /opt/airflow/dags/dag_with_python_operator.py
[2025-04-28T09:28:34.050+0000] {processor.py:914} INFO - Processing file /opt/airflow/dags/dag_with_python_operator.py for tasks to queue
[2025-04-28T09:28:34.053+0000] {logging_mixin.py:190} INFO - [2025-04-28T09:28:34.052+0000] {dagbag.py:588} INFO - Filling up the DagBag from /opt/airflow/dags/dag_with_python_operator.py
[2025-04-28T09:28:34.066+0000] {processor.py:925} INFO - DAG(s) 'first_with_python_v4' retrieved from /opt/airflow/dags/dag_with_python_operator.py
[2025-04-28T09:28:34.083+0000] {logging_mixin.py:190} INFO - [2025-04-28T09:28:34.083+0000] {dag.py:3239} INFO - Sync 1 DAGs
[2025-04-28T09:28:34.098+0000] {logging_mixin.py:190} INFO - [2025-04-28T09:28:34.098+0000] {dag.py:4180} INFO - Setting next_dagrun for first_with_python_v4 to 2025-02-28 00:00:00+00:00, run_after=2025-03-01 00:00:00+00:00
[2025-04-28T09:28:34.108+0000] {processor.py:208} INFO - Processing /opt/airflow/dags/dag_with_python_operator.py took 0.063 seconds
[2025-04-28T09:29:04.459+0000] {processor.py:186} INFO - Started process (PID=32126) to work on /opt/airflow/dags/dag_with_python_operator.py
[2025-04-28T09:29:04.461+0000] {processor.py:914} INFO - Processing file /opt/airflow/dags/dag_with_python_operator.py for tasks to queue
[2025-04-28T09:29:04.463+0000] {logging_mixin.py:190} INFO - [2025-04-28T09:29:04.463+0000] {dagbag.py:588} INFO - Filling up the DagBag from /opt/airflow/dags/dag_with_python_operator.py
[2025-04-28T09:29:04.475+0000] {processor.py:925} INFO - DAG(s) 'first_with_python_v4' retrieved from /opt/airflow/dags/dag_with_python_operator.py
[2025-04-28T09:29:04.488+0000] {logging_mixin.py:190} INFO - [2025-04-28T09:29:04.488+0000] {dag.py:3239} INFO - Sync 1 DAGs
[2025-04-28T09:29:04.502+0000] {logging_mixin.py:190} INFO - [2025-04-28T09:29:04.502+0000] {dag.py:4180} INFO - Setting next_dagrun for first_with_python_v4 to 2025-02-28 00:00:00+00:00, run_after=2025-03-01 00:00:00+00:00
[2025-04-28T09:29:04.513+0000] {processor.py:208} INFO - Processing /opt/airflow/dags/dag_with_python_operator.py took 0.057 seconds
[2025-04-28T09:29:34.820+0000] {processor.py:186} INFO - Started process (PID=32147) to work on /opt/airflow/dags/dag_with_python_operator.py
[2025-04-28T09:29:34.822+0000] {processor.py:914} INFO - Processing file /opt/airflow/dags/dag_with_python_operator.py for tasks to queue
[2025-04-28T09:29:34.826+0000] {logging_mixin.py:190} INFO - [2025-04-28T09:29:34.825+0000] {dagbag.py:588} INFO - Filling up the DagBag from /opt/airflow/dags/dag_with_python_operator.py
[2025-04-28T09:29:34.860+0000] {processor.py:925} INFO - DAG(s) 'first_with_python_v4' retrieved from /opt/airflow/dags/dag_with_python_operator.py
[2025-04-28T09:29:34.876+0000] {logging_mixin.py:190} INFO - [2025-04-28T09:29:34.876+0000] {dag.py:3239} INFO - Sync 1 DAGs
[2025-04-28T09:29:34.891+0000] {logging_mixin.py:190} INFO - [2025-04-28T09:29:34.891+0000] {dag.py:4180} INFO - Setting next_dagrun for first_with_python_v4 to 2025-02-28 00:00:00+00:00, run_after=2025-03-01 00:00:00+00:00
[2025-04-28T09:29:34.904+0000] {processor.py:208} INFO - Processing /opt/airflow/dags/dag_with_python_operator.py took 0.089 seconds
[2025-04-28T09:30:05.103+0000] {processor.py:186} INFO - Started process (PID=32168) to work on /opt/airflow/dags/dag_with_python_operator.py
[2025-04-28T09:30:05.105+0000] {processor.py:914} INFO - Processing file /opt/airflow/dags/dag_with_python_operator.py for tasks to queue
[2025-04-28T09:30:05.109+0000] {logging_mixin.py:190} INFO - [2025-04-28T09:30:05.109+0000] {dagbag.py:588} INFO - Filling up the DagBag from /opt/airflow/dags/dag_with_python_operator.py
[2025-04-28T09:30:05.141+0000] {processor.py:925} INFO - DAG(s) 'first_with_python_v4' retrieved from /opt/airflow/dags/dag_with_python_operator.py
[2025-04-28T09:30:05.157+0000] {logging_mixin.py:190} INFO - [2025-04-28T09:30:05.157+0000] {dag.py:3239} INFO - Sync 1 DAGs
[2025-04-28T09:30:05.171+0000] {logging_mixin.py:190} INFO - [2025-04-28T09:30:05.171+0000] {dag.py:4180} INFO - Setting next_dagrun for first_with_python_v4 to 2025-02-28 00:00:00+00:00, run_after=2025-03-01 00:00:00+00:00
[2025-04-28T09:30:05.182+0000] {processor.py:208} INFO - Processing /opt/airflow/dags/dag_with_python_operator.py took 0.083 seconds
[2025-04-28T09:30:35.518+0000] {processor.py:186} INFO - Started process (PID=32189) to work on /opt/airflow/dags/dag_with_python_operator.py
[2025-04-28T09:30:35.520+0000] {processor.py:914} INFO - Processing file /opt/airflow/dags/dag_with_python_operator.py for tasks to queue
[2025-04-28T09:30:35.526+0000] {logging_mixin.py:190} INFO - [2025-04-28T09:30:35.525+0000] {dagbag.py:588} INFO - Filling up the DagBag from /opt/airflow/dags/dag_with_python_operator.py
[2025-04-28T09:30:35.569+0000] {processor.py:925} INFO - DAG(s) 'first_with_python_v4' retrieved from /opt/airflow/dags/dag_with_python_operator.py
[2025-04-28T09:30:35.585+0000] {logging_mixin.py:190} INFO - [2025-04-28T09:30:35.584+0000] {dag.py:3239} INFO - Sync 1 DAGs
[2025-04-28T09:30:35.598+0000] {logging_mixin.py:190} INFO - [2025-04-28T09:30:35.598+0000] {dag.py:4180} INFO - Setting next_dagrun for first_with_python_v4 to 2025-02-28 00:00:00+00:00, run_after=2025-03-01 00:00:00+00:00
[2025-04-28T09:30:35.610+0000] {processor.py:208} INFO - Processing /opt/airflow/dags/dag_with_python_operator.py took 0.102 seconds
[2025-04-28T09:31:05.879+0000] {processor.py:186} INFO - Started process (PID=32210) to work on /opt/airflow/dags/dag_with_python_operator.py
[2025-04-28T09:31:05.886+0000] {processor.py:914} INFO - Processing file /opt/airflow/dags/dag_with_python_operator.py for tasks to queue
[2025-04-28T09:31:05.892+0000] {logging_mixin.py:190} INFO - [2025-04-28T09:31:05.892+0000] {dagbag.py:588} INFO - Filling up the DagBag from /opt/airflow/dags/dag_with_python_operator.py
[2025-04-28T09:31:05.926+0000] {processor.py:925} INFO - DAG(s) 'first_with_python_v4' retrieved from /opt/airflow/dags/dag_with_python_operator.py
[2025-04-28T09:31:05.945+0000] {logging_mixin.py:190} INFO - [2025-04-28T09:31:05.945+0000] {dag.py:3239} INFO - Sync 1 DAGs
[2025-04-28T09:31:05.971+0000] {logging_mixin.py:190} INFO - [2025-04-28T09:31:05.971+0000] {dag.py:4180} INFO - Setting next_dagrun for first_with_python_v4 to 2025-02-28 00:00:00+00:00, run_after=2025-03-01 00:00:00+00:00
[2025-04-28T09:31:05.986+0000] {processor.py:208} INFO - Processing /opt/airflow/dags/dag_with_python_operator.py took 0.110 seconds
[2025-04-28T09:31:36.299+0000] {processor.py:186} INFO - Started process (PID=32231) to work on /opt/airflow/dags/dag_with_python_operator.py
[2025-04-28T09:31:36.308+0000] {processor.py:914} INFO - Processing file /opt/airflow/dags/dag_with_python_operator.py for tasks to queue
[2025-04-28T09:31:36.314+0000] {logging_mixin.py:190} INFO - [2025-04-28T09:31:36.313+0000] {dagbag.py:588} INFO - Filling up the DagBag from /opt/airflow/dags/dag_with_python_operator.py
[2025-04-28T09:31:36.342+0000] {processor.py:925} INFO - DAG(s) 'first_with_python_v4' retrieved from /opt/airflow/dags/dag_with_python_operator.py
[2025-04-28T09:31:36.360+0000] {logging_mixin.py:190} INFO - [2025-04-28T09:31:36.360+0000] {dag.py:3239} INFO - Sync 1 DAGs
[2025-04-28T09:31:36.384+0000] {logging_mixin.py:190} INFO - [2025-04-28T09:31:36.384+0000] {dag.py:4180} INFO - Setting next_dagrun for first_with_python_v4 to 2025-02-28 00:00:00+00:00, run_after=2025-03-01 00:00:00+00:00
[2025-04-28T09:31:36.402+0000] {processor.py:208} INFO - Processing /opt/airflow/dags/dag_with_python_operator.py took 0.111 seconds
[2025-04-28T09:32:06.682+0000] {processor.py:186} INFO - Started process (PID=32252) to work on /opt/airflow/dags/dag_with_python_operator.py
[2025-04-28T09:32:06.683+0000] {processor.py:914} INFO - Processing file /opt/airflow/dags/dag_with_python_operator.py for tasks to queue
[2025-04-28T09:32:06.686+0000] {logging_mixin.py:190} INFO - [2025-04-28T09:32:06.686+0000] {dagbag.py:588} INFO - Filling up the DagBag from /opt/airflow/dags/dag_with_python_operator.py
[2025-04-28T09:32:06.718+0000] {processor.py:925} INFO - DAG(s) 'first_with_python_v4' retrieved from /opt/airflow/dags/dag_with_python_operator.py
[2025-04-28T09:32:06.734+0000] {logging_mixin.py:190} INFO - [2025-04-28T09:32:06.734+0000] {dag.py:3239} INFO - Sync 1 DAGs
[2025-04-28T09:32:06.749+0000] {logging_mixin.py:190} INFO - [2025-04-28T09:32:06.749+0000] {dag.py:4180} INFO - Setting next_dagrun for first_with_python_v4 to 2025-02-28 00:00:00+00:00, run_after=2025-03-01 00:00:00+00:00
[2025-04-28T09:32:06.760+0000] {processor.py:208} INFO - Processing /opt/airflow/dags/dag_with_python_operator.py took 0.086 seconds
[2025-04-28T09:32:37.087+0000] {processor.py:186} INFO - Started process (PID=32273) to work on /opt/airflow/dags/dag_with_python_operator.py
[2025-04-28T09:32:37.089+0000] {processor.py:914} INFO - Processing file /opt/airflow/dags/dag_with_python_operator.py for tasks to queue
[2025-04-28T09:32:37.093+0000] {logging_mixin.py:190} INFO - [2025-04-28T09:32:37.093+0000] {dagbag.py:588} INFO - Filling up the DagBag from /opt/airflow/dags/dag_with_python_operator.py
[2025-04-28T09:32:37.125+0000] {processor.py:925} INFO - DAG(s) 'first_with_python_v4' retrieved from /opt/airflow/dags/dag_with_python_operator.py
[2025-04-28T09:32:37.138+0000] {logging_mixin.py:190} INFO - [2025-04-28T09:32:37.138+0000] {dag.py:3239} INFO - Sync 1 DAGs
[2025-04-28T09:32:37.152+0000] {logging_mixin.py:190} INFO - [2025-04-28T09:32:37.152+0000] {dag.py:4180} INFO - Setting next_dagrun for first_with_python_v4 to 2025-02-28 00:00:00+00:00, run_after=2025-03-01 00:00:00+00:00
[2025-04-28T09:32:37.164+0000] {processor.py:208} INFO - Processing /opt/airflow/dags/dag_with_python_operator.py took 0.090 seconds
[2025-04-28T09:33:07.282+0000] {processor.py:186} INFO - Started process (PID=32294) to work on /opt/airflow/dags/dag_with_python_operator.py
[2025-04-28T09:33:07.284+0000] {processor.py:914} INFO - Processing file /opt/airflow/dags/dag_with_python_operator.py for tasks to queue
[2025-04-28T09:33:07.287+0000] {logging_mixin.py:190} INFO - [2025-04-28T09:33:07.287+0000] {dagbag.py:588} INFO - Filling up the DagBag from /opt/airflow/dags/dag_with_python_operator.py
[2025-04-28T09:33:07.311+0000] {processor.py:925} INFO - DAG(s) 'first_with_python_v4' retrieved from /opt/airflow/dags/dag_with_python_operator.py
[2025-04-28T09:33:07.329+0000] {logging_mixin.py:190} INFO - [2025-04-28T09:33:07.329+0000] {dag.py:3239} INFO - Sync 1 DAGs
[2025-04-28T09:33:07.343+0000] {logging_mixin.py:190} INFO - [2025-04-28T09:33:07.343+0000] {dag.py:4180} INFO - Setting next_dagrun for first_with_python_v4 to 2025-02-28 00:00:00+00:00, run_after=2025-03-01 00:00:00+00:00
[2025-04-28T09:33:07.355+0000] {processor.py:208} INFO - Processing /opt/airflow/dags/dag_with_python_operator.py took 0.076 seconds
[2025-04-28T09:33:37.589+0000] {processor.py:186} INFO - Started process (PID=32315) to work on /opt/airflow/dags/dag_with_python_operator.py
[2025-04-28T09:33:37.590+0000] {processor.py:914} INFO - Processing file /opt/airflow/dags/dag_with_python_operator.py for tasks to queue
[2025-04-28T09:33:37.592+0000] {logging_mixin.py:190} INFO - [2025-04-28T09:33:37.592+0000] {dagbag.py:588} INFO - Filling up the DagBag from /opt/airflow/dags/dag_with_python_operator.py
[2025-04-28T09:33:37.608+0000] {processor.py:925} INFO - DAG(s) 'first_with_python_v4' retrieved from /opt/airflow/dags/dag_with_python_operator.py
[2025-04-28T09:33:37.623+0000] {logging_mixin.py:190} INFO - [2025-04-28T09:33:37.623+0000] {dag.py:3239} INFO - Sync 1 DAGs
[2025-04-28T09:33:37.638+0000] {logging_mixin.py:190} INFO - [2025-04-28T09:33:37.638+0000] {dag.py:4180} INFO - Setting next_dagrun for first_with_python_v4 to 2025-02-28 00:00:00+00:00, run_after=2025-03-01 00:00:00+00:00
[2025-04-28T09:33:37.649+0000] {processor.py:208} INFO - Processing /opt/airflow/dags/dag_with_python_operator.py took 0.067 seconds
[2025-04-28T09:34:07.976+0000] {processor.py:186} INFO - Started process (PID=32336) to work on /opt/airflow/dags/dag_with_python_operator.py
[2025-04-28T09:34:07.977+0000] {processor.py:914} INFO - Processing file /opt/airflow/dags/dag_with_python_operator.py for tasks to queue
[2025-04-28T09:34:07.979+0000] {logging_mixin.py:190} INFO - [2025-04-28T09:34:07.979+0000] {dagbag.py:588} INFO - Filling up the DagBag from /opt/airflow/dags/dag_with_python_operator.py
[2025-04-28T09:34:07.994+0000] {processor.py:925} INFO - DAG(s) 'first_with_python_v4' retrieved from /opt/airflow/dags/dag_with_python_operator.py
[2025-04-28T09:34:08.007+0000] {logging_mixin.py:190} INFO - [2025-04-28T09:34:08.007+0000] {dag.py:3239} INFO - Sync 1 DAGs
[2025-04-28T09:34:08.022+0000] {logging_mixin.py:190} INFO - [2025-04-28T09:34:08.022+0000] {dag.py:4180} INFO - Setting next_dagrun for first_with_python_v4 to 2025-02-28 00:00:00+00:00, run_after=2025-03-01 00:00:00+00:00
[2025-04-28T09:34:08.033+0000] {processor.py:208} INFO - Processing /opt/airflow/dags/dag_with_python_operator.py took 0.060 seconds
[2025-04-28T09:34:38.291+0000] {processor.py:186} INFO - Started process (PID=32357) to work on /opt/airflow/dags/dag_with_python_operator.py
[2025-04-28T09:34:38.294+0000] {processor.py:914} INFO - Processing file /opt/airflow/dags/dag_with_python_operator.py for tasks to queue
[2025-04-28T09:34:38.297+0000] {logging_mixin.py:190} INFO - [2025-04-28T09:34:38.297+0000] {dagbag.py:588} INFO - Filling up the DagBag from /opt/airflow/dags/dag_with_python_operator.py
[2025-04-28T09:34:38.323+0000] {processor.py:925} INFO - DAG(s) 'first_with_python_v4' retrieved from /opt/airflow/dags/dag_with_python_operator.py
[2025-04-28T09:34:38.338+0000] {logging_mixin.py:190} INFO - [2025-04-28T09:34:38.338+0000] {dag.py:3239} INFO - Sync 1 DAGs
[2025-04-28T09:34:38.353+0000] {logging_mixin.py:190} INFO - [2025-04-28T09:34:38.353+0000] {dag.py:4180} INFO - Setting next_dagrun for first_with_python_v4 to 2025-02-28 00:00:00+00:00, run_after=2025-03-01 00:00:00+00:00
[2025-04-28T09:34:38.365+0000] {processor.py:208} INFO - Processing /opt/airflow/dags/dag_with_python_operator.py took 0.078 seconds
[2025-04-28T09:35:08.687+0000] {processor.py:186} INFO - Started process (PID=32378) to work on /opt/airflow/dags/dag_with_python_operator.py
[2025-04-28T09:35:08.688+0000] {processor.py:914} INFO - Processing file /opt/airflow/dags/dag_with_python_operator.py for tasks to queue
[2025-04-28T09:35:08.690+0000] {logging_mixin.py:190} INFO - [2025-04-28T09:35:08.690+0000] {dagbag.py:588} INFO - Filling up the DagBag from /opt/airflow/dags/dag_with_python_operator.py
[2025-04-28T09:35:08.702+0000] {processor.py:925} INFO - DAG(s) 'first_with_python_v4' retrieved from /opt/airflow/dags/dag_with_python_operator.py
[2025-04-28T09:35:08.714+0000] {logging_mixin.py:190} INFO - [2025-04-28T09:35:08.714+0000] {dag.py:3239} INFO - Sync 1 DAGs
[2025-04-28T09:35:08.728+0000] {logging_mixin.py:190} INFO - [2025-04-28T09:35:08.728+0000] {dag.py:4180} INFO - Setting next_dagrun for first_with_python_v4 to 2025-02-28 00:00:00+00:00, run_after=2025-03-01 00:00:00+00:00
[2025-04-28T09:35:08.739+0000] {processor.py:208} INFO - Processing /opt/airflow/dags/dag_with_python_operator.py took 0.055 seconds
[2025-04-28T09:35:38.942+0000] {processor.py:186} INFO - Started process (PID=32399) to work on /opt/airflow/dags/dag_with_python_operator.py
[2025-04-28T09:35:38.943+0000] {processor.py:914} INFO - Processing file /opt/airflow/dags/dag_with_python_operator.py for tasks to queue
[2025-04-28T09:35:38.946+0000] {logging_mixin.py:190} INFO - [2025-04-28T09:35:38.945+0000] {dagbag.py:588} INFO - Filling up the DagBag from /opt/airflow/dags/dag_with_python_operator.py
[2025-04-28T09:35:38.959+0000] {processor.py:925} INFO - DAG(s) 'first_with_python_v4' retrieved from /opt/airflow/dags/dag_with_python_operator.py
[2025-04-28T09:35:38.973+0000] {logging_mixin.py:190} INFO - [2025-04-28T09:35:38.973+0000] {dag.py:3239} INFO - Sync 1 DAGs
[2025-04-28T09:35:38.986+0000] {logging_mixin.py:190} INFO - [2025-04-28T09:35:38.986+0000] {dag.py:4180} INFO - Setting next_dagrun for first_with_python_v4 to 2025-02-28 00:00:00+00:00, run_after=2025-03-01 00:00:00+00:00
[2025-04-28T09:35:38.998+0000] {processor.py:208} INFO - Processing /opt/airflow/dags/dag_with_python_operator.py took 0.061 seconds
[2025-04-28T09:36:09.335+0000] {processor.py:186} INFO - Started process (PID=32420) to work on /opt/airflow/dags/dag_with_python_operator.py
[2025-04-28T09:36:09.337+0000] {processor.py:914} INFO - Processing file /opt/airflow/dags/dag_with_python_operator.py for tasks to queue
[2025-04-28T09:36:09.340+0000] {logging_mixin.py:190} INFO - [2025-04-28T09:36:09.340+0000] {dagbag.py:588} INFO - Filling up the DagBag from /opt/airflow/dags/dag_with_python_operator.py
[2025-04-28T09:36:09.363+0000] {processor.py:925} INFO - DAG(s) 'first_with_python_v4' retrieved from /opt/airflow/dags/dag_with_python_operator.py
[2025-04-28T09:36:09.379+0000] {logging_mixin.py:190} INFO - [2025-04-28T09:36:09.379+0000] {dag.py:3239} INFO - Sync 1 DAGs
[2025-04-28T09:36:09.396+0000] {logging_mixin.py:190} INFO - [2025-04-28T09:36:09.396+0000] {dag.py:4180} INFO - Setting next_dagrun for first_with_python_v4 to 2025-02-28 00:00:00+00:00, run_after=2025-03-01 00:00:00+00:00
[2025-04-28T09:36:09.407+0000] {processor.py:208} INFO - Processing /opt/airflow/dags/dag_with_python_operator.py took 0.076 seconds
[2025-04-28T09:36:39.789+0000] {processor.py:186} INFO - Started process (PID=32441) to work on /opt/airflow/dags/dag_with_python_operator.py
[2025-04-28T09:36:39.790+0000] {processor.py:914} INFO - Processing file /opt/airflow/dags/dag_with_python_operator.py for tasks to queue
[2025-04-28T09:36:39.793+0000] {logging_mixin.py:190} INFO - [2025-04-28T09:36:39.793+0000] {dagbag.py:588} INFO - Filling up the DagBag from /opt/airflow/dags/dag_with_python_operator.py
[2025-04-28T09:36:39.810+0000] {processor.py:925} INFO - DAG(s) 'first_with_python_v4' retrieved from /opt/airflow/dags/dag_with_python_operator.py
[2025-04-28T09:36:39.824+0000] {logging_mixin.py:190} INFO - [2025-04-28T09:36:39.824+0000] {dag.py:3239} INFO - Sync 1 DAGs
[2025-04-28T09:36:39.839+0000] {logging_mixin.py:190} INFO - [2025-04-28T09:36:39.839+0000] {dag.py:4180} INFO - Setting next_dagrun for first_with_python_v4 to 2025-02-28 00:00:00+00:00, run_after=2025-03-01 00:00:00+00:00
[2025-04-28T09:36:39.854+0000] {processor.py:208} INFO - Processing /opt/airflow/dags/dag_with_python_operator.py took 0.069 seconds
[2025-04-28T09:37:10.075+0000] {processor.py:186} INFO - Started process (PID=32467) to work on /opt/airflow/dags/dag_with_python_operator.py
[2025-04-28T09:37:10.077+0000] {processor.py:914} INFO - Processing file /opt/airflow/dags/dag_with_python_operator.py for tasks to queue
[2025-04-28T09:37:10.079+0000] {logging_mixin.py:190} INFO - [2025-04-28T09:37:10.079+0000] {dagbag.py:588} INFO - Filling up the DagBag from /opt/airflow/dags/dag_with_python_operator.py
[2025-04-28T09:37:10.105+0000] {processor.py:925} INFO - DAG(s) 'first_with_python_v4' retrieved from /opt/airflow/dags/dag_with_python_operator.py
[2025-04-28T09:37:10.118+0000] {logging_mixin.py:190} INFO - [2025-04-28T09:37:10.118+0000] {dag.py:3239} INFO - Sync 1 DAGs
[2025-04-28T09:37:10.133+0000] {logging_mixin.py:190} INFO - [2025-04-28T09:37:10.133+0000] {dag.py:4180} INFO - Setting next_dagrun for first_with_python_v4 to 2025-02-28 00:00:00+00:00, run_after=2025-03-01 00:00:00+00:00
[2025-04-28T09:37:10.143+0000] {processor.py:208} INFO - Processing /opt/airflow/dags/dag_with_python_operator.py took 0.074 seconds
[2025-04-28T09:37:40.425+0000] {processor.py:186} INFO - Started process (PID=32488) to work on /opt/airflow/dags/dag_with_python_operator.py
[2025-04-28T09:37:40.427+0000] {processor.py:914} INFO - Processing file /opt/airflow/dags/dag_with_python_operator.py for tasks to queue
[2025-04-28T09:37:40.429+0000] {logging_mixin.py:190} INFO - [2025-04-28T09:37:40.429+0000] {dagbag.py:588} INFO - Filling up the DagBag from /opt/airflow/dags/dag_with_python_operator.py
[2025-04-28T09:37:40.452+0000] {processor.py:925} INFO - DAG(s) 'first_with_python_v4' retrieved from /opt/airflow/dags/dag_with_python_operator.py
[2025-04-28T09:37:40.465+0000] {logging_mixin.py:190} INFO - [2025-04-28T09:37:40.465+0000] {dag.py:3239} INFO - Sync 1 DAGs
[2025-04-28T09:37:40.479+0000] {logging_mixin.py:190} INFO - [2025-04-28T09:37:40.479+0000] {dag.py:4180} INFO - Setting next_dagrun for first_with_python_v4 to 2025-02-28 00:00:00+00:00, run_after=2025-03-01 00:00:00+00:00
[2025-04-28T09:37:40.491+0000] {processor.py:208} INFO - Processing /opt/airflow/dags/dag_with_python_operator.py took 0.069 seconds
[2025-04-28T09:38:10.716+0000] {processor.py:186} INFO - Started process (PID=32509) to work on /opt/airflow/dags/dag_with_python_operator.py
[2025-04-28T09:38:10.719+0000] {processor.py:914} INFO - Processing file /opt/airflow/dags/dag_with_python_operator.py for tasks to queue
[2025-04-28T09:38:10.724+0000] {logging_mixin.py:190} INFO - [2025-04-28T09:38:10.724+0000] {dagbag.py:588} INFO - Filling up the DagBag from /opt/airflow/dags/dag_with_python_operator.py
[2025-04-28T09:38:10.752+0000] {processor.py:925} INFO - DAG(s) 'first_with_python_v4' retrieved from /opt/airflow/dags/dag_with_python_operator.py
[2025-04-28T09:38:10.765+0000] {logging_mixin.py:190} INFO - [2025-04-28T09:38:10.765+0000] {dag.py:3239} INFO - Sync 1 DAGs
[2025-04-28T09:38:10.781+0000] {logging_mixin.py:190} INFO - [2025-04-28T09:38:10.780+0000] {dag.py:4180} INFO - Setting next_dagrun for first_with_python_v4 to 2025-02-28 00:00:00+00:00, run_after=2025-03-01 00:00:00+00:00
[2025-04-28T09:38:10.793+0000] {processor.py:208} INFO - Processing /opt/airflow/dags/dag_with_python_operator.py took 0.084 seconds
[2025-04-28T09:38:41.133+0000] {processor.py:186} INFO - Started process (PID=32530) to work on /opt/airflow/dags/dag_with_python_operator.py
[2025-04-28T09:38:41.137+0000] {processor.py:914} INFO - Processing file /opt/airflow/dags/dag_with_python_operator.py for tasks to queue
[2025-04-28T09:38:41.146+0000] {logging_mixin.py:190} INFO - [2025-04-28T09:38:41.146+0000] {dagbag.py:588} INFO - Filling up the DagBag from /opt/airflow/dags/dag_with_python_operator.py
[2025-04-28T09:38:41.181+0000] {processor.py:925} INFO - DAG(s) 'first_with_python_v4' retrieved from /opt/airflow/dags/dag_with_python_operator.py
[2025-04-28T09:38:41.204+0000] {logging_mixin.py:190} INFO - [2025-04-28T09:38:41.204+0000] {dag.py:3239} INFO - Sync 1 DAGs
[2025-04-28T09:38:41.220+0000] {logging_mixin.py:190} INFO - [2025-04-28T09:38:41.220+0000] {dag.py:4180} INFO - Setting next_dagrun for first_with_python_v4 to 2025-02-28 00:00:00+00:00, run_after=2025-03-01 00:00:00+00:00
[2025-04-28T09:38:41.233+0000] {processor.py:208} INFO - Processing /opt/airflow/dags/dag_with_python_operator.py took 0.108 seconds
[2025-04-28T09:39:11.404+0000] {processor.py:186} INFO - Started process (PID=32551) to work on /opt/airflow/dags/dag_with_python_operator.py
[2025-04-28T09:39:11.406+0000] {processor.py:914} INFO - Processing file /opt/airflow/dags/dag_with_python_operator.py for tasks to queue
[2025-04-28T09:39:11.409+0000] {logging_mixin.py:190} INFO - [2025-04-28T09:39:11.409+0000] {dagbag.py:588} INFO - Filling up the DagBag from /opt/airflow/dags/dag_with_python_operator.py
[2025-04-28T09:39:11.422+0000] {processor.py:925} INFO - DAG(s) 'first_with_python_v4' retrieved from /opt/airflow/dags/dag_with_python_operator.py
[2025-04-28T09:39:11.435+0000] {logging_mixin.py:190} INFO - [2025-04-28T09:39:11.435+0000] {dag.py:3239} INFO - Sync 1 DAGs
[2025-04-28T09:39:11.450+0000] {logging_mixin.py:190} INFO - [2025-04-28T09:39:11.450+0000] {dag.py:4180} INFO - Setting next_dagrun for first_with_python_v4 to 2025-02-28 00:00:00+00:00, run_after=2025-03-01 00:00:00+00:00
[2025-04-28T09:39:11.461+0000] {processor.py:208} INFO - Processing /opt/airflow/dags/dag_with_python_operator.py took 0.063 seconds
[2025-04-28T09:39:41.863+0000] {processor.py:186} INFO - Started process (PID=32572) to work on /opt/airflow/dags/dag_with_python_operator.py
[2025-04-28T09:39:41.865+0000] {processor.py:914} INFO - Processing file /opt/airflow/dags/dag_with_python_operator.py for tasks to queue
[2025-04-28T09:39:41.869+0000] {logging_mixin.py:190} INFO - [2025-04-28T09:39:41.868+0000] {dagbag.py:588} INFO - Filling up the DagBag from /opt/airflow/dags/dag_with_python_operator.py
[2025-04-28T09:39:41.889+0000] {processor.py:925} INFO - DAG(s) 'first_with_python_v4' retrieved from /opt/airflow/dags/dag_with_python_operator.py
[2025-04-28T09:39:41.902+0000] {logging_mixin.py:190} INFO - [2025-04-28T09:39:41.902+0000] {dag.py:3239} INFO - Sync 1 DAGs
[2025-04-28T09:39:41.915+0000] {logging_mixin.py:190} INFO - [2025-04-28T09:39:41.915+0000] {dag.py:4180} INFO - Setting next_dagrun for first_with_python_v4 to 2025-02-28 00:00:00+00:00, run_after=2025-03-01 00:00:00+00:00
[2025-04-28T09:39:41.926+0000] {processor.py:208} INFO - Processing /opt/airflow/dags/dag_with_python_operator.py took 0.068 seconds
[2025-04-28T09:40:12.190+0000] {processor.py:186} INFO - Started process (PID=32593) to work on /opt/airflow/dags/dag_with_python_operator.py
[2025-04-28T09:40:12.192+0000] {processor.py:914} INFO - Processing file /opt/airflow/dags/dag_with_python_operator.py for tasks to queue
[2025-04-28T09:40:12.196+0000] {logging_mixin.py:190} INFO - [2025-04-28T09:40:12.195+0000] {dagbag.py:588} INFO - Filling up the DagBag from /opt/airflow/dags/dag_with_python_operator.py
[2025-04-28T09:40:12.228+0000] {processor.py:925} INFO - DAG(s) 'first_with_python_v4' retrieved from /opt/airflow/dags/dag_with_python_operator.py
[2025-04-28T09:40:12.251+0000] {logging_mixin.py:190} INFO - [2025-04-28T09:40:12.251+0000] {dag.py:3239} INFO - Sync 1 DAGs
[2025-04-28T09:40:12.266+0000] {logging_mixin.py:190} INFO - [2025-04-28T09:40:12.266+0000] {dag.py:4180} INFO - Setting next_dagrun for first_with_python_v4 to 2025-02-28 00:00:00+00:00, run_after=2025-03-01 00:00:00+00:00
[2025-04-28T09:40:12.278+0000] {processor.py:208} INFO - Processing /opt/airflow/dags/dag_with_python_operator.py took 0.097 seconds
[2025-04-28T09:40:42.533+0000] {processor.py:186} INFO - Started process (PID=32614) to work on /opt/airflow/dags/dag_with_python_operator.py
[2025-04-28T09:40:42.535+0000] {processor.py:914} INFO - Processing file /opt/airflow/dags/dag_with_python_operator.py for tasks to queue
[2025-04-28T09:40:42.538+0000] {logging_mixin.py:190} INFO - [2025-04-28T09:40:42.538+0000] {dagbag.py:588} INFO - Filling up the DagBag from /opt/airflow/dags/dag_with_python_operator.py
[2025-04-28T09:40:42.561+0000] {processor.py:925} INFO - DAG(s) 'first_with_python_v4' retrieved from /opt/airflow/dags/dag_with_python_operator.py
[2025-04-28T09:40:42.577+0000] {logging_mixin.py:190} INFO - [2025-04-28T09:40:42.577+0000] {dag.py:3239} INFO - Sync 1 DAGs
[2025-04-28T09:40:42.592+0000] {logging_mixin.py:190} INFO - [2025-04-28T09:40:42.591+0000] {dag.py:4180} INFO - Setting next_dagrun for first_with_python_v4 to 2025-02-28 00:00:00+00:00, run_after=2025-03-01 00:00:00+00:00
[2025-04-28T09:40:42.602+0000] {processor.py:208} INFO - Processing /opt/airflow/dags/dag_with_python_operator.py took 0.075 seconds
[2025-04-28T09:41:12.840+0000] {processor.py:186} INFO - Started process (PID=32635) to work on /opt/airflow/dags/dag_with_python_operator.py
[2025-04-28T09:41:12.842+0000] {processor.py:914} INFO - Processing file /opt/airflow/dags/dag_with_python_operator.py for tasks to queue
[2025-04-28T09:41:12.845+0000] {logging_mixin.py:190} INFO - [2025-04-28T09:41:12.845+0000] {dagbag.py:588} INFO - Filling up the DagBag from /opt/airflow/dags/dag_with_python_operator.py
[2025-04-28T09:41:12.867+0000] {processor.py:925} INFO - DAG(s) 'first_with_python_v4' retrieved from /opt/airflow/dags/dag_with_python_operator.py
[2025-04-28T09:41:12.881+0000] {logging_mixin.py:190} INFO - [2025-04-28T09:41:12.880+0000] {dag.py:3239} INFO - Sync 1 DAGs
[2025-04-28T09:41:12.893+0000] {logging_mixin.py:190} INFO - [2025-04-28T09:41:12.893+0000] {dag.py:4180} INFO - Setting next_dagrun for first_with_python_v4 to 2025-02-28 00:00:00+00:00, run_after=2025-03-01 00:00:00+00:00
[2025-04-28T09:41:12.904+0000] {processor.py:208} INFO - Processing /opt/airflow/dags/dag_with_python_operator.py took 0.068 seconds
[2025-04-28T09:41:43.094+0000] {processor.py:186} INFO - Started process (PID=32656) to work on /opt/airflow/dags/dag_with_python_operator.py
[2025-04-28T09:41:43.095+0000] {processor.py:914} INFO - Processing file /opt/airflow/dags/dag_with_python_operator.py for tasks to queue
[2025-04-28T09:41:43.097+0000] {logging_mixin.py:190} INFO - [2025-04-28T09:41:43.097+0000] {dagbag.py:588} INFO - Filling up the DagBag from /opt/airflow/dags/dag_with_python_operator.py
[2025-04-28T09:41:43.109+0000] {processor.py:925} INFO - DAG(s) 'first_with_python_v4' retrieved from /opt/airflow/dags/dag_with_python_operator.py
[2025-04-28T09:41:43.124+0000] {logging_mixin.py:190} INFO - [2025-04-28T09:41:43.124+0000] {dag.py:3239} INFO - Sync 1 DAGs
[2025-04-28T09:41:43.139+0000] {logging_mixin.py:190} INFO - [2025-04-28T09:41:43.139+0000] {dag.py:4180} INFO - Setting next_dagrun for first_with_python_v4 to 2025-02-28 00:00:00+00:00, run_after=2025-03-01 00:00:00+00:00
[2025-04-28T09:41:43.151+0000] {processor.py:208} INFO - Processing /opt/airflow/dags/dag_with_python_operator.py took 0.060 seconds
[2025-04-28T09:42:13.338+0000] {processor.py:186} INFO - Started process (PID=32677) to work on /opt/airflow/dags/dag_with_python_operator.py
[2025-04-28T09:42:13.339+0000] {processor.py:914} INFO - Processing file /opt/airflow/dags/dag_with_python_operator.py for tasks to queue
[2025-04-28T09:42:13.340+0000] {logging_mixin.py:190} INFO - [2025-04-28T09:42:13.340+0000] {dagbag.py:588} INFO - Filling up the DagBag from /opt/airflow/dags/dag_with_python_operator.py
[2025-04-28T09:42:13.349+0000] {processor.py:925} INFO - DAG(s) 'first_with_python_v4' retrieved from /opt/airflow/dags/dag_with_python_operator.py
[2025-04-28T09:42:13.368+0000] {logging_mixin.py:190} INFO - [2025-04-28T09:42:13.368+0000] {dag.py:3239} INFO - Sync 1 DAGs
[2025-04-28T09:42:13.387+0000] {logging_mixin.py:190} INFO - [2025-04-28T09:42:13.386+0000] {dag.py:4180} INFO - Setting next_dagrun for first_with_python_v4 to 2025-02-28 00:00:00+00:00, run_after=2025-03-01 00:00:00+00:00
[2025-04-28T09:42:13.401+0000] {processor.py:208} INFO - Processing /opt/airflow/dags/dag_with_python_operator.py took 0.066 seconds
[2025-04-28T09:42:43.689+0000] {processor.py:186} INFO - Started process (PID=32698) to work on /opt/airflow/dags/dag_with_python_operator.py
[2025-04-28T09:42:43.690+0000] {processor.py:914} INFO - Processing file /opt/airflow/dags/dag_with_python_operator.py for tasks to queue
[2025-04-28T09:42:43.693+0000] {logging_mixin.py:190} INFO - [2025-04-28T09:42:43.693+0000] {dagbag.py:588} INFO - Filling up the DagBag from /opt/airflow/dags/dag_with_python_operator.py
[2025-04-28T09:42:43.713+0000] {processor.py:925} INFO - DAG(s) 'first_with_python_v4' retrieved from /opt/airflow/dags/dag_with_python_operator.py
[2025-04-28T09:42:43.727+0000] {logging_mixin.py:190} INFO - [2025-04-28T09:42:43.727+0000] {dag.py:3239} INFO - Sync 1 DAGs
[2025-04-28T09:42:43.741+0000] {logging_mixin.py:190} INFO - [2025-04-28T09:42:43.741+0000] {dag.py:4180} INFO - Setting next_dagrun for first_with_python_v4 to 2025-02-28 00:00:00+00:00, run_after=2025-03-01 00:00:00+00:00
[2025-04-28T09:42:43.753+0000] {processor.py:208} INFO - Processing /opt/airflow/dags/dag_with_python_operator.py took 0.069 seconds
[2025-04-28T09:43:13.995+0000] {processor.py:186} INFO - Started process (PID=32719) to work on /opt/airflow/dags/dag_with_python_operator.py
[2025-04-28T09:43:13.996+0000] {processor.py:914} INFO - Processing file /opt/airflow/dags/dag_with_python_operator.py for tasks to queue
[2025-04-28T09:43:13.998+0000] {logging_mixin.py:190} INFO - [2025-04-28T09:43:13.997+0000] {dagbag.py:588} INFO - Filling up the DagBag from /opt/airflow/dags/dag_with_python_operator.py
[2025-04-28T09:43:14.010+0000] {processor.py:925} INFO - DAG(s) 'first_with_python_v4' retrieved from /opt/airflow/dags/dag_with_python_operator.py
[2025-04-28T09:43:14.025+0000] {logging_mixin.py:190} INFO - [2025-04-28T09:43:14.025+0000] {dag.py:3239} INFO - Sync 1 DAGs
[2025-04-28T09:43:14.039+0000] {logging_mixin.py:190} INFO - [2025-04-28T09:43:14.039+0000] {dag.py:4180} INFO - Setting next_dagrun for first_with_python_v4 to 2025-02-28 00:00:00+00:00, run_after=2025-03-01 00:00:00+00:00
[2025-04-28T09:43:14.050+0000] {processor.py:208} INFO - Processing /opt/airflow/dags/dag_with_python_operator.py took 0.060 seconds
[2025-04-28T09:43:44.297+0000] {processor.py:186} INFO - Started process (PID=32740) to work on /opt/airflow/dags/dag_with_python_operator.py
[2025-04-28T09:43:44.298+0000] {processor.py:914} INFO - Processing file /opt/airflow/dags/dag_with_python_operator.py for tasks to queue
[2025-04-28T09:43:44.300+0000] {logging_mixin.py:190} INFO - [2025-04-28T09:43:44.300+0000] {dagbag.py:588} INFO - Filling up the DagBag from /opt/airflow/dags/dag_with_python_operator.py
[2025-04-28T09:43:44.312+0000] {processor.py:925} INFO - DAG(s) 'first_with_python_v4' retrieved from /opt/airflow/dags/dag_with_python_operator.py
[2025-04-28T09:43:44.326+0000] {logging_mixin.py:190} INFO - [2025-04-28T09:43:44.326+0000] {dag.py:3239} INFO - Sync 1 DAGs
[2025-04-28T09:43:44.340+0000] {logging_mixin.py:190} INFO - [2025-04-28T09:43:44.340+0000] {dag.py:4180} INFO - Setting next_dagrun for first_with_python_v4 to 2025-02-28 00:00:00+00:00, run_after=2025-03-01 00:00:00+00:00
[2025-04-28T09:43:44.351+0000] {processor.py:208} INFO - Processing /opt/airflow/dags/dag_with_python_operator.py took 0.058 seconds
[2025-04-28T09:44:14.539+0000] {processor.py:186} INFO - Started process (PID=32761) to work on /opt/airflow/dags/dag_with_python_operator.py
[2025-04-28T09:44:14.540+0000] {processor.py:914} INFO - Processing file /opt/airflow/dags/dag_with_python_operator.py for tasks to queue
[2025-04-28T09:44:14.542+0000] {logging_mixin.py:190} INFO - [2025-04-28T09:44:14.542+0000] {dagbag.py:588} INFO - Filling up the DagBag from /opt/airflow/dags/dag_with_python_operator.py
[2025-04-28T09:44:14.557+0000] {processor.py:925} INFO - DAG(s) 'first_with_python_v4' retrieved from /opt/airflow/dags/dag_with_python_operator.py
[2025-04-28T09:44:14.575+0000] {logging_mixin.py:190} INFO - [2025-04-28T09:44:14.575+0000] {dag.py:3239} INFO - Sync 1 DAGs
[2025-04-28T09:44:14.592+0000] {logging_mixin.py:190} INFO - [2025-04-28T09:44:14.592+0000] {dag.py:4180} INFO - Setting next_dagrun for first_with_python_v4 to 2025-02-28 00:00:00+00:00, run_after=2025-03-01 00:00:00+00:00
[2025-04-28T09:44:14.606+0000] {processor.py:208} INFO - Processing /opt/airflow/dags/dag_with_python_operator.py took 0.070 seconds
[2025-04-28T09:44:44.926+0000] {processor.py:186} INFO - Started process (PID=32782) to work on /opt/airflow/dags/dag_with_python_operator.py
[2025-04-28T09:44:44.927+0000] {processor.py:914} INFO - Processing file /opt/airflow/dags/dag_with_python_operator.py for tasks to queue
[2025-04-28T09:44:44.929+0000] {logging_mixin.py:190} INFO - [2025-04-28T09:44:44.929+0000] {dagbag.py:588} INFO - Filling up the DagBag from /opt/airflow/dags/dag_with_python_operator.py
[2025-04-28T09:44:44.953+0000] {processor.py:925} INFO - DAG(s) 'first_with_python_v4' retrieved from /opt/airflow/dags/dag_with_python_operator.py
[2025-04-28T09:44:44.969+0000] {logging_mixin.py:190} INFO - [2025-04-28T09:44:44.969+0000] {dag.py:3239} INFO - Sync 1 DAGs
[2025-04-28T09:44:44.983+0000] {logging_mixin.py:190} INFO - [2025-04-28T09:44:44.983+0000] {dag.py:4180} INFO - Setting next_dagrun for first_with_python_v4 to 2025-02-28 00:00:00+00:00, run_after=2025-03-01 00:00:00+00:00
[2025-04-28T09:44:44.997+0000] {processor.py:208} INFO - Processing /opt/airflow/dags/dag_with_python_operator.py took 0.076 seconds
[2025-04-28T09:45:15.245+0000] {processor.py:186} INFO - Started process (PID=32803) to work on /opt/airflow/dags/dag_with_python_operator.py
[2025-04-28T09:45:15.246+0000] {processor.py:914} INFO - Processing file /opt/airflow/dags/dag_with_python_operator.py for tasks to queue
[2025-04-28T09:45:15.248+0000] {logging_mixin.py:190} INFO - [2025-04-28T09:45:15.248+0000] {dagbag.py:588} INFO - Filling up the DagBag from /opt/airflow/dags/dag_with_python_operator.py
[2025-04-28T09:45:15.259+0000] {processor.py:925} INFO - DAG(s) 'first_with_python_v4' retrieved from /opt/airflow/dags/dag_with_python_operator.py
[2025-04-28T09:45:15.272+0000] {logging_mixin.py:190} INFO - [2025-04-28T09:45:15.272+0000] {dag.py:3239} INFO - Sync 1 DAGs
[2025-04-28T09:45:15.287+0000] {logging_mixin.py:190} INFO - [2025-04-28T09:45:15.287+0000] {dag.py:4180} INFO - Setting next_dagrun for first_with_python_v4 to 2025-02-28 00:00:00+00:00, run_after=2025-03-01 00:00:00+00:00
[2025-04-28T09:45:15.298+0000] {processor.py:208} INFO - Processing /opt/airflow/dags/dag_with_python_operator.py took 0.058 seconds
[2025-04-28T09:45:45.592+0000] {processor.py:186} INFO - Started process (PID=32824) to work on /opt/airflow/dags/dag_with_python_operator.py
[2025-04-28T09:45:45.593+0000] {processor.py:914} INFO - Processing file /opt/airflow/dags/dag_with_python_operator.py for tasks to queue
[2025-04-28T09:45:45.595+0000] {logging_mixin.py:190} INFO - [2025-04-28T09:45:45.595+0000] {dagbag.py:588} INFO - Filling up the DagBag from /opt/airflow/dags/dag_with_python_operator.py
[2025-04-28T09:45:45.608+0000] {processor.py:925} INFO - DAG(s) 'first_with_python_v4' retrieved from /opt/airflow/dags/dag_with_python_operator.py
[2025-04-28T09:45:45.620+0000] {logging_mixin.py:190} INFO - [2025-04-28T09:45:45.620+0000] {dag.py:3239} INFO - Sync 1 DAGs
[2025-04-28T09:45:45.634+0000] {logging_mixin.py:190} INFO - [2025-04-28T09:45:45.633+0000] {dag.py:4180} INFO - Setting next_dagrun for first_with_python_v4 to 2025-02-28 00:00:00+00:00, run_after=2025-03-01 00:00:00+00:00
[2025-04-28T09:45:45.645+0000] {processor.py:208} INFO - Processing /opt/airflow/dags/dag_with_python_operator.py took 0.056 seconds
[2025-04-28T09:46:15.843+0000] {processor.py:186} INFO - Started process (PID=32845) to work on /opt/airflow/dags/dag_with_python_operator.py
[2025-04-28T09:46:15.845+0000] {processor.py:914} INFO - Processing file /opt/airflow/dags/dag_with_python_operator.py for tasks to queue
[2025-04-28T09:46:15.847+0000] {logging_mixin.py:190} INFO - [2025-04-28T09:46:15.847+0000] {dagbag.py:588} INFO - Filling up the DagBag from /opt/airflow/dags/dag_with_python_operator.py
[2025-04-28T09:46:15.863+0000] {processor.py:925} INFO - DAG(s) 'first_with_python_v4' retrieved from /opt/airflow/dags/dag_with_python_operator.py
[2025-04-28T09:46:15.878+0000] {logging_mixin.py:190} INFO - [2025-04-28T09:46:15.877+0000] {dag.py:3239} INFO - Sync 1 DAGs
[2025-04-28T09:46:15.892+0000] {logging_mixin.py:190} INFO - [2025-04-28T09:46:15.892+0000] {dag.py:4180} INFO - Setting next_dagrun for first_with_python_v4 to 2025-02-28 00:00:00+00:00, run_after=2025-03-01 00:00:00+00:00
[2025-04-28T09:46:15.903+0000] {processor.py:208} INFO - Processing /opt/airflow/dags/dag_with_python_operator.py took 0.064 seconds
[2025-04-28T09:46:46.134+0000] {processor.py:186} INFO - Started process (PID=32866) to work on /opt/airflow/dags/dag_with_python_operator.py
[2025-04-28T09:46:46.135+0000] {processor.py:914} INFO - Processing file /opt/airflow/dags/dag_with_python_operator.py for tasks to queue
[2025-04-28T09:46:46.137+0000] {logging_mixin.py:190} INFO - [2025-04-28T09:46:46.137+0000] {dagbag.py:588} INFO - Filling up the DagBag from /opt/airflow/dags/dag_with_python_operator.py
[2025-04-28T09:46:46.152+0000] {processor.py:925} INFO - DAG(s) 'first_with_python_v4' retrieved from /opt/airflow/dags/dag_with_python_operator.py
[2025-04-28T09:46:46.169+0000] {logging_mixin.py:190} INFO - [2025-04-28T09:46:46.169+0000] {dag.py:3239} INFO - Sync 1 DAGs
[2025-04-28T09:46:46.184+0000] {logging_mixin.py:190} INFO - [2025-04-28T09:46:46.184+0000] {dag.py:4180} INFO - Setting next_dagrun for first_with_python_v4 to 2025-02-28 00:00:00+00:00, run_after=2025-03-01 00:00:00+00:00
[2025-04-28T09:46:46.198+0000] {processor.py:208} INFO - Processing /opt/airflow/dags/dag_with_python_operator.py took 0.069 seconds
[2025-04-28T09:47:16.402+0000] {processor.py:186} INFO - Started process (PID=32887) to work on /opt/airflow/dags/dag_with_python_operator.py
[2025-04-28T09:47:16.403+0000] {processor.py:914} INFO - Processing file /opt/airflow/dags/dag_with_python_operator.py for tasks to queue
[2025-04-28T09:47:16.405+0000] {logging_mixin.py:190} INFO - [2025-04-28T09:47:16.405+0000] {dagbag.py:588} INFO - Filling up the DagBag from /opt/airflow/dags/dag_with_python_operator.py
[2025-04-28T09:47:16.428+0000] {processor.py:925} INFO - DAG(s) 'first_with_python_v4' retrieved from /opt/airflow/dags/dag_with_python_operator.py
[2025-04-28T09:47:16.447+0000] {logging_mixin.py:190} INFO - [2025-04-28T09:47:16.446+0000] {dag.py:3239} INFO - Sync 1 DAGs
[2025-04-28T09:47:16.461+0000] {logging_mixin.py:190} INFO - [2025-04-28T09:47:16.461+0000] {dag.py:4180} INFO - Setting next_dagrun for first_with_python_v4 to 2025-02-28 00:00:00+00:00, run_after=2025-03-01 00:00:00+00:00
[2025-04-28T09:47:16.474+0000] {processor.py:208} INFO - Processing /opt/airflow/dags/dag_with_python_operator.py took 0.076 seconds
[2025-04-28T09:47:46.770+0000] {processor.py:186} INFO - Started process (PID=32908) to work on /opt/airflow/dags/dag_with_python_operator.py
[2025-04-28T09:47:46.772+0000] {processor.py:914} INFO - Processing file /opt/airflow/dags/dag_with_python_operator.py for tasks to queue
[2025-04-28T09:47:46.778+0000] {logging_mixin.py:190} INFO - [2025-04-28T09:47:46.777+0000] {dagbag.py:588} INFO - Filling up the DagBag from /opt/airflow/dags/dag_with_python_operator.py
[2025-04-28T09:47:46.805+0000] {processor.py:925} INFO - DAG(s) 'first_with_python_v4' retrieved from /opt/airflow/dags/dag_with_python_operator.py
[2025-04-28T09:47:46.821+0000] {logging_mixin.py:190} INFO - [2025-04-28T09:47:46.821+0000] {dag.py:3239} INFO - Sync 1 DAGs
[2025-04-28T09:47:46.841+0000] {logging_mixin.py:190} INFO - [2025-04-28T09:47:46.841+0000] {dag.py:4180} INFO - Setting next_dagrun for first_with_python_v4 to 2025-02-28 00:00:00+00:00, run_after=2025-03-01 00:00:00+00:00
[2025-04-28T09:47:46.856+0000] {processor.py:208} INFO - Processing /opt/airflow/dags/dag_with_python_operator.py took 0.094 seconds
[2025-04-28T09:48:17.091+0000] {processor.py:186} INFO - Started process (PID=32929) to work on /opt/airflow/dags/dag_with_python_operator.py
[2025-04-28T09:48:17.093+0000] {processor.py:914} INFO - Processing file /opt/airflow/dags/dag_with_python_operator.py for tasks to queue
[2025-04-28T09:48:17.096+0000] {logging_mixin.py:190} INFO - [2025-04-28T09:48:17.096+0000] {dagbag.py:588} INFO - Filling up the DagBag from /opt/airflow/dags/dag_with_python_operator.py
[2025-04-28T09:48:17.111+0000] {processor.py:925} INFO - DAG(s) 'first_with_python_v4' retrieved from /opt/airflow/dags/dag_with_python_operator.py
[2025-04-28T09:48:17.125+0000] {logging_mixin.py:190} INFO - [2025-04-28T09:48:17.125+0000] {dag.py:3239} INFO - Sync 1 DAGs
[2025-04-28T09:48:17.140+0000] {logging_mixin.py:190} INFO - [2025-04-28T09:48:17.140+0000] {dag.py:4180} INFO - Setting next_dagrun for first_with_python_v4 to 2025-02-28 00:00:00+00:00, run_after=2025-03-01 00:00:00+00:00
[2025-04-28T09:48:17.152+0000] {processor.py:208} INFO - Processing /opt/airflow/dags/dag_with_python_operator.py took 0.065 seconds
[2025-04-28T09:48:47.461+0000] {processor.py:186} INFO - Started process (PID=32950) to work on /opt/airflow/dags/dag_with_python_operator.py
[2025-04-28T09:48:47.462+0000] {processor.py:914} INFO - Processing file /opt/airflow/dags/dag_with_python_operator.py for tasks to queue
[2025-04-28T09:48:47.465+0000] {logging_mixin.py:190} INFO - [2025-04-28T09:48:47.465+0000] {dagbag.py:588} INFO - Filling up the DagBag from /opt/airflow/dags/dag_with_python_operator.py
[2025-04-28T09:48:47.490+0000] {processor.py:925} INFO - DAG(s) 'first_with_python_v4' retrieved from /opt/airflow/dags/dag_with_python_operator.py
[2025-04-28T09:48:47.504+0000] {logging_mixin.py:190} INFO - [2025-04-28T09:48:47.503+0000] {dag.py:3239} INFO - Sync 1 DAGs
[2025-04-28T09:48:47.517+0000] {logging_mixin.py:190} INFO - [2025-04-28T09:48:47.517+0000] {dag.py:4180} INFO - Setting next_dagrun for first_with_python_v4 to 2025-02-28 00:00:00+00:00, run_after=2025-03-01 00:00:00+00:00
[2025-04-28T09:48:47.529+0000] {processor.py:208} INFO - Processing /opt/airflow/dags/dag_with_python_operator.py took 0.076 seconds
[2025-04-28T09:49:17.760+0000] {processor.py:186} INFO - Started process (PID=32971) to work on /opt/airflow/dags/dag_with_python_operator.py
[2025-04-28T09:49:17.761+0000] {processor.py:914} INFO - Processing file /opt/airflow/dags/dag_with_python_operator.py for tasks to queue
[2025-04-28T09:49:17.764+0000] {logging_mixin.py:190} INFO - [2025-04-28T09:49:17.763+0000] {dagbag.py:588} INFO - Filling up the DagBag from /opt/airflow/dags/dag_with_python_operator.py
[2025-04-28T09:49:17.775+0000] {processor.py:925} INFO - DAG(s) 'first_with_python_v4' retrieved from /opt/airflow/dags/dag_with_python_operator.py
[2025-04-28T09:49:17.789+0000] {logging_mixin.py:190} INFO - [2025-04-28T09:49:17.789+0000] {dag.py:3239} INFO - Sync 1 DAGs
[2025-04-28T09:49:17.802+0000] {logging_mixin.py:190} INFO - [2025-04-28T09:49:17.802+0000] {dag.py:4180} INFO - Setting next_dagrun for first_with_python_v4 to 2025-02-28 00:00:00+00:00, run_after=2025-03-01 00:00:00+00:00
[2025-04-28T09:49:17.813+0000] {processor.py:208} INFO - Processing /opt/airflow/dags/dag_with_python_operator.py took 0.057 seconds
[2025-04-28T09:49:48.110+0000] {processor.py:186} INFO - Started process (PID=32992) to work on /opt/airflow/dags/dag_with_python_operator.py
[2025-04-28T09:49:48.111+0000] {processor.py:914} INFO - Processing file /opt/airflow/dags/dag_with_python_operator.py for tasks to queue
[2025-04-28T09:49:48.113+0000] {logging_mixin.py:190} INFO - [2025-04-28T09:49:48.113+0000] {dagbag.py:588} INFO - Filling up the DagBag from /opt/airflow/dags/dag_with_python_operator.py
[2025-04-28T09:49:48.126+0000] {processor.py:925} INFO - DAG(s) 'first_with_python_v4' retrieved from /opt/airflow/dags/dag_with_python_operator.py
[2025-04-28T09:49:48.142+0000] {logging_mixin.py:190} INFO - [2025-04-28T09:49:48.141+0000] {dag.py:3239} INFO - Sync 1 DAGs
[2025-04-28T09:49:48.155+0000] {logging_mixin.py:190} INFO - [2025-04-28T09:49:48.155+0000] {dag.py:4180} INFO - Setting next_dagrun for first_with_python_v4 to 2025-02-28 00:00:00+00:00, run_after=2025-03-01 00:00:00+00:00
[2025-04-28T09:49:48.167+0000] {processor.py:208} INFO - Processing /opt/airflow/dags/dag_with_python_operator.py took 0.061 seconds
[2025-04-28T09:50:18.435+0000] {processor.py:186} INFO - Started process (PID=33012) to work on /opt/airflow/dags/dag_with_python_operator.py
[2025-04-28T09:50:18.437+0000] {processor.py:914} INFO - Processing file /opt/airflow/dags/dag_with_python_operator.py for tasks to queue
[2025-04-28T09:50:18.440+0000] {logging_mixin.py:190} INFO - [2025-04-28T09:50:18.439+0000] {dagbag.py:588} INFO - Filling up the DagBag from /opt/airflow/dags/dag_with_python_operator.py
[2025-04-28T09:50:18.455+0000] {processor.py:925} INFO - DAG(s) 'first_with_python_v4' retrieved from /opt/airflow/dags/dag_with_python_operator.py
[2025-04-28T09:50:18.469+0000] {logging_mixin.py:190} INFO - [2025-04-28T09:50:18.469+0000] {dag.py:3239} INFO - Sync 1 DAGs
[2025-04-28T09:50:18.483+0000] {logging_mixin.py:190} INFO - [2025-04-28T09:50:18.483+0000] {dag.py:4180} INFO - Setting next_dagrun for first_with_python_v4 to 2025-02-28 00:00:00+00:00, run_after=2025-03-01 00:00:00+00:00
[2025-04-28T09:50:18.494+0000] {processor.py:208} INFO - Processing /opt/airflow/dags/dag_with_python_operator.py took 0.065 seconds
[2025-04-28T09:50:48.706+0000] {processor.py:186} INFO - Started process (PID=33033) to work on /opt/airflow/dags/dag_with_python_operator.py
[2025-04-28T09:50:48.708+0000] {processor.py:914} INFO - Processing file /opt/airflow/dags/dag_with_python_operator.py for tasks to queue
[2025-04-28T09:50:48.710+0000] {logging_mixin.py:190} INFO - [2025-04-28T09:50:48.710+0000] {dagbag.py:588} INFO - Filling up the DagBag from /opt/airflow/dags/dag_with_python_operator.py
[2025-04-28T09:50:48.722+0000] {processor.py:925} INFO - DAG(s) 'first_with_python_v4' retrieved from /opt/airflow/dags/dag_with_python_operator.py
[2025-04-28T09:50:48.736+0000] {logging_mixin.py:190} INFO - [2025-04-28T09:50:48.736+0000] {dag.py:3239} INFO - Sync 1 DAGs
[2025-04-28T09:50:48.750+0000] {logging_mixin.py:190} INFO - [2025-04-28T09:50:48.750+0000] {dag.py:4180} INFO - Setting next_dagrun for first_with_python_v4 to 2025-02-28 00:00:00+00:00, run_after=2025-03-01 00:00:00+00:00
[2025-04-28T09:50:48.761+0000] {processor.py:208} INFO - Processing /opt/airflow/dags/dag_with_python_operator.py took 0.059 seconds
[2025-04-28T09:51:18.980+0000] {processor.py:186} INFO - Started process (PID=33054) to work on /opt/airflow/dags/dag_with_python_operator.py
[2025-04-28T09:51:18.981+0000] {processor.py:914} INFO - Processing file /opt/airflow/dags/dag_with_python_operator.py for tasks to queue
[2025-04-28T09:51:18.983+0000] {logging_mixin.py:190} INFO - [2025-04-28T09:51:18.983+0000] {dagbag.py:588} INFO - Filling up the DagBag from /opt/airflow/dags/dag_with_python_operator.py
[2025-04-28T09:51:18.997+0000] {processor.py:925} INFO - DAG(s) 'first_with_python_v4' retrieved from /opt/airflow/dags/dag_with_python_operator.py
[2025-04-28T09:51:19.012+0000] {logging_mixin.py:190} INFO - [2025-04-28T09:51:19.012+0000] {dag.py:3239} INFO - Sync 1 DAGs
[2025-04-28T09:51:19.027+0000] {logging_mixin.py:190} INFO - [2025-04-28T09:51:19.027+0000] {dag.py:4180} INFO - Setting next_dagrun for first_with_python_v4 to 2025-02-28 00:00:00+00:00, run_after=2025-03-01 00:00:00+00:00
[2025-04-28T09:51:19.040+0000] {processor.py:208} INFO - Processing /opt/airflow/dags/dag_with_python_operator.py took 0.063 seconds
[2025-04-28T09:51:49.272+0000] {processor.py:186} INFO - Started process (PID=33075) to work on /opt/airflow/dags/dag_with_python_operator.py
[2025-04-28T09:51:49.273+0000] {processor.py:914} INFO - Processing file /opt/airflow/dags/dag_with_python_operator.py for tasks to queue
[2025-04-28T09:51:49.275+0000] {logging_mixin.py:190} INFO - [2025-04-28T09:51:49.275+0000] {dagbag.py:588} INFO - Filling up the DagBag from /opt/airflow/dags/dag_with_python_operator.py
[2025-04-28T09:51:49.286+0000] {processor.py:925} INFO - DAG(s) 'first_with_python_v4' retrieved from /opt/airflow/dags/dag_with_python_operator.py
[2025-04-28T09:51:49.301+0000] {logging_mixin.py:190} INFO - [2025-04-28T09:51:49.301+0000] {dag.py:3239} INFO - Sync 1 DAGs
[2025-04-28T09:51:49.315+0000] {logging_mixin.py:190} INFO - [2025-04-28T09:51:49.315+0000] {dag.py:4180} INFO - Setting next_dagrun for first_with_python_v4 to 2025-02-28 00:00:00+00:00, run_after=2025-03-01 00:00:00+00:00
[2025-04-28T09:51:49.326+0000] {processor.py:208} INFO - Processing /opt/airflow/dags/dag_with_python_operator.py took 0.057 seconds
[2025-04-28T09:52:19.656+0000] {processor.py:186} INFO - Started process (PID=33096) to work on /opt/airflow/dags/dag_with_python_operator.py
[2025-04-28T09:52:19.658+0000] {processor.py:914} INFO - Processing file /opt/airflow/dags/dag_with_python_operator.py for tasks to queue
[2025-04-28T09:52:19.660+0000] {logging_mixin.py:190} INFO - [2025-04-28T09:52:19.660+0000] {dagbag.py:588} INFO - Filling up the DagBag from /opt/airflow/dags/dag_with_python_operator.py
[2025-04-28T09:52:19.672+0000] {processor.py:925} INFO - DAG(s) 'first_with_python_v4' retrieved from /opt/airflow/dags/dag_with_python_operator.py
[2025-04-28T09:52:19.685+0000] {logging_mixin.py:190} INFO - [2025-04-28T09:52:19.685+0000] {dag.py:3239} INFO - Sync 1 DAGs
[2025-04-28T09:52:19.700+0000] {logging_mixin.py:190} INFO - [2025-04-28T09:52:19.700+0000] {dag.py:4180} INFO - Setting next_dagrun for first_with_python_v4 to 2025-02-28 00:00:00+00:00, run_after=2025-03-01 00:00:00+00:00
[2025-04-28T09:52:19.711+0000] {processor.py:208} INFO - Processing /opt/airflow/dags/dag_with_python_operator.py took 0.058 seconds
[2025-04-28T09:52:49.931+0000] {processor.py:186} INFO - Started process (PID=33117) to work on /opt/airflow/dags/dag_with_python_operator.py
[2025-04-28T09:52:49.932+0000] {processor.py:914} INFO - Processing file /opt/airflow/dags/dag_with_python_operator.py for tasks to queue
[2025-04-28T09:52:49.935+0000] {logging_mixin.py:190} INFO - [2025-04-28T09:52:49.934+0000] {dagbag.py:588} INFO - Filling up the DagBag from /opt/airflow/dags/dag_with_python_operator.py
[2025-04-28T09:52:49.959+0000] {processor.py:925} INFO - DAG(s) 'first_with_python_v4' retrieved from /opt/airflow/dags/dag_with_python_operator.py
[2025-04-28T09:52:49.973+0000] {logging_mixin.py:190} INFO - [2025-04-28T09:52:49.973+0000] {dag.py:3239} INFO - Sync 1 DAGs
[2025-04-28T09:52:49.986+0000] {logging_mixin.py:190} INFO - [2025-04-28T09:52:49.986+0000] {dag.py:4180} INFO - Setting next_dagrun for first_with_python_v4 to 2025-02-28 00:00:00+00:00, run_after=2025-03-01 00:00:00+00:00
[2025-04-28T09:52:49.998+0000] {processor.py:208} INFO - Processing /opt/airflow/dags/dag_with_python_operator.py took 0.071 seconds
[2025-04-28T09:53:20.247+0000] {processor.py:186} INFO - Started process (PID=33138) to work on /opt/airflow/dags/dag_with_python_operator.py
[2025-04-28T09:53:20.249+0000] {processor.py:914} INFO - Processing file /opt/airflow/dags/dag_with_python_operator.py for tasks to queue
[2025-04-28T09:53:20.252+0000] {logging_mixin.py:190} INFO - [2025-04-28T09:53:20.251+0000] {dagbag.py:588} INFO - Filling up the DagBag from /opt/airflow/dags/dag_with_python_operator.py
[2025-04-28T09:53:20.274+0000] {processor.py:925} INFO - DAG(s) 'first_with_python_v4' retrieved from /opt/airflow/dags/dag_with_python_operator.py
[2025-04-28T09:53:20.290+0000] {logging_mixin.py:190} INFO - [2025-04-28T09:53:20.290+0000] {dag.py:3239} INFO - Sync 1 DAGs
[2025-04-28T09:53:20.305+0000] {logging_mixin.py:190} INFO - [2025-04-28T09:53:20.305+0000] {dag.py:4180} INFO - Setting next_dagrun for first_with_python_v4 to 2025-02-28 00:00:00+00:00, run_after=2025-03-01 00:00:00+00:00
[2025-04-28T09:53:20.316+0000] {processor.py:208} INFO - Processing /opt/airflow/dags/dag_with_python_operator.py took 0.072 seconds
[2025-04-28T09:53:50.537+0000] {processor.py:186} INFO - Started process (PID=33159) to work on /opt/airflow/dags/dag_with_python_operator.py
[2025-04-28T09:53:50.539+0000] {processor.py:914} INFO - Processing file /opt/airflow/dags/dag_with_python_operator.py for tasks to queue
[2025-04-28T09:53:50.545+0000] {logging_mixin.py:190} INFO - [2025-04-28T09:53:50.544+0000] {dagbag.py:588} INFO - Filling up the DagBag from /opt/airflow/dags/dag_with_python_operator.py
[2025-04-28T09:53:50.574+0000] {processor.py:925} INFO - DAG(s) 'first_with_python_v4' retrieved from /opt/airflow/dags/dag_with_python_operator.py
[2025-04-28T09:53:50.591+0000] {logging_mixin.py:190} INFO - [2025-04-28T09:53:50.591+0000] {dag.py:3239} INFO - Sync 1 DAGs
[2025-04-28T09:53:50.605+0000] {logging_mixin.py:190} INFO - [2025-04-28T09:53:50.605+0000] {dag.py:4180} INFO - Setting next_dagrun for first_with_python_v4 to 2025-02-28 00:00:00+00:00, run_after=2025-03-01 00:00:00+00:00
[2025-04-28T09:53:50.618+0000] {processor.py:208} INFO - Processing /opt/airflow/dags/dag_with_python_operator.py took 0.088 seconds
[2025-04-28T09:54:20.981+0000] {processor.py:186} INFO - Started process (PID=33180) to work on /opt/airflow/dags/dag_with_python_operator.py
[2025-04-28T09:54:20.984+0000] {processor.py:914} INFO - Processing file /opt/airflow/dags/dag_with_python_operator.py for tasks to queue
[2025-04-28T09:54:20.986+0000] {logging_mixin.py:190} INFO - [2025-04-28T09:54:20.986+0000] {dagbag.py:588} INFO - Filling up the DagBag from /opt/airflow/dags/dag_with_python_operator.py
[2025-04-28T09:54:21.017+0000] {processor.py:925} INFO - DAG(s) 'first_with_python_v4' retrieved from /opt/airflow/dags/dag_with_python_operator.py
[2025-04-28T09:54:21.033+0000] {logging_mixin.py:190} INFO - [2025-04-28T09:54:21.032+0000] {dag.py:3239} INFO - Sync 1 DAGs
[2025-04-28T09:54:21.047+0000] {logging_mixin.py:190} INFO - [2025-04-28T09:54:21.047+0000] {dag.py:4180} INFO - Setting next_dagrun for first_with_python_v4 to 2025-02-28 00:00:00+00:00, run_after=2025-03-01 00:00:00+00:00
[2025-04-28T09:54:21.061+0000] {processor.py:208} INFO - Processing /opt/airflow/dags/dag_with_python_operator.py took 0.088 seconds
[2025-04-28T09:54:51.437+0000] {processor.py:186} INFO - Started process (PID=33201) to work on /opt/airflow/dags/dag_with_python_operator.py
[2025-04-28T09:54:51.439+0000] {processor.py:914} INFO - Processing file /opt/airflow/dags/dag_with_python_operator.py for tasks to queue
[2025-04-28T09:54:51.441+0000] {logging_mixin.py:190} INFO - [2025-04-28T09:54:51.441+0000] {dagbag.py:588} INFO - Filling up the DagBag from /opt/airflow/dags/dag_with_python_operator.py
[2025-04-28T09:54:51.461+0000] {processor.py:925} INFO - DAG(s) 'first_with_python_v4' retrieved from /opt/airflow/dags/dag_with_python_operator.py
[2025-04-28T09:54:51.476+0000] {logging_mixin.py:190} INFO - [2025-04-28T09:54:51.476+0000] {dag.py:3239} INFO - Sync 1 DAGs
[2025-04-28T09:54:51.491+0000] {logging_mixin.py:190} INFO - [2025-04-28T09:54:51.491+0000] {dag.py:4180} INFO - Setting next_dagrun for first_with_python_v4 to 2025-02-28 00:00:00+00:00, run_after=2025-03-01 00:00:00+00:00
[2025-04-28T09:54:51.504+0000] {processor.py:208} INFO - Processing /opt/airflow/dags/dag_with_python_operator.py took 0.071 seconds
[2025-04-28T09:55:21.862+0000] {processor.py:186} INFO - Started process (PID=33222) to work on /opt/airflow/dags/dag_with_python_operator.py
[2025-04-28T09:55:21.865+0000] {processor.py:914} INFO - Processing file /opt/airflow/dags/dag_with_python_operator.py for tasks to queue
[2025-04-28T09:55:21.870+0000] {logging_mixin.py:190} INFO - [2025-04-28T09:55:21.869+0000] {dagbag.py:588} INFO - Filling up the DagBag from /opt/airflow/dags/dag_with_python_operator.py
[2025-04-28T09:55:21.898+0000] {processor.py:925} INFO - DAG(s) 'first_with_python_v4' retrieved from /opt/airflow/dags/dag_with_python_operator.py
[2025-04-28T09:55:21.914+0000] {logging_mixin.py:190} INFO - [2025-04-28T09:55:21.914+0000] {dag.py:3239} INFO - Sync 1 DAGs
[2025-04-28T09:55:21.931+0000] {logging_mixin.py:190} INFO - [2025-04-28T09:55:21.931+0000] {dag.py:4180} INFO - Setting next_dagrun for first_with_python_v4 to 2025-02-28 00:00:00+00:00, run_after=2025-03-01 00:00:00+00:00
[2025-04-28T09:55:21.944+0000] {processor.py:208} INFO - Processing /opt/airflow/dags/dag_with_python_operator.py took 0.093 seconds
[2025-04-28T09:55:52.162+0000] {processor.py:186} INFO - Started process (PID=33243) to work on /opt/airflow/dags/dag_with_python_operator.py
[2025-04-28T09:55:52.164+0000] {processor.py:914} INFO - Processing file /opt/airflow/dags/dag_with_python_operator.py for tasks to queue
[2025-04-28T09:55:52.167+0000] {logging_mixin.py:190} INFO - [2025-04-28T09:55:52.166+0000] {dagbag.py:588} INFO - Filling up the DagBag from /opt/airflow/dags/dag_with_python_operator.py
[2025-04-28T09:55:52.191+0000] {processor.py:925} INFO - DAG(s) 'first_with_python_v4' retrieved from /opt/airflow/dags/dag_with_python_operator.py
[2025-04-28T09:55:52.208+0000] {logging_mixin.py:190} INFO - [2025-04-28T09:55:52.208+0000] {dag.py:3239} INFO - Sync 1 DAGs
[2025-04-28T09:55:52.227+0000] {logging_mixin.py:190} INFO - [2025-04-28T09:55:52.227+0000] {dag.py:4180} INFO - Setting next_dagrun for first_with_python_v4 to 2025-02-28 00:00:00+00:00, run_after=2025-03-01 00:00:00+00:00
[2025-04-28T09:55:52.245+0000] {processor.py:208} INFO - Processing /opt/airflow/dags/dag_with_python_operator.py took 0.086 seconds
[2025-04-28T09:56:22.450+0000] {processor.py:186} INFO - Started process (PID=33264) to work on /opt/airflow/dags/dag_with_python_operator.py
[2025-04-28T09:56:22.452+0000] {processor.py:914} INFO - Processing file /opt/airflow/dags/dag_with_python_operator.py for tasks to queue
[2025-04-28T09:56:22.454+0000] {logging_mixin.py:190} INFO - [2025-04-28T09:56:22.454+0000] {dagbag.py:588} INFO - Filling up the DagBag from /opt/airflow/dags/dag_with_python_operator.py
[2025-04-28T09:56:22.468+0000] {processor.py:925} INFO - DAG(s) 'first_with_python_v4' retrieved from /opt/airflow/dags/dag_with_python_operator.py
[2025-04-28T09:56:22.481+0000] {logging_mixin.py:190} INFO - [2025-04-28T09:56:22.481+0000] {dag.py:3239} INFO - Sync 1 DAGs
[2025-04-28T09:56:22.497+0000] {logging_mixin.py:190} INFO - [2025-04-28T09:56:22.497+0000] {dag.py:4180} INFO - Setting next_dagrun for first_with_python_v4 to 2025-02-28 00:00:00+00:00, run_after=2025-03-01 00:00:00+00:00
[2025-04-28T09:56:22.509+0000] {processor.py:208} INFO - Processing /opt/airflow/dags/dag_with_python_operator.py took 0.062 seconds
[2025-04-28T09:56:52.974+0000] {processor.py:186} INFO - Started process (PID=33285) to work on /opt/airflow/dags/dag_with_python_operator.py
[2025-04-28T09:56:52.976+0000] {processor.py:914} INFO - Processing file /opt/airflow/dags/dag_with_python_operator.py for tasks to queue
[2025-04-28T09:56:52.980+0000] {logging_mixin.py:190} INFO - [2025-04-28T09:56:52.980+0000] {dagbag.py:588} INFO - Filling up the DagBag from /opt/airflow/dags/dag_with_python_operator.py
[2025-04-28T09:56:53.017+0000] {processor.py:925} INFO - DAG(s) 'first_with_python_v4' retrieved from /opt/airflow/dags/dag_with_python_operator.py
[2025-04-28T09:56:53.037+0000] {logging_mixin.py:190} INFO - [2025-04-28T09:56:53.037+0000] {dag.py:3239} INFO - Sync 1 DAGs
[2025-04-28T09:56:53.073+0000] {logging_mixin.py:190} INFO - [2025-04-28T09:56:53.072+0000] {dag.py:4180} INFO - Setting next_dagrun for first_with_python_v4 to 2025-02-28 00:00:00+00:00, run_after=2025-03-01 00:00:00+00:00
[2025-04-28T09:56:53.108+0000] {processor.py:208} INFO - Processing /opt/airflow/dags/dag_with_python_operator.py took 0.143 seconds
[2025-04-28T09:57:23.230+0000] {processor.py:186} INFO - Started process (PID=33306) to work on /opt/airflow/dags/dag_with_python_operator.py
[2025-04-28T09:57:23.232+0000] {processor.py:914} INFO - Processing file /opt/airflow/dags/dag_with_python_operator.py for tasks to queue
[2025-04-28T09:57:23.235+0000] {logging_mixin.py:190} INFO - [2025-04-28T09:57:23.234+0000] {dagbag.py:588} INFO - Filling up the DagBag from /opt/airflow/dags/dag_with_python_operator.py
[2025-04-28T09:57:23.259+0000] {processor.py:925} INFO - DAG(s) 'first_with_python_v4' retrieved from /opt/airflow/dags/dag_with_python_operator.py
[2025-04-28T09:57:23.280+0000] {logging_mixin.py:190} INFO - [2025-04-28T09:57:23.280+0000] {dag.py:3239} INFO - Sync 1 DAGs
[2025-04-28T09:57:23.295+0000] {logging_mixin.py:190} INFO - [2025-04-28T09:57:23.295+0000] {dag.py:4180} INFO - Setting next_dagrun for first_with_python_v4 to 2025-02-28 00:00:00+00:00, run_after=2025-03-01 00:00:00+00:00
[2025-04-28T09:57:23.308+0000] {processor.py:208} INFO - Processing /opt/airflow/dags/dag_with_python_operator.py took 0.082 seconds
[2025-04-28T09:57:53.670+0000] {processor.py:186} INFO - Started process (PID=33327) to work on /opt/airflow/dags/dag_with_python_operator.py
[2025-04-28T09:57:53.673+0000] {processor.py:914} INFO - Processing file /opt/airflow/dags/dag_with_python_operator.py for tasks to queue
[2025-04-28T09:57:53.679+0000] {logging_mixin.py:190} INFO - [2025-04-28T09:57:53.679+0000] {dagbag.py:588} INFO - Filling up the DagBag from /opt/airflow/dags/dag_with_python_operator.py
[2025-04-28T09:57:53.728+0000] {processor.py:925} INFO - DAG(s) 'first_with_python_v4' retrieved from /opt/airflow/dags/dag_with_python_operator.py
[2025-04-28T09:57:53.744+0000] {logging_mixin.py:190} INFO - [2025-04-28T09:57:53.744+0000] {dag.py:3239} INFO - Sync 1 DAGs
[2025-04-28T09:57:53.760+0000] {logging_mixin.py:190} INFO - [2025-04-28T09:57:53.760+0000] {dag.py:4180} INFO - Setting next_dagrun for first_with_python_v4 to 2025-02-28 00:00:00+00:00, run_after=2025-03-01 00:00:00+00:00
[2025-04-28T09:57:53.773+0000] {processor.py:208} INFO - Processing /opt/airflow/dags/dag_with_python_operator.py took 0.110 seconds
[2025-04-28T09:58:24.025+0000] {processor.py:186} INFO - Started process (PID=33348) to work on /opt/airflow/dags/dag_with_python_operator.py
[2025-04-28T09:58:24.026+0000] {processor.py:914} INFO - Processing file /opt/airflow/dags/dag_with_python_operator.py for tasks to queue
[2025-04-28T09:58:24.031+0000] {logging_mixin.py:190} INFO - [2025-04-28T09:58:24.030+0000] {dagbag.py:588} INFO - Filling up the DagBag from /opt/airflow/dags/dag_with_python_operator.py
[2025-04-28T09:58:24.061+0000] {processor.py:925} INFO - DAG(s) 'first_with_python_v4' retrieved from /opt/airflow/dags/dag_with_python_operator.py
[2025-04-28T09:58:24.079+0000] {logging_mixin.py:190} INFO - [2025-04-28T09:58:24.078+0000] {dag.py:3239} INFO - Sync 1 DAGs
[2025-04-28T09:58:24.095+0000] {logging_mixin.py:190} INFO - [2025-04-28T09:58:24.095+0000] {dag.py:4180} INFO - Setting next_dagrun for first_with_python_v4 to 2025-02-28 00:00:00+00:00, run_after=2025-03-01 00:00:00+00:00
[2025-04-28T09:58:24.112+0000] {processor.py:208} INFO - Processing /opt/airflow/dags/dag_with_python_operator.py took 0.091 seconds
[2025-04-28T09:58:54.376+0000] {processor.py:186} INFO - Started process (PID=33369) to work on /opt/airflow/dags/dag_with_python_operator.py
[2025-04-28T09:58:54.380+0000] {processor.py:914} INFO - Processing file /opt/airflow/dags/dag_with_python_operator.py for tasks to queue
[2025-04-28T09:58:54.383+0000] {logging_mixin.py:190} INFO - [2025-04-28T09:58:54.383+0000] {dagbag.py:588} INFO - Filling up the DagBag from /opt/airflow/dags/dag_with_python_operator.py
[2025-04-28T09:58:54.409+0000] {processor.py:925} INFO - DAG(s) 'first_with_python_v4' retrieved from /opt/airflow/dags/dag_with_python_operator.py
[2025-04-28T09:58:54.424+0000] {logging_mixin.py:190} INFO - [2025-04-28T09:58:54.423+0000] {dag.py:3239} INFO - Sync 1 DAGs
[2025-04-28T09:58:54.440+0000] {logging_mixin.py:190} INFO - [2025-04-28T09:58:54.440+0000] {dag.py:4180} INFO - Setting next_dagrun for first_with_python_v4 to 2025-02-28 00:00:00+00:00, run_after=2025-03-01 00:00:00+00:00
[2025-04-28T09:58:54.453+0000] {processor.py:208} INFO - Processing /opt/airflow/dags/dag_with_python_operator.py took 0.081 seconds
[2025-04-28T09:59:24.867+0000] {processor.py:186} INFO - Started process (PID=33390) to work on /opt/airflow/dags/dag_with_python_operator.py
[2025-04-28T09:59:24.870+0000] {processor.py:914} INFO - Processing file /opt/airflow/dags/dag_with_python_operator.py for tasks to queue
[2025-04-28T09:59:24.875+0000] {logging_mixin.py:190} INFO - [2025-04-28T09:59:24.875+0000] {dagbag.py:588} INFO - Filling up the DagBag from /opt/airflow/dags/dag_with_python_operator.py
[2025-04-28T09:59:24.903+0000] {processor.py:925} INFO - DAG(s) 'first_with_python_v4' retrieved from /opt/airflow/dags/dag_with_python_operator.py
[2025-04-28T09:59:24.926+0000] {logging_mixin.py:190} INFO - [2025-04-28T09:59:24.926+0000] {dag.py:3239} INFO - Sync 1 DAGs
[2025-04-28T09:59:24.942+0000] {logging_mixin.py:190} INFO - [2025-04-28T09:59:24.942+0000] {dag.py:4180} INFO - Setting next_dagrun for first_with_python_v4 to 2025-02-28 00:00:00+00:00, run_after=2025-03-01 00:00:00+00:00
[2025-04-28T09:59:24.958+0000] {processor.py:208} INFO - Processing /opt/airflow/dags/dag_with_python_operator.py took 0.097 seconds
[2025-04-28T09:59:55.360+0000] {processor.py:186} INFO - Started process (PID=33411) to work on /opt/airflow/dags/dag_with_python_operator.py
[2025-04-28T09:59:55.362+0000] {processor.py:914} INFO - Processing file /opt/airflow/dags/dag_with_python_operator.py for tasks to queue
[2025-04-28T09:59:55.364+0000] {logging_mixin.py:190} INFO - [2025-04-28T09:59:55.364+0000] {dagbag.py:588} INFO - Filling up the DagBag from /opt/airflow/dags/dag_with_python_operator.py
[2025-04-28T09:59:55.379+0000] {processor.py:925} INFO - DAG(s) 'first_with_python_v4' retrieved from /opt/airflow/dags/dag_with_python_operator.py
[2025-04-28T09:59:55.393+0000] {logging_mixin.py:190} INFO - [2025-04-28T09:59:55.393+0000] {dag.py:3239} INFO - Sync 1 DAGs
[2025-04-28T09:59:55.408+0000] {logging_mixin.py:190} INFO - [2025-04-28T09:59:55.408+0000] {dag.py:4180} INFO - Setting next_dagrun for first_with_python_v4 to 2025-02-28 00:00:00+00:00, run_after=2025-03-01 00:00:00+00:00
[2025-04-28T09:59:55.419+0000] {processor.py:208} INFO - Processing /opt/airflow/dags/dag_with_python_operator.py took 0.063 seconds
[2025-04-28T10:00:25.711+0000] {processor.py:186} INFO - Started process (PID=33432) to work on /opt/airflow/dags/dag_with_python_operator.py
[2025-04-28T10:00:25.712+0000] {processor.py:914} INFO - Processing file /opt/airflow/dags/dag_with_python_operator.py for tasks to queue
[2025-04-28T10:00:25.715+0000] {logging_mixin.py:190} INFO - [2025-04-28T10:00:25.714+0000] {dagbag.py:588} INFO - Filling up the DagBag from /opt/airflow/dags/dag_with_python_operator.py
[2025-04-28T10:00:25.726+0000] {processor.py:925} INFO - DAG(s) 'first_with_python_v4' retrieved from /opt/airflow/dags/dag_with_python_operator.py
[2025-04-28T10:00:25.740+0000] {logging_mixin.py:190} INFO - [2025-04-28T10:00:25.739+0000] {dag.py:3239} INFO - Sync 1 DAGs
[2025-04-28T10:00:25.753+0000] {logging_mixin.py:190} INFO - [2025-04-28T10:00:25.753+0000] {dag.py:4180} INFO - Setting next_dagrun for first_with_python_v4 to 2025-02-28 00:00:00+00:00, run_after=2025-03-01 00:00:00+00:00
[2025-04-28T10:00:25.763+0000] {processor.py:208} INFO - Processing /opt/airflow/dags/dag_with_python_operator.py took 0.055 seconds
[2025-04-28T10:00:56.083+0000] {processor.py:186} INFO - Started process (PID=33452) to work on /opt/airflow/dags/dag_with_python_operator.py
[2025-04-28T10:00:56.084+0000] {processor.py:914} INFO - Processing file /opt/airflow/dags/dag_with_python_operator.py for tasks to queue
[2025-04-28T10:00:56.087+0000] {logging_mixin.py:190} INFO - [2025-04-28T10:00:56.087+0000] {dagbag.py:588} INFO - Filling up the DagBag from /opt/airflow/dags/dag_with_python_operator.py
[2025-04-28T10:00:56.110+0000] {processor.py:925} INFO - DAG(s) 'first_with_python_v4' retrieved from /opt/airflow/dags/dag_with_python_operator.py
[2025-04-28T10:00:56.124+0000] {logging_mixin.py:190} INFO - [2025-04-28T10:00:56.124+0000] {dag.py:3239} INFO - Sync 1 DAGs
[2025-04-28T10:00:56.138+0000] {logging_mixin.py:190} INFO - [2025-04-28T10:00:56.138+0000] {dag.py:4180} INFO - Setting next_dagrun for first_with_python_v4 to 2025-02-28 00:00:00+00:00, run_after=2025-03-01 00:00:00+00:00
[2025-04-28T10:00:56.149+0000] {processor.py:208} INFO - Processing /opt/airflow/dags/dag_with_python_operator.py took 0.073 seconds
[2025-04-28T10:01:26.469+0000] {processor.py:186} INFO - Started process (PID=33473) to work on /opt/airflow/dags/dag_with_python_operator.py
[2025-04-28T10:01:26.470+0000] {processor.py:914} INFO - Processing file /opt/airflow/dags/dag_with_python_operator.py for tasks to queue
[2025-04-28T10:01:26.472+0000] {logging_mixin.py:190} INFO - [2025-04-28T10:01:26.472+0000] {dagbag.py:588} INFO - Filling up the DagBag from /opt/airflow/dags/dag_with_python_operator.py
[2025-04-28T10:01:26.504+0000] {processor.py:925} INFO - DAG(s) 'first_with_python_v4' retrieved from /opt/airflow/dags/dag_with_python_operator.py
[2025-04-28T10:01:26.519+0000] {logging_mixin.py:190} INFO - [2025-04-28T10:01:26.519+0000] {dag.py:3239} INFO - Sync 1 DAGs
[2025-04-28T10:01:26.533+0000] {logging_mixin.py:190} INFO - [2025-04-28T10:01:26.532+0000] {dag.py:4180} INFO - Setting next_dagrun for first_with_python_v4 to 2025-02-28 00:00:00+00:00, run_after=2025-03-01 00:00:00+00:00
[2025-04-28T10:01:26.544+0000] {processor.py:208} INFO - Processing /opt/airflow/dags/dag_with_python_operator.py took 0.082 seconds
[2025-04-28T10:01:56.781+0000] {processor.py:186} INFO - Started process (PID=33494) to work on /opt/airflow/dags/dag_with_python_operator.py
[2025-04-28T10:01:56.783+0000] {processor.py:914} INFO - Processing file /opt/airflow/dags/dag_with_python_operator.py for tasks to queue
[2025-04-28T10:01:56.786+0000] {logging_mixin.py:190} INFO - [2025-04-28T10:01:56.786+0000] {dagbag.py:588} INFO - Filling up the DagBag from /opt/airflow/dags/dag_with_python_operator.py
[2025-04-28T10:01:56.819+0000] {processor.py:925} INFO - DAG(s) 'first_with_python_v4' retrieved from /opt/airflow/dags/dag_with_python_operator.py
[2025-04-28T10:01:56.836+0000] {logging_mixin.py:190} INFO - [2025-04-28T10:01:56.836+0000] {dag.py:3239} INFO - Sync 1 DAGs
[2025-04-28T10:01:56.861+0000] {logging_mixin.py:190} INFO - [2025-04-28T10:01:56.861+0000] {dag.py:4180} INFO - Setting next_dagrun for first_with_python_v4 to 2025-02-28 00:00:00+00:00, run_after=2025-03-01 00:00:00+00:00
[2025-04-28T10:01:56.873+0000] {processor.py:208} INFO - Processing /opt/airflow/dags/dag_with_python_operator.py took 0.097 seconds
[2025-04-28T10:02:27.101+0000] {processor.py:186} INFO - Started process (PID=33515) to work on /opt/airflow/dags/dag_with_python_operator.py
[2025-04-28T10:02:27.102+0000] {processor.py:914} INFO - Processing file /opt/airflow/dags/dag_with_python_operator.py for tasks to queue
[2025-04-28T10:02:27.104+0000] {logging_mixin.py:190} INFO - [2025-04-28T10:02:27.104+0000] {dagbag.py:588} INFO - Filling up the DagBag from /opt/airflow/dags/dag_with_python_operator.py
[2025-04-28T10:02:27.116+0000] {processor.py:925} INFO - DAG(s) 'first_with_python_v4' retrieved from /opt/airflow/dags/dag_with_python_operator.py
[2025-04-28T10:02:27.129+0000] {logging_mixin.py:190} INFO - [2025-04-28T10:02:27.129+0000] {dag.py:3239} INFO - Sync 1 DAGs
[2025-04-28T10:02:27.143+0000] {logging_mixin.py:190} INFO - [2025-04-28T10:02:27.143+0000] {dag.py:4180} INFO - Setting next_dagrun for first_with_python_v4 to 2025-02-28 00:00:00+00:00, run_after=2025-03-01 00:00:00+00:00
[2025-04-28T10:02:27.153+0000] {processor.py:208} INFO - Processing /opt/airflow/dags/dag_with_python_operator.py took 0.056 seconds
[2025-04-28T10:02:57.499+0000] {processor.py:186} INFO - Started process (PID=33536) to work on /opt/airflow/dags/dag_with_python_operator.py
[2025-04-28T10:02:57.500+0000] {processor.py:914} INFO - Processing file /opt/airflow/dags/dag_with_python_operator.py for tasks to queue
[2025-04-28T10:02:57.503+0000] {logging_mixin.py:190} INFO - [2025-04-28T10:02:57.502+0000] {dagbag.py:588} INFO - Filling up the DagBag from /opt/airflow/dags/dag_with_python_operator.py
[2025-04-28T10:02:57.514+0000] {processor.py:925} INFO - DAG(s) 'first_with_python_v4' retrieved from /opt/airflow/dags/dag_with_python_operator.py
[2025-04-28T10:02:57.527+0000] {logging_mixin.py:190} INFO - [2025-04-28T10:02:57.527+0000] {dag.py:3239} INFO - Sync 1 DAGs
[2025-04-28T10:02:57.540+0000] {logging_mixin.py:190} INFO - [2025-04-28T10:02:57.540+0000] {dag.py:4180} INFO - Setting next_dagrun for first_with_python_v4 to 2025-02-28 00:00:00+00:00, run_after=2025-03-01 00:00:00+00:00
[2025-04-28T10:02:57.552+0000] {processor.py:208} INFO - Processing /opt/airflow/dags/dag_with_python_operator.py took 0.057 seconds
[2025-04-28T10:03:27.885+0000] {processor.py:186} INFO - Started process (PID=33557) to work on /opt/airflow/dags/dag_with_python_operator.py
[2025-04-28T10:03:27.889+0000] {processor.py:914} INFO - Processing file /opt/airflow/dags/dag_with_python_operator.py for tasks to queue
[2025-04-28T10:03:27.894+0000] {logging_mixin.py:190} INFO - [2025-04-28T10:03:27.894+0000] {dagbag.py:588} INFO - Filling up the DagBag from /opt/airflow/dags/dag_with_python_operator.py
[2025-04-28T10:03:27.923+0000] {processor.py:925} INFO - DAG(s) 'first_with_python_v4' retrieved from /opt/airflow/dags/dag_with_python_operator.py
[2025-04-28T10:03:27.937+0000] {logging_mixin.py:190} INFO - [2025-04-28T10:03:27.937+0000] {dag.py:3239} INFO - Sync 1 DAGs
[2025-04-28T10:03:27.951+0000] {logging_mixin.py:190} INFO - [2025-04-28T10:03:27.951+0000] {dag.py:4180} INFO - Setting next_dagrun for first_with_python_v4 to 2025-02-28 00:00:00+00:00, run_after=2025-03-01 00:00:00+00:00
[2025-04-28T10:03:27.962+0000] {processor.py:208} INFO - Processing /opt/airflow/dags/dag_with_python_operator.py took 0.083 seconds
[2025-04-28T10:03:58.211+0000] {processor.py:186} INFO - Started process (PID=33578) to work on /opt/airflow/dags/dag_with_python_operator.py
[2025-04-28T10:03:58.215+0000] {processor.py:914} INFO - Processing file /opt/airflow/dags/dag_with_python_operator.py for tasks to queue
[2025-04-28T10:03:58.219+0000] {logging_mixin.py:190} INFO - [2025-04-28T10:03:58.219+0000] {dagbag.py:588} INFO - Filling up the DagBag from /opt/airflow/dags/dag_with_python_operator.py
[2025-04-28T10:03:58.252+0000] {processor.py:925} INFO - DAG(s) 'first_with_python_v4' retrieved from /opt/airflow/dags/dag_with_python_operator.py
[2025-04-28T10:03:58.267+0000] {logging_mixin.py:190} INFO - [2025-04-28T10:03:58.267+0000] {dag.py:3239} INFO - Sync 1 DAGs
[2025-04-28T10:03:58.281+0000] {logging_mixin.py:190} INFO - [2025-04-28T10:03:58.281+0000] {dag.py:4180} INFO - Setting next_dagrun for first_with_python_v4 to 2025-02-28 00:00:00+00:00, run_after=2025-03-01 00:00:00+00:00
[2025-04-28T10:03:58.293+0000] {processor.py:208} INFO - Processing /opt/airflow/dags/dag_with_python_operator.py took 0.085 seconds
[2025-04-28T10:04:28.553+0000] {processor.py:186} INFO - Started process (PID=33599) to work on /opt/airflow/dags/dag_with_python_operator.py
[2025-04-28T10:04:28.555+0000] {processor.py:914} INFO - Processing file /opt/airflow/dags/dag_with_python_operator.py for tasks to queue
[2025-04-28T10:04:28.558+0000] {logging_mixin.py:190} INFO - [2025-04-28T10:04:28.558+0000] {dagbag.py:588} INFO - Filling up the DagBag from /opt/airflow/dags/dag_with_python_operator.py
[2025-04-28T10:04:28.575+0000] {processor.py:925} INFO - DAG(s) 'first_with_python_v4' retrieved from /opt/airflow/dags/dag_with_python_operator.py
[2025-04-28T10:04:28.591+0000] {logging_mixin.py:190} INFO - [2025-04-28T10:04:28.591+0000] {dag.py:3239} INFO - Sync 1 DAGs
[2025-04-28T10:04:28.605+0000] {logging_mixin.py:190} INFO - [2025-04-28T10:04:28.605+0000] {dag.py:4180} INFO - Setting next_dagrun for first_with_python_v4 to 2025-02-28 00:00:00+00:00, run_after=2025-03-01 00:00:00+00:00
[2025-04-28T10:04:28.616+0000] {processor.py:208} INFO - Processing /opt/airflow/dags/dag_with_python_operator.py took 0.068 seconds
[2025-04-28T10:04:58.951+0000] {processor.py:186} INFO - Started process (PID=33620) to work on /opt/airflow/dags/dag_with_python_operator.py
[2025-04-28T10:04:58.953+0000] {processor.py:914} INFO - Processing file /opt/airflow/dags/dag_with_python_operator.py for tasks to queue
[2025-04-28T10:04:58.956+0000] {logging_mixin.py:190} INFO - [2025-04-28T10:04:58.956+0000] {dagbag.py:588} INFO - Filling up the DagBag from /opt/airflow/dags/dag_with_python_operator.py
[2025-04-28T10:04:58.970+0000] {processor.py:925} INFO - DAG(s) 'first_with_python_v4' retrieved from /opt/airflow/dags/dag_with_python_operator.py
[2025-04-28T10:04:58.984+0000] {logging_mixin.py:190} INFO - [2025-04-28T10:04:58.984+0000] {dag.py:3239} INFO - Sync 1 DAGs
[2025-04-28T10:04:58.999+0000] {logging_mixin.py:190} INFO - [2025-04-28T10:04:58.998+0000] {dag.py:4180} INFO - Setting next_dagrun for first_with_python_v4 to 2025-02-28 00:00:00+00:00, run_after=2025-03-01 00:00:00+00:00
[2025-04-28T10:04:59.011+0000] {processor.py:208} INFO - Processing /opt/airflow/dags/dag_with_python_operator.py took 0.068 seconds
[2025-04-28T10:05:29.277+0000] {processor.py:186} INFO - Started process (PID=33641) to work on /opt/airflow/dags/dag_with_python_operator.py
[2025-04-28T10:05:29.280+0000] {processor.py:914} INFO - Processing file /opt/airflow/dags/dag_with_python_operator.py for tasks to queue
[2025-04-28T10:05:29.285+0000] {logging_mixin.py:190} INFO - [2025-04-28T10:05:29.284+0000] {dagbag.py:588} INFO - Filling up the DagBag from /opt/airflow/dags/dag_with_python_operator.py
[2025-04-28T10:05:29.312+0000] {processor.py:925} INFO - DAG(s) 'first_with_python_v4' retrieved from /opt/airflow/dags/dag_with_python_operator.py
[2025-04-28T10:05:29.329+0000] {logging_mixin.py:190} INFO - [2025-04-28T10:05:29.329+0000] {dag.py:3239} INFO - Sync 1 DAGs
[2025-04-28T10:05:29.343+0000] {logging_mixin.py:190} INFO - [2025-04-28T10:05:29.343+0000] {dag.py:4180} INFO - Setting next_dagrun for first_with_python_v4 to 2025-02-28 00:00:00+00:00, run_after=2025-03-01 00:00:00+00:00
[2025-04-28T10:05:29.360+0000] {processor.py:208} INFO - Processing /opt/airflow/dags/dag_with_python_operator.py took 0.088 seconds
[2025-04-28T10:05:59.617+0000] {processor.py:186} INFO - Started process (PID=33662) to work on /opt/airflow/dags/dag_with_python_operator.py
[2025-04-28T10:05:59.619+0000] {processor.py:914} INFO - Processing file /opt/airflow/dags/dag_with_python_operator.py for tasks to queue
[2025-04-28T10:05:59.622+0000] {logging_mixin.py:190} INFO - [2025-04-28T10:05:59.622+0000] {dagbag.py:588} INFO - Filling up the DagBag from /opt/airflow/dags/dag_with_python_operator.py
[2025-04-28T10:05:59.651+0000] {processor.py:925} INFO - DAG(s) 'first_with_python_v4' retrieved from /opt/airflow/dags/dag_with_python_operator.py
[2025-04-28T10:05:59.666+0000] {logging_mixin.py:190} INFO - [2025-04-28T10:05:59.666+0000] {dag.py:3239} INFO - Sync 1 DAGs
[2025-04-28T10:05:59.679+0000] {logging_mixin.py:190} INFO - [2025-04-28T10:05:59.679+0000] {dag.py:4180} INFO - Setting next_dagrun for first_with_python_v4 to 2025-02-28 00:00:00+00:00, run_after=2025-03-01 00:00:00+00:00
[2025-04-28T10:05:59.691+0000] {processor.py:208} INFO - Processing /opt/airflow/dags/dag_with_python_operator.py took 0.079 seconds
[2025-04-28T10:06:30.025+0000] {processor.py:186} INFO - Started process (PID=33683) to work on /opt/airflow/dags/dag_with_python_operator.py
[2025-04-28T10:06:30.026+0000] {processor.py:914} INFO - Processing file /opt/airflow/dags/dag_with_python_operator.py for tasks to queue
[2025-04-28T10:06:30.029+0000] {logging_mixin.py:190} INFO - [2025-04-28T10:06:30.029+0000] {dagbag.py:588} INFO - Filling up the DagBag from /opt/airflow/dags/dag_with_python_operator.py
[2025-04-28T10:06:30.042+0000] {processor.py:925} INFO - DAG(s) 'first_with_python_v4' retrieved from /opt/airflow/dags/dag_with_python_operator.py
[2025-04-28T10:06:30.055+0000] {logging_mixin.py:190} INFO - [2025-04-28T10:06:30.055+0000] {dag.py:3239} INFO - Sync 1 DAGs
[2025-04-28T10:06:30.069+0000] {logging_mixin.py:190} INFO - [2025-04-28T10:06:30.069+0000] {dag.py:4180} INFO - Setting next_dagrun for first_with_python_v4 to 2025-02-28 00:00:00+00:00, run_after=2025-03-01 00:00:00+00:00
[2025-04-28T10:06:30.079+0000] {processor.py:208} INFO - Processing /opt/airflow/dags/dag_with_python_operator.py took 0.057 seconds
[2025-04-28T10:07:00.281+0000] {processor.py:186} INFO - Started process (PID=33704) to work on /opt/airflow/dags/dag_with_python_operator.py
[2025-04-28T10:07:00.282+0000] {processor.py:914} INFO - Processing file /opt/airflow/dags/dag_with_python_operator.py for tasks to queue
[2025-04-28T10:07:00.284+0000] {logging_mixin.py:190} INFO - [2025-04-28T10:07:00.284+0000] {dagbag.py:588} INFO - Filling up the DagBag from /opt/airflow/dags/dag_with_python_operator.py
[2025-04-28T10:07:00.295+0000] {processor.py:925} INFO - DAG(s) 'first_with_python_v4' retrieved from /opt/airflow/dags/dag_with_python_operator.py
[2025-04-28T10:07:00.309+0000] {logging_mixin.py:190} INFO - [2025-04-28T10:07:00.309+0000] {dag.py:3239} INFO - Sync 1 DAGs
[2025-04-28T10:07:00.324+0000] {logging_mixin.py:190} INFO - [2025-04-28T10:07:00.323+0000] {dag.py:4180} INFO - Setting next_dagrun for first_with_python_v4 to 2025-02-28 00:00:00+00:00, run_after=2025-03-01 00:00:00+00:00
[2025-04-28T10:07:00.337+0000] {processor.py:208} INFO - Processing /opt/airflow/dags/dag_with_python_operator.py took 0.061 seconds
[2025-04-28T10:07:30.574+0000] {processor.py:186} INFO - Started process (PID=33725) to work on /opt/airflow/dags/dag_with_python_operator.py
[2025-04-28T10:07:30.577+0000] {processor.py:914} INFO - Processing file /opt/airflow/dags/dag_with_python_operator.py for tasks to queue
[2025-04-28T10:07:30.581+0000] {logging_mixin.py:190} INFO - [2025-04-28T10:07:30.580+0000] {dagbag.py:588} INFO - Filling up the DagBag from /opt/airflow/dags/dag_with_python_operator.py
[2025-04-28T10:07:30.603+0000] {processor.py:925} INFO - DAG(s) 'first_with_python_v4' retrieved from /opt/airflow/dags/dag_with_python_operator.py
[2025-04-28T10:07:30.616+0000] {logging_mixin.py:190} INFO - [2025-04-28T10:07:30.616+0000] {dag.py:3239} INFO - Sync 1 DAGs
[2025-04-28T10:07:30.631+0000] {logging_mixin.py:190} INFO - [2025-04-28T10:07:30.631+0000] {dag.py:4180} INFO - Setting next_dagrun for first_with_python_v4 to 2025-02-28 00:00:00+00:00, run_after=2025-03-01 00:00:00+00:00
[2025-04-28T10:07:30.643+0000] {processor.py:208} INFO - Processing /opt/airflow/dags/dag_with_python_operator.py took 0.077 seconds
[2025-04-28T10:08:01.032+0000] {processor.py:186} INFO - Started process (PID=33746) to work on /opt/airflow/dags/dag_with_python_operator.py
[2025-04-28T10:08:01.035+0000] {processor.py:914} INFO - Processing file /opt/airflow/dags/dag_with_python_operator.py for tasks to queue
[2025-04-28T10:08:01.038+0000] {logging_mixin.py:190} INFO - [2025-04-28T10:08:01.038+0000] {dagbag.py:588} INFO - Filling up the DagBag from /opt/airflow/dags/dag_with_python_operator.py
[2025-04-28T10:08:01.082+0000] {processor.py:925} INFO - DAG(s) 'first_with_python_v4' retrieved from /opt/airflow/dags/dag_with_python_operator.py
[2025-04-28T10:08:01.096+0000] {logging_mixin.py:190} INFO - [2025-04-28T10:08:01.096+0000] {dag.py:3239} INFO - Sync 1 DAGs
[2025-04-28T10:08:01.111+0000] {logging_mixin.py:190} INFO - [2025-04-28T10:08:01.111+0000] {dag.py:4180} INFO - Setting next_dagrun for first_with_python_v4 to 2025-02-28 00:00:00+00:00, run_after=2025-03-01 00:00:00+00:00
[2025-04-28T10:08:01.122+0000] {processor.py:208} INFO - Processing /opt/airflow/dags/dag_with_python_operator.py took 0.093 seconds
[2025-04-28T10:08:31.245+0000] {processor.py:186} INFO - Started process (PID=33767) to work on /opt/airflow/dags/dag_with_python_operator.py
[2025-04-28T10:08:31.247+0000] {processor.py:914} INFO - Processing file /opt/airflow/dags/dag_with_python_operator.py for tasks to queue
[2025-04-28T10:08:31.251+0000] {logging_mixin.py:190} INFO - [2025-04-28T10:08:31.250+0000] {dagbag.py:588} INFO - Filling up the DagBag from /opt/airflow/dags/dag_with_python_operator.py
[2025-04-28T10:08:31.271+0000] {processor.py:925} INFO - DAG(s) 'first_with_python_v4' retrieved from /opt/airflow/dags/dag_with_python_operator.py
[2025-04-28T10:08:31.298+0000] {logging_mixin.py:190} INFO - [2025-04-28T10:08:31.297+0000] {dag.py:3239} INFO - Sync 1 DAGs
[2025-04-28T10:08:31.319+0000] {logging_mixin.py:190} INFO - [2025-04-28T10:08:31.319+0000] {dag.py:4180} INFO - Setting next_dagrun for first_with_python_v4 to 2025-02-28 00:00:00+00:00, run_after=2025-03-01 00:00:00+00:00
[2025-04-28T10:08:31.340+0000] {processor.py:208} INFO - Processing /opt/airflow/dags/dag_with_python_operator.py took 0.100 seconds
[2025-04-28T10:13:41.626+0000] {processor.py:186} INFO - Started process (PID=33787) to work on /opt/airflow/dags/dag_with_python_operator.py
[2025-04-28T10:13:41.629+0000] {processor.py:914} INFO - Processing file /opt/airflow/dags/dag_with_python_operator.py for tasks to queue
[2025-04-28T10:13:41.634+0000] {logging_mixin.py:190} INFO - [2025-04-28T10:13:41.634+0000] {dagbag.py:588} INFO - Filling up the DagBag from /opt/airflow/dags/dag_with_python_operator.py
[2025-04-28T10:13:41.659+0000] {processor.py:925} INFO - DAG(s) 'first_with_python_v4' retrieved from /opt/airflow/dags/dag_with_python_operator.py
[2025-04-28T10:13:41.688+0000] {logging_mixin.py:190} INFO - [2025-04-28T10:13:41.687+0000] {dag.py:3239} INFO - Sync 1 DAGs
[2025-04-28T10:13:41.722+0000] {logging_mixin.py:190} INFO - [2025-04-28T10:13:41.722+0000] {dag.py:4180} INFO - Setting next_dagrun for first_with_python_v4 to 2025-02-28 00:00:00+00:00, run_after=2025-03-01 00:00:00+00:00
[2025-04-28T10:13:41.747+0000] {processor.py:208} INFO - Processing /opt/airflow/dags/dag_with_python_operator.py took 0.129 seconds
[2025-04-28T10:14:12.174+0000] {processor.py:186} INFO - Started process (PID=33808) to work on /opt/airflow/dags/dag_with_python_operator.py
[2025-04-28T10:14:12.176+0000] {processor.py:914} INFO - Processing file /opt/airflow/dags/dag_with_python_operator.py for tasks to queue
[2025-04-28T10:14:12.181+0000] {logging_mixin.py:190} INFO - [2025-04-28T10:14:12.180+0000] {dagbag.py:588} INFO - Filling up the DagBag from /opt/airflow/dags/dag_with_python_operator.py
[2025-04-28T10:14:12.210+0000] {processor.py:925} INFO - DAG(s) 'first_with_python_v4' retrieved from /opt/airflow/dags/dag_with_python_operator.py
[2025-04-28T10:14:12.251+0000] {logging_mixin.py:190} INFO - [2025-04-28T10:14:12.250+0000] {dag.py:3239} INFO - Sync 1 DAGs
[2025-04-28T10:14:12.290+0000] {logging_mixin.py:190} INFO - [2025-04-28T10:14:12.289+0000] {dag.py:4180} INFO - Setting next_dagrun for first_with_python_v4 to 2025-02-28 00:00:00+00:00, run_after=2025-03-01 00:00:00+00:00
[2025-04-28T10:14:12.318+0000] {processor.py:208} INFO - Processing /opt/airflow/dags/dag_with_python_operator.py took 0.153 seconds
[2025-04-28T10:14:42.694+0000] {processor.py:186} INFO - Started process (PID=33829) to work on /opt/airflow/dags/dag_with_python_operator.py
[2025-04-28T10:14:42.696+0000] {processor.py:914} INFO - Processing file /opt/airflow/dags/dag_with_python_operator.py for tasks to queue
[2025-04-28T10:14:42.701+0000] {logging_mixin.py:190} INFO - [2025-04-28T10:14:42.701+0000] {dagbag.py:588} INFO - Filling up the DagBag from /opt/airflow/dags/dag_with_python_operator.py
[2025-04-28T10:14:42.730+0000] {processor.py:925} INFO - DAG(s) 'first_with_python_v4' retrieved from /opt/airflow/dags/dag_with_python_operator.py
[2025-04-28T10:14:42.766+0000] {logging_mixin.py:190} INFO - [2025-04-28T10:14:42.766+0000] {dag.py:3239} INFO - Sync 1 DAGs
[2025-04-28T10:14:42.804+0000] {logging_mixin.py:190} INFO - [2025-04-28T10:14:42.804+0000] {dag.py:4180} INFO - Setting next_dagrun for first_with_python_v4 to 2025-02-28 00:00:00+00:00, run_after=2025-03-01 00:00:00+00:00
[2025-04-28T10:14:42.835+0000] {processor.py:208} INFO - Processing /opt/airflow/dags/dag_with_python_operator.py took 0.150 seconds
[2025-04-28T10:15:13.212+0000] {processor.py:186} INFO - Started process (PID=33850) to work on /opt/airflow/dags/dag_with_python_operator.py
[2025-04-28T10:15:13.214+0000] {processor.py:914} INFO - Processing file /opt/airflow/dags/dag_with_python_operator.py for tasks to queue
[2025-04-28T10:15:13.220+0000] {logging_mixin.py:190} INFO - [2025-04-28T10:15:13.219+0000] {dagbag.py:588} INFO - Filling up the DagBag from /opt/airflow/dags/dag_with_python_operator.py
[2025-04-28T10:15:13.250+0000] {processor.py:925} INFO - DAG(s) 'first_with_python_v4' retrieved from /opt/airflow/dags/dag_with_python_operator.py
[2025-04-28T10:15:13.280+0000] {logging_mixin.py:190} INFO - [2025-04-28T10:15:13.280+0000] {dag.py:3239} INFO - Sync 1 DAGs
[2025-04-28T10:15:13.313+0000] {logging_mixin.py:190} INFO - [2025-04-28T10:15:13.312+0000] {dag.py:4180} INFO - Setting next_dagrun for first_with_python_v4 to 2025-02-28 00:00:00+00:00, run_after=2025-03-01 00:00:00+00:00
[2025-04-28T10:15:13.339+0000] {processor.py:208} INFO - Processing /opt/airflow/dags/dag_with_python_operator.py took 0.135 seconds
[2025-04-28T10:15:43.761+0000] {processor.py:186} INFO - Started process (PID=33871) to work on /opt/airflow/dags/dag_with_python_operator.py
[2025-04-28T10:15:43.763+0000] {processor.py:914} INFO - Processing file /opt/airflow/dags/dag_with_python_operator.py for tasks to queue
[2025-04-28T10:15:43.769+0000] {logging_mixin.py:190} INFO - [2025-04-28T10:15:43.769+0000] {dagbag.py:588} INFO - Filling up the DagBag from /opt/airflow/dags/dag_with_python_operator.py
[2025-04-28T10:15:43.795+0000] {processor.py:925} INFO - DAG(s) 'first_with_python_v4' retrieved from /opt/airflow/dags/dag_with_python_operator.py
[2025-04-28T10:15:43.826+0000] {logging_mixin.py:190} INFO - [2025-04-28T10:15:43.825+0000] {dag.py:3239} INFO - Sync 1 DAGs
[2025-04-28T10:15:43.857+0000] {logging_mixin.py:190} INFO - [2025-04-28T10:15:43.857+0000] {dag.py:4180} INFO - Setting next_dagrun for first_with_python_v4 to 2025-02-28 00:00:00+00:00, run_after=2025-03-01 00:00:00+00:00
[2025-04-28T10:15:43.880+0000] {processor.py:208} INFO - Processing /opt/airflow/dags/dag_with_python_operator.py took 0.127 seconds
[2025-04-28T10:20:07.477+0000] {processor.py:186} INFO - Started process (PID=33892) to work on /opt/airflow/dags/dag_with_python_operator.py
[2025-04-28T10:20:07.479+0000] {processor.py:914} INFO - Processing file /opt/airflow/dags/dag_with_python_operator.py for tasks to queue
[2025-04-28T10:20:07.489+0000] {logging_mixin.py:190} INFO - [2025-04-28T10:20:07.488+0000] {dagbag.py:588} INFO - Filling up the DagBag from /opt/airflow/dags/dag_with_python_operator.py
[2025-04-28T10:20:07.535+0000] {processor.py:925} INFO - DAG(s) 'first_with_python_v4' retrieved from /opt/airflow/dags/dag_with_python_operator.py
[2025-04-28T10:20:07.565+0000] {logging_mixin.py:190} INFO - [2025-04-28T10:20:07.564+0000] {dag.py:3239} INFO - Sync 1 DAGs
[2025-04-28T10:20:07.592+0000] {logging_mixin.py:190} INFO - [2025-04-28T10:20:07.592+0000] {dag.py:4180} INFO - Setting next_dagrun for first_with_python_v4 to 2025-02-28 00:00:00+00:00, run_after=2025-03-01 00:00:00+00:00
[2025-04-28T10:20:07.612+0000] {processor.py:208} INFO - Processing /opt/airflow/dags/dag_with_python_operator.py took 0.151 seconds
[2025-04-28T10:20:37.957+0000] {processor.py:186} INFO - Started process (PID=33913) to work on /opt/airflow/dags/dag_with_python_operator.py
[2025-04-28T10:20:37.959+0000] {processor.py:914} INFO - Processing file /opt/airflow/dags/dag_with_python_operator.py for tasks to queue
[2025-04-28T10:20:37.965+0000] {logging_mixin.py:190} INFO - [2025-04-28T10:20:37.964+0000] {dagbag.py:588} INFO - Filling up the DagBag from /opt/airflow/dags/dag_with_python_operator.py
[2025-04-28T10:20:37.992+0000] {processor.py:925} INFO - DAG(s) 'first_with_python_v4' retrieved from /opt/airflow/dags/dag_with_python_operator.py
[2025-04-28T10:20:38.028+0000] {logging_mixin.py:190} INFO - [2025-04-28T10:20:38.027+0000] {dag.py:3239} INFO - Sync 1 DAGs
[2025-04-28T10:20:38.061+0000] {logging_mixin.py:190} INFO - [2025-04-28T10:20:38.060+0000] {dag.py:4180} INFO - Setting next_dagrun for first_with_python_v4 to 2025-02-28 00:00:00+00:00, run_after=2025-03-01 00:00:00+00:00
[2025-04-28T10:20:38.087+0000] {processor.py:208} INFO - Processing /opt/airflow/dags/dag_with_python_operator.py took 0.138 seconds
[2025-04-28T10:21:08.484+0000] {processor.py:186} INFO - Started process (PID=33934) to work on /opt/airflow/dags/dag_with_python_operator.py
[2025-04-28T10:21:08.487+0000] {processor.py:914} INFO - Processing file /opt/airflow/dags/dag_with_python_operator.py for tasks to queue
[2025-04-28T10:21:08.491+0000] {logging_mixin.py:190} INFO - [2025-04-28T10:21:08.490+0000] {dagbag.py:588} INFO - Filling up the DagBag from /opt/airflow/dags/dag_with_python_operator.py
[2025-04-28T10:21:08.520+0000] {processor.py:925} INFO - DAG(s) 'first_with_python_v4' retrieved from /opt/airflow/dags/dag_with_python_operator.py
[2025-04-28T10:21:08.559+0000] {logging_mixin.py:190} INFO - [2025-04-28T10:21:08.559+0000] {dag.py:3239} INFO - Sync 1 DAGs
[2025-04-28T10:21:08.590+0000] {logging_mixin.py:190} INFO - [2025-04-28T10:21:08.590+0000] {dag.py:4180} INFO - Setting next_dagrun for first_with_python_v4 to 2025-02-28 00:00:00+00:00, run_after=2025-03-01 00:00:00+00:00
[2025-04-28T10:21:08.615+0000] {processor.py:208} INFO - Processing /opt/airflow/dags/dag_with_python_operator.py took 0.140 seconds
[2025-04-28T10:21:39.042+0000] {processor.py:186} INFO - Started process (PID=33956) to work on /opt/airflow/dags/dag_with_python_operator.py
[2025-04-28T10:21:39.044+0000] {processor.py:914} INFO - Processing file /opt/airflow/dags/dag_with_python_operator.py for tasks to queue
[2025-04-28T10:21:39.051+0000] {logging_mixin.py:190} INFO - [2025-04-28T10:21:39.050+0000] {dagbag.py:588} INFO - Filling up the DagBag from /opt/airflow/dags/dag_with_python_operator.py
[2025-04-28T10:21:39.082+0000] {processor.py:925} INFO - DAG(s) 'first_with_python_v4' retrieved from /opt/airflow/dags/dag_with_python_operator.py
[2025-04-28T10:21:39.124+0000] {logging_mixin.py:190} INFO - [2025-04-28T10:21:39.123+0000] {dag.py:3239} INFO - Sync 1 DAGs
[2025-04-28T10:21:39.162+0000] {logging_mixin.py:190} INFO - [2025-04-28T10:21:39.162+0000] {dag.py:4180} INFO - Setting next_dagrun for first_with_python_v4 to 2025-02-28 00:00:00+00:00, run_after=2025-03-01 00:00:00+00:00
[2025-04-28T10:21:39.193+0000] {processor.py:208} INFO - Processing /opt/airflow/dags/dag_with_python_operator.py took 0.160 seconds
[2025-04-28T10:22:09.517+0000] {processor.py:186} INFO - Started process (PID=33976) to work on /opt/airflow/dags/dag_with_python_operator.py
[2025-04-28T10:22:09.520+0000] {processor.py:914} INFO - Processing file /opt/airflow/dags/dag_with_python_operator.py for tasks to queue
[2025-04-28T10:22:09.524+0000] {logging_mixin.py:190} INFO - [2025-04-28T10:22:09.524+0000] {dagbag.py:588} INFO - Filling up the DagBag from /opt/airflow/dags/dag_with_python_operator.py
[2025-04-28T10:22:09.552+0000] {processor.py:925} INFO - DAG(s) 'first_with_python_v4' retrieved from /opt/airflow/dags/dag_with_python_operator.py
[2025-04-28T10:22:09.585+0000] {logging_mixin.py:190} INFO - [2025-04-28T10:22:09.584+0000] {dag.py:3239} INFO - Sync 1 DAGs
[2025-04-28T10:22:09.619+0000] {logging_mixin.py:190} INFO - [2025-04-28T10:22:09.619+0000] {dag.py:4180} INFO - Setting next_dagrun for first_with_python_v4 to 2025-02-28 00:00:00+00:00, run_after=2025-03-01 00:00:00+00:00
[2025-04-28T10:22:09.647+0000] {processor.py:208} INFO - Processing /opt/airflow/dags/dag_with_python_operator.py took 0.137 seconds
[2025-04-28T10:22:40.161+0000] {processor.py:186} INFO - Started process (PID=33997) to work on /opt/airflow/dags/dag_with_python_operator.py
[2025-04-28T10:22:40.164+0000] {processor.py:914} INFO - Processing file /opt/airflow/dags/dag_with_python_operator.py for tasks to queue
[2025-04-28T10:22:40.169+0000] {logging_mixin.py:190} INFO - [2025-04-28T10:22:40.169+0000] {dagbag.py:588} INFO - Filling up the DagBag from /opt/airflow/dags/dag_with_python_operator.py
[2025-04-28T10:22:40.194+0000] {processor.py:925} INFO - DAG(s) 'first_with_python_v4' retrieved from /opt/airflow/dags/dag_with_python_operator.py
[2025-04-28T10:22:40.225+0000] {logging_mixin.py:190} INFO - [2025-04-28T10:22:40.225+0000] {dag.py:3239} INFO - Sync 1 DAGs
[2025-04-28T10:22:40.257+0000] {logging_mixin.py:190} INFO - [2025-04-28T10:22:40.256+0000] {dag.py:4180} INFO - Setting next_dagrun for first_with_python_v4 to 2025-02-28 00:00:00+00:00, run_after=2025-03-01 00:00:00+00:00
[2025-04-28T10:22:40.297+0000] {processor.py:208} INFO - Processing /opt/airflow/dags/dag_with_python_operator.py took 0.145 seconds
[2025-04-28T13:11:16.486+0000] {processor.py:186} INFO - Started process (PID=34012) to work on /opt/airflow/dags/dag_with_python_operator.py
[2025-04-28T13:11:16.488+0000] {processor.py:914} INFO - Processing file /opt/airflow/dags/dag_with_python_operator.py for tasks to queue
[2025-04-28T13:11:16.491+0000] {logging_mixin.py:190} INFO - [2025-04-28T13:11:16.491+0000] {dagbag.py:588} INFO - Filling up the DagBag from /opt/airflow/dags/dag_with_python_operator.py
[2025-04-28T13:11:16.508+0000] {processor.py:925} INFO - DAG(s) 'first_with_python_v4' retrieved from /opt/airflow/dags/dag_with_python_operator.py
[2025-04-28T13:11:16.528+0000] {logging_mixin.py:190} INFO - [2025-04-28T13:11:16.528+0000] {dag.py:3239} INFO - Sync 1 DAGs
[2025-04-28T13:11:16.544+0000] {logging_mixin.py:190} INFO - [2025-04-28T13:11:16.543+0000] {dag.py:4180} INFO - Setting next_dagrun for first_with_python_v4 to 2025-02-28 00:00:00+00:00, run_after=2025-03-01 00:00:00+00:00
[2025-04-28T13:11:16.557+0000] {processor.py:208} INFO - Processing /opt/airflow/dags/dag_with_python_operator.py took 0.075 seconds
[2025-04-28T13:11:47.230+0000] {processor.py:186} INFO - Started process (PID=34033) to work on /opt/airflow/dags/dag_with_python_operator.py
[2025-04-28T13:11:47.233+0000] {processor.py:914} INFO - Processing file /opt/airflow/dags/dag_with_python_operator.py for tasks to queue
[2025-04-28T13:11:47.241+0000] {logging_mixin.py:190} INFO - [2025-04-28T13:11:47.240+0000] {dagbag.py:588} INFO - Filling up the DagBag from /opt/airflow/dags/dag_with_python_operator.py
[2025-04-28T13:11:47.306+0000] {processor.py:925} INFO - DAG(s) 'first_with_python_v4' retrieved from /opt/airflow/dags/dag_with_python_operator.py
[2025-04-28T13:11:47.358+0000] {logging_mixin.py:190} INFO - [2025-04-28T13:11:47.358+0000] {dag.py:3239} INFO - Sync 1 DAGs
[2025-04-28T13:11:47.391+0000] {logging_mixin.py:190} INFO - [2025-04-28T13:11:47.391+0000] {dag.py:4180} INFO - Setting next_dagrun for first_with_python_v4 to 2025-02-28 00:00:00+00:00, run_after=2025-03-01 00:00:00+00:00
[2025-04-28T13:11:47.420+0000] {processor.py:208} INFO - Processing /opt/airflow/dags/dag_with_python_operator.py took 0.203 seconds
[2025-04-28T13:12:17.732+0000] {processor.py:186} INFO - Started process (PID=34054) to work on /opt/airflow/dags/dag_with_python_operator.py
[2025-04-28T13:12:17.734+0000] {processor.py:914} INFO - Processing file /opt/airflow/dags/dag_with_python_operator.py for tasks to queue
[2025-04-28T13:12:17.738+0000] {logging_mixin.py:190} INFO - [2025-04-28T13:12:17.738+0000] {dagbag.py:588} INFO - Filling up the DagBag from /opt/airflow/dags/dag_with_python_operator.py
[2025-04-28T13:12:17.762+0000] {processor.py:925} INFO - DAG(s) 'first_with_python_v4' retrieved from /opt/airflow/dags/dag_with_python_operator.py
[2025-04-28T13:12:17.795+0000] {logging_mixin.py:190} INFO - [2025-04-28T13:12:17.794+0000] {dag.py:3239} INFO - Sync 1 DAGs
[2025-04-28T13:12:17.828+0000] {logging_mixin.py:190} INFO - [2025-04-28T13:12:17.827+0000] {dag.py:4180} INFO - Setting next_dagrun for first_with_python_v4 to 2025-02-28 00:00:00+00:00, run_after=2025-03-01 00:00:00+00:00
[2025-04-28T13:12:17.857+0000] {processor.py:208} INFO - Processing /opt/airflow/dags/dag_with_python_operator.py took 0.133 seconds
[2025-04-28T13:12:48.287+0000] {processor.py:186} INFO - Started process (PID=34074) to work on /opt/airflow/dags/dag_with_python_operator.py
[2025-04-28T13:12:48.289+0000] {processor.py:914} INFO - Processing file /opt/airflow/dags/dag_with_python_operator.py for tasks to queue
[2025-04-28T13:12:48.293+0000] {logging_mixin.py:190} INFO - [2025-04-28T13:12:48.292+0000] {dagbag.py:588} INFO - Filling up the DagBag from /opt/airflow/dags/dag_with_python_operator.py
[2025-04-28T13:12:48.314+0000] {processor.py:925} INFO - DAG(s) 'first_with_python_v4' retrieved from /opt/airflow/dags/dag_with_python_operator.py
[2025-04-28T13:12:48.338+0000] {logging_mixin.py:190} INFO - [2025-04-28T13:12:48.338+0000] {dag.py:3239} INFO - Sync 1 DAGs
[2025-04-28T13:12:48.362+0000] {logging_mixin.py:190} INFO - [2025-04-28T13:12:48.362+0000] {dag.py:4180} INFO - Setting next_dagrun for first_with_python_v4 to 2025-02-28 00:00:00+00:00, run_after=2025-03-01 00:00:00+00:00
[2025-04-28T13:12:48.377+0000] {processor.py:208} INFO - Processing /opt/airflow/dags/dag_with_python_operator.py took 0.097 seconds
[2025-04-28T13:13:18.769+0000] {processor.py:186} INFO - Started process (PID=34095) to work on /opt/airflow/dags/dag_with_python_operator.py
[2025-04-28T13:13:18.771+0000] {processor.py:914} INFO - Processing file /opt/airflow/dags/dag_with_python_operator.py for tasks to queue
[2025-04-28T13:13:18.774+0000] {logging_mixin.py:190} INFO - [2025-04-28T13:13:18.773+0000] {dagbag.py:588} INFO - Filling up the DagBag from /opt/airflow/dags/dag_with_python_operator.py
[2025-04-28T13:13:18.795+0000] {processor.py:925} INFO - DAG(s) 'first_with_python_v4' retrieved from /opt/airflow/dags/dag_with_python_operator.py
[2025-04-28T13:13:18.818+0000] {logging_mixin.py:190} INFO - [2025-04-28T13:13:18.817+0000] {dag.py:3239} INFO - Sync 1 DAGs
[2025-04-28T13:13:18.836+0000] {logging_mixin.py:190} INFO - [2025-04-28T13:13:18.836+0000] {dag.py:4180} INFO - Setting next_dagrun for first_with_python_v4 to 2025-02-28 00:00:00+00:00, run_after=2025-03-01 00:00:00+00:00
[2025-04-28T13:13:18.855+0000] {processor.py:208} INFO - Processing /opt/airflow/dags/dag_with_python_operator.py took 0.091 seconds
[2025-04-28T13:13:49.340+0000] {processor.py:186} INFO - Started process (PID=34116) to work on /opt/airflow/dags/dag_with_python_operator.py
[2025-04-28T13:13:49.342+0000] {processor.py:914} INFO - Processing file /opt/airflow/dags/dag_with_python_operator.py for tasks to queue
[2025-04-28T13:13:49.349+0000] {logging_mixin.py:190} INFO - [2025-04-28T13:13:49.348+0000] {dagbag.py:588} INFO - Filling up the DagBag from /opt/airflow/dags/dag_with_python_operator.py
[2025-04-28T13:13:49.391+0000] {processor.py:925} INFO - DAG(s) 'first_with_python_v4' retrieved from /opt/airflow/dags/dag_with_python_operator.py
[2025-04-28T13:13:49.429+0000] {logging_mixin.py:190} INFO - [2025-04-28T13:13:49.429+0000] {dag.py:3239} INFO - Sync 1 DAGs
[2025-04-28T13:13:49.463+0000] {logging_mixin.py:190} INFO - [2025-04-28T13:13:49.462+0000] {dag.py:4180} INFO - Setting next_dagrun for first_with_python_v4 to 2025-02-28 00:00:00+00:00, run_after=2025-03-01 00:00:00+00:00
[2025-04-28T13:13:49.503+0000] {processor.py:208} INFO - Processing /opt/airflow/dags/dag_with_python_operator.py took 0.171 seconds
[2025-04-28T13:14:19.865+0000] {processor.py:186} INFO - Started process (PID=34137) to work on /opt/airflow/dags/dag_with_python_operator.py
[2025-04-28T13:14:19.868+0000] {processor.py:914} INFO - Processing file /opt/airflow/dags/dag_with_python_operator.py for tasks to queue
[2025-04-28T13:14:19.873+0000] {logging_mixin.py:190} INFO - [2025-04-28T13:14:19.873+0000] {dagbag.py:588} INFO - Filling up the DagBag from /opt/airflow/dags/dag_with_python_operator.py
[2025-04-28T13:14:19.898+0000] {processor.py:925} INFO - DAG(s) 'first_with_python_v4' retrieved from /opt/airflow/dags/dag_with_python_operator.py
[2025-04-28T13:14:19.937+0000] {logging_mixin.py:190} INFO - [2025-04-28T13:14:19.937+0000] {dag.py:3239} INFO - Sync 1 DAGs
[2025-04-28T13:14:19.971+0000] {logging_mixin.py:190} INFO - [2025-04-28T13:14:19.971+0000] {dag.py:4180} INFO - Setting next_dagrun for first_with_python_v4 to 2025-02-28 00:00:00+00:00, run_after=2025-03-01 00:00:00+00:00
[2025-04-28T13:14:19.997+0000] {processor.py:208} INFO - Processing /opt/airflow/dags/dag_with_python_operator.py took 0.140 seconds
[2025-04-28T13:14:50.392+0000] {processor.py:186} INFO - Started process (PID=34158) to work on /opt/airflow/dags/dag_with_python_operator.py
[2025-04-28T13:14:50.395+0000] {processor.py:914} INFO - Processing file /opt/airflow/dags/dag_with_python_operator.py for tasks to queue
[2025-04-28T13:14:50.400+0000] {logging_mixin.py:190} INFO - [2025-04-28T13:14:50.400+0000] {dagbag.py:588} INFO - Filling up the DagBag from /opt/airflow/dags/dag_with_python_operator.py
[2025-04-28T13:14:50.434+0000] {processor.py:925} INFO - DAG(s) 'first_with_python_v4' retrieved from /opt/airflow/dags/dag_with_python_operator.py
[2025-04-28T13:14:50.474+0000] {logging_mixin.py:190} INFO - [2025-04-28T13:14:50.473+0000] {dag.py:3239} INFO - Sync 1 DAGs
[2025-04-28T13:14:50.507+0000] {logging_mixin.py:190} INFO - [2025-04-28T13:14:50.507+0000] {dag.py:4180} INFO - Setting next_dagrun for first_with_python_v4 to 2025-02-28 00:00:00+00:00, run_after=2025-03-01 00:00:00+00:00
[2025-04-28T13:14:50.548+0000] {processor.py:208} INFO - Processing /opt/airflow/dags/dag_with_python_operator.py took 0.166 seconds
[2025-04-28T13:15:20.917+0000] {processor.py:186} INFO - Started process (PID=34179) to work on /opt/airflow/dags/dag_with_python_operator.py
[2025-04-28T13:15:20.919+0000] {processor.py:914} INFO - Processing file /opt/airflow/dags/dag_with_python_operator.py for tasks to queue
[2025-04-28T13:15:20.924+0000] {logging_mixin.py:190} INFO - [2025-04-28T13:15:20.923+0000] {dagbag.py:588} INFO - Filling up the DagBag from /opt/airflow/dags/dag_with_python_operator.py
[2025-04-28T13:15:20.952+0000] {processor.py:925} INFO - DAG(s) 'first_with_python_v4' retrieved from /opt/airflow/dags/dag_with_python_operator.py
[2025-04-28T13:15:20.975+0000] {logging_mixin.py:190} INFO - [2025-04-28T13:15:20.975+0000] {dag.py:3239} INFO - Sync 1 DAGs
[2025-04-28T13:15:20.994+0000] {logging_mixin.py:190} INFO - [2025-04-28T13:15:20.994+0000] {dag.py:4180} INFO - Setting next_dagrun for first_with_python_v4 to 2025-02-28 00:00:00+00:00, run_after=2025-03-01 00:00:00+00:00
[2025-04-28T13:15:21.018+0000] {processor.py:208} INFO - Processing /opt/airflow/dags/dag_with_python_operator.py took 0.108 seconds
[2025-04-28T13:15:51.641+0000] {processor.py:186} INFO - Started process (PID=34200) to work on /opt/airflow/dags/dag_with_python_operator.py
[2025-04-28T13:15:51.643+0000] {processor.py:914} INFO - Processing file /opt/airflow/dags/dag_with_python_operator.py for tasks to queue
[2025-04-28T13:15:51.646+0000] {logging_mixin.py:190} INFO - [2025-04-28T13:15:51.646+0000] {dagbag.py:588} INFO - Filling up the DagBag from /opt/airflow/dags/dag_with_python_operator.py
[2025-04-28T13:15:51.681+0000] {processor.py:925} INFO - DAG(s) 'first_with_python_v4' retrieved from /opt/airflow/dags/dag_with_python_operator.py
[2025-04-28T13:15:51.711+0000] {logging_mixin.py:190} INFO - [2025-04-28T13:15:51.711+0000] {dag.py:3239} INFO - Sync 1 DAGs
[2025-04-28T13:15:51.750+0000] {logging_mixin.py:190} INFO - [2025-04-28T13:15:51.750+0000] {dag.py:4180} INFO - Setting next_dagrun for first_with_python_v4 to 2025-02-28 00:00:00+00:00, run_after=2025-03-01 00:00:00+00:00
[2025-04-28T13:15:51.797+0000] {processor.py:208} INFO - Processing /opt/airflow/dags/dag_with_python_operator.py took 0.163 seconds
[2025-04-28T13:16:22.222+0000] {processor.py:186} INFO - Started process (PID=34221) to work on /opt/airflow/dags/dag_with_python_operator.py
[2025-04-28T13:16:22.225+0000] {processor.py:914} INFO - Processing file /opt/airflow/dags/dag_with_python_operator.py for tasks to queue
[2025-04-28T13:16:22.230+0000] {logging_mixin.py:190} INFO - [2025-04-28T13:16:22.230+0000] {dagbag.py:588} INFO - Filling up the DagBag from /opt/airflow/dags/dag_with_python_operator.py
[2025-04-28T13:16:22.257+0000] {processor.py:925} INFO - DAG(s) 'first_with_python_v4' retrieved from /opt/airflow/dags/dag_with_python_operator.py
[2025-04-28T13:16:22.290+0000] {logging_mixin.py:190} INFO - [2025-04-28T13:16:22.290+0000] {dag.py:3239} INFO - Sync 1 DAGs
[2025-04-28T13:16:22.334+0000] {logging_mixin.py:190} INFO - [2025-04-28T13:16:22.333+0000] {dag.py:4180} INFO - Setting next_dagrun for first_with_python_v4 to 2025-02-28 00:00:00+00:00, run_after=2025-03-01 00:00:00+00:00
[2025-04-28T13:16:22.362+0000] {processor.py:208} INFO - Processing /opt/airflow/dags/dag_with_python_operator.py took 0.151 seconds
[2025-04-28T13:16:52.803+0000] {processor.py:186} INFO - Started process (PID=34242) to work on /opt/airflow/dags/dag_with_python_operator.py
[2025-04-28T13:16:52.805+0000] {processor.py:914} INFO - Processing file /opt/airflow/dags/dag_with_python_operator.py for tasks to queue
[2025-04-28T13:16:52.810+0000] {logging_mixin.py:190} INFO - [2025-04-28T13:16:52.810+0000] {dagbag.py:588} INFO - Filling up the DagBag from /opt/airflow/dags/dag_with_python_operator.py
[2025-04-28T13:16:52.839+0000] {processor.py:925} INFO - DAG(s) 'first_with_python_v4' retrieved from /opt/airflow/dags/dag_with_python_operator.py
[2025-04-28T13:16:52.874+0000] {logging_mixin.py:190} INFO - [2025-04-28T13:16:52.873+0000] {dag.py:3239} INFO - Sync 1 DAGs
[2025-04-28T13:16:52.905+0000] {logging_mixin.py:190} INFO - [2025-04-28T13:16:52.905+0000] {dag.py:4180} INFO - Setting next_dagrun for first_with_python_v4 to 2025-02-28 00:00:00+00:00, run_after=2025-03-01 00:00:00+00:00
[2025-04-28T13:16:52.938+0000] {processor.py:208} INFO - Processing /opt/airflow/dags/dag_with_python_operator.py took 0.144 seconds
[2025-04-28T13:17:23.390+0000] {processor.py:186} INFO - Started process (PID=34263) to work on /opt/airflow/dags/dag_with_python_operator.py
[2025-04-28T13:17:23.393+0000] {processor.py:914} INFO - Processing file /opt/airflow/dags/dag_with_python_operator.py for tasks to queue
[2025-04-28T13:17:23.400+0000] {logging_mixin.py:190} INFO - [2025-04-28T13:17:23.399+0000] {dagbag.py:588} INFO - Filling up the DagBag from /opt/airflow/dags/dag_with_python_operator.py
[2025-04-28T13:17:23.433+0000] {processor.py:925} INFO - DAG(s) 'first_with_python_v4' retrieved from /opt/airflow/dags/dag_with_python_operator.py
[2025-04-28T13:17:23.479+0000] {logging_mixin.py:190} INFO - [2025-04-28T13:17:23.479+0000] {dag.py:3239} INFO - Sync 1 DAGs
[2025-04-28T13:17:23.524+0000] {logging_mixin.py:190} INFO - [2025-04-28T13:17:23.524+0000] {dag.py:4180} INFO - Setting next_dagrun for first_with_python_v4 to 2025-02-28 00:00:00+00:00, run_after=2025-03-01 00:00:00+00:00
[2025-04-28T13:17:23.559+0000] {processor.py:208} INFO - Processing /opt/airflow/dags/dag_with_python_operator.py took 0.180 seconds
[2025-04-28T13:17:53.809+0000] {processor.py:186} INFO - Started process (PID=34284) to work on /opt/airflow/dags/dag_with_python_operator.py
[2025-04-28T13:17:53.811+0000] {processor.py:914} INFO - Processing file /opt/airflow/dags/dag_with_python_operator.py for tasks to queue
[2025-04-28T13:17:53.814+0000] {logging_mixin.py:190} INFO - [2025-04-28T13:17:53.814+0000] {dagbag.py:588} INFO - Filling up the DagBag from /opt/airflow/dags/dag_with_python_operator.py
[2025-04-28T13:17:53.838+0000] {processor.py:925} INFO - DAG(s) 'first_with_python_v4' retrieved from /opt/airflow/dags/dag_with_python_operator.py
[2025-04-28T13:17:53.872+0000] {logging_mixin.py:190} INFO - [2025-04-28T13:17:53.871+0000] {dag.py:3239} INFO - Sync 1 DAGs
[2025-04-28T13:17:53.918+0000] {logging_mixin.py:190} INFO - [2025-04-28T13:17:53.918+0000] {dag.py:4180} INFO - Setting next_dagrun for first_with_python_v4 to 2025-02-28 00:00:00+00:00, run_after=2025-03-01 00:00:00+00:00
[2025-04-28T13:17:53.953+0000] {processor.py:208} INFO - Processing /opt/airflow/dags/dag_with_python_operator.py took 0.149 seconds
[2025-04-28T13:18:24.245+0000] {processor.py:186} INFO - Started process (PID=34305) to work on /opt/airflow/dags/dag_with_python_operator.py
[2025-04-28T13:18:24.247+0000] {processor.py:914} INFO - Processing file /opt/airflow/dags/dag_with_python_operator.py for tasks to queue
[2025-04-28T13:18:24.249+0000] {logging_mixin.py:190} INFO - [2025-04-28T13:18:24.249+0000] {dagbag.py:588} INFO - Filling up the DagBag from /opt/airflow/dags/dag_with_python_operator.py
[2025-04-28T13:18:24.273+0000] {processor.py:925} INFO - DAG(s) 'first_with_python_v4' retrieved from /opt/airflow/dags/dag_with_python_operator.py
[2025-04-28T13:18:24.309+0000] {logging_mixin.py:190} INFO - [2025-04-28T13:18:24.309+0000] {dag.py:3239} INFO - Sync 1 DAGs
[2025-04-28T13:18:24.331+0000] {logging_mixin.py:190} INFO - [2025-04-28T13:18:24.330+0000] {dag.py:4180} INFO - Setting next_dagrun for first_with_python_v4 to 2025-02-28 00:00:00+00:00, run_after=2025-03-01 00:00:00+00:00
[2025-04-28T13:18:24.346+0000] {processor.py:208} INFO - Processing /opt/airflow/dags/dag_with_python_operator.py took 0.105 seconds
[2025-04-28T13:18:54.814+0000] {processor.py:186} INFO - Started process (PID=34326) to work on /opt/airflow/dags/dag_with_python_operator.py
[2025-04-28T13:18:54.818+0000] {processor.py:914} INFO - Processing file /opt/airflow/dags/dag_with_python_operator.py for tasks to queue
[2025-04-28T13:18:54.823+0000] {logging_mixin.py:190} INFO - [2025-04-28T13:18:54.823+0000] {dagbag.py:588} INFO - Filling up the DagBag from /opt/airflow/dags/dag_with_python_operator.py
[2025-04-28T13:18:54.857+0000] {processor.py:925} INFO - DAG(s) 'first_with_python_v4' retrieved from /opt/airflow/dags/dag_with_python_operator.py
[2025-04-28T13:18:54.894+0000] {logging_mixin.py:190} INFO - [2025-04-28T13:18:54.893+0000] {dag.py:3239} INFO - Sync 1 DAGs
[2025-04-28T13:18:54.927+0000] {logging_mixin.py:190} INFO - [2025-04-28T13:18:54.927+0000] {dag.py:4180} INFO - Setting next_dagrun for first_with_python_v4 to 2025-02-28 00:00:00+00:00, run_after=2025-03-01 00:00:00+00:00
[2025-04-28T13:18:54.951+0000] {processor.py:208} INFO - Processing /opt/airflow/dags/dag_with_python_operator.py took 0.146 seconds
[2025-04-28T13:19:25.412+0000] {processor.py:186} INFO - Started process (PID=34347) to work on /opt/airflow/dags/dag_with_python_operator.py
[2025-04-28T13:19:25.416+0000] {processor.py:914} INFO - Processing file /opt/airflow/dags/dag_with_python_operator.py for tasks to queue
[2025-04-28T13:19:25.423+0000] {logging_mixin.py:190} INFO - [2025-04-28T13:19:25.423+0000] {dagbag.py:588} INFO - Filling up the DagBag from /opt/airflow/dags/dag_with_python_operator.py
[2025-04-28T13:19:25.455+0000] {processor.py:925} INFO - DAG(s) 'first_with_python_v4' retrieved from /opt/airflow/dags/dag_with_python_operator.py
[2025-04-28T13:19:25.500+0000] {logging_mixin.py:190} INFO - [2025-04-28T13:19:25.499+0000] {dag.py:3239} INFO - Sync 1 DAGs
[2025-04-28T13:19:25.545+0000] {logging_mixin.py:190} INFO - [2025-04-28T13:19:25.544+0000] {dag.py:4180} INFO - Setting next_dagrun for first_with_python_v4 to 2025-02-28 00:00:00+00:00, run_after=2025-03-01 00:00:00+00:00
[2025-04-28T13:19:25.579+0000] {processor.py:208} INFO - Processing /opt/airflow/dags/dag_with_python_operator.py took 0.176 seconds
[2025-04-28T13:19:55.939+0000] {processor.py:186} INFO - Started process (PID=34368) to work on /opt/airflow/dags/dag_with_python_operator.py
[2025-04-28T13:19:55.942+0000] {processor.py:914} INFO - Processing file /opt/airflow/dags/dag_with_python_operator.py for tasks to queue
[2025-04-28T13:19:55.948+0000] {logging_mixin.py:190} INFO - [2025-04-28T13:19:55.948+0000] {dagbag.py:588} INFO - Filling up the DagBag from /opt/airflow/dags/dag_with_python_operator.py
[2025-04-28T13:19:55.984+0000] {processor.py:925} INFO - DAG(s) 'first_with_python_v4' retrieved from /opt/airflow/dags/dag_with_python_operator.py
[2025-04-28T13:19:56.037+0000] {logging_mixin.py:190} INFO - [2025-04-28T13:19:56.036+0000] {dag.py:3239} INFO - Sync 1 DAGs
[2025-04-28T13:19:56.083+0000] {logging_mixin.py:190} INFO - [2025-04-28T13:19:56.082+0000] {dag.py:4180} INFO - Setting next_dagrun for first_with_python_v4 to 2025-02-28 00:00:00+00:00, run_after=2025-03-01 00:00:00+00:00
[2025-04-28T13:19:56.119+0000] {processor.py:208} INFO - Processing /opt/airflow/dags/dag_with_python_operator.py took 0.192 seconds
[2025-04-28T13:20:26.471+0000] {processor.py:186} INFO - Started process (PID=34389) to work on /opt/airflow/dags/dag_with_python_operator.py
[2025-04-28T13:20:26.474+0000] {processor.py:914} INFO - Processing file /opt/airflow/dags/dag_with_python_operator.py for tasks to queue
[2025-04-28T13:20:26.478+0000] {logging_mixin.py:190} INFO - [2025-04-28T13:20:26.477+0000] {dagbag.py:588} INFO - Filling up the DagBag from /opt/airflow/dags/dag_with_python_operator.py
[2025-04-28T13:20:26.498+0000] {processor.py:925} INFO - DAG(s) 'first_with_python_v4' retrieved from /opt/airflow/dags/dag_with_python_operator.py
[2025-04-28T13:20:26.519+0000] {logging_mixin.py:190} INFO - [2025-04-28T13:20:26.518+0000] {dag.py:3239} INFO - Sync 1 DAGs
[2025-04-28T13:20:26.538+0000] {logging_mixin.py:190} INFO - [2025-04-28T13:20:26.538+0000] {dag.py:4180} INFO - Setting next_dagrun for first_with_python_v4 to 2025-02-28 00:00:00+00:00, run_after=2025-03-01 00:00:00+00:00
[2025-04-28T13:20:26.561+0000] {processor.py:208} INFO - Processing /opt/airflow/dags/dag_with_python_operator.py took 0.096 seconds
[2025-04-28T13:20:57.027+0000] {processor.py:186} INFO - Started process (PID=34410) to work on /opt/airflow/dags/dag_with_python_operator.py
[2025-04-28T13:20:57.031+0000] {processor.py:914} INFO - Processing file /opt/airflow/dags/dag_with_python_operator.py for tasks to queue
[2025-04-28T13:20:57.035+0000] {logging_mixin.py:190} INFO - [2025-04-28T13:20:57.035+0000] {dagbag.py:588} INFO - Filling up the DagBag from /opt/airflow/dags/dag_with_python_operator.py
[2025-04-28T13:20:57.061+0000] {processor.py:925} INFO - DAG(s) 'first_with_python_v4' retrieved from /opt/airflow/dags/dag_with_python_operator.py
[2025-04-28T13:20:57.102+0000] {logging_mixin.py:190} INFO - [2025-04-28T13:20:57.101+0000] {dag.py:3239} INFO - Sync 1 DAGs
[2025-04-28T13:20:57.139+0000] {logging_mixin.py:190} INFO - [2025-04-28T13:20:57.138+0000] {dag.py:4180} INFO - Setting next_dagrun for first_with_python_v4 to 2025-02-28 00:00:00+00:00, run_after=2025-03-01 00:00:00+00:00
[2025-04-28T13:20:57.166+0000] {processor.py:208} INFO - Processing /opt/airflow/dags/dag_with_python_operator.py took 0.152 seconds
[2025-04-28T13:21:27.686+0000] {processor.py:186} INFO - Started process (PID=34431) to work on /opt/airflow/dags/dag_with_python_operator.py
[2025-04-28T13:21:27.689+0000] {processor.py:914} INFO - Processing file /opt/airflow/dags/dag_with_python_operator.py for tasks to queue
[2025-04-28T13:21:27.694+0000] {logging_mixin.py:190} INFO - [2025-04-28T13:21:27.693+0000] {dagbag.py:588} INFO - Filling up the DagBag from /opt/airflow/dags/dag_with_python_operator.py
[2025-04-28T13:21:27.724+0000] {processor.py:925} INFO - DAG(s) 'first_with_python_v4' retrieved from /opt/airflow/dags/dag_with_python_operator.py
[2025-04-28T13:21:27.763+0000] {logging_mixin.py:190} INFO - [2025-04-28T13:21:27.762+0000] {dag.py:3239} INFO - Sync 1 DAGs
[2025-04-28T13:21:27.797+0000] {logging_mixin.py:190} INFO - [2025-04-28T13:21:27.797+0000] {dag.py:4180} INFO - Setting next_dagrun for first_with_python_v4 to 2025-02-28 00:00:00+00:00, run_after=2025-03-01 00:00:00+00:00
[2025-04-28T13:21:27.828+0000] {processor.py:208} INFO - Processing /opt/airflow/dags/dag_with_python_operator.py took 0.153 seconds
[2025-04-28T13:21:58.185+0000] {processor.py:186} INFO - Started process (PID=34452) to work on /opt/airflow/dags/dag_with_python_operator.py
[2025-04-28T13:21:58.186+0000] {processor.py:914} INFO - Processing file /opt/airflow/dags/dag_with_python_operator.py for tasks to queue
[2025-04-28T13:21:58.189+0000] {logging_mixin.py:190} INFO - [2025-04-28T13:21:58.189+0000] {dagbag.py:588} INFO - Filling up the DagBag from /opt/airflow/dags/dag_with_python_operator.py
[2025-04-28T13:21:58.207+0000] {processor.py:925} INFO - DAG(s) 'first_with_python_v4' retrieved from /opt/airflow/dags/dag_with_python_operator.py
[2025-04-28T13:21:58.229+0000] {logging_mixin.py:190} INFO - [2025-04-28T13:21:58.228+0000] {dag.py:3239} INFO - Sync 1 DAGs
[2025-04-28T13:21:58.250+0000] {logging_mixin.py:190} INFO - [2025-04-28T13:21:58.250+0000] {dag.py:4180} INFO - Setting next_dagrun for first_with_python_v4 to 2025-02-28 00:00:00+00:00, run_after=2025-03-01 00:00:00+00:00
[2025-04-28T13:21:58.269+0000] {processor.py:208} INFO - Processing /opt/airflow/dags/dag_with_python_operator.py took 0.089 seconds
[2025-04-28T13:22:28.749+0000] {processor.py:186} INFO - Started process (PID=34473) to work on /opt/airflow/dags/dag_with_python_operator.py
[2025-04-28T13:22:28.751+0000] {processor.py:914} INFO - Processing file /opt/airflow/dags/dag_with_python_operator.py for tasks to queue
[2025-04-28T13:22:28.755+0000] {logging_mixin.py:190} INFO - [2025-04-28T13:22:28.754+0000] {dagbag.py:588} INFO - Filling up the DagBag from /opt/airflow/dags/dag_with_python_operator.py
[2025-04-28T13:22:28.782+0000] {processor.py:925} INFO - DAG(s) 'first_with_python_v4' retrieved from /opt/airflow/dags/dag_with_python_operator.py
[2025-04-28T13:22:28.821+0000] {logging_mixin.py:190} INFO - [2025-04-28T13:22:28.820+0000] {dag.py:3239} INFO - Sync 1 DAGs
[2025-04-28T13:22:28.864+0000] {logging_mixin.py:190} INFO - [2025-04-28T13:22:28.863+0000] {dag.py:4180} INFO - Setting next_dagrun for first_with_python_v4 to 2025-02-28 00:00:00+00:00, run_after=2025-03-01 00:00:00+00:00
[2025-04-28T13:22:28.899+0000] {processor.py:208} INFO - Processing /opt/airflow/dags/dag_with_python_operator.py took 0.157 seconds
[2025-04-28T13:22:59.174+0000] {processor.py:186} INFO - Started process (PID=34494) to work on /opt/airflow/dags/dag_with_python_operator.py
[2025-04-28T13:22:59.176+0000] {processor.py:914} INFO - Processing file /opt/airflow/dags/dag_with_python_operator.py for tasks to queue
[2025-04-28T13:22:59.180+0000] {logging_mixin.py:190} INFO - [2025-04-28T13:22:59.180+0000] {dagbag.py:588} INFO - Filling up the DagBag from /opt/airflow/dags/dag_with_python_operator.py
[2025-04-28T13:22:59.199+0000] {processor.py:925} INFO - DAG(s) 'first_with_python_v4' retrieved from /opt/airflow/dags/dag_with_python_operator.py
[2025-04-28T13:22:59.222+0000] {logging_mixin.py:190} INFO - [2025-04-28T13:22:59.222+0000] {dag.py:3239} INFO - Sync 1 DAGs
[2025-04-28T13:22:59.247+0000] {logging_mixin.py:190} INFO - [2025-04-28T13:22:59.247+0000] {dag.py:4180} INFO - Setting next_dagrun for first_with_python_v4 to 2025-02-28 00:00:00+00:00, run_after=2025-03-01 00:00:00+00:00
[2025-04-28T13:22:59.274+0000] {processor.py:208} INFO - Processing /opt/airflow/dags/dag_with_python_operator.py took 0.104 seconds
[2025-04-28T13:23:29.737+0000] {processor.py:186} INFO - Started process (PID=34515) to work on /opt/airflow/dags/dag_with_python_operator.py
[2025-04-28T13:23:29.740+0000] {processor.py:914} INFO - Processing file /opt/airflow/dags/dag_with_python_operator.py for tasks to queue
[2025-04-28T13:23:29.747+0000] {logging_mixin.py:190} INFO - [2025-04-28T13:23:29.746+0000] {dagbag.py:588} INFO - Filling up the DagBag from /opt/airflow/dags/dag_with_python_operator.py
[2025-04-28T13:23:29.784+0000] {processor.py:925} INFO - DAG(s) 'first_with_python_v4' retrieved from /opt/airflow/dags/dag_with_python_operator.py
[2025-04-28T13:23:29.829+0000] {logging_mixin.py:190} INFO - [2025-04-28T13:23:29.829+0000] {dag.py:3239} INFO - Sync 1 DAGs
[2025-04-28T13:23:29.866+0000] {logging_mixin.py:190} INFO - [2025-04-28T13:23:29.865+0000] {dag.py:4180} INFO - Setting next_dagrun for first_with_python_v4 to 2025-02-28 00:00:00+00:00, run_after=2025-03-01 00:00:00+00:00
[2025-04-28T13:23:29.907+0000] {processor.py:208} INFO - Processing /opt/airflow/dags/dag_with_python_operator.py took 0.182 seconds
[2025-04-28T13:24:00.439+0000] {processor.py:186} INFO - Started process (PID=34536) to work on /opt/airflow/dags/dag_with_python_operator.py
[2025-04-28T13:24:00.442+0000] {processor.py:914} INFO - Processing file /opt/airflow/dags/dag_with_python_operator.py for tasks to queue
[2025-04-28T13:24:00.447+0000] {logging_mixin.py:190} INFO - [2025-04-28T13:24:00.447+0000] {dagbag.py:588} INFO - Filling up the DagBag from /opt/airflow/dags/dag_with_python_operator.py
[2025-04-28T13:24:00.507+0000] {processor.py:925} INFO - DAG(s) 'first_with_python_v4' retrieved from /opt/airflow/dags/dag_with_python_operator.py
[2025-04-28T13:24:00.542+0000] {logging_mixin.py:190} INFO - [2025-04-28T13:24:00.541+0000] {dag.py:3239} INFO - Sync 1 DAGs
[2025-04-28T13:24:00.595+0000] {logging_mixin.py:190} INFO - [2025-04-28T13:24:00.595+0000] {dag.py:4180} INFO - Setting next_dagrun for first_with_python_v4 to 2025-02-28 00:00:00+00:00, run_after=2025-03-01 00:00:00+00:00
[2025-04-28T13:24:00.620+0000] {processor.py:208} INFO - Processing /opt/airflow/dags/dag_with_python_operator.py took 0.187 seconds
[2025-04-28T13:24:30.925+0000] {processor.py:186} INFO - Started process (PID=34557) to work on /opt/airflow/dags/dag_with_python_operator.py
[2025-04-28T13:24:30.928+0000] {processor.py:914} INFO - Processing file /opt/airflow/dags/dag_with_python_operator.py for tasks to queue
[2025-04-28T13:24:30.933+0000] {logging_mixin.py:190} INFO - [2025-04-28T13:24:30.933+0000] {dagbag.py:588} INFO - Filling up the DagBag from /opt/airflow/dags/dag_with_python_operator.py
[2025-04-28T13:24:30.966+0000] {processor.py:925} INFO - DAG(s) 'first_with_python_v4' retrieved from /opt/airflow/dags/dag_with_python_operator.py
[2025-04-28T13:24:31.003+0000] {logging_mixin.py:190} INFO - [2025-04-28T13:24:31.002+0000] {dag.py:3239} INFO - Sync 1 DAGs
[2025-04-28T13:24:31.036+0000] {logging_mixin.py:190} INFO - [2025-04-28T13:24:31.035+0000] {dag.py:4180} INFO - Setting next_dagrun for first_with_python_v4 to 2025-02-28 00:00:00+00:00, run_after=2025-03-01 00:00:00+00:00
[2025-04-28T13:24:31.063+0000] {processor.py:208} INFO - Processing /opt/airflow/dags/dag_with_python_operator.py took 0.149 seconds
[2025-04-28T13:25:01.511+0000] {processor.py:186} INFO - Started process (PID=34584) to work on /opt/airflow/dags/dag_with_python_operator.py
[2025-04-28T13:25:01.513+0000] {processor.py:914} INFO - Processing file /opt/airflow/dags/dag_with_python_operator.py for tasks to queue
[2025-04-28T13:25:01.518+0000] {logging_mixin.py:190} INFO - [2025-04-28T13:25:01.517+0000] {dagbag.py:588} INFO - Filling up the DagBag from /opt/airflow/dags/dag_with_python_operator.py
[2025-04-28T13:25:01.547+0000] {processor.py:925} INFO - DAG(s) 'first_with_python_v4' retrieved from /opt/airflow/dags/dag_with_python_operator.py
[2025-04-28T13:25:01.586+0000] {logging_mixin.py:190} INFO - [2025-04-28T13:25:01.585+0000] {dag.py:3239} INFO - Sync 1 DAGs
[2025-04-28T13:25:01.631+0000] {logging_mixin.py:190} INFO - [2025-04-28T13:25:01.631+0000] {dag.py:4180} INFO - Setting next_dagrun for first_with_python_v4 to 2025-02-28 00:00:00+00:00, run_after=2025-03-01 00:00:00+00:00
[2025-04-28T13:25:01.659+0000] {processor.py:208} INFO - Processing /opt/airflow/dags/dag_with_python_operator.py took 0.158 seconds
[2025-04-28T13:25:32.111+0000] {processor.py:186} INFO - Started process (PID=34605) to work on /opt/airflow/dags/dag_with_python_operator.py
[2025-04-28T13:25:32.114+0000] {processor.py:914} INFO - Processing file /opt/airflow/dags/dag_with_python_operator.py for tasks to queue
[2025-04-28T13:25:32.119+0000] {logging_mixin.py:190} INFO - [2025-04-28T13:25:32.118+0000] {dagbag.py:588} INFO - Filling up the DagBag from /opt/airflow/dags/dag_with_python_operator.py
[2025-04-28T13:25:32.150+0000] {processor.py:925} INFO - DAG(s) 'first_with_python_v4' retrieved from /opt/airflow/dags/dag_with_python_operator.py
[2025-04-28T13:25:32.198+0000] {logging_mixin.py:190} INFO - [2025-04-28T13:25:32.198+0000] {dag.py:3239} INFO - Sync 1 DAGs
[2025-04-28T13:25:32.240+0000] {logging_mixin.py:190} INFO - [2025-04-28T13:25:32.240+0000] {dag.py:4180} INFO - Setting next_dagrun for first_with_python_v4 to 2025-02-28 00:00:00+00:00, run_after=2025-03-01 00:00:00+00:00
[2025-04-28T13:25:32.264+0000] {processor.py:208} INFO - Processing /opt/airflow/dags/dag_with_python_operator.py took 0.162 seconds
[2025-04-28T13:26:02.662+0000] {processor.py:186} INFO - Started process (PID=34626) to work on /opt/airflow/dags/dag_with_python_operator.py
[2025-04-28T13:26:02.664+0000] {processor.py:914} INFO - Processing file /opt/airflow/dags/dag_with_python_operator.py for tasks to queue
[2025-04-28T13:26:02.671+0000] {logging_mixin.py:190} INFO - [2025-04-28T13:26:02.671+0000] {dagbag.py:588} INFO - Filling up the DagBag from /opt/airflow/dags/dag_with_python_operator.py
[2025-04-28T13:26:02.707+0000] {processor.py:925} INFO - DAG(s) 'first_with_python_v4' retrieved from /opt/airflow/dags/dag_with_python_operator.py
[2025-04-28T13:26:02.740+0000] {logging_mixin.py:190} INFO - [2025-04-28T13:26:02.740+0000] {dag.py:3239} INFO - Sync 1 DAGs
[2025-04-28T13:26:02.778+0000] {logging_mixin.py:190} INFO - [2025-04-28T13:26:02.777+0000] {dag.py:4180} INFO - Setting next_dagrun for first_with_python_v4 to 2025-02-28 00:00:00+00:00, run_after=2025-03-01 00:00:00+00:00
[2025-04-28T13:26:02.801+0000] {processor.py:208} INFO - Processing /opt/airflow/dags/dag_with_python_operator.py took 0.151 seconds
[2025-04-28T13:26:33.137+0000] {processor.py:186} INFO - Started process (PID=34647) to work on /opt/airflow/dags/dag_with_python_operator.py
[2025-04-28T13:26:33.140+0000] {processor.py:914} INFO - Processing file /opt/airflow/dags/dag_with_python_operator.py for tasks to queue
[2025-04-28T13:26:33.144+0000] {logging_mixin.py:190} INFO - [2025-04-28T13:26:33.144+0000] {dagbag.py:588} INFO - Filling up the DagBag from /opt/airflow/dags/dag_with_python_operator.py
[2025-04-28T13:26:33.162+0000] {processor.py:925} INFO - DAG(s) 'first_with_python_v4' retrieved from /opt/airflow/dags/dag_with_python_operator.py
[2025-04-28T13:26:33.184+0000] {logging_mixin.py:190} INFO - [2025-04-28T13:26:33.183+0000] {dag.py:3239} INFO - Sync 1 DAGs
[2025-04-28T13:26:33.203+0000] {logging_mixin.py:190} INFO - [2025-04-28T13:26:33.203+0000] {dag.py:4180} INFO - Setting next_dagrun for first_with_python_v4 to 2025-02-28 00:00:00+00:00, run_after=2025-03-01 00:00:00+00:00
[2025-04-28T13:26:33.223+0000] {processor.py:208} INFO - Processing /opt/airflow/dags/dag_with_python_operator.py took 0.090 seconds
[2025-04-28T13:27:03.670+0000] {processor.py:186} INFO - Started process (PID=34668) to work on /opt/airflow/dags/dag_with_python_operator.py
[2025-04-28T13:27:03.672+0000] {processor.py:914} INFO - Processing file /opt/airflow/dags/dag_with_python_operator.py for tasks to queue
[2025-04-28T13:27:03.678+0000] {logging_mixin.py:190} INFO - [2025-04-28T13:27:03.677+0000] {dagbag.py:588} INFO - Filling up the DagBag from /opt/airflow/dags/dag_with_python_operator.py
[2025-04-28T13:27:03.709+0000] {processor.py:925} INFO - DAG(s) 'first_with_python_v4' retrieved from /opt/airflow/dags/dag_with_python_operator.py
[2025-04-28T13:27:03.750+0000] {logging_mixin.py:190} INFO - [2025-04-28T13:27:03.749+0000] {dag.py:3239} INFO - Sync 1 DAGs
[2025-04-28T13:27:03.789+0000] {logging_mixin.py:190} INFO - [2025-04-28T13:27:03.788+0000] {dag.py:4180} INFO - Setting next_dagrun for first_with_python_v4 to 2025-02-28 00:00:00+00:00, run_after=2025-03-01 00:00:00+00:00
[2025-04-28T13:27:03.830+0000] {processor.py:208} INFO - Processing /opt/airflow/dags/dag_with_python_operator.py took 0.172 seconds
[2025-04-28T13:27:34.342+0000] {processor.py:186} INFO - Started process (PID=34689) to work on /opt/airflow/dags/dag_with_python_operator.py
[2025-04-28T13:27:34.344+0000] {processor.py:914} INFO - Processing file /opt/airflow/dags/dag_with_python_operator.py for tasks to queue
[2025-04-28T13:27:34.349+0000] {logging_mixin.py:190} INFO - [2025-04-28T13:27:34.348+0000] {dagbag.py:588} INFO - Filling up the DagBag from /opt/airflow/dags/dag_with_python_operator.py
[2025-04-28T13:27:34.382+0000] {processor.py:925} INFO - DAG(s) 'first_with_python_v4' retrieved from /opt/airflow/dags/dag_with_python_operator.py
[2025-04-28T13:27:34.408+0000] {logging_mixin.py:190} INFO - [2025-04-28T13:27:34.408+0000] {dag.py:3239} INFO - Sync 1 DAGs
[2025-04-28T13:27:34.436+0000] {logging_mixin.py:190} INFO - [2025-04-28T13:27:34.435+0000] {dag.py:4180} INFO - Setting next_dagrun for first_with_python_v4 to 2025-02-28 00:00:00+00:00, run_after=2025-03-01 00:00:00+00:00
[2025-04-28T13:27:34.461+0000] {processor.py:208} INFO - Processing /opt/airflow/dags/dag_with_python_operator.py took 0.126 seconds
[2025-04-28T13:28:04.950+0000] {processor.py:186} INFO - Started process (PID=34710) to work on /opt/airflow/dags/dag_with_python_operator.py
[2025-04-28T13:28:04.961+0000] {processor.py:914} INFO - Processing file /opt/airflow/dags/dag_with_python_operator.py for tasks to queue
[2025-04-28T13:28:04.967+0000] {logging_mixin.py:190} INFO - [2025-04-28T13:28:04.966+0000] {dagbag.py:588} INFO - Filling up the DagBag from /opt/airflow/dags/dag_with_python_operator.py
[2025-04-28T13:28:04.990+0000] {processor.py:925} INFO - DAG(s) 'first_with_python_v4' retrieved from /opt/airflow/dags/dag_with_python_operator.py
[2025-04-28T13:28:05.018+0000] {logging_mixin.py:190} INFO - [2025-04-28T13:28:05.018+0000] {dag.py:3239} INFO - Sync 1 DAGs
[2025-04-28T13:28:05.050+0000] {logging_mixin.py:190} INFO - [2025-04-28T13:28:05.049+0000] {dag.py:4180} INFO - Setting next_dagrun for first_with_python_v4 to 2025-02-28 00:00:00+00:00, run_after=2025-03-01 00:00:00+00:00
[2025-04-28T13:28:05.074+0000] {processor.py:208} INFO - Processing /opt/airflow/dags/dag_with_python_operator.py took 0.144 seconds
[2025-04-28T13:28:35.510+0000] {processor.py:186} INFO - Started process (PID=34731) to work on /opt/airflow/dags/dag_with_python_operator.py
[2025-04-28T13:28:35.513+0000] {processor.py:914} INFO - Processing file /opt/airflow/dags/dag_with_python_operator.py for tasks to queue
[2025-04-28T13:28:35.518+0000] {logging_mixin.py:190} INFO - [2025-04-28T13:28:35.517+0000] {dagbag.py:588} INFO - Filling up the DagBag from /opt/airflow/dags/dag_with_python_operator.py
[2025-04-28T13:28:35.544+0000] {processor.py:925} INFO - DAG(s) 'first_with_python_v4' retrieved from /opt/airflow/dags/dag_with_python_operator.py
[2025-04-28T13:28:35.582+0000] {logging_mixin.py:190} INFO - [2025-04-28T13:28:35.581+0000] {dag.py:3239} INFO - Sync 1 DAGs
[2025-04-28T13:28:35.624+0000] {logging_mixin.py:190} INFO - [2025-04-28T13:28:35.623+0000] {dag.py:4180} INFO - Setting next_dagrun for first_with_python_v4 to 2025-02-28 00:00:00+00:00, run_after=2025-03-01 00:00:00+00:00
[2025-04-28T13:28:35.652+0000] {processor.py:208} INFO - Processing /opt/airflow/dags/dag_with_python_operator.py took 0.154 seconds
[2025-04-28T13:29:06.049+0000] {processor.py:186} INFO - Started process (PID=34752) to work on /opt/airflow/dags/dag_with_python_operator.py
[2025-04-28T13:29:06.053+0000] {processor.py:914} INFO - Processing file /opt/airflow/dags/dag_with_python_operator.py for tasks to queue
[2025-04-28T13:29:06.061+0000] {logging_mixin.py:190} INFO - [2025-04-28T13:29:06.060+0000] {dagbag.py:588} INFO - Filling up the DagBag from /opt/airflow/dags/dag_with_python_operator.py
[2025-04-28T13:29:06.091+0000] {processor.py:925} INFO - DAG(s) 'first_with_python_v4' retrieved from /opt/airflow/dags/dag_with_python_operator.py
[2025-04-28T13:29:06.127+0000] {logging_mixin.py:190} INFO - [2025-04-28T13:29:06.126+0000] {dag.py:3239} INFO - Sync 1 DAGs
[2025-04-28T13:29:06.173+0000] {logging_mixin.py:190} INFO - [2025-04-28T13:29:06.173+0000] {dag.py:4180} INFO - Setting next_dagrun for first_with_python_v4 to 2025-02-28 00:00:00+00:00, run_after=2025-03-01 00:00:00+00:00
[2025-04-28T13:29:06.204+0000] {processor.py:208} INFO - Processing /opt/airflow/dags/dag_with_python_operator.py took 0.170 seconds
[2025-04-28T13:29:36.592+0000] {processor.py:186} INFO - Started process (PID=34773) to work on /opt/airflow/dags/dag_with_python_operator.py
[2025-04-28T13:29:36.594+0000] {processor.py:914} INFO - Processing file /opt/airflow/dags/dag_with_python_operator.py for tasks to queue
[2025-04-28T13:29:36.598+0000] {logging_mixin.py:190} INFO - [2025-04-28T13:29:36.598+0000] {dagbag.py:588} INFO - Filling up the DagBag from /opt/airflow/dags/dag_with_python_operator.py
[2025-04-28T13:29:36.627+0000] {processor.py:925} INFO - DAG(s) 'first_with_python_v4' retrieved from /opt/airflow/dags/dag_with_python_operator.py
[2025-04-28T13:29:36.666+0000] {logging_mixin.py:190} INFO - [2025-04-28T13:29:36.665+0000] {dag.py:3239} INFO - Sync 1 DAGs
[2025-04-28T13:29:36.700+0000] {logging_mixin.py:190} INFO - [2025-04-28T13:29:36.699+0000] {dag.py:4180} INFO - Setting next_dagrun for first_with_python_v4 to 2025-02-28 00:00:00+00:00, run_after=2025-03-01 00:00:00+00:00
[2025-04-28T13:29:36.728+0000] {processor.py:208} INFO - Processing /opt/airflow/dags/dag_with_python_operator.py took 0.146 seconds
[2025-04-28T13:30:07.205+0000] {processor.py:186} INFO - Started process (PID=34794) to work on /opt/airflow/dags/dag_with_python_operator.py
[2025-04-28T13:30:07.208+0000] {processor.py:914} INFO - Processing file /opt/airflow/dags/dag_with_python_operator.py for tasks to queue
[2025-04-28T13:30:07.215+0000] {logging_mixin.py:190} INFO - [2025-04-28T13:30:07.214+0000] {dagbag.py:588} INFO - Filling up the DagBag from /opt/airflow/dags/dag_with_python_operator.py
[2025-04-28T13:30:07.247+0000] {processor.py:925} INFO - DAG(s) 'first_with_python_v4' retrieved from /opt/airflow/dags/dag_with_python_operator.py
[2025-04-28T13:30:07.281+0000] {logging_mixin.py:190} INFO - [2025-04-28T13:30:07.281+0000] {dag.py:3239} INFO - Sync 1 DAGs
[2025-04-28T13:30:07.316+0000] {logging_mixin.py:190} INFO - [2025-04-28T13:30:07.315+0000] {dag.py:4180} INFO - Setting next_dagrun for first_with_python_v4 to 2025-02-28 00:00:00+00:00, run_after=2025-03-01 00:00:00+00:00
[2025-04-28T13:30:07.343+0000] {processor.py:208} INFO - Processing /opt/airflow/dags/dag_with_python_operator.py took 0.148 seconds
[2025-04-28T13:30:37.744+0000] {processor.py:186} INFO - Started process (PID=34815) to work on /opt/airflow/dags/dag_with_python_operator.py
[2025-04-28T13:30:37.746+0000] {processor.py:914} INFO - Processing file /opt/airflow/dags/dag_with_python_operator.py for tasks to queue
[2025-04-28T13:30:37.751+0000] {logging_mixin.py:190} INFO - [2025-04-28T13:30:37.751+0000] {dagbag.py:588} INFO - Filling up the DagBag from /opt/airflow/dags/dag_with_python_operator.py
[2025-04-28T13:30:37.782+0000] {processor.py:925} INFO - DAG(s) 'first_with_python_v4' retrieved from /opt/airflow/dags/dag_with_python_operator.py
[2025-04-28T13:30:37.832+0000] {logging_mixin.py:190} INFO - [2025-04-28T13:30:37.832+0000] {dag.py:3239} INFO - Sync 1 DAGs
[2025-04-28T13:30:37.875+0000] {logging_mixin.py:190} INFO - [2025-04-28T13:30:37.875+0000] {dag.py:4180} INFO - Setting next_dagrun for first_with_python_v4 to 2025-02-28 00:00:00+00:00, run_after=2025-03-01 00:00:00+00:00
[2025-04-28T13:30:37.906+0000] {processor.py:208} INFO - Processing /opt/airflow/dags/dag_with_python_operator.py took 0.171 seconds
[2025-04-28T13:31:08.280+0000] {processor.py:186} INFO - Started process (PID=34836) to work on /opt/airflow/dags/dag_with_python_operator.py
[2025-04-28T13:31:08.284+0000] {processor.py:914} INFO - Processing file /opt/airflow/dags/dag_with_python_operator.py for tasks to queue
[2025-04-28T13:31:08.291+0000] {logging_mixin.py:190} INFO - [2025-04-28T13:31:08.290+0000] {dagbag.py:588} INFO - Filling up the DagBag from /opt/airflow/dags/dag_with_python_operator.py
[2025-04-28T13:31:08.324+0000] {processor.py:925} INFO - DAG(s) 'first_with_python_v4' retrieved from /opt/airflow/dags/dag_with_python_operator.py
[2025-04-28T13:31:08.358+0000] {logging_mixin.py:190} INFO - [2025-04-28T13:31:08.357+0000] {dag.py:3239} INFO - Sync 1 DAGs
[2025-04-28T13:31:08.392+0000] {logging_mixin.py:190} INFO - [2025-04-28T13:31:08.392+0000] {dag.py:4180} INFO - Setting next_dagrun for first_with_python_v4 to 2025-02-28 00:00:00+00:00, run_after=2025-03-01 00:00:00+00:00
[2025-04-28T13:31:08.428+0000] {processor.py:208} INFO - Processing /opt/airflow/dags/dag_with_python_operator.py took 0.158 seconds
[2025-04-28T13:31:38.875+0000] {processor.py:186} INFO - Started process (PID=34857) to work on /opt/airflow/dags/dag_with_python_operator.py
[2025-04-28T13:31:38.877+0000] {processor.py:914} INFO - Processing file /opt/airflow/dags/dag_with_python_operator.py for tasks to queue
[2025-04-28T13:31:38.883+0000] {logging_mixin.py:190} INFO - [2025-04-28T13:31:38.882+0000] {dagbag.py:588} INFO - Filling up the DagBag from /opt/airflow/dags/dag_with_python_operator.py
[2025-04-28T13:31:38.916+0000] {processor.py:925} INFO - DAG(s) 'first_with_python_v4' retrieved from /opt/airflow/dags/dag_with_python_operator.py
[2025-04-28T13:31:38.957+0000] {logging_mixin.py:190} INFO - [2025-04-28T13:31:38.957+0000] {dag.py:3239} INFO - Sync 1 DAGs
[2025-04-28T13:31:38.994+0000] {logging_mixin.py:190} INFO - [2025-04-28T13:31:38.993+0000] {dag.py:4180} INFO - Setting next_dagrun for first_with_python_v4 to 2025-02-28 00:00:00+00:00, run_after=2025-03-01 00:00:00+00:00
[2025-04-28T13:31:39.033+0000] {processor.py:208} INFO - Processing /opt/airflow/dags/dag_with_python_operator.py took 0.167 seconds
[2025-04-28T13:32:09.451+0000] {processor.py:186} INFO - Started process (PID=34878) to work on /opt/airflow/dags/dag_with_python_operator.py
[2025-04-28T13:32:09.455+0000] {processor.py:914} INFO - Processing file /opt/airflow/dags/dag_with_python_operator.py for tasks to queue
[2025-04-28T13:32:09.461+0000] {logging_mixin.py:190} INFO - [2025-04-28T13:32:09.460+0000] {dagbag.py:588} INFO - Filling up the DagBag from /opt/airflow/dags/dag_with_python_operator.py
[2025-04-28T13:32:09.495+0000] {processor.py:925} INFO - DAG(s) 'first_with_python_v4' retrieved from /opt/airflow/dags/dag_with_python_operator.py
[2025-04-28T13:32:09.535+0000] {logging_mixin.py:190} INFO - [2025-04-28T13:32:09.534+0000] {dag.py:3239} INFO - Sync 1 DAGs
[2025-04-28T13:32:09.569+0000] {logging_mixin.py:190} INFO - [2025-04-28T13:32:09.569+0000] {dag.py:4180} INFO - Setting next_dagrun for first_with_python_v4 to 2025-02-28 00:00:00+00:00, run_after=2025-03-01 00:00:00+00:00
[2025-04-28T13:32:09.596+0000] {processor.py:208} INFO - Processing /opt/airflow/dags/dag_with_python_operator.py took 0.156 seconds
[2025-04-28T13:32:39.974+0000] {processor.py:186} INFO - Started process (PID=34899) to work on /opt/airflow/dags/dag_with_python_operator.py
[2025-04-28T13:32:39.977+0000] {processor.py:914} INFO - Processing file /opt/airflow/dags/dag_with_python_operator.py for tasks to queue
[2025-04-28T13:32:39.981+0000] {logging_mixin.py:190} INFO - [2025-04-28T13:32:39.981+0000] {dagbag.py:588} INFO - Filling up the DagBag from /opt/airflow/dags/dag_with_python_operator.py
[2025-04-28T13:32:40.008+0000] {processor.py:925} INFO - DAG(s) 'first_with_python_v4' retrieved from /opt/airflow/dags/dag_with_python_operator.py
[2025-04-28T13:32:40.036+0000] {logging_mixin.py:190} INFO - [2025-04-28T13:32:40.036+0000] {dag.py:3239} INFO - Sync 1 DAGs
[2025-04-28T13:32:40.064+0000] {logging_mixin.py:190} INFO - [2025-04-28T13:32:40.064+0000] {dag.py:4180} INFO - Setting next_dagrun for first_with_python_v4 to 2025-02-28 00:00:00+00:00, run_after=2025-03-01 00:00:00+00:00
[2025-04-28T13:32:40.086+0000] {processor.py:208} INFO - Processing /opt/airflow/dags/dag_with_python_operator.py took 0.118 seconds
[2025-04-28T13:33:10.497+0000] {processor.py:186} INFO - Started process (PID=34920) to work on /opt/airflow/dags/dag_with_python_operator.py
[2025-04-28T13:33:10.499+0000] {processor.py:914} INFO - Processing file /opt/airflow/dags/dag_with_python_operator.py for tasks to queue
[2025-04-28T13:33:10.504+0000] {logging_mixin.py:190} INFO - [2025-04-28T13:33:10.504+0000] {dagbag.py:588} INFO - Filling up the DagBag from /opt/airflow/dags/dag_with_python_operator.py
[2025-04-28T13:33:10.533+0000] {processor.py:925} INFO - DAG(s) 'first_with_python_v4' retrieved from /opt/airflow/dags/dag_with_python_operator.py
[2025-04-28T13:33:10.564+0000] {logging_mixin.py:190} INFO - [2025-04-28T13:33:10.564+0000] {dag.py:3239} INFO - Sync 1 DAGs
[2025-04-28T13:33:10.594+0000] {logging_mixin.py:190} INFO - [2025-04-28T13:33:10.593+0000] {dag.py:4180} INFO - Setting next_dagrun for first_with_python_v4 to 2025-02-28 00:00:00+00:00, run_after=2025-03-01 00:00:00+00:00
[2025-04-28T13:33:10.619+0000] {processor.py:208} INFO - Processing /opt/airflow/dags/dag_with_python_operator.py took 0.129 seconds
[2025-04-28T13:33:41.007+0000] {processor.py:186} INFO - Started process (PID=34940) to work on /opt/airflow/dags/dag_with_python_operator.py
[2025-04-28T13:33:41.009+0000] {processor.py:914} INFO - Processing file /opt/airflow/dags/dag_with_python_operator.py for tasks to queue
[2025-04-28T13:33:41.014+0000] {logging_mixin.py:190} INFO - [2025-04-28T13:33:41.013+0000] {dagbag.py:588} INFO - Filling up the DagBag from /opt/airflow/dags/dag_with_python_operator.py
[2025-04-28T13:33:41.039+0000] {processor.py:925} INFO - DAG(s) 'first_with_python_v4' retrieved from /opt/airflow/dags/dag_with_python_operator.py
[2025-04-28T13:33:41.075+0000] {logging_mixin.py:190} INFO - [2025-04-28T13:33:41.075+0000] {dag.py:3239} INFO - Sync 1 DAGs
[2025-04-28T13:33:41.109+0000] {logging_mixin.py:190} INFO - [2025-04-28T13:33:41.108+0000] {dag.py:4180} INFO - Setting next_dagrun for first_with_python_v4 to 2025-02-28 00:00:00+00:00, run_after=2025-03-01 00:00:00+00:00
[2025-04-28T13:33:41.137+0000] {processor.py:208} INFO - Processing /opt/airflow/dags/dag_with_python_operator.py took 0.138 seconds
[2025-04-28T13:34:11.570+0000] {processor.py:186} INFO - Started process (PID=34961) to work on /opt/airflow/dags/dag_with_python_operator.py
[2025-04-28T13:34:11.573+0000] {processor.py:914} INFO - Processing file /opt/airflow/dags/dag_with_python_operator.py for tasks to queue
[2025-04-28T13:34:11.580+0000] {logging_mixin.py:190} INFO - [2025-04-28T13:34:11.579+0000] {dagbag.py:588} INFO - Filling up the DagBag from /opt/airflow/dags/dag_with_python_operator.py
[2025-04-28T13:34:11.608+0000] {processor.py:925} INFO - DAG(s) 'first_with_python_v4' retrieved from /opt/airflow/dags/dag_with_python_operator.py
[2025-04-28T13:34:11.640+0000] {logging_mixin.py:190} INFO - [2025-04-28T13:34:11.640+0000] {dag.py:3239} INFO - Sync 1 DAGs
[2025-04-28T13:34:11.672+0000] {logging_mixin.py:190} INFO - [2025-04-28T13:34:11.672+0000] {dag.py:4180} INFO - Setting next_dagrun for first_with_python_v4 to 2025-02-28 00:00:00+00:00, run_after=2025-03-01 00:00:00+00:00
[2025-04-28T13:34:11.701+0000] {processor.py:208} INFO - Processing /opt/airflow/dags/dag_with_python_operator.py took 0.139 seconds
[2025-04-28T13:34:41.943+0000] {processor.py:186} INFO - Started process (PID=34982) to work on /opt/airflow/dags/dag_with_python_operator.py
[2025-04-28T13:34:41.944+0000] {processor.py:914} INFO - Processing file /opt/airflow/dags/dag_with_python_operator.py for tasks to queue
[2025-04-28T13:34:41.947+0000] {logging_mixin.py:190} INFO - [2025-04-28T13:34:41.947+0000] {dagbag.py:588} INFO - Filling up the DagBag from /opt/airflow/dags/dag_with_python_operator.py
[2025-04-28T13:34:41.966+0000] {processor.py:925} INFO - DAG(s) 'first_with_python_v4' retrieved from /opt/airflow/dags/dag_with_python_operator.py
[2025-04-28T13:34:41.992+0000] {logging_mixin.py:190} INFO - [2025-04-28T13:34:41.992+0000] {dag.py:3239} INFO - Sync 1 DAGs
[2025-04-28T13:34:42.028+0000] {logging_mixin.py:190} INFO - [2025-04-28T13:34:42.027+0000] {dag.py:4180} INFO - Setting next_dagrun for first_with_python_v4 to 2025-02-28 00:00:00+00:00, run_after=2025-03-01 00:00:00+00:00
[2025-04-28T13:34:42.063+0000] {processor.py:208} INFO - Processing /opt/airflow/dags/dag_with_python_operator.py took 0.125 seconds
[2025-04-28T13:35:12.486+0000] {processor.py:186} INFO - Started process (PID=35003) to work on /opt/airflow/dags/dag_with_python_operator.py
[2025-04-28T13:35:12.489+0000] {processor.py:914} INFO - Processing file /opt/airflow/dags/dag_with_python_operator.py for tasks to queue
[2025-04-28T13:35:12.494+0000] {logging_mixin.py:190} INFO - [2025-04-28T13:35:12.494+0000] {dagbag.py:588} INFO - Filling up the DagBag from /opt/airflow/dags/dag_with_python_operator.py
[2025-04-28T13:35:12.521+0000] {processor.py:925} INFO - DAG(s) 'first_with_python_v4' retrieved from /opt/airflow/dags/dag_with_python_operator.py
[2025-04-28T13:35:12.553+0000] {logging_mixin.py:190} INFO - [2025-04-28T13:35:12.552+0000] {dag.py:3239} INFO - Sync 1 DAGs
[2025-04-28T13:35:12.583+0000] {logging_mixin.py:190} INFO - [2025-04-28T13:35:12.583+0000] {dag.py:4180} INFO - Setting next_dagrun for first_with_python_v4 to 2025-02-28 00:00:00+00:00, run_after=2025-03-01 00:00:00+00:00
[2025-04-28T13:35:12.609+0000] {processor.py:208} INFO - Processing /opt/airflow/dags/dag_with_python_operator.py took 0.132 seconds
[2025-04-28T13:35:43.004+0000] {processor.py:186} INFO - Started process (PID=35024) to work on /opt/airflow/dags/dag_with_python_operator.py
[2025-04-28T13:35:43.007+0000] {processor.py:914} INFO - Processing file /opt/airflow/dags/dag_with_python_operator.py for tasks to queue
[2025-04-28T13:35:43.012+0000] {logging_mixin.py:190} INFO - [2025-04-28T13:35:43.012+0000] {dagbag.py:588} INFO - Filling up the DagBag from /opt/airflow/dags/dag_with_python_operator.py
[2025-04-28T13:35:43.040+0000] {processor.py:925} INFO - DAG(s) 'first_with_python_v4' retrieved from /opt/airflow/dags/dag_with_python_operator.py
[2025-04-28T13:35:43.077+0000] {logging_mixin.py:190} INFO - [2025-04-28T13:35:43.076+0000] {dag.py:3239} INFO - Sync 1 DAGs
[2025-04-28T13:35:43.113+0000] {logging_mixin.py:190} INFO - [2025-04-28T13:35:43.112+0000] {dag.py:4180} INFO - Setting next_dagrun for first_with_python_v4 to 2025-02-28 00:00:00+00:00, run_after=2025-03-01 00:00:00+00:00
[2025-04-28T13:35:43.143+0000] {processor.py:208} INFO - Processing /opt/airflow/dags/dag_with_python_operator.py took 0.148 seconds
[2025-04-28T13:36:13.486+0000] {processor.py:186} INFO - Started process (PID=35045) to work on /opt/airflow/dags/dag_with_python_operator.py
[2025-04-28T13:36:13.489+0000] {processor.py:914} INFO - Processing file /opt/airflow/dags/dag_with_python_operator.py for tasks to queue
[2025-04-28T13:36:13.495+0000] {logging_mixin.py:190} INFO - [2025-04-28T13:36:13.495+0000] {dagbag.py:588} INFO - Filling up the DagBag from /opt/airflow/dags/dag_with_python_operator.py
[2025-04-28T13:36:13.532+0000] {processor.py:925} INFO - DAG(s) 'first_with_python_v4' retrieved from /opt/airflow/dags/dag_with_python_operator.py
[2025-04-28T13:36:13.557+0000] {logging_mixin.py:190} INFO - [2025-04-28T13:36:13.557+0000] {dag.py:3239} INFO - Sync 1 DAGs
[2025-04-28T13:36:13.581+0000] {logging_mixin.py:190} INFO - [2025-04-28T13:36:13.581+0000] {dag.py:4180} INFO - Setting next_dagrun for first_with_python_v4 to 2025-02-28 00:00:00+00:00, run_after=2025-03-01 00:00:00+00:00
[2025-04-28T13:36:13.599+0000] {processor.py:208} INFO - Processing /opt/airflow/dags/dag_with_python_operator.py took 0.121 seconds
[2025-04-28T13:36:44.098+0000] {processor.py:186} INFO - Started process (PID=35066) to work on /opt/airflow/dags/dag_with_python_operator.py
[2025-04-28T13:36:44.101+0000] {processor.py:914} INFO - Processing file /opt/airflow/dags/dag_with_python_operator.py for tasks to queue
[2025-04-28T13:36:44.104+0000] {logging_mixin.py:190} INFO - [2025-04-28T13:36:44.104+0000] {dagbag.py:588} INFO - Filling up the DagBag from /opt/airflow/dags/dag_with_python_operator.py
[2025-04-28T13:36:44.134+0000] {processor.py:925} INFO - DAG(s) 'first_with_python_v4' retrieved from /opt/airflow/dags/dag_with_python_operator.py
[2025-04-28T13:36:44.175+0000] {logging_mixin.py:190} INFO - [2025-04-28T13:36:44.174+0000] {dag.py:3239} INFO - Sync 1 DAGs
[2025-04-28T13:36:44.223+0000] {logging_mixin.py:190} INFO - [2025-04-28T13:36:44.222+0000] {dag.py:4180} INFO - Setting next_dagrun for first_with_python_v4 to 2025-02-28 00:00:00+00:00, run_after=2025-03-01 00:00:00+00:00
[2025-04-28T13:36:44.268+0000] {processor.py:208} INFO - Processing /opt/airflow/dags/dag_with_python_operator.py took 0.178 seconds
[2025-04-28T13:37:14.780+0000] {processor.py:186} INFO - Started process (PID=35086) to work on /opt/airflow/dags/dag_with_python_operator.py
[2025-04-28T13:37:14.785+0000] {processor.py:914} INFO - Processing file /opt/airflow/dags/dag_with_python_operator.py for tasks to queue
[2025-04-28T13:37:14.792+0000] {logging_mixin.py:190} INFO - [2025-04-28T13:37:14.791+0000] {dagbag.py:588} INFO - Filling up the DagBag from /opt/airflow/dags/dag_with_python_operator.py
[2025-04-28T13:37:14.842+0000] {processor.py:925} INFO - DAG(s) 'first_with_python_v4' retrieved from /opt/airflow/dags/dag_with_python_operator.py
[2025-04-28T13:37:14.871+0000] {logging_mixin.py:190} INFO - [2025-04-28T13:37:14.871+0000] {dag.py:3239} INFO - Sync 1 DAGs
[2025-04-28T13:37:14.893+0000] {logging_mixin.py:190} INFO - [2025-04-28T13:37:14.893+0000] {dag.py:4180} INFO - Setting next_dagrun for first_with_python_v4 to 2025-02-28 00:00:00+00:00, run_after=2025-03-01 00:00:00+00:00
[2025-04-28T13:37:14.921+0000] {processor.py:208} INFO - Processing /opt/airflow/dags/dag_with_python_operator.py took 0.150 seconds
[2025-04-28T13:37:45.334+0000] {processor.py:186} INFO - Started process (PID=35107) to work on /opt/airflow/dags/dag_with_python_operator.py
[2025-04-28T13:37:45.336+0000] {processor.py:914} INFO - Processing file /opt/airflow/dags/dag_with_python_operator.py for tasks to queue
[2025-04-28T13:37:45.341+0000] {logging_mixin.py:190} INFO - [2025-04-28T13:37:45.340+0000] {dagbag.py:588} INFO - Filling up the DagBag from /opt/airflow/dags/dag_with_python_operator.py
[2025-04-28T13:37:45.370+0000] {processor.py:925} INFO - DAG(s) 'first_with_python_v4' retrieved from /opt/airflow/dags/dag_with_python_operator.py
[2025-04-28T13:37:45.406+0000] {logging_mixin.py:190} INFO - [2025-04-28T13:37:45.406+0000] {dag.py:3239} INFO - Sync 1 DAGs
[2025-04-28T13:37:45.438+0000] {logging_mixin.py:190} INFO - [2025-04-28T13:37:45.438+0000] {dag.py:4180} INFO - Setting next_dagrun for first_with_python_v4 to 2025-02-28 00:00:00+00:00, run_after=2025-03-01 00:00:00+00:00
[2025-04-28T13:37:45.469+0000] {processor.py:208} INFO - Processing /opt/airflow/dags/dag_with_python_operator.py took 0.144 seconds
[2025-04-28T13:38:15.885+0000] {processor.py:186} INFO - Started process (PID=35128) to work on /opt/airflow/dags/dag_with_python_operator.py
[2025-04-28T13:38:15.887+0000] {processor.py:914} INFO - Processing file /opt/airflow/dags/dag_with_python_operator.py for tasks to queue
[2025-04-28T13:38:15.893+0000] {logging_mixin.py:190} INFO - [2025-04-28T13:38:15.892+0000] {dagbag.py:588} INFO - Filling up the DagBag from /opt/airflow/dags/dag_with_python_operator.py
[2025-04-28T13:38:15.922+0000] {processor.py:925} INFO - DAG(s) 'first_with_python_v4' retrieved from /opt/airflow/dags/dag_with_python_operator.py
[2025-04-28T13:38:15.962+0000] {logging_mixin.py:190} INFO - [2025-04-28T13:38:15.962+0000] {dag.py:3239} INFO - Sync 1 DAGs
[2025-04-28T13:38:15.998+0000] {logging_mixin.py:190} INFO - [2025-04-28T13:38:15.998+0000] {dag.py:4180} INFO - Setting next_dagrun for first_with_python_v4 to 2025-02-28 00:00:00+00:00, run_after=2025-03-01 00:00:00+00:00
[2025-04-28T13:38:16.028+0000] {processor.py:208} INFO - Processing /opt/airflow/dags/dag_with_python_operator.py took 0.152 seconds
[2025-04-28T13:38:46.477+0000] {processor.py:186} INFO - Started process (PID=35149) to work on /opt/airflow/dags/dag_with_python_operator.py
[2025-04-28T13:38:46.480+0000] {processor.py:914} INFO - Processing file /opt/airflow/dags/dag_with_python_operator.py for tasks to queue
[2025-04-28T13:38:46.486+0000] {logging_mixin.py:190} INFO - [2025-04-28T13:38:46.486+0000] {dagbag.py:588} INFO - Filling up the DagBag from /opt/airflow/dags/dag_with_python_operator.py
[2025-04-28T13:38:46.517+0000] {processor.py:925} INFO - DAG(s) 'first_with_python_v4' retrieved from /opt/airflow/dags/dag_with_python_operator.py
[2025-04-28T13:38:46.549+0000] {logging_mixin.py:190} INFO - [2025-04-28T13:38:46.549+0000] {dag.py:3239} INFO - Sync 1 DAGs
[2025-04-28T13:38:46.586+0000] {logging_mixin.py:190} INFO - [2025-04-28T13:38:46.586+0000] {dag.py:4180} INFO - Setting next_dagrun for first_with_python_v4 to 2025-02-28 00:00:00+00:00, run_after=2025-03-01 00:00:00+00:00
[2025-04-28T13:38:46.620+0000] {processor.py:208} INFO - Processing /opt/airflow/dags/dag_with_python_operator.py took 0.155 seconds
[2025-04-28T13:39:17.825+0000] {processor.py:186} INFO - Started process (PID=35170) to work on /opt/airflow/dags/dag_with_python_operator.py
[2025-04-28T13:39:17.827+0000] {processor.py:914} INFO - Processing file /opt/airflow/dags/dag_with_python_operator.py for tasks to queue
[2025-04-28T13:39:17.832+0000] {logging_mixin.py:190} INFO - [2025-04-28T13:39:17.832+0000] {dagbag.py:588} INFO - Filling up the DagBag from /opt/airflow/dags/dag_with_python_operator.py
[2025-04-28T13:39:17.876+0000] {processor.py:925} INFO - DAG(s) 'first_with_python_v4' retrieved from /opt/airflow/dags/dag_with_python_operator.py
[2025-04-28T13:39:17.918+0000] {logging_mixin.py:190} INFO - [2025-04-28T13:39:17.918+0000] {dag.py:3239} INFO - Sync 1 DAGs
[2025-04-28T13:39:17.943+0000] {logging_mixin.py:190} INFO - [2025-04-28T13:39:17.943+0000] {dag.py:4180} INFO - Setting next_dagrun for first_with_python_v4 to 2025-02-28 00:00:00+00:00, run_after=2025-03-01 00:00:00+00:00
[2025-04-28T13:39:17.963+0000] {processor.py:208} INFO - Processing /opt/airflow/dags/dag_with_python_operator.py took 0.143 seconds
[2025-04-28T13:39:48.332+0000] {processor.py:186} INFO - Started process (PID=35191) to work on /opt/airflow/dags/dag_with_python_operator.py
[2025-04-28T13:39:48.335+0000] {processor.py:914} INFO - Processing file /opt/airflow/dags/dag_with_python_operator.py for tasks to queue
[2025-04-28T13:39:48.340+0000] {logging_mixin.py:190} INFO - [2025-04-28T13:39:48.339+0000] {dagbag.py:588} INFO - Filling up the DagBag from /opt/airflow/dags/dag_with_python_operator.py
[2025-04-28T13:39:48.372+0000] {processor.py:925} INFO - DAG(s) 'first_with_python_v4' retrieved from /opt/airflow/dags/dag_with_python_operator.py
[2025-04-28T13:39:48.416+0000] {logging_mixin.py:190} INFO - [2025-04-28T13:39:48.416+0000] {dag.py:3239} INFO - Sync 1 DAGs
[2025-04-28T13:39:48.453+0000] {logging_mixin.py:190} INFO - [2025-04-28T13:39:48.453+0000] {dag.py:4180} INFO - Setting next_dagrun for first_with_python_v4 to 2025-02-28 00:00:00+00:00, run_after=2025-03-01 00:00:00+00:00
[2025-04-28T13:39:48.477+0000] {processor.py:208} INFO - Processing /opt/airflow/dags/dag_with_python_operator.py took 0.156 seconds
[2025-04-28T13:40:18.878+0000] {processor.py:186} INFO - Started process (PID=35212) to work on /opt/airflow/dags/dag_with_python_operator.py
[2025-04-28T13:40:18.881+0000] {processor.py:914} INFO - Processing file /opt/airflow/dags/dag_with_python_operator.py for tasks to queue
[2025-04-28T13:40:18.887+0000] {logging_mixin.py:190} INFO - [2025-04-28T13:40:18.886+0000] {dagbag.py:588} INFO - Filling up the DagBag from /opt/airflow/dags/dag_with_python_operator.py
[2025-04-28T13:40:18.924+0000] {processor.py:925} INFO - DAG(s) 'first_with_python_v4' retrieved from /opt/airflow/dags/dag_with_python_operator.py
[2025-04-28T13:40:18.971+0000] {logging_mixin.py:190} INFO - [2025-04-28T13:40:18.971+0000] {dag.py:3239} INFO - Sync 1 DAGs
[2025-04-28T13:40:19.010+0000] {logging_mixin.py:190} INFO - [2025-04-28T13:40:19.010+0000] {dag.py:4180} INFO - Setting next_dagrun for first_with_python_v4 to 2025-02-28 00:00:00+00:00, run_after=2025-03-01 00:00:00+00:00
[2025-04-28T13:40:19.044+0000] {processor.py:208} INFO - Processing /opt/airflow/dags/dag_with_python_operator.py took 0.176 seconds
[2025-04-28T13:40:49.392+0000] {processor.py:186} INFO - Started process (PID=35233) to work on /opt/airflow/dags/dag_with_python_operator.py
[2025-04-28T13:40:49.396+0000] {processor.py:914} INFO - Processing file /opt/airflow/dags/dag_with_python_operator.py for tasks to queue
[2025-04-28T13:40:49.404+0000] {logging_mixin.py:190} INFO - [2025-04-28T13:40:49.403+0000] {dagbag.py:588} INFO - Filling up the DagBag from /opt/airflow/dags/dag_with_python_operator.py
[2025-04-28T13:40:49.440+0000] {processor.py:925} INFO - DAG(s) 'first_with_python_v4' retrieved from /opt/airflow/dags/dag_with_python_operator.py
[2025-04-28T13:40:49.477+0000] {logging_mixin.py:190} INFO - [2025-04-28T13:40:49.477+0000] {dag.py:3239} INFO - Sync 1 DAGs
[2025-04-28T13:40:49.511+0000] {logging_mixin.py:190} INFO - [2025-04-28T13:40:49.511+0000] {dag.py:4180} INFO - Setting next_dagrun for first_with_python_v4 to 2025-02-28 00:00:00+00:00, run_after=2025-03-01 00:00:00+00:00
[2025-04-28T13:40:49.542+0000] {processor.py:208} INFO - Processing /opt/airflow/dags/dag_with_python_operator.py took 0.162 seconds
[2025-04-28T13:41:20.043+0000] {processor.py:186} INFO - Started process (PID=35254) to work on /opt/airflow/dags/dag_with_python_operator.py
[2025-04-28T13:41:20.047+0000] {processor.py:914} INFO - Processing file /opt/airflow/dags/dag_with_python_operator.py for tasks to queue
[2025-04-28T13:41:20.053+0000] {logging_mixin.py:190} INFO - [2025-04-28T13:41:20.052+0000] {dagbag.py:588} INFO - Filling up the DagBag from /opt/airflow/dags/dag_with_python_operator.py
[2025-04-28T13:41:20.101+0000] {processor.py:925} INFO - DAG(s) 'first_with_python_v4' retrieved from /opt/airflow/dags/dag_with_python_operator.py
[2025-04-28T13:41:20.136+0000] {logging_mixin.py:190} INFO - [2025-04-28T13:41:20.135+0000] {dag.py:3239} INFO - Sync 1 DAGs
[2025-04-28T13:41:20.170+0000] {logging_mixin.py:190} INFO - [2025-04-28T13:41:20.169+0000] {dag.py:4180} INFO - Setting next_dagrun for first_with_python_v4 to 2025-02-28 00:00:00+00:00, run_after=2025-03-01 00:00:00+00:00
[2025-04-28T13:41:20.220+0000] {processor.py:208} INFO - Processing /opt/airflow/dags/dag_with_python_operator.py took 0.185 seconds
[2025-04-28T13:41:50.603+0000] {processor.py:186} INFO - Started process (PID=35275) to work on /opt/airflow/dags/dag_with_python_operator.py
[2025-04-28T13:41:50.606+0000] {processor.py:914} INFO - Processing file /opt/airflow/dags/dag_with_python_operator.py for tasks to queue
[2025-04-28T13:41:50.610+0000] {logging_mixin.py:190} INFO - [2025-04-28T13:41:50.609+0000] {dagbag.py:588} INFO - Filling up the DagBag from /opt/airflow/dags/dag_with_python_operator.py
[2025-04-28T13:41:50.633+0000] {processor.py:925} INFO - DAG(s) 'first_with_python_v4' retrieved from /opt/airflow/dags/dag_with_python_operator.py
[2025-04-28T13:41:50.666+0000] {logging_mixin.py:190} INFO - [2025-04-28T13:41:50.666+0000] {dag.py:3239} INFO - Sync 1 DAGs
[2025-04-28T13:41:50.699+0000] {logging_mixin.py:190} INFO - [2025-04-28T13:41:50.699+0000] {dag.py:4180} INFO - Setting next_dagrun for first_with_python_v4 to 2025-02-28 00:00:00+00:00, run_after=2025-03-01 00:00:00+00:00
[2025-04-28T13:41:50.722+0000] {processor.py:208} INFO - Processing /opt/airflow/dags/dag_with_python_operator.py took 0.127 seconds
[2025-04-28T13:42:21.466+0000] {processor.py:186} INFO - Started process (PID=35295) to work on /opt/airflow/dags/dag_with_python_operator.py
[2025-04-28T13:42:21.470+0000] {processor.py:914} INFO - Processing file /opt/airflow/dags/dag_with_python_operator.py for tasks to queue
[2025-04-28T13:42:21.477+0000] {logging_mixin.py:190} INFO - [2025-04-28T13:42:21.477+0000] {dagbag.py:588} INFO - Filling up the DagBag from /opt/airflow/dags/dag_with_python_operator.py
[2025-04-28T13:42:21.513+0000] {processor.py:925} INFO - DAG(s) 'first_with_python_v4' retrieved from /opt/airflow/dags/dag_with_python_operator.py
[2025-04-28T13:42:21.546+0000] {logging_mixin.py:190} INFO - [2025-04-28T13:42:21.545+0000] {dag.py:3239} INFO - Sync 1 DAGs
[2025-04-28T13:42:21.585+0000] {logging_mixin.py:190} INFO - [2025-04-28T13:42:21.585+0000] {dag.py:4180} INFO - Setting next_dagrun for first_with_python_v4 to 2025-02-28 00:00:00+00:00, run_after=2025-03-01 00:00:00+00:00
[2025-04-28T13:42:21.612+0000] {processor.py:208} INFO - Processing /opt/airflow/dags/dag_with_python_operator.py took 0.157 seconds
[2025-04-28T13:42:51.988+0000] {processor.py:186} INFO - Started process (PID=35316) to work on /opt/airflow/dags/dag_with_python_operator.py
[2025-04-28T13:42:51.992+0000] {processor.py:914} INFO - Processing file /opt/airflow/dags/dag_with_python_operator.py for tasks to queue
[2025-04-28T13:42:51.999+0000] {logging_mixin.py:190} INFO - [2025-04-28T13:42:51.999+0000] {dagbag.py:588} INFO - Filling up the DagBag from /opt/airflow/dags/dag_with_python_operator.py
[2025-04-28T13:42:52.049+0000] {processor.py:925} INFO - DAG(s) 'first_with_python_v4' retrieved from /opt/airflow/dags/dag_with_python_operator.py
[2025-04-28T13:42:52.078+0000] {logging_mixin.py:190} INFO - [2025-04-28T13:42:52.078+0000] {dag.py:3239} INFO - Sync 1 DAGs
[2025-04-28T13:42:52.103+0000] {logging_mixin.py:190} INFO - [2025-04-28T13:42:52.103+0000] {dag.py:4180} INFO - Setting next_dagrun for first_with_python_v4 to 2025-02-28 00:00:00+00:00, run_after=2025-03-01 00:00:00+00:00
[2025-04-28T13:42:52.125+0000] {processor.py:208} INFO - Processing /opt/airflow/dags/dag_with_python_operator.py took 0.147 seconds
[2025-04-28T13:43:22.616+0000] {processor.py:186} INFO - Started process (PID=35337) to work on /opt/airflow/dags/dag_with_python_operator.py
[2025-04-28T13:43:22.622+0000] {processor.py:914} INFO - Processing file /opt/airflow/dags/dag_with_python_operator.py for tasks to queue
[2025-04-28T13:43:22.636+0000] {logging_mixin.py:190} INFO - [2025-04-28T13:43:22.635+0000] {dagbag.py:588} INFO - Filling up the DagBag from /opt/airflow/dags/dag_with_python_operator.py
[2025-04-28T13:43:22.718+0000] {processor.py:925} INFO - DAG(s) 'first_with_python_v4' retrieved from /opt/airflow/dags/dag_with_python_operator.py
[2025-04-28T13:43:22.789+0000] {logging_mixin.py:190} INFO - [2025-04-28T13:43:22.789+0000] {dag.py:3239} INFO - Sync 1 DAGs
[2025-04-28T13:43:22.816+0000] {logging_mixin.py:190} INFO - [2025-04-28T13:43:22.816+0000] {dag.py:4180} INFO - Setting next_dagrun for first_with_python_v4 to 2025-02-28 00:00:00+00:00, run_after=2025-03-01 00:00:00+00:00
[2025-04-28T13:43:22.839+0000] {processor.py:208} INFO - Processing /opt/airflow/dags/dag_with_python_operator.py took 0.244 seconds
[2025-04-28T13:43:53.717+0000] {processor.py:186} INFO - Started process (PID=35358) to work on /opt/airflow/dags/dag_with_python_operator.py
[2025-04-28T13:43:53.725+0000] {processor.py:914} INFO - Processing file /opt/airflow/dags/dag_with_python_operator.py for tasks to queue
[2025-04-28T13:43:53.737+0000] {logging_mixin.py:190} INFO - [2025-04-28T13:43:53.736+0000] {dagbag.py:588} INFO - Filling up the DagBag from /opt/airflow/dags/dag_with_python_operator.py
[2025-04-28T13:43:53.787+0000] {processor.py:925} INFO - DAG(s) 'first_with_python_v4' retrieved from /opt/airflow/dags/dag_with_python_operator.py
[2025-04-28T13:43:53.835+0000] {logging_mixin.py:190} INFO - [2025-04-28T13:43:53.835+0000] {dag.py:3239} INFO - Sync 1 DAGs
[2025-04-28T13:43:53.879+0000] {logging_mixin.py:190} INFO - [2025-04-28T13:43:53.879+0000] {dag.py:4180} INFO - Setting next_dagrun for first_with_python_v4 to 2025-02-28 00:00:00+00:00, run_after=2025-03-01 00:00:00+00:00
[2025-04-28T13:43:53.918+0000] {processor.py:208} INFO - Processing /opt/airflow/dags/dag_with_python_operator.py took 0.215 seconds
[2025-04-28T13:44:24.053+0000] {processor.py:186} INFO - Started process (PID=35379) to work on /opt/airflow/dags/dag_with_python_operator.py
[2025-04-28T13:44:24.060+0000] {processor.py:914} INFO - Processing file /opt/airflow/dags/dag_with_python_operator.py for tasks to queue
[2025-04-28T13:44:24.065+0000] {logging_mixin.py:190} INFO - [2025-04-28T13:44:24.064+0000] {dagbag.py:588} INFO - Filling up the DagBag from /opt/airflow/dags/dag_with_python_operator.py
[2025-04-28T13:44:24.109+0000] {processor.py:925} INFO - DAG(s) 'first_with_python_v4' retrieved from /opt/airflow/dags/dag_with_python_operator.py
[2025-04-28T13:44:24.140+0000] {logging_mixin.py:190} INFO - [2025-04-28T13:44:24.140+0000] {dag.py:3239} INFO - Sync 1 DAGs
[2025-04-28T13:44:24.182+0000] {logging_mixin.py:190} INFO - [2025-04-28T13:44:24.182+0000] {dag.py:4180} INFO - Setting next_dagrun for first_with_python_v4 to 2025-02-28 00:00:00+00:00, run_after=2025-03-01 00:00:00+00:00
[2025-04-28T13:44:24.210+0000] {processor.py:208} INFO - Processing /opt/airflow/dags/dag_with_python_operator.py took 0.165 seconds
[2025-04-28T13:44:54.570+0000] {processor.py:186} INFO - Started process (PID=35400) to work on /opt/airflow/dags/dag_with_python_operator.py
[2025-04-28T13:44:54.573+0000] {processor.py:914} INFO - Processing file /opt/airflow/dags/dag_with_python_operator.py for tasks to queue
[2025-04-28T13:44:54.579+0000] {logging_mixin.py:190} INFO - [2025-04-28T13:44:54.578+0000] {dagbag.py:588} INFO - Filling up the DagBag from /opt/airflow/dags/dag_with_python_operator.py
[2025-04-28T13:44:54.608+0000] {processor.py:925} INFO - DAG(s) 'first_with_python_v4' retrieved from /opt/airflow/dags/dag_with_python_operator.py
[2025-04-28T13:44:54.642+0000] {logging_mixin.py:190} INFO - [2025-04-28T13:44:54.641+0000] {dag.py:3239} INFO - Sync 1 DAGs
[2025-04-28T13:44:54.673+0000] {logging_mixin.py:190} INFO - [2025-04-28T13:44:54.673+0000] {dag.py:4180} INFO - Setting next_dagrun for first_with_python_v4 to 2025-02-28 00:00:00+00:00, run_after=2025-03-01 00:00:00+00:00
[2025-04-28T13:44:54.700+0000] {processor.py:208} INFO - Processing /opt/airflow/dags/dag_with_python_operator.py took 0.139 seconds
[2025-04-28T13:45:25.178+0000] {processor.py:186} INFO - Started process (PID=35421) to work on /opt/airflow/dags/dag_with_python_operator.py
[2025-04-28T13:45:25.184+0000] {processor.py:914} INFO - Processing file /opt/airflow/dags/dag_with_python_operator.py for tasks to queue
[2025-04-28T13:45:25.195+0000] {logging_mixin.py:190} INFO - [2025-04-28T13:45:25.194+0000] {dagbag.py:588} INFO - Filling up the DagBag from /opt/airflow/dags/dag_with_python_operator.py
[2025-04-28T13:45:25.264+0000] {processor.py:925} INFO - DAG(s) 'first_with_python_v4' retrieved from /opt/airflow/dags/dag_with_python_operator.py
[2025-04-28T13:45:25.329+0000] {logging_mixin.py:190} INFO - [2025-04-28T13:45:25.329+0000] {dag.py:3239} INFO - Sync 1 DAGs
[2025-04-28T13:45:25.361+0000] {logging_mixin.py:190} INFO - [2025-04-28T13:45:25.361+0000] {dag.py:4180} INFO - Setting next_dagrun for first_with_python_v4 to 2025-02-28 00:00:00+00:00, run_after=2025-03-01 00:00:00+00:00
[2025-04-28T13:45:25.390+0000] {processor.py:208} INFO - Processing /opt/airflow/dags/dag_with_python_operator.py took 0.230 seconds
[2025-04-28T13:45:56.108+0000] {processor.py:186} INFO - Started process (PID=35442) to work on /opt/airflow/dags/dag_with_python_operator.py
[2025-04-28T13:45:56.111+0000] {processor.py:914} INFO - Processing file /opt/airflow/dags/dag_with_python_operator.py for tasks to queue
[2025-04-28T13:45:56.115+0000] {logging_mixin.py:190} INFO - [2025-04-28T13:45:56.115+0000] {dagbag.py:588} INFO - Filling up the DagBag from /opt/airflow/dags/dag_with_python_operator.py
[2025-04-28T13:45:56.148+0000] {processor.py:925} INFO - DAG(s) 'first_with_python_v4' retrieved from /opt/airflow/dags/dag_with_python_operator.py
[2025-04-28T13:45:56.178+0000] {logging_mixin.py:190} INFO - [2025-04-28T13:45:56.178+0000] {dag.py:3239} INFO - Sync 1 DAGs
[2025-04-28T13:45:56.215+0000] {logging_mixin.py:190} INFO - [2025-04-28T13:45:56.214+0000] {dag.py:4180} INFO - Setting next_dagrun for first_with_python_v4 to 2025-02-28 00:00:00+00:00, run_after=2025-03-01 00:00:00+00:00
[2025-04-28T13:45:56.240+0000] {processor.py:208} INFO - Processing /opt/airflow/dags/dag_with_python_operator.py took 0.140 seconds
[2025-04-28T13:46:26.558+0000] {processor.py:186} INFO - Started process (PID=35463) to work on /opt/airflow/dags/dag_with_python_operator.py
[2025-04-28T13:46:26.561+0000] {processor.py:914} INFO - Processing file /opt/airflow/dags/dag_with_python_operator.py for tasks to queue
[2025-04-28T13:46:26.567+0000] {logging_mixin.py:190} INFO - [2025-04-28T13:46:26.566+0000] {dagbag.py:588} INFO - Filling up the DagBag from /opt/airflow/dags/dag_with_python_operator.py
[2025-04-28T13:46:26.597+0000] {processor.py:925} INFO - DAG(s) 'first_with_python_v4' retrieved from /opt/airflow/dags/dag_with_python_operator.py
[2025-04-28T13:46:26.636+0000] {logging_mixin.py:190} INFO - [2025-04-28T13:46:26.636+0000] {dag.py:3239} INFO - Sync 1 DAGs
[2025-04-28T13:46:26.676+0000] {logging_mixin.py:190} INFO - [2025-04-28T13:46:26.676+0000] {dag.py:4180} INFO - Setting next_dagrun for first_with_python_v4 to 2025-02-28 00:00:00+00:00, run_after=2025-03-01 00:00:00+00:00
[2025-04-28T13:46:26.705+0000] {processor.py:208} INFO - Processing /opt/airflow/dags/dag_with_python_operator.py took 0.166 seconds
[2025-04-28T13:46:57.223+0000] {processor.py:186} INFO - Started process (PID=35484) to work on /opt/airflow/dags/dag_with_python_operator.py
[2025-04-28T13:46:57.226+0000] {processor.py:914} INFO - Processing file /opt/airflow/dags/dag_with_python_operator.py for tasks to queue
[2025-04-28T13:46:57.230+0000] {logging_mixin.py:190} INFO - [2025-04-28T13:46:57.230+0000] {dagbag.py:588} INFO - Filling up the DagBag from /opt/airflow/dags/dag_with_python_operator.py
[2025-04-28T13:46:57.257+0000] {processor.py:925} INFO - DAG(s) 'first_with_python_v4' retrieved from /opt/airflow/dags/dag_with_python_operator.py
[2025-04-28T13:46:57.290+0000] {logging_mixin.py:190} INFO - [2025-04-28T13:46:57.290+0000] {dag.py:3239} INFO - Sync 1 DAGs
[2025-04-28T13:46:57.327+0000] {logging_mixin.py:190} INFO - [2025-04-28T13:46:57.326+0000] {dag.py:4180} INFO - Setting next_dagrun for first_with_python_v4 to 2025-02-28 00:00:00+00:00, run_after=2025-03-01 00:00:00+00:00
[2025-04-28T13:46:57.356+0000] {processor.py:208} INFO - Processing /opt/airflow/dags/dag_with_python_operator.py took 0.142 seconds
[2025-04-28T13:47:27.681+0000] {processor.py:186} INFO - Started process (PID=35505) to work on /opt/airflow/dags/dag_with_python_operator.py
[2025-04-28T13:47:27.683+0000] {processor.py:914} INFO - Processing file /opt/airflow/dags/dag_with_python_operator.py for tasks to queue
[2025-04-28T13:47:27.690+0000] {logging_mixin.py:190} INFO - [2025-04-28T13:47:27.689+0000] {dagbag.py:588} INFO - Filling up the DagBag from /opt/airflow/dags/dag_with_python_operator.py
[2025-04-28T13:47:27.722+0000] {processor.py:925} INFO - DAG(s) 'first_with_python_v4' retrieved from /opt/airflow/dags/dag_with_python_operator.py
[2025-04-28T13:47:27.763+0000] {logging_mixin.py:190} INFO - [2025-04-28T13:47:27.763+0000] {dag.py:3239} INFO - Sync 1 DAGs
[2025-04-28T13:47:27.796+0000] {logging_mixin.py:190} INFO - [2025-04-28T13:47:27.795+0000] {dag.py:4180} INFO - Setting next_dagrun for first_with_python_v4 to 2025-02-28 00:00:00+00:00, run_after=2025-03-01 00:00:00+00:00
[2025-04-28T13:47:27.820+0000] {processor.py:208} INFO - Processing /opt/airflow/dags/dag_with_python_operator.py took 0.147 seconds
[2025-04-28T13:47:58.149+0000] {processor.py:186} INFO - Started process (PID=35526) to work on /opt/airflow/dags/dag_with_python_operator.py
[2025-04-28T13:47:58.152+0000] {processor.py:914} INFO - Processing file /opt/airflow/dags/dag_with_python_operator.py for tasks to queue
[2025-04-28T13:47:58.156+0000] {logging_mixin.py:190} INFO - [2025-04-28T13:47:58.156+0000] {dagbag.py:588} INFO - Filling up the DagBag from /opt/airflow/dags/dag_with_python_operator.py
[2025-04-28T13:47:58.187+0000] {processor.py:925} INFO - DAG(s) 'first_with_python_v4' retrieved from /opt/airflow/dags/dag_with_python_operator.py
[2025-04-28T13:47:58.235+0000] {logging_mixin.py:190} INFO - [2025-04-28T13:47:58.235+0000] {dag.py:3239} INFO - Sync 1 DAGs
[2025-04-28T13:47:58.277+0000] {logging_mixin.py:190} INFO - [2025-04-28T13:47:58.277+0000] {dag.py:4180} INFO - Setting next_dagrun for first_with_python_v4 to 2025-02-28 00:00:00+00:00, run_after=2025-03-01 00:00:00+00:00
[2025-04-28T13:47:58.305+0000] {processor.py:208} INFO - Processing /opt/airflow/dags/dag_with_python_operator.py took 0.165 seconds
[2025-04-28T13:48:28.612+0000] {processor.py:186} INFO - Started process (PID=35547) to work on /opt/airflow/dags/dag_with_python_operator.py
[2025-04-28T13:48:28.615+0000] {processor.py:914} INFO - Processing file /opt/airflow/dags/dag_with_python_operator.py for tasks to queue
[2025-04-28T13:48:28.621+0000] {logging_mixin.py:190} INFO - [2025-04-28T13:48:28.620+0000] {dagbag.py:588} INFO - Filling up the DagBag from /opt/airflow/dags/dag_with_python_operator.py
[2025-04-28T13:48:28.661+0000] {processor.py:925} INFO - DAG(s) 'first_with_python_v4' retrieved from /opt/airflow/dags/dag_with_python_operator.py
[2025-04-28T13:48:28.701+0000] {logging_mixin.py:190} INFO - [2025-04-28T13:48:28.700+0000] {dag.py:3239} INFO - Sync 1 DAGs
[2025-04-28T13:48:28.735+0000] {logging_mixin.py:190} INFO - [2025-04-28T13:48:28.735+0000] {dag.py:4180} INFO - Setting next_dagrun for first_with_python_v4 to 2025-02-28 00:00:00+00:00, run_after=2025-03-01 00:00:00+00:00
[2025-04-28T13:48:28.761+0000] {processor.py:208} INFO - Processing /opt/airflow/dags/dag_with_python_operator.py took 0.159 seconds
[2025-04-28T13:48:59.085+0000] {processor.py:186} INFO - Started process (PID=35568) to work on /opt/airflow/dags/dag_with_python_operator.py
[2025-04-28T13:48:59.088+0000] {processor.py:914} INFO - Processing file /opt/airflow/dags/dag_with_python_operator.py for tasks to queue
[2025-04-28T13:48:59.093+0000] {logging_mixin.py:190} INFO - [2025-04-28T13:48:59.092+0000] {dagbag.py:588} INFO - Filling up the DagBag from /opt/airflow/dags/dag_with_python_operator.py
[2025-04-28T13:48:59.123+0000] {processor.py:925} INFO - DAG(s) 'first_with_python_v4' retrieved from /opt/airflow/dags/dag_with_python_operator.py
[2025-04-28T13:48:59.157+0000] {logging_mixin.py:190} INFO - [2025-04-28T13:48:59.156+0000] {dag.py:3239} INFO - Sync 1 DAGs
[2025-04-28T13:48:59.188+0000] {logging_mixin.py:190} INFO - [2025-04-28T13:48:59.187+0000] {dag.py:4180} INFO - Setting next_dagrun for first_with_python_v4 to 2025-02-28 00:00:00+00:00, run_after=2025-03-01 00:00:00+00:00
[2025-04-28T13:48:59.214+0000] {processor.py:208} INFO - Processing /opt/airflow/dags/dag_with_python_operator.py took 0.137 seconds
[2025-04-28T13:49:29.571+0000] {processor.py:186} INFO - Started process (PID=35589) to work on /opt/airflow/dags/dag_with_python_operator.py
[2025-04-28T13:49:29.574+0000] {processor.py:914} INFO - Processing file /opt/airflow/dags/dag_with_python_operator.py for tasks to queue
[2025-04-28T13:49:29.580+0000] {logging_mixin.py:190} INFO - [2025-04-28T13:49:29.579+0000] {dagbag.py:588} INFO - Filling up the DagBag from /opt/airflow/dags/dag_with_python_operator.py
[2025-04-28T13:49:29.612+0000] {processor.py:925} INFO - DAG(s) 'first_with_python_v4' retrieved from /opt/airflow/dags/dag_with_python_operator.py
[2025-04-28T13:49:29.657+0000] {logging_mixin.py:190} INFO - [2025-04-28T13:49:29.656+0000] {dag.py:3239} INFO - Sync 1 DAGs
[2025-04-28T13:49:29.697+0000] {logging_mixin.py:190} INFO - [2025-04-28T13:49:29.697+0000] {dag.py:4180} INFO - Setting next_dagrun for first_with_python_v4 to 2025-02-28 00:00:00+00:00, run_after=2025-03-01 00:00:00+00:00
[2025-04-28T13:49:29.729+0000] {processor.py:208} INFO - Processing /opt/airflow/dags/dag_with_python_operator.py took 0.169 seconds
[2025-04-28T13:50:00.195+0000] {processor.py:186} INFO - Started process (PID=35610) to work on /opt/airflow/dags/dag_with_python_operator.py
[2025-04-28T13:50:00.198+0000] {processor.py:914} INFO - Processing file /opt/airflow/dags/dag_with_python_operator.py for tasks to queue
[2025-04-28T13:50:00.202+0000] {logging_mixin.py:190} INFO - [2025-04-28T13:50:00.202+0000] {dagbag.py:588} INFO - Filling up the DagBag from /opt/airflow/dags/dag_with_python_operator.py
[2025-04-28T13:50:00.250+0000] {processor.py:925} INFO - DAG(s) 'first_with_python_v4' retrieved from /opt/airflow/dags/dag_with_python_operator.py
[2025-04-28T13:50:00.286+0000] {logging_mixin.py:190} INFO - [2025-04-28T13:50:00.286+0000] {dag.py:3239} INFO - Sync 1 DAGs
[2025-04-28T13:50:00.320+0000] {logging_mixin.py:190} INFO - [2025-04-28T13:50:00.320+0000] {dag.py:4180} INFO - Setting next_dagrun for first_with_python_v4 to 2025-02-28 00:00:00+00:00, run_after=2025-03-01 00:00:00+00:00
[2025-04-28T13:50:00.346+0000] {processor.py:208} INFO - Processing /opt/airflow/dags/dag_with_python_operator.py took 0.160 seconds
[2025-04-28T13:50:30.785+0000] {processor.py:186} INFO - Started process (PID=35631) to work on /opt/airflow/dags/dag_with_python_operator.py
[2025-04-28T13:50:30.791+0000] {processor.py:914} INFO - Processing file /opt/airflow/dags/dag_with_python_operator.py for tasks to queue
[2025-04-28T13:50:30.801+0000] {logging_mixin.py:190} INFO - [2025-04-28T13:50:30.800+0000] {dagbag.py:588} INFO - Filling up the DagBag from /opt/airflow/dags/dag_with_python_operator.py
[2025-04-28T13:50:30.858+0000] {processor.py:925} INFO - DAG(s) 'first_with_python_v4' retrieved from /opt/airflow/dags/dag_with_python_operator.py
[2025-04-28T13:50:30.921+0000] {logging_mixin.py:190} INFO - [2025-04-28T13:50:30.920+0000] {dag.py:3239} INFO - Sync 1 DAGs
[2025-04-28T13:50:30.971+0000] {logging_mixin.py:190} INFO - [2025-04-28T13:50:30.970+0000] {dag.py:4180} INFO - Setting next_dagrun for first_with_python_v4 to 2025-02-28 00:00:00+00:00, run_after=2025-03-01 00:00:00+00:00
[2025-04-28T13:50:31.012+0000] {processor.py:208} INFO - Processing /opt/airflow/dags/dag_with_python_operator.py took 0.241 seconds
[2025-04-28T13:51:01.170+0000] {processor.py:186} INFO - Started process (PID=35652) to work on /opt/airflow/dags/dag_with_python_operator.py
[2025-04-28T13:51:01.174+0000] {processor.py:914} INFO - Processing file /opt/airflow/dags/dag_with_python_operator.py for tasks to queue
[2025-04-28T13:51:01.178+0000] {logging_mixin.py:190} INFO - [2025-04-28T13:51:01.178+0000] {dagbag.py:588} INFO - Filling up the DagBag from /opt/airflow/dags/dag_with_python_operator.py
[2025-04-28T13:51:01.230+0000] {processor.py:925} INFO - DAG(s) 'first_with_python_v4' retrieved from /opt/airflow/dags/dag_with_python_operator.py
[2025-04-28T13:51:01.303+0000] {logging_mixin.py:190} INFO - [2025-04-28T13:51:01.303+0000] {dag.py:3239} INFO - Sync 1 DAGs
[2025-04-28T13:51:01.342+0000] {logging_mixin.py:190} INFO - [2025-04-28T13:51:01.341+0000] {dag.py:4180} INFO - Setting next_dagrun for first_with_python_v4 to 2025-02-28 00:00:00+00:00, run_after=2025-03-01 00:00:00+00:00
[2025-04-28T13:51:01.380+0000] {processor.py:208} INFO - Processing /opt/airflow/dags/dag_with_python_operator.py took 0.218 seconds
[2025-04-28T13:51:31.866+0000] {processor.py:186} INFO - Started process (PID=35673) to work on /opt/airflow/dags/dag_with_python_operator.py
[2025-04-28T13:51:31.868+0000] {processor.py:914} INFO - Processing file /opt/airflow/dags/dag_with_python_operator.py for tasks to queue
[2025-04-28T13:51:31.871+0000] {logging_mixin.py:190} INFO - [2025-04-28T13:51:31.871+0000] {dagbag.py:588} INFO - Filling up the DagBag from /opt/airflow/dags/dag_with_python_operator.py
[2025-04-28T13:51:31.893+0000] {processor.py:925} INFO - DAG(s) 'first_with_python_v4' retrieved from /opt/airflow/dags/dag_with_python_operator.py
[2025-04-28T13:51:31.918+0000] {logging_mixin.py:190} INFO - [2025-04-28T13:51:31.918+0000] {dag.py:3239} INFO - Sync 1 DAGs
[2025-04-28T13:51:31.940+0000] {logging_mixin.py:190} INFO - [2025-04-28T13:51:31.939+0000] {dag.py:4180} INFO - Setting next_dagrun for first_with_python_v4 to 2025-02-28 00:00:00+00:00, run_after=2025-03-01 00:00:00+00:00
[2025-04-28T13:51:31.959+0000] {processor.py:208} INFO - Processing /opt/airflow/dags/dag_with_python_operator.py took 0.098 seconds
[2025-04-28T13:52:02.305+0000] {processor.py:186} INFO - Started process (PID=35694) to work on /opt/airflow/dags/dag_with_python_operator.py
[2025-04-28T13:52:02.308+0000] {processor.py:914} INFO - Processing file /opt/airflow/dags/dag_with_python_operator.py for tasks to queue
[2025-04-28T13:52:02.313+0000] {logging_mixin.py:190} INFO - [2025-04-28T13:52:02.313+0000] {dagbag.py:588} INFO - Filling up the DagBag from /opt/airflow/dags/dag_with_python_operator.py
[2025-04-28T13:52:02.361+0000] {processor.py:925} INFO - DAG(s) 'first_with_python_v4' retrieved from /opt/airflow/dags/dag_with_python_operator.py
[2025-04-28T13:52:02.399+0000] {logging_mixin.py:190} INFO - [2025-04-28T13:52:02.399+0000] {dag.py:3239} INFO - Sync 1 DAGs
[2025-04-28T13:52:02.437+0000] {logging_mixin.py:190} INFO - [2025-04-28T13:52:02.437+0000] {dag.py:4180} INFO - Setting next_dagrun for first_with_python_v4 to 2025-02-28 00:00:00+00:00, run_after=2025-03-01 00:00:00+00:00
[2025-04-28T13:52:02.461+0000] {processor.py:208} INFO - Processing /opt/airflow/dags/dag_with_python_operator.py took 0.164 seconds
[2025-04-28T13:52:32.981+0000] {processor.py:186} INFO - Started process (PID=35715) to work on /opt/airflow/dags/dag_with_python_operator.py
[2025-04-28T13:52:32.987+0000] {processor.py:914} INFO - Processing file /opt/airflow/dags/dag_with_python_operator.py for tasks to queue
[2025-04-28T13:52:33.001+0000] {logging_mixin.py:190} INFO - [2025-04-28T13:52:33.000+0000] {dagbag.py:588} INFO - Filling up the DagBag from /opt/airflow/dags/dag_with_python_operator.py
[2025-04-28T13:52:33.074+0000] {processor.py:925} INFO - DAG(s) 'first_with_python_v4' retrieved from /opt/airflow/dags/dag_with_python_operator.py
[2025-04-28T13:52:33.166+0000] {logging_mixin.py:190} INFO - [2025-04-28T13:52:33.165+0000] {dag.py:3239} INFO - Sync 1 DAGs
[2025-04-28T13:52:33.252+0000] {logging_mixin.py:190} INFO - [2025-04-28T13:52:33.252+0000] {dag.py:4180} INFO - Setting next_dagrun for first_with_python_v4 to 2025-02-28 00:00:00+00:00, run_after=2025-03-01 00:00:00+00:00
[2025-04-28T13:52:33.303+0000] {processor.py:208} INFO - Processing /opt/airflow/dags/dag_with_python_operator.py took 0.342 seconds
[2025-04-28T13:53:03.646+0000] {processor.py:186} INFO - Started process (PID=35736) to work on /opt/airflow/dags/dag_with_python_operator.py
[2025-04-28T13:53:03.648+0000] {processor.py:914} INFO - Processing file /opt/airflow/dags/dag_with_python_operator.py for tasks to queue
[2025-04-28T13:53:03.651+0000] {logging_mixin.py:190} INFO - [2025-04-28T13:53:03.651+0000] {dagbag.py:588} INFO - Filling up the DagBag from /opt/airflow/dags/dag_with_python_operator.py
[2025-04-28T13:53:03.672+0000] {processor.py:925} INFO - DAG(s) 'first_with_python_v4' retrieved from /opt/airflow/dags/dag_with_python_operator.py
[2025-04-28T13:53:03.698+0000] {logging_mixin.py:190} INFO - [2025-04-28T13:53:03.698+0000] {dag.py:3239} INFO - Sync 1 DAGs
[2025-04-28T13:53:03.722+0000] {logging_mixin.py:190} INFO - [2025-04-28T13:53:03.722+0000] {dag.py:4180} INFO - Setting next_dagrun for first_with_python_v4 to 2025-02-28 00:00:00+00:00, run_after=2025-03-01 00:00:00+00:00
[2025-04-28T13:53:03.742+0000] {processor.py:208} INFO - Processing /opt/airflow/dags/dag_with_python_operator.py took 0.100 seconds
[2025-04-28T13:53:34.068+0000] {processor.py:186} INFO - Started process (PID=35757) to work on /opt/airflow/dags/dag_with_python_operator.py
[2025-04-28T13:53:34.070+0000] {processor.py:914} INFO - Processing file /opt/airflow/dags/dag_with_python_operator.py for tasks to queue
[2025-04-28T13:53:34.073+0000] {logging_mixin.py:190} INFO - [2025-04-28T13:53:34.073+0000] {dagbag.py:588} INFO - Filling up the DagBag from /opt/airflow/dags/dag_with_python_operator.py
[2025-04-28T13:53:34.094+0000] {processor.py:925} INFO - DAG(s) 'first_with_python_v4' retrieved from /opt/airflow/dags/dag_with_python_operator.py
[2025-04-28T13:53:34.118+0000] {logging_mixin.py:190} INFO - [2025-04-28T13:53:34.118+0000] {dag.py:3239} INFO - Sync 1 DAGs
[2025-04-28T13:53:34.138+0000] {logging_mixin.py:190} INFO - [2025-04-28T13:53:34.138+0000] {dag.py:4180} INFO - Setting next_dagrun for first_with_python_v4 to 2025-02-28 00:00:00+00:00, run_after=2025-03-01 00:00:00+00:00
[2025-04-28T13:53:34.157+0000] {processor.py:208} INFO - Processing /opt/airflow/dags/dag_with_python_operator.py took 0.095 seconds
[2025-04-28T13:54:04.576+0000] {processor.py:186} INFO - Started process (PID=35778) to work on /opt/airflow/dags/dag_with_python_operator.py
[2025-04-28T13:54:04.580+0000] {processor.py:914} INFO - Processing file /opt/airflow/dags/dag_with_python_operator.py for tasks to queue
[2025-04-28T13:54:04.587+0000] {logging_mixin.py:190} INFO - [2025-04-28T13:54:04.586+0000] {dagbag.py:588} INFO - Filling up the DagBag from /opt/airflow/dags/dag_with_python_operator.py
[2025-04-28T13:54:04.636+0000] {processor.py:925} INFO - DAG(s) 'first_with_python_v4' retrieved from /opt/airflow/dags/dag_with_python_operator.py
[2025-04-28T13:54:04.689+0000] {logging_mixin.py:190} INFO - [2025-04-28T13:54:04.688+0000] {dag.py:3239} INFO - Sync 1 DAGs
[2025-04-28T13:54:04.745+0000] {logging_mixin.py:190} INFO - [2025-04-28T13:54:04.744+0000] {dag.py:4180} INFO - Setting next_dagrun for first_with_python_v4 to 2025-02-28 00:00:00+00:00, run_after=2025-03-01 00:00:00+00:00
[2025-04-28T13:54:04.793+0000] {processor.py:208} INFO - Processing /opt/airflow/dags/dag_with_python_operator.py took 0.229 seconds
[2025-04-28T13:54:35.270+0000] {processor.py:186} INFO - Started process (PID=35799) to work on /opt/airflow/dags/dag_with_python_operator.py
[2025-04-28T13:54:35.277+0000] {processor.py:914} INFO - Processing file /opt/airflow/dags/dag_with_python_operator.py for tasks to queue
[2025-04-28T13:54:35.290+0000] {logging_mixin.py:190} INFO - [2025-04-28T13:54:35.288+0000] {dagbag.py:588} INFO - Filling up the DagBag from /opt/airflow/dags/dag_with_python_operator.py
[2025-04-28T13:54:35.360+0000] {processor.py:925} INFO - DAG(s) 'first_with_python_v4' retrieved from /opt/airflow/dags/dag_with_python_operator.py
[2025-04-28T13:54:35.419+0000] {logging_mixin.py:190} INFO - [2025-04-28T13:54:35.419+0000] {dag.py:3239} INFO - Sync 1 DAGs
[2025-04-28T13:54:35.489+0000] {logging_mixin.py:190} INFO - [2025-04-28T13:54:35.488+0000] {dag.py:4180} INFO - Setting next_dagrun for first_with_python_v4 to 2025-02-28 00:00:00+00:00, run_after=2025-03-01 00:00:00+00:00
[2025-04-28T13:54:35.548+0000] {processor.py:208} INFO - Processing /opt/airflow/dags/dag_with_python_operator.py took 0.299 seconds
[2025-04-28T13:55:05.658+0000] {processor.py:186} INFO - Started process (PID=35820) to work on /opt/airflow/dags/dag_with_python_operator.py
[2025-04-28T13:55:05.660+0000] {processor.py:914} INFO - Processing file /opt/airflow/dags/dag_with_python_operator.py for tasks to queue
[2025-04-28T13:55:05.665+0000] {logging_mixin.py:190} INFO - [2025-04-28T13:55:05.664+0000] {dagbag.py:588} INFO - Filling up the DagBag from /opt/airflow/dags/dag_with_python_operator.py
[2025-04-28T13:55:05.691+0000] {processor.py:925} INFO - DAG(s) 'first_with_python_v4' retrieved from /opt/airflow/dags/dag_with_python_operator.py
[2025-04-28T13:55:05.725+0000] {logging_mixin.py:190} INFO - [2025-04-28T13:55:05.725+0000] {dag.py:3239} INFO - Sync 1 DAGs
[2025-04-28T13:55:05.757+0000] {logging_mixin.py:190} INFO - [2025-04-28T13:55:05.757+0000] {dag.py:4180} INFO - Setting next_dagrun for first_with_python_v4 to 2025-02-28 00:00:00+00:00, run_after=2025-03-01 00:00:00+00:00
[2025-04-28T13:55:05.784+0000] {processor.py:208} INFO - Processing /opt/airflow/dags/dag_with_python_operator.py took 0.133 seconds
[2025-04-28T13:55:36.185+0000] {processor.py:186} INFO - Started process (PID=35847) to work on /opt/airflow/dags/dag_with_python_operator.py
[2025-04-28T13:55:36.188+0000] {processor.py:914} INFO - Processing file /opt/airflow/dags/dag_with_python_operator.py for tasks to queue
[2025-04-28T13:55:36.195+0000] {logging_mixin.py:190} INFO - [2025-04-28T13:55:36.194+0000] {dagbag.py:588} INFO - Filling up the DagBag from /opt/airflow/dags/dag_with_python_operator.py
[2025-04-28T13:55:36.233+0000] {processor.py:925} INFO - DAG(s) 'first_with_python_v4' retrieved from /opt/airflow/dags/dag_with_python_operator.py
[2025-04-28T13:55:36.268+0000] {logging_mixin.py:190} INFO - [2025-04-28T13:55:36.268+0000] {dag.py:3239} INFO - Sync 1 DAGs
[2025-04-28T13:55:36.299+0000] {logging_mixin.py:190} INFO - [2025-04-28T13:55:36.299+0000] {dag.py:4180} INFO - Setting next_dagrun for first_with_python_v4 to 2025-02-28 00:00:00+00:00, run_after=2025-03-01 00:00:00+00:00
[2025-04-28T13:55:36.325+0000] {processor.py:208} INFO - Processing /opt/airflow/dags/dag_with_python_operator.py took 0.147 seconds
[2025-04-28T13:56:06.652+0000] {processor.py:186} INFO - Started process (PID=35868) to work on /opt/airflow/dags/dag_with_python_operator.py
[2025-04-28T13:56:06.654+0000] {processor.py:914} INFO - Processing file /opt/airflow/dags/dag_with_python_operator.py for tasks to queue
[2025-04-28T13:56:06.659+0000] {logging_mixin.py:190} INFO - [2025-04-28T13:56:06.658+0000] {dagbag.py:588} INFO - Filling up the DagBag from /opt/airflow/dags/dag_with_python_operator.py
[2025-04-28T13:56:06.685+0000] {processor.py:925} INFO - DAG(s) 'first_with_python_v4' retrieved from /opt/airflow/dags/dag_with_python_operator.py
[2025-04-28T13:56:06.745+0000] {logging_mixin.py:190} INFO - [2025-04-28T13:56:06.745+0000] {dag.py:3239} INFO - Sync 1 DAGs
[2025-04-28T13:56:06.793+0000] {logging_mixin.py:190} INFO - [2025-04-28T13:56:06.792+0000] {dag.py:4180} INFO - Setting next_dagrun for first_with_python_v4 to 2025-02-28 00:00:00+00:00, run_after=2025-03-01 00:00:00+00:00
[2025-04-28T13:56:06.821+0000] {processor.py:208} INFO - Processing /opt/airflow/dags/dag_with_python_operator.py took 0.177 seconds
[2025-04-28T13:56:37.664+0000] {processor.py:186} INFO - Started process (PID=35889) to work on /opt/airflow/dags/dag_with_python_operator.py
[2025-04-28T13:56:37.668+0000] {processor.py:914} INFO - Processing file /opt/airflow/dags/dag_with_python_operator.py for tasks to queue
[2025-04-28T13:56:37.680+0000] {logging_mixin.py:190} INFO - [2025-04-28T13:56:37.679+0000] {dagbag.py:588} INFO - Filling up the DagBag from /opt/airflow/dags/dag_with_python_operator.py
[2025-04-28T13:56:37.746+0000] {processor.py:925} INFO - DAG(s) 'first_with_python_v4' retrieved from /opt/airflow/dags/dag_with_python_operator.py
[2025-04-28T13:56:37.833+0000] {logging_mixin.py:190} INFO - [2025-04-28T13:56:37.832+0000] {dag.py:3239} INFO - Sync 1 DAGs
[2025-04-28T13:56:37.896+0000] {logging_mixin.py:190} INFO - [2025-04-28T13:56:37.896+0000] {dag.py:4180} INFO - Setting next_dagrun for first_with_python_v4 to 2025-02-28 00:00:00+00:00, run_after=2025-03-01 00:00:00+00:00
[2025-04-28T13:56:37.936+0000] {processor.py:208} INFO - Processing /opt/airflow/dags/dag_with_python_operator.py took 0.293 seconds
[2025-04-28T13:57:08.161+0000] {processor.py:186} INFO - Started process (PID=35910) to work on /opt/airflow/dags/dag_with_python_operator.py
[2025-04-28T13:57:08.163+0000] {processor.py:914} INFO - Processing file /opt/airflow/dags/dag_with_python_operator.py for tasks to queue
[2025-04-28T13:57:08.168+0000] {logging_mixin.py:190} INFO - [2025-04-28T13:57:08.168+0000] {dagbag.py:588} INFO - Filling up the DagBag from /opt/airflow/dags/dag_with_python_operator.py
[2025-04-28T13:57:08.202+0000] {processor.py:925} INFO - DAG(s) 'first_with_python_v4' retrieved from /opt/airflow/dags/dag_with_python_operator.py
[2025-04-28T13:57:08.241+0000] {logging_mixin.py:190} INFO - [2025-04-28T13:57:08.240+0000] {dag.py:3239} INFO - Sync 1 DAGs
[2025-04-28T13:57:08.276+0000] {logging_mixin.py:190} INFO - [2025-04-28T13:57:08.275+0000] {dag.py:4180} INFO - Setting next_dagrun for first_with_python_v4 to 2025-02-28 00:00:00+00:00, run_after=2025-03-01 00:00:00+00:00
[2025-04-28T13:57:08.304+0000] {processor.py:208} INFO - Processing /opt/airflow/dags/dag_with_python_operator.py took 0.152 seconds
[2025-04-28T13:57:38.581+0000] {processor.py:186} INFO - Started process (PID=35931) to work on /opt/airflow/dags/dag_with_python_operator.py
[2025-04-28T13:57:38.582+0000] {processor.py:914} INFO - Processing file /opt/airflow/dags/dag_with_python_operator.py for tasks to queue
[2025-04-28T13:57:38.585+0000] {logging_mixin.py:190} INFO - [2025-04-28T13:57:38.585+0000] {dagbag.py:588} INFO - Filling up the DagBag from /opt/airflow/dags/dag_with_python_operator.py
[2025-04-28T13:57:38.607+0000] {processor.py:925} INFO - DAG(s) 'first_with_python_v4' retrieved from /opt/airflow/dags/dag_with_python_operator.py
[2025-04-28T13:57:38.635+0000] {logging_mixin.py:190} INFO - [2025-04-28T13:57:38.635+0000] {dag.py:3239} INFO - Sync 1 DAGs
[2025-04-28T13:57:38.659+0000] {logging_mixin.py:190} INFO - [2025-04-28T13:57:38.658+0000] {dag.py:4180} INFO - Setting next_dagrun for first_with_python_v4 to 2025-02-28 00:00:00+00:00, run_after=2025-03-01 00:00:00+00:00
[2025-04-28T13:57:38.679+0000] {processor.py:208} INFO - Processing /opt/airflow/dags/dag_with_python_operator.py took 0.103 seconds
[2025-04-28T13:58:08.986+0000] {processor.py:186} INFO - Started process (PID=35952) to work on /opt/airflow/dags/dag_with_python_operator.py
[2025-04-28T13:58:08.989+0000] {processor.py:914} INFO - Processing file /opt/airflow/dags/dag_with_python_operator.py for tasks to queue
[2025-04-28T13:58:08.995+0000] {logging_mixin.py:190} INFO - [2025-04-28T13:58:08.994+0000] {dagbag.py:588} INFO - Filling up the DagBag from /opt/airflow/dags/dag_with_python_operator.py
[2025-04-28T13:58:09.024+0000] {processor.py:925} INFO - DAG(s) 'first_with_python_v4' retrieved from /opt/airflow/dags/dag_with_python_operator.py
[2025-04-28T13:58:09.062+0000] {logging_mixin.py:190} INFO - [2025-04-28T13:58:09.061+0000] {dag.py:3239} INFO - Sync 1 DAGs
[2025-04-28T13:58:09.111+0000] {logging_mixin.py:190} INFO - [2025-04-28T13:58:09.110+0000] {dag.py:4180} INFO - Setting next_dagrun for first_with_python_v4 to 2025-02-28 00:00:00+00:00, run_after=2025-03-01 00:00:00+00:00
[2025-04-28T13:58:09.141+0000] {processor.py:208} INFO - Processing /opt/airflow/dags/dag_with_python_operator.py took 0.163 seconds
[2025-04-28T13:58:39.481+0000] {processor.py:186} INFO - Started process (PID=35973) to work on /opt/airflow/dags/dag_with_python_operator.py
[2025-04-28T13:58:39.484+0000] {processor.py:914} INFO - Processing file /opt/airflow/dags/dag_with_python_operator.py for tasks to queue
[2025-04-28T13:58:39.491+0000] {logging_mixin.py:190} INFO - [2025-04-28T13:58:39.490+0000] {dagbag.py:588} INFO - Filling up the DagBag from /opt/airflow/dags/dag_with_python_operator.py
[2025-04-28T13:58:39.525+0000] {processor.py:925} INFO - DAG(s) 'first_with_python_v4' retrieved from /opt/airflow/dags/dag_with_python_operator.py
[2025-04-28T13:58:39.559+0000] {logging_mixin.py:190} INFO - [2025-04-28T13:58:39.559+0000] {dag.py:3239} INFO - Sync 1 DAGs
[2025-04-28T13:58:39.595+0000] {logging_mixin.py:190} INFO - [2025-04-28T13:58:39.595+0000] {dag.py:4180} INFO - Setting next_dagrun for first_with_python_v4 to 2025-02-28 00:00:00+00:00, run_after=2025-03-01 00:00:00+00:00
[2025-04-28T13:58:39.625+0000] {processor.py:208} INFO - Processing /opt/airflow/dags/dag_with_python_operator.py took 0.152 seconds
[2025-04-28T13:59:10.010+0000] {processor.py:186} INFO - Started process (PID=35994) to work on /opt/airflow/dags/dag_with_python_operator.py
[2025-04-28T13:59:10.013+0000] {processor.py:914} INFO - Processing file /opt/airflow/dags/dag_with_python_operator.py for tasks to queue
[2025-04-28T13:59:10.020+0000] {logging_mixin.py:190} INFO - [2025-04-28T13:59:10.019+0000] {dagbag.py:588} INFO - Filling up the DagBag from /opt/airflow/dags/dag_with_python_operator.py
[2025-04-28T13:59:10.049+0000] {processor.py:925} INFO - DAG(s) 'first_with_python_v4' retrieved from /opt/airflow/dags/dag_with_python_operator.py
[2025-04-28T13:59:10.086+0000] {logging_mixin.py:190} INFO - [2025-04-28T13:59:10.085+0000] {dag.py:3239} INFO - Sync 1 DAGs
[2025-04-28T13:59:10.121+0000] {logging_mixin.py:190} INFO - [2025-04-28T13:59:10.121+0000] {dag.py:4180} INFO - Setting next_dagrun for first_with_python_v4 to 2025-02-28 00:00:00+00:00, run_after=2025-03-01 00:00:00+00:00
[2025-04-28T13:59:10.141+0000] {processor.py:208} INFO - Processing /opt/airflow/dags/dag_with_python_operator.py took 0.140 seconds
[2025-04-28T13:59:40.461+0000] {processor.py:186} INFO - Started process (PID=36015) to work on /opt/airflow/dags/dag_with_python_operator.py
[2025-04-28T13:59:40.465+0000] {processor.py:914} INFO - Processing file /opt/airflow/dags/dag_with_python_operator.py for tasks to queue
[2025-04-28T13:59:40.471+0000] {logging_mixin.py:190} INFO - [2025-04-28T13:59:40.471+0000] {dagbag.py:588} INFO - Filling up the DagBag from /opt/airflow/dags/dag_with_python_operator.py
[2025-04-28T13:59:40.503+0000] {processor.py:925} INFO - DAG(s) 'first_with_python_v4' retrieved from /opt/airflow/dags/dag_with_python_operator.py
[2025-04-28T13:59:40.539+0000] {logging_mixin.py:190} INFO - [2025-04-28T13:59:40.538+0000] {dag.py:3239} INFO - Sync 1 DAGs
[2025-04-28T13:59:40.569+0000] {logging_mixin.py:190} INFO - [2025-04-28T13:59:40.569+0000] {dag.py:4180} INFO - Setting next_dagrun for first_with_python_v4 to 2025-02-28 00:00:00+00:00, run_after=2025-03-01 00:00:00+00:00
[2025-04-28T13:59:40.603+0000] {processor.py:208} INFO - Processing /opt/airflow/dags/dag_with_python_operator.py took 0.153 seconds
[2025-04-28T14:00:10.884+0000] {processor.py:186} INFO - Started process (PID=36036) to work on /opt/airflow/dags/dag_with_python_operator.py
[2025-04-28T14:00:10.887+0000] {processor.py:914} INFO - Processing file /opt/airflow/dags/dag_with_python_operator.py for tasks to queue
[2025-04-28T14:00:10.891+0000] {logging_mixin.py:190} INFO - [2025-04-28T14:00:10.890+0000] {dagbag.py:588} INFO - Filling up the DagBag from /opt/airflow/dags/dag_with_python_operator.py
[2025-04-28T14:00:10.919+0000] {processor.py:925} INFO - DAG(s) 'first_with_python_v4' retrieved from /opt/airflow/dags/dag_with_python_operator.py
[2025-04-28T14:00:10.952+0000] {logging_mixin.py:190} INFO - [2025-04-28T14:00:10.952+0000] {dag.py:3239} INFO - Sync 1 DAGs
[2025-04-28T14:00:10.986+0000] {logging_mixin.py:190} INFO - [2025-04-28T14:00:10.986+0000] {dag.py:4180} INFO - Setting next_dagrun for first_with_python_v4 to 2025-02-28 00:00:00+00:00, run_after=2025-03-01 00:00:00+00:00
[2025-04-28T14:00:11.015+0000] {processor.py:208} INFO - Processing /opt/airflow/dags/dag_with_python_operator.py took 0.138 seconds
[2025-04-28T14:00:41.546+0000] {processor.py:186} INFO - Started process (PID=36057) to work on /opt/airflow/dags/dag_with_python_operator.py
[2025-04-28T14:00:41.549+0000] {processor.py:914} INFO - Processing file /opt/airflow/dags/dag_with_python_operator.py for tasks to queue
[2025-04-28T14:00:41.555+0000] {logging_mixin.py:190} INFO - [2025-04-28T14:00:41.554+0000] {dagbag.py:588} INFO - Filling up the DagBag from /opt/airflow/dags/dag_with_python_operator.py
[2025-04-28T14:00:41.584+0000] {processor.py:925} INFO - DAG(s) 'first_with_python_v4' retrieved from /opt/airflow/dags/dag_with_python_operator.py
[2025-04-28T14:00:41.621+0000] {logging_mixin.py:190} INFO - [2025-04-28T14:00:41.621+0000] {dag.py:3239} INFO - Sync 1 DAGs
[2025-04-28T14:00:41.664+0000] {logging_mixin.py:190} INFO - [2025-04-28T14:00:41.663+0000] {dag.py:4180} INFO - Setting next_dagrun for first_with_python_v4 to 2025-02-28 00:00:00+00:00, run_after=2025-03-01 00:00:00+00:00
[2025-04-28T14:00:41.700+0000] {processor.py:208} INFO - Processing /opt/airflow/dags/dag_with_python_operator.py took 0.165 seconds
[2025-04-28T14:01:12.135+0000] {processor.py:186} INFO - Started process (PID=36078) to work on /opt/airflow/dags/dag_with_python_operator.py
[2025-04-28T14:01:12.137+0000] {processor.py:914} INFO - Processing file /opt/airflow/dags/dag_with_python_operator.py for tasks to queue
[2025-04-28T14:01:12.140+0000] {logging_mixin.py:190} INFO - [2025-04-28T14:01:12.140+0000] {dagbag.py:588} INFO - Filling up the DagBag from /opt/airflow/dags/dag_with_python_operator.py
[2025-04-28T14:01:12.161+0000] {processor.py:925} INFO - DAG(s) 'first_with_python_v4' retrieved from /opt/airflow/dags/dag_with_python_operator.py
[2025-04-28T14:01:12.182+0000] {logging_mixin.py:190} INFO - [2025-04-28T14:01:12.182+0000] {dag.py:3239} INFO - Sync 1 DAGs
[2025-04-28T14:01:12.202+0000] {logging_mixin.py:190} INFO - [2025-04-28T14:01:12.201+0000] {dag.py:4180} INFO - Setting next_dagrun for first_with_python_v4 to 2025-02-28 00:00:00+00:00, run_after=2025-03-01 00:00:00+00:00
[2025-04-28T14:01:12.220+0000] {processor.py:208} INFO - Processing /opt/airflow/dags/dag_with_python_operator.py took 0.091 seconds
[2025-04-28T14:01:42.616+0000] {processor.py:186} INFO - Started process (PID=36099) to work on /opt/airflow/dags/dag_with_python_operator.py
[2025-04-28T14:01:42.618+0000] {processor.py:914} INFO - Processing file /opt/airflow/dags/dag_with_python_operator.py for tasks to queue
[2025-04-28T14:01:42.623+0000] {logging_mixin.py:190} INFO - [2025-04-28T14:01:42.623+0000] {dagbag.py:588} INFO - Filling up the DagBag from /opt/airflow/dags/dag_with_python_operator.py
[2025-04-28T14:01:42.663+0000] {processor.py:925} INFO - DAG(s) 'first_with_python_v4' retrieved from /opt/airflow/dags/dag_with_python_operator.py
[2025-04-28T14:01:42.693+0000] {logging_mixin.py:190} INFO - [2025-04-28T14:01:42.693+0000] {dag.py:3239} INFO - Sync 1 DAGs
[2025-04-28T14:01:42.721+0000] {logging_mixin.py:190} INFO - [2025-04-28T14:01:42.721+0000] {dag.py:4180} INFO - Setting next_dagrun for first_with_python_v4 to 2025-02-28 00:00:00+00:00, run_after=2025-03-01 00:00:00+00:00
[2025-04-28T14:01:42.752+0000] {processor.py:208} INFO - Processing /opt/airflow/dags/dag_with_python_operator.py took 0.145 seconds
[2025-04-28T14:02:13.194+0000] {processor.py:186} INFO - Started process (PID=36120) to work on /opt/airflow/dags/dag_with_python_operator.py
[2025-04-28T14:02:13.199+0000] {processor.py:914} INFO - Processing file /opt/airflow/dags/dag_with_python_operator.py for tasks to queue
[2025-04-28T14:02:13.206+0000] {logging_mixin.py:190} INFO - [2025-04-28T14:02:13.205+0000] {dagbag.py:588} INFO - Filling up the DagBag from /opt/airflow/dags/dag_with_python_operator.py
[2025-04-28T14:02:13.255+0000] {processor.py:925} INFO - DAG(s) 'first_with_python_v4' retrieved from /opt/airflow/dags/dag_with_python_operator.py
[2025-04-28T14:02:13.299+0000] {logging_mixin.py:190} INFO - [2025-04-28T14:02:13.299+0000] {dag.py:3239} INFO - Sync 1 DAGs
[2025-04-28T14:02:13.329+0000] {logging_mixin.py:190} INFO - [2025-04-28T14:02:13.329+0000] {dag.py:4180} INFO - Setting next_dagrun for first_with_python_v4 to 2025-02-28 00:00:00+00:00, run_after=2025-03-01 00:00:00+00:00
[2025-04-28T14:02:13.355+0000] {processor.py:208} INFO - Processing /opt/airflow/dags/dag_with_python_operator.py took 0.173 seconds
[2025-04-28T14:02:43.788+0000] {processor.py:186} INFO - Started process (PID=36141) to work on /opt/airflow/dags/dag_with_python_operator.py
[2025-04-28T14:02:43.794+0000] {processor.py:914} INFO - Processing file /opt/airflow/dags/dag_with_python_operator.py for tasks to queue
[2025-04-28T14:02:43.803+0000] {logging_mixin.py:190} INFO - [2025-04-28T14:02:43.802+0000] {dagbag.py:588} INFO - Filling up the DagBag from /opt/airflow/dags/dag_with_python_operator.py
[2025-04-28T14:02:43.842+0000] {processor.py:925} INFO - DAG(s) 'first_with_python_v4' retrieved from /opt/airflow/dags/dag_with_python_operator.py
[2025-04-28T14:02:43.883+0000] {logging_mixin.py:190} INFO - [2025-04-28T14:02:43.882+0000] {dag.py:3239} INFO - Sync 1 DAGs
[2025-04-28T14:02:43.916+0000] {logging_mixin.py:190} INFO - [2025-04-28T14:02:43.915+0000] {dag.py:4180} INFO - Setting next_dagrun for first_with_python_v4 to 2025-02-28 00:00:00+00:00, run_after=2025-03-01 00:00:00+00:00
[2025-04-28T14:02:43.951+0000] {processor.py:208} INFO - Processing /opt/airflow/dags/dag_with_python_operator.py took 0.176 seconds
[2025-04-28T14:03:14.378+0000] {processor.py:186} INFO - Started process (PID=36162) to work on /opt/airflow/dags/dag_with_python_operator.py
[2025-04-28T14:03:14.382+0000] {processor.py:914} INFO - Processing file /opt/airflow/dags/dag_with_python_operator.py for tasks to queue
[2025-04-28T14:03:14.389+0000] {logging_mixin.py:190} INFO - [2025-04-28T14:03:14.388+0000] {dagbag.py:588} INFO - Filling up the DagBag from /opt/airflow/dags/dag_with_python_operator.py
[2025-04-28T14:03:14.426+0000] {processor.py:925} INFO - DAG(s) 'first_with_python_v4' retrieved from /opt/airflow/dags/dag_with_python_operator.py
[2025-04-28T14:03:14.468+0000] {logging_mixin.py:190} INFO - [2025-04-28T14:03:14.467+0000] {dag.py:3239} INFO - Sync 1 DAGs
[2025-04-28T14:03:14.502+0000] {logging_mixin.py:190} INFO - [2025-04-28T14:03:14.502+0000] {dag.py:4180} INFO - Setting next_dagrun for first_with_python_v4 to 2025-02-28 00:00:00+00:00, run_after=2025-03-01 00:00:00+00:00
[2025-04-28T14:03:14.531+0000] {processor.py:208} INFO - Processing /opt/airflow/dags/dag_with_python_operator.py took 0.163 seconds
[2025-04-28T14:03:44.923+0000] {processor.py:186} INFO - Started process (PID=36183) to work on /opt/airflow/dags/dag_with_python_operator.py
[2025-04-28T14:03:44.927+0000] {processor.py:914} INFO - Processing file /opt/airflow/dags/dag_with_python_operator.py for tasks to queue
[2025-04-28T14:03:44.931+0000] {logging_mixin.py:190} INFO - [2025-04-28T14:03:44.931+0000] {dagbag.py:588} INFO - Filling up the DagBag from /opt/airflow/dags/dag_with_python_operator.py
[2025-04-28T14:03:44.961+0000] {processor.py:925} INFO - DAG(s) 'first_with_python_v4' retrieved from /opt/airflow/dags/dag_with_python_operator.py
[2025-04-28T14:03:45.013+0000] {logging_mixin.py:190} INFO - [2025-04-28T14:03:45.013+0000] {dag.py:3239} INFO - Sync 1 DAGs
[2025-04-28T14:03:45.056+0000] {logging_mixin.py:190} INFO - [2025-04-28T14:03:45.056+0000] {dag.py:4180} INFO - Setting next_dagrun for first_with_python_v4 to 2025-02-28 00:00:00+00:00, run_after=2025-03-01 00:00:00+00:00
[2025-04-28T14:03:45.084+0000] {processor.py:208} INFO - Processing /opt/airflow/dags/dag_with_python_operator.py took 0.169 seconds
[2025-04-28T14:04:15.591+0000] {processor.py:186} INFO - Started process (PID=36204) to work on /opt/airflow/dags/dag_with_python_operator.py
[2025-04-28T14:04:15.596+0000] {processor.py:914} INFO - Processing file /opt/airflow/dags/dag_with_python_operator.py for tasks to queue
[2025-04-28T14:04:15.606+0000] {logging_mixin.py:190} INFO - [2025-04-28T14:04:15.605+0000] {dagbag.py:588} INFO - Filling up the DagBag from /opt/airflow/dags/dag_with_python_operator.py
[2025-04-28T14:04:15.689+0000] {processor.py:925} INFO - DAG(s) 'first_with_python_v4' retrieved from /opt/airflow/dags/dag_with_python_operator.py
[2025-04-28T14:04:15.783+0000] {logging_mixin.py:190} INFO - [2025-04-28T14:04:15.782+0000] {dag.py:3239} INFO - Sync 1 DAGs
[2025-04-28T14:04:15.864+0000] {logging_mixin.py:190} INFO - [2025-04-28T14:04:15.863+0000] {dag.py:4180} INFO - Setting next_dagrun for first_with_python_v4 to 2025-02-28 00:00:00+00:00, run_after=2025-03-01 00:00:00+00:00
[2025-04-28T14:04:15.930+0000] {processor.py:208} INFO - Processing /opt/airflow/dags/dag_with_python_operator.py took 0.351 seconds
[2025-04-28T14:04:46.063+0000] {processor.py:186} INFO - Started process (PID=36225) to work on /opt/airflow/dags/dag_with_python_operator.py
[2025-04-28T14:04:46.065+0000] {processor.py:914} INFO - Processing file /opt/airflow/dags/dag_with_python_operator.py for tasks to queue
[2025-04-28T14:04:46.070+0000] {logging_mixin.py:190} INFO - [2025-04-28T14:04:46.070+0000] {dagbag.py:588} INFO - Filling up the DagBag from /opt/airflow/dags/dag_with_python_operator.py
[2025-04-28T14:04:46.096+0000] {processor.py:925} INFO - DAG(s) 'first_with_python_v4' retrieved from /opt/airflow/dags/dag_with_python_operator.py
[2025-04-28T14:04:46.129+0000] {logging_mixin.py:190} INFO - [2025-04-28T14:04:46.129+0000] {dag.py:3239} INFO - Sync 1 DAGs
[2025-04-28T14:04:46.166+0000] {logging_mixin.py:190} INFO - [2025-04-28T14:04:46.165+0000] {dag.py:4180} INFO - Setting next_dagrun for first_with_python_v4 to 2025-02-28 00:00:00+00:00, run_after=2025-03-01 00:00:00+00:00
[2025-04-28T14:04:46.195+0000] {processor.py:208} INFO - Processing /opt/airflow/dags/dag_with_python_operator.py took 0.141 seconds
[2025-04-28T14:05:16.958+0000] {processor.py:186} INFO - Started process (PID=36246) to work on /opt/airflow/dags/dag_with_python_operator.py
[2025-04-28T14:05:16.964+0000] {processor.py:914} INFO - Processing file /opt/airflow/dags/dag_with_python_operator.py for tasks to queue
[2025-04-28T14:05:16.974+0000] {logging_mixin.py:190} INFO - [2025-04-28T14:05:16.973+0000] {dagbag.py:588} INFO - Filling up the DagBag from /opt/airflow/dags/dag_with_python_operator.py
[2025-04-28T14:05:17.044+0000] {processor.py:925} INFO - DAG(s) 'first_with_python_v4' retrieved from /opt/airflow/dags/dag_with_python_operator.py
[2025-04-28T14:05:17.127+0000] {logging_mixin.py:190} INFO - [2025-04-28T14:05:17.126+0000] {dag.py:3239} INFO - Sync 1 DAGs
[2025-04-28T14:05:17.218+0000] {logging_mixin.py:190} INFO - [2025-04-28T14:05:17.218+0000] {dag.py:4180} INFO - Setting next_dagrun for first_with_python_v4 to 2025-02-28 00:00:00+00:00, run_after=2025-03-01 00:00:00+00:00
[2025-04-28T14:05:17.268+0000] {processor.py:208} INFO - Processing /opt/airflow/dags/dag_with_python_operator.py took 0.330 seconds
[2025-04-28T14:05:47.819+0000] {processor.py:186} INFO - Started process (PID=36267) to work on /opt/airflow/dags/dag_with_python_operator.py
[2025-04-28T14:05:47.826+0000] {processor.py:914} INFO - Processing file /opt/airflow/dags/dag_with_python_operator.py for tasks to queue
[2025-04-28T14:05:47.832+0000] {logging_mixin.py:190} INFO - [2025-04-28T14:05:47.831+0000] {dagbag.py:588} INFO - Filling up the DagBag from /opt/airflow/dags/dag_with_python_operator.py
[2025-04-28T14:05:47.898+0000] {processor.py:925} INFO - DAG(s) 'first_with_python_v4' retrieved from /opt/airflow/dags/dag_with_python_operator.py
[2025-04-28T14:05:47.976+0000] {logging_mixin.py:190} INFO - [2025-04-28T14:05:47.975+0000] {dag.py:3239} INFO - Sync 1 DAGs
[2025-04-28T14:05:48.022+0000] {logging_mixin.py:190} INFO - [2025-04-28T14:05:48.022+0000] {dag.py:4180} INFO - Setting next_dagrun for first_with_python_v4 to 2025-02-28 00:00:00+00:00, run_after=2025-03-01 00:00:00+00:00
[2025-04-28T14:05:48.056+0000] {processor.py:208} INFO - Processing /opt/airflow/dags/dag_with_python_operator.py took 0.249 seconds
[2025-04-28T14:06:18.531+0000] {processor.py:186} INFO - Started process (PID=36288) to work on /opt/airflow/dags/dag_with_python_operator.py
[2025-04-28T14:06:18.539+0000] {processor.py:914} INFO - Processing file /opt/airflow/dags/dag_with_python_operator.py for tasks to queue
[2025-04-28T14:06:18.550+0000] {logging_mixin.py:190} INFO - [2025-04-28T14:06:18.549+0000] {dagbag.py:588} INFO - Filling up the DagBag from /opt/airflow/dags/dag_with_python_operator.py
[2025-04-28T14:06:18.623+0000] {processor.py:925} INFO - DAG(s) 'first_with_python_v4' retrieved from /opt/airflow/dags/dag_with_python_operator.py
[2025-04-28T14:06:18.700+0000] {logging_mixin.py:190} INFO - [2025-04-28T14:06:18.700+0000] {dag.py:3239} INFO - Sync 1 DAGs
[2025-04-28T14:06:18.765+0000] {logging_mixin.py:190} INFO - [2025-04-28T14:06:18.765+0000] {dag.py:4180} INFO - Setting next_dagrun for first_with_python_v4 to 2025-02-28 00:00:00+00:00, run_after=2025-03-01 00:00:00+00:00
[2025-04-28T14:06:18.831+0000] {processor.py:208} INFO - Processing /opt/airflow/dags/dag_with_python_operator.py took 0.316 seconds
[2025-04-28T14:06:49.354+0000] {processor.py:186} INFO - Started process (PID=36309) to work on /opt/airflow/dags/dag_with_python_operator.py
[2025-04-28T14:06:49.360+0000] {processor.py:914} INFO - Processing file /opt/airflow/dags/dag_with_python_operator.py for tasks to queue
[2025-04-28T14:06:49.370+0000] {logging_mixin.py:190} INFO - [2025-04-28T14:06:49.369+0000] {dagbag.py:588} INFO - Filling up the DagBag from /opt/airflow/dags/dag_with_python_operator.py
[2025-04-28T14:06:49.437+0000] {processor.py:925} INFO - DAG(s) 'first_with_python_v4' retrieved from /opt/airflow/dags/dag_with_python_operator.py
[2025-04-28T14:06:49.492+0000] {logging_mixin.py:190} INFO - [2025-04-28T14:06:49.492+0000] {dag.py:3239} INFO - Sync 1 DAGs
[2025-04-28T14:06:49.525+0000] {logging_mixin.py:190} INFO - [2025-04-28T14:06:49.525+0000] {dag.py:4180} INFO - Setting next_dagrun for first_with_python_v4 to 2025-02-28 00:00:00+00:00, run_after=2025-03-01 00:00:00+00:00
[2025-04-28T14:06:49.554+0000] {processor.py:208} INFO - Processing /opt/airflow/dags/dag_with_python_operator.py took 0.217 seconds
[2025-04-28T14:07:20.138+0000] {processor.py:186} INFO - Started process (PID=36330) to work on /opt/airflow/dags/dag_with_python_operator.py
[2025-04-28T14:07:20.140+0000] {processor.py:914} INFO - Processing file /opt/airflow/dags/dag_with_python_operator.py for tasks to queue
[2025-04-28T14:07:20.146+0000] {logging_mixin.py:190} INFO - [2025-04-28T14:07:20.146+0000] {dagbag.py:588} INFO - Filling up the DagBag from /opt/airflow/dags/dag_with_python_operator.py
[2025-04-28T14:07:20.176+0000] {processor.py:925} INFO - DAG(s) 'first_with_python_v4' retrieved from /opt/airflow/dags/dag_with_python_operator.py
[2025-04-28T14:07:20.213+0000] {logging_mixin.py:190} INFO - [2025-04-28T14:07:20.213+0000] {dag.py:3239} INFO - Sync 1 DAGs
[2025-04-28T14:07:20.249+0000] {logging_mixin.py:190} INFO - [2025-04-28T14:07:20.248+0000] {dag.py:4180} INFO - Setting next_dagrun for first_with_python_v4 to 2025-02-28 00:00:00+00:00, run_after=2025-03-01 00:00:00+00:00
[2025-04-28T14:07:20.277+0000] {processor.py:208} INFO - Processing /opt/airflow/dags/dag_with_python_operator.py took 0.148 seconds
[2025-04-28T14:07:50.712+0000] {processor.py:186} INFO - Started process (PID=36350) to work on /opt/airflow/dags/dag_with_python_operator.py
[2025-04-28T14:07:50.715+0000] {processor.py:914} INFO - Processing file /opt/airflow/dags/dag_with_python_operator.py for tasks to queue
[2025-04-28T14:07:50.719+0000] {logging_mixin.py:190} INFO - [2025-04-28T14:07:50.719+0000] {dagbag.py:588} INFO - Filling up the DagBag from /opt/airflow/dags/dag_with_python_operator.py
[2025-04-28T14:07:50.751+0000] {processor.py:925} INFO - DAG(s) 'first_with_python_v4' retrieved from /opt/airflow/dags/dag_with_python_operator.py
[2025-04-28T14:07:50.790+0000] {logging_mixin.py:190} INFO - [2025-04-28T14:07:50.790+0000] {dag.py:3239} INFO - Sync 1 DAGs
[2025-04-28T14:07:50.828+0000] {logging_mixin.py:190} INFO - [2025-04-28T14:07:50.828+0000] {dag.py:4180} INFO - Setting next_dagrun for first_with_python_v4 to 2025-02-28 00:00:00+00:00, run_after=2025-03-01 00:00:00+00:00
[2025-04-28T14:07:50.861+0000] {processor.py:208} INFO - Processing /opt/airflow/dags/dag_with_python_operator.py took 0.159 seconds
[2025-04-28T14:08:21.419+0000] {processor.py:186} INFO - Started process (PID=36371) to work on /opt/airflow/dags/dag_with_python_operator.py
[2025-04-28T14:08:21.422+0000] {processor.py:914} INFO - Processing file /opt/airflow/dags/dag_with_python_operator.py for tasks to queue
[2025-04-28T14:08:21.427+0000] {logging_mixin.py:190} INFO - [2025-04-28T14:08:21.427+0000] {dagbag.py:588} INFO - Filling up the DagBag from /opt/airflow/dags/dag_with_python_operator.py
[2025-04-28T14:08:21.461+0000] {processor.py:925} INFO - DAG(s) 'first_with_python_v4' retrieved from /opt/airflow/dags/dag_with_python_operator.py
[2025-04-28T14:08:21.499+0000] {logging_mixin.py:190} INFO - [2025-04-28T14:08:21.499+0000] {dag.py:3239} INFO - Sync 1 DAGs
[2025-04-28T14:08:21.534+0000] {logging_mixin.py:190} INFO - [2025-04-28T14:08:21.534+0000] {dag.py:4180} INFO - Setting next_dagrun for first_with_python_v4 to 2025-02-28 00:00:00+00:00, run_after=2025-03-01 00:00:00+00:00
[2025-04-28T14:08:21.564+0000] {processor.py:208} INFO - Processing /opt/airflow/dags/dag_with_python_operator.py took 0.154 seconds
[2025-04-28T14:08:51.973+0000] {processor.py:186} INFO - Started process (PID=36391) to work on /opt/airflow/dags/dag_with_python_operator.py
[2025-04-28T14:08:51.977+0000] {processor.py:914} INFO - Processing file /opt/airflow/dags/dag_with_python_operator.py for tasks to queue
[2025-04-28T14:08:51.982+0000] {logging_mixin.py:190} INFO - [2025-04-28T14:08:51.981+0000] {dagbag.py:588} INFO - Filling up the DagBag from /opt/airflow/dags/dag_with_python_operator.py
[2025-04-28T14:08:52.007+0000] {processor.py:925} INFO - DAG(s) 'first_with_python_v4' retrieved from /opt/airflow/dags/dag_with_python_operator.py
[2025-04-28T14:08:52.045+0000] {logging_mixin.py:190} INFO - [2025-04-28T14:08:52.045+0000] {dag.py:3239} INFO - Sync 1 DAGs
[2025-04-28T14:08:52.079+0000] {logging_mixin.py:190} INFO - [2025-04-28T14:08:52.079+0000] {dag.py:4180} INFO - Setting next_dagrun for first_with_python_v4 to 2025-02-28 00:00:00+00:00, run_after=2025-03-01 00:00:00+00:00
[2025-04-28T14:08:52.111+0000] {processor.py:208} INFO - Processing /opt/airflow/dags/dag_with_python_operator.py took 0.146 seconds
[2025-04-28T14:09:22.754+0000] {processor.py:186} INFO - Started process (PID=36412) to work on /opt/airflow/dags/dag_with_python_operator.py
[2025-04-28T14:09:22.760+0000] {processor.py:914} INFO - Processing file /opt/airflow/dags/dag_with_python_operator.py for tasks to queue
[2025-04-28T14:09:22.770+0000] {logging_mixin.py:190} INFO - [2025-04-28T14:09:22.769+0000] {dagbag.py:588} INFO - Filling up the DagBag from /opt/airflow/dags/dag_with_python_operator.py
[2025-04-28T14:09:22.822+0000] {processor.py:925} INFO - DAG(s) 'first_with_python_v4' retrieved from /opt/airflow/dags/dag_with_python_operator.py
[2025-04-28T14:09:22.870+0000] {logging_mixin.py:190} INFO - [2025-04-28T14:09:22.870+0000] {dag.py:3239} INFO - Sync 1 DAGs
[2025-04-28T14:09:22.903+0000] {logging_mixin.py:190} INFO - [2025-04-28T14:09:22.902+0000] {dag.py:4180} INFO - Setting next_dagrun for first_with_python_v4 to 2025-02-28 00:00:00+00:00, run_after=2025-03-01 00:00:00+00:00
[2025-04-28T14:09:22.940+0000] {processor.py:208} INFO - Processing /opt/airflow/dags/dag_with_python_operator.py took 0.202 seconds
[2025-04-28T14:09:53.472+0000] {processor.py:186} INFO - Started process (PID=36433) to work on /opt/airflow/dags/dag_with_python_operator.py
[2025-04-28T14:09:53.474+0000] {processor.py:914} INFO - Processing file /opt/airflow/dags/dag_with_python_operator.py for tasks to queue
[2025-04-28T14:09:53.478+0000] {logging_mixin.py:190} INFO - [2025-04-28T14:09:53.477+0000] {dagbag.py:588} INFO - Filling up the DagBag from /opt/airflow/dags/dag_with_python_operator.py
[2025-04-28T14:09:53.510+0000] {processor.py:925} INFO - DAG(s) 'first_with_python_v4' retrieved from /opt/airflow/dags/dag_with_python_operator.py
[2025-04-28T14:09:53.532+0000] {logging_mixin.py:190} INFO - [2025-04-28T14:09:53.532+0000] {dag.py:3239} INFO - Sync 1 DAGs
[2025-04-28T14:09:53.555+0000] {logging_mixin.py:190} INFO - [2025-04-28T14:09:53.555+0000] {dag.py:4180} INFO - Setting next_dagrun for first_with_python_v4 to 2025-02-28 00:00:00+00:00, run_after=2025-03-01 00:00:00+00:00
[2025-04-28T14:09:53.576+0000] {processor.py:208} INFO - Processing /opt/airflow/dags/dag_with_python_operator.py took 0.109 seconds
[2025-04-28T14:10:24.163+0000] {processor.py:186} INFO - Started process (PID=36454) to work on /opt/airflow/dags/dag_with_python_operator.py
[2025-04-28T14:10:24.167+0000] {processor.py:914} INFO - Processing file /opt/airflow/dags/dag_with_python_operator.py for tasks to queue
[2025-04-28T14:10:24.175+0000] {logging_mixin.py:190} INFO - [2025-04-28T14:10:24.174+0000] {dagbag.py:588} INFO - Filling up the DagBag from /opt/airflow/dags/dag_with_python_operator.py
[2025-04-28T14:10:24.229+0000] {processor.py:925} INFO - DAG(s) 'first_with_python_v4' retrieved from /opt/airflow/dags/dag_with_python_operator.py
[2025-04-28T14:10:24.279+0000] {logging_mixin.py:190} INFO - [2025-04-28T14:10:24.279+0000] {dag.py:3239} INFO - Sync 1 DAGs
[2025-04-28T14:10:24.332+0000] {logging_mixin.py:190} INFO - [2025-04-28T14:10:24.332+0000] {dag.py:4180} INFO - Setting next_dagrun for first_with_python_v4 to 2025-02-28 00:00:00+00:00, run_after=2025-03-01 00:00:00+00:00
[2025-04-28T14:10:24.378+0000] {processor.py:208} INFO - Processing /opt/airflow/dags/dag_with_python_operator.py took 0.232 seconds
[2025-04-28T14:10:54.756+0000] {processor.py:186} INFO - Started process (PID=36475) to work on /opt/airflow/dags/dag_with_python_operator.py
[2025-04-28T14:10:54.761+0000] {processor.py:914} INFO - Processing file /opt/airflow/dags/dag_with_python_operator.py for tasks to queue
[2025-04-28T14:10:54.769+0000] {logging_mixin.py:190} INFO - [2025-04-28T14:10:54.768+0000] {dagbag.py:588} INFO - Filling up the DagBag from /opt/airflow/dags/dag_with_python_operator.py
[2025-04-28T14:10:54.828+0000] {processor.py:925} INFO - DAG(s) 'first_with_python_v4' retrieved from /opt/airflow/dags/dag_with_python_operator.py
[2025-04-28T14:10:54.872+0000] {logging_mixin.py:190} INFO - [2025-04-28T14:10:54.871+0000] {dag.py:3239} INFO - Sync 1 DAGs
[2025-04-28T14:10:54.926+0000] {logging_mixin.py:190} INFO - [2025-04-28T14:10:54.926+0000] {dag.py:4180} INFO - Setting next_dagrun for first_with_python_v4 to 2025-02-28 00:00:00+00:00, run_after=2025-03-01 00:00:00+00:00
[2025-04-28T14:10:54.971+0000] {processor.py:208} INFO - Processing /opt/airflow/dags/dag_with_python_operator.py took 0.227 seconds
[2025-04-28T14:11:25.667+0000] {processor.py:186} INFO - Started process (PID=36496) to work on /opt/airflow/dags/dag_with_python_operator.py
[2025-04-28T14:11:25.673+0000] {processor.py:914} INFO - Processing file /opt/airflow/dags/dag_with_python_operator.py for tasks to queue
[2025-04-28T14:11:25.686+0000] {logging_mixin.py:190} INFO - [2025-04-28T14:11:25.684+0000] {dagbag.py:588} INFO - Filling up the DagBag from /opt/airflow/dags/dag_with_python_operator.py
[2025-04-28T14:11:25.755+0000] {processor.py:925} INFO - DAG(s) 'first_with_python_v4' retrieved from /opt/airflow/dags/dag_with_python_operator.py
[2025-04-28T14:11:25.806+0000] {logging_mixin.py:190} INFO - [2025-04-28T14:11:25.805+0000] {dag.py:3239} INFO - Sync 1 DAGs
[2025-04-28T14:11:25.854+0000] {logging_mixin.py:190} INFO - [2025-04-28T14:11:25.854+0000] {dag.py:4180} INFO - Setting next_dagrun for first_with_python_v4 to 2025-02-28 00:00:00+00:00, run_after=2025-03-01 00:00:00+00:00
[2025-04-28T14:11:25.908+0000] {processor.py:208} INFO - Processing /opt/airflow/dags/dag_with_python_operator.py took 0.258 seconds
[2025-04-28T14:11:56.440+0000] {processor.py:186} INFO - Started process (PID=36517) to work on /opt/airflow/dags/dag_with_python_operator.py
[2025-04-28T14:11:56.443+0000] {processor.py:914} INFO - Processing file /opt/airflow/dags/dag_with_python_operator.py for tasks to queue
[2025-04-28T14:11:56.447+0000] {logging_mixin.py:190} INFO - [2025-04-28T14:11:56.447+0000] {dagbag.py:588} INFO - Filling up the DagBag from /opt/airflow/dags/dag_with_python_operator.py
[2025-04-28T14:11:56.481+0000] {processor.py:925} INFO - DAG(s) 'first_with_python_v4' retrieved from /opt/airflow/dags/dag_with_python_operator.py
[2025-04-28T14:11:56.521+0000] {logging_mixin.py:190} INFO - [2025-04-28T14:11:56.520+0000] {dag.py:3239} INFO - Sync 1 DAGs
[2025-04-28T14:11:56.559+0000] {logging_mixin.py:190} INFO - [2025-04-28T14:11:56.559+0000] {dag.py:4180} INFO - Setting next_dagrun for first_with_python_v4 to 2025-02-28 00:00:00+00:00, run_after=2025-03-01 00:00:00+00:00
[2025-04-28T14:11:56.591+0000] {processor.py:208} INFO - Processing /opt/airflow/dags/dag_with_python_operator.py took 0.161 seconds
[2025-04-28T14:12:27.031+0000] {processor.py:186} INFO - Started process (PID=36538) to work on /opt/airflow/dags/dag_with_python_operator.py
[2025-04-28T14:12:27.033+0000] {processor.py:914} INFO - Processing file /opt/airflow/dags/dag_with_python_operator.py for tasks to queue
[2025-04-28T14:12:27.037+0000] {logging_mixin.py:190} INFO - [2025-04-28T14:12:27.037+0000] {dagbag.py:588} INFO - Filling up the DagBag from /opt/airflow/dags/dag_with_python_operator.py
[2025-04-28T14:12:27.060+0000] {processor.py:925} INFO - DAG(s) 'first_with_python_v4' retrieved from /opt/airflow/dags/dag_with_python_operator.py
[2025-04-28T14:12:27.095+0000] {logging_mixin.py:190} INFO - [2025-04-28T14:12:27.095+0000] {dag.py:3239} INFO - Sync 1 DAGs
[2025-04-28T14:12:27.131+0000] {logging_mixin.py:190} INFO - [2025-04-28T14:12:27.131+0000] {dag.py:4180} INFO - Setting next_dagrun for first_with_python_v4 to 2025-02-28 00:00:00+00:00, run_after=2025-03-01 00:00:00+00:00
[2025-04-28T14:12:27.164+0000] {processor.py:208} INFO - Processing /opt/airflow/dags/dag_with_python_operator.py took 0.140 seconds
[2025-04-28T14:12:57.657+0000] {processor.py:186} INFO - Started process (PID=36559) to work on /opt/airflow/dags/dag_with_python_operator.py
[2025-04-28T14:12:57.659+0000] {processor.py:914} INFO - Processing file /opt/airflow/dags/dag_with_python_operator.py for tasks to queue
[2025-04-28T14:12:57.664+0000] {logging_mixin.py:190} INFO - [2025-04-28T14:12:57.663+0000] {dagbag.py:588} INFO - Filling up the DagBag from /opt/airflow/dags/dag_with_python_operator.py
[2025-04-28T14:12:57.690+0000] {processor.py:925} INFO - DAG(s) 'first_with_python_v4' retrieved from /opt/airflow/dags/dag_with_python_operator.py
[2025-04-28T14:12:57.718+0000] {logging_mixin.py:190} INFO - [2025-04-28T14:12:57.718+0000] {dag.py:3239} INFO - Sync 1 DAGs
[2025-04-28T14:12:57.753+0000] {logging_mixin.py:190} INFO - [2025-04-28T14:12:57.753+0000] {dag.py:4180} INFO - Setting next_dagrun for first_with_python_v4 to 2025-02-28 00:00:00+00:00, run_after=2025-03-01 00:00:00+00:00
[2025-04-28T14:12:57.788+0000] {processor.py:208} INFO - Processing /opt/airflow/dags/dag_with_python_operator.py took 0.139 seconds
[2025-04-28T14:13:28.173+0000] {processor.py:186} INFO - Started process (PID=36580) to work on /opt/airflow/dags/dag_with_python_operator.py
[2025-04-28T14:13:28.178+0000] {processor.py:914} INFO - Processing file /opt/airflow/dags/dag_with_python_operator.py for tasks to queue
[2025-04-28T14:13:28.184+0000] {logging_mixin.py:190} INFO - [2025-04-28T14:13:28.183+0000] {dagbag.py:588} INFO - Filling up the DagBag from /opt/airflow/dags/dag_with_python_operator.py
[2025-04-28T14:13:28.222+0000] {processor.py:925} INFO - DAG(s) 'first_with_python_v4' retrieved from /opt/airflow/dags/dag_with_python_operator.py
[2025-04-28T14:13:28.268+0000] {logging_mixin.py:190} INFO - [2025-04-28T14:13:28.267+0000] {dag.py:3239} INFO - Sync 1 DAGs
[2025-04-28T14:13:28.306+0000] {logging_mixin.py:190} INFO - [2025-04-28T14:13:28.306+0000] {dag.py:4180} INFO - Setting next_dagrun for first_with_python_v4 to 2025-02-28 00:00:00+00:00, run_after=2025-03-01 00:00:00+00:00
[2025-04-28T14:13:28.336+0000] {processor.py:208} INFO - Processing /opt/airflow/dags/dag_with_python_operator.py took 0.176 seconds
[2025-04-28T14:13:58.913+0000] {processor.py:186} INFO - Started process (PID=36601) to work on /opt/airflow/dags/dag_with_python_operator.py
[2025-04-28T14:13:58.916+0000] {processor.py:914} INFO - Processing file /opt/airflow/dags/dag_with_python_operator.py for tasks to queue
[2025-04-28T14:13:58.920+0000] {logging_mixin.py:190} INFO - [2025-04-28T14:13:58.920+0000] {dagbag.py:588} INFO - Filling up the DagBag from /opt/airflow/dags/dag_with_python_operator.py
[2025-04-28T14:13:58.948+0000] {processor.py:925} INFO - DAG(s) 'first_with_python_v4' retrieved from /opt/airflow/dags/dag_with_python_operator.py
[2025-04-28T14:13:58.992+0000] {logging_mixin.py:190} INFO - [2025-04-28T14:13:58.992+0000] {dag.py:3239} INFO - Sync 1 DAGs
[2025-04-28T14:13:59.025+0000] {logging_mixin.py:190} INFO - [2025-04-28T14:13:59.024+0000] {dag.py:4180} INFO - Setting next_dagrun for first_with_python_v4 to 2025-02-28 00:00:00+00:00, run_after=2025-03-01 00:00:00+00:00
[2025-04-28T14:13:59.050+0000] {processor.py:208} INFO - Processing /opt/airflow/dags/dag_with_python_operator.py took 0.147 seconds
[2025-04-28T14:14:29.454+0000] {processor.py:186} INFO - Started process (PID=36622) to work on /opt/airflow/dags/dag_with_python_operator.py
[2025-04-28T14:14:29.457+0000] {processor.py:914} INFO - Processing file /opt/airflow/dags/dag_with_python_operator.py for tasks to queue
[2025-04-28T14:14:29.463+0000] {logging_mixin.py:190} INFO - [2025-04-28T14:14:29.462+0000] {dagbag.py:588} INFO - Filling up the DagBag from /opt/airflow/dags/dag_with_python_operator.py
[2025-04-28T14:14:29.492+0000] {processor.py:925} INFO - DAG(s) 'first_with_python_v4' retrieved from /opt/airflow/dags/dag_with_python_operator.py
[2025-04-28T14:14:29.524+0000] {logging_mixin.py:190} INFO - [2025-04-28T14:14:29.523+0000] {dag.py:3239} INFO - Sync 1 DAGs
[2025-04-28T14:14:29.560+0000] {logging_mixin.py:190} INFO - [2025-04-28T14:14:29.560+0000] {dag.py:4180} INFO - Setting next_dagrun for first_with_python_v4 to 2025-02-28 00:00:00+00:00, run_after=2025-03-01 00:00:00+00:00
[2025-04-28T14:14:29.591+0000] {processor.py:208} INFO - Processing /opt/airflow/dags/dag_with_python_operator.py took 0.148 seconds
[2025-04-28T14:14:59.955+0000] {processor.py:186} INFO - Started process (PID=36643) to work on /opt/airflow/dags/dag_with_python_operator.py
[2025-04-28T14:14:59.960+0000] {processor.py:914} INFO - Processing file /opt/airflow/dags/dag_with_python_operator.py for tasks to queue
[2025-04-28T14:14:59.966+0000] {logging_mixin.py:190} INFO - [2025-04-28T14:14:59.965+0000] {dagbag.py:588} INFO - Filling up the DagBag from /opt/airflow/dags/dag_with_python_operator.py
[2025-04-28T14:14:59.995+0000] {processor.py:925} INFO - DAG(s) 'first_with_python_v4' retrieved from /opt/airflow/dags/dag_with_python_operator.py
[2025-04-28T14:15:00.036+0000] {logging_mixin.py:190} INFO - [2025-04-28T14:15:00.036+0000] {dag.py:3239} INFO - Sync 1 DAGs
[2025-04-28T14:15:00.072+0000] {logging_mixin.py:190} INFO - [2025-04-28T14:15:00.072+0000] {dag.py:4180} INFO - Setting next_dagrun for first_with_python_v4 to 2025-02-28 00:00:00+00:00, run_after=2025-03-01 00:00:00+00:00
[2025-04-28T14:15:00.111+0000] {processor.py:208} INFO - Processing /opt/airflow/dags/dag_with_python_operator.py took 0.169 seconds
[2025-04-28T14:15:30.681+0000] {processor.py:186} INFO - Started process (PID=36664) to work on /opt/airflow/dags/dag_with_python_operator.py
[2025-04-28T14:15:30.684+0000] {processor.py:914} INFO - Processing file /opt/airflow/dags/dag_with_python_operator.py for tasks to queue
[2025-04-28T14:15:30.689+0000] {logging_mixin.py:190} INFO - [2025-04-28T14:15:30.689+0000] {dagbag.py:588} INFO - Filling up the DagBag from /opt/airflow/dags/dag_with_python_operator.py
[2025-04-28T14:15:30.721+0000] {processor.py:925} INFO - DAG(s) 'first_with_python_v4' retrieved from /opt/airflow/dags/dag_with_python_operator.py
[2025-04-28T14:15:30.759+0000] {logging_mixin.py:190} INFO - [2025-04-28T14:15:30.759+0000] {dag.py:3239} INFO - Sync 1 DAGs
[2025-04-28T14:15:30.792+0000] {logging_mixin.py:190} INFO - [2025-04-28T14:15:30.792+0000] {dag.py:4180} INFO - Setting next_dagrun for first_with_python_v4 to 2025-02-28 00:00:00+00:00, run_after=2025-03-01 00:00:00+00:00
[2025-04-28T14:15:30.820+0000] {processor.py:208} INFO - Processing /opt/airflow/dags/dag_with_python_operator.py took 0.151 seconds
[2025-04-28T14:16:01.320+0000] {processor.py:186} INFO - Started process (PID=36685) to work on /opt/airflow/dags/dag_with_python_operator.py
[2025-04-28T14:16:01.326+0000] {processor.py:914} INFO - Processing file /opt/airflow/dags/dag_with_python_operator.py for tasks to queue
[2025-04-28T14:16:01.339+0000] {logging_mixin.py:190} INFO - [2025-04-28T14:16:01.337+0000] {dagbag.py:588} INFO - Filling up the DagBag from /opt/airflow/dags/dag_with_python_operator.py
[2025-04-28T14:16:01.399+0000] {processor.py:925} INFO - DAG(s) 'first_with_python_v4' retrieved from /opt/airflow/dags/dag_with_python_operator.py
[2025-04-28T14:16:01.434+0000] {logging_mixin.py:190} INFO - [2025-04-28T14:16:01.434+0000] {dag.py:3239} INFO - Sync 1 DAGs
[2025-04-28T14:16:01.463+0000] {logging_mixin.py:190} INFO - [2025-04-28T14:16:01.462+0000] {dag.py:4180} INFO - Setting next_dagrun for first_with_python_v4 to 2025-02-28 00:00:00+00:00, run_after=2025-03-01 00:00:00+00:00
[2025-04-28T14:16:01.490+0000] {processor.py:208} INFO - Processing /opt/airflow/dags/dag_with_python_operator.py took 0.188 seconds
[2025-04-28T14:16:32.263+0000] {processor.py:186} INFO - Started process (PID=36706) to work on /opt/airflow/dags/dag_with_python_operator.py
[2025-04-28T14:16:32.269+0000] {processor.py:914} INFO - Processing file /opt/airflow/dags/dag_with_python_operator.py for tasks to queue
[2025-04-28T14:16:32.279+0000] {logging_mixin.py:190} INFO - [2025-04-28T14:16:32.278+0000] {dagbag.py:588} INFO - Filling up the DagBag from /opt/airflow/dags/dag_with_python_operator.py
[2025-04-28T14:16:32.335+0000] {processor.py:925} INFO - DAG(s) 'first_with_python_v4' retrieved from /opt/airflow/dags/dag_with_python_operator.py
[2025-04-28T14:16:32.382+0000] {logging_mixin.py:190} INFO - [2025-04-28T14:16:32.381+0000] {dag.py:3239} INFO - Sync 1 DAGs
[2025-04-28T14:16:32.438+0000] {logging_mixin.py:190} INFO - [2025-04-28T14:16:32.437+0000] {dag.py:4180} INFO - Setting next_dagrun for first_with_python_v4 to 2025-02-28 00:00:00+00:00, run_after=2025-03-01 00:00:00+00:00
[2025-04-28T14:16:32.482+0000] {processor.py:208} INFO - Processing /opt/airflow/dags/dag_with_python_operator.py took 0.240 seconds
[2025-04-28T14:17:02.799+0000] {processor.py:186} INFO - Started process (PID=36727) to work on /opt/airflow/dags/dag_with_python_operator.py
[2025-04-28T14:17:02.800+0000] {processor.py:914} INFO - Processing file /opt/airflow/dags/dag_with_python_operator.py for tasks to queue
[2025-04-28T14:17:02.804+0000] {logging_mixin.py:190} INFO - [2025-04-28T14:17:02.804+0000] {dagbag.py:588} INFO - Filling up the DagBag from /opt/airflow/dags/dag_with_python_operator.py
[2025-04-28T14:17:02.824+0000] {processor.py:925} INFO - DAG(s) 'first_with_python_v4' retrieved from /opt/airflow/dags/dag_with_python_operator.py
[2025-04-28T14:17:02.847+0000] {logging_mixin.py:190} INFO - [2025-04-28T14:17:02.847+0000] {dag.py:3239} INFO - Sync 1 DAGs
[2025-04-28T14:17:02.868+0000] {logging_mixin.py:190} INFO - [2025-04-28T14:17:02.868+0000] {dag.py:4180} INFO - Setting next_dagrun for first_with_python_v4 to 2025-02-28 00:00:00+00:00, run_after=2025-03-01 00:00:00+00:00
[2025-04-28T14:17:02.887+0000] {processor.py:208} INFO - Processing /opt/airflow/dags/dag_with_python_operator.py took 0.094 seconds
[2025-04-28T14:17:33.284+0000] {processor.py:186} INFO - Started process (PID=36748) to work on /opt/airflow/dags/dag_with_python_operator.py
[2025-04-28T14:17:33.288+0000] {processor.py:914} INFO - Processing file /opt/airflow/dags/dag_with_python_operator.py for tasks to queue
[2025-04-28T14:17:33.295+0000] {logging_mixin.py:190} INFO - [2025-04-28T14:17:33.294+0000] {dagbag.py:588} INFO - Filling up the DagBag from /opt/airflow/dags/dag_with_python_operator.py
[2025-04-28T14:17:33.328+0000] {processor.py:925} INFO - DAG(s) 'first_with_python_v4' retrieved from /opt/airflow/dags/dag_with_python_operator.py
[2025-04-28T14:17:33.370+0000] {logging_mixin.py:190} INFO - [2025-04-28T14:17:33.370+0000] {dag.py:3239} INFO - Sync 1 DAGs
[2025-04-28T14:17:33.408+0000] {logging_mixin.py:190} INFO - [2025-04-28T14:17:33.408+0000] {dag.py:4180} INFO - Setting next_dagrun for first_with_python_v4 to 2025-02-28 00:00:00+00:00, run_after=2025-03-01 00:00:00+00:00
[2025-04-28T14:17:33.434+0000] {processor.py:208} INFO - Processing /opt/airflow/dags/dag_with_python_operator.py took 0.163 seconds
[2025-04-28T14:18:03.912+0000] {processor.py:186} INFO - Started process (PID=36769) to work on /opt/airflow/dags/dag_with_python_operator.py
[2025-04-28T14:18:03.915+0000] {processor.py:914} INFO - Processing file /opt/airflow/dags/dag_with_python_operator.py for tasks to queue
[2025-04-28T14:18:03.921+0000] {logging_mixin.py:190} INFO - [2025-04-28T14:18:03.920+0000] {dagbag.py:588} INFO - Filling up the DagBag from /opt/airflow/dags/dag_with_python_operator.py
[2025-04-28T14:18:03.949+0000] {processor.py:925} INFO - DAG(s) 'first_with_python_v4' retrieved from /opt/airflow/dags/dag_with_python_operator.py
[2025-04-28T14:18:03.988+0000] {logging_mixin.py:190} INFO - [2025-04-28T14:18:03.988+0000] {dag.py:3239} INFO - Sync 1 DAGs
[2025-04-28T14:18:04.027+0000] {logging_mixin.py:190} INFO - [2025-04-28T14:18:04.027+0000] {dag.py:4180} INFO - Setting next_dagrun for first_with_python_v4 to 2025-02-28 00:00:00+00:00, run_after=2025-03-01 00:00:00+00:00
[2025-04-28T14:18:04.059+0000] {processor.py:208} INFO - Processing /opt/airflow/dags/dag_with_python_operator.py took 0.157 seconds
[2025-04-28T14:18:34.609+0000] {processor.py:186} INFO - Started process (PID=36790) to work on /opt/airflow/dags/dag_with_python_operator.py
[2025-04-28T14:18:34.612+0000] {processor.py:914} INFO - Processing file /opt/airflow/dags/dag_with_python_operator.py for tasks to queue
[2025-04-28T14:18:34.617+0000] {logging_mixin.py:190} INFO - [2025-04-28T14:18:34.617+0000] {dagbag.py:588} INFO - Filling up the DagBag from /opt/airflow/dags/dag_with_python_operator.py
[2025-04-28T14:18:34.650+0000] {processor.py:925} INFO - DAG(s) 'first_with_python_v4' retrieved from /opt/airflow/dags/dag_with_python_operator.py
[2025-04-28T14:18:34.694+0000] {logging_mixin.py:190} INFO - [2025-04-28T14:18:34.693+0000] {dag.py:3239} INFO - Sync 1 DAGs
[2025-04-28T14:18:34.728+0000] {logging_mixin.py:190} INFO - [2025-04-28T14:18:34.728+0000] {dag.py:4180} INFO - Setting next_dagrun for first_with_python_v4 to 2025-02-28 00:00:00+00:00, run_after=2025-03-01 00:00:00+00:00
[2025-04-28T14:18:34.754+0000] {processor.py:208} INFO - Processing /opt/airflow/dags/dag_with_python_operator.py took 0.155 seconds
[2025-04-28T14:19:05.274+0000] {processor.py:186} INFO - Started process (PID=36811) to work on /opt/airflow/dags/dag_with_python_operator.py
[2025-04-28T14:19:05.278+0000] {processor.py:914} INFO - Processing file /opt/airflow/dags/dag_with_python_operator.py for tasks to queue
[2025-04-28T14:19:05.284+0000] {logging_mixin.py:190} INFO - [2025-04-28T14:19:05.283+0000] {dagbag.py:588} INFO - Filling up the DagBag from /opt/airflow/dags/dag_with_python_operator.py
[2025-04-28T14:19:05.333+0000] {processor.py:925} INFO - DAG(s) 'first_with_python_v4' retrieved from /opt/airflow/dags/dag_with_python_operator.py
[2025-04-28T14:19:05.388+0000] {logging_mixin.py:190} INFO - [2025-04-28T14:19:05.387+0000] {dag.py:3239} INFO - Sync 1 DAGs
[2025-04-28T14:19:05.433+0000] {logging_mixin.py:190} INFO - [2025-04-28T14:19:05.433+0000] {dag.py:4180} INFO - Setting next_dagrun for first_with_python_v4 to 2025-02-28 00:00:00+00:00, run_after=2025-03-01 00:00:00+00:00
[2025-04-28T14:19:05.473+0000] {processor.py:208} INFO - Processing /opt/airflow/dags/dag_with_python_operator.py took 0.211 seconds
[2025-04-28T14:19:35.966+0000] {processor.py:186} INFO - Started process (PID=36832) to work on /opt/airflow/dags/dag_with_python_operator.py
[2025-04-28T14:19:35.968+0000] {processor.py:914} INFO - Processing file /opt/airflow/dags/dag_with_python_operator.py for tasks to queue
[2025-04-28T14:19:35.972+0000] {logging_mixin.py:190} INFO - [2025-04-28T14:19:35.972+0000] {dagbag.py:588} INFO - Filling up the DagBag from /opt/airflow/dags/dag_with_python_operator.py
[2025-04-28T14:19:35.991+0000] {processor.py:925} INFO - DAG(s) 'first_with_python_v4' retrieved from /opt/airflow/dags/dag_with_python_operator.py
[2025-04-28T14:19:36.018+0000] {logging_mixin.py:190} INFO - [2025-04-28T14:19:36.018+0000] {dag.py:3239} INFO - Sync 1 DAGs
[2025-04-28T14:19:36.042+0000] {logging_mixin.py:190} INFO - [2025-04-28T14:19:36.041+0000] {dag.py:4180} INFO - Setting next_dagrun for first_with_python_v4 to 2025-02-28 00:00:00+00:00, run_after=2025-03-01 00:00:00+00:00
[2025-04-28T14:19:36.061+0000] {processor.py:208} INFO - Processing /opt/airflow/dags/dag_with_python_operator.py took 0.102 seconds
[2025-04-28T14:20:06.650+0000] {processor.py:186} INFO - Started process (PID=36853) to work on /opt/airflow/dags/dag_with_python_operator.py
[2025-04-28T14:20:06.653+0000] {processor.py:914} INFO - Processing file /opt/airflow/dags/dag_with_python_operator.py for tasks to queue
[2025-04-28T14:20:06.661+0000] {logging_mixin.py:190} INFO - [2025-04-28T14:20:06.660+0000] {dagbag.py:588} INFO - Filling up the DagBag from /opt/airflow/dags/dag_with_python_operator.py
[2025-04-28T14:20:06.693+0000] {processor.py:925} INFO - DAG(s) 'first_with_python_v4' retrieved from /opt/airflow/dags/dag_with_python_operator.py
[2025-04-28T14:20:06.732+0000] {logging_mixin.py:190} INFO - [2025-04-28T14:20:06.731+0000] {dag.py:3239} INFO - Sync 1 DAGs
[2025-04-28T14:20:06.764+0000] {logging_mixin.py:190} INFO - [2025-04-28T14:20:06.763+0000] {dag.py:4180} INFO - Setting next_dagrun for first_with_python_v4 to 2025-02-28 00:00:00+00:00, run_after=2025-03-01 00:00:00+00:00
[2025-04-28T14:20:06.793+0000] {processor.py:208} INFO - Processing /opt/airflow/dags/dag_with_python_operator.py took 0.156 seconds
[2025-04-28T14:20:37.128+0000] {processor.py:186} INFO - Started process (PID=36874) to work on /opt/airflow/dags/dag_with_python_operator.py
[2025-04-28T14:20:37.130+0000] {processor.py:914} INFO - Processing file /opt/airflow/dags/dag_with_python_operator.py for tasks to queue
[2025-04-28T14:20:37.135+0000] {logging_mixin.py:190} INFO - [2025-04-28T14:20:37.135+0000] {dagbag.py:588} INFO - Filling up the DagBag from /opt/airflow/dags/dag_with_python_operator.py
[2025-04-28T14:20:37.160+0000] {processor.py:925} INFO - DAG(s) 'first_with_python_v4' retrieved from /opt/airflow/dags/dag_with_python_operator.py
[2025-04-28T14:20:37.190+0000] {logging_mixin.py:190} INFO - [2025-04-28T14:20:37.190+0000] {dag.py:3239} INFO - Sync 1 DAGs
[2025-04-28T14:20:37.229+0000] {logging_mixin.py:190} INFO - [2025-04-28T14:20:37.228+0000] {dag.py:4180} INFO - Setting next_dagrun for first_with_python_v4 to 2025-02-28 00:00:00+00:00, run_after=2025-03-01 00:00:00+00:00
[2025-04-28T14:20:37.260+0000] {processor.py:208} INFO - Processing /opt/airflow/dags/dag_with_python_operator.py took 0.141 seconds
[2025-04-28T14:21:07.721+0000] {processor.py:186} INFO - Started process (PID=36895) to work on /opt/airflow/dags/dag_with_python_operator.py
[2025-04-28T14:21:07.723+0000] {processor.py:914} INFO - Processing file /opt/airflow/dags/dag_with_python_operator.py for tasks to queue
[2025-04-28T14:21:07.726+0000] {logging_mixin.py:190} INFO - [2025-04-28T14:21:07.726+0000] {dagbag.py:588} INFO - Filling up the DagBag from /opt/airflow/dags/dag_with_python_operator.py
[2025-04-28T14:21:07.744+0000] {processor.py:925} INFO - DAG(s) 'first_with_python_v4' retrieved from /opt/airflow/dags/dag_with_python_operator.py
[2025-04-28T14:21:07.770+0000] {logging_mixin.py:190} INFO - [2025-04-28T14:21:07.770+0000] {dag.py:3239} INFO - Sync 1 DAGs
[2025-04-28T14:21:07.792+0000] {logging_mixin.py:190} INFO - [2025-04-28T14:21:07.792+0000] {dag.py:4180} INFO - Setting next_dagrun for first_with_python_v4 to 2025-02-28 00:00:00+00:00, run_after=2025-03-01 00:00:00+00:00
[2025-04-28T14:21:07.810+0000] {processor.py:208} INFO - Processing /opt/airflow/dags/dag_with_python_operator.py took 0.097 seconds
[2025-04-28T14:21:38.234+0000] {processor.py:186} INFO - Started process (PID=36916) to work on /opt/airflow/dags/dag_with_python_operator.py
[2025-04-28T14:21:38.236+0000] {processor.py:914} INFO - Processing file /opt/airflow/dags/dag_with_python_operator.py for tasks to queue
[2025-04-28T14:21:38.242+0000] {logging_mixin.py:190} INFO - [2025-04-28T14:21:38.242+0000] {dagbag.py:588} INFO - Filling up the DagBag from /opt/airflow/dags/dag_with_python_operator.py
[2025-04-28T14:21:38.283+0000] {processor.py:925} INFO - DAG(s) 'first_with_python_v4' retrieved from /opt/airflow/dags/dag_with_python_operator.py
[2025-04-28T14:21:38.325+0000] {logging_mixin.py:190} INFO - [2025-04-28T14:21:38.325+0000] {dag.py:3239} INFO - Sync 1 DAGs
[2025-04-28T14:21:38.372+0000] {logging_mixin.py:190} INFO - [2025-04-28T14:21:38.371+0000] {dag.py:4180} INFO - Setting next_dagrun for first_with_python_v4 to 2025-02-28 00:00:00+00:00, run_after=2025-03-01 00:00:00+00:00
[2025-04-28T14:21:38.418+0000] {processor.py:208} INFO - Processing /opt/airflow/dags/dag_with_python_operator.py took 0.198 seconds
[2025-04-28T14:22:08.920+0000] {processor.py:186} INFO - Started process (PID=36937) to work on /opt/airflow/dags/dag_with_python_operator.py
[2025-04-28T14:22:08.924+0000] {processor.py:914} INFO - Processing file /opt/airflow/dags/dag_with_python_operator.py for tasks to queue
[2025-04-28T14:22:08.931+0000] {logging_mixin.py:190} INFO - [2025-04-28T14:22:08.930+0000] {dagbag.py:588} INFO - Filling up the DagBag from /opt/airflow/dags/dag_with_python_operator.py
[2025-04-28T14:22:08.973+0000] {processor.py:925} INFO - DAG(s) 'first_with_python_v4' retrieved from /opt/airflow/dags/dag_with_python_operator.py
[2025-04-28T14:22:08.997+0000] {logging_mixin.py:190} INFO - [2025-04-28T14:22:08.996+0000] {dag.py:3239} INFO - Sync 1 DAGs
[2025-04-28T14:22:09.019+0000] {logging_mixin.py:190} INFO - [2025-04-28T14:22:09.019+0000] {dag.py:4180} INFO - Setting next_dagrun for first_with_python_v4 to 2025-02-28 00:00:00+00:00, run_after=2025-03-01 00:00:00+00:00
[2025-04-28T14:22:09.042+0000] {processor.py:208} INFO - Processing /opt/airflow/dags/dag_with_python_operator.py took 0.135 seconds
[2025-04-28T14:22:39.594+0000] {processor.py:186} INFO - Started process (PID=36958) to work on /opt/airflow/dags/dag_with_python_operator.py
[2025-04-28T14:22:39.597+0000] {processor.py:914} INFO - Processing file /opt/airflow/dags/dag_with_python_operator.py for tasks to queue
[2025-04-28T14:22:39.602+0000] {logging_mixin.py:190} INFO - [2025-04-28T14:22:39.602+0000] {dagbag.py:588} INFO - Filling up the DagBag from /opt/airflow/dags/dag_with_python_operator.py
[2025-04-28T14:22:39.630+0000] {processor.py:925} INFO - DAG(s) 'first_with_python_v4' retrieved from /opt/airflow/dags/dag_with_python_operator.py
[2025-04-28T14:22:39.667+0000] {logging_mixin.py:190} INFO - [2025-04-28T14:22:39.666+0000] {dag.py:3239} INFO - Sync 1 DAGs
[2025-04-28T14:22:39.701+0000] {logging_mixin.py:190} INFO - [2025-04-28T14:22:39.701+0000] {dag.py:4180} INFO - Setting next_dagrun for first_with_python_v4 to 2025-02-28 00:00:00+00:00, run_after=2025-03-01 00:00:00+00:00
[2025-04-28T14:22:39.731+0000] {processor.py:208} INFO - Processing /opt/airflow/dags/dag_with_python_operator.py took 0.146 seconds
[2025-04-28T14:23:10.218+0000] {processor.py:186} INFO - Started process (PID=36979) to work on /opt/airflow/dags/dag_with_python_operator.py
[2025-04-28T14:23:10.223+0000] {processor.py:914} INFO - Processing file /opt/airflow/dags/dag_with_python_operator.py for tasks to queue
[2025-04-28T14:23:10.234+0000] {logging_mixin.py:190} INFO - [2025-04-28T14:23:10.234+0000] {dagbag.py:588} INFO - Filling up the DagBag from /opt/airflow/dags/dag_with_python_operator.py
[2025-04-28T14:23:10.322+0000] {processor.py:925} INFO - DAG(s) 'first_with_python_v4' retrieved from /opt/airflow/dags/dag_with_python_operator.py
[2025-04-28T14:23:10.412+0000] {logging_mixin.py:190} INFO - [2025-04-28T14:23:10.412+0000] {dag.py:3239} INFO - Sync 1 DAGs
[2025-04-28T14:23:10.459+0000] {logging_mixin.py:190} INFO - [2025-04-28T14:23:10.459+0000] {dag.py:4180} INFO - Setting next_dagrun for first_with_python_v4 to 2025-02-28 00:00:00+00:00, run_after=2025-03-01 00:00:00+00:00
[2025-04-28T14:23:10.495+0000] {processor.py:208} INFO - Processing /opt/airflow/dags/dag_with_python_operator.py took 0.287 seconds
[2025-04-28T14:23:40.988+0000] {processor.py:186} INFO - Started process (PID=37006) to work on /opt/airflow/dags/dag_with_python_operator.py
[2025-04-28T14:23:40.993+0000] {processor.py:914} INFO - Processing file /opt/airflow/dags/dag_with_python_operator.py for tasks to queue
[2025-04-28T14:23:40.999+0000] {logging_mixin.py:190} INFO - [2025-04-28T14:23:40.998+0000] {dagbag.py:588} INFO - Filling up the DagBag from /opt/airflow/dags/dag_with_python_operator.py
[2025-04-28T14:23:41.030+0000] {processor.py:925} INFO - DAG(s) 'first_with_python_v4' retrieved from /opt/airflow/dags/dag_with_python_operator.py
[2025-04-28T14:23:41.066+0000] {logging_mixin.py:190} INFO - [2025-04-28T14:23:41.066+0000] {dag.py:3239} INFO - Sync 1 DAGs
[2025-04-28T14:23:41.102+0000] {logging_mixin.py:190} INFO - [2025-04-28T14:23:41.101+0000] {dag.py:4180} INFO - Setting next_dagrun for first_with_python_v4 to 2025-02-28 00:00:00+00:00, run_after=2025-03-01 00:00:00+00:00
[2025-04-28T14:23:41.132+0000] {processor.py:208} INFO - Processing /opt/airflow/dags/dag_with_python_operator.py took 0.156 seconds
[2025-04-28T14:24:11.669+0000] {processor.py:186} INFO - Started process (PID=37027) to work on /opt/airflow/dags/dag_with_python_operator.py
[2025-04-28T14:24:11.672+0000] {processor.py:914} INFO - Processing file /opt/airflow/dags/dag_with_python_operator.py for tasks to queue
[2025-04-28T14:24:11.677+0000] {logging_mixin.py:190} INFO - [2025-04-28T14:24:11.676+0000] {dagbag.py:588} INFO - Filling up the DagBag from /opt/airflow/dags/dag_with_python_operator.py
[2025-04-28T14:24:11.718+0000] {processor.py:925} INFO - DAG(s) 'first_with_python_v4' retrieved from /opt/airflow/dags/dag_with_python_operator.py
[2025-04-28T14:24:11.754+0000] {logging_mixin.py:190} INFO - [2025-04-28T14:24:11.753+0000] {dag.py:3239} INFO - Sync 1 DAGs
[2025-04-28T14:24:11.798+0000] {logging_mixin.py:190} INFO - [2025-04-28T14:24:11.797+0000] {dag.py:4180} INFO - Setting next_dagrun for first_with_python_v4 to 2025-02-28 00:00:00+00:00, run_after=2025-03-01 00:00:00+00:00
[2025-04-28T14:24:11.873+0000] {processor.py:208} INFO - Processing /opt/airflow/dags/dag_with_python_operator.py took 0.211 seconds
[2025-04-28T14:24:42.455+0000] {processor.py:186} INFO - Started process (PID=37048) to work on /opt/airflow/dags/dag_with_python_operator.py
[2025-04-28T14:24:42.460+0000] {processor.py:914} INFO - Processing file /opt/airflow/dags/dag_with_python_operator.py for tasks to queue
[2025-04-28T14:24:42.468+0000] {logging_mixin.py:190} INFO - [2025-04-28T14:24:42.468+0000] {dagbag.py:588} INFO - Filling up the DagBag from /opt/airflow/dags/dag_with_python_operator.py
[2025-04-28T14:24:42.511+0000] {processor.py:925} INFO - DAG(s) 'first_with_python_v4' retrieved from /opt/airflow/dags/dag_with_python_operator.py
[2025-04-28T14:24:42.552+0000] {logging_mixin.py:190} INFO - [2025-04-28T14:24:42.551+0000] {dag.py:3239} INFO - Sync 1 DAGs
[2025-04-28T14:24:42.589+0000] {logging_mixin.py:190} INFO - [2025-04-28T14:24:42.588+0000] {dag.py:4180} INFO - Setting next_dagrun for first_with_python_v4 to 2025-02-28 00:00:00+00:00, run_after=2025-03-01 00:00:00+00:00
[2025-04-28T14:24:42.648+0000] {processor.py:208} INFO - Processing /opt/airflow/dags/dag_with_python_operator.py took 0.205 seconds
[2025-04-28T14:25:13.135+0000] {processor.py:186} INFO - Started process (PID=37069) to work on /opt/airflow/dags/dag_with_python_operator.py
[2025-04-28T14:25:13.139+0000] {processor.py:914} INFO - Processing file /opt/airflow/dags/dag_with_python_operator.py for tasks to queue
[2025-04-28T14:25:13.145+0000] {logging_mixin.py:190} INFO - [2025-04-28T14:25:13.145+0000] {dagbag.py:588} INFO - Filling up the DagBag from /opt/airflow/dags/dag_with_python_operator.py
[2025-04-28T14:25:13.180+0000] {processor.py:925} INFO - DAG(s) 'first_with_python_v4' retrieved from /opt/airflow/dags/dag_with_python_operator.py
[2025-04-28T14:25:13.231+0000] {logging_mixin.py:190} INFO - [2025-04-28T14:25:13.230+0000] {dag.py:3239} INFO - Sync 1 DAGs
[2025-04-28T14:25:13.269+0000] {logging_mixin.py:190} INFO - [2025-04-28T14:25:13.268+0000] {dag.py:4180} INFO - Setting next_dagrun for first_with_python_v4 to 2025-02-28 00:00:00+00:00, run_after=2025-03-01 00:00:00+00:00
[2025-04-28T14:25:13.301+0000] {processor.py:208} INFO - Processing /opt/airflow/dags/dag_with_python_operator.py took 0.179 seconds
[2025-04-28T14:25:43.792+0000] {processor.py:186} INFO - Started process (PID=37090) to work on /opt/airflow/dags/dag_with_python_operator.py
[2025-04-28T14:25:43.795+0000] {processor.py:914} INFO - Processing file /opt/airflow/dags/dag_with_python_operator.py for tasks to queue
[2025-04-28T14:25:43.799+0000] {logging_mixin.py:190} INFO - [2025-04-28T14:25:43.799+0000] {dagbag.py:588} INFO - Filling up the DagBag from /opt/airflow/dags/dag_with_python_operator.py
[2025-04-28T14:25:43.830+0000] {processor.py:925} INFO - DAG(s) 'first_with_python_v4' retrieved from /opt/airflow/dags/dag_with_python_operator.py
[2025-04-28T14:25:43.880+0000] {logging_mixin.py:190} INFO - [2025-04-28T14:25:43.879+0000] {dag.py:3239} INFO - Sync 1 DAGs
[2025-04-28T14:25:43.917+0000] {logging_mixin.py:190} INFO - [2025-04-28T14:25:43.916+0000] {dag.py:4180} INFO - Setting next_dagrun for first_with_python_v4 to 2025-02-28 00:00:00+00:00, run_after=2025-03-01 00:00:00+00:00
[2025-04-28T14:25:43.951+0000] {processor.py:208} INFO - Processing /opt/airflow/dags/dag_with_python_operator.py took 0.168 seconds
[2025-04-28T14:26:14.543+0000] {processor.py:186} INFO - Started process (PID=37111) to work on /opt/airflow/dags/dag_with_python_operator.py
[2025-04-28T14:26:14.546+0000] {processor.py:914} INFO - Processing file /opt/airflow/dags/dag_with_python_operator.py for tasks to queue
[2025-04-28T14:26:14.551+0000] {logging_mixin.py:190} INFO - [2025-04-28T14:26:14.551+0000] {dagbag.py:588} INFO - Filling up the DagBag from /opt/airflow/dags/dag_with_python_operator.py
[2025-04-28T14:26:14.594+0000] {processor.py:925} INFO - DAG(s) 'first_with_python_v4' retrieved from /opt/airflow/dags/dag_with_python_operator.py
[2025-04-28T14:26:14.625+0000] {logging_mixin.py:190} INFO - [2025-04-28T14:26:14.625+0000] {dag.py:3239} INFO - Sync 1 DAGs
[2025-04-28T14:26:14.653+0000] {logging_mixin.py:190} INFO - [2025-04-28T14:26:14.653+0000] {dag.py:4180} INFO - Setting next_dagrun for first_with_python_v4 to 2025-02-28 00:00:00+00:00, run_after=2025-03-01 00:00:00+00:00
[2025-04-28T14:26:14.680+0000] {processor.py:208} INFO - Processing /opt/airflow/dags/dag_with_python_operator.py took 0.148 seconds
[2025-04-28T14:26:45.323+0000] {processor.py:186} INFO - Started process (PID=37132) to work on /opt/airflow/dags/dag_with_python_operator.py
[2025-04-28T14:26:45.325+0000] {processor.py:914} INFO - Processing file /opt/airflow/dags/dag_with_python_operator.py for tasks to queue
[2025-04-28T14:26:45.329+0000] {logging_mixin.py:190} INFO - [2025-04-28T14:26:45.329+0000] {dagbag.py:588} INFO - Filling up the DagBag from /opt/airflow/dags/dag_with_python_operator.py
[2025-04-28T14:26:45.355+0000] {processor.py:925} INFO - DAG(s) 'first_with_python_v4' retrieved from /opt/airflow/dags/dag_with_python_operator.py
[2025-04-28T14:26:45.384+0000] {logging_mixin.py:190} INFO - [2025-04-28T14:26:45.384+0000] {dag.py:3239} INFO - Sync 1 DAGs
[2025-04-28T14:26:45.412+0000] {logging_mixin.py:190} INFO - [2025-04-28T14:26:45.412+0000] {dag.py:4180} INFO - Setting next_dagrun for first_with_python_v4 to 2025-02-28 00:00:00+00:00, run_after=2025-03-01 00:00:00+00:00
[2025-04-28T14:26:45.441+0000] {processor.py:208} INFO - Processing /opt/airflow/dags/dag_with_python_operator.py took 0.125 seconds
[2025-04-28T14:27:15.985+0000] {processor.py:186} INFO - Started process (PID=37153) to work on /opt/airflow/dags/dag_with_python_operator.py
[2025-04-28T14:27:15.993+0000] {processor.py:914} INFO - Processing file /opt/airflow/dags/dag_with_python_operator.py for tasks to queue
[2025-04-28T14:27:16.003+0000] {logging_mixin.py:190} INFO - [2025-04-28T14:27:16.002+0000] {dagbag.py:588} INFO - Filling up the DagBag from /opt/airflow/dags/dag_with_python_operator.py
[2025-04-28T14:27:16.052+0000] {processor.py:925} INFO - DAG(s) 'first_with_python_v4' retrieved from /opt/airflow/dags/dag_with_python_operator.py
[2025-04-28T14:27:16.091+0000] {logging_mixin.py:190} INFO - [2025-04-28T14:27:16.091+0000] {dag.py:3239} INFO - Sync 1 DAGs
[2025-04-28T14:27:16.126+0000] {logging_mixin.py:190} INFO - [2025-04-28T14:27:16.125+0000] {dag.py:4180} INFO - Setting next_dagrun for first_with_python_v4 to 2025-02-28 00:00:00+00:00, run_after=2025-03-01 00:00:00+00:00
[2025-04-28T14:27:16.170+0000] {processor.py:208} INFO - Processing /opt/airflow/dags/dag_with_python_operator.py took 0.199 seconds
[2025-04-28T14:27:46.654+0000] {processor.py:186} INFO - Started process (PID=37174) to work on /opt/airflow/dags/dag_with_python_operator.py
[2025-04-28T14:27:46.656+0000] {processor.py:914} INFO - Processing file /opt/airflow/dags/dag_with_python_operator.py for tasks to queue
[2025-04-28T14:27:46.663+0000] {logging_mixin.py:190} INFO - [2025-04-28T14:27:46.663+0000] {dagbag.py:588} INFO - Filling up the DagBag from /opt/airflow/dags/dag_with_python_operator.py
[2025-04-28T14:27:46.692+0000] {processor.py:925} INFO - DAG(s) 'first_with_python_v4' retrieved from /opt/airflow/dags/dag_with_python_operator.py
[2025-04-28T14:27:46.737+0000] {logging_mixin.py:190} INFO - [2025-04-28T14:27:46.737+0000] {dag.py:3239} INFO - Sync 1 DAGs
[2025-04-28T14:27:46.775+0000] {logging_mixin.py:190} INFO - [2025-04-28T14:27:46.775+0000] {dag.py:4180} INFO - Setting next_dagrun for first_with_python_v4 to 2025-02-28 00:00:00+00:00, run_after=2025-03-01 00:00:00+00:00
[2025-04-28T14:27:46.804+0000] {processor.py:208} INFO - Processing /opt/airflow/dags/dag_with_python_operator.py took 0.163 seconds
[2025-04-28T14:28:17.348+0000] {processor.py:186} INFO - Started process (PID=37195) to work on /opt/airflow/dags/dag_with_python_operator.py
[2025-04-28T14:28:17.352+0000] {processor.py:914} INFO - Processing file /opt/airflow/dags/dag_with_python_operator.py for tasks to queue
[2025-04-28T14:28:17.360+0000] {logging_mixin.py:190} INFO - [2025-04-28T14:28:17.359+0000] {dagbag.py:588} INFO - Filling up the DagBag from /opt/airflow/dags/dag_with_python_operator.py
[2025-04-28T14:28:17.414+0000] {processor.py:925} INFO - DAG(s) 'first_with_python_v4' retrieved from /opt/airflow/dags/dag_with_python_operator.py
[2025-04-28T14:28:17.454+0000] {logging_mixin.py:190} INFO - [2025-04-28T14:28:17.453+0000] {dag.py:3239} INFO - Sync 1 DAGs
[2025-04-28T14:28:17.490+0000] {logging_mixin.py:190} INFO - [2025-04-28T14:28:17.490+0000] {dag.py:4180} INFO - Setting next_dagrun for first_with_python_v4 to 2025-02-28 00:00:00+00:00, run_after=2025-03-01 00:00:00+00:00
[2025-04-28T14:28:17.516+0000] {processor.py:208} INFO - Processing /opt/airflow/dags/dag_with_python_operator.py took 0.181 seconds
[2025-04-28T14:28:48.054+0000] {processor.py:186} INFO - Started process (PID=37216) to work on /opt/airflow/dags/dag_with_python_operator.py
[2025-04-28T14:28:48.057+0000] {processor.py:914} INFO - Processing file /opt/airflow/dags/dag_with_python_operator.py for tasks to queue
[2025-04-28T14:28:48.062+0000] {logging_mixin.py:190} INFO - [2025-04-28T14:28:48.061+0000] {dagbag.py:588} INFO - Filling up the DagBag from /opt/airflow/dags/dag_with_python_operator.py
[2025-04-28T14:28:48.116+0000] {processor.py:925} INFO - DAG(s) 'first_with_python_v4' retrieved from /opt/airflow/dags/dag_with_python_operator.py
[2025-04-28T14:28:48.193+0000] {logging_mixin.py:190} INFO - [2025-04-28T14:28:48.192+0000] {dag.py:3239} INFO - Sync 1 DAGs
[2025-04-28T14:28:48.260+0000] {logging_mixin.py:190} INFO - [2025-04-28T14:28:48.259+0000] {dag.py:4180} INFO - Setting next_dagrun for first_with_python_v4 to 2025-02-28 00:00:00+00:00, run_after=2025-03-01 00:00:00+00:00
[2025-04-28T14:28:48.286+0000] {processor.py:208} INFO - Processing /opt/airflow/dags/dag_with_python_operator.py took 0.241 seconds
[2025-04-28T14:29:18.624+0000] {processor.py:186} INFO - Started process (PID=37236) to work on /opt/airflow/dags/dag_with_python_operator.py
[2025-04-28T14:29:18.627+0000] {processor.py:914} INFO - Processing file /opt/airflow/dags/dag_with_python_operator.py for tasks to queue
[2025-04-28T14:29:18.632+0000] {logging_mixin.py:190} INFO - [2025-04-28T14:29:18.631+0000] {dagbag.py:588} INFO - Filling up the DagBag from /opt/airflow/dags/dag_with_python_operator.py
[2025-04-28T14:29:18.669+0000] {processor.py:925} INFO - DAG(s) 'first_with_python_v4' retrieved from /opt/airflow/dags/dag_with_python_operator.py
[2025-04-28T14:29:18.709+0000] {logging_mixin.py:190} INFO - [2025-04-28T14:29:18.709+0000] {dag.py:3239} INFO - Sync 1 DAGs
[2025-04-28T14:29:18.749+0000] {logging_mixin.py:190} INFO - [2025-04-28T14:29:18.748+0000] {dag.py:4180} INFO - Setting next_dagrun for first_with_python_v4 to 2025-02-28 00:00:00+00:00, run_after=2025-03-01 00:00:00+00:00
[2025-04-28T14:29:18.782+0000] {processor.py:208} INFO - Processing /opt/airflow/dags/dag_with_python_operator.py took 0.181 seconds
[2025-04-28T14:29:49.272+0000] {processor.py:186} INFO - Started process (PID=37257) to work on /opt/airflow/dags/dag_with_python_operator.py
[2025-04-28T14:29:49.276+0000] {processor.py:914} INFO - Processing file /opt/airflow/dags/dag_with_python_operator.py for tasks to queue
[2025-04-28T14:29:49.282+0000] {logging_mixin.py:190} INFO - [2025-04-28T14:29:49.281+0000] {dagbag.py:588} INFO - Filling up the DagBag from /opt/airflow/dags/dag_with_python_operator.py
[2025-04-28T14:29:49.318+0000] {processor.py:925} INFO - DAG(s) 'first_with_python_v4' retrieved from /opt/airflow/dags/dag_with_python_operator.py
[2025-04-28T14:29:49.359+0000] {logging_mixin.py:190} INFO - [2025-04-28T14:29:49.358+0000] {dag.py:3239} INFO - Sync 1 DAGs
[2025-04-28T14:29:49.396+0000] {logging_mixin.py:190} INFO - [2025-04-28T14:29:49.395+0000] {dag.py:4180} INFO - Setting next_dagrun for first_with_python_v4 to 2025-02-28 00:00:00+00:00, run_after=2025-03-01 00:00:00+00:00
[2025-04-28T14:29:49.423+0000] {processor.py:208} INFO - Processing /opt/airflow/dags/dag_with_python_operator.py took 0.160 seconds
[2025-04-28T14:30:19.948+0000] {processor.py:186} INFO - Started process (PID=37278) to work on /opt/airflow/dags/dag_with_python_operator.py
[2025-04-28T14:30:19.951+0000] {processor.py:914} INFO - Processing file /opt/airflow/dags/dag_with_python_operator.py for tasks to queue
[2025-04-28T14:30:19.958+0000] {logging_mixin.py:190} INFO - [2025-04-28T14:30:19.957+0000] {dagbag.py:588} INFO - Filling up the DagBag from /opt/airflow/dags/dag_with_python_operator.py
[2025-04-28T14:30:20.009+0000] {processor.py:925} INFO - DAG(s) 'first_with_python_v4' retrieved from /opt/airflow/dags/dag_with_python_operator.py
[2025-04-28T14:30:20.065+0000] {logging_mixin.py:190} INFO - [2025-04-28T14:30:20.064+0000] {dag.py:3239} INFO - Sync 1 DAGs
[2025-04-28T14:30:20.125+0000] {logging_mixin.py:190} INFO - [2025-04-28T14:30:20.125+0000] {dag.py:4180} INFO - Setting next_dagrun for first_with_python_v4 to 2025-02-28 00:00:00+00:00, run_after=2025-03-01 00:00:00+00:00
[2025-04-28T14:30:20.158+0000] {processor.py:208} INFO - Processing /opt/airflow/dags/dag_with_python_operator.py took 0.222 seconds
[2025-04-28T14:30:50.620+0000] {processor.py:186} INFO - Started process (PID=37299) to work on /opt/airflow/dags/dag_with_python_operator.py
[2025-04-28T14:30:50.623+0000] {processor.py:914} INFO - Processing file /opt/airflow/dags/dag_with_python_operator.py for tasks to queue
[2025-04-28T14:30:50.628+0000] {logging_mixin.py:190} INFO - [2025-04-28T14:30:50.628+0000] {dagbag.py:588} INFO - Filling up the DagBag from /opt/airflow/dags/dag_with_python_operator.py
[2025-04-28T14:30:50.659+0000] {processor.py:925} INFO - DAG(s) 'first_with_python_v4' retrieved from /opt/airflow/dags/dag_with_python_operator.py
[2025-04-28T14:30:50.718+0000] {logging_mixin.py:190} INFO - [2025-04-28T14:30:50.717+0000] {dag.py:3239} INFO - Sync 1 DAGs
[2025-04-28T14:30:50.753+0000] {logging_mixin.py:190} INFO - [2025-04-28T14:30:50.753+0000] {dag.py:4180} INFO - Setting next_dagrun for first_with_python_v4 to 2025-02-28 00:00:00+00:00, run_after=2025-03-01 00:00:00+00:00
[2025-04-28T14:30:50.780+0000] {processor.py:208} INFO - Processing /opt/airflow/dags/dag_with_python_operator.py took 0.170 seconds
[2025-04-28T14:31:21.390+0000] {processor.py:186} INFO - Started process (PID=37320) to work on /opt/airflow/dags/dag_with_python_operator.py
[2025-04-28T14:31:21.395+0000] {processor.py:914} INFO - Processing file /opt/airflow/dags/dag_with_python_operator.py for tasks to queue
[2025-04-28T14:31:21.401+0000] {logging_mixin.py:190} INFO - [2025-04-28T14:31:21.400+0000] {dagbag.py:588} INFO - Filling up the DagBag from /opt/airflow/dags/dag_with_python_operator.py
[2025-04-28T14:31:21.437+0000] {processor.py:925} INFO - DAG(s) 'first_with_python_v4' retrieved from /opt/airflow/dags/dag_with_python_operator.py
[2025-04-28T14:31:21.470+0000] {logging_mixin.py:190} INFO - [2025-04-28T14:31:21.470+0000] {dag.py:3239} INFO - Sync 1 DAGs
[2025-04-28T14:31:21.505+0000] {logging_mixin.py:190} INFO - [2025-04-28T14:31:21.505+0000] {dag.py:4180} INFO - Setting next_dagrun for first_with_python_v4 to 2025-02-28 00:00:00+00:00, run_after=2025-03-01 00:00:00+00:00
[2025-04-28T14:31:21.551+0000] {processor.py:208} INFO - Processing /opt/airflow/dags/dag_with_python_operator.py took 0.170 seconds
[2025-04-28T14:31:52.065+0000] {processor.py:186} INFO - Started process (PID=37342) to work on /opt/airflow/dags/dag_with_python_operator.py
[2025-04-28T14:31:52.073+0000] {processor.py:914} INFO - Processing file /opt/airflow/dags/dag_with_python_operator.py for tasks to queue
[2025-04-28T14:31:52.087+0000] {logging_mixin.py:190} INFO - [2025-04-28T14:31:52.085+0000] {dagbag.py:588} INFO - Filling up the DagBag from /opt/airflow/dags/dag_with_python_operator.py
[2025-04-28T14:31:52.158+0000] {processor.py:925} INFO - DAG(s) 'first_with_python_v4' retrieved from /opt/airflow/dags/dag_with_python_operator.py
[2025-04-28T14:31:52.229+0000] {logging_mixin.py:190} INFO - [2025-04-28T14:31:52.228+0000] {dag.py:3239} INFO - Sync 1 DAGs
[2025-04-28T14:31:52.291+0000] {logging_mixin.py:190} INFO - [2025-04-28T14:31:52.291+0000] {dag.py:4180} INFO - Setting next_dagrun for first_with_python_v4 to 2025-02-28 00:00:00+00:00, run_after=2025-03-01 00:00:00+00:00
[2025-04-28T14:31:52.343+0000] {processor.py:208} INFO - Processing /opt/airflow/dags/dag_with_python_operator.py took 0.289 seconds
[2025-04-28T14:32:22.820+0000] {processor.py:186} INFO - Started process (PID=37363) to work on /opt/airflow/dags/dag_with_python_operator.py
[2025-04-28T14:32:22.823+0000] {processor.py:914} INFO - Processing file /opt/airflow/dags/dag_with_python_operator.py for tasks to queue
[2025-04-28T14:32:22.829+0000] {logging_mixin.py:190} INFO - [2025-04-28T14:32:22.828+0000] {dagbag.py:588} INFO - Filling up the DagBag from /opt/airflow/dags/dag_with_python_operator.py
[2025-04-28T14:32:22.860+0000] {processor.py:925} INFO - DAG(s) 'first_with_python_v4' retrieved from /opt/airflow/dags/dag_with_python_operator.py
[2025-04-28T14:32:22.909+0000] {logging_mixin.py:190} INFO - [2025-04-28T14:32:22.909+0000] {dag.py:3239} INFO - Sync 1 DAGs
[2025-04-28T14:32:22.958+0000] {logging_mixin.py:190} INFO - [2025-04-28T14:32:22.958+0000] {dag.py:4180} INFO - Setting next_dagrun for first_with_python_v4 to 2025-02-28 00:00:00+00:00, run_after=2025-03-01 00:00:00+00:00
[2025-04-28T14:32:22.986+0000] {processor.py:208} INFO - Processing /opt/airflow/dags/dag_with_python_operator.py took 0.178 seconds
[2025-04-28T14:32:53.523+0000] {processor.py:186} INFO - Started process (PID=37384) to work on /opt/airflow/dags/dag_with_python_operator.py
[2025-04-28T14:32:53.526+0000] {processor.py:914} INFO - Processing file /opt/airflow/dags/dag_with_python_operator.py for tasks to queue
[2025-04-28T14:32:53.531+0000] {logging_mixin.py:190} INFO - [2025-04-28T14:32:53.530+0000] {dagbag.py:588} INFO - Filling up the DagBag from /opt/airflow/dags/dag_with_python_operator.py
[2025-04-28T14:32:53.570+0000] {processor.py:925} INFO - DAG(s) 'first_with_python_v4' retrieved from /opt/airflow/dags/dag_with_python_operator.py
[2025-04-28T14:32:53.611+0000] {logging_mixin.py:190} INFO - [2025-04-28T14:32:53.611+0000] {dag.py:3239} INFO - Sync 1 DAGs
[2025-04-28T14:32:53.641+0000] {logging_mixin.py:190} INFO - [2025-04-28T14:32:53.641+0000] {dag.py:4180} INFO - Setting next_dagrun for first_with_python_v4 to 2025-02-28 00:00:00+00:00, run_after=2025-03-01 00:00:00+00:00
[2025-04-28T14:32:53.671+0000] {processor.py:208} INFO - Processing /opt/airflow/dags/dag_with_python_operator.py took 0.155 seconds
[2025-04-28T14:33:24.102+0000] {processor.py:186} INFO - Started process (PID=37405) to work on /opt/airflow/dags/dag_with_python_operator.py
[2025-04-28T14:33:24.106+0000] {processor.py:914} INFO - Processing file /opt/airflow/dags/dag_with_python_operator.py for tasks to queue
[2025-04-28T14:33:24.112+0000] {logging_mixin.py:190} INFO - [2025-04-28T14:33:24.111+0000] {dagbag.py:588} INFO - Filling up the DagBag from /opt/airflow/dags/dag_with_python_operator.py
[2025-04-28T14:33:24.148+0000] {processor.py:925} INFO - DAG(s) 'first_with_python_v4' retrieved from /opt/airflow/dags/dag_with_python_operator.py
[2025-04-28T14:33:24.188+0000] {logging_mixin.py:190} INFO - [2025-04-28T14:33:24.188+0000] {dag.py:3239} INFO - Sync 1 DAGs
[2025-04-28T14:33:24.220+0000] {logging_mixin.py:190} INFO - [2025-04-28T14:33:24.220+0000] {dag.py:4180} INFO - Setting next_dagrun for first_with_python_v4 to 2025-02-28 00:00:00+00:00, run_after=2025-03-01 00:00:00+00:00
[2025-04-28T14:33:24.252+0000] {processor.py:208} INFO - Processing /opt/airflow/dags/dag_with_python_operator.py took 0.162 seconds
[2025-04-28T14:33:54.740+0000] {processor.py:186} INFO - Started process (PID=37427) to work on /opt/airflow/dags/dag_with_python_operator.py
[2025-04-28T14:33:54.742+0000] {processor.py:914} INFO - Processing file /opt/airflow/dags/dag_with_python_operator.py for tasks to queue
[2025-04-28T14:33:54.747+0000] {logging_mixin.py:190} INFO - [2025-04-28T14:33:54.746+0000] {dagbag.py:588} INFO - Filling up the DagBag from /opt/airflow/dags/dag_with_python_operator.py
[2025-04-28T14:33:54.782+0000] {processor.py:925} INFO - DAG(s) 'first_with_python_v4' retrieved from /opt/airflow/dags/dag_with_python_operator.py
[2025-04-28T14:33:54.820+0000] {logging_mixin.py:190} INFO - [2025-04-28T14:33:54.820+0000] {dag.py:3239} INFO - Sync 1 DAGs
[2025-04-28T14:33:54.853+0000] {logging_mixin.py:190} INFO - [2025-04-28T14:33:54.852+0000] {dag.py:4180} INFO - Setting next_dagrun for first_with_python_v4 to 2025-02-28 00:00:00+00:00, run_after=2025-03-01 00:00:00+00:00
[2025-04-28T14:33:54.879+0000] {processor.py:208} INFO - Processing /opt/airflow/dags/dag_with_python_operator.py took 0.148 seconds
[2025-04-28T14:34:25.429+0000] {processor.py:186} INFO - Started process (PID=37448) to work on /opt/airflow/dags/dag_with_python_operator.py
[2025-04-28T14:34:25.432+0000] {processor.py:914} INFO - Processing file /opt/airflow/dags/dag_with_python_operator.py for tasks to queue
[2025-04-28T14:34:25.437+0000] {logging_mixin.py:190} INFO - [2025-04-28T14:34:25.437+0000] {dagbag.py:588} INFO - Filling up the DagBag from /opt/airflow/dags/dag_with_python_operator.py
[2025-04-28T14:34:25.471+0000] {processor.py:925} INFO - DAG(s) 'first_with_python_v4' retrieved from /opt/airflow/dags/dag_with_python_operator.py
[2025-04-28T14:34:25.512+0000] {logging_mixin.py:190} INFO - [2025-04-28T14:34:25.512+0000] {dag.py:3239} INFO - Sync 1 DAGs
[2025-04-28T14:34:25.545+0000] {logging_mixin.py:190} INFO - [2025-04-28T14:34:25.544+0000] {dag.py:4180} INFO - Setting next_dagrun for first_with_python_v4 to 2025-02-28 00:00:00+00:00, run_after=2025-03-01 00:00:00+00:00
[2025-04-28T14:34:25.581+0000] {processor.py:208} INFO - Processing /opt/airflow/dags/dag_with_python_operator.py took 0.160 seconds
[2025-04-28T14:34:56.098+0000] {processor.py:186} INFO - Started process (PID=37469) to work on /opt/airflow/dags/dag_with_python_operator.py
[2025-04-28T14:34:56.102+0000] {processor.py:914} INFO - Processing file /opt/airflow/dags/dag_with_python_operator.py for tasks to queue
[2025-04-28T14:34:56.110+0000] {logging_mixin.py:190} INFO - [2025-04-28T14:34:56.109+0000] {dagbag.py:588} INFO - Filling up the DagBag from /opt/airflow/dags/dag_with_python_operator.py
[2025-04-28T14:34:56.161+0000] {processor.py:925} INFO - DAG(s) 'first_with_python_v4' retrieved from /opt/airflow/dags/dag_with_python_operator.py
[2025-04-28T14:34:56.200+0000] {logging_mixin.py:190} INFO - [2025-04-28T14:34:56.199+0000] {dag.py:3239} INFO - Sync 1 DAGs
[2025-04-28T14:34:56.273+0000] {logging_mixin.py:190} INFO - [2025-04-28T14:34:56.272+0000] {dag.py:4180} INFO - Setting next_dagrun for first_with_python_v4 to 2025-02-28 00:00:00+00:00, run_after=2025-03-01 00:00:00+00:00
[2025-04-28T14:34:56.338+0000] {processor.py:208} INFO - Processing /opt/airflow/dags/dag_with_python_operator.py took 0.261 seconds
[2025-04-28T14:35:26.763+0000] {processor.py:186} INFO - Started process (PID=37490) to work on /opt/airflow/dags/dag_with_python_operator.py
[2025-04-28T14:35:26.766+0000] {processor.py:914} INFO - Processing file /opt/airflow/dags/dag_with_python_operator.py for tasks to queue
[2025-04-28T14:35:26.770+0000] {logging_mixin.py:190} INFO - [2025-04-28T14:35:26.769+0000] {dagbag.py:588} INFO - Filling up the DagBag from /opt/airflow/dags/dag_with_python_operator.py
[2025-04-28T14:35:26.798+0000] {processor.py:925} INFO - DAG(s) 'first_with_python_v4' retrieved from /opt/airflow/dags/dag_with_python_operator.py
[2025-04-28T14:35:26.832+0000] {logging_mixin.py:190} INFO - [2025-04-28T14:35:26.831+0000] {dag.py:3239} INFO - Sync 1 DAGs
[2025-04-28T14:35:26.862+0000] {logging_mixin.py:190} INFO - [2025-04-28T14:35:26.862+0000] {dag.py:4180} INFO - Setting next_dagrun for first_with_python_v4 to 2025-02-28 00:00:00+00:00, run_after=2025-03-01 00:00:00+00:00
[2025-04-28T14:35:26.891+0000] {processor.py:208} INFO - Processing /opt/airflow/dags/dag_with_python_operator.py took 0.139 seconds
[2025-04-28T14:35:57.323+0000] {processor.py:186} INFO - Started process (PID=37511) to work on /opt/airflow/dags/dag_with_python_operator.py
[2025-04-28T14:35:57.327+0000] {processor.py:914} INFO - Processing file /opt/airflow/dags/dag_with_python_operator.py for tasks to queue
[2025-04-28T14:35:57.332+0000] {logging_mixin.py:190} INFO - [2025-04-28T14:35:57.331+0000] {dagbag.py:588} INFO - Filling up the DagBag from /opt/airflow/dags/dag_with_python_operator.py
[2025-04-28T14:35:57.365+0000] {processor.py:925} INFO - DAG(s) 'first_with_python_v4' retrieved from /opt/airflow/dags/dag_with_python_operator.py
[2025-04-28T14:35:57.400+0000] {logging_mixin.py:190} INFO - [2025-04-28T14:35:57.399+0000] {dag.py:3239} INFO - Sync 1 DAGs
[2025-04-28T14:35:57.436+0000] {logging_mixin.py:190} INFO - [2025-04-28T14:35:57.436+0000] {dag.py:4180} INFO - Setting next_dagrun for first_with_python_v4 to 2025-02-28 00:00:00+00:00, run_after=2025-03-01 00:00:00+00:00
[2025-04-28T14:35:57.464+0000] {processor.py:208} INFO - Processing /opt/airflow/dags/dag_with_python_operator.py took 0.152 seconds
[2025-04-28T14:36:28.033+0000] {processor.py:186} INFO - Started process (PID=37532) to work on /opt/airflow/dags/dag_with_python_operator.py
[2025-04-28T14:36:28.036+0000] {processor.py:914} INFO - Processing file /opt/airflow/dags/dag_with_python_operator.py for tasks to queue
[2025-04-28T14:36:28.041+0000] {logging_mixin.py:190} INFO - [2025-04-28T14:36:28.040+0000] {dagbag.py:588} INFO - Filling up the DagBag from /opt/airflow/dags/dag_with_python_operator.py
[2025-04-28T14:36:28.072+0000] {processor.py:925} INFO - DAG(s) 'first_with_python_v4' retrieved from /opt/airflow/dags/dag_with_python_operator.py
[2025-04-28T14:36:28.109+0000] {logging_mixin.py:190} INFO - [2025-04-28T14:36:28.108+0000] {dag.py:3239} INFO - Sync 1 DAGs
[2025-04-28T14:36:28.144+0000] {logging_mixin.py:190} INFO - [2025-04-28T14:36:28.143+0000] {dag.py:4180} INFO - Setting next_dagrun for first_with_python_v4 to 2025-02-28 00:00:00+00:00, run_after=2025-03-01 00:00:00+00:00
[2025-04-28T14:36:28.177+0000] {processor.py:208} INFO - Processing /opt/airflow/dags/dag_with_python_operator.py took 0.153 seconds
[2025-04-28T14:36:58.645+0000] {processor.py:186} INFO - Started process (PID=37553) to work on /opt/airflow/dags/dag_with_python_operator.py
[2025-04-28T14:36:58.648+0000] {processor.py:914} INFO - Processing file /opt/airflow/dags/dag_with_python_operator.py for tasks to queue
[2025-04-28T14:36:58.655+0000] {logging_mixin.py:190} INFO - [2025-04-28T14:36:58.654+0000] {dagbag.py:588} INFO - Filling up the DagBag from /opt/airflow/dags/dag_with_python_operator.py
[2025-04-28T14:36:58.684+0000] {processor.py:925} INFO - DAG(s) 'first_with_python_v4' retrieved from /opt/airflow/dags/dag_with_python_operator.py
[2025-04-28T14:36:58.724+0000] {logging_mixin.py:190} INFO - [2025-04-28T14:36:58.723+0000] {dag.py:3239} INFO - Sync 1 DAGs
[2025-04-28T14:36:58.762+0000] {logging_mixin.py:190} INFO - [2025-04-28T14:36:58.762+0000] {dag.py:4180} INFO - Setting next_dagrun for first_with_python_v4 to 2025-02-28 00:00:00+00:00, run_after=2025-03-01 00:00:00+00:00
[2025-04-28T14:36:58.794+0000] {processor.py:208} INFO - Processing /opt/airflow/dags/dag_with_python_operator.py took 0.159 seconds
[2025-04-28T14:37:29.099+0000] {processor.py:186} INFO - Started process (PID=37574) to work on /opt/airflow/dags/dag_with_python_operator.py
[2025-04-28T14:37:29.100+0000] {processor.py:914} INFO - Processing file /opt/airflow/dags/dag_with_python_operator.py for tasks to queue
[2025-04-28T14:37:29.103+0000] {logging_mixin.py:190} INFO - [2025-04-28T14:37:29.103+0000] {dagbag.py:588} INFO - Filling up the DagBag from /opt/airflow/dags/dag_with_python_operator.py
[2025-04-28T14:37:29.127+0000] {processor.py:925} INFO - DAG(s) 'first_with_python_v4' retrieved from /opt/airflow/dags/dag_with_python_operator.py
[2025-04-28T14:37:29.145+0000] {logging_mixin.py:190} INFO - [2025-04-28T14:37:29.145+0000] {dag.py:3239} INFO - Sync 1 DAGs
[2025-04-28T14:37:29.161+0000] {logging_mixin.py:190} INFO - [2025-04-28T14:37:29.161+0000] {dag.py:4180} INFO - Setting next_dagrun for first_with_python_v4 to 2025-02-28 00:00:00+00:00, run_after=2025-03-01 00:00:00+00:00
[2025-04-28T14:37:29.300+0000] {processor.py:208} INFO - Processing /opt/airflow/dags/dag_with_python_operator.py took 0.205 seconds
[2025-04-28T14:37:59.504+0000] {processor.py:186} INFO - Started process (PID=37595) to work on /opt/airflow/dags/dag_with_python_operator.py
[2025-04-28T14:37:59.505+0000] {processor.py:914} INFO - Processing file /opt/airflow/dags/dag_with_python_operator.py for tasks to queue
[2025-04-28T14:37:59.509+0000] {logging_mixin.py:190} INFO - [2025-04-28T14:37:59.508+0000] {dagbag.py:588} INFO - Filling up the DagBag from /opt/airflow/dags/dag_with_python_operator.py
[2025-04-28T14:37:59.530+0000] {processor.py:925} INFO - DAG(s) 'first_with_python_v4' retrieved from /opt/airflow/dags/dag_with_python_operator.py
[2025-04-28T14:37:59.545+0000] {logging_mixin.py:190} INFO - [2025-04-28T14:37:59.545+0000] {dag.py:3239} INFO - Sync 1 DAGs
[2025-04-28T14:37:59.560+0000] {logging_mixin.py:190} INFO - [2025-04-28T14:37:59.559+0000] {dag.py:4180} INFO - Setting next_dagrun for first_with_python_v4 to 2025-02-28 00:00:00+00:00, run_after=2025-03-01 00:00:00+00:00
[2025-04-28T14:37:59.572+0000] {processor.py:208} INFO - Processing /opt/airflow/dags/dag_with_python_operator.py took 0.071 seconds
[2025-04-28T14:38:29.777+0000] {processor.py:186} INFO - Started process (PID=37615) to work on /opt/airflow/dags/dag_with_python_operator.py
[2025-04-28T14:38:29.779+0000] {processor.py:914} INFO - Processing file /opt/airflow/dags/dag_with_python_operator.py for tasks to queue
[2025-04-28T14:38:29.782+0000] {logging_mixin.py:190} INFO - [2025-04-28T14:38:29.781+0000] {dagbag.py:588} INFO - Filling up the DagBag from /opt/airflow/dags/dag_with_python_operator.py
[2025-04-28T14:38:29.803+0000] {processor.py:925} INFO - DAG(s) 'first_with_python_v4' retrieved from /opt/airflow/dags/dag_with_python_operator.py
[2025-04-28T14:38:29.818+0000] {logging_mixin.py:190} INFO - [2025-04-28T14:38:29.818+0000] {dag.py:3239} INFO - Sync 1 DAGs
[2025-04-28T14:38:29.834+0000] {logging_mixin.py:190} INFO - [2025-04-28T14:38:29.834+0000] {dag.py:4180} INFO - Setting next_dagrun for first_with_python_v4 to 2025-02-28 00:00:00+00:00, run_after=2025-03-01 00:00:00+00:00
[2025-04-28T14:38:29.848+0000] {processor.py:208} INFO - Processing /opt/airflow/dags/dag_with_python_operator.py took 0.075 seconds
[2025-04-28T14:39:00.154+0000] {processor.py:186} INFO - Started process (PID=37636) to work on /opt/airflow/dags/dag_with_python_operator.py
[2025-04-28T14:39:00.156+0000] {processor.py:914} INFO - Processing file /opt/airflow/dags/dag_with_python_operator.py for tasks to queue
[2025-04-28T14:39:00.159+0000] {logging_mixin.py:190} INFO - [2025-04-28T14:39:00.159+0000] {dagbag.py:588} INFO - Filling up the DagBag from /opt/airflow/dags/dag_with_python_operator.py
[2025-04-28T14:39:00.189+0000] {processor.py:925} INFO - DAG(s) 'first_with_python_v4' retrieved from /opt/airflow/dags/dag_with_python_operator.py
[2025-04-28T14:39:00.208+0000] {logging_mixin.py:190} INFO - [2025-04-28T14:39:00.208+0000] {dag.py:3239} INFO - Sync 1 DAGs
[2025-04-28T14:39:00.222+0000] {logging_mixin.py:190} INFO - [2025-04-28T14:39:00.222+0000] {dag.py:4180} INFO - Setting next_dagrun for first_with_python_v4 to 2025-02-28 00:00:00+00:00, run_after=2025-03-01 00:00:00+00:00
[2025-04-28T14:39:00.235+0000] {processor.py:208} INFO - Processing /opt/airflow/dags/dag_with_python_operator.py took 0.086 seconds
[2025-04-28T14:39:30.472+0000] {processor.py:186} INFO - Started process (PID=37657) to work on /opt/airflow/dags/dag_with_python_operator.py
[2025-04-28T14:39:30.473+0000] {processor.py:914} INFO - Processing file /opt/airflow/dags/dag_with_python_operator.py for tasks to queue
[2025-04-28T14:39:30.475+0000] {logging_mixin.py:190} INFO - [2025-04-28T14:39:30.475+0000] {dagbag.py:588} INFO - Filling up the DagBag from /opt/airflow/dags/dag_with_python_operator.py
[2025-04-28T14:39:30.491+0000] {processor.py:925} INFO - DAG(s) 'first_with_python_v4' retrieved from /opt/airflow/dags/dag_with_python_operator.py
[2025-04-28T14:39:30.505+0000] {logging_mixin.py:190} INFO - [2025-04-28T14:39:30.505+0000] {dag.py:3239} INFO - Sync 1 DAGs
[2025-04-28T14:39:30.537+0000] {logging_mixin.py:190} INFO - [2025-04-28T14:39:30.537+0000] {dag.py:4180} INFO - Setting next_dagrun for first_with_python_v4 to 2025-02-28 00:00:00+00:00, run_after=2025-03-01 00:00:00+00:00
[2025-04-28T14:39:30.653+0000] {processor.py:208} INFO - Processing /opt/airflow/dags/dag_with_python_operator.py took 0.185 seconds
[2025-04-28T14:40:00.951+0000] {processor.py:186} INFO - Started process (PID=37678) to work on /opt/airflow/dags/dag_with_python_operator.py
[2025-04-28T14:40:00.952+0000] {processor.py:914} INFO - Processing file /opt/airflow/dags/dag_with_python_operator.py for tasks to queue
[2025-04-28T14:40:00.955+0000] {logging_mixin.py:190} INFO - [2025-04-28T14:40:00.955+0000] {dagbag.py:588} INFO - Filling up the DagBag from /opt/airflow/dags/dag_with_python_operator.py
[2025-04-28T14:40:01.005+0000] {processor.py:925} INFO - DAG(s) 'first_with_python_v4' retrieved from /opt/airflow/dags/dag_with_python_operator.py
[2025-04-28T14:40:01.022+0000] {logging_mixin.py:190} INFO - [2025-04-28T14:40:01.021+0000] {dag.py:3239} INFO - Sync 1 DAGs
[2025-04-28T14:40:01.037+0000] {logging_mixin.py:190} INFO - [2025-04-28T14:40:01.036+0000] {dag.py:4180} INFO - Setting next_dagrun for first_with_python_v4 to 2025-02-28 00:00:00+00:00, run_after=2025-03-01 00:00:00+00:00
[2025-04-28T14:40:01.048+0000] {processor.py:208} INFO - Processing /opt/airflow/dags/dag_with_python_operator.py took 0.102 seconds
[2025-04-28T14:40:31.322+0000] {processor.py:186} INFO - Started process (PID=37699) to work on /opt/airflow/dags/dag_with_python_operator.py
[2025-04-28T14:40:31.324+0000] {processor.py:914} INFO - Processing file /opt/airflow/dags/dag_with_python_operator.py for tasks to queue
[2025-04-28T14:40:31.326+0000] {logging_mixin.py:190} INFO - [2025-04-28T14:40:31.326+0000] {dagbag.py:588} INFO - Filling up the DagBag from /opt/airflow/dags/dag_with_python_operator.py
[2025-04-28T14:40:31.353+0000] {processor.py:925} INFO - DAG(s) 'first_with_python_v4' retrieved from /opt/airflow/dags/dag_with_python_operator.py
[2025-04-28T14:40:31.374+0000] {logging_mixin.py:190} INFO - [2025-04-28T14:40:31.374+0000] {dag.py:3239} INFO - Sync 1 DAGs
[2025-04-28T14:40:31.389+0000] {logging_mixin.py:190} INFO - [2025-04-28T14:40:31.389+0000] {dag.py:4180} INFO - Setting next_dagrun for first_with_python_v4 to 2025-02-28 00:00:00+00:00, run_after=2025-03-01 00:00:00+00:00
[2025-04-28T14:40:31.402+0000] {processor.py:208} INFO - Processing /opt/airflow/dags/dag_with_python_operator.py took 0.089 seconds
[2025-04-28T14:41:01.773+0000] {processor.py:186} INFO - Started process (PID=37720) to work on /opt/airflow/dags/dag_with_python_operator.py
[2025-04-28T14:41:01.774+0000] {processor.py:914} INFO - Processing file /opt/airflow/dags/dag_with_python_operator.py for tasks to queue
[2025-04-28T14:41:01.777+0000] {logging_mixin.py:190} INFO - [2025-04-28T14:41:01.777+0000] {dagbag.py:588} INFO - Filling up the DagBag from /opt/airflow/dags/dag_with_python_operator.py
[2025-04-28T14:41:01.804+0000] {processor.py:925} INFO - DAG(s) 'first_with_python_v4' retrieved from /opt/airflow/dags/dag_with_python_operator.py
[2025-04-28T14:41:01.818+0000] {logging_mixin.py:190} INFO - [2025-04-28T14:41:01.818+0000] {dag.py:3239} INFO - Sync 1 DAGs
[2025-04-28T14:41:01.831+0000] {logging_mixin.py:190} INFO - [2025-04-28T14:41:01.831+0000] {dag.py:4180} INFO - Setting next_dagrun for first_with_python_v4 to 2025-02-28 00:00:00+00:00, run_after=2025-03-01 00:00:00+00:00
[2025-04-28T14:41:01.843+0000] {processor.py:208} INFO - Processing /opt/airflow/dags/dag_with_python_operator.py took 0.076 seconds
[2025-04-28T14:41:32.133+0000] {processor.py:186} INFO - Started process (PID=37741) to work on /opt/airflow/dags/dag_with_python_operator.py
[2025-04-28T14:41:32.135+0000] {processor.py:914} INFO - Processing file /opt/airflow/dags/dag_with_python_operator.py for tasks to queue
[2025-04-28T14:41:32.137+0000] {logging_mixin.py:190} INFO - [2025-04-28T14:41:32.137+0000] {dagbag.py:588} INFO - Filling up the DagBag from /opt/airflow/dags/dag_with_python_operator.py
[2025-04-28T14:41:32.162+0000] {processor.py:925} INFO - DAG(s) 'first_with_python_v4' retrieved from /opt/airflow/dags/dag_with_python_operator.py
[2025-04-28T14:41:32.176+0000] {logging_mixin.py:190} INFO - [2025-04-28T14:41:32.176+0000] {dag.py:3239} INFO - Sync 1 DAGs
[2025-04-28T14:41:32.191+0000] {logging_mixin.py:190} INFO - [2025-04-28T14:41:32.191+0000] {dag.py:4180} INFO - Setting next_dagrun for first_with_python_v4 to 2025-02-28 00:00:00+00:00, run_after=2025-03-01 00:00:00+00:00
[2025-04-28T14:41:32.204+0000] {processor.py:208} INFO - Processing /opt/airflow/dags/dag_with_python_operator.py took 0.075 seconds
[2025-04-28T14:42:02.418+0000] {processor.py:186} INFO - Started process (PID=37762) to work on /opt/airflow/dags/dag_with_python_operator.py
[2025-04-28T14:42:02.419+0000] {processor.py:914} INFO - Processing file /opt/airflow/dags/dag_with_python_operator.py for tasks to queue
[2025-04-28T14:42:02.423+0000] {logging_mixin.py:190} INFO - [2025-04-28T14:42:02.422+0000] {dagbag.py:588} INFO - Filling up the DagBag from /opt/airflow/dags/dag_with_python_operator.py
[2025-04-28T14:42:02.435+0000] {processor.py:925} INFO - DAG(s) 'first_with_python_v4' retrieved from /opt/airflow/dags/dag_with_python_operator.py
[2025-04-28T14:42:02.450+0000] {logging_mixin.py:190} INFO - [2025-04-28T14:42:02.449+0000] {dag.py:3239} INFO - Sync 1 DAGs
[2025-04-28T14:42:02.464+0000] {logging_mixin.py:190} INFO - [2025-04-28T14:42:02.464+0000] {dag.py:4180} INFO - Setting next_dagrun for first_with_python_v4 to 2025-02-28 00:00:00+00:00, run_after=2025-03-01 00:00:00+00:00
[2025-04-28T14:42:02.476+0000] {processor.py:208} INFO - Processing /opt/airflow/dags/dag_with_python_operator.py took 0.062 seconds
[2025-04-28T14:42:32.735+0000] {processor.py:186} INFO - Started process (PID=37783) to work on /opt/airflow/dags/dag_with_python_operator.py
[2025-04-28T14:42:32.740+0000] {processor.py:914} INFO - Processing file /opt/airflow/dags/dag_with_python_operator.py for tasks to queue
[2025-04-28T14:42:32.742+0000] {logging_mixin.py:190} INFO - [2025-04-28T14:42:32.742+0000] {dagbag.py:588} INFO - Filling up the DagBag from /opt/airflow/dags/dag_with_python_operator.py
[2025-04-28T14:42:32.753+0000] {processor.py:925} INFO - DAG(s) 'first_with_python_v4' retrieved from /opt/airflow/dags/dag_with_python_operator.py
[2025-04-28T14:42:32.776+0000] {logging_mixin.py:190} INFO - [2025-04-28T14:42:32.776+0000] {dag.py:3239} INFO - Sync 1 DAGs
[2025-04-28T14:42:32.793+0000] {logging_mixin.py:190} INFO - [2025-04-28T14:42:32.793+0000] {dag.py:4180} INFO - Setting next_dagrun for first_with_python_v4 to 2025-02-28 00:00:00+00:00, run_after=2025-03-01 00:00:00+00:00
[2025-04-28T14:42:32.808+0000] {processor.py:208} INFO - Processing /opt/airflow/dags/dag_with_python_operator.py took 0.077 seconds
[2025-04-28T14:43:03.143+0000] {processor.py:186} INFO - Started process (PID=37804) to work on /opt/airflow/dags/dag_with_python_operator.py
[2025-04-28T14:43:03.145+0000] {processor.py:914} INFO - Processing file /opt/airflow/dags/dag_with_python_operator.py for tasks to queue
[2025-04-28T14:43:03.148+0000] {logging_mixin.py:190} INFO - [2025-04-28T14:43:03.147+0000] {dagbag.py:588} INFO - Filling up the DagBag from /opt/airflow/dags/dag_with_python_operator.py
[2025-04-28T14:43:03.170+0000] {processor.py:925} INFO - DAG(s) 'first_with_python_v4' retrieved from /opt/airflow/dags/dag_with_python_operator.py
[2025-04-28T14:43:03.184+0000] {logging_mixin.py:190} INFO - [2025-04-28T14:43:03.184+0000] {dag.py:3239} INFO - Sync 1 DAGs
[2025-04-28T14:43:03.198+0000] {logging_mixin.py:190} INFO - [2025-04-28T14:43:03.198+0000] {dag.py:4180} INFO - Setting next_dagrun for first_with_python_v4 to 2025-02-28 00:00:00+00:00, run_after=2025-03-01 00:00:00+00:00
[2025-04-28T14:43:03.209+0000] {processor.py:208} INFO - Processing /opt/airflow/dags/dag_with_python_operator.py took 0.071 seconds
[2025-04-28T14:43:33.480+0000] {processor.py:186} INFO - Started process (PID=37825) to work on /opt/airflow/dags/dag_with_python_operator.py
[2025-04-28T14:43:33.483+0000] {processor.py:914} INFO - Processing file /opt/airflow/dags/dag_with_python_operator.py for tasks to queue
[2025-04-28T14:43:33.486+0000] {logging_mixin.py:190} INFO - [2025-04-28T14:43:33.485+0000] {dagbag.py:588} INFO - Filling up the DagBag from /opt/airflow/dags/dag_with_python_operator.py
[2025-04-28T14:43:33.509+0000] {processor.py:925} INFO - DAG(s) 'first_with_python_v4' retrieved from /opt/airflow/dags/dag_with_python_operator.py
[2025-04-28T14:43:33.526+0000] {logging_mixin.py:190} INFO - [2025-04-28T14:43:33.526+0000] {dag.py:3239} INFO - Sync 1 DAGs
[2025-04-28T14:43:33.542+0000] {logging_mixin.py:190} INFO - [2025-04-28T14:43:33.542+0000] {dag.py:4180} INFO - Setting next_dagrun for first_with_python_v4 to 2025-02-28 00:00:00+00:00, run_after=2025-03-01 00:00:00+00:00
[2025-04-28T14:43:33.667+0000] {processor.py:208} INFO - Processing /opt/airflow/dags/dag_with_python_operator.py took 0.195 seconds
[2025-04-28T14:44:03.920+0000] {processor.py:186} INFO - Started process (PID=37846) to work on /opt/airflow/dags/dag_with_python_operator.py
[2025-04-28T14:44:03.922+0000] {processor.py:914} INFO - Processing file /opt/airflow/dags/dag_with_python_operator.py for tasks to queue
[2025-04-28T14:44:03.924+0000] {logging_mixin.py:190} INFO - [2025-04-28T14:44:03.923+0000] {dagbag.py:588} INFO - Filling up the DagBag from /opt/airflow/dags/dag_with_python_operator.py
[2025-04-28T14:44:03.938+0000] {processor.py:925} INFO - DAG(s) 'first_with_python_v4' retrieved from /opt/airflow/dags/dag_with_python_operator.py
[2025-04-28T14:44:03.953+0000] {logging_mixin.py:190} INFO - [2025-04-28T14:44:03.953+0000] {dag.py:3239} INFO - Sync 1 DAGs
[2025-04-28T14:44:03.968+0000] {logging_mixin.py:190} INFO - [2025-04-28T14:44:03.968+0000] {dag.py:4180} INFO - Setting next_dagrun for first_with_python_v4 to 2025-02-28 00:00:00+00:00, run_after=2025-03-01 00:00:00+00:00
[2025-04-28T14:44:03.980+0000] {processor.py:208} INFO - Processing /opt/airflow/dags/dag_with_python_operator.py took 0.064 seconds
[2025-04-28T14:44:34.272+0000] {processor.py:186} INFO - Started process (PID=37867) to work on /opt/airflow/dags/dag_with_python_operator.py
[2025-04-28T14:44:34.274+0000] {processor.py:914} INFO - Processing file /opt/airflow/dags/dag_with_python_operator.py for tasks to queue
[2025-04-28T14:44:34.279+0000] {logging_mixin.py:190} INFO - [2025-04-28T14:44:34.278+0000] {dagbag.py:588} INFO - Filling up the DagBag from /opt/airflow/dags/dag_with_python_operator.py
[2025-04-28T14:44:34.304+0000] {processor.py:925} INFO - DAG(s) 'first_with_python_v4' retrieved from /opt/airflow/dags/dag_with_python_operator.py
[2025-04-28T14:44:34.321+0000] {logging_mixin.py:190} INFO - [2025-04-28T14:44:34.321+0000] {dag.py:3239} INFO - Sync 1 DAGs
[2025-04-28T14:44:34.336+0000] {logging_mixin.py:190} INFO - [2025-04-28T14:44:34.336+0000] {dag.py:4180} INFO - Setting next_dagrun for first_with_python_v4 to 2025-02-28 00:00:00+00:00, run_after=2025-03-01 00:00:00+00:00
[2025-04-28T14:44:34.347+0000] {processor.py:208} INFO - Processing /opt/airflow/dags/dag_with_python_operator.py took 0.080 seconds
[2025-04-28T14:45:04.640+0000] {processor.py:186} INFO - Started process (PID=37888) to work on /opt/airflow/dags/dag_with_python_operator.py
[2025-04-28T14:45:04.644+0000] {processor.py:914} INFO - Processing file /opt/airflow/dags/dag_with_python_operator.py for tasks to queue
[2025-04-28T14:45:04.649+0000] {logging_mixin.py:190} INFO - [2025-04-28T14:45:04.648+0000] {dagbag.py:588} INFO - Filling up the DagBag from /opt/airflow/dags/dag_with_python_operator.py
[2025-04-28T14:45:04.692+0000] {processor.py:925} INFO - DAG(s) 'first_with_python_v4' retrieved from /opt/airflow/dags/dag_with_python_operator.py
[2025-04-28T14:45:04.707+0000] {logging_mixin.py:190} INFO - [2025-04-28T14:45:04.707+0000] {dag.py:3239} INFO - Sync 1 DAGs
[2025-04-28T14:45:04.722+0000] {logging_mixin.py:190} INFO - [2025-04-28T14:45:04.721+0000] {dag.py:4180} INFO - Setting next_dagrun for first_with_python_v4 to 2025-02-28 00:00:00+00:00, run_after=2025-03-01 00:00:00+00:00
[2025-04-28T14:45:04.736+0000] {processor.py:208} INFO - Processing /opt/airflow/dags/dag_with_python_operator.py took 0.103 seconds
[2025-04-28T14:45:35.059+0000] {processor.py:186} INFO - Started process (PID=37909) to work on /opt/airflow/dags/dag_with_python_operator.py
[2025-04-28T14:45:35.061+0000] {processor.py:914} INFO - Processing file /opt/airflow/dags/dag_with_python_operator.py for tasks to queue
[2025-04-28T14:45:35.065+0000] {logging_mixin.py:190} INFO - [2025-04-28T14:45:35.065+0000] {dagbag.py:588} INFO - Filling up the DagBag from /opt/airflow/dags/dag_with_python_operator.py
[2025-04-28T14:45:35.103+0000] {processor.py:925} INFO - DAG(s) 'first_with_python_v4' retrieved from /opt/airflow/dags/dag_with_python_operator.py
[2025-04-28T14:45:35.125+0000] {logging_mixin.py:190} INFO - [2025-04-28T14:45:35.125+0000] {dag.py:3239} INFO - Sync 1 DAGs
[2025-04-28T14:45:35.146+0000] {logging_mixin.py:190} INFO - [2025-04-28T14:45:35.146+0000] {dag.py:4180} INFO - Setting next_dagrun for first_with_python_v4 to 2025-02-28 00:00:00+00:00, run_after=2025-03-01 00:00:00+00:00
[2025-04-28T14:45:35.265+0000] {processor.py:208} INFO - Processing /opt/airflow/dags/dag_with_python_operator.py took 0.210 seconds
[2025-04-28T14:46:05.395+0000] {processor.py:186} INFO - Started process (PID=37930) to work on /opt/airflow/dags/dag_with_python_operator.py
[2025-04-28T14:46:05.396+0000] {processor.py:914} INFO - Processing file /opt/airflow/dags/dag_with_python_operator.py for tasks to queue
[2025-04-28T14:46:05.398+0000] {logging_mixin.py:190} INFO - [2025-04-28T14:46:05.398+0000] {dagbag.py:588} INFO - Filling up the DagBag from /opt/airflow/dags/dag_with_python_operator.py
[2025-04-28T14:46:05.419+0000] {processor.py:925} INFO - DAG(s) 'first_with_python_v4' retrieved from /opt/airflow/dags/dag_with_python_operator.py
[2025-04-28T14:46:05.433+0000] {logging_mixin.py:190} INFO - [2025-04-28T14:46:05.433+0000] {dag.py:3239} INFO - Sync 1 DAGs
[2025-04-28T14:46:05.447+0000] {logging_mixin.py:190} INFO - [2025-04-28T14:46:05.447+0000] {dag.py:4180} INFO - Setting next_dagrun for first_with_python_v4 to 2025-02-28 00:00:00+00:00, run_after=2025-03-01 00:00:00+00:00
[2025-04-28T14:46:05.458+0000] {processor.py:208} INFO - Processing /opt/airflow/dags/dag_with_python_operator.py took 0.067 seconds
[2025-04-28T14:46:35.882+0000] {processor.py:186} INFO - Started process (PID=37950) to work on /opt/airflow/dags/dag_with_python_operator.py
[2025-04-28T14:46:35.883+0000] {processor.py:914} INFO - Processing file /opt/airflow/dags/dag_with_python_operator.py for tasks to queue
[2025-04-28T14:46:35.885+0000] {logging_mixin.py:190} INFO - [2025-04-28T14:46:35.885+0000] {dagbag.py:588} INFO - Filling up the DagBag from /opt/airflow/dags/dag_with_python_operator.py
[2025-04-28T14:46:35.900+0000] {processor.py:925} INFO - DAG(s) 'first_with_python_v4' retrieved from /opt/airflow/dags/dag_with_python_operator.py
[2025-04-28T14:46:35.913+0000] {logging_mixin.py:190} INFO - [2025-04-28T14:46:35.913+0000] {dag.py:3239} INFO - Sync 1 DAGs
[2025-04-28T14:46:35.926+0000] {logging_mixin.py:190} INFO - [2025-04-28T14:46:35.926+0000] {dag.py:4180} INFO - Setting next_dagrun for first_with_python_v4 to 2025-02-28 00:00:00+00:00, run_after=2025-03-01 00:00:00+00:00
[2025-04-28T14:46:35.938+0000] {processor.py:208} INFO - Processing /opt/airflow/dags/dag_with_python_operator.py took 0.062 seconds
[2025-04-28T14:47:06.171+0000] {processor.py:186} INFO - Started process (PID=37971) to work on /opt/airflow/dags/dag_with_python_operator.py
[2025-04-28T14:47:06.172+0000] {processor.py:914} INFO - Processing file /opt/airflow/dags/dag_with_python_operator.py for tasks to queue
[2025-04-28T14:47:06.175+0000] {logging_mixin.py:190} INFO - [2025-04-28T14:47:06.175+0000] {dagbag.py:588} INFO - Filling up the DagBag from /opt/airflow/dags/dag_with_python_operator.py
[2025-04-28T14:47:06.194+0000] {processor.py:925} INFO - DAG(s) 'first_with_python_v4' retrieved from /opt/airflow/dags/dag_with_python_operator.py
[2025-04-28T14:47:06.209+0000] {logging_mixin.py:190} INFO - [2025-04-28T14:47:06.209+0000] {dag.py:3239} INFO - Sync 1 DAGs
[2025-04-28T14:47:06.223+0000] {logging_mixin.py:190} INFO - [2025-04-28T14:47:06.223+0000] {dag.py:4180} INFO - Setting next_dagrun for first_with_python_v4 to 2025-02-28 00:00:00+00:00, run_after=2025-03-01 00:00:00+00:00
[2025-04-28T14:47:06.235+0000] {processor.py:208} INFO - Processing /opt/airflow/dags/dag_with_python_operator.py took 0.068 seconds
[2025-04-28T14:47:36.562+0000] {processor.py:186} INFO - Started process (PID=37992) to work on /opt/airflow/dags/dag_with_python_operator.py
[2025-04-28T14:47:36.563+0000] {processor.py:914} INFO - Processing file /opt/airflow/dags/dag_with_python_operator.py for tasks to queue
[2025-04-28T14:47:36.566+0000] {logging_mixin.py:190} INFO - [2025-04-28T14:47:36.566+0000] {dagbag.py:588} INFO - Filling up the DagBag from /opt/airflow/dags/dag_with_python_operator.py
[2025-04-28T14:47:36.581+0000] {processor.py:925} INFO - DAG(s) 'first_with_python_v4' retrieved from /opt/airflow/dags/dag_with_python_operator.py
[2025-04-28T14:47:36.595+0000] {logging_mixin.py:190} INFO - [2025-04-28T14:47:36.595+0000] {dag.py:3239} INFO - Sync 1 DAGs
[2025-04-28T14:47:36.616+0000] {logging_mixin.py:190} INFO - [2025-04-28T14:47:36.615+0000] {dag.py:4180} INFO - Setting next_dagrun for first_with_python_v4 to 2025-02-28 00:00:00+00:00, run_after=2025-03-01 00:00:00+00:00
[2025-04-28T14:47:36.741+0000] {processor.py:208} INFO - Processing /opt/airflow/dags/dag_with_python_operator.py took 0.185 seconds
[2025-04-28T14:48:06.995+0000] {processor.py:186} INFO - Started process (PID=38013) to work on /opt/airflow/dags/dag_with_python_operator.py
[2025-04-28T14:48:06.999+0000] {processor.py:914} INFO - Processing file /opt/airflow/dags/dag_with_python_operator.py for tasks to queue
[2025-04-28T14:48:07.007+0000] {logging_mixin.py:190} INFO - [2025-04-28T14:48:07.006+0000] {dagbag.py:588} INFO - Filling up the DagBag from /opt/airflow/dags/dag_with_python_operator.py
[2025-04-28T14:48:07.036+0000] {processor.py:925} INFO - DAG(s) 'first_with_python_v4' retrieved from /opt/airflow/dags/dag_with_python_operator.py
[2025-04-28T14:48:07.052+0000] {logging_mixin.py:190} INFO - [2025-04-28T14:48:07.052+0000] {dag.py:3239} INFO - Sync 1 DAGs
[2025-04-28T14:48:07.069+0000] {logging_mixin.py:190} INFO - [2025-04-28T14:48:07.069+0000] {dag.py:4180} INFO - Setting next_dagrun for first_with_python_v4 to 2025-02-28 00:00:00+00:00, run_after=2025-03-01 00:00:00+00:00
[2025-04-28T14:48:07.083+0000] {processor.py:208} INFO - Processing /opt/airflow/dags/dag_with_python_operator.py took 0.098 seconds
[2025-04-28T14:48:37.431+0000] {processor.py:186} INFO - Started process (PID=38034) to work on /opt/airflow/dags/dag_with_python_operator.py
[2025-04-28T14:48:37.433+0000] {processor.py:914} INFO - Processing file /opt/airflow/dags/dag_with_python_operator.py for tasks to queue
[2025-04-28T14:48:37.437+0000] {logging_mixin.py:190} INFO - [2025-04-28T14:48:37.437+0000] {dagbag.py:588} INFO - Filling up the DagBag from /opt/airflow/dags/dag_with_python_operator.py
[2025-04-28T14:48:37.471+0000] {processor.py:925} INFO - DAG(s) 'first_with_python_v4' retrieved from /opt/airflow/dags/dag_with_python_operator.py
[2025-04-28T14:48:37.485+0000] {logging_mixin.py:190} INFO - [2025-04-28T14:48:37.485+0000] {dag.py:3239} INFO - Sync 1 DAGs
[2025-04-28T14:48:37.498+0000] {logging_mixin.py:190} INFO - [2025-04-28T14:48:37.498+0000] {dag.py:4180} INFO - Setting next_dagrun for first_with_python_v4 to 2025-02-28 00:00:00+00:00, run_after=2025-03-01 00:00:00+00:00
[2025-04-28T14:48:37.510+0000] {processor.py:208} INFO - Processing /opt/airflow/dags/dag_with_python_operator.py took 0.088 seconds
[2025-04-28T14:49:07.777+0000] {processor.py:186} INFO - Started process (PID=38055) to work on /opt/airflow/dags/dag_with_python_operator.py
[2025-04-28T14:49:07.778+0000] {processor.py:914} INFO - Processing file /opt/airflow/dags/dag_with_python_operator.py for tasks to queue
[2025-04-28T14:49:07.782+0000] {logging_mixin.py:190} INFO - [2025-04-28T14:49:07.781+0000] {dagbag.py:588} INFO - Filling up the DagBag from /opt/airflow/dags/dag_with_python_operator.py
[2025-04-28T14:49:07.816+0000] {processor.py:925} INFO - DAG(s) 'first_with_python_v4' retrieved from /opt/airflow/dags/dag_with_python_operator.py
[2025-04-28T14:49:07.831+0000] {logging_mixin.py:190} INFO - [2025-04-28T14:49:07.830+0000] {dag.py:3239} INFO - Sync 1 DAGs
[2025-04-28T14:49:07.846+0000] {logging_mixin.py:190} INFO - [2025-04-28T14:49:07.845+0000] {dag.py:4180} INFO - Setting next_dagrun for first_with_python_v4 to 2025-02-28 00:00:00+00:00, run_after=2025-03-01 00:00:00+00:00
[2025-04-28T14:49:07.864+0000] {processor.py:208} INFO - Processing /opt/airflow/dags/dag_with_python_operator.py took 0.092 seconds
[2025-04-28T14:49:38.154+0000] {processor.py:186} INFO - Started process (PID=38076) to work on /opt/airflow/dags/dag_with_python_operator.py
[2025-04-28T14:49:38.157+0000] {processor.py:914} INFO - Processing file /opt/airflow/dags/dag_with_python_operator.py for tasks to queue
[2025-04-28T14:49:38.162+0000] {logging_mixin.py:190} INFO - [2025-04-28T14:49:38.162+0000] {dagbag.py:588} INFO - Filling up the DagBag from /opt/airflow/dags/dag_with_python_operator.py
[2025-04-28T14:49:38.183+0000] {processor.py:925} INFO - DAG(s) 'first_with_python_v4' retrieved from /opt/airflow/dags/dag_with_python_operator.py
[2025-04-28T14:49:38.200+0000] {logging_mixin.py:190} INFO - [2025-04-28T14:49:38.200+0000] {dag.py:3239} INFO - Sync 1 DAGs
[2025-04-28T14:49:38.216+0000] {logging_mixin.py:190} INFO - [2025-04-28T14:49:38.216+0000] {dag.py:4180} INFO - Setting next_dagrun for first_with_python_v4 to 2025-02-28 00:00:00+00:00, run_after=2025-03-01 00:00:00+00:00
[2025-04-28T14:49:38.333+0000] {processor.py:208} INFO - Processing /opt/airflow/dags/dag_with_python_operator.py took 0.188 seconds
[2025-04-28T14:50:08.406+0000] {processor.py:186} INFO - Started process (PID=38097) to work on /opt/airflow/dags/dag_with_python_operator.py
[2025-04-28T14:50:08.408+0000] {processor.py:914} INFO - Processing file /opt/airflow/dags/dag_with_python_operator.py for tasks to queue
[2025-04-28T14:50:08.411+0000] {logging_mixin.py:190} INFO - [2025-04-28T14:50:08.411+0000] {dagbag.py:588} INFO - Filling up the DagBag from /opt/airflow/dags/dag_with_python_operator.py
[2025-04-28T14:50:08.442+0000] {processor.py:925} INFO - DAG(s) 'first_with_python_v4' retrieved from /opt/airflow/dags/dag_with_python_operator.py
[2025-04-28T14:50:08.459+0000] {logging_mixin.py:190} INFO - [2025-04-28T14:50:08.459+0000] {dag.py:3239} INFO - Sync 1 DAGs
[2025-04-28T14:50:08.478+0000] {logging_mixin.py:190} INFO - [2025-04-28T14:50:08.478+0000] {dag.py:4180} INFO - Setting next_dagrun for first_with_python_v4 to 2025-02-28 00:00:00+00:00, run_after=2025-03-01 00:00:00+00:00
[2025-04-28T14:50:08.492+0000] {processor.py:208} INFO - Processing /opt/airflow/dags/dag_with_python_operator.py took 0.095 seconds
[2025-04-28T14:50:38.773+0000] {processor.py:186} INFO - Started process (PID=38118) to work on /opt/airflow/dags/dag_with_python_operator.py
[2025-04-28T14:50:38.774+0000] {processor.py:914} INFO - Processing file /opt/airflow/dags/dag_with_python_operator.py for tasks to queue
[2025-04-28T14:50:38.776+0000] {logging_mixin.py:190} INFO - [2025-04-28T14:50:38.775+0000] {dagbag.py:588} INFO - Filling up the DagBag from /opt/airflow/dags/dag_with_python_operator.py
[2025-04-28T14:50:38.787+0000] {processor.py:925} INFO - DAG(s) 'first_with_python_v4' retrieved from /opt/airflow/dags/dag_with_python_operator.py
[2025-04-28T14:50:38.802+0000] {logging_mixin.py:190} INFO - [2025-04-28T14:50:38.802+0000] {dag.py:3239} INFO - Sync 1 DAGs
[2025-04-28T14:50:38.820+0000] {logging_mixin.py:190} INFO - [2025-04-28T14:50:38.820+0000] {dag.py:4180} INFO - Setting next_dagrun for first_with_python_v4 to 2025-02-28 00:00:00+00:00, run_after=2025-03-01 00:00:00+00:00
[2025-04-28T14:50:38.830+0000] {processor.py:208} INFO - Processing /opt/airflow/dags/dag_with_python_operator.py took 0.063 seconds
[2025-04-28T14:51:09.194+0000] {processor.py:186} INFO - Started process (PID=38139) to work on /opt/airflow/dags/dag_with_python_operator.py
[2025-04-28T14:51:09.196+0000] {processor.py:914} INFO - Processing file /opt/airflow/dags/dag_with_python_operator.py for tasks to queue
[2025-04-28T14:51:09.199+0000] {logging_mixin.py:190} INFO - [2025-04-28T14:51:09.199+0000] {dagbag.py:588} INFO - Filling up the DagBag from /opt/airflow/dags/dag_with_python_operator.py
[2025-04-28T14:51:09.210+0000] {processor.py:925} INFO - DAG(s) 'first_with_python_v4' retrieved from /opt/airflow/dags/dag_with_python_operator.py
[2025-04-28T14:51:09.229+0000] {logging_mixin.py:190} INFO - [2025-04-28T14:51:09.228+0000] {dag.py:3239} INFO - Sync 1 DAGs
[2025-04-28T14:51:09.247+0000] {logging_mixin.py:190} INFO - [2025-04-28T14:51:09.247+0000] {dag.py:4180} INFO - Setting next_dagrun for first_with_python_v4 to 2025-02-28 00:00:00+00:00, run_after=2025-03-01 00:00:00+00:00
[2025-04-28T14:51:09.263+0000] {processor.py:208} INFO - Processing /opt/airflow/dags/dag_with_python_operator.py took 0.074 seconds
[2025-04-28T14:51:39.692+0000] {processor.py:186} INFO - Started process (PID=38160) to work on /opt/airflow/dags/dag_with_python_operator.py
[2025-04-28T14:51:39.693+0000] {processor.py:914} INFO - Processing file /opt/airflow/dags/dag_with_python_operator.py for tasks to queue
[2025-04-28T14:51:39.696+0000] {logging_mixin.py:190} INFO - [2025-04-28T14:51:39.696+0000] {dagbag.py:588} INFO - Filling up the DagBag from /opt/airflow/dags/dag_with_python_operator.py
[2025-04-28T14:51:39.719+0000] {processor.py:925} INFO - DAG(s) 'first_with_python_v4' retrieved from /opt/airflow/dags/dag_with_python_operator.py
[2025-04-28T14:51:39.736+0000] {logging_mixin.py:190} INFO - [2025-04-28T14:51:39.735+0000] {dag.py:3239} INFO - Sync 1 DAGs
[2025-04-28T14:51:39.750+0000] {logging_mixin.py:190} INFO - [2025-04-28T14:51:39.750+0000] {dag.py:4180} INFO - Setting next_dagrun for first_with_python_v4 to 2025-02-28 00:00:00+00:00, run_after=2025-03-01 00:00:00+00:00
[2025-04-28T14:51:39.869+0000] {processor.py:208} INFO - Processing /opt/airflow/dags/dag_with_python_operator.py took 0.181 seconds
[2025-04-28T14:52:10.081+0000] {processor.py:186} INFO - Started process (PID=38181) to work on /opt/airflow/dags/dag_with_python_operator.py
[2025-04-28T14:52:10.086+0000] {processor.py:914} INFO - Processing file /opt/airflow/dags/dag_with_python_operator.py for tasks to queue
[2025-04-28T14:52:10.090+0000] {logging_mixin.py:190} INFO - [2025-04-28T14:52:10.090+0000] {dagbag.py:588} INFO - Filling up the DagBag from /opt/airflow/dags/dag_with_python_operator.py
[2025-04-28T14:52:10.135+0000] {processor.py:925} INFO - DAG(s) 'first_with_python_v4' retrieved from /opt/airflow/dags/dag_with_python_operator.py
[2025-04-28T14:52:10.153+0000] {logging_mixin.py:190} INFO - [2025-04-28T14:52:10.152+0000] {dag.py:3239} INFO - Sync 1 DAGs
[2025-04-28T14:52:10.168+0000] {logging_mixin.py:190} INFO - [2025-04-28T14:52:10.168+0000] {dag.py:4180} INFO - Setting next_dagrun for first_with_python_v4 to 2025-02-28 00:00:00+00:00, run_after=2025-03-01 00:00:00+00:00
[2025-04-28T14:52:10.183+0000] {processor.py:208} INFO - Processing /opt/airflow/dags/dag_with_python_operator.py took 0.110 seconds
[2025-04-28T14:52:40.524+0000] {processor.py:186} INFO - Started process (PID=38202) to work on /opt/airflow/dags/dag_with_python_operator.py
[2025-04-28T14:52:40.528+0000] {processor.py:914} INFO - Processing file /opt/airflow/dags/dag_with_python_operator.py for tasks to queue
[2025-04-28T14:52:40.534+0000] {logging_mixin.py:190} INFO - [2025-04-28T14:52:40.534+0000] {dagbag.py:588} INFO - Filling up the DagBag from /opt/airflow/dags/dag_with_python_operator.py
[2025-04-28T14:52:40.570+0000] {processor.py:925} INFO - DAG(s) 'first_with_python_v4' retrieved from /opt/airflow/dags/dag_with_python_operator.py
[2025-04-28T14:52:40.584+0000] {logging_mixin.py:190} INFO - [2025-04-28T14:52:40.584+0000] {dag.py:3239} INFO - Sync 1 DAGs
[2025-04-28T14:52:40.598+0000] {logging_mixin.py:190} INFO - [2025-04-28T14:52:40.598+0000] {dag.py:4180} INFO - Setting next_dagrun for first_with_python_v4 to 2025-02-28 00:00:00+00:00, run_after=2025-03-01 00:00:00+00:00
[2025-04-28T14:52:40.609+0000] {processor.py:208} INFO - Processing /opt/airflow/dags/dag_with_python_operator.py took 0.092 seconds
[2025-04-28T14:53:10.873+0000] {processor.py:186} INFO - Started process (PID=38223) to work on /opt/airflow/dags/dag_with_python_operator.py
[2025-04-28T14:53:10.875+0000] {processor.py:914} INFO - Processing file /opt/airflow/dags/dag_with_python_operator.py for tasks to queue
[2025-04-28T14:53:10.879+0000] {logging_mixin.py:190} INFO - [2025-04-28T14:53:10.878+0000] {dagbag.py:588} INFO - Filling up the DagBag from /opt/airflow/dags/dag_with_python_operator.py
[2025-04-28T14:53:10.902+0000] {processor.py:925} INFO - DAG(s) 'first_with_python_v4' retrieved from /opt/airflow/dags/dag_with_python_operator.py
[2025-04-28T14:53:10.918+0000] {logging_mixin.py:190} INFO - [2025-04-28T14:53:10.918+0000] {dag.py:3239} INFO - Sync 1 DAGs
[2025-04-28T14:53:10.937+0000] {logging_mixin.py:190} INFO - [2025-04-28T14:53:10.936+0000] {dag.py:4180} INFO - Setting next_dagrun for first_with_python_v4 to 2025-02-28 00:00:00+00:00, run_after=2025-03-01 00:00:00+00:00
[2025-04-28T14:53:10.948+0000] {processor.py:208} INFO - Processing /opt/airflow/dags/dag_with_python_operator.py took 0.079 seconds
[2025-04-28T14:53:41.254+0000] {processor.py:186} INFO - Started process (PID=38244) to work on /opt/airflow/dags/dag_with_python_operator.py
[2025-04-28T14:53:41.256+0000] {processor.py:914} INFO - Processing file /opt/airflow/dags/dag_with_python_operator.py for tasks to queue
[2025-04-28T14:53:41.259+0000] {logging_mixin.py:190} INFO - [2025-04-28T14:53:41.258+0000] {dagbag.py:588} INFO - Filling up the DagBag from /opt/airflow/dags/dag_with_python_operator.py
[2025-04-28T14:53:41.283+0000] {processor.py:925} INFO - DAG(s) 'first_with_python_v4' retrieved from /opt/airflow/dags/dag_with_python_operator.py
[2025-04-28T14:53:41.299+0000] {logging_mixin.py:190} INFO - [2025-04-28T14:53:41.299+0000] {dag.py:3239} INFO - Sync 1 DAGs
[2025-04-28T14:53:41.314+0000] {logging_mixin.py:190} INFO - [2025-04-28T14:53:41.314+0000] {dag.py:4180} INFO - Setting next_dagrun for first_with_python_v4 to 2025-02-28 00:00:00+00:00, run_after=2025-03-01 00:00:00+00:00
[2025-04-28T14:53:41.434+0000] {processor.py:208} INFO - Processing /opt/airflow/dags/dag_with_python_operator.py took 0.184 seconds
[2025-04-28T14:54:11.591+0000] {processor.py:186} INFO - Started process (PID=38265) to work on /opt/airflow/dags/dag_with_python_operator.py
[2025-04-28T14:54:11.592+0000] {processor.py:914} INFO - Processing file /opt/airflow/dags/dag_with_python_operator.py for tasks to queue
[2025-04-28T14:54:11.598+0000] {logging_mixin.py:190} INFO - [2025-04-28T14:54:11.597+0000] {dagbag.py:588} INFO - Filling up the DagBag from /opt/airflow/dags/dag_with_python_operator.py
[2025-04-28T14:54:11.623+0000] {processor.py:925} INFO - DAG(s) 'first_with_python_v4' retrieved from /opt/airflow/dags/dag_with_python_operator.py
[2025-04-28T14:54:11.639+0000] {logging_mixin.py:190} INFO - [2025-04-28T14:54:11.639+0000] {dag.py:3239} INFO - Sync 1 DAGs
[2025-04-28T14:54:11.655+0000] {logging_mixin.py:190} INFO - [2025-04-28T14:54:11.655+0000] {dag.py:4180} INFO - Setting next_dagrun for first_with_python_v4 to 2025-02-28 00:00:00+00:00, run_after=2025-03-01 00:00:00+00:00
[2025-04-28T14:54:11.669+0000] {processor.py:208} INFO - Processing /opt/airflow/dags/dag_with_python_operator.py took 0.086 seconds
[2025-04-28T14:54:42.010+0000] {processor.py:186} INFO - Started process (PID=38286) to work on /opt/airflow/dags/dag_with_python_operator.py
[2025-04-28T14:54:42.012+0000] {processor.py:914} INFO - Processing file /opt/airflow/dags/dag_with_python_operator.py for tasks to queue
[2025-04-28T14:54:42.018+0000] {logging_mixin.py:190} INFO - [2025-04-28T14:54:42.017+0000] {dagbag.py:588} INFO - Filling up the DagBag from /opt/airflow/dags/dag_with_python_operator.py
[2025-04-28T14:54:42.053+0000] {processor.py:925} INFO - DAG(s) 'first_with_python_v4' retrieved from /opt/airflow/dags/dag_with_python_operator.py
[2025-04-28T14:54:42.071+0000] {logging_mixin.py:190} INFO - [2025-04-28T14:54:42.070+0000] {dag.py:3239} INFO - Sync 1 DAGs
[2025-04-28T14:54:42.087+0000] {logging_mixin.py:190} INFO - [2025-04-28T14:54:42.086+0000] {dag.py:4180} INFO - Setting next_dagrun for first_with_python_v4 to 2025-02-28 00:00:00+00:00, run_after=2025-03-01 00:00:00+00:00
[2025-04-28T14:54:42.102+0000] {processor.py:208} INFO - Processing /opt/airflow/dags/dag_with_python_operator.py took 0.100 seconds
[2025-04-28T14:55:12.387+0000] {processor.py:186} INFO - Started process (PID=38307) to work on /opt/airflow/dags/dag_with_python_operator.py
[2025-04-28T14:55:12.389+0000] {processor.py:914} INFO - Processing file /opt/airflow/dags/dag_with_python_operator.py for tasks to queue
[2025-04-28T14:55:12.394+0000] {logging_mixin.py:190} INFO - [2025-04-28T14:55:12.394+0000] {dagbag.py:588} INFO - Filling up the DagBag from /opt/airflow/dags/dag_with_python_operator.py
[2025-04-28T14:55:12.424+0000] {processor.py:925} INFO - DAG(s) 'first_with_python_v4' retrieved from /opt/airflow/dags/dag_with_python_operator.py
[2025-04-28T14:55:12.445+0000] {logging_mixin.py:190} INFO - [2025-04-28T14:55:12.444+0000] {dag.py:3239} INFO - Sync 1 DAGs
[2025-04-28T14:55:12.477+0000] {logging_mixin.py:190} INFO - [2025-04-28T14:55:12.477+0000] {dag.py:4180} INFO - Setting next_dagrun for first_with_python_v4 to 2025-02-28 00:00:00+00:00, run_after=2025-03-01 00:00:00+00:00
[2025-04-28T14:55:12.492+0000] {processor.py:208} INFO - Processing /opt/airflow/dags/dag_with_python_operator.py took 0.116 seconds
[2025-04-28T14:55:42.811+0000] {processor.py:186} INFO - Started process (PID=38328) to work on /opt/airflow/dags/dag_with_python_operator.py
[2025-04-28T14:55:42.812+0000] {processor.py:914} INFO - Processing file /opt/airflow/dags/dag_with_python_operator.py for tasks to queue
[2025-04-28T14:55:42.815+0000] {logging_mixin.py:190} INFO - [2025-04-28T14:55:42.814+0000] {dagbag.py:588} INFO - Filling up the DagBag from /opt/airflow/dags/dag_with_python_operator.py
[2025-04-28T14:55:42.840+0000] {processor.py:925} INFO - DAG(s) 'first_with_python_v4' retrieved from /opt/airflow/dags/dag_with_python_operator.py
[2025-04-28T14:55:42.856+0000] {logging_mixin.py:190} INFO - [2025-04-28T14:55:42.856+0000] {dag.py:3239} INFO - Sync 1 DAGs
[2025-04-28T14:55:42.869+0000] {logging_mixin.py:190} INFO - [2025-04-28T14:55:42.869+0000] {dag.py:4180} INFO - Setting next_dagrun for first_with_python_v4 to 2025-02-28 00:00:00+00:00, run_after=2025-03-01 00:00:00+00:00
[2025-04-28T14:55:42.987+0000] {processor.py:208} INFO - Processing /opt/airflow/dags/dag_with_python_operator.py took 0.180 seconds
[2025-04-28T14:56:13.282+0000] {processor.py:186} INFO - Started process (PID=38349) to work on /opt/airflow/dags/dag_with_python_operator.py
[2025-04-28T14:56:13.288+0000] {processor.py:914} INFO - Processing file /opt/airflow/dags/dag_with_python_operator.py for tasks to queue
[2025-04-28T14:56:13.290+0000] {logging_mixin.py:190} INFO - [2025-04-28T14:56:13.290+0000] {dagbag.py:588} INFO - Filling up the DagBag from /opt/airflow/dags/dag_with_python_operator.py
[2025-04-28T14:56:13.317+0000] {processor.py:925} INFO - DAG(s) 'first_with_python_v4' retrieved from /opt/airflow/dags/dag_with_python_operator.py
[2025-04-28T14:56:13.333+0000] {logging_mixin.py:190} INFO - [2025-04-28T14:56:13.333+0000] {dag.py:3239} INFO - Sync 1 DAGs
[2025-04-28T14:56:13.352+0000] {logging_mixin.py:190} INFO - [2025-04-28T14:56:13.351+0000] {dag.py:4180} INFO - Setting next_dagrun for first_with_python_v4 to 2025-02-28 00:00:00+00:00, run_after=2025-03-01 00:00:00+00:00
[2025-04-28T14:56:13.366+0000] {processor.py:208} INFO - Processing /opt/airflow/dags/dag_with_python_operator.py took 0.089 seconds
[2025-04-28T14:56:43.824+0000] {processor.py:186} INFO - Started process (PID=38370) to work on /opt/airflow/dags/dag_with_python_operator.py
[2025-04-28T14:56:43.825+0000] {processor.py:914} INFO - Processing file /opt/airflow/dags/dag_with_python_operator.py for tasks to queue
[2025-04-28T14:56:43.827+0000] {logging_mixin.py:190} INFO - [2025-04-28T14:56:43.827+0000] {dagbag.py:588} INFO - Filling up the DagBag from /opt/airflow/dags/dag_with_python_operator.py
[2025-04-28T14:56:43.847+0000] {processor.py:925} INFO - DAG(s) 'first_with_python_v4' retrieved from /opt/airflow/dags/dag_with_python_operator.py
[2025-04-28T14:56:43.861+0000] {logging_mixin.py:190} INFO - [2025-04-28T14:56:43.860+0000] {dag.py:3239} INFO - Sync 1 DAGs
[2025-04-28T14:56:43.875+0000] {logging_mixin.py:190} INFO - [2025-04-28T14:56:43.875+0000] {dag.py:4180} INFO - Setting next_dagrun for first_with_python_v4 to 2025-02-28 00:00:00+00:00, run_after=2025-03-01 00:00:00+00:00
[2025-04-28T14:56:43.886+0000] {processor.py:208} INFO - Processing /opt/airflow/dags/dag_with_python_operator.py took 0.066 seconds
[2025-04-28T14:57:14.219+0000] {processor.py:186} INFO - Started process (PID=38391) to work on /opt/airflow/dags/dag_with_python_operator.py
[2025-04-28T14:57:14.220+0000] {processor.py:914} INFO - Processing file /opt/airflow/dags/dag_with_python_operator.py for tasks to queue
[2025-04-28T14:57:14.223+0000] {logging_mixin.py:190} INFO - [2025-04-28T14:57:14.223+0000] {dagbag.py:588} INFO - Filling up the DagBag from /opt/airflow/dags/dag_with_python_operator.py
[2025-04-28T14:57:14.253+0000] {processor.py:925} INFO - DAG(s) 'first_with_python_v4' retrieved from /opt/airflow/dags/dag_with_python_operator.py
[2025-04-28T14:57:14.267+0000] {logging_mixin.py:190} INFO - [2025-04-28T14:57:14.266+0000] {dag.py:3239} INFO - Sync 1 DAGs
[2025-04-28T14:57:14.281+0000] {logging_mixin.py:190} INFO - [2025-04-28T14:57:14.281+0000] {dag.py:4180} INFO - Setting next_dagrun for first_with_python_v4 to 2025-02-28 00:00:00+00:00, run_after=2025-03-01 00:00:00+00:00
[2025-04-28T14:57:14.292+0000] {processor.py:208} INFO - Processing /opt/airflow/dags/dag_with_python_operator.py took 0.077 seconds
[2025-04-28T14:57:44.579+0000] {processor.py:186} INFO - Started process (PID=38418) to work on /opt/airflow/dags/dag_with_python_operator.py
[2025-04-28T14:57:44.582+0000] {processor.py:914} INFO - Processing file /opt/airflow/dags/dag_with_python_operator.py for tasks to queue
[2025-04-28T14:57:44.587+0000] {logging_mixin.py:190} INFO - [2025-04-28T14:57:44.586+0000] {dagbag.py:588} INFO - Filling up the DagBag from /opt/airflow/dags/dag_with_python_operator.py
[2025-04-28T14:57:44.621+0000] {processor.py:925} INFO - DAG(s) 'first_with_python_v4' retrieved from /opt/airflow/dags/dag_with_python_operator.py
[2025-04-28T14:57:44.638+0000] {logging_mixin.py:190} INFO - [2025-04-28T14:57:44.637+0000] {dag.py:3239} INFO - Sync 1 DAGs
[2025-04-28T14:57:44.652+0000] {logging_mixin.py:190} INFO - [2025-04-28T14:57:44.652+0000] {dag.py:4180} INFO - Setting next_dagrun for first_with_python_v4 to 2025-02-28 00:00:00+00:00, run_after=2025-03-01 00:00:00+00:00
[2025-04-28T14:57:44.766+0000] {processor.py:208} INFO - Processing /opt/airflow/dags/dag_with_python_operator.py took 0.195 seconds
[2025-04-28T14:58:15.024+0000] {processor.py:186} INFO - Started process (PID=38439) to work on /opt/airflow/dags/dag_with_python_operator.py
[2025-04-28T14:58:15.026+0000] {processor.py:914} INFO - Processing file /opt/airflow/dags/dag_with_python_operator.py for tasks to queue
[2025-04-28T14:58:15.031+0000] {logging_mixin.py:190} INFO - [2025-04-28T14:58:15.031+0000] {dagbag.py:588} INFO - Filling up the DagBag from /opt/airflow/dags/dag_with_python_operator.py
[2025-04-28T14:58:15.060+0000] {processor.py:925} INFO - DAG(s) 'first_with_python_v4' retrieved from /opt/airflow/dags/dag_with_python_operator.py
[2025-04-28T14:58:15.073+0000] {logging_mixin.py:190} INFO - [2025-04-28T14:58:15.073+0000] {dag.py:3239} INFO - Sync 1 DAGs
[2025-04-28T14:58:15.089+0000] {logging_mixin.py:190} INFO - [2025-04-28T14:58:15.089+0000] {dag.py:4180} INFO - Setting next_dagrun for first_with_python_v4 to 2025-02-28 00:00:00+00:00, run_after=2025-03-01 00:00:00+00:00
[2025-04-28T14:58:15.101+0000] {processor.py:208} INFO - Processing /opt/airflow/dags/dag_with_python_operator.py took 0.085 seconds
[2025-04-28T14:58:45.349+0000] {processor.py:186} INFO - Started process (PID=38460) to work on /opt/airflow/dags/dag_with_python_operator.py
[2025-04-28T14:58:45.352+0000] {processor.py:914} INFO - Processing file /opt/airflow/dags/dag_with_python_operator.py for tasks to queue
[2025-04-28T14:58:45.354+0000] {logging_mixin.py:190} INFO - [2025-04-28T14:58:45.354+0000] {dagbag.py:588} INFO - Filling up the DagBag from /opt/airflow/dags/dag_with_python_operator.py
[2025-04-28T14:58:45.386+0000] {processor.py:925} INFO - DAG(s) 'first_with_python_v4' retrieved from /opt/airflow/dags/dag_with_python_operator.py
[2025-04-28T14:58:45.405+0000] {logging_mixin.py:190} INFO - [2025-04-28T14:58:45.405+0000] {dag.py:3239} INFO - Sync 1 DAGs
[2025-04-28T14:58:45.422+0000] {logging_mixin.py:190} INFO - [2025-04-28T14:58:45.422+0000] {dag.py:4180} INFO - Setting next_dagrun for first_with_python_v4 to 2025-02-28 00:00:00+00:00, run_after=2025-03-01 00:00:00+00:00
[2025-04-28T14:58:45.435+0000] {processor.py:208} INFO - Processing /opt/airflow/dags/dag_with_python_operator.py took 0.093 seconds
[2025-04-28T14:59:15.742+0000] {processor.py:186} INFO - Started process (PID=38481) to work on /opt/airflow/dags/dag_with_python_operator.py
[2025-04-28T14:59:15.745+0000] {processor.py:914} INFO - Processing file /opt/airflow/dags/dag_with_python_operator.py for tasks to queue
[2025-04-28T14:59:15.749+0000] {logging_mixin.py:190} INFO - [2025-04-28T14:59:15.748+0000] {dagbag.py:588} INFO - Filling up the DagBag from /opt/airflow/dags/dag_with_python_operator.py
[2025-04-28T14:59:15.774+0000] {processor.py:925} INFO - DAG(s) 'first_with_python_v4' retrieved from /opt/airflow/dags/dag_with_python_operator.py
[2025-04-28T14:59:15.788+0000] {logging_mixin.py:190} INFO - [2025-04-28T14:59:15.788+0000] {dag.py:3239} INFO - Sync 1 DAGs
[2025-04-28T14:59:15.802+0000] {logging_mixin.py:190} INFO - [2025-04-28T14:59:15.802+0000] {dag.py:4180} INFO - Setting next_dagrun for first_with_python_v4 to 2025-02-28 00:00:00+00:00, run_after=2025-03-01 00:00:00+00:00
[2025-04-28T14:59:15.816+0000] {processor.py:208} INFO - Processing /opt/airflow/dags/dag_with_python_operator.py took 0.078 seconds
[2025-04-28T14:59:46.115+0000] {processor.py:186} INFO - Started process (PID=38502) to work on /opt/airflow/dags/dag_with_python_operator.py
[2025-04-28T14:59:46.118+0000] {processor.py:914} INFO - Processing file /opt/airflow/dags/dag_with_python_operator.py for tasks to queue
[2025-04-28T14:59:46.122+0000] {logging_mixin.py:190} INFO - [2025-04-28T14:59:46.121+0000] {dagbag.py:588} INFO - Filling up the DagBag from /opt/airflow/dags/dag_with_python_operator.py
[2025-04-28T14:59:46.153+0000] {processor.py:925} INFO - DAG(s) 'first_with_python_v4' retrieved from /opt/airflow/dags/dag_with_python_operator.py
[2025-04-28T14:59:46.166+0000] {logging_mixin.py:190} INFO - [2025-04-28T14:59:46.166+0000] {dag.py:3239} INFO - Sync 1 DAGs
[2025-04-28T14:59:46.180+0000] {logging_mixin.py:190} INFO - [2025-04-28T14:59:46.180+0000] {dag.py:4180} INFO - Setting next_dagrun for first_with_python_v4 to 2025-02-28 00:00:00+00:00, run_after=2025-03-01 00:00:00+00:00
[2025-04-28T14:59:46.296+0000] {processor.py:208} INFO - Processing /opt/airflow/dags/dag_with_python_operator.py took 0.188 seconds
[2025-04-28T15:00:16.620+0000] {processor.py:186} INFO - Started process (PID=38523) to work on /opt/airflow/dags/dag_with_python_operator.py
[2025-04-28T15:00:16.622+0000] {processor.py:914} INFO - Processing file /opt/airflow/dags/dag_with_python_operator.py for tasks to queue
[2025-04-28T15:00:16.626+0000] {logging_mixin.py:190} INFO - [2025-04-28T15:00:16.625+0000] {dagbag.py:588} INFO - Filling up the DagBag from /opt/airflow/dags/dag_with_python_operator.py
[2025-04-28T15:00:16.654+0000] {processor.py:925} INFO - DAG(s) 'first_with_python_v4' retrieved from /opt/airflow/dags/dag_with_python_operator.py
[2025-04-28T15:00:16.674+0000] {logging_mixin.py:190} INFO - [2025-04-28T15:00:16.674+0000] {dag.py:3239} INFO - Sync 1 DAGs
[2025-04-28T15:00:16.691+0000] {logging_mixin.py:190} INFO - [2025-04-28T15:00:16.691+0000] {dag.py:4180} INFO - Setting next_dagrun for first_with_python_v4 to 2025-02-28 00:00:00+00:00, run_after=2025-03-01 00:00:00+00:00
[2025-04-28T15:00:16.703+0000] {processor.py:208} INFO - Processing /opt/airflow/dags/dag_with_python_operator.py took 0.092 seconds
[2025-04-28T15:00:46.981+0000] {processor.py:186} INFO - Started process (PID=38544) to work on /opt/airflow/dags/dag_with_python_operator.py
[2025-04-28T15:00:46.985+0000] {processor.py:914} INFO - Processing file /opt/airflow/dags/dag_with_python_operator.py for tasks to queue
[2025-04-28T15:00:46.989+0000] {logging_mixin.py:190} INFO - [2025-04-28T15:00:46.988+0000] {dagbag.py:588} INFO - Filling up the DagBag from /opt/airflow/dags/dag_with_python_operator.py
[2025-04-28T15:00:47.024+0000] {processor.py:925} INFO - DAG(s) 'first_with_python_v4' retrieved from /opt/airflow/dags/dag_with_python_operator.py
[2025-04-28T15:00:47.041+0000] {logging_mixin.py:190} INFO - [2025-04-28T15:00:47.040+0000] {dag.py:3239} INFO - Sync 1 DAGs
[2025-04-28T15:00:47.058+0000] {logging_mixin.py:190} INFO - [2025-04-28T15:00:47.058+0000] {dag.py:4180} INFO - Setting next_dagrun for first_with_python_v4 to 2025-02-28 00:00:00+00:00, run_after=2025-03-01 00:00:00+00:00
[2025-04-28T15:00:47.073+0000] {processor.py:208} INFO - Processing /opt/airflow/dags/dag_with_python_operator.py took 0.099 seconds
[2025-04-28T15:01:17.368+0000] {processor.py:186} INFO - Started process (PID=38565) to work on /opt/airflow/dags/dag_with_python_operator.py
[2025-04-28T15:01:17.374+0000] {processor.py:914} INFO - Processing file /opt/airflow/dags/dag_with_python_operator.py for tasks to queue
[2025-04-28T15:01:17.383+0000] {logging_mixin.py:190} INFO - [2025-04-28T15:01:17.383+0000] {dagbag.py:588} INFO - Filling up the DagBag from /opt/airflow/dags/dag_with_python_operator.py
[2025-04-28T15:01:17.405+0000] {processor.py:925} INFO - DAG(s) 'first_with_python_v4' retrieved from /opt/airflow/dags/dag_with_python_operator.py
[2025-04-28T15:01:17.420+0000] {logging_mixin.py:190} INFO - [2025-04-28T15:01:17.419+0000] {dag.py:3239} INFO - Sync 1 DAGs
[2025-04-28T15:01:17.435+0000] {logging_mixin.py:190} INFO - [2025-04-28T15:01:17.434+0000] {dag.py:4180} INFO - Setting next_dagrun for first_with_python_v4 to 2025-02-28 00:00:00+00:00, run_after=2025-03-01 00:00:00+00:00
[2025-04-28T15:01:17.447+0000] {processor.py:208} INFO - Processing /opt/airflow/dags/dag_with_python_operator.py took 0.089 seconds
[2025-04-28T15:01:47.728+0000] {processor.py:186} INFO - Started process (PID=38586) to work on /opt/airflow/dags/dag_with_python_operator.py
[2025-04-28T15:01:47.730+0000] {processor.py:914} INFO - Processing file /opt/airflow/dags/dag_with_python_operator.py for tasks to queue
[2025-04-28T15:01:47.733+0000] {logging_mixin.py:190} INFO - [2025-04-28T15:01:47.733+0000] {dagbag.py:588} INFO - Filling up the DagBag from /opt/airflow/dags/dag_with_python_operator.py
[2025-04-28T15:01:47.758+0000] {processor.py:925} INFO - DAG(s) 'first_with_python_v4' retrieved from /opt/airflow/dags/dag_with_python_operator.py
[2025-04-28T15:01:47.777+0000] {logging_mixin.py:190} INFO - [2025-04-28T15:01:47.777+0000] {dag.py:3239} INFO - Sync 1 DAGs
[2025-04-28T15:01:47.793+0000] {logging_mixin.py:190} INFO - [2025-04-28T15:01:47.793+0000] {dag.py:4180} INFO - Setting next_dagrun for first_with_python_v4 to 2025-02-28 00:00:00+00:00, run_after=2025-03-01 00:00:00+00:00
[2025-04-28T15:01:47.904+0000] {processor.py:208} INFO - Processing /opt/airflow/dags/dag_with_python_operator.py took 0.181 seconds
[2025-04-28T15:02:18.231+0000] {processor.py:186} INFO - Started process (PID=38607) to work on /opt/airflow/dags/dag_with_python_operator.py
[2025-04-28T15:02:18.262+0000] {processor.py:914} INFO - Processing file /opt/airflow/dags/dag_with_python_operator.py for tasks to queue
[2025-04-28T15:02:18.268+0000] {logging_mixin.py:190} INFO - [2025-04-28T15:02:18.267+0000] {dagbag.py:588} INFO - Filling up the DagBag from /opt/airflow/dags/dag_with_python_operator.py
[2025-04-28T15:02:18.309+0000] {processor.py:925} INFO - DAG(s) 'first_with_python_v4' retrieved from /opt/airflow/dags/dag_with_python_operator.py
[2025-04-28T15:02:18.344+0000] {logging_mixin.py:190} INFO - [2025-04-28T15:02:18.343+0000] {dag.py:3239} INFO - Sync 1 DAGs
[2025-04-28T15:02:18.364+0000] {logging_mixin.py:190} INFO - [2025-04-28T15:02:18.363+0000] {dag.py:4180} INFO - Setting next_dagrun for first_with_python_v4 to 2025-02-28 00:00:00+00:00, run_after=2025-03-01 00:00:00+00:00
[2025-04-28T15:02:18.376+0000] {processor.py:208} INFO - Processing /opt/airflow/dags/dag_with_python_operator.py took 0.153 seconds
[2025-04-28T15:02:48.730+0000] {processor.py:186} INFO - Started process (PID=38628) to work on /opt/airflow/dags/dag_with_python_operator.py
[2025-04-28T15:02:48.731+0000] {processor.py:914} INFO - Processing file /opt/airflow/dags/dag_with_python_operator.py for tasks to queue
[2025-04-28T15:02:48.733+0000] {logging_mixin.py:190} INFO - [2025-04-28T15:02:48.733+0000] {dagbag.py:588} INFO - Filling up the DagBag from /opt/airflow/dags/dag_with_python_operator.py
[2025-04-28T15:02:48.746+0000] {processor.py:925} INFO - DAG(s) 'first_with_python_v4' retrieved from /opt/airflow/dags/dag_with_python_operator.py
[2025-04-28T15:02:48.761+0000] {logging_mixin.py:190} INFO - [2025-04-28T15:02:48.761+0000] {dag.py:3239} INFO - Sync 1 DAGs
[2025-04-28T15:02:48.775+0000] {logging_mixin.py:190} INFO - [2025-04-28T15:02:48.775+0000] {dag.py:4180} INFO - Setting next_dagrun for first_with_python_v4 to 2025-02-28 00:00:00+00:00, run_after=2025-03-01 00:00:00+00:00
[2025-04-28T15:02:48.787+0000] {processor.py:208} INFO - Processing /opt/airflow/dags/dag_with_python_operator.py took 0.061 seconds
[2025-04-28T15:03:19.068+0000] {processor.py:186} INFO - Started process (PID=38649) to work on /opt/airflow/dags/dag_with_python_operator.py
[2025-04-28T15:03:19.070+0000] {processor.py:914} INFO - Processing file /opt/airflow/dags/dag_with_python_operator.py for tasks to queue
[2025-04-28T15:03:19.072+0000] {logging_mixin.py:190} INFO - [2025-04-28T15:03:19.071+0000] {dagbag.py:588} INFO - Filling up the DagBag from /opt/airflow/dags/dag_with_python_operator.py
[2025-04-28T15:03:19.090+0000] {processor.py:925} INFO - DAG(s) 'first_with_python_v4' retrieved from /opt/airflow/dags/dag_with_python_operator.py
[2025-04-28T15:03:19.106+0000] {logging_mixin.py:190} INFO - [2025-04-28T15:03:19.106+0000] {dag.py:3239} INFO - Sync 1 DAGs
[2025-04-28T15:03:19.120+0000] {logging_mixin.py:190} INFO - [2025-04-28T15:03:19.120+0000] {dag.py:4180} INFO - Setting next_dagrun for first_with_python_v4 to 2025-02-28 00:00:00+00:00, run_after=2025-03-01 00:00:00+00:00
[2025-04-28T15:03:19.131+0000] {processor.py:208} INFO - Processing /opt/airflow/dags/dag_with_python_operator.py took 0.069 seconds
[2025-04-28T15:03:49.380+0000] {processor.py:186} INFO - Started process (PID=38670) to work on /opt/airflow/dags/dag_with_python_operator.py
[2025-04-28T15:03:49.382+0000] {processor.py:914} INFO - Processing file /opt/airflow/dags/dag_with_python_operator.py for tasks to queue
[2025-04-28T15:03:49.387+0000] {logging_mixin.py:190} INFO - [2025-04-28T15:03:49.386+0000] {dagbag.py:588} INFO - Filling up the DagBag from /opt/airflow/dags/dag_with_python_operator.py
[2025-04-28T15:03:49.412+0000] {processor.py:925} INFO - DAG(s) 'first_with_python_v4' retrieved from /opt/airflow/dags/dag_with_python_operator.py
[2025-04-28T15:03:49.431+0000] {logging_mixin.py:190} INFO - [2025-04-28T15:03:49.430+0000] {dag.py:3239} INFO - Sync 1 DAGs
[2025-04-28T15:03:49.445+0000] {logging_mixin.py:190} INFO - [2025-04-28T15:03:49.445+0000] {dag.py:4180} INFO - Setting next_dagrun for first_with_python_v4 to 2025-02-28 00:00:00+00:00, run_after=2025-03-01 00:00:00+00:00
[2025-04-28T15:03:49.561+0000] {processor.py:208} INFO - Processing /opt/airflow/dags/dag_with_python_operator.py took 0.190 seconds
[2025-04-28T15:04:19.924+0000] {processor.py:186} INFO - Started process (PID=38691) to work on /opt/airflow/dags/dag_with_python_operator.py
[2025-04-28T15:04:19.925+0000] {processor.py:914} INFO - Processing file /opt/airflow/dags/dag_with_python_operator.py for tasks to queue
[2025-04-28T15:04:19.927+0000] {logging_mixin.py:190} INFO - [2025-04-28T15:04:19.927+0000] {dagbag.py:588} INFO - Filling up the DagBag from /opt/airflow/dags/dag_with_python_operator.py
[2025-04-28T15:04:19.947+0000] {processor.py:925} INFO - DAG(s) 'first_with_python_v4' retrieved from /opt/airflow/dags/dag_with_python_operator.py
[2025-04-28T15:04:19.963+0000] {logging_mixin.py:190} INFO - [2025-04-28T15:04:19.963+0000] {dag.py:3239} INFO - Sync 1 DAGs
[2025-04-28T15:04:19.978+0000] {logging_mixin.py:190} INFO - [2025-04-28T15:04:19.978+0000] {dag.py:4180} INFO - Setting next_dagrun for first_with_python_v4 to 2025-02-28 00:00:00+00:00, run_after=2025-03-01 00:00:00+00:00
[2025-04-28T15:04:19.990+0000] {processor.py:208} INFO - Processing /opt/airflow/dags/dag_with_python_operator.py took 0.071 seconds
[2025-04-28T15:04:50.320+0000] {processor.py:186} INFO - Started process (PID=38712) to work on /opt/airflow/dags/dag_with_python_operator.py
[2025-04-28T15:04:50.321+0000] {processor.py:914} INFO - Processing file /opt/airflow/dags/dag_with_python_operator.py for tasks to queue
[2025-04-28T15:04:50.325+0000] {logging_mixin.py:190} INFO - [2025-04-28T15:04:50.325+0000] {dagbag.py:588} INFO - Filling up the DagBag from /opt/airflow/dags/dag_with_python_operator.py
[2025-04-28T15:04:50.348+0000] {processor.py:925} INFO - DAG(s) 'first_with_python_v4' retrieved from /opt/airflow/dags/dag_with_python_operator.py
[2025-04-28T15:04:50.361+0000] {logging_mixin.py:190} INFO - [2025-04-28T15:04:50.361+0000] {dag.py:3239} INFO - Sync 1 DAGs
[2025-04-28T15:04:50.375+0000] {logging_mixin.py:190} INFO - [2025-04-28T15:04:50.375+0000] {dag.py:4180} INFO - Setting next_dagrun for first_with_python_v4 to 2025-02-28 00:00:00+00:00, run_after=2025-03-01 00:00:00+00:00
[2025-04-28T15:04:50.386+0000] {processor.py:208} INFO - Processing /opt/airflow/dags/dag_with_python_operator.py took 0.072 seconds
[2025-04-28T15:05:20.621+0000] {processor.py:186} INFO - Started process (PID=38733) to work on /opt/airflow/dags/dag_with_python_operator.py
[2025-04-28T15:05:20.624+0000] {processor.py:914} INFO - Processing file /opt/airflow/dags/dag_with_python_operator.py for tasks to queue
[2025-04-28T15:05:20.633+0000] {logging_mixin.py:190} INFO - [2025-04-28T15:05:20.632+0000] {dagbag.py:588} INFO - Filling up the DagBag from /opt/airflow/dags/dag_with_python_operator.py
[2025-04-28T15:05:20.677+0000] {processor.py:925} INFO - DAG(s) 'first_with_python_v4' retrieved from /opt/airflow/dags/dag_with_python_operator.py
[2025-04-28T15:05:20.696+0000] {logging_mixin.py:190} INFO - [2025-04-28T15:05:20.696+0000] {dag.py:3239} INFO - Sync 1 DAGs
[2025-04-28T15:05:20.712+0000] {logging_mixin.py:190} INFO - [2025-04-28T15:05:20.712+0000] {dag.py:4180} INFO - Setting next_dagrun for first_with_python_v4 to 2025-02-28 00:00:00+00:00, run_after=2025-03-01 00:00:00+00:00
[2025-04-28T15:05:20.725+0000] {processor.py:208} INFO - Processing /opt/airflow/dags/dag_with_python_operator.py took 0.109 seconds
[2025-04-28T15:05:51.057+0000] {processor.py:186} INFO - Started process (PID=38753) to work on /opt/airflow/dags/dag_with_python_operator.py
[2025-04-28T15:05:51.059+0000] {processor.py:914} INFO - Processing file /opt/airflow/dags/dag_with_python_operator.py for tasks to queue
[2025-04-28T15:05:51.061+0000] {logging_mixin.py:190} INFO - [2025-04-28T15:05:51.060+0000] {dagbag.py:588} INFO - Filling up the DagBag from /opt/airflow/dags/dag_with_python_operator.py
[2025-04-28T15:05:51.072+0000] {processor.py:925} INFO - DAG(s) 'first_with_python_v4' retrieved from /opt/airflow/dags/dag_with_python_operator.py
[2025-04-28T15:05:51.086+0000] {logging_mixin.py:190} INFO - [2025-04-28T15:05:51.086+0000] {dag.py:3239} INFO - Sync 1 DAGs
[2025-04-28T15:05:51.099+0000] {logging_mixin.py:190} INFO - [2025-04-28T15:05:51.099+0000] {dag.py:4180} INFO - Setting next_dagrun for first_with_python_v4 to 2025-02-28 00:00:00+00:00, run_after=2025-03-01 00:00:00+00:00
[2025-04-28T15:05:51.216+0000] {processor.py:208} INFO - Processing /opt/airflow/dags/dag_with_python_operator.py took 0.163 seconds
[2025-04-28T15:06:21.546+0000] {processor.py:186} INFO - Started process (PID=38774) to work on /opt/airflow/dags/dag_with_python_operator.py
[2025-04-28T15:06:21.548+0000] {processor.py:914} INFO - Processing file /opt/airflow/dags/dag_with_python_operator.py for tasks to queue
[2025-04-28T15:06:21.553+0000] {logging_mixin.py:190} INFO - [2025-04-28T15:06:21.552+0000] {dagbag.py:588} INFO - Filling up the DagBag from /opt/airflow/dags/dag_with_python_operator.py
[2025-04-28T15:06:21.578+0000] {processor.py:925} INFO - DAG(s) 'first_with_python_v4' retrieved from /opt/airflow/dags/dag_with_python_operator.py
[2025-04-28T15:06:21.599+0000] {logging_mixin.py:190} INFO - [2025-04-28T15:06:21.598+0000] {dag.py:3239} INFO - Sync 1 DAGs
[2025-04-28T15:06:21.764+0000] {logging_mixin.py:190} INFO - [2025-04-28T15:06:21.764+0000] {dag.py:4180} INFO - Setting next_dagrun for first_with_python_v4 to 2025-02-28 00:00:00+00:00, run_after=2025-03-01 00:00:00+00:00
[2025-04-28T15:06:21.789+0000] {processor.py:208} INFO - Processing /opt/airflow/dags/dag_with_python_operator.py took 0.247 seconds
[2025-04-28T15:06:52.125+0000] {processor.py:186} INFO - Started process (PID=38795) to work on /opt/airflow/dags/dag_with_python_operator.py
[2025-04-28T15:06:52.127+0000] {processor.py:914} INFO - Processing file /opt/airflow/dags/dag_with_python_operator.py for tasks to queue
[2025-04-28T15:06:52.129+0000] {logging_mixin.py:190} INFO - [2025-04-28T15:06:52.129+0000] {dagbag.py:588} INFO - Filling up the DagBag from /opt/airflow/dags/dag_with_python_operator.py
[2025-04-28T15:06:52.154+0000] {processor.py:925} INFO - DAG(s) 'first_with_python_v4' retrieved from /opt/airflow/dags/dag_with_python_operator.py
[2025-04-28T15:06:52.169+0000] {logging_mixin.py:190} INFO - [2025-04-28T15:06:52.169+0000] {dag.py:3239} INFO - Sync 1 DAGs
[2025-04-28T15:06:52.184+0000] {logging_mixin.py:190} INFO - [2025-04-28T15:06:52.183+0000] {dag.py:4180} INFO - Setting next_dagrun for first_with_python_v4 to 2025-02-28 00:00:00+00:00, run_after=2025-03-01 00:00:00+00:00
[2025-04-28T15:06:52.196+0000] {processor.py:208} INFO - Processing /opt/airflow/dags/dag_with_python_operator.py took 0.076 seconds
[2025-04-28T15:07:22.526+0000] {processor.py:186} INFO - Started process (PID=38816) to work on /opt/airflow/dags/dag_with_python_operator.py
[2025-04-28T15:07:22.528+0000] {processor.py:914} INFO - Processing file /opt/airflow/dags/dag_with_python_operator.py for tasks to queue
[2025-04-28T15:07:22.531+0000] {logging_mixin.py:190} INFO - [2025-04-28T15:07:22.531+0000] {dagbag.py:588} INFO - Filling up the DagBag from /opt/airflow/dags/dag_with_python_operator.py
[2025-04-28T15:07:22.553+0000] {processor.py:925} INFO - DAG(s) 'first_with_python_v4' retrieved from /opt/airflow/dags/dag_with_python_operator.py
[2025-04-28T15:07:22.570+0000] {logging_mixin.py:190} INFO - [2025-04-28T15:07:22.570+0000] {dag.py:3239} INFO - Sync 1 DAGs
[2025-04-28T15:07:22.584+0000] {logging_mixin.py:190} INFO - [2025-04-28T15:07:22.584+0000] {dag.py:4180} INFO - Setting next_dagrun for first_with_python_v4 to 2025-02-28 00:00:00+00:00, run_after=2025-03-01 00:00:00+00:00
[2025-04-28T15:07:22.596+0000] {processor.py:208} INFO - Processing /opt/airflow/dags/dag_with_python_operator.py took 0.075 seconds
[2025-04-28T15:07:52.905+0000] {processor.py:186} INFO - Started process (PID=38837) to work on /opt/airflow/dags/dag_with_python_operator.py
[2025-04-28T15:07:52.906+0000] {processor.py:914} INFO - Processing file /opt/airflow/dags/dag_with_python_operator.py for tasks to queue
[2025-04-28T15:07:52.910+0000] {logging_mixin.py:190} INFO - [2025-04-28T15:07:52.910+0000] {dagbag.py:588} INFO - Filling up the DagBag from /opt/airflow/dags/dag_with_python_operator.py
[2025-04-28T15:07:52.932+0000] {processor.py:925} INFO - DAG(s) 'first_with_python_v4' retrieved from /opt/airflow/dags/dag_with_python_operator.py
[2025-04-28T15:07:52.948+0000] {logging_mixin.py:190} INFO - [2025-04-28T15:07:52.948+0000] {dag.py:3239} INFO - Sync 1 DAGs
[2025-04-28T15:07:52.963+0000] {logging_mixin.py:190} INFO - [2025-04-28T15:07:52.963+0000] {dag.py:4180} INFO - Setting next_dagrun for first_with_python_v4 to 2025-02-28 00:00:00+00:00, run_after=2025-03-01 00:00:00+00:00
[2025-04-28T15:07:53.076+0000] {processor.py:208} INFO - Processing /opt/airflow/dags/dag_with_python_operator.py took 0.176 seconds
[2025-04-28T15:08:23.431+0000] {processor.py:186} INFO - Started process (PID=38859) to work on /opt/airflow/dags/dag_with_python_operator.py
[2025-04-28T15:08:23.432+0000] {processor.py:914} INFO - Processing file /opt/airflow/dags/dag_with_python_operator.py for tasks to queue
[2025-04-28T15:08:23.434+0000] {logging_mixin.py:190} INFO - [2025-04-28T15:08:23.434+0000] {dagbag.py:588} INFO - Filling up the DagBag from /opt/airflow/dags/dag_with_python_operator.py
[2025-04-28T15:08:23.460+0000] {processor.py:925} INFO - DAG(s) 'first_with_python_v4' retrieved from /opt/airflow/dags/dag_with_python_operator.py
[2025-04-28T15:08:23.486+0000] {logging_mixin.py:190} INFO - [2025-04-28T15:08:23.486+0000] {dag.py:3239} INFO - Sync 1 DAGs
[2025-04-28T15:08:23.612+0000] {logging_mixin.py:190} INFO - [2025-04-28T15:08:23.612+0000] {dag.py:4180} INFO - Setting next_dagrun for first_with_python_v4 to 2025-02-28 00:00:00+00:00, run_after=2025-03-01 00:00:00+00:00
[2025-04-28T15:08:23.623+0000] {processor.py:208} INFO - Processing /opt/airflow/dags/dag_with_python_operator.py took 0.197 seconds
[2025-04-28T15:08:53.914+0000] {processor.py:186} INFO - Started process (PID=38880) to work on /opt/airflow/dags/dag_with_python_operator.py
[2025-04-28T15:08:53.915+0000] {processor.py:914} INFO - Processing file /opt/airflow/dags/dag_with_python_operator.py for tasks to queue
[2025-04-28T15:08:53.917+0000] {logging_mixin.py:190} INFO - [2025-04-28T15:08:53.917+0000] {dagbag.py:588} INFO - Filling up the DagBag from /opt/airflow/dags/dag_with_python_operator.py
[2025-04-28T15:08:53.933+0000] {processor.py:925} INFO - DAG(s) 'first_with_python_v4' retrieved from /opt/airflow/dags/dag_with_python_operator.py
[2025-04-28T15:08:53.948+0000] {logging_mixin.py:190} INFO - [2025-04-28T15:08:53.947+0000] {dag.py:3239} INFO - Sync 1 DAGs
[2025-04-28T15:08:53.961+0000] {logging_mixin.py:190} INFO - [2025-04-28T15:08:53.961+0000] {dag.py:4180} INFO - Setting next_dagrun for first_with_python_v4 to 2025-02-28 00:00:00+00:00, run_after=2025-03-01 00:00:00+00:00
[2025-04-28T15:08:53.973+0000] {processor.py:208} INFO - Processing /opt/airflow/dags/dag_with_python_operator.py took 0.063 seconds
[2025-04-28T15:09:24.364+0000] {processor.py:186} INFO - Started process (PID=38901) to work on /opt/airflow/dags/dag_with_python_operator.py
[2025-04-28T15:09:24.366+0000] {processor.py:914} INFO - Processing file /opt/airflow/dags/dag_with_python_operator.py for tasks to queue
[2025-04-28T15:09:24.370+0000] {logging_mixin.py:190} INFO - [2025-04-28T15:09:24.369+0000] {dagbag.py:588} INFO - Filling up the DagBag from /opt/airflow/dags/dag_with_python_operator.py
[2025-04-28T15:09:24.396+0000] {processor.py:925} INFO - DAG(s) 'first_with_python_v4' retrieved from /opt/airflow/dags/dag_with_python_operator.py
[2025-04-28T15:09:24.409+0000] {logging_mixin.py:190} INFO - [2025-04-28T15:09:24.409+0000] {dag.py:3239} INFO - Sync 1 DAGs
[2025-04-28T15:09:24.429+0000] {logging_mixin.py:190} INFO - [2025-04-28T15:09:24.429+0000] {dag.py:4180} INFO - Setting next_dagrun for first_with_python_v4 to 2025-02-28 00:00:00+00:00, run_after=2025-03-01 00:00:00+00:00
[2025-04-28T15:09:24.440+0000] {processor.py:208} INFO - Processing /opt/airflow/dags/dag_with_python_operator.py took 0.080 seconds
[2025-04-28T15:09:54.767+0000] {processor.py:186} INFO - Started process (PID=38922) to work on /opt/airflow/dags/dag_with_python_operator.py
[2025-04-28T15:09:54.769+0000] {processor.py:914} INFO - Processing file /opt/airflow/dags/dag_with_python_operator.py for tasks to queue
[2025-04-28T15:09:54.772+0000] {logging_mixin.py:190} INFO - [2025-04-28T15:09:54.772+0000] {dagbag.py:588} INFO - Filling up the DagBag from /opt/airflow/dags/dag_with_python_operator.py
[2025-04-28T15:09:54.795+0000] {processor.py:925} INFO - DAG(s) 'first_with_python_v4' retrieved from /opt/airflow/dags/dag_with_python_operator.py
[2025-04-28T15:09:54.809+0000] {logging_mixin.py:190} INFO - [2025-04-28T15:09:54.809+0000] {dag.py:3239} INFO - Sync 1 DAGs
[2025-04-28T15:09:54.822+0000] {logging_mixin.py:190} INFO - [2025-04-28T15:09:54.822+0000] {dag.py:4180} INFO - Setting next_dagrun for first_with_python_v4 to 2025-02-28 00:00:00+00:00, run_after=2025-03-01 00:00:00+00:00
[2025-04-28T15:09:54.941+0000] {processor.py:208} INFO - Processing /opt/airflow/dags/dag_with_python_operator.py took 0.183 seconds
[2025-04-28T15:10:25.213+0000] {processor.py:186} INFO - Started process (PID=38943) to work on /opt/airflow/dags/dag_with_python_operator.py
[2025-04-28T15:10:25.214+0000] {processor.py:914} INFO - Processing file /opt/airflow/dags/dag_with_python_operator.py for tasks to queue
[2025-04-28T15:10:25.217+0000] {logging_mixin.py:190} INFO - [2025-04-28T15:10:25.216+0000] {dagbag.py:588} INFO - Filling up the DagBag from /opt/airflow/dags/dag_with_python_operator.py
[2025-04-28T15:10:25.228+0000] {processor.py:925} INFO - DAG(s) 'first_with_python_v4' retrieved from /opt/airflow/dags/dag_with_python_operator.py
[2025-04-28T15:10:25.242+0000] {logging_mixin.py:190} INFO - [2025-04-28T15:10:25.242+0000] {dag.py:3239} INFO - Sync 1 DAGs
[2025-04-28T15:10:25.366+0000] {logging_mixin.py:190} INFO - [2025-04-28T15:10:25.365+0000] {dag.py:4180} INFO - Setting next_dagrun for first_with_python_v4 to 2025-02-28 00:00:00+00:00, run_after=2025-03-01 00:00:00+00:00
[2025-04-28T15:10:25.377+0000] {processor.py:208} INFO - Processing /opt/airflow/dags/dag_with_python_operator.py took 0.168 seconds
[2025-04-28T15:10:55.542+0000] {processor.py:186} INFO - Started process (PID=38964) to work on /opt/airflow/dags/dag_with_python_operator.py
[2025-04-28T15:10:55.544+0000] {processor.py:914} INFO - Processing file /opt/airflow/dags/dag_with_python_operator.py for tasks to queue
[2025-04-28T15:10:55.551+0000] {logging_mixin.py:190} INFO - [2025-04-28T15:10:55.551+0000] {dagbag.py:588} INFO - Filling up the DagBag from /opt/airflow/dags/dag_with_python_operator.py
[2025-04-28T15:10:55.587+0000] {processor.py:925} INFO - DAG(s) 'first_with_python_v4' retrieved from /opt/airflow/dags/dag_with_python_operator.py
[2025-04-28T15:10:55.611+0000] {logging_mixin.py:190} INFO - [2025-04-28T15:10:55.611+0000] {dag.py:3239} INFO - Sync 1 DAGs
[2025-04-28T15:10:55.626+0000] {logging_mixin.py:190} INFO - [2025-04-28T15:10:55.626+0000] {dag.py:4180} INFO - Setting next_dagrun for first_with_python_v4 to 2025-02-28 00:00:00+00:00, run_after=2025-03-01 00:00:00+00:00
[2025-04-28T15:10:55.641+0000] {processor.py:208} INFO - Processing /opt/airflow/dags/dag_with_python_operator.py took 0.108 seconds
[2025-04-28T15:11:26.049+0000] {processor.py:186} INFO - Started process (PID=38985) to work on /opt/airflow/dags/dag_with_python_operator.py
[2025-04-28T15:11:26.050+0000] {processor.py:914} INFO - Processing file /opt/airflow/dags/dag_with_python_operator.py for tasks to queue
[2025-04-28T15:11:26.053+0000] {logging_mixin.py:190} INFO - [2025-04-28T15:11:26.053+0000] {dagbag.py:588} INFO - Filling up the DagBag from /opt/airflow/dags/dag_with_python_operator.py
[2025-04-28T15:11:26.078+0000] {processor.py:925} INFO - DAG(s) 'first_with_python_v4' retrieved from /opt/airflow/dags/dag_with_python_operator.py
[2025-04-28T15:11:26.092+0000] {logging_mixin.py:190} INFO - [2025-04-28T15:11:26.092+0000] {dag.py:3239} INFO - Sync 1 DAGs
[2025-04-28T15:11:26.105+0000] {logging_mixin.py:190} INFO - [2025-04-28T15:11:26.105+0000] {dag.py:4180} INFO - Setting next_dagrun for first_with_python_v4 to 2025-02-28 00:00:00+00:00, run_after=2025-03-01 00:00:00+00:00
[2025-04-28T15:11:26.118+0000] {processor.py:208} INFO - Processing /opt/airflow/dags/dag_with_python_operator.py took 0.073 seconds
[2025-04-28T15:11:56.338+0000] {processor.py:186} INFO - Started process (PID=39006) to work on /opt/airflow/dags/dag_with_python_operator.py
[2025-04-28T15:11:56.340+0000] {processor.py:914} INFO - Processing file /opt/airflow/dags/dag_with_python_operator.py for tasks to queue
[2025-04-28T15:11:56.343+0000] {logging_mixin.py:190} INFO - [2025-04-28T15:11:56.343+0000] {dagbag.py:588} INFO - Filling up the DagBag from /opt/airflow/dags/dag_with_python_operator.py
[2025-04-28T15:11:56.372+0000] {processor.py:925} INFO - DAG(s) 'first_with_python_v4' retrieved from /opt/airflow/dags/dag_with_python_operator.py
[2025-04-28T15:11:56.388+0000] {logging_mixin.py:190} INFO - [2025-04-28T15:11:56.387+0000] {dag.py:3239} INFO - Sync 1 DAGs
[2025-04-28T15:11:56.402+0000] {logging_mixin.py:190} INFO - [2025-04-28T15:11:56.401+0000] {dag.py:4180} INFO - Setting next_dagrun for first_with_python_v4 to 2025-02-28 00:00:00+00:00, run_after=2025-03-01 00:00:00+00:00
[2025-04-28T15:11:56.524+0000] {processor.py:208} INFO - Processing /opt/airflow/dags/dag_with_python_operator.py took 0.190 seconds
[2025-04-28T15:12:27.049+0000] {processor.py:186} INFO - Started process (PID=39027) to work on /opt/airflow/dags/dag_with_python_operator.py
[2025-04-28T15:12:27.050+0000] {processor.py:914} INFO - Processing file /opt/airflow/dags/dag_with_python_operator.py for tasks to queue
[2025-04-28T15:12:27.052+0000] {logging_mixin.py:190} INFO - [2025-04-28T15:12:27.052+0000] {dagbag.py:588} INFO - Filling up the DagBag from /opt/airflow/dags/dag_with_python_operator.py
[2025-04-28T15:12:27.064+0000] {processor.py:925} INFO - DAG(s) 'first_with_python_v4' retrieved from /opt/airflow/dags/dag_with_python_operator.py
[2025-04-28T15:12:27.078+0000] {logging_mixin.py:190} INFO - [2025-04-28T15:12:27.078+0000] {dag.py:3239} INFO - Sync 1 DAGs
[2025-04-28T15:12:27.188+0000] {logging_mixin.py:190} INFO - [2025-04-28T15:12:27.188+0000] {dag.py:4180} INFO - Setting next_dagrun for first_with_python_v4 to 2025-02-28 00:00:00+00:00, run_after=2025-03-01 00:00:00+00:00
[2025-04-28T15:12:27.199+0000] {processor.py:208} INFO - Processing /opt/airflow/dags/dag_with_python_operator.py took 0.156 seconds
[2025-04-28T15:12:57.370+0000] {processor.py:186} INFO - Started process (PID=39048) to work on /opt/airflow/dags/dag_with_python_operator.py
[2025-04-28T15:12:57.386+0000] {processor.py:914} INFO - Processing file /opt/airflow/dags/dag_with_python_operator.py for tasks to queue
[2025-04-28T15:12:57.396+0000] {logging_mixin.py:190} INFO - [2025-04-28T15:12:57.396+0000] {dagbag.py:588} INFO - Filling up the DagBag from /opt/airflow/dags/dag_with_python_operator.py
[2025-04-28T15:12:57.428+0000] {processor.py:925} INFO - DAG(s) 'first_with_python_v4' retrieved from /opt/airflow/dags/dag_with_python_operator.py
[2025-04-28T15:12:57.444+0000] {logging_mixin.py:190} INFO - [2025-04-28T15:12:57.444+0000] {dag.py:3239} INFO - Sync 1 DAGs
[2025-04-28T15:12:57.459+0000] {logging_mixin.py:190} INFO - [2025-04-28T15:12:57.459+0000] {dag.py:4180} INFO - Setting next_dagrun for first_with_python_v4 to 2025-02-28 00:00:00+00:00, run_after=2025-03-01 00:00:00+00:00
[2025-04-28T15:12:57.472+0000] {processor.py:208} INFO - Processing /opt/airflow/dags/dag_with_python_operator.py took 0.109 seconds
[2025-04-28T15:13:27.738+0000] {processor.py:186} INFO - Started process (PID=39069) to work on /opt/airflow/dags/dag_with_python_operator.py
[2025-04-28T15:13:27.745+0000] {processor.py:914} INFO - Processing file /opt/airflow/dags/dag_with_python_operator.py for tasks to queue
[2025-04-28T15:13:27.749+0000] {logging_mixin.py:190} INFO - [2025-04-28T15:13:27.749+0000] {dagbag.py:588} INFO - Filling up the DagBag from /opt/airflow/dags/dag_with_python_operator.py
[2025-04-28T15:13:27.774+0000] {processor.py:925} INFO - DAG(s) 'first_with_python_v4' retrieved from /opt/airflow/dags/dag_with_python_operator.py
[2025-04-28T15:13:27.789+0000] {logging_mixin.py:190} INFO - [2025-04-28T15:13:27.789+0000] {dag.py:3239} INFO - Sync 1 DAGs
[2025-04-28T15:13:27.804+0000] {logging_mixin.py:190} INFO - [2025-04-28T15:13:27.803+0000] {dag.py:4180} INFO - Setting next_dagrun for first_with_python_v4 to 2025-02-28 00:00:00+00:00, run_after=2025-03-01 00:00:00+00:00
[2025-04-28T15:13:27.818+0000] {processor.py:208} INFO - Processing /opt/airflow/dags/dag_with_python_operator.py took 0.090 seconds
[2025-04-28T15:13:58.155+0000] {processor.py:186} INFO - Started process (PID=39090) to work on /opt/airflow/dags/dag_with_python_operator.py
[2025-04-28T15:13:58.156+0000] {processor.py:914} INFO - Processing file /opt/airflow/dags/dag_with_python_operator.py for tasks to queue
[2025-04-28T15:13:58.159+0000] {logging_mixin.py:190} INFO - [2025-04-28T15:13:58.159+0000] {dagbag.py:588} INFO - Filling up the DagBag from /opt/airflow/dags/dag_with_python_operator.py
[2025-04-28T15:13:58.181+0000] {processor.py:925} INFO - DAG(s) 'first_with_python_v4' retrieved from /opt/airflow/dags/dag_with_python_operator.py
[2025-04-28T15:13:58.195+0000] {logging_mixin.py:190} INFO - [2025-04-28T15:13:58.195+0000] {dag.py:3239} INFO - Sync 1 DAGs
[2025-04-28T15:13:58.210+0000] {logging_mixin.py:190} INFO - [2025-04-28T15:13:58.210+0000] {dag.py:4180} INFO - Setting next_dagrun for first_with_python_v4 to 2025-02-28 00:00:00+00:00, run_after=2025-03-01 00:00:00+00:00
[2025-04-28T15:13:58.326+0000] {processor.py:208} INFO - Processing /opt/airflow/dags/dag_with_python_operator.py took 0.176 seconds
[2025-04-28T15:14:28.577+0000] {processor.py:186} INFO - Started process (PID=39111) to work on /opt/airflow/dags/dag_with_python_operator.py
[2025-04-28T15:14:28.580+0000] {processor.py:914} INFO - Processing file /opt/airflow/dags/dag_with_python_operator.py for tasks to queue
[2025-04-28T15:14:28.584+0000] {logging_mixin.py:190} INFO - [2025-04-28T15:14:28.584+0000] {dagbag.py:588} INFO - Filling up the DagBag from /opt/airflow/dags/dag_with_python_operator.py
[2025-04-28T15:14:28.603+0000] {processor.py:925} INFO - DAG(s) 'first_with_python_v4' retrieved from /opt/airflow/dags/dag_with_python_operator.py
[2025-04-28T15:14:28.622+0000] {logging_mixin.py:190} INFO - [2025-04-28T15:14:28.622+0000] {dag.py:3239} INFO - Sync 1 DAGs
[2025-04-28T15:14:28.739+0000] {logging_mixin.py:190} INFO - [2025-04-28T15:14:28.739+0000] {dag.py:4180} INFO - Setting next_dagrun for first_with_python_v4 to 2025-02-28 00:00:00+00:00, run_after=2025-03-01 00:00:00+00:00
[2025-04-28T15:14:28.757+0000] {processor.py:208} INFO - Processing /opt/airflow/dags/dag_with_python_operator.py took 0.183 seconds
[2025-04-28T15:14:59.056+0000] {processor.py:186} INFO - Started process (PID=39132) to work on /opt/airflow/dags/dag_with_python_operator.py
[2025-04-28T15:14:59.057+0000] {processor.py:914} INFO - Processing file /opt/airflow/dags/dag_with_python_operator.py for tasks to queue
[2025-04-28T15:14:59.059+0000] {logging_mixin.py:190} INFO - [2025-04-28T15:14:59.059+0000] {dagbag.py:588} INFO - Filling up the DagBag from /opt/airflow/dags/dag_with_python_operator.py
[2025-04-28T15:14:59.070+0000] {processor.py:925} INFO - DAG(s) 'first_with_python_v4' retrieved from /opt/airflow/dags/dag_with_python_operator.py
[2025-04-28T15:14:59.083+0000] {logging_mixin.py:190} INFO - [2025-04-28T15:14:59.083+0000] {dag.py:3239} INFO - Sync 1 DAGs
[2025-04-28T15:14:59.096+0000] {logging_mixin.py:190} INFO - [2025-04-28T15:14:59.096+0000] {dag.py:4180} INFO - Setting next_dagrun for first_with_python_v4 to 2025-02-28 00:00:00+00:00, run_after=2025-03-01 00:00:00+00:00
[2025-04-28T15:14:59.107+0000] {processor.py:208} INFO - Processing /opt/airflow/dags/dag_with_python_operator.py took 0.055 seconds
[2025-04-28T15:15:29.428+0000] {processor.py:186} INFO - Started process (PID=39153) to work on /opt/airflow/dags/dag_with_python_operator.py
[2025-04-28T15:15:29.430+0000] {processor.py:914} INFO - Processing file /opt/airflow/dags/dag_with_python_operator.py for tasks to queue
[2025-04-28T15:15:29.435+0000] {logging_mixin.py:190} INFO - [2025-04-28T15:15:29.435+0000] {dagbag.py:588} INFO - Filling up the DagBag from /opt/airflow/dags/dag_with_python_operator.py
[2025-04-28T15:15:29.476+0000] {processor.py:925} INFO - DAG(s) 'first_with_python_v4' retrieved from /opt/airflow/dags/dag_with_python_operator.py
[2025-04-28T15:15:29.491+0000] {logging_mixin.py:190} INFO - [2025-04-28T15:15:29.491+0000] {dag.py:3239} INFO - Sync 1 DAGs
[2025-04-28T15:15:29.507+0000] {logging_mixin.py:190} INFO - [2025-04-28T15:15:29.507+0000] {dag.py:4180} INFO - Setting next_dagrun for first_with_python_v4 to 2025-02-28 00:00:00+00:00, run_after=2025-03-01 00:00:00+00:00
[2025-04-28T15:15:29.521+0000] {processor.py:208} INFO - Processing /opt/airflow/dags/dag_with_python_operator.py took 0.100 seconds
[2025-04-28T15:15:59.766+0000] {processor.py:186} INFO - Started process (PID=39174) to work on /opt/airflow/dags/dag_with_python_operator.py
[2025-04-28T15:15:59.768+0000] {processor.py:914} INFO - Processing file /opt/airflow/dags/dag_with_python_operator.py for tasks to queue
[2025-04-28T15:15:59.773+0000] {logging_mixin.py:190} INFO - [2025-04-28T15:15:59.773+0000] {dagbag.py:588} INFO - Filling up the DagBag from /opt/airflow/dags/dag_with_python_operator.py
[2025-04-28T15:15:59.786+0000] {processor.py:925} INFO - DAG(s) 'first_with_python_v4' retrieved from /opt/airflow/dags/dag_with_python_operator.py
[2025-04-28T15:15:59.815+0000] {logging_mixin.py:190} INFO - [2025-04-28T15:15:59.814+0000] {dag.py:3239} INFO - Sync 1 DAGs
[2025-04-28T15:15:59.837+0000] {logging_mixin.py:190} INFO - [2025-04-28T15:15:59.837+0000] {dag.py:4180} INFO - Setting next_dagrun for first_with_python_v4 to 2025-02-28 00:00:00+00:00, run_after=2025-03-01 00:00:00+00:00
[2025-04-28T15:15:59.952+0000] {processor.py:208} INFO - Processing /opt/airflow/dags/dag_with_python_operator.py took 0.190 seconds
[2025-04-28T15:16:30.327+0000] {processor.py:186} INFO - Started process (PID=39195) to work on /opt/airflow/dags/dag_with_python_operator.py
[2025-04-28T15:16:30.328+0000] {processor.py:914} INFO - Processing file /opt/airflow/dags/dag_with_python_operator.py for tasks to queue
[2025-04-28T15:16:30.331+0000] {logging_mixin.py:190} INFO - [2025-04-28T15:16:30.330+0000] {dagbag.py:588} INFO - Filling up the DagBag from /opt/airflow/dags/dag_with_python_operator.py
[2025-04-28T15:16:30.352+0000] {processor.py:925} INFO - DAG(s) 'first_with_python_v4' retrieved from /opt/airflow/dags/dag_with_python_operator.py
[2025-04-28T15:16:30.368+0000] {logging_mixin.py:190} INFO - [2025-04-28T15:16:30.368+0000] {dag.py:3239} INFO - Sync 1 DAGs
[2025-04-28T15:16:30.496+0000] {logging_mixin.py:190} INFO - [2025-04-28T15:16:30.496+0000] {dag.py:4180} INFO - Setting next_dagrun for first_with_python_v4 to 2025-02-28 00:00:00+00:00, run_after=2025-03-01 00:00:00+00:00
[2025-04-28T15:16:30.507+0000] {processor.py:208} INFO - Processing /opt/airflow/dags/dag_with_python_operator.py took 0.185 seconds
[2025-04-28T15:17:00.841+0000] {processor.py:186} INFO - Started process (PID=39216) to work on /opt/airflow/dags/dag_with_python_operator.py
[2025-04-28T15:17:00.842+0000] {processor.py:914} INFO - Processing file /opt/airflow/dags/dag_with_python_operator.py for tasks to queue
[2025-04-28T15:17:00.845+0000] {logging_mixin.py:190} INFO - [2025-04-28T15:17:00.844+0000] {dagbag.py:588} INFO - Filling up the DagBag from /opt/airflow/dags/dag_with_python_operator.py
[2025-04-28T15:17:00.868+0000] {processor.py:925} INFO - DAG(s) 'first_with_python_v4' retrieved from /opt/airflow/dags/dag_with_python_operator.py
[2025-04-28T15:17:00.881+0000] {logging_mixin.py:190} INFO - [2025-04-28T15:17:00.881+0000] {dag.py:3239} INFO - Sync 1 DAGs
[2025-04-28T15:17:00.896+0000] {logging_mixin.py:190} INFO - [2025-04-28T15:17:00.895+0000] {dag.py:4180} INFO - Setting next_dagrun for first_with_python_v4 to 2025-02-28 00:00:00+00:00, run_after=2025-03-01 00:00:00+00:00
[2025-04-28T15:17:00.908+0000] {processor.py:208} INFO - Processing /opt/airflow/dags/dag_with_python_operator.py took 0.072 seconds
[2025-04-28T15:17:31.188+0000] {processor.py:186} INFO - Started process (PID=39237) to work on /opt/airflow/dags/dag_with_python_operator.py
[2025-04-28T15:17:31.189+0000] {processor.py:914} INFO - Processing file /opt/airflow/dags/dag_with_python_operator.py for tasks to queue
[2025-04-28T15:17:31.192+0000] {logging_mixin.py:190} INFO - [2025-04-28T15:17:31.191+0000] {dagbag.py:588} INFO - Filling up the DagBag from /opt/airflow/dags/dag_with_python_operator.py
[2025-04-28T15:17:31.214+0000] {processor.py:925} INFO - DAG(s) 'first_with_python_v4' retrieved from /opt/airflow/dags/dag_with_python_operator.py
[2025-04-28T15:17:31.227+0000] {logging_mixin.py:190} INFO - [2025-04-28T15:17:31.227+0000] {dag.py:3239} INFO - Sync 1 DAGs
[2025-04-28T15:17:31.241+0000] {logging_mixin.py:190} INFO - [2025-04-28T15:17:31.240+0000] {dag.py:4180} INFO - Setting next_dagrun for first_with_python_v4 to 2025-02-28 00:00:00+00:00, run_after=2025-03-01 00:00:00+00:00
[2025-04-28T15:17:31.252+0000] {processor.py:208} INFO - Processing /opt/airflow/dags/dag_with_python_operator.py took 0.068 seconds
[2025-04-28T15:18:01.509+0000] {processor.py:186} INFO - Started process (PID=39258) to work on /opt/airflow/dags/dag_with_python_operator.py
[2025-04-28T15:18:01.511+0000] {processor.py:914} INFO - Processing file /opt/airflow/dags/dag_with_python_operator.py for tasks to queue
[2025-04-28T15:18:01.513+0000] {logging_mixin.py:190} INFO - [2025-04-28T15:18:01.513+0000] {dagbag.py:588} INFO - Filling up the DagBag from /opt/airflow/dags/dag_with_python_operator.py
[2025-04-28T15:18:01.525+0000] {processor.py:925} INFO - DAG(s) 'first_with_python_v4' retrieved from /opt/airflow/dags/dag_with_python_operator.py
[2025-04-28T15:18:01.540+0000] {logging_mixin.py:190} INFO - [2025-04-28T15:18:01.539+0000] {dag.py:3239} INFO - Sync 1 DAGs
[2025-04-28T15:18:01.553+0000] {logging_mixin.py:190} INFO - [2025-04-28T15:18:01.553+0000] {dag.py:4180} INFO - Setting next_dagrun for first_with_python_v4 to 2025-02-28 00:00:00+00:00, run_after=2025-03-01 00:00:00+00:00
[2025-04-28T15:18:01.669+0000] {processor.py:208} INFO - Processing /opt/airflow/dags/dag_with_python_operator.py took 0.166 seconds
[2025-04-28T15:18:32.056+0000] {processor.py:186} INFO - Started process (PID=39279) to work on /opt/airflow/dags/dag_with_python_operator.py
[2025-04-28T15:18:32.057+0000] {processor.py:914} INFO - Processing file /opt/airflow/dags/dag_with_python_operator.py for tasks to queue
[2025-04-28T15:18:32.060+0000] {logging_mixin.py:190} INFO - [2025-04-28T15:18:32.060+0000] {dagbag.py:588} INFO - Filling up the DagBag from /opt/airflow/dags/dag_with_python_operator.py
[2025-04-28T15:18:32.089+0000] {processor.py:925} INFO - DAG(s) 'first_with_python_v4' retrieved from /opt/airflow/dags/dag_with_python_operator.py
[2025-04-28T15:18:32.105+0000] {logging_mixin.py:190} INFO - [2025-04-28T15:18:32.105+0000] {dag.py:3239} INFO - Sync 1 DAGs
[2025-04-28T15:18:32.230+0000] {logging_mixin.py:190} INFO - [2025-04-28T15:18:32.230+0000] {dag.py:4180} INFO - Setting next_dagrun for first_with_python_v4 to 2025-02-28 00:00:00+00:00, run_after=2025-03-01 00:00:00+00:00
[2025-04-28T15:18:32.252+0000] {processor.py:208} INFO - Processing /opt/airflow/dags/dag_with_python_operator.py took 0.205 seconds
[2025-04-28T15:19:02.482+0000] {processor.py:186} INFO - Started process (PID=39300) to work on /opt/airflow/dags/dag_with_python_operator.py
[2025-04-28T15:19:02.483+0000] {processor.py:914} INFO - Processing file /opt/airflow/dags/dag_with_python_operator.py for tasks to queue
[2025-04-28T15:19:02.487+0000] {logging_mixin.py:190} INFO - [2025-04-28T15:19:02.487+0000] {dagbag.py:588} INFO - Filling up the DagBag from /opt/airflow/dags/dag_with_python_operator.py
[2025-04-28T15:19:02.517+0000] {processor.py:925} INFO - DAG(s) 'first_with_python_v4' retrieved from /opt/airflow/dags/dag_with_python_operator.py
[2025-04-28T15:19:02.531+0000] {logging_mixin.py:190} INFO - [2025-04-28T15:19:02.531+0000] {dag.py:3239} INFO - Sync 1 DAGs
[2025-04-28T15:19:02.545+0000] {logging_mixin.py:190} INFO - [2025-04-28T15:19:02.545+0000] {dag.py:4180} INFO - Setting next_dagrun for first_with_python_v4 to 2025-02-28 00:00:00+00:00, run_after=2025-03-01 00:00:00+00:00
[2025-04-28T15:19:02.556+0000] {processor.py:208} INFO - Processing /opt/airflow/dags/dag_with_python_operator.py took 0.083 seconds
[2025-04-28T15:19:32.873+0000] {processor.py:186} INFO - Started process (PID=39321) to work on /opt/airflow/dags/dag_with_python_operator.py
[2025-04-28T15:19:32.874+0000] {processor.py:914} INFO - Processing file /opt/airflow/dags/dag_with_python_operator.py for tasks to queue
[2025-04-28T15:19:32.878+0000] {logging_mixin.py:190} INFO - [2025-04-28T15:19:32.878+0000] {dagbag.py:588} INFO - Filling up the DagBag from /opt/airflow/dags/dag_with_python_operator.py
[2025-04-28T15:19:32.915+0000] {processor.py:925} INFO - DAG(s) 'first_with_python_v4' retrieved from /opt/airflow/dags/dag_with_python_operator.py
[2025-04-28T15:19:32.932+0000] {logging_mixin.py:190} INFO - [2025-04-28T15:19:32.932+0000] {dag.py:3239} INFO - Sync 1 DAGs
[2025-04-28T15:19:32.948+0000] {logging_mixin.py:190} INFO - [2025-04-28T15:19:32.948+0000] {dag.py:4180} INFO - Setting next_dagrun for first_with_python_v4 to 2025-02-28 00:00:00+00:00, run_after=2025-03-01 00:00:00+00:00
[2025-04-28T15:19:32.961+0000] {processor.py:208} INFO - Processing /opt/airflow/dags/dag_with_python_operator.py took 0.096 seconds
[2025-04-28T15:20:03.270+0000] {processor.py:186} INFO - Started process (PID=39342) to work on /opt/airflow/dags/dag_with_python_operator.py
[2025-04-28T15:20:03.271+0000] {processor.py:914} INFO - Processing file /opt/airflow/dags/dag_with_python_operator.py for tasks to queue
[2025-04-28T15:20:03.273+0000] {logging_mixin.py:190} INFO - [2025-04-28T15:20:03.273+0000] {dagbag.py:588} INFO - Filling up the DagBag from /opt/airflow/dags/dag_with_python_operator.py
[2025-04-28T15:20:03.294+0000] {processor.py:925} INFO - DAG(s) 'first_with_python_v4' retrieved from /opt/airflow/dags/dag_with_python_operator.py
[2025-04-28T15:20:03.308+0000] {logging_mixin.py:190} INFO - [2025-04-28T15:20:03.308+0000] {dag.py:3239} INFO - Sync 1 DAGs
[2025-04-28T15:20:03.325+0000] {logging_mixin.py:190} INFO - [2025-04-28T15:20:03.325+0000] {dag.py:4180} INFO - Setting next_dagrun for first_with_python_v4 to 2025-02-28 00:00:00+00:00, run_after=2025-03-01 00:00:00+00:00
[2025-04-28T15:20:03.447+0000] {processor.py:208} INFO - Processing /opt/airflow/dags/dag_with_python_operator.py took 0.181 seconds
[2025-04-28T15:20:33.772+0000] {processor.py:186} INFO - Started process (PID=39363) to work on /opt/airflow/dags/dag_with_python_operator.py
[2025-04-28T15:20:33.775+0000] {processor.py:914} INFO - Processing file /opt/airflow/dags/dag_with_python_operator.py for tasks to queue
[2025-04-28T15:20:33.777+0000] {logging_mixin.py:190} INFO - [2025-04-28T15:20:33.777+0000] {dagbag.py:588} INFO - Filling up the DagBag from /opt/airflow/dags/dag_with_python_operator.py
[2025-04-28T15:20:33.802+0000] {processor.py:925} INFO - DAG(s) 'first_with_python_v4' retrieved from /opt/airflow/dags/dag_with_python_operator.py
[2025-04-28T15:20:33.817+0000] {logging_mixin.py:190} INFO - [2025-04-28T15:20:33.816+0000] {dag.py:3239} INFO - Sync 1 DAGs
[2025-04-28T15:20:33.938+0000] {logging_mixin.py:190} INFO - [2025-04-28T15:20:33.938+0000] {dag.py:4180} INFO - Setting next_dagrun for first_with_python_v4 to 2025-02-28 00:00:00+00:00, run_after=2025-03-01 00:00:00+00:00
[2025-04-28T15:20:33.948+0000] {processor.py:208} INFO - Processing /opt/airflow/dags/dag_with_python_operator.py took 0.183 seconds
[2025-04-28T15:21:04.215+0000] {processor.py:186} INFO - Started process (PID=39384) to work on /opt/airflow/dags/dag_with_python_operator.py
[2025-04-28T15:21:04.217+0000] {processor.py:914} INFO - Processing file /opt/airflow/dags/dag_with_python_operator.py for tasks to queue
[2025-04-28T15:21:04.221+0000] {logging_mixin.py:190} INFO - [2025-04-28T15:21:04.221+0000] {dagbag.py:588} INFO - Filling up the DagBag from /opt/airflow/dags/dag_with_python_operator.py
[2025-04-28T15:21:04.258+0000] {processor.py:925} INFO - DAG(s) 'first_with_python_v4' retrieved from /opt/airflow/dags/dag_with_python_operator.py
[2025-04-28T15:21:04.271+0000] {logging_mixin.py:190} INFO - [2025-04-28T15:21:04.271+0000] {dag.py:3239} INFO - Sync 1 DAGs
[2025-04-28T15:21:04.297+0000] {logging_mixin.py:190} INFO - [2025-04-28T15:21:04.296+0000] {dag.py:4180} INFO - Setting next_dagrun for first_with_python_v4 to 2025-02-28 00:00:00+00:00, run_after=2025-03-01 00:00:00+00:00
[2025-04-28T15:21:04.307+0000] {processor.py:208} INFO - Processing /opt/airflow/dags/dag_with_python_operator.py took 0.099 seconds
[2025-04-28T15:21:34.678+0000] {processor.py:186} INFO - Started process (PID=39405) to work on /opt/airflow/dags/dag_with_python_operator.py
[2025-04-28T15:21:34.679+0000] {processor.py:914} INFO - Processing file /opt/airflow/dags/dag_with_python_operator.py for tasks to queue
[2025-04-28T15:21:34.685+0000] {logging_mixin.py:190} INFO - [2025-04-28T15:21:34.684+0000] {dagbag.py:588} INFO - Filling up the DagBag from /opt/airflow/dags/dag_with_python_operator.py
[2025-04-28T15:21:34.705+0000] {processor.py:925} INFO - DAG(s) 'first_with_python_v4' retrieved from /opt/airflow/dags/dag_with_python_operator.py
[2025-04-28T15:21:34.725+0000] {logging_mixin.py:190} INFO - [2025-04-28T15:21:34.725+0000] {dag.py:3239} INFO - Sync 1 DAGs
[2025-04-28T15:21:34.741+0000] {logging_mixin.py:190} INFO - [2025-04-28T15:21:34.740+0000] {dag.py:4180} INFO - Setting next_dagrun for first_with_python_v4 to 2025-02-28 00:00:00+00:00, run_after=2025-03-01 00:00:00+00:00
[2025-04-28T15:21:34.754+0000] {processor.py:208} INFO - Processing /opt/airflow/dags/dag_with_python_operator.py took 0.082 seconds
[2025-04-28T15:22:05.142+0000] {processor.py:186} INFO - Started process (PID=39426) to work on /opt/airflow/dags/dag_with_python_operator.py
[2025-04-28T15:22:05.144+0000] {processor.py:914} INFO - Processing file /opt/airflow/dags/dag_with_python_operator.py for tasks to queue
[2025-04-28T15:22:05.147+0000] {logging_mixin.py:190} INFO - [2025-04-28T15:22:05.147+0000] {dagbag.py:588} INFO - Filling up the DagBag from /opt/airflow/dags/dag_with_python_operator.py
[2025-04-28T15:22:05.193+0000] {processor.py:925} INFO - DAG(s) 'first_with_python_v4' retrieved from /opt/airflow/dags/dag_with_python_operator.py
[2025-04-28T15:22:05.208+0000] {logging_mixin.py:190} INFO - [2025-04-28T15:22:05.208+0000] {dag.py:3239} INFO - Sync 1 DAGs
[2025-04-28T15:22:05.222+0000] {logging_mixin.py:190} INFO - [2025-04-28T15:22:05.222+0000] {dag.py:4180} INFO - Setting next_dagrun for first_with_python_v4 to 2025-02-28 00:00:00+00:00, run_after=2025-03-01 00:00:00+00:00
[2025-04-28T15:22:05.336+0000] {processor.py:208} INFO - Processing /opt/airflow/dags/dag_with_python_operator.py took 0.200 seconds
[2025-04-28T15:22:35.662+0000] {processor.py:186} INFO - Started process (PID=39447) to work on /opt/airflow/dags/dag_with_python_operator.py
[2025-04-28T15:22:35.663+0000] {processor.py:914} INFO - Processing file /opt/airflow/dags/dag_with_python_operator.py for tasks to queue
[2025-04-28T15:22:35.666+0000] {logging_mixin.py:190} INFO - [2025-04-28T15:22:35.666+0000] {dagbag.py:588} INFO - Filling up the DagBag from /opt/airflow/dags/dag_with_python_operator.py
[2025-04-28T15:22:35.679+0000] {processor.py:925} INFO - DAG(s) 'first_with_python_v4' retrieved from /opt/airflow/dags/dag_with_python_operator.py
[2025-04-28T15:22:35.693+0000] {logging_mixin.py:190} INFO - [2025-04-28T15:22:35.693+0000] {dag.py:3239} INFO - Sync 1 DAGs
[2025-04-28T15:22:35.814+0000] {logging_mixin.py:190} INFO - [2025-04-28T15:22:35.814+0000] {dag.py:4180} INFO - Setting next_dagrun for first_with_python_v4 to 2025-02-28 00:00:00+00:00, run_after=2025-03-01 00:00:00+00:00
[2025-04-28T15:22:35.826+0000] {processor.py:208} INFO - Processing /opt/airflow/dags/dag_with_python_operator.py took 0.168 seconds
[2025-04-28T15:23:06.101+0000] {processor.py:186} INFO - Started process (PID=39468) to work on /opt/airflow/dags/dag_with_python_operator.py
[2025-04-28T15:23:06.103+0000] {processor.py:914} INFO - Processing file /opt/airflow/dags/dag_with_python_operator.py for tasks to queue
[2025-04-28T15:23:06.105+0000] {logging_mixin.py:190} INFO - [2025-04-28T15:23:06.105+0000] {dagbag.py:588} INFO - Filling up the DagBag from /opt/airflow/dags/dag_with_python_operator.py
[2025-04-28T15:23:06.130+0000] {processor.py:925} INFO - DAG(s) 'first_with_python_v4' retrieved from /opt/airflow/dags/dag_with_python_operator.py
[2025-04-28T15:23:06.146+0000] {logging_mixin.py:190} INFO - [2025-04-28T15:23:06.146+0000] {dag.py:3239} INFO - Sync 1 DAGs
[2025-04-28T15:23:06.162+0000] {logging_mixin.py:190} INFO - [2025-04-28T15:23:06.162+0000] {dag.py:4180} INFO - Setting next_dagrun for first_with_python_v4 to 2025-02-28 00:00:00+00:00, run_after=2025-03-01 00:00:00+00:00
[2025-04-28T15:23:06.174+0000] {processor.py:208} INFO - Processing /opt/airflow/dags/dag_with_python_operator.py took 0.077 seconds
[2025-04-28T15:23:36.503+0000] {processor.py:186} INFO - Started process (PID=39489) to work on /opt/airflow/dags/dag_with_python_operator.py
[2025-04-28T15:23:36.505+0000] {processor.py:914} INFO - Processing file /opt/airflow/dags/dag_with_python_operator.py for tasks to queue
[2025-04-28T15:23:36.508+0000] {logging_mixin.py:190} INFO - [2025-04-28T15:23:36.507+0000] {dagbag.py:588} INFO - Filling up the DagBag from /opt/airflow/dags/dag_with_python_operator.py
[2025-04-28T15:23:36.522+0000] {processor.py:925} INFO - DAG(s) 'first_with_python_v4' retrieved from /opt/airflow/dags/dag_with_python_operator.py
[2025-04-28T15:23:36.535+0000] {logging_mixin.py:190} INFO - [2025-04-28T15:23:36.535+0000] {dag.py:3239} INFO - Sync 1 DAGs
[2025-04-28T15:23:36.551+0000] {logging_mixin.py:190} INFO - [2025-04-28T15:23:36.551+0000] {dag.py:4180} INFO - Setting next_dagrun for first_with_python_v4 to 2025-02-28 00:00:00+00:00, run_after=2025-03-01 00:00:00+00:00
[2025-04-28T15:23:36.563+0000] {processor.py:208} INFO - Processing /opt/airflow/dags/dag_with_python_operator.py took 0.065 seconds
[2025-04-28T15:24:06.831+0000] {processor.py:186} INFO - Started process (PID=39510) to work on /opt/airflow/dags/dag_with_python_operator.py
[2025-04-28T15:24:06.834+0000] {processor.py:914} INFO - Processing file /opt/airflow/dags/dag_with_python_operator.py for tasks to queue
[2025-04-28T15:24:06.844+0000] {logging_mixin.py:190} INFO - [2025-04-28T15:24:06.844+0000] {dagbag.py:588} INFO - Filling up the DagBag from /opt/airflow/dags/dag_with_python_operator.py
[2025-04-28T15:24:06.877+0000] {processor.py:925} INFO - DAG(s) 'first_with_python_v4' retrieved from /opt/airflow/dags/dag_with_python_operator.py
[2025-04-28T15:24:06.900+0000] {logging_mixin.py:190} INFO - [2025-04-28T15:24:06.900+0000] {dag.py:3239} INFO - Sync 1 DAGs
[2025-04-28T15:24:06.918+0000] {logging_mixin.py:190} INFO - [2025-04-28T15:24:06.918+0000] {dag.py:4180} INFO - Setting next_dagrun for first_with_python_v4 to 2025-02-28 00:00:00+00:00, run_after=2025-03-01 00:00:00+00:00
[2025-04-28T15:24:07.038+0000] {processor.py:208} INFO - Processing /opt/airflow/dags/dag_with_python_operator.py took 0.218 seconds
[2025-04-28T15:24:37.340+0000] {processor.py:186} INFO - Started process (PID=39531) to work on /opt/airflow/dags/dag_with_python_operator.py
[2025-04-28T15:24:37.341+0000] {processor.py:914} INFO - Processing file /opt/airflow/dags/dag_with_python_operator.py for tasks to queue
[2025-04-28T15:24:37.344+0000] {logging_mixin.py:190} INFO - [2025-04-28T15:24:37.344+0000] {dagbag.py:588} INFO - Filling up the DagBag from /opt/airflow/dags/dag_with_python_operator.py
[2025-04-28T15:24:37.362+0000] {processor.py:925} INFO - DAG(s) 'first_with_python_v4' retrieved from /opt/airflow/dags/dag_with_python_operator.py
[2025-04-28T15:24:37.377+0000] {logging_mixin.py:190} INFO - [2025-04-28T15:24:37.376+0000] {dag.py:3239} INFO - Sync 1 DAGs
[2025-04-28T15:24:37.499+0000] {logging_mixin.py:190} INFO - [2025-04-28T15:24:37.499+0000] {dag.py:4180} INFO - Setting next_dagrun for first_with_python_v4 to 2025-02-28 00:00:00+00:00, run_after=2025-03-01 00:00:00+00:00
[2025-04-28T15:24:37.518+0000] {processor.py:208} INFO - Processing /opt/airflow/dags/dag_with_python_operator.py took 0.185 seconds
[2025-04-28T15:25:07.662+0000] {processor.py:186} INFO - Started process (PID=39552) to work on /opt/airflow/dags/dag_with_python_operator.py
[2025-04-28T15:25:07.663+0000] {processor.py:914} INFO - Processing file /opt/airflow/dags/dag_with_python_operator.py for tasks to queue
[2025-04-28T15:25:07.665+0000] {logging_mixin.py:190} INFO - [2025-04-28T15:25:07.665+0000] {dagbag.py:588} INFO - Filling up the DagBag from /opt/airflow/dags/dag_with_python_operator.py
[2025-04-28T15:25:07.685+0000] {processor.py:925} INFO - DAG(s) 'first_with_python_v4' retrieved from /opt/airflow/dags/dag_with_python_operator.py
[2025-04-28T15:25:07.699+0000] {logging_mixin.py:190} INFO - [2025-04-28T15:25:07.699+0000] {dag.py:3239} INFO - Sync 1 DAGs
[2025-04-28T15:25:07.714+0000] {logging_mixin.py:190} INFO - [2025-04-28T15:25:07.714+0000] {dag.py:4180} INFO - Setting next_dagrun for first_with_python_v4 to 2025-02-28 00:00:00+00:00, run_after=2025-03-01 00:00:00+00:00
[2025-04-28T15:25:07.725+0000] {processor.py:208} INFO - Processing /opt/airflow/dags/dag_with_python_operator.py took 0.068 seconds
[2025-04-28T15:25:38.118+0000] {processor.py:186} INFO - Started process (PID=39573) to work on /opt/airflow/dags/dag_with_python_operator.py
[2025-04-28T15:25:38.120+0000] {processor.py:914} INFO - Processing file /opt/airflow/dags/dag_with_python_operator.py for tasks to queue
[2025-04-28T15:25:38.125+0000] {logging_mixin.py:190} INFO - [2025-04-28T15:25:38.125+0000] {dagbag.py:588} INFO - Filling up the DagBag from /opt/airflow/dags/dag_with_python_operator.py
[2025-04-28T15:25:38.178+0000] {processor.py:925} INFO - DAG(s) 'first_with_python_v4' retrieved from /opt/airflow/dags/dag_with_python_operator.py
[2025-04-28T15:25:38.194+0000] {logging_mixin.py:190} INFO - [2025-04-28T15:25:38.194+0000] {dag.py:3239} INFO - Sync 1 DAGs
[2025-04-28T15:25:38.209+0000] {logging_mixin.py:190} INFO - [2025-04-28T15:25:38.209+0000] {dag.py:4180} INFO - Setting next_dagrun for first_with_python_v4 to 2025-02-28 00:00:00+00:00, run_after=2025-03-01 00:00:00+00:00
[2025-04-28T15:25:38.223+0000] {processor.py:208} INFO - Processing /opt/airflow/dags/dag_with_python_operator.py took 0.110 seconds
[2025-04-28T15:26:08.529+0000] {processor.py:186} INFO - Started process (PID=39594) to work on /opt/airflow/dags/dag_with_python_operator.py
[2025-04-28T15:26:08.530+0000] {processor.py:914} INFO - Processing file /opt/airflow/dags/dag_with_python_operator.py for tasks to queue
[2025-04-28T15:26:08.533+0000] {logging_mixin.py:190} INFO - [2025-04-28T15:26:08.533+0000] {dagbag.py:588} INFO - Filling up the DagBag from /opt/airflow/dags/dag_with_python_operator.py
[2025-04-28T15:26:08.542+0000] {processor.py:925} INFO - DAG(s) 'first_with_python_v4' retrieved from /opt/airflow/dags/dag_with_python_operator.py
[2025-04-28T15:26:08.556+0000] {logging_mixin.py:190} INFO - [2025-04-28T15:26:08.556+0000] {dag.py:3239} INFO - Sync 1 DAGs
[2025-04-28T15:26:08.570+0000] {logging_mixin.py:190} INFO - [2025-04-28T15:26:08.570+0000] {dag.py:4180} INFO - Setting next_dagrun for first_with_python_v4 to 2025-02-28 00:00:00+00:00, run_after=2025-03-01 00:00:00+00:00
[2025-04-28T15:26:08.689+0000] {processor.py:208} INFO - Processing /opt/airflow/dags/dag_with_python_operator.py took 0.165 seconds
[2025-04-28T15:26:38.968+0000] {processor.py:186} INFO - Started process (PID=39615) to work on /opt/airflow/dags/dag_with_python_operator.py
[2025-04-28T15:26:38.969+0000] {processor.py:914} INFO - Processing file /opt/airflow/dags/dag_with_python_operator.py for tasks to queue
[2025-04-28T15:26:38.972+0000] {logging_mixin.py:190} INFO - [2025-04-28T15:26:38.972+0000] {dagbag.py:588} INFO - Filling up the DagBag from /opt/airflow/dags/dag_with_python_operator.py
[2025-04-28T15:26:38.988+0000] {processor.py:925} INFO - DAG(s) 'first_with_python_v4' retrieved from /opt/airflow/dags/dag_with_python_operator.py
[2025-04-28T15:26:39.003+0000] {logging_mixin.py:190} INFO - [2025-04-28T15:26:39.003+0000] {dag.py:3239} INFO - Sync 1 DAGs
[2025-04-28T15:26:39.120+0000] {logging_mixin.py:190} INFO - [2025-04-28T15:26:39.120+0000] {dag.py:4180} INFO - Setting next_dagrun for first_with_python_v4 to 2025-02-28 00:00:00+00:00, run_after=2025-03-01 00:00:00+00:00
[2025-04-28T15:26:39.132+0000] {processor.py:208} INFO - Processing /opt/airflow/dags/dag_with_python_operator.py took 0.168 seconds
[2025-04-28T15:27:09.399+0000] {processor.py:186} INFO - Started process (PID=39636) to work on /opt/airflow/dags/dag_with_python_operator.py
[2025-04-28T15:27:09.401+0000] {processor.py:914} INFO - Processing file /opt/airflow/dags/dag_with_python_operator.py for tasks to queue
[2025-04-28T15:27:09.403+0000] {logging_mixin.py:190} INFO - [2025-04-28T15:27:09.402+0000] {dagbag.py:588} INFO - Filling up the DagBag from /opt/airflow/dags/dag_with_python_operator.py
[2025-04-28T15:27:09.416+0000] {processor.py:925} INFO - DAG(s) 'first_with_python_v4' retrieved from /opt/airflow/dags/dag_with_python_operator.py
[2025-04-28T15:27:09.429+0000] {logging_mixin.py:190} INFO - [2025-04-28T15:27:09.429+0000] {dag.py:3239} INFO - Sync 1 DAGs
[2025-04-28T15:27:09.444+0000] {logging_mixin.py:190} INFO - [2025-04-28T15:27:09.444+0000] {dag.py:4180} INFO - Setting next_dagrun for first_with_python_v4 to 2025-02-28 00:00:00+00:00, run_after=2025-03-01 00:00:00+00:00
[2025-04-28T15:27:09.456+0000] {processor.py:208} INFO - Processing /opt/airflow/dags/dag_with_python_operator.py took 0.060 seconds
[2025-04-28T15:27:39.722+0000] {processor.py:186} INFO - Started process (PID=39656) to work on /opt/airflow/dags/dag_with_python_operator.py
[2025-04-28T15:27:39.729+0000] {processor.py:914} INFO - Processing file /opt/airflow/dags/dag_with_python_operator.py for tasks to queue
[2025-04-28T15:27:39.732+0000] {logging_mixin.py:190} INFO - [2025-04-28T15:27:39.732+0000] {dagbag.py:588} INFO - Filling up the DagBag from /opt/airflow/dags/dag_with_python_operator.py
[2025-04-28T15:27:39.747+0000] {processor.py:925} INFO - DAG(s) 'first_with_python_v4' retrieved from /opt/airflow/dags/dag_with_python_operator.py
[2025-04-28T15:27:39.761+0000] {logging_mixin.py:190} INFO - [2025-04-28T15:27:39.761+0000] {dag.py:3239} INFO - Sync 1 DAGs
[2025-04-28T15:27:39.778+0000] {logging_mixin.py:190} INFO - [2025-04-28T15:27:39.778+0000] {dag.py:4180} INFO - Setting next_dagrun for first_with_python_v4 to 2025-02-28 00:00:00+00:00, run_after=2025-03-01 00:00:00+00:00
[2025-04-28T15:27:39.790+0000] {processor.py:208} INFO - Processing /opt/airflow/dags/dag_with_python_operator.py took 0.072 seconds
[2025-04-28T15:28:10.114+0000] {processor.py:186} INFO - Started process (PID=39677) to work on /opt/airflow/dags/dag_with_python_operator.py
[2025-04-28T15:28:10.116+0000] {processor.py:914} INFO - Processing file /opt/airflow/dags/dag_with_python_operator.py for tasks to queue
[2025-04-28T15:28:10.119+0000] {logging_mixin.py:190} INFO - [2025-04-28T15:28:10.119+0000] {dagbag.py:588} INFO - Filling up the DagBag from /opt/airflow/dags/dag_with_python_operator.py
[2025-04-28T15:28:10.138+0000] {processor.py:925} INFO - DAG(s) 'first_with_python_v4' retrieved from /opt/airflow/dags/dag_with_python_operator.py
[2025-04-28T15:28:10.154+0000] {logging_mixin.py:190} INFO - [2025-04-28T15:28:10.153+0000] {dag.py:3239} INFO - Sync 1 DAGs
[2025-04-28T15:28:10.167+0000] {logging_mixin.py:190} INFO - [2025-04-28T15:28:10.167+0000] {dag.py:4180} INFO - Setting next_dagrun for first_with_python_v4 to 2025-02-28 00:00:00+00:00, run_after=2025-03-01 00:00:00+00:00
[2025-04-28T15:28:10.284+0000] {processor.py:208} INFO - Processing /opt/airflow/dags/dag_with_python_operator.py took 0.177 seconds
[2025-04-28T15:28:40.575+0000] {processor.py:186} INFO - Started process (PID=39698) to work on /opt/airflow/dags/dag_with_python_operator.py
[2025-04-28T15:28:40.577+0000] {processor.py:914} INFO - Processing file /opt/airflow/dags/dag_with_python_operator.py for tasks to queue
[2025-04-28T15:28:40.579+0000] {logging_mixin.py:190} INFO - [2025-04-28T15:28:40.579+0000] {dagbag.py:588} INFO - Filling up the DagBag from /opt/airflow/dags/dag_with_python_operator.py
[2025-04-28T15:28:40.594+0000] {processor.py:925} INFO - DAG(s) 'first_with_python_v4' retrieved from /opt/airflow/dags/dag_with_python_operator.py
[2025-04-28T15:28:40.608+0000] {logging_mixin.py:190} INFO - [2025-04-28T15:28:40.608+0000] {dag.py:3239} INFO - Sync 1 DAGs
[2025-04-28T15:28:40.729+0000] {logging_mixin.py:190} INFO - [2025-04-28T15:28:40.729+0000] {dag.py:4180} INFO - Setting next_dagrun for first_with_python_v4 to 2025-02-28 00:00:00+00:00, run_after=2025-03-01 00:00:00+00:00
[2025-04-28T15:28:40.742+0000] {processor.py:208} INFO - Processing /opt/airflow/dags/dag_with_python_operator.py took 0.172 seconds
[2025-04-28T15:29:10.933+0000] {processor.py:186} INFO - Started process (PID=39719) to work on /opt/airflow/dags/dag_with_python_operator.py
[2025-04-28T15:29:10.939+0000] {processor.py:914} INFO - Processing file /opt/airflow/dags/dag_with_python_operator.py for tasks to queue
[2025-04-28T15:29:10.941+0000] {logging_mixin.py:190} INFO - [2025-04-28T15:29:10.941+0000] {dagbag.py:588} INFO - Filling up the DagBag from /opt/airflow/dags/dag_with_python_operator.py
[2025-04-28T15:29:10.961+0000] {processor.py:925} INFO - DAG(s) 'first_with_python_v4' retrieved from /opt/airflow/dags/dag_with_python_operator.py
[2025-04-28T15:29:10.980+0000] {logging_mixin.py:190} INFO - [2025-04-28T15:29:10.980+0000] {dag.py:3239} INFO - Sync 1 DAGs
[2025-04-28T15:29:10.996+0000] {logging_mixin.py:190} INFO - [2025-04-28T15:29:10.996+0000] {dag.py:4180} INFO - Setting next_dagrun for first_with_python_v4 to 2025-02-28 00:00:00+00:00, run_after=2025-03-01 00:00:00+00:00
[2025-04-28T15:29:11.010+0000] {processor.py:208} INFO - Processing /opt/airflow/dags/dag_with_python_operator.py took 0.083 seconds
[2025-04-28T15:29:41.308+0000] {processor.py:186} INFO - Started process (PID=39740) to work on /opt/airflow/dags/dag_with_python_operator.py
[2025-04-28T15:29:41.310+0000] {processor.py:914} INFO - Processing file /opt/airflow/dags/dag_with_python_operator.py for tasks to queue
[2025-04-28T15:29:41.312+0000] {logging_mixin.py:190} INFO - [2025-04-28T15:29:41.312+0000] {dagbag.py:588} INFO - Filling up the DagBag from /opt/airflow/dags/dag_with_python_operator.py
[2025-04-28T15:29:41.345+0000] {processor.py:925} INFO - DAG(s) 'first_with_python_v4' retrieved from /opt/airflow/dags/dag_with_python_operator.py
[2025-04-28T15:29:41.362+0000] {logging_mixin.py:190} INFO - [2025-04-28T15:29:41.362+0000] {dag.py:3239} INFO - Sync 1 DAGs
[2025-04-28T15:29:41.379+0000] {logging_mixin.py:190} INFO - [2025-04-28T15:29:41.379+0000] {dag.py:4180} INFO - Setting next_dagrun for first_with_python_v4 to 2025-02-28 00:00:00+00:00, run_after=2025-03-01 00:00:00+00:00
[2025-04-28T15:29:41.394+0000] {processor.py:208} INFO - Processing /opt/airflow/dags/dag_with_python_operator.py took 0.091 seconds
[2025-04-28T15:30:11.641+0000] {processor.py:186} INFO - Started process (PID=39761) to work on /opt/airflow/dags/dag_with_python_operator.py
[2025-04-28T15:30:11.643+0000] {processor.py:914} INFO - Processing file /opt/airflow/dags/dag_with_python_operator.py for tasks to queue
[2025-04-28T15:30:11.646+0000] {logging_mixin.py:190} INFO - [2025-04-28T15:30:11.646+0000] {dagbag.py:588} INFO - Filling up the DagBag from /opt/airflow/dags/dag_with_python_operator.py
[2025-04-28T15:30:11.670+0000] {processor.py:925} INFO - DAG(s) 'first_with_python_v4' retrieved from /opt/airflow/dags/dag_with_python_operator.py
[2025-04-28T15:30:11.683+0000] {logging_mixin.py:190} INFO - [2025-04-28T15:30:11.683+0000] {dag.py:3239} INFO - Sync 1 DAGs
[2025-04-28T15:30:11.699+0000] {logging_mixin.py:190} INFO - [2025-04-28T15:30:11.699+0000] {dag.py:4180} INFO - Setting next_dagrun for first_with_python_v4 to 2025-02-28 00:00:00+00:00, run_after=2025-03-01 00:00:00+00:00
[2025-04-28T15:30:11.829+0000] {processor.py:208} INFO - Processing /opt/airflow/dags/dag_with_python_operator.py took 0.192 seconds
[2025-04-28T15:30:42.057+0000] {processor.py:186} INFO - Started process (PID=39782) to work on /opt/airflow/dags/dag_with_python_operator.py
[2025-04-28T15:30:42.061+0000] {processor.py:914} INFO - Processing file /opt/airflow/dags/dag_with_python_operator.py for tasks to queue
[2025-04-28T15:30:42.066+0000] {logging_mixin.py:190} INFO - [2025-04-28T15:30:42.066+0000] {dagbag.py:588} INFO - Filling up the DagBag from /opt/airflow/dags/dag_with_python_operator.py
[2025-04-28T15:30:42.107+0000] {processor.py:925} INFO - DAG(s) 'first_with_python_v4' retrieved from /opt/airflow/dags/dag_with_python_operator.py
[2025-04-28T15:30:42.128+0000] {logging_mixin.py:190} INFO - [2025-04-28T15:30:42.128+0000] {dag.py:3239} INFO - Sync 1 DAGs
[2025-04-28T15:30:42.249+0000] {logging_mixin.py:190} INFO - [2025-04-28T15:30:42.249+0000] {dag.py:4180} INFO - Setting next_dagrun for first_with_python_v4 to 2025-02-28 00:00:00+00:00, run_after=2025-03-01 00:00:00+00:00
[2025-04-28T15:30:42.262+0000] {processor.py:208} INFO - Processing /opt/airflow/dags/dag_with_python_operator.py took 0.210 seconds
[2025-04-28T15:31:12.539+0000] {processor.py:186} INFO - Started process (PID=39803) to work on /opt/airflow/dags/dag_with_python_operator.py
[2025-04-28T15:31:12.541+0000] {processor.py:914} INFO - Processing file /opt/airflow/dags/dag_with_python_operator.py for tasks to queue
[2025-04-28T15:31:12.544+0000] {logging_mixin.py:190} INFO - [2025-04-28T15:31:12.543+0000] {dagbag.py:588} INFO - Filling up the DagBag from /opt/airflow/dags/dag_with_python_operator.py
[2025-04-28T15:31:12.581+0000] {processor.py:925} INFO - DAG(s) 'first_with_python_v4' retrieved from /opt/airflow/dags/dag_with_python_operator.py
[2025-04-28T15:31:12.595+0000] {logging_mixin.py:190} INFO - [2025-04-28T15:31:12.595+0000] {dag.py:3239} INFO - Sync 1 DAGs
[2025-04-28T15:31:12.609+0000] {logging_mixin.py:190} INFO - [2025-04-28T15:31:12.609+0000] {dag.py:4180} INFO - Setting next_dagrun for first_with_python_v4 to 2025-02-28 00:00:00+00:00, run_after=2025-03-01 00:00:00+00:00
[2025-04-28T15:31:12.622+0000] {processor.py:208} INFO - Processing /opt/airflow/dags/dag_with_python_operator.py took 0.089 seconds
[2025-04-28T15:31:42.975+0000] {processor.py:186} INFO - Started process (PID=39824) to work on /opt/airflow/dags/dag_with_python_operator.py
[2025-04-28T15:31:42.976+0000] {processor.py:914} INFO - Processing file /opt/airflow/dags/dag_with_python_operator.py for tasks to queue
[2025-04-28T15:31:42.979+0000] {logging_mixin.py:190} INFO - [2025-04-28T15:31:42.979+0000] {dagbag.py:588} INFO - Filling up the DagBag from /opt/airflow/dags/dag_with_python_operator.py
[2025-04-28T15:31:43.006+0000] {processor.py:925} INFO - DAG(s) 'first_with_python_v4' retrieved from /opt/airflow/dags/dag_with_python_operator.py
[2025-04-28T15:31:43.021+0000] {logging_mixin.py:190} INFO - [2025-04-28T15:31:43.020+0000] {dag.py:3239} INFO - Sync 1 DAGs
[2025-04-28T15:31:43.041+0000] {logging_mixin.py:190} INFO - [2025-04-28T15:31:43.041+0000] {dag.py:4180} INFO - Setting next_dagrun for first_with_python_v4 to 2025-02-28 00:00:00+00:00, run_after=2025-03-01 00:00:00+00:00
[2025-04-28T15:31:43.054+0000] {processor.py:208} INFO - Processing /opt/airflow/dags/dag_with_python_operator.py took 0.083 seconds
[2025-04-28T15:32:13.329+0000] {processor.py:186} INFO - Started process (PID=39845) to work on /opt/airflow/dags/dag_with_python_operator.py
[2025-04-28T15:32:13.331+0000] {processor.py:914} INFO - Processing file /opt/airflow/dags/dag_with_python_operator.py for tasks to queue
[2025-04-28T15:32:13.334+0000] {logging_mixin.py:190} INFO - [2025-04-28T15:32:13.334+0000] {dagbag.py:588} INFO - Filling up the DagBag from /opt/airflow/dags/dag_with_python_operator.py
[2025-04-28T15:32:13.360+0000] {processor.py:925} INFO - DAG(s) 'first_with_python_v4' retrieved from /opt/airflow/dags/dag_with_python_operator.py
[2025-04-28T15:32:13.378+0000] {logging_mixin.py:190} INFO - [2025-04-28T15:32:13.378+0000] {dag.py:3239} INFO - Sync 1 DAGs
[2025-04-28T15:32:13.396+0000] {logging_mixin.py:190} INFO - [2025-04-28T15:32:13.396+0000] {dag.py:4180} INFO - Setting next_dagrun for first_with_python_v4 to 2025-02-28 00:00:00+00:00, run_after=2025-03-01 00:00:00+00:00
[2025-04-28T15:32:13.531+0000] {processor.py:208} INFO - Processing /opt/airflow/dags/dag_with_python_operator.py took 0.207 seconds
[2025-04-28T15:32:43.961+0000] {processor.py:186} INFO - Started process (PID=39866) to work on /opt/airflow/dags/dag_with_python_operator.py
[2025-04-28T15:32:43.963+0000] {processor.py:914} INFO - Processing file /opt/airflow/dags/dag_with_python_operator.py for tasks to queue
[2025-04-28T15:32:43.966+0000] {logging_mixin.py:190} INFO - [2025-04-28T15:32:43.966+0000] {dagbag.py:588} INFO - Filling up the DagBag from /opt/airflow/dags/dag_with_python_operator.py
[2025-04-28T15:32:43.990+0000] {processor.py:925} INFO - DAG(s) 'first_with_python_v4' retrieved from /opt/airflow/dags/dag_with_python_operator.py
[2025-04-28T15:32:44.005+0000] {logging_mixin.py:190} INFO - [2025-04-28T15:32:44.005+0000] {dag.py:3239} INFO - Sync 1 DAGs
[2025-04-28T15:32:44.125+0000] {logging_mixin.py:190} INFO - [2025-04-28T15:32:44.125+0000] {dag.py:4180} INFO - Setting next_dagrun for first_with_python_v4 to 2025-02-28 00:00:00+00:00, run_after=2025-03-01 00:00:00+00:00
[2025-04-28T15:32:44.137+0000] {processor.py:208} INFO - Processing /opt/airflow/dags/dag_with_python_operator.py took 0.180 seconds
[2025-04-28T15:33:14.434+0000] {processor.py:186} INFO - Started process (PID=39887) to work on /opt/airflow/dags/dag_with_python_operator.py
[2025-04-28T15:33:14.436+0000] {processor.py:914} INFO - Processing file /opt/airflow/dags/dag_with_python_operator.py for tasks to queue
[2025-04-28T15:33:14.439+0000] {logging_mixin.py:190} INFO - [2025-04-28T15:33:14.439+0000] {dagbag.py:588} INFO - Filling up the DagBag from /opt/airflow/dags/dag_with_python_operator.py
[2025-04-28T15:33:14.462+0000] {processor.py:925} INFO - DAG(s) 'first_with_python_v4' retrieved from /opt/airflow/dags/dag_with_python_operator.py
[2025-04-28T15:33:14.478+0000] {logging_mixin.py:190} INFO - [2025-04-28T15:33:14.477+0000] {dag.py:3239} INFO - Sync 1 DAGs
[2025-04-28T15:33:14.493+0000] {logging_mixin.py:190} INFO - [2025-04-28T15:33:14.493+0000] {dag.py:4180} INFO - Setting next_dagrun for first_with_python_v4 to 2025-02-28 00:00:00+00:00, run_after=2025-03-01 00:00:00+00:00
[2025-04-28T15:33:14.508+0000] {processor.py:208} INFO - Processing /opt/airflow/dags/dag_with_python_operator.py took 0.082 seconds
[2025-04-28T15:33:44.805+0000] {processor.py:186} INFO - Started process (PID=39908) to work on /opt/airflow/dags/dag_with_python_operator.py
[2025-04-28T15:33:44.807+0000] {processor.py:914} INFO - Processing file /opt/airflow/dags/dag_with_python_operator.py for tasks to queue
[2025-04-28T15:33:44.813+0000] {logging_mixin.py:190} INFO - [2025-04-28T15:33:44.813+0000] {dagbag.py:588} INFO - Filling up the DagBag from /opt/airflow/dags/dag_with_python_operator.py
[2025-04-28T15:33:44.829+0000] {processor.py:925} INFO - DAG(s) 'first_with_python_v4' retrieved from /opt/airflow/dags/dag_with_python_operator.py
[2025-04-28T15:33:44.844+0000] {logging_mixin.py:190} INFO - [2025-04-28T15:33:44.844+0000] {dag.py:3239} INFO - Sync 1 DAGs
[2025-04-28T15:33:44.859+0000] {logging_mixin.py:190} INFO - [2025-04-28T15:33:44.858+0000] {dag.py:4180} INFO - Setting next_dagrun for first_with_python_v4 to 2025-02-28 00:00:00+00:00, run_after=2025-03-01 00:00:00+00:00
[2025-04-28T15:33:44.871+0000] {processor.py:208} INFO - Processing /opt/airflow/dags/dag_with_python_operator.py took 0.071 seconds
[2025-04-28T15:34:15.158+0000] {processor.py:186} INFO - Started process (PID=39929) to work on /opt/airflow/dags/dag_with_python_operator.py
[2025-04-28T15:34:15.160+0000] {processor.py:914} INFO - Processing file /opt/airflow/dags/dag_with_python_operator.py for tasks to queue
[2025-04-28T15:34:15.163+0000] {logging_mixin.py:190} INFO - [2025-04-28T15:34:15.163+0000] {dagbag.py:588} INFO - Filling up the DagBag from /opt/airflow/dags/dag_with_python_operator.py
[2025-04-28T15:34:15.175+0000] {processor.py:925} INFO - DAG(s) 'first_with_python_v4' retrieved from /opt/airflow/dags/dag_with_python_operator.py
[2025-04-28T15:34:15.191+0000] {logging_mixin.py:190} INFO - [2025-04-28T15:34:15.191+0000] {dag.py:3239} INFO - Sync 1 DAGs
[2025-04-28T15:34:15.206+0000] {logging_mixin.py:190} INFO - [2025-04-28T15:34:15.205+0000] {dag.py:4180} INFO - Setting next_dagrun for first_with_python_v4 to 2025-02-28 00:00:00+00:00, run_after=2025-03-01 00:00:00+00:00
[2025-04-28T15:34:15.326+0000] {processor.py:208} INFO - Processing /opt/airflow/dags/dag_with_python_operator.py took 0.172 seconds
[2025-04-28T15:34:45.607+0000] {processor.py:186} INFO - Started process (PID=39950) to work on /opt/airflow/dags/dag_with_python_operator.py
[2025-04-28T15:34:45.609+0000] {processor.py:914} INFO - Processing file /opt/airflow/dags/dag_with_python_operator.py for tasks to queue
[2025-04-28T15:34:45.612+0000] {logging_mixin.py:190} INFO - [2025-04-28T15:34:45.611+0000] {dagbag.py:588} INFO - Filling up the DagBag from /opt/airflow/dags/dag_with_python_operator.py
[2025-04-28T15:34:45.642+0000] {processor.py:925} INFO - DAG(s) 'first_with_python_v4' retrieved from /opt/airflow/dags/dag_with_python_operator.py
[2025-04-28T15:34:45.656+0000] {logging_mixin.py:190} INFO - [2025-04-28T15:34:45.656+0000] {dag.py:3239} INFO - Sync 1 DAGs
[2025-04-28T15:34:45.776+0000] {logging_mixin.py:190} INFO - [2025-04-28T15:34:45.776+0000] {dag.py:4180} INFO - Setting next_dagrun for first_with_python_v4 to 2025-02-28 00:00:00+00:00, run_after=2025-03-01 00:00:00+00:00
[2025-04-28T15:34:45.789+0000] {processor.py:208} INFO - Processing /opt/airflow/dags/dag_with_python_operator.py took 0.188 seconds
[2025-04-28T15:35:16.294+0000] {processor.py:186} INFO - Started process (PID=39971) to work on /opt/airflow/dags/dag_with_python_operator.py
[2025-04-28T15:35:16.296+0000] {processor.py:914} INFO - Processing file /opt/airflow/dags/dag_with_python_operator.py for tasks to queue
[2025-04-28T15:35:16.298+0000] {logging_mixin.py:190} INFO - [2025-04-28T15:35:16.298+0000] {dagbag.py:588} INFO - Filling up the DagBag from /opt/airflow/dags/dag_with_python_operator.py
[2025-04-28T15:35:16.329+0000] {processor.py:925} INFO - DAG(s) 'first_with_python_v4' retrieved from /opt/airflow/dags/dag_with_python_operator.py
[2025-04-28T15:35:16.447+0000] {logging_mixin.py:190} INFO - [2025-04-28T15:35:16.447+0000] {dag.py:3239} INFO - Sync 1 DAGs
[2025-04-28T15:35:16.461+0000] {logging_mixin.py:190} INFO - [2025-04-28T15:35:16.461+0000] {dag.py:4180} INFO - Setting next_dagrun for first_with_python_v4 to 2025-02-28 00:00:00+00:00, run_after=2025-03-01 00:00:00+00:00
[2025-04-28T15:35:16.472+0000] {processor.py:208} INFO - Processing /opt/airflow/dags/dag_with_python_operator.py took 0.186 seconds
[2025-04-28T15:35:46.649+0000] {processor.py:186} INFO - Started process (PID=39992) to work on /opt/airflow/dags/dag_with_python_operator.py
[2025-04-28T15:35:46.651+0000] {processor.py:914} INFO - Processing file /opt/airflow/dags/dag_with_python_operator.py for tasks to queue
[2025-04-28T15:35:46.653+0000] {logging_mixin.py:190} INFO - [2025-04-28T15:35:46.653+0000] {dagbag.py:588} INFO - Filling up the DagBag from /opt/airflow/dags/dag_with_python_operator.py
[2025-04-28T15:35:46.678+0000] {processor.py:925} INFO - DAG(s) 'first_with_python_v4' retrieved from /opt/airflow/dags/dag_with_python_operator.py
[2025-04-28T15:35:46.693+0000] {logging_mixin.py:190} INFO - [2025-04-28T15:35:46.693+0000] {dag.py:3239} INFO - Sync 1 DAGs
[2025-04-28T15:35:46.707+0000] {logging_mixin.py:190} INFO - [2025-04-28T15:35:46.707+0000] {dag.py:4180} INFO - Setting next_dagrun for first_with_python_v4 to 2025-02-28 00:00:00+00:00, run_after=2025-03-01 00:00:00+00:00
[2025-04-28T15:35:46.719+0000] {processor.py:208} INFO - Processing /opt/airflow/dags/dag_with_python_operator.py took 0.074 seconds
[2025-04-28T15:36:16.944+0000] {processor.py:186} INFO - Started process (PID=40013) to work on /opt/airflow/dags/dag_with_python_operator.py
[2025-04-28T15:36:16.946+0000] {processor.py:914} INFO - Processing file /opt/airflow/dags/dag_with_python_operator.py for tasks to queue
[2025-04-28T15:36:16.949+0000] {logging_mixin.py:190} INFO - [2025-04-28T15:36:16.948+0000] {dagbag.py:588} INFO - Filling up the DagBag from /opt/airflow/dags/dag_with_python_operator.py
[2025-04-28T15:36:16.970+0000] {processor.py:925} INFO - DAG(s) 'first_with_python_v4' retrieved from /opt/airflow/dags/dag_with_python_operator.py
[2025-04-28T15:36:16.985+0000] {logging_mixin.py:190} INFO - [2025-04-28T15:36:16.985+0000] {dag.py:3239} INFO - Sync 1 DAGs
[2025-04-28T15:36:16.999+0000] {logging_mixin.py:190} INFO - [2025-04-28T15:36:16.999+0000] {dag.py:4180} INFO - Setting next_dagrun for first_with_python_v4 to 2025-02-28 00:00:00+00:00, run_after=2025-03-01 00:00:00+00:00
[2025-04-28T15:36:17.115+0000] {processor.py:208} INFO - Processing /opt/airflow/dags/dag_with_python_operator.py took 0.176 seconds
[2025-04-28T15:36:47.490+0000] {processor.py:186} INFO - Started process (PID=40040) to work on /opt/airflow/dags/dag_with_python_operator.py
[2025-04-28T15:36:47.492+0000] {processor.py:914} INFO - Processing file /opt/airflow/dags/dag_with_python_operator.py for tasks to queue
[2025-04-28T15:36:47.498+0000] {logging_mixin.py:190} INFO - [2025-04-28T15:36:47.497+0000] {dagbag.py:588} INFO - Filling up the DagBag from /opt/airflow/dags/dag_with_python_operator.py
[2025-04-28T15:36:47.521+0000] {processor.py:925} INFO - DAG(s) 'first_with_python_v4' retrieved from /opt/airflow/dags/dag_with_python_operator.py
[2025-04-28T15:36:47.542+0000] {logging_mixin.py:190} INFO - [2025-04-28T15:36:47.542+0000] {dag.py:3239} INFO - Sync 1 DAGs
[2025-04-28T15:36:47.677+0000] {logging_mixin.py:190} INFO - [2025-04-28T15:36:47.677+0000] {dag.py:4180} INFO - Setting next_dagrun for first_with_python_v4 to 2025-02-28 00:00:00+00:00, run_after=2025-03-01 00:00:00+00:00
[2025-04-28T15:36:47.693+0000] {processor.py:208} INFO - Processing /opt/airflow/dags/dag_with_python_operator.py took 0.211 seconds
[2025-04-28T15:37:18.016+0000] {processor.py:186} INFO - Started process (PID=40061) to work on /opt/airflow/dags/dag_with_python_operator.py
[2025-04-28T15:37:18.018+0000] {processor.py:914} INFO - Processing file /opt/airflow/dags/dag_with_python_operator.py for tasks to queue
[2025-04-28T15:37:18.020+0000] {logging_mixin.py:190} INFO - [2025-04-28T15:37:18.020+0000] {dagbag.py:588} INFO - Filling up the DagBag from /opt/airflow/dags/dag_with_python_operator.py
[2025-04-28T15:37:18.049+0000] {processor.py:925} INFO - DAG(s) 'first_with_python_v4' retrieved from /opt/airflow/dags/dag_with_python_operator.py
[2025-04-28T15:37:18.170+0000] {logging_mixin.py:190} INFO - [2025-04-28T15:37:18.170+0000] {dag.py:3239} INFO - Sync 1 DAGs
[2025-04-28T15:37:18.192+0000] {logging_mixin.py:190} INFO - [2025-04-28T15:37:18.191+0000] {dag.py:4180} INFO - Setting next_dagrun for first_with_python_v4 to 2025-02-28 00:00:00+00:00, run_after=2025-03-01 00:00:00+00:00
[2025-04-28T15:37:18.207+0000] {processor.py:208} INFO - Processing /opt/airflow/dags/dag_with_python_operator.py took 0.196 seconds
[2025-04-28T15:37:48.528+0000] {processor.py:186} INFO - Started process (PID=40082) to work on /opt/airflow/dags/dag_with_python_operator.py
[2025-04-28T15:37:48.529+0000] {processor.py:914} INFO - Processing file /opt/airflow/dags/dag_with_python_operator.py for tasks to queue
[2025-04-28T15:37:48.531+0000] {logging_mixin.py:190} INFO - [2025-04-28T15:37:48.531+0000] {dagbag.py:588} INFO - Filling up the DagBag from /opt/airflow/dags/dag_with_python_operator.py
[2025-04-28T15:37:48.547+0000] {processor.py:925} INFO - DAG(s) 'first_with_python_v4' retrieved from /opt/airflow/dags/dag_with_python_operator.py
[2025-04-28T15:37:48.562+0000] {logging_mixin.py:190} INFO - [2025-04-28T15:37:48.562+0000] {dag.py:3239} INFO - Sync 1 DAGs
[2025-04-28T15:37:48.577+0000] {logging_mixin.py:190} INFO - [2025-04-28T15:37:48.577+0000] {dag.py:4180} INFO - Setting next_dagrun for first_with_python_v4 to 2025-02-28 00:00:00+00:00, run_after=2025-03-01 00:00:00+00:00
[2025-04-28T15:37:48.591+0000] {processor.py:208} INFO - Processing /opt/airflow/dags/dag_with_python_operator.py took 0.067 seconds
[2025-04-28T15:38:18.973+0000] {processor.py:186} INFO - Started process (PID=40103) to work on /opt/airflow/dags/dag_with_python_operator.py
[2025-04-28T15:38:18.976+0000] {processor.py:914} INFO - Processing file /opt/airflow/dags/dag_with_python_operator.py for tasks to queue
[2025-04-28T15:38:18.979+0000] {logging_mixin.py:190} INFO - [2025-04-28T15:38:18.979+0000] {dagbag.py:588} INFO - Filling up the DagBag from /opt/airflow/dags/dag_with_python_operator.py
[2025-04-28T15:38:19.002+0000] {processor.py:925} INFO - DAG(s) 'first_with_python_v4' retrieved from /opt/airflow/dags/dag_with_python_operator.py
[2025-04-28T15:38:19.017+0000] {logging_mixin.py:190} INFO - [2025-04-28T15:38:19.017+0000] {dag.py:3239} INFO - Sync 1 DAGs
[2025-04-28T15:38:19.031+0000] {logging_mixin.py:190} INFO - [2025-04-28T15:38:19.031+0000] {dag.py:4180} INFO - Setting next_dagrun for first_with_python_v4 to 2025-02-28 00:00:00+00:00, run_after=2025-03-01 00:00:00+00:00
[2025-04-28T15:38:19.143+0000] {processor.py:208} INFO - Processing /opt/airflow/dags/dag_with_python_operator.py took 0.178 seconds
[2025-04-28T15:38:49.512+0000] {processor.py:186} INFO - Started process (PID=40124) to work on /opt/airflow/dags/dag_with_python_operator.py
[2025-04-28T15:38:49.514+0000] {processor.py:914} INFO - Processing file /opt/airflow/dags/dag_with_python_operator.py for tasks to queue
[2025-04-28T15:38:49.519+0000] {logging_mixin.py:190} INFO - [2025-04-28T15:38:49.519+0000] {dagbag.py:588} INFO - Filling up the DagBag from /opt/airflow/dags/dag_with_python_operator.py
[2025-04-28T15:38:49.549+0000] {processor.py:925} INFO - DAG(s) 'first_with_python_v4' retrieved from /opt/airflow/dags/dag_with_python_operator.py
[2025-04-28T15:38:49.565+0000] {logging_mixin.py:190} INFO - [2025-04-28T15:38:49.565+0000] {dag.py:3239} INFO - Sync 1 DAGs
[2025-04-28T15:38:49.707+0000] {logging_mixin.py:190} INFO - [2025-04-28T15:38:49.707+0000] {dag.py:4180} INFO - Setting next_dagrun for first_with_python_v4 to 2025-02-28 00:00:00+00:00, run_after=2025-03-01 00:00:00+00:00
[2025-04-28T15:38:49.722+0000] {processor.py:208} INFO - Processing /opt/airflow/dags/dag_with_python_operator.py took 0.219 seconds
[2025-04-28T15:39:20.180+0000] {processor.py:186} INFO - Started process (PID=40145) to work on /opt/airflow/dags/dag_with_python_operator.py
[2025-04-28T15:39:20.182+0000] {processor.py:914} INFO - Processing file /opt/airflow/dags/dag_with_python_operator.py for tasks to queue
[2025-04-28T15:39:20.187+0000] {logging_mixin.py:190} INFO - [2025-04-28T15:39:20.187+0000] {dagbag.py:588} INFO - Filling up the DagBag from /opt/airflow/dags/dag_with_python_operator.py
[2025-04-28T15:39:20.223+0000] {processor.py:925} INFO - DAG(s) 'first_with_python_v4' retrieved from /opt/airflow/dags/dag_with_python_operator.py
[2025-04-28T15:39:20.343+0000] {logging_mixin.py:190} INFO - [2025-04-28T15:39:20.343+0000] {dag.py:3239} INFO - Sync 1 DAGs
[2025-04-28T15:39:20.356+0000] {logging_mixin.py:190} INFO - [2025-04-28T15:39:20.356+0000] {dag.py:4180} INFO - Setting next_dagrun for first_with_python_v4 to 2025-02-28 00:00:00+00:00, run_after=2025-03-01 00:00:00+00:00
[2025-04-28T15:39:20.368+0000] {processor.py:208} INFO - Processing /opt/airflow/dags/dag_with_python_operator.py took 0.195 seconds
[2025-04-28T15:39:50.545+0000] {processor.py:186} INFO - Started process (PID=40165) to work on /opt/airflow/dags/dag_with_python_operator.py
[2025-04-28T15:39:50.548+0000] {processor.py:914} INFO - Processing file /opt/airflow/dags/dag_with_python_operator.py for tasks to queue
[2025-04-28T15:39:50.552+0000] {logging_mixin.py:190} INFO - [2025-04-28T15:39:50.551+0000] {dagbag.py:588} INFO - Filling up the DagBag from /opt/airflow/dags/dag_with_python_operator.py
[2025-04-28T15:39:50.584+0000] {processor.py:925} INFO - DAG(s) 'first_with_python_v4' retrieved from /opt/airflow/dags/dag_with_python_operator.py
[2025-04-28T15:39:50.599+0000] {logging_mixin.py:190} INFO - [2025-04-28T15:39:50.599+0000] {dag.py:3239} INFO - Sync 1 DAGs
[2025-04-28T15:39:50.615+0000] {logging_mixin.py:190} INFO - [2025-04-28T15:39:50.615+0000] {dag.py:4180} INFO - Setting next_dagrun for first_with_python_v4 to 2025-02-28 00:00:00+00:00, run_after=2025-03-01 00:00:00+00:00
[2025-04-28T15:39:50.631+0000] {processor.py:208} INFO - Processing /opt/airflow/dags/dag_with_python_operator.py took 0.090 seconds
[2025-04-28T15:40:20.881+0000] {processor.py:186} INFO - Started process (PID=40186) to work on /opt/airflow/dags/dag_with_python_operator.py
[2025-04-28T15:40:20.883+0000] {processor.py:914} INFO - Processing file /opt/airflow/dags/dag_with_python_operator.py for tasks to queue
[2025-04-28T15:40:20.886+0000] {logging_mixin.py:190} INFO - [2025-04-28T15:40:20.886+0000] {dagbag.py:588} INFO - Filling up the DagBag from /opt/airflow/dags/dag_with_python_operator.py
[2025-04-28T15:40:20.910+0000] {processor.py:925} INFO - DAG(s) 'first_with_python_v4' retrieved from /opt/airflow/dags/dag_with_python_operator.py
[2025-04-28T15:40:20.925+0000] {logging_mixin.py:190} INFO - [2025-04-28T15:40:20.924+0000] {dag.py:3239} INFO - Sync 1 DAGs
[2025-04-28T15:40:20.939+0000] {logging_mixin.py:190} INFO - [2025-04-28T15:40:20.938+0000] {dag.py:4180} INFO - Setting next_dagrun for first_with_python_v4 to 2025-02-28 00:00:00+00:00, run_after=2025-03-01 00:00:00+00:00
[2025-04-28T15:40:21.058+0000] {processor.py:208} INFO - Processing /opt/airflow/dags/dag_with_python_operator.py took 0.181 seconds
[2025-04-28T15:40:51.493+0000] {processor.py:186} INFO - Started process (PID=40207) to work on /opt/airflow/dags/dag_with_python_operator.py
[2025-04-28T15:40:51.497+0000] {processor.py:914} INFO - Processing file /opt/airflow/dags/dag_with_python_operator.py for tasks to queue
[2025-04-28T15:40:51.500+0000] {logging_mixin.py:190} INFO - [2025-04-28T15:40:51.499+0000] {dagbag.py:588} INFO - Filling up the DagBag from /opt/airflow/dags/dag_with_python_operator.py
[2025-04-28T15:40:51.530+0000] {processor.py:925} INFO - DAG(s) 'first_with_python_v4' retrieved from /opt/airflow/dags/dag_with_python_operator.py
[2025-04-28T15:40:51.547+0000] {logging_mixin.py:190} INFO - [2025-04-28T15:40:51.547+0000] {dag.py:3239} INFO - Sync 1 DAGs
[2025-04-28T15:40:51.686+0000] {logging_mixin.py:190} INFO - [2025-04-28T15:40:51.686+0000] {dag.py:4180} INFO - Setting next_dagrun for first_with_python_v4 to 2025-02-28 00:00:00+00:00, run_after=2025-03-01 00:00:00+00:00
[2025-04-28T15:40:51.702+0000] {processor.py:208} INFO - Processing /opt/airflow/dags/dag_with_python_operator.py took 0.213 seconds
[2025-04-28T15:41:21.919+0000] {processor.py:186} INFO - Started process (PID=40228) to work on /opt/airflow/dags/dag_with_python_operator.py
[2025-04-28T15:41:21.922+0000] {processor.py:914} INFO - Processing file /opt/airflow/dags/dag_with_python_operator.py for tasks to queue
[2025-04-28T15:41:21.928+0000] {logging_mixin.py:190} INFO - [2025-04-28T15:41:21.928+0000] {dagbag.py:588} INFO - Filling up the DagBag from /opt/airflow/dags/dag_with_python_operator.py
[2025-04-28T15:41:21.955+0000] {processor.py:925} INFO - DAG(s) 'first_with_python_v4' retrieved from /opt/airflow/dags/dag_with_python_operator.py
[2025-04-28T15:41:22.098+0000] {logging_mixin.py:190} INFO - [2025-04-28T15:41:22.098+0000] {dag.py:3239} INFO - Sync 1 DAGs
[2025-04-28T15:41:22.112+0000] {logging_mixin.py:190} INFO - [2025-04-28T15:41:22.111+0000] {dag.py:4180} INFO - Setting next_dagrun for first_with_python_v4 to 2025-02-28 00:00:00+00:00, run_after=2025-03-01 00:00:00+00:00
[2025-04-28T15:41:22.125+0000] {processor.py:208} INFO - Processing /opt/airflow/dags/dag_with_python_operator.py took 0.214 seconds
[2025-04-28T15:41:52.299+0000] {processor.py:186} INFO - Started process (PID=40249) to work on /opt/airflow/dags/dag_with_python_operator.py
[2025-04-28T15:41:52.304+0000] {processor.py:914} INFO - Processing file /opt/airflow/dags/dag_with_python_operator.py for tasks to queue
[2025-04-28T15:41:52.309+0000] {logging_mixin.py:190} INFO - [2025-04-28T15:41:52.309+0000] {dagbag.py:588} INFO - Filling up the DagBag from /opt/airflow/dags/dag_with_python_operator.py
[2025-04-28T15:41:52.346+0000] {processor.py:925} INFO - DAG(s) 'first_with_python_v4' retrieved from /opt/airflow/dags/dag_with_python_operator.py
[2025-04-28T15:41:52.361+0000] {logging_mixin.py:190} INFO - [2025-04-28T15:41:52.361+0000] {dag.py:3239} INFO - Sync 1 DAGs
[2025-04-28T15:41:52.380+0000] {logging_mixin.py:190} INFO - [2025-04-28T15:41:52.380+0000] {dag.py:4180} INFO - Setting next_dagrun for first_with_python_v4 to 2025-02-28 00:00:00+00:00, run_after=2025-03-01 00:00:00+00:00
[2025-04-28T15:41:52.395+0000] {processor.py:208} INFO - Processing /opt/airflow/dags/dag_with_python_operator.py took 0.101 seconds
[2025-04-28T15:42:22.652+0000] {processor.py:186} INFO - Started process (PID=40270) to work on /opt/airflow/dags/dag_with_python_operator.py
[2025-04-28T15:42:22.654+0000] {processor.py:914} INFO - Processing file /opt/airflow/dags/dag_with_python_operator.py for tasks to queue
[2025-04-28T15:42:22.656+0000] {logging_mixin.py:190} INFO - [2025-04-28T15:42:22.656+0000] {dagbag.py:588} INFO - Filling up the DagBag from /opt/airflow/dags/dag_with_python_operator.py
[2025-04-28T15:42:22.668+0000] {processor.py:925} INFO - DAG(s) 'first_with_python_v4' retrieved from /opt/airflow/dags/dag_with_python_operator.py
[2025-04-28T15:42:22.682+0000] {logging_mixin.py:190} INFO - [2025-04-28T15:42:22.682+0000] {dag.py:3239} INFO - Sync 1 DAGs
[2025-04-28T15:42:22.697+0000] {logging_mixin.py:190} INFO - [2025-04-28T15:42:22.696+0000] {dag.py:4180} INFO - Setting next_dagrun for first_with_python_v4 to 2025-02-28 00:00:00+00:00, run_after=2025-03-01 00:00:00+00:00
[2025-04-28T15:42:22.812+0000] {processor.py:208} INFO - Processing /opt/airflow/dags/dag_with_python_operator.py took 0.164 seconds
[2025-04-28T15:42:53.198+0000] {processor.py:186} INFO - Started process (PID=40291) to work on /opt/airflow/dags/dag_with_python_operator.py
[2025-04-28T15:42:53.200+0000] {processor.py:914} INFO - Processing file /opt/airflow/dags/dag_with_python_operator.py for tasks to queue
[2025-04-28T15:42:53.204+0000] {logging_mixin.py:190} INFO - [2025-04-28T15:42:53.204+0000] {dagbag.py:588} INFO - Filling up the DagBag from /opt/airflow/dags/dag_with_python_operator.py
[2025-04-28T15:42:53.216+0000] {processor.py:925} INFO - DAG(s) 'first_with_python_v4' retrieved from /opt/airflow/dags/dag_with_python_operator.py
[2025-04-28T15:42:53.235+0000] {logging_mixin.py:190} INFO - [2025-04-28T15:42:53.235+0000] {dag.py:3239} INFO - Sync 1 DAGs
[2025-04-28T15:42:53.354+0000] {logging_mixin.py:190} INFO - [2025-04-28T15:42:53.354+0000] {dag.py:4180} INFO - Setting next_dagrun for first_with_python_v4 to 2025-02-28 00:00:00+00:00, run_after=2025-03-01 00:00:00+00:00
[2025-04-28T15:42:53.367+0000] {processor.py:208} INFO - Processing /opt/airflow/dags/dag_with_python_operator.py took 0.182 seconds
[2025-04-28T15:43:23.662+0000] {processor.py:186} INFO - Started process (PID=40312) to work on /opt/airflow/dags/dag_with_python_operator.py
[2025-04-28T15:43:23.663+0000] {processor.py:914} INFO - Processing file /opt/airflow/dags/dag_with_python_operator.py for tasks to queue
[2025-04-28T15:43:23.666+0000] {logging_mixin.py:190} INFO - [2025-04-28T15:43:23.666+0000] {dagbag.py:588} INFO - Filling up the DagBag from /opt/airflow/dags/dag_with_python_operator.py
[2025-04-28T15:43:23.688+0000] {processor.py:925} INFO - DAG(s) 'first_with_python_v4' retrieved from /opt/airflow/dags/dag_with_python_operator.py
[2025-04-28T15:43:23.806+0000] {logging_mixin.py:190} INFO - [2025-04-28T15:43:23.806+0000] {dag.py:3239} INFO - Sync 1 DAGs
[2025-04-28T15:43:23.821+0000] {logging_mixin.py:190} INFO - [2025-04-28T15:43:23.820+0000] {dag.py:4180} INFO - Setting next_dagrun for first_with_python_v4 to 2025-02-28 00:00:00+00:00, run_after=2025-03-01 00:00:00+00:00
[2025-04-28T15:43:23.832+0000] {processor.py:208} INFO - Processing /opt/airflow/dags/dag_with_python_operator.py took 0.174 seconds
[2025-04-28T15:43:54.129+0000] {processor.py:186} INFO - Started process (PID=40333) to work on /opt/airflow/dags/dag_with_python_operator.py
[2025-04-28T15:43:54.131+0000] {processor.py:914} INFO - Processing file /opt/airflow/dags/dag_with_python_operator.py for tasks to queue
[2025-04-28T15:43:54.135+0000] {logging_mixin.py:190} INFO - [2025-04-28T15:43:54.134+0000] {dagbag.py:588} INFO - Filling up the DagBag from /opt/airflow/dags/dag_with_python_operator.py
[2025-04-28T15:43:54.173+0000] {processor.py:925} INFO - DAG(s) 'first_with_python_v4' retrieved from /opt/airflow/dags/dag_with_python_operator.py
[2025-04-28T15:43:54.195+0000] {logging_mixin.py:190} INFO - [2025-04-28T15:43:54.195+0000] {dag.py:3239} INFO - Sync 1 DAGs
[2025-04-28T15:43:54.218+0000] {logging_mixin.py:190} INFO - [2025-04-28T15:43:54.218+0000] {dag.py:4180} INFO - Setting next_dagrun for first_with_python_v4 to 2025-02-28 00:00:00+00:00, run_after=2025-03-01 00:00:00+00:00
[2025-04-28T15:43:54.235+0000] {processor.py:208} INFO - Processing /opt/airflow/dags/dag_with_python_operator.py took 0.114 seconds
[2025-04-28T15:44:24.538+0000] {processor.py:186} INFO - Started process (PID=40354) to work on /opt/airflow/dags/dag_with_python_operator.py
[2025-04-28T15:44:24.541+0000] {processor.py:914} INFO - Processing file /opt/airflow/dags/dag_with_python_operator.py for tasks to queue
[2025-04-28T15:44:24.551+0000] {logging_mixin.py:190} INFO - [2025-04-28T15:44:24.550+0000] {dagbag.py:588} INFO - Filling up the DagBag from /opt/airflow/dags/dag_with_python_operator.py
[2025-04-28T15:44:24.585+0000] {processor.py:925} INFO - DAG(s) 'first_with_python_v4' retrieved from /opt/airflow/dags/dag_with_python_operator.py
[2025-04-28T15:44:24.607+0000] {logging_mixin.py:190} INFO - [2025-04-28T15:44:24.607+0000] {dag.py:3239} INFO - Sync 1 DAGs
[2025-04-28T15:44:24.625+0000] {logging_mixin.py:190} INFO - [2025-04-28T15:44:24.625+0000] {dag.py:4180} INFO - Setting next_dagrun for first_with_python_v4 to 2025-02-28 00:00:00+00:00, run_after=2025-03-01 00:00:00+00:00
[2025-04-28T15:44:24.739+0000] {processor.py:208} INFO - Processing /opt/airflow/dags/dag_with_python_operator.py took 0.205 seconds
[2025-04-28T15:44:55.098+0000] {processor.py:186} INFO - Started process (PID=40375) to work on /opt/airflow/dags/dag_with_python_operator.py
[2025-04-28T15:44:55.100+0000] {processor.py:914} INFO - Processing file /opt/airflow/dags/dag_with_python_operator.py for tasks to queue
[2025-04-28T15:44:55.103+0000] {logging_mixin.py:190} INFO - [2025-04-28T15:44:55.102+0000] {dagbag.py:588} INFO - Filling up the DagBag from /opt/airflow/dags/dag_with_python_operator.py
[2025-04-28T15:44:55.133+0000] {processor.py:925} INFO - DAG(s) 'first_with_python_v4' retrieved from /opt/airflow/dags/dag_with_python_operator.py
[2025-04-28T15:44:55.151+0000] {logging_mixin.py:190} INFO - [2025-04-28T15:44:55.151+0000] {dag.py:3239} INFO - Sync 1 DAGs
[2025-04-28T15:44:55.265+0000] {logging_mixin.py:190} INFO - [2025-04-28T15:44:55.265+0000] {dag.py:4180} INFO - Setting next_dagrun for first_with_python_v4 to 2025-02-28 00:00:00+00:00, run_after=2025-03-01 00:00:00+00:00
[2025-04-28T15:44:55.276+0000] {processor.py:208} INFO - Processing /opt/airflow/dags/dag_with_python_operator.py took 0.185 seconds
[2025-04-28T15:45:25.552+0000] {processor.py:186} INFO - Started process (PID=40396) to work on /opt/airflow/dags/dag_with_python_operator.py
[2025-04-28T15:45:25.553+0000] {processor.py:914} INFO - Processing file /opt/airflow/dags/dag_with_python_operator.py for tasks to queue
[2025-04-28T15:45:25.555+0000] {logging_mixin.py:190} INFO - [2025-04-28T15:45:25.555+0000] {dagbag.py:588} INFO - Filling up the DagBag from /opt/airflow/dags/dag_with_python_operator.py
[2025-04-28T15:45:25.570+0000] {processor.py:925} INFO - DAG(s) 'first_with_python_v4' retrieved from /opt/airflow/dags/dag_with_python_operator.py
[2025-04-28T15:45:25.716+0000] {logging_mixin.py:190} INFO - [2025-04-28T15:45:25.716+0000] {dag.py:3239} INFO - Sync 1 DAGs
[2025-04-28T15:45:25.728+0000] {logging_mixin.py:190} INFO - [2025-04-28T15:45:25.728+0000] {dag.py:4180} INFO - Setting next_dagrun for first_with_python_v4 to 2025-02-28 00:00:00+00:00, run_after=2025-03-01 00:00:00+00:00
[2025-04-28T15:45:25.739+0000] {processor.py:208} INFO - Processing /opt/airflow/dags/dag_with_python_operator.py took 0.191 seconds
[2025-04-28T15:45:56.158+0000] {processor.py:186} INFO - Started process (PID=40417) to work on /opt/airflow/dags/dag_with_python_operator.py
[2025-04-28T15:45:56.160+0000] {processor.py:914} INFO - Processing file /opt/airflow/dags/dag_with_python_operator.py for tasks to queue
[2025-04-28T15:45:56.163+0000] {logging_mixin.py:190} INFO - [2025-04-28T15:45:56.162+0000] {dagbag.py:588} INFO - Filling up the DagBag from /opt/airflow/dags/dag_with_python_operator.py
[2025-04-28T15:45:56.175+0000] {processor.py:925} INFO - DAG(s) 'first_with_python_v4' retrieved from /opt/airflow/dags/dag_with_python_operator.py
[2025-04-28T15:45:56.196+0000] {logging_mixin.py:190} INFO - [2025-04-28T15:45:56.196+0000] {dag.py:3239} INFO - Sync 1 DAGs
[2025-04-28T15:45:56.216+0000] {logging_mixin.py:190} INFO - [2025-04-28T15:45:56.216+0000] {dag.py:4180} INFO - Setting next_dagrun for first_with_python_v4 to 2025-02-28 00:00:00+00:00, run_after=2025-03-01 00:00:00+00:00
[2025-04-28T15:45:56.230+0000] {processor.py:208} INFO - Processing /opt/airflow/dags/dag_with_python_operator.py took 0.077 seconds
[2025-04-28T15:46:26.517+0000] {processor.py:186} INFO - Started process (PID=40438) to work on /opt/airflow/dags/dag_with_python_operator.py
[2025-04-28T15:46:26.518+0000] {processor.py:914} INFO - Processing file /opt/airflow/dags/dag_with_python_operator.py for tasks to queue
[2025-04-28T15:46:26.521+0000] {logging_mixin.py:190} INFO - [2025-04-28T15:46:26.521+0000] {dagbag.py:588} INFO - Filling up the DagBag from /opt/airflow/dags/dag_with_python_operator.py
[2025-04-28T15:46:26.548+0000] {processor.py:925} INFO - DAG(s) 'first_with_python_v4' retrieved from /opt/airflow/dags/dag_with_python_operator.py
[2025-04-28T15:46:26.561+0000] {logging_mixin.py:190} INFO - [2025-04-28T15:46:26.561+0000] {dag.py:3239} INFO - Sync 1 DAGs
[2025-04-28T15:46:26.575+0000] {logging_mixin.py:190} INFO - [2025-04-28T15:46:26.575+0000] {dag.py:4180} INFO - Setting next_dagrun for first_with_python_v4 to 2025-02-28 00:00:00+00:00, run_after=2025-03-01 00:00:00+00:00
[2025-04-28T15:46:26.587+0000] {processor.py:208} INFO - Processing /opt/airflow/dags/dag_with_python_operator.py took 0.074 seconds
[2025-04-28T15:46:56.889+0000] {processor.py:186} INFO - Started process (PID=40459) to work on /opt/airflow/dags/dag_with_python_operator.py
[2025-04-28T15:46:56.891+0000] {processor.py:914} INFO - Processing file /opt/airflow/dags/dag_with_python_operator.py for tasks to queue
[2025-04-28T15:46:56.893+0000] {logging_mixin.py:190} INFO - [2025-04-28T15:46:56.893+0000] {dagbag.py:588} INFO - Filling up the DagBag from /opt/airflow/dags/dag_with_python_operator.py
[2025-04-28T15:46:56.905+0000] {processor.py:925} INFO - DAG(s) 'first_with_python_v4' retrieved from /opt/airflow/dags/dag_with_python_operator.py
[2025-04-28T15:46:56.937+0000] {logging_mixin.py:190} INFO - [2025-04-28T15:46:56.937+0000] {dag.py:3239} INFO - Sync 1 DAGs
[2025-04-28T15:46:56.953+0000] {logging_mixin.py:190} INFO - [2025-04-28T15:46:56.953+0000] {dag.py:4180} INFO - Setting next_dagrun for first_with_python_v4 to 2025-02-28 00:00:00+00:00, run_after=2025-03-01 00:00:00+00:00
[2025-04-28T15:46:56.965+0000] {processor.py:208} INFO - Processing /opt/airflow/dags/dag_with_python_operator.py took 0.082 seconds
[2025-04-28T15:47:27.204+0000] {processor.py:186} INFO - Started process (PID=40480) to work on /opt/airflow/dags/dag_with_python_operator.py
[2025-04-28T15:47:27.205+0000] {processor.py:914} INFO - Processing file /opt/airflow/dags/dag_with_python_operator.py for tasks to queue
[2025-04-28T15:47:27.208+0000] {logging_mixin.py:190} INFO - [2025-04-28T15:47:27.207+0000] {dagbag.py:588} INFO - Filling up the DagBag from /opt/airflow/dags/dag_with_python_operator.py
[2025-04-28T15:47:27.233+0000] {processor.py:925} INFO - DAG(s) 'first_with_python_v4' retrieved from /opt/airflow/dags/dag_with_python_operator.py
[2025-04-28T15:47:27.247+0000] {logging_mixin.py:190} INFO - [2025-04-28T15:47:27.247+0000] {dag.py:3239} INFO - Sync 1 DAGs
[2025-04-28T15:47:27.262+0000] {logging_mixin.py:190} INFO - [2025-04-28T15:47:27.262+0000] {dag.py:4180} INFO - Setting next_dagrun for first_with_python_v4 to 2025-02-28 00:00:00+00:00, run_after=2025-03-01 00:00:00+00:00
[2025-04-28T15:47:27.274+0000] {processor.py:208} INFO - Processing /opt/airflow/dags/dag_with_python_operator.py took 0.075 seconds
[2025-04-28T15:47:57.591+0000] {processor.py:186} INFO - Started process (PID=40501) to work on /opt/airflow/dags/dag_with_python_operator.py
[2025-04-28T15:47:57.593+0000] {processor.py:914} INFO - Processing file /opt/airflow/dags/dag_with_python_operator.py for tasks to queue
[2025-04-28T15:47:57.595+0000] {logging_mixin.py:190} INFO - [2025-04-28T15:47:57.595+0000] {dagbag.py:588} INFO - Filling up the DagBag from /opt/airflow/dags/dag_with_python_operator.py
[2025-04-28T15:47:57.610+0000] {processor.py:925} INFO - DAG(s) 'first_with_python_v4' retrieved from /opt/airflow/dags/dag_with_python_operator.py
[2025-04-28T15:47:57.624+0000] {logging_mixin.py:190} INFO - [2025-04-28T15:47:57.624+0000] {dag.py:3239} INFO - Sync 1 DAGs
[2025-04-28T15:47:57.638+0000] {logging_mixin.py:190} INFO - [2025-04-28T15:47:57.638+0000] {dag.py:4180} INFO - Setting next_dagrun for first_with_python_v4 to 2025-02-28 00:00:00+00:00, run_after=2025-03-01 00:00:00+00:00
[2025-04-28T15:47:57.650+0000] {processor.py:208} INFO - Processing /opt/airflow/dags/dag_with_python_operator.py took 0.064 seconds
[2025-04-28T15:48:28.027+0000] {processor.py:186} INFO - Started process (PID=40522) to work on /opt/airflow/dags/dag_with_python_operator.py
[2025-04-28T15:48:28.028+0000] {processor.py:914} INFO - Processing file /opt/airflow/dags/dag_with_python_operator.py for tasks to queue
[2025-04-28T15:48:28.031+0000] {logging_mixin.py:190} INFO - [2025-04-28T15:48:28.030+0000] {dagbag.py:588} INFO - Filling up the DagBag from /opt/airflow/dags/dag_with_python_operator.py
[2025-04-28T15:48:28.055+0000] {processor.py:925} INFO - DAG(s) 'first_with_python_v4' retrieved from /opt/airflow/dags/dag_with_python_operator.py
[2025-04-28T15:48:28.068+0000] {logging_mixin.py:190} INFO - [2025-04-28T15:48:28.068+0000] {dag.py:3239} INFO - Sync 1 DAGs
[2025-04-28T15:48:28.084+0000] {logging_mixin.py:190} INFO - [2025-04-28T15:48:28.084+0000] {dag.py:4180} INFO - Setting next_dagrun for first_with_python_v4 to 2025-02-28 00:00:00+00:00, run_after=2025-03-01 00:00:00+00:00
[2025-04-28T15:48:28.096+0000] {processor.py:208} INFO - Processing /opt/airflow/dags/dag_with_python_operator.py took 0.073 seconds
[2025-04-28T15:48:58.383+0000] {processor.py:186} INFO - Started process (PID=40543) to work on /opt/airflow/dags/dag_with_python_operator.py
[2025-04-28T15:48:58.385+0000] {processor.py:914} INFO - Processing file /opt/airflow/dags/dag_with_python_operator.py for tasks to queue
[2025-04-28T15:48:58.388+0000] {logging_mixin.py:190} INFO - [2025-04-28T15:48:58.387+0000] {dagbag.py:588} INFO - Filling up the DagBag from /opt/airflow/dags/dag_with_python_operator.py
[2025-04-28T15:48:58.410+0000] {processor.py:925} INFO - DAG(s) 'first_with_python_v4' retrieved from /opt/airflow/dags/dag_with_python_operator.py
[2025-04-28T15:48:58.427+0000] {logging_mixin.py:190} INFO - [2025-04-28T15:48:58.427+0000] {dag.py:3239} INFO - Sync 1 DAGs
[2025-04-28T15:48:58.445+0000] {logging_mixin.py:190} INFO - [2025-04-28T15:48:58.445+0000] {dag.py:4180} INFO - Setting next_dagrun for first_with_python_v4 to 2025-02-28 00:00:00+00:00, run_after=2025-03-01 00:00:00+00:00
[2025-04-28T15:48:58.458+0000] {processor.py:208} INFO - Processing /opt/airflow/dags/dag_with_python_operator.py took 0.080 seconds
[2025-04-28T15:49:28.742+0000] {processor.py:186} INFO - Started process (PID=40564) to work on /opt/airflow/dags/dag_with_python_operator.py
[2025-04-28T15:49:28.744+0000] {processor.py:914} INFO - Processing file /opt/airflow/dags/dag_with_python_operator.py for tasks to queue
[2025-04-28T15:49:28.746+0000] {logging_mixin.py:190} INFO - [2025-04-28T15:49:28.746+0000] {dagbag.py:588} INFO - Filling up the DagBag from /opt/airflow/dags/dag_with_python_operator.py
[2025-04-28T15:49:28.762+0000] {processor.py:925} INFO - DAG(s) 'first_with_python_v4' retrieved from /opt/airflow/dags/dag_with_python_operator.py
[2025-04-28T15:49:28.778+0000] {logging_mixin.py:190} INFO - [2025-04-28T15:49:28.777+0000] {dag.py:3239} INFO - Sync 1 DAGs
[2025-04-28T15:49:28.792+0000] {logging_mixin.py:190} INFO - [2025-04-28T15:49:28.792+0000] {dag.py:4180} INFO - Setting next_dagrun for first_with_python_v4 to 2025-02-28 00:00:00+00:00, run_after=2025-03-01 00:00:00+00:00
[2025-04-28T15:49:28.804+0000] {processor.py:208} INFO - Processing /opt/airflow/dags/dag_with_python_operator.py took 0.066 seconds
[2025-04-28T15:49:59.074+0000] {processor.py:186} INFO - Started process (PID=40585) to work on /opt/airflow/dags/dag_with_python_operator.py
[2025-04-28T15:49:59.075+0000] {processor.py:914} INFO - Processing file /opt/airflow/dags/dag_with_python_operator.py for tasks to queue
[2025-04-28T15:49:59.077+0000] {logging_mixin.py:190} INFO - [2025-04-28T15:49:59.077+0000] {dagbag.py:588} INFO - Filling up the DagBag from /opt/airflow/dags/dag_with_python_operator.py
[2025-04-28T15:49:59.089+0000] {processor.py:925} INFO - DAG(s) 'first_with_python_v4' retrieved from /opt/airflow/dags/dag_with_python_operator.py
[2025-04-28T15:49:59.104+0000] {logging_mixin.py:190} INFO - [2025-04-28T15:49:59.104+0000] {dag.py:3239} INFO - Sync 1 DAGs
[2025-04-28T15:49:59.119+0000] {logging_mixin.py:190} INFO - [2025-04-28T15:49:59.118+0000] {dag.py:4180} INFO - Setting next_dagrun for first_with_python_v4 to 2025-02-28 00:00:00+00:00, run_after=2025-03-01 00:00:00+00:00
[2025-04-28T15:49:59.131+0000] {processor.py:208} INFO - Processing /opt/airflow/dags/dag_with_python_operator.py took 0.062 seconds
[2025-04-28T15:50:29.410+0000] {processor.py:186} INFO - Started process (PID=40606) to work on /opt/airflow/dags/dag_with_python_operator.py
[2025-04-28T15:50:29.412+0000] {processor.py:914} INFO - Processing file /opt/airflow/dags/dag_with_python_operator.py for tasks to queue
[2025-04-28T15:50:29.415+0000] {logging_mixin.py:190} INFO - [2025-04-28T15:50:29.415+0000] {dagbag.py:588} INFO - Filling up the DagBag from /opt/airflow/dags/dag_with_python_operator.py
[2025-04-28T15:50:29.438+0000] {processor.py:925} INFO - DAG(s) 'first_with_python_v4' retrieved from /opt/airflow/dags/dag_with_python_operator.py
[2025-04-28T15:50:29.452+0000] {logging_mixin.py:190} INFO - [2025-04-28T15:50:29.452+0000] {dag.py:3239} INFO - Sync 1 DAGs
[2025-04-28T15:50:29.468+0000] {logging_mixin.py:190} INFO - [2025-04-28T15:50:29.467+0000] {dag.py:4180} INFO - Setting next_dagrun for first_with_python_v4 to 2025-02-28 00:00:00+00:00, run_after=2025-03-01 00:00:00+00:00
[2025-04-28T15:50:29.480+0000] {processor.py:208} INFO - Processing /opt/airflow/dags/dag_with_python_operator.py took 0.078 seconds
[2025-04-28T15:50:59.757+0000] {processor.py:186} INFO - Started process (PID=40627) to work on /opt/airflow/dags/dag_with_python_operator.py
[2025-04-28T15:50:59.759+0000] {processor.py:914} INFO - Processing file /opt/airflow/dags/dag_with_python_operator.py for tasks to queue
[2025-04-28T15:50:59.762+0000] {logging_mixin.py:190} INFO - [2025-04-28T15:50:59.762+0000] {dagbag.py:588} INFO - Filling up the DagBag from /opt/airflow/dags/dag_with_python_operator.py
[2025-04-28T15:50:59.775+0000] {processor.py:925} INFO - DAG(s) 'first_with_python_v4' retrieved from /opt/airflow/dags/dag_with_python_operator.py
[2025-04-28T15:50:59.788+0000] {logging_mixin.py:190} INFO - [2025-04-28T15:50:59.788+0000] {dag.py:3239} INFO - Sync 1 DAGs
[2025-04-28T15:50:59.804+0000] {logging_mixin.py:190} INFO - [2025-04-28T15:50:59.804+0000] {dag.py:4180} INFO - Setting next_dagrun for first_with_python_v4 to 2025-02-28 00:00:00+00:00, run_after=2025-03-01 00:00:00+00:00
[2025-04-28T15:50:59.816+0000] {processor.py:208} INFO - Processing /opt/airflow/dags/dag_with_python_operator.py took 0.064 seconds
[2025-04-28T15:51:30.111+0000] {processor.py:186} INFO - Started process (PID=40648) to work on /opt/airflow/dags/dag_with_python_operator.py
[2025-04-28T15:51:30.113+0000] {processor.py:914} INFO - Processing file /opt/airflow/dags/dag_with_python_operator.py for tasks to queue
[2025-04-28T15:51:30.115+0000] {logging_mixin.py:190} INFO - [2025-04-28T15:51:30.115+0000] {dagbag.py:588} INFO - Filling up the DagBag from /opt/airflow/dags/dag_with_python_operator.py
[2025-04-28T15:51:30.127+0000] {processor.py:925} INFO - DAG(s) 'first_with_python_v4' retrieved from /opt/airflow/dags/dag_with_python_operator.py
[2025-04-28T15:51:30.142+0000] {logging_mixin.py:190} INFO - [2025-04-28T15:51:30.141+0000] {dag.py:3239} INFO - Sync 1 DAGs
[2025-04-28T15:51:30.156+0000] {logging_mixin.py:190} INFO - [2025-04-28T15:51:30.155+0000] {dag.py:4180} INFO - Setting next_dagrun for first_with_python_v4 to 2025-02-28 00:00:00+00:00, run_after=2025-03-01 00:00:00+00:00
[2025-04-28T15:51:30.171+0000] {processor.py:208} INFO - Processing /opt/airflow/dags/dag_with_python_operator.py took 0.064 seconds
[2025-04-28T15:52:00.419+0000] {processor.py:186} INFO - Started process (PID=40669) to work on /opt/airflow/dags/dag_with_python_operator.py
[2025-04-28T15:52:00.421+0000] {processor.py:914} INFO - Processing file /opt/airflow/dags/dag_with_python_operator.py for tasks to queue
[2025-04-28T15:52:00.424+0000] {logging_mixin.py:190} INFO - [2025-04-28T15:52:00.424+0000] {dagbag.py:588} INFO - Filling up the DagBag from /opt/airflow/dags/dag_with_python_operator.py
[2025-04-28T15:52:00.441+0000] {processor.py:925} INFO - DAG(s) 'first_with_python_v4' retrieved from /opt/airflow/dags/dag_with_python_operator.py
[2025-04-28T15:52:00.455+0000] {logging_mixin.py:190} INFO - [2025-04-28T15:52:00.455+0000] {dag.py:3239} INFO - Sync 1 DAGs
[2025-04-28T15:52:00.470+0000] {logging_mixin.py:190} INFO - [2025-04-28T15:52:00.469+0000] {dag.py:4180} INFO - Setting next_dagrun for first_with_python_v4 to 2025-02-28 00:00:00+00:00, run_after=2025-03-01 00:00:00+00:00
[2025-04-28T15:52:00.482+0000] {processor.py:208} INFO - Processing /opt/airflow/dags/dag_with_python_operator.py took 0.072 seconds
[2025-04-28T15:52:30.787+0000] {processor.py:186} INFO - Started process (PID=40690) to work on /opt/airflow/dags/dag_with_python_operator.py
[2025-04-28T15:52:30.788+0000] {processor.py:914} INFO - Processing file /opt/airflow/dags/dag_with_python_operator.py for tasks to queue
[2025-04-28T15:52:30.791+0000] {logging_mixin.py:190} INFO - [2025-04-28T15:52:30.791+0000] {dagbag.py:588} INFO - Filling up the DagBag from /opt/airflow/dags/dag_with_python_operator.py
[2025-04-28T15:52:30.807+0000] {processor.py:925} INFO - DAG(s) 'first_with_python_v4' retrieved from /opt/airflow/dags/dag_with_python_operator.py
[2025-04-28T15:52:30.821+0000] {logging_mixin.py:190} INFO - [2025-04-28T15:52:30.821+0000] {dag.py:3239} INFO - Sync 1 DAGs
[2025-04-28T15:52:30.834+0000] {logging_mixin.py:190} INFO - [2025-04-28T15:52:30.834+0000] {dag.py:4180} INFO - Setting next_dagrun for first_with_python_v4 to 2025-02-28 00:00:00+00:00, run_after=2025-03-01 00:00:00+00:00
[2025-04-28T15:52:30.847+0000] {processor.py:208} INFO - Processing /opt/airflow/dags/dag_with_python_operator.py took 0.067 seconds
[2025-04-28T15:53:01.113+0000] {processor.py:186} INFO - Started process (PID=40711) to work on /opt/airflow/dags/dag_with_python_operator.py
[2025-04-28T15:53:01.115+0000] {processor.py:914} INFO - Processing file /opt/airflow/dags/dag_with_python_operator.py for tasks to queue
[2025-04-28T15:53:01.117+0000] {logging_mixin.py:190} INFO - [2025-04-28T15:53:01.117+0000] {dagbag.py:588} INFO - Filling up the DagBag from /opt/airflow/dags/dag_with_python_operator.py
[2025-04-28T15:53:01.127+0000] {processor.py:925} INFO - DAG(s) 'first_with_python_v4' retrieved from /opt/airflow/dags/dag_with_python_operator.py
[2025-04-28T15:53:01.140+0000] {logging_mixin.py:190} INFO - [2025-04-28T15:53:01.140+0000] {dag.py:3239} INFO - Sync 1 DAGs
[2025-04-28T15:53:01.154+0000] {logging_mixin.py:190} INFO - [2025-04-28T15:53:01.154+0000] {dag.py:4180} INFO - Setting next_dagrun for first_with_python_v4 to 2025-02-28 00:00:00+00:00, run_after=2025-03-01 00:00:00+00:00
[2025-04-28T15:53:01.167+0000] {processor.py:208} INFO - Processing /opt/airflow/dags/dag_with_python_operator.py took 0.057 seconds
[2025-04-28T15:53:31.449+0000] {processor.py:186} INFO - Started process (PID=40732) to work on /opt/airflow/dags/dag_with_python_operator.py
[2025-04-28T15:53:31.451+0000] {processor.py:914} INFO - Processing file /opt/airflow/dags/dag_with_python_operator.py for tasks to queue
[2025-04-28T15:53:31.453+0000] {logging_mixin.py:190} INFO - [2025-04-28T15:53:31.452+0000] {dagbag.py:588} INFO - Filling up the DagBag from /opt/airflow/dags/dag_with_python_operator.py
[2025-04-28T15:53:31.467+0000] {processor.py:925} INFO - DAG(s) 'first_with_python_v4' retrieved from /opt/airflow/dags/dag_with_python_operator.py
[2025-04-28T15:53:31.484+0000] {logging_mixin.py:190} INFO - [2025-04-28T15:53:31.483+0000] {dag.py:3239} INFO - Sync 1 DAGs
[2025-04-28T15:53:31.499+0000] {logging_mixin.py:190} INFO - [2025-04-28T15:53:31.499+0000] {dag.py:4180} INFO - Setting next_dagrun for first_with_python_v4 to 2025-02-28 00:00:00+00:00, run_after=2025-03-01 00:00:00+00:00
[2025-04-28T15:53:31.511+0000] {processor.py:208} INFO - Processing /opt/airflow/dags/dag_with_python_operator.py took 0.067 seconds
[2025-04-28T15:54:01.840+0000] {processor.py:186} INFO - Started process (PID=40753) to work on /opt/airflow/dags/dag_with_python_operator.py
[2025-04-28T15:54:01.842+0000] {processor.py:914} INFO - Processing file /opt/airflow/dags/dag_with_python_operator.py for tasks to queue
[2025-04-28T15:54:01.844+0000] {logging_mixin.py:190} INFO - [2025-04-28T15:54:01.844+0000] {dagbag.py:588} INFO - Filling up the DagBag from /opt/airflow/dags/dag_with_python_operator.py
[2025-04-28T15:54:01.881+0000] {processor.py:925} INFO - DAG(s) 'first_with_python_v4' retrieved from /opt/airflow/dags/dag_with_python_operator.py
[2025-04-28T15:54:01.896+0000] {logging_mixin.py:190} INFO - [2025-04-28T15:54:01.895+0000] {dag.py:3239} INFO - Sync 1 DAGs
[2025-04-28T15:54:01.913+0000] {logging_mixin.py:190} INFO - [2025-04-28T15:54:01.913+0000] {dag.py:4180} INFO - Setting next_dagrun for first_with_python_v4 to 2025-02-28 00:00:00+00:00, run_after=2025-03-01 00:00:00+00:00
[2025-04-28T15:54:01.930+0000] {processor.py:208} INFO - Processing /opt/airflow/dags/dag_with_python_operator.py took 0.096 seconds
[2025-04-28T15:54:32.156+0000] {processor.py:186} INFO - Started process (PID=40774) to work on /opt/airflow/dags/dag_with_python_operator.py
[2025-04-28T15:54:32.158+0000] {processor.py:914} INFO - Processing file /opt/airflow/dags/dag_with_python_operator.py for tasks to queue
[2025-04-28T15:54:32.161+0000] {logging_mixin.py:190} INFO - [2025-04-28T15:54:32.161+0000] {dagbag.py:588} INFO - Filling up the DagBag from /opt/airflow/dags/dag_with_python_operator.py
[2025-04-28T15:54:32.184+0000] {processor.py:925} INFO - DAG(s) 'first_with_python_v4' retrieved from /opt/airflow/dags/dag_with_python_operator.py
[2025-04-28T15:54:32.202+0000] {logging_mixin.py:190} INFO - [2025-04-28T15:54:32.201+0000] {dag.py:3239} INFO - Sync 1 DAGs
[2025-04-28T15:54:32.220+0000] {logging_mixin.py:190} INFO - [2025-04-28T15:54:32.220+0000] {dag.py:4180} INFO - Setting next_dagrun for first_with_python_v4 to 2025-02-28 00:00:00+00:00, run_after=2025-03-01 00:00:00+00:00
[2025-04-28T15:54:32.235+0000] {processor.py:208} INFO - Processing /opt/airflow/dags/dag_with_python_operator.py took 0.083 seconds
[2025-04-28T15:55:02.477+0000] {processor.py:186} INFO - Started process (PID=40795) to work on /opt/airflow/dags/dag_with_python_operator.py
[2025-04-28T15:55:02.479+0000] {processor.py:914} INFO - Processing file /opt/airflow/dags/dag_with_python_operator.py for tasks to queue
[2025-04-28T15:55:02.481+0000] {logging_mixin.py:190} INFO - [2025-04-28T15:55:02.480+0000] {dagbag.py:588} INFO - Filling up the DagBag from /opt/airflow/dags/dag_with_python_operator.py
[2025-04-28T15:55:02.493+0000] {processor.py:925} INFO - DAG(s) 'first_with_python_v4' retrieved from /opt/airflow/dags/dag_with_python_operator.py
[2025-04-28T15:55:02.507+0000] {logging_mixin.py:190} INFO - [2025-04-28T15:55:02.507+0000] {dag.py:3239} INFO - Sync 1 DAGs
[2025-04-28T15:55:02.522+0000] {logging_mixin.py:190} INFO - [2025-04-28T15:55:02.522+0000] {dag.py:4180} INFO - Setting next_dagrun for first_with_python_v4 to 2025-02-28 00:00:00+00:00, run_after=2025-03-01 00:00:00+00:00
[2025-04-28T15:55:02.534+0000] {processor.py:208} INFO - Processing /opt/airflow/dags/dag_with_python_operator.py took 0.061 seconds
[2025-04-28T15:55:32.868+0000] {processor.py:186} INFO - Started process (PID=40816) to work on /opt/airflow/dags/dag_with_python_operator.py
[2025-04-28T15:55:32.870+0000] {processor.py:914} INFO - Processing file /opt/airflow/dags/dag_with_python_operator.py for tasks to queue
[2025-04-28T15:55:32.872+0000] {logging_mixin.py:190} INFO - [2025-04-28T15:55:32.872+0000] {dagbag.py:588} INFO - Filling up the DagBag from /opt/airflow/dags/dag_with_python_operator.py
[2025-04-28T15:55:32.894+0000] {processor.py:925} INFO - DAG(s) 'first_with_python_v4' retrieved from /opt/airflow/dags/dag_with_python_operator.py
[2025-04-28T15:55:32.907+0000] {logging_mixin.py:190} INFO - [2025-04-28T15:55:32.907+0000] {dag.py:3239} INFO - Sync 1 DAGs
[2025-04-28T15:55:32.921+0000] {logging_mixin.py:190} INFO - [2025-04-28T15:55:32.921+0000] {dag.py:4180} INFO - Setting next_dagrun for first_with_python_v4 to 2025-02-28 00:00:00+00:00, run_after=2025-03-01 00:00:00+00:00
[2025-04-28T15:55:32.933+0000] {processor.py:208} INFO - Processing /opt/airflow/dags/dag_with_python_operator.py took 0.069 seconds
[2025-04-28T15:56:03.190+0000] {processor.py:186} INFO - Started process (PID=40837) to work on /opt/airflow/dags/dag_with_python_operator.py
[2025-04-28T15:56:03.195+0000] {processor.py:914} INFO - Processing file /opt/airflow/dags/dag_with_python_operator.py for tasks to queue
[2025-04-28T15:56:03.199+0000] {logging_mixin.py:190} INFO - [2025-04-28T15:56:03.198+0000] {dagbag.py:588} INFO - Filling up the DagBag from /opt/airflow/dags/dag_with_python_operator.py
[2025-04-28T15:56:03.238+0000] {processor.py:925} INFO - DAG(s) 'first_with_python_v4' retrieved from /opt/airflow/dags/dag_with_python_operator.py
[2025-04-28T15:56:03.253+0000] {logging_mixin.py:190} INFO - [2025-04-28T15:56:03.253+0000] {dag.py:3239} INFO - Sync 1 DAGs
[2025-04-28T15:56:03.270+0000] {logging_mixin.py:190} INFO - [2025-04-28T15:56:03.270+0000] {dag.py:4180} INFO - Setting next_dagrun for first_with_python_v4 to 2025-02-28 00:00:00+00:00, run_after=2025-03-01 00:00:00+00:00
[2025-04-28T15:56:03.286+0000] {processor.py:208} INFO - Processing /opt/airflow/dags/dag_with_python_operator.py took 0.100 seconds
[2025-04-28T15:56:33.670+0000] {processor.py:186} INFO - Started process (PID=40858) to work on /opt/airflow/dags/dag_with_python_operator.py
[2025-04-28T15:56:33.672+0000] {processor.py:914} INFO - Processing file /opt/airflow/dags/dag_with_python_operator.py for tasks to queue
[2025-04-28T15:56:33.675+0000] {logging_mixin.py:190} INFO - [2025-04-28T15:56:33.675+0000] {dagbag.py:588} INFO - Filling up the DagBag from /opt/airflow/dags/dag_with_python_operator.py
[2025-04-28T15:56:33.687+0000] {processor.py:925} INFO - DAG(s) 'first_with_python_v4' retrieved from /opt/airflow/dags/dag_with_python_operator.py
[2025-04-28T15:56:33.701+0000] {logging_mixin.py:190} INFO - [2025-04-28T15:56:33.701+0000] {dag.py:3239} INFO - Sync 1 DAGs
[2025-04-28T15:56:33.716+0000] {logging_mixin.py:190} INFO - [2025-04-28T15:56:33.716+0000] {dag.py:4180} INFO - Setting next_dagrun for first_with_python_v4 to 2025-02-28 00:00:00+00:00, run_after=2025-03-01 00:00:00+00:00
[2025-04-28T15:56:33.728+0000] {processor.py:208} INFO - Processing /opt/airflow/dags/dag_with_python_operator.py took 0.067 seconds
[2025-04-28T15:57:04.020+0000] {processor.py:186} INFO - Started process (PID=40879) to work on /opt/airflow/dags/dag_with_python_operator.py
[2025-04-28T15:57:04.022+0000] {processor.py:914} INFO - Processing file /opt/airflow/dags/dag_with_python_operator.py for tasks to queue
[2025-04-28T15:57:04.025+0000] {logging_mixin.py:190} INFO - [2025-04-28T15:57:04.025+0000] {dagbag.py:588} INFO - Filling up the DagBag from /opt/airflow/dags/dag_with_python_operator.py
[2025-04-28T15:57:04.041+0000] {processor.py:925} INFO - DAG(s) 'first_with_python_v4' retrieved from /opt/airflow/dags/dag_with_python_operator.py
[2025-04-28T15:57:04.058+0000] {logging_mixin.py:190} INFO - [2025-04-28T15:57:04.057+0000] {dag.py:3239} INFO - Sync 1 DAGs
[2025-04-28T15:57:04.074+0000] {logging_mixin.py:190} INFO - [2025-04-28T15:57:04.073+0000] {dag.py:4180} INFO - Setting next_dagrun for first_with_python_v4 to 2025-02-28 00:00:00+00:00, run_after=2025-03-01 00:00:00+00:00
[2025-04-28T15:57:04.093+0000] {processor.py:208} INFO - Processing /opt/airflow/dags/dag_with_python_operator.py took 0.079 seconds
[2025-04-28T15:57:34.430+0000] {processor.py:186} INFO - Started process (PID=40900) to work on /opt/airflow/dags/dag_with_python_operator.py
[2025-04-28T15:57:34.432+0000] {processor.py:914} INFO - Processing file /opt/airflow/dags/dag_with_python_operator.py for tasks to queue
[2025-04-28T15:57:34.434+0000] {logging_mixin.py:190} INFO - [2025-04-28T15:57:34.433+0000] {dagbag.py:588} INFO - Filling up the DagBag from /opt/airflow/dags/dag_with_python_operator.py
[2025-04-28T15:57:34.445+0000] {processor.py:925} INFO - DAG(s) 'first_with_python_v4' retrieved from /opt/airflow/dags/dag_with_python_operator.py
[2025-04-28T15:57:34.457+0000] {logging_mixin.py:190} INFO - [2025-04-28T15:57:34.457+0000] {dag.py:3239} INFO - Sync 1 DAGs
[2025-04-28T15:57:34.471+0000] {logging_mixin.py:190} INFO - [2025-04-28T15:57:34.471+0000] {dag.py:4180} INFO - Setting next_dagrun for first_with_python_v4 to 2025-02-28 00:00:00+00:00, run_after=2025-03-01 00:00:00+00:00
[2025-04-28T15:57:34.482+0000] {processor.py:208} INFO - Processing /opt/airflow/dags/dag_with_python_operator.py took 0.055 seconds
[2025-04-28T15:58:04.772+0000] {processor.py:186} INFO - Started process (PID=40921) to work on /opt/airflow/dags/dag_with_python_operator.py
[2025-04-28T15:58:04.777+0000] {processor.py:914} INFO - Processing file /opt/airflow/dags/dag_with_python_operator.py for tasks to queue
[2025-04-28T15:58:04.784+0000] {logging_mixin.py:190} INFO - [2025-04-28T15:58:04.783+0000] {dagbag.py:588} INFO - Filling up the DagBag from /opt/airflow/dags/dag_with_python_operator.py
[2025-04-28T15:58:04.815+0000] {processor.py:925} INFO - DAG(s) 'first_with_python_v4' retrieved from /opt/airflow/dags/dag_with_python_operator.py
[2025-04-28T15:58:04.829+0000] {logging_mixin.py:190} INFO - [2025-04-28T15:58:04.829+0000] {dag.py:3239} INFO - Sync 1 DAGs
[2025-04-28T15:58:04.847+0000] {logging_mixin.py:190} INFO - [2025-04-28T15:58:04.847+0000] {dag.py:4180} INFO - Setting next_dagrun for first_with_python_v4 to 2025-02-28 00:00:00+00:00, run_after=2025-03-01 00:00:00+00:00
[2025-04-28T15:58:04.868+0000] {processor.py:208} INFO - Processing /opt/airflow/dags/dag_with_python_operator.py took 0.104 seconds
[2025-04-28T15:58:35.157+0000] {processor.py:186} INFO - Started process (PID=40942) to work on /opt/airflow/dags/dag_with_python_operator.py
[2025-04-28T15:58:35.159+0000] {processor.py:914} INFO - Processing file /opt/airflow/dags/dag_with_python_operator.py for tasks to queue
[2025-04-28T15:58:35.161+0000] {logging_mixin.py:190} INFO - [2025-04-28T15:58:35.161+0000] {dagbag.py:588} INFO - Filling up the DagBag from /opt/airflow/dags/dag_with_python_operator.py
[2025-04-28T15:58:35.188+0000] {processor.py:925} INFO - DAG(s) 'first_with_python_v4' retrieved from /opt/airflow/dags/dag_with_python_operator.py
[2025-04-28T15:58:35.228+0000] {logging_mixin.py:190} INFO - [2025-04-28T15:58:35.227+0000] {dag.py:3239} INFO - Sync 1 DAGs
[2025-04-28T15:58:35.265+0000] {logging_mixin.py:190} INFO - [2025-04-28T15:58:35.264+0000] {dag.py:4180} INFO - Setting next_dagrun for first_with_python_v4 to 2025-02-28 00:00:00+00:00, run_after=2025-03-01 00:00:00+00:00
[2025-04-28T15:58:35.290+0000] {processor.py:208} INFO - Processing /opt/airflow/dags/dag_with_python_operator.py took 0.137 seconds
[2025-04-28T15:59:05.538+0000] {processor.py:186} INFO - Started process (PID=40963) to work on /opt/airflow/dags/dag_with_python_operator.py
[2025-04-28T15:59:05.540+0000] {processor.py:914} INFO - Processing file /opt/airflow/dags/dag_with_python_operator.py for tasks to queue
[2025-04-28T15:59:05.542+0000] {logging_mixin.py:190} INFO - [2025-04-28T15:59:05.542+0000] {dagbag.py:588} INFO - Filling up the DagBag from /opt/airflow/dags/dag_with_python_operator.py
[2025-04-28T15:59:05.569+0000] {processor.py:925} INFO - DAG(s) 'first_with_python_v4' retrieved from /opt/airflow/dags/dag_with_python_operator.py
[2025-04-28T15:59:05.585+0000] {logging_mixin.py:190} INFO - [2025-04-28T15:59:05.585+0000] {dag.py:3239} INFO - Sync 1 DAGs
[2025-04-28T15:59:05.599+0000] {logging_mixin.py:190} INFO - [2025-04-28T15:59:05.599+0000] {dag.py:4180} INFO - Setting next_dagrun for first_with_python_v4 to 2025-02-28 00:00:00+00:00, run_after=2025-03-01 00:00:00+00:00
[2025-04-28T15:59:05.610+0000] {processor.py:208} INFO - Processing /opt/airflow/dags/dag_with_python_operator.py took 0.078 seconds
[2025-04-28T15:59:35.920+0000] {processor.py:186} INFO - Started process (PID=40984) to work on /opt/airflow/dags/dag_with_python_operator.py
[2025-04-28T15:59:35.925+0000] {processor.py:914} INFO - Processing file /opt/airflow/dags/dag_with_python_operator.py for tasks to queue
[2025-04-28T15:59:35.929+0000] {logging_mixin.py:190} INFO - [2025-04-28T15:59:35.928+0000] {dagbag.py:588} INFO - Filling up the DagBag from /opt/airflow/dags/dag_with_python_operator.py
[2025-04-28T15:59:35.969+0000] {processor.py:925} INFO - DAG(s) 'first_with_python_v4' retrieved from /opt/airflow/dags/dag_with_python_operator.py
[2025-04-28T15:59:36.008+0000] {logging_mixin.py:190} INFO - [2025-04-28T15:59:36.007+0000] {dag.py:3239} INFO - Sync 1 DAGs
[2025-04-28T15:59:36.036+0000] {logging_mixin.py:190} INFO - [2025-04-28T15:59:36.036+0000] {dag.py:4180} INFO - Setting next_dagrun for first_with_python_v4 to 2025-02-28 00:00:00+00:00, run_after=2025-03-01 00:00:00+00:00
[2025-04-28T15:59:36.052+0000] {processor.py:208} INFO - Processing /opt/airflow/dags/dag_with_python_operator.py took 0.148 seconds
[2025-04-28T16:00:06.302+0000] {processor.py:186} INFO - Started process (PID=41005) to work on /opt/airflow/dags/dag_with_python_operator.py
[2025-04-28T16:00:06.303+0000] {processor.py:914} INFO - Processing file /opt/airflow/dags/dag_with_python_operator.py for tasks to queue
[2025-04-28T16:00:06.305+0000] {logging_mixin.py:190} INFO - [2025-04-28T16:00:06.305+0000] {dagbag.py:588} INFO - Filling up the DagBag from /opt/airflow/dags/dag_with_python_operator.py
[2025-04-28T16:00:06.327+0000] {processor.py:925} INFO - DAG(s) 'first_with_python_v4' retrieved from /opt/airflow/dags/dag_with_python_operator.py
[2025-04-28T16:00:06.340+0000] {logging_mixin.py:190} INFO - [2025-04-28T16:00:06.340+0000] {dag.py:3239} INFO - Sync 1 DAGs
[2025-04-28T16:00:06.354+0000] {logging_mixin.py:190} INFO - [2025-04-28T16:00:06.354+0000] {dag.py:4180} INFO - Setting next_dagrun for first_with_python_v4 to 2025-02-28 00:00:00+00:00, run_after=2025-03-01 00:00:00+00:00
[2025-04-28T16:00:06.365+0000] {processor.py:208} INFO - Processing /opt/airflow/dags/dag_with_python_operator.py took 0.067 seconds
[2025-04-28T16:00:36.713+0000] {processor.py:186} INFO - Started process (PID=41026) to work on /opt/airflow/dags/dag_with_python_operator.py
[2025-04-28T16:00:36.715+0000] {processor.py:914} INFO - Processing file /opt/airflow/dags/dag_with_python_operator.py for tasks to queue
[2025-04-28T16:00:36.718+0000] {logging_mixin.py:190} INFO - [2025-04-28T16:00:36.718+0000] {dagbag.py:588} INFO - Filling up the DagBag from /opt/airflow/dags/dag_with_python_operator.py
[2025-04-28T16:00:36.740+0000] {processor.py:925} INFO - DAG(s) 'first_with_python_v4' retrieved from /opt/airflow/dags/dag_with_python_operator.py
[2025-04-28T16:00:36.757+0000] {logging_mixin.py:190} INFO - [2025-04-28T16:00:36.757+0000] {dag.py:3239} INFO - Sync 1 DAGs
[2025-04-28T16:00:36.776+0000] {logging_mixin.py:190} INFO - [2025-04-28T16:00:36.776+0000] {dag.py:4180} INFO - Setting next_dagrun for first_with_python_v4 to 2025-02-28 00:00:00+00:00, run_after=2025-03-01 00:00:00+00:00
[2025-04-28T16:00:36.793+0000] {processor.py:208} INFO - Processing /opt/airflow/dags/dag_with_python_operator.py took 0.084 seconds
[2025-04-28T16:01:07.119+0000] {processor.py:186} INFO - Started process (PID=41047) to work on /opt/airflow/dags/dag_with_python_operator.py
[2025-04-28T16:01:07.120+0000] {processor.py:914} INFO - Processing file /opt/airflow/dags/dag_with_python_operator.py for tasks to queue
[2025-04-28T16:01:07.122+0000] {logging_mixin.py:190} INFO - [2025-04-28T16:01:07.122+0000] {dagbag.py:588} INFO - Filling up the DagBag from /opt/airflow/dags/dag_with_python_operator.py
[2025-04-28T16:01:07.136+0000] {processor.py:925} INFO - DAG(s) 'first_with_python_v4' retrieved from /opt/airflow/dags/dag_with_python_operator.py
[2025-04-28T16:01:07.153+0000] {logging_mixin.py:190} INFO - [2025-04-28T16:01:07.152+0000] {dag.py:3239} INFO - Sync 1 DAGs
[2025-04-28T16:01:07.169+0000] {logging_mixin.py:190} INFO - [2025-04-28T16:01:07.169+0000] {dag.py:4180} INFO - Setting next_dagrun for first_with_python_v4 to 2025-02-28 00:00:00+00:00, run_after=2025-03-01 00:00:00+00:00
[2025-04-28T16:01:07.183+0000] {processor.py:208} INFO - Processing /opt/airflow/dags/dag_with_python_operator.py took 0.068 seconds
[2025-04-28T16:01:37.475+0000] {processor.py:186} INFO - Started process (PID=41068) to work on /opt/airflow/dags/dag_with_python_operator.py
[2025-04-28T16:01:37.476+0000] {processor.py:914} INFO - Processing file /opt/airflow/dags/dag_with_python_operator.py for tasks to queue
[2025-04-28T16:01:37.477+0000] {logging_mixin.py:190} INFO - [2025-04-28T16:01:37.477+0000] {dagbag.py:588} INFO - Filling up the DagBag from /opt/airflow/dags/dag_with_python_operator.py
[2025-04-28T16:01:37.491+0000] {processor.py:925} INFO - DAG(s) 'first_with_python_v4' retrieved from /opt/airflow/dags/dag_with_python_operator.py
[2025-04-28T16:01:37.507+0000] {logging_mixin.py:190} INFO - [2025-04-28T16:01:37.507+0000] {dag.py:3239} INFO - Sync 1 DAGs
[2025-04-28T16:01:37.523+0000] {logging_mixin.py:190} INFO - [2025-04-28T16:01:37.523+0000] {dag.py:4180} INFO - Setting next_dagrun for first_with_python_v4 to 2025-02-28 00:00:00+00:00, run_after=2025-03-01 00:00:00+00:00
[2025-04-28T16:01:37.533+0000] {processor.py:208} INFO - Processing /opt/airflow/dags/dag_with_python_operator.py took 0.062 seconds
[2025-04-28T16:02:07.817+0000] {processor.py:186} INFO - Started process (PID=41089) to work on /opt/airflow/dags/dag_with_python_operator.py
[2025-04-28T16:02:07.820+0000] {processor.py:914} INFO - Processing file /opt/airflow/dags/dag_with_python_operator.py for tasks to queue
[2025-04-28T16:02:07.822+0000] {logging_mixin.py:190} INFO - [2025-04-28T16:02:07.822+0000] {dagbag.py:588} INFO - Filling up the DagBag from /opt/airflow/dags/dag_with_python_operator.py
[2025-04-28T16:02:07.847+0000] {processor.py:925} INFO - DAG(s) 'first_with_python_v4' retrieved from /opt/airflow/dags/dag_with_python_operator.py
[2025-04-28T16:02:07.861+0000] {logging_mixin.py:190} INFO - [2025-04-28T16:02:07.861+0000] {dag.py:3239} INFO - Sync 1 DAGs
[2025-04-28T16:02:07.875+0000] {logging_mixin.py:190} INFO - [2025-04-28T16:02:07.875+0000] {dag.py:4180} INFO - Setting next_dagrun for first_with_python_v4 to 2025-02-28 00:00:00+00:00, run_after=2025-03-01 00:00:00+00:00
[2025-04-28T16:02:07.887+0000] {processor.py:208} INFO - Processing /opt/airflow/dags/dag_with_python_operator.py took 0.075 seconds
[2025-04-28T16:02:38.184+0000] {processor.py:186} INFO - Started process (PID=41110) to work on /opt/airflow/dags/dag_with_python_operator.py
[2025-04-28T16:02:38.186+0000] {processor.py:914} INFO - Processing file /opt/airflow/dags/dag_with_python_operator.py for tasks to queue
[2025-04-28T16:02:38.190+0000] {logging_mixin.py:190} INFO - [2025-04-28T16:02:38.189+0000] {dagbag.py:588} INFO - Filling up the DagBag from /opt/airflow/dags/dag_with_python_operator.py
[2025-04-28T16:02:38.220+0000] {processor.py:925} INFO - DAG(s) 'first_with_python_v4' retrieved from /opt/airflow/dags/dag_with_python_operator.py
[2025-04-28T16:02:38.253+0000] {logging_mixin.py:190} INFO - [2025-04-28T16:02:38.253+0000] {dag.py:3239} INFO - Sync 1 DAGs
[2025-04-28T16:02:38.275+0000] {logging_mixin.py:190} INFO - [2025-04-28T16:02:38.275+0000] {dag.py:4180} INFO - Setting next_dagrun for first_with_python_v4 to 2025-02-28 00:00:00+00:00, run_after=2025-03-01 00:00:00+00:00
[2025-04-28T16:02:38.290+0000] {processor.py:208} INFO - Processing /opt/airflow/dags/dag_with_python_operator.py took 0.112 seconds
[2025-04-28T16:03:08.575+0000] {processor.py:186} INFO - Started process (PID=41131) to work on /opt/airflow/dags/dag_with_python_operator.py
[2025-04-28T16:03:08.578+0000] {processor.py:914} INFO - Processing file /opt/airflow/dags/dag_with_python_operator.py for tasks to queue
[2025-04-28T16:03:08.580+0000] {logging_mixin.py:190} INFO - [2025-04-28T16:03:08.580+0000] {dagbag.py:588} INFO - Filling up the DagBag from /opt/airflow/dags/dag_with_python_operator.py
[2025-04-28T16:03:08.603+0000] {processor.py:925} INFO - DAG(s) 'first_with_python_v4' retrieved from /opt/airflow/dags/dag_with_python_operator.py
[2025-04-28T16:03:08.619+0000] {logging_mixin.py:190} INFO - [2025-04-28T16:03:08.619+0000] {dag.py:3239} INFO - Sync 1 DAGs
[2025-04-28T16:03:08.634+0000] {logging_mixin.py:190} INFO - [2025-04-28T16:03:08.634+0000] {dag.py:4180} INFO - Setting next_dagrun for first_with_python_v4 to 2025-02-28 00:00:00+00:00, run_after=2025-03-01 00:00:00+00:00
[2025-04-28T16:03:08.645+0000] {processor.py:208} INFO - Processing /opt/airflow/dags/dag_with_python_operator.py took 0.081 seconds
[2025-04-28T16:03:38.941+0000] {processor.py:186} INFO - Started process (PID=41152) to work on /opt/airflow/dags/dag_with_python_operator.py
[2025-04-28T16:03:38.944+0000] {processor.py:914} INFO - Processing file /opt/airflow/dags/dag_with_python_operator.py for tasks to queue
[2025-04-28T16:03:38.946+0000] {logging_mixin.py:190} INFO - [2025-04-28T16:03:38.946+0000] {dagbag.py:588} INFO - Filling up the DagBag from /opt/airflow/dags/dag_with_python_operator.py
[2025-04-28T16:03:38.969+0000] {processor.py:925} INFO - DAG(s) 'first_with_python_v4' retrieved from /opt/airflow/dags/dag_with_python_operator.py
[2025-04-28T16:03:38.985+0000] {logging_mixin.py:190} INFO - [2025-04-28T16:03:38.985+0000] {dag.py:3239} INFO - Sync 1 DAGs
[2025-04-28T16:03:38.999+0000] {logging_mixin.py:190} INFO - [2025-04-28T16:03:38.999+0000] {dag.py:4180} INFO - Setting next_dagrun for first_with_python_v4 to 2025-02-28 00:00:00+00:00, run_after=2025-03-01 00:00:00+00:00
[2025-04-28T16:03:39.014+0000] {processor.py:208} INFO - Processing /opt/airflow/dags/dag_with_python_operator.py took 0.077 seconds
[2025-04-28T16:04:09.343+0000] {processor.py:186} INFO - Started process (PID=41173) to work on /opt/airflow/dags/dag_with_python_operator.py
[2025-04-28T16:04:09.344+0000] {processor.py:914} INFO - Processing file /opt/airflow/dags/dag_with_python_operator.py for tasks to queue
[2025-04-28T16:04:09.347+0000] {logging_mixin.py:190} INFO - [2025-04-28T16:04:09.347+0000] {dagbag.py:588} INFO - Filling up the DagBag from /opt/airflow/dags/dag_with_python_operator.py
[2025-04-28T16:04:09.380+0000] {processor.py:925} INFO - DAG(s) 'first_with_python_v4' retrieved from /opt/airflow/dags/dag_with_python_operator.py
[2025-04-28T16:04:09.405+0000] {logging_mixin.py:190} INFO - [2025-04-28T16:04:09.404+0000] {dag.py:3239} INFO - Sync 1 DAGs
[2025-04-28T16:04:09.425+0000] {logging_mixin.py:190} INFO - [2025-04-28T16:04:09.424+0000] {dag.py:4180} INFO - Setting next_dagrun for first_with_python_v4 to 2025-02-28 00:00:00+00:00, run_after=2025-03-01 00:00:00+00:00
[2025-04-28T16:04:09.436+0000] {processor.py:208} INFO - Processing /opt/airflow/dags/dag_with_python_operator.py took 0.102 seconds
[2025-04-28T16:04:39.697+0000] {processor.py:186} INFO - Started process (PID=41194) to work on /opt/airflow/dags/dag_with_python_operator.py
[2025-04-28T16:04:39.699+0000] {processor.py:914} INFO - Processing file /opt/airflow/dags/dag_with_python_operator.py for tasks to queue
[2025-04-28T16:04:39.702+0000] {logging_mixin.py:190} INFO - [2025-04-28T16:04:39.701+0000] {dagbag.py:588} INFO - Filling up the DagBag from /opt/airflow/dags/dag_with_python_operator.py
[2025-04-28T16:04:39.725+0000] {processor.py:925} INFO - DAG(s) 'first_with_python_v4' retrieved from /opt/airflow/dags/dag_with_python_operator.py
[2025-04-28T16:04:39.740+0000] {logging_mixin.py:190} INFO - [2025-04-28T16:04:39.740+0000] {dag.py:3239} INFO - Sync 1 DAGs
[2025-04-28T16:04:39.754+0000] {logging_mixin.py:190} INFO - [2025-04-28T16:04:39.754+0000] {dag.py:4180} INFO - Setting next_dagrun for first_with_python_v4 to 2025-02-28 00:00:00+00:00, run_after=2025-03-01 00:00:00+00:00
[2025-04-28T16:04:39.767+0000] {processor.py:208} INFO - Processing /opt/airflow/dags/dag_with_python_operator.py took 0.075 seconds
[2025-04-28T16:05:10.045+0000] {processor.py:186} INFO - Started process (PID=41215) to work on /opt/airflow/dags/dag_with_python_operator.py
[2025-04-28T16:05:10.047+0000] {processor.py:914} INFO - Processing file /opt/airflow/dags/dag_with_python_operator.py for tasks to queue
[2025-04-28T16:05:10.049+0000] {logging_mixin.py:190} INFO - [2025-04-28T16:05:10.049+0000] {dagbag.py:588} INFO - Filling up the DagBag from /opt/airflow/dags/dag_with_python_operator.py
[2025-04-28T16:05:10.066+0000] {processor.py:925} INFO - DAG(s) 'first_with_python_v4' retrieved from /opt/airflow/dags/dag_with_python_operator.py
[2025-04-28T16:05:10.079+0000] {logging_mixin.py:190} INFO - [2025-04-28T16:05:10.079+0000] {dag.py:3239} INFO - Sync 1 DAGs
[2025-04-28T16:05:10.093+0000] {logging_mixin.py:190} INFO - [2025-04-28T16:05:10.093+0000] {dag.py:4180} INFO - Setting next_dagrun for first_with_python_v4 to 2025-02-28 00:00:00+00:00, run_after=2025-03-01 00:00:00+00:00
[2025-04-28T16:05:10.106+0000] {processor.py:208} INFO - Processing /opt/airflow/dags/dag_with_python_operator.py took 0.067 seconds
[2025-04-28T16:05:40.373+0000] {processor.py:186} INFO - Started process (PID=41236) to work on /opt/airflow/dags/dag_with_python_operator.py
[2025-04-28T16:05:40.374+0000] {processor.py:914} INFO - Processing file /opt/airflow/dags/dag_with_python_operator.py for tasks to queue
[2025-04-28T16:05:40.376+0000] {logging_mixin.py:190} INFO - [2025-04-28T16:05:40.376+0000] {dagbag.py:588} INFO - Filling up the DagBag from /opt/airflow/dags/dag_with_python_operator.py
[2025-04-28T16:05:40.387+0000] {processor.py:925} INFO - DAG(s) 'first_with_python_v4' retrieved from /opt/airflow/dags/dag_with_python_operator.py
[2025-04-28T16:05:40.401+0000] {logging_mixin.py:190} INFO - [2025-04-28T16:05:40.401+0000] {dag.py:3239} INFO - Sync 1 DAGs
[2025-04-28T16:05:40.415+0000] {logging_mixin.py:190} INFO - [2025-04-28T16:05:40.415+0000] {dag.py:4180} INFO - Setting next_dagrun for first_with_python_v4 to 2025-02-28 00:00:00+00:00, run_after=2025-03-01 00:00:00+00:00
[2025-04-28T16:05:40.428+0000] {processor.py:208} INFO - Processing /opt/airflow/dags/dag_with_python_operator.py took 0.059 seconds
[2025-04-28T16:06:10.774+0000] {processor.py:186} INFO - Started process (PID=41257) to work on /opt/airflow/dags/dag_with_python_operator.py
[2025-04-28T16:06:10.779+0000] {processor.py:914} INFO - Processing file /opt/airflow/dags/dag_with_python_operator.py for tasks to queue
[2025-04-28T16:06:10.784+0000] {logging_mixin.py:190} INFO - [2025-04-28T16:06:10.783+0000] {dagbag.py:588} INFO - Filling up the DagBag from /opt/airflow/dags/dag_with_python_operator.py
[2025-04-28T16:06:10.829+0000] {processor.py:925} INFO - DAG(s) 'first_with_python_v4' retrieved from /opt/airflow/dags/dag_with_python_operator.py
[2025-04-28T16:06:10.844+0000] {logging_mixin.py:190} INFO - [2025-04-28T16:06:10.844+0000] {dag.py:3239} INFO - Sync 1 DAGs
[2025-04-28T16:06:10.859+0000] {logging_mixin.py:190} INFO - [2025-04-28T16:06:10.858+0000] {dag.py:4180} INFO - Setting next_dagrun for first_with_python_v4 to 2025-02-28 00:00:00+00:00, run_after=2025-03-01 00:00:00+00:00
[2025-04-28T16:06:10.871+0000] {processor.py:208} INFO - Processing /opt/airflow/dags/dag_with_python_operator.py took 0.103 seconds
[2025-04-28T16:06:41.168+0000] {processor.py:186} INFO - Started process (PID=41278) to work on /opt/airflow/dags/dag_with_python_operator.py
[2025-04-28T16:06:41.172+0000] {processor.py:914} INFO - Processing file /opt/airflow/dags/dag_with_python_operator.py for tasks to queue
[2025-04-28T16:06:41.178+0000] {logging_mixin.py:190} INFO - [2025-04-28T16:06:41.178+0000] {dagbag.py:588} INFO - Filling up the DagBag from /opt/airflow/dags/dag_with_python_operator.py
[2025-04-28T16:06:41.210+0000] {processor.py:925} INFO - DAG(s) 'first_with_python_v4' retrieved from /opt/airflow/dags/dag_with_python_operator.py
[2025-04-28T16:06:41.226+0000] {logging_mixin.py:190} INFO - [2025-04-28T16:06:41.226+0000] {dag.py:3239} INFO - Sync 1 DAGs
[2025-04-28T16:06:41.243+0000] {logging_mixin.py:190} INFO - [2025-04-28T16:06:41.243+0000] {dag.py:4180} INFO - Setting next_dagrun for first_with_python_v4 to 2025-02-28 00:00:00+00:00, run_after=2025-03-01 00:00:00+00:00
[2025-04-28T16:06:41.256+0000] {processor.py:208} INFO - Processing /opt/airflow/dags/dag_with_python_operator.py took 0.096 seconds
[2025-04-28T16:07:11.516+0000] {processor.py:186} INFO - Started process (PID=41299) to work on /opt/airflow/dags/dag_with_python_operator.py
[2025-04-28T16:07:11.520+0000] {processor.py:914} INFO - Processing file /opt/airflow/dags/dag_with_python_operator.py for tasks to queue
[2025-04-28T16:07:11.523+0000] {logging_mixin.py:190} INFO - [2025-04-28T16:07:11.523+0000] {dagbag.py:588} INFO - Filling up the DagBag from /opt/airflow/dags/dag_with_python_operator.py
[2025-04-28T16:07:11.557+0000] {processor.py:925} INFO - DAG(s) 'first_with_python_v4' retrieved from /opt/airflow/dags/dag_with_python_operator.py
[2025-04-28T16:07:11.572+0000] {logging_mixin.py:190} INFO - [2025-04-28T16:07:11.571+0000] {dag.py:3239} INFO - Sync 1 DAGs
[2025-04-28T16:07:11.588+0000] {logging_mixin.py:190} INFO - [2025-04-28T16:07:11.588+0000] {dag.py:4180} INFO - Setting next_dagrun for first_with_python_v4 to 2025-02-28 00:00:00+00:00, run_after=2025-03-01 00:00:00+00:00
[2025-04-28T16:07:11.601+0000] {processor.py:208} INFO - Processing /opt/airflow/dags/dag_with_python_operator.py took 0.090 seconds
[2025-04-28T16:07:41.897+0000] {processor.py:186} INFO - Started process (PID=41320) to work on /opt/airflow/dags/dag_with_python_operator.py
[2025-04-28T16:07:41.901+0000] {processor.py:914} INFO - Processing file /opt/airflow/dags/dag_with_python_operator.py for tasks to queue
[2025-04-28T16:07:41.907+0000] {logging_mixin.py:190} INFO - [2025-04-28T16:07:41.907+0000] {dagbag.py:588} INFO - Filling up the DagBag from /opt/airflow/dags/dag_with_python_operator.py
[2025-04-28T16:07:41.934+0000] {processor.py:925} INFO - DAG(s) 'first_with_python_v4' retrieved from /opt/airflow/dags/dag_with_python_operator.py
[2025-04-28T16:07:41.950+0000] {logging_mixin.py:190} INFO - [2025-04-28T16:07:41.949+0000] {dag.py:3239} INFO - Sync 1 DAGs
[2025-04-28T16:07:41.966+0000] {logging_mixin.py:190} INFO - [2025-04-28T16:07:41.966+0000] {dag.py:4180} INFO - Setting next_dagrun for first_with_python_v4 to 2025-02-28 00:00:00+00:00, run_after=2025-03-01 00:00:00+00:00
[2025-04-28T16:07:41.979+0000] {processor.py:208} INFO - Processing /opt/airflow/dags/dag_with_python_operator.py took 0.094 seconds
[2025-04-28T16:08:12.269+0000] {processor.py:186} INFO - Started process (PID=41341) to work on /opt/airflow/dags/dag_with_python_operator.py
[2025-04-28T16:08:12.273+0000] {processor.py:914} INFO - Processing file /opt/airflow/dags/dag_with_python_operator.py for tasks to queue
[2025-04-28T16:08:12.277+0000] {logging_mixin.py:190} INFO - [2025-04-28T16:08:12.276+0000] {dagbag.py:588} INFO - Filling up the DagBag from /opt/airflow/dags/dag_with_python_operator.py
[2025-04-28T16:08:12.318+0000] {processor.py:925} INFO - DAG(s) 'first_with_python_v4' retrieved from /opt/airflow/dags/dag_with_python_operator.py
[2025-04-28T16:08:12.332+0000] {logging_mixin.py:190} INFO - [2025-04-28T16:08:12.332+0000] {dag.py:3239} INFO - Sync 1 DAGs
[2025-04-28T16:08:12.354+0000] {logging_mixin.py:190} INFO - [2025-04-28T16:08:12.353+0000] {dag.py:4180} INFO - Setting next_dagrun for first_with_python_v4 to 2025-02-28 00:00:00+00:00, run_after=2025-03-01 00:00:00+00:00
[2025-04-28T16:08:12.368+0000] {processor.py:208} INFO - Processing /opt/airflow/dags/dag_with_python_operator.py took 0.103 seconds
[2025-04-28T16:08:42.588+0000] {processor.py:186} INFO - Started process (PID=41362) to work on /opt/airflow/dags/dag_with_python_operator.py
[2025-04-28T16:08:42.589+0000] {processor.py:914} INFO - Processing file /opt/airflow/dags/dag_with_python_operator.py for tasks to queue
[2025-04-28T16:08:42.592+0000] {logging_mixin.py:190} INFO - [2025-04-28T16:08:42.591+0000] {dagbag.py:588} INFO - Filling up the DagBag from /opt/airflow/dags/dag_with_python_operator.py
[2025-04-28T16:08:42.615+0000] {processor.py:925} INFO - DAG(s) 'first_with_python_v4' retrieved from /opt/airflow/dags/dag_with_python_operator.py
[2025-04-28T16:08:42.630+0000] {logging_mixin.py:190} INFO - [2025-04-28T16:08:42.630+0000] {dag.py:3239} INFO - Sync 1 DAGs
[2025-04-28T16:08:42.645+0000] {logging_mixin.py:190} INFO - [2025-04-28T16:08:42.644+0000] {dag.py:4180} INFO - Setting next_dagrun for first_with_python_v4 to 2025-02-28 00:00:00+00:00, run_after=2025-03-01 00:00:00+00:00
[2025-04-28T16:08:42.659+0000] {processor.py:208} INFO - Processing /opt/airflow/dags/dag_with_python_operator.py took 0.075 seconds
[2025-04-28T16:09:13.003+0000] {processor.py:186} INFO - Started process (PID=41383) to work on /opt/airflow/dags/dag_with_python_operator.py
[2025-04-28T16:09:13.004+0000] {processor.py:914} INFO - Processing file /opt/airflow/dags/dag_with_python_operator.py for tasks to queue
[2025-04-28T16:09:13.008+0000] {logging_mixin.py:190} INFO - [2025-04-28T16:09:13.007+0000] {dagbag.py:588} INFO - Filling up the DagBag from /opt/airflow/dags/dag_with_python_operator.py
[2025-04-28T16:09:13.032+0000] {processor.py:925} INFO - DAG(s) 'first_with_python_v4' retrieved from /opt/airflow/dags/dag_with_python_operator.py
[2025-04-28T16:09:13.048+0000] {logging_mixin.py:190} INFO - [2025-04-28T16:09:13.048+0000] {dag.py:3239} INFO - Sync 1 DAGs
[2025-04-28T16:09:13.066+0000] {logging_mixin.py:190} INFO - [2025-04-28T16:09:13.066+0000] {dag.py:4180} INFO - Setting next_dagrun for first_with_python_v4 to 2025-02-28 00:00:00+00:00, run_after=2025-03-01 00:00:00+00:00
[2025-04-28T16:09:13.081+0000] {processor.py:208} INFO - Processing /opt/airflow/dags/dag_with_python_operator.py took 0.082 seconds
[2025-04-28T16:09:43.383+0000] {processor.py:186} INFO - Started process (PID=41404) to work on /opt/airflow/dags/dag_with_python_operator.py
[2025-04-28T16:09:43.386+0000] {processor.py:914} INFO - Processing file /opt/airflow/dags/dag_with_python_operator.py for tasks to queue
[2025-04-28T16:09:43.388+0000] {logging_mixin.py:190} INFO - [2025-04-28T16:09:43.388+0000] {dagbag.py:588} INFO - Filling up the DagBag from /opt/airflow/dags/dag_with_python_operator.py
[2025-04-28T16:09:43.410+0000] {processor.py:925} INFO - DAG(s) 'first_with_python_v4' retrieved from /opt/airflow/dags/dag_with_python_operator.py
[2025-04-28T16:09:43.424+0000] {logging_mixin.py:190} INFO - [2025-04-28T16:09:43.424+0000] {dag.py:3239} INFO - Sync 1 DAGs
[2025-04-28T16:09:43.439+0000] {logging_mixin.py:190} INFO - [2025-04-28T16:09:43.438+0000] {dag.py:4180} INFO - Setting next_dagrun for first_with_python_v4 to 2025-02-28 00:00:00+00:00, run_after=2025-03-01 00:00:00+00:00
[2025-04-28T16:09:43.451+0000] {processor.py:208} INFO - Processing /opt/airflow/dags/dag_with_python_operator.py took 0.072 seconds
[2025-04-28T16:10:13.759+0000] {processor.py:186} INFO - Started process (PID=41425) to work on /opt/airflow/dags/dag_with_python_operator.py
[2025-04-28T16:10:13.764+0000] {processor.py:914} INFO - Processing file /opt/airflow/dags/dag_with_python_operator.py for tasks to queue
[2025-04-28T16:10:13.770+0000] {logging_mixin.py:190} INFO - [2025-04-28T16:10:13.769+0000] {dagbag.py:588} INFO - Filling up the DagBag from /opt/airflow/dags/dag_with_python_operator.py
[2025-04-28T16:10:13.821+0000] {processor.py:925} INFO - DAG(s) 'first_with_python_v4' retrieved from /opt/airflow/dags/dag_with_python_operator.py
[2025-04-28T16:10:13.837+0000] {logging_mixin.py:190} INFO - [2025-04-28T16:10:13.837+0000] {dag.py:3239} INFO - Sync 1 DAGs
[2025-04-28T16:10:13.851+0000] {logging_mixin.py:190} INFO - [2025-04-28T16:10:13.851+0000] {dag.py:4180} INFO - Setting next_dagrun for first_with_python_v4 to 2025-02-28 00:00:00+00:00, run_after=2025-03-01 00:00:00+00:00
[2025-04-28T16:10:13.868+0000] {processor.py:208} INFO - Processing /opt/airflow/dags/dag_with_python_operator.py took 0.113 seconds
[2025-04-28T16:10:44.139+0000] {processor.py:186} INFO - Started process (PID=41445) to work on /opt/airflow/dags/dag_with_python_operator.py
[2025-04-28T16:10:44.141+0000] {processor.py:914} INFO - Processing file /opt/airflow/dags/dag_with_python_operator.py for tasks to queue
[2025-04-28T16:10:44.143+0000] {logging_mixin.py:190} INFO - [2025-04-28T16:10:44.143+0000] {dagbag.py:588} INFO - Filling up the DagBag from /opt/airflow/dags/dag_with_python_operator.py
[2025-04-28T16:10:44.160+0000] {processor.py:925} INFO - DAG(s) 'first_with_python_v4' retrieved from /opt/airflow/dags/dag_with_python_operator.py
[2025-04-28T16:10:44.177+0000] {logging_mixin.py:190} INFO - [2025-04-28T16:10:44.177+0000] {dag.py:3239} INFO - Sync 1 DAGs
[2025-04-28T16:10:44.194+0000] {logging_mixin.py:190} INFO - [2025-04-28T16:10:44.194+0000] {dag.py:4180} INFO - Setting next_dagrun for first_with_python_v4 to 2025-02-28 00:00:00+00:00, run_after=2025-03-01 00:00:00+00:00
[2025-04-28T16:10:44.207+0000] {processor.py:208} INFO - Processing /opt/airflow/dags/dag_with_python_operator.py took 0.073 seconds
[2025-04-28T16:11:14.539+0000] {processor.py:186} INFO - Started process (PID=41466) to work on /opt/airflow/dags/dag_with_python_operator.py
[2025-04-28T16:11:14.541+0000] {processor.py:914} INFO - Processing file /opt/airflow/dags/dag_with_python_operator.py for tasks to queue
[2025-04-28T16:11:14.545+0000] {logging_mixin.py:190} INFO - [2025-04-28T16:11:14.544+0000] {dagbag.py:588} INFO - Filling up the DagBag from /opt/airflow/dags/dag_with_python_operator.py
[2025-04-28T16:11:14.569+0000] {processor.py:925} INFO - DAG(s) 'first_with_python_v4' retrieved from /opt/airflow/dags/dag_with_python_operator.py
[2025-04-28T16:11:14.584+0000] {logging_mixin.py:190} INFO - [2025-04-28T16:11:14.584+0000] {dag.py:3239} INFO - Sync 1 DAGs
[2025-04-28T16:11:14.601+0000] {logging_mixin.py:190} INFO - [2025-04-28T16:11:14.601+0000] {dag.py:4180} INFO - Setting next_dagrun for first_with_python_v4 to 2025-02-28 00:00:00+00:00, run_after=2025-03-01 00:00:00+00:00
[2025-04-28T16:11:14.615+0000] {processor.py:208} INFO - Processing /opt/airflow/dags/dag_with_python_operator.py took 0.080 seconds
[2025-04-28T16:11:44.886+0000] {processor.py:186} INFO - Started process (PID=41487) to work on /opt/airflow/dags/dag_with_python_operator.py
[2025-04-28T16:11:44.887+0000] {processor.py:914} INFO - Processing file /opt/airflow/dags/dag_with_python_operator.py for tasks to queue
[2025-04-28T16:11:44.890+0000] {logging_mixin.py:190} INFO - [2025-04-28T16:11:44.889+0000] {dagbag.py:588} INFO - Filling up the DagBag from /opt/airflow/dags/dag_with_python_operator.py
[2025-04-28T16:11:44.904+0000] {processor.py:925} INFO - DAG(s) 'first_with_python_v4' retrieved from /opt/airflow/dags/dag_with_python_operator.py
[2025-04-28T16:11:44.919+0000] {logging_mixin.py:190} INFO - [2025-04-28T16:11:44.919+0000] {dag.py:3239} INFO - Sync 1 DAGs
[2025-04-28T16:11:44.933+0000] {logging_mixin.py:190} INFO - [2025-04-28T16:11:44.933+0000] {dag.py:4180} INFO - Setting next_dagrun for first_with_python_v4 to 2025-02-28 00:00:00+00:00, run_after=2025-03-01 00:00:00+00:00
[2025-04-28T16:11:44.945+0000] {processor.py:208} INFO - Processing /opt/airflow/dags/dag_with_python_operator.py took 0.063 seconds
[2025-04-28T16:12:15.271+0000] {processor.py:186} INFO - Started process (PID=41508) to work on /opt/airflow/dags/dag_with_python_operator.py
[2025-04-28T16:12:15.273+0000] {processor.py:914} INFO - Processing file /opt/airflow/dags/dag_with_python_operator.py for tasks to queue
[2025-04-28T16:12:15.275+0000] {logging_mixin.py:190} INFO - [2025-04-28T16:12:15.275+0000] {dagbag.py:588} INFO - Filling up the DagBag from /opt/airflow/dags/dag_with_python_operator.py
[2025-04-28T16:12:15.289+0000] {processor.py:925} INFO - DAG(s) 'first_with_python_v4' retrieved from /opt/airflow/dags/dag_with_python_operator.py
[2025-04-28T16:12:15.302+0000] {logging_mixin.py:190} INFO - [2025-04-28T16:12:15.302+0000] {dag.py:3239} INFO - Sync 1 DAGs
[2025-04-28T16:12:15.315+0000] {logging_mixin.py:190} INFO - [2025-04-28T16:12:15.315+0000] {dag.py:4180} INFO - Setting next_dagrun for first_with_python_v4 to 2025-02-28 00:00:00+00:00, run_after=2025-03-01 00:00:00+00:00
[2025-04-28T16:12:15.328+0000] {processor.py:208} INFO - Processing /opt/airflow/dags/dag_with_python_operator.py took 0.060 seconds
[2025-04-28T16:12:45.602+0000] {processor.py:186} INFO - Started process (PID=41529) to work on /opt/airflow/dags/dag_with_python_operator.py
[2025-04-28T16:12:45.604+0000] {processor.py:914} INFO - Processing file /opt/airflow/dags/dag_with_python_operator.py for tasks to queue
[2025-04-28T16:12:45.607+0000] {logging_mixin.py:190} INFO - [2025-04-28T16:12:45.606+0000] {dagbag.py:588} INFO - Filling up the DagBag from /opt/airflow/dags/dag_with_python_operator.py
[2025-04-28T16:12:45.630+0000] {processor.py:925} INFO - DAG(s) 'first_with_python_v4' retrieved from /opt/airflow/dags/dag_with_python_operator.py
[2025-04-28T16:12:45.645+0000] {logging_mixin.py:190} INFO - [2025-04-28T16:12:45.645+0000] {dag.py:3239} INFO - Sync 1 DAGs
[2025-04-28T16:12:45.660+0000] {logging_mixin.py:190} INFO - [2025-04-28T16:12:45.660+0000] {dag.py:4180} INFO - Setting next_dagrun for first_with_python_v4 to 2025-02-28 00:00:00+00:00, run_after=2025-03-01 00:00:00+00:00
[2025-04-28T16:12:45.673+0000] {processor.py:208} INFO - Processing /opt/airflow/dags/dag_with_python_operator.py took 0.076 seconds
[2025-04-28T16:13:16.062+0000] {processor.py:186} INFO - Started process (PID=41551) to work on /opt/airflow/dags/dag_with_python_operator.py
[2025-04-28T16:13:16.067+0000] {processor.py:914} INFO - Processing file /opt/airflow/dags/dag_with_python_operator.py for tasks to queue
[2025-04-28T16:13:16.080+0000] {logging_mixin.py:190} INFO - [2025-04-28T16:13:16.078+0000] {dagbag.py:588} INFO - Filling up the DagBag from /opt/airflow/dags/dag_with_python_operator.py
[2025-04-28T16:13:16.117+0000] {processor.py:925} INFO - DAG(s) 'first_with_python_v4' retrieved from /opt/airflow/dags/dag_with_python_operator.py
[2025-04-28T16:13:16.137+0000] {logging_mixin.py:190} INFO - [2025-04-28T16:13:16.137+0000] {dag.py:3239} INFO - Sync 1 DAGs
[2025-04-28T16:13:16.157+0000] {logging_mixin.py:190} INFO - [2025-04-28T16:13:16.157+0000] {dag.py:4180} INFO - Setting next_dagrun for first_with_python_v4 to 2025-02-28 00:00:00+00:00, run_after=2025-03-01 00:00:00+00:00
[2025-04-28T16:13:16.173+0000] {processor.py:208} INFO - Processing /opt/airflow/dags/dag_with_python_operator.py took 0.121 seconds
[2025-04-28T16:13:46.409+0000] {processor.py:186} INFO - Started process (PID=41572) to work on /opt/airflow/dags/dag_with_python_operator.py
[2025-04-28T16:13:46.410+0000] {processor.py:914} INFO - Processing file /opt/airflow/dags/dag_with_python_operator.py for tasks to queue
[2025-04-28T16:13:46.413+0000] {logging_mixin.py:190} INFO - [2025-04-28T16:13:46.412+0000] {dagbag.py:588} INFO - Filling up the DagBag from /opt/airflow/dags/dag_with_python_operator.py
[2025-04-28T16:13:46.437+0000] {processor.py:925} INFO - DAG(s) 'first_with_python_v4' retrieved from /opt/airflow/dags/dag_with_python_operator.py
[2025-04-28T16:13:46.451+0000] {logging_mixin.py:190} INFO - [2025-04-28T16:13:46.451+0000] {dag.py:3239} INFO - Sync 1 DAGs
[2025-04-28T16:13:46.465+0000] {logging_mixin.py:190} INFO - [2025-04-28T16:13:46.465+0000] {dag.py:4180} INFO - Setting next_dagrun for first_with_python_v4 to 2025-02-28 00:00:00+00:00, run_after=2025-03-01 00:00:00+00:00
[2025-04-28T16:13:46.478+0000] {processor.py:208} INFO - Processing /opt/airflow/dags/dag_with_python_operator.py took 0.073 seconds
[2025-04-28T16:14:16.856+0000] {processor.py:186} INFO - Started process (PID=41593) to work on /opt/airflow/dags/dag_with_python_operator.py
[2025-04-28T16:14:16.857+0000] {processor.py:914} INFO - Processing file /opt/airflow/dags/dag_with_python_operator.py for tasks to queue
[2025-04-28T16:14:16.860+0000] {logging_mixin.py:190} INFO - [2025-04-28T16:14:16.860+0000] {dagbag.py:588} INFO - Filling up the DagBag from /opt/airflow/dags/dag_with_python_operator.py
[2025-04-28T16:14:16.884+0000] {processor.py:925} INFO - DAG(s) 'first_with_python_v4' retrieved from /opt/airflow/dags/dag_with_python_operator.py
[2025-04-28T16:14:16.900+0000] {logging_mixin.py:190} INFO - [2025-04-28T16:14:16.900+0000] {dag.py:3239} INFO - Sync 1 DAGs
[2025-04-28T16:14:16.914+0000] {logging_mixin.py:190} INFO - [2025-04-28T16:14:16.914+0000] {dag.py:4180} INFO - Setting next_dagrun for first_with_python_v4 to 2025-02-28 00:00:00+00:00, run_after=2025-03-01 00:00:00+00:00
[2025-04-28T16:14:16.926+0000] {processor.py:208} INFO - Processing /opt/airflow/dags/dag_with_python_operator.py took 0.077 seconds
[2025-04-28T16:14:47.163+0000] {processor.py:186} INFO - Started process (PID=41613) to work on /opt/airflow/dags/dag_with_python_operator.py
[2025-04-28T16:14:47.165+0000] {processor.py:914} INFO - Processing file /opt/airflow/dags/dag_with_python_operator.py for tasks to queue
[2025-04-28T16:14:47.168+0000] {logging_mixin.py:190} INFO - [2025-04-28T16:14:47.167+0000] {dagbag.py:588} INFO - Filling up the DagBag from /opt/airflow/dags/dag_with_python_operator.py
[2025-04-28T16:14:47.192+0000] {processor.py:925} INFO - DAG(s) 'first_with_python_v4' retrieved from /opt/airflow/dags/dag_with_python_operator.py
[2025-04-28T16:14:47.210+0000] {logging_mixin.py:190} INFO - [2025-04-28T16:14:47.210+0000] {dag.py:3239} INFO - Sync 1 DAGs
[2025-04-28T16:14:47.225+0000] {logging_mixin.py:190} INFO - [2025-04-28T16:14:47.225+0000] {dag.py:4180} INFO - Setting next_dagrun for first_with_python_v4 to 2025-02-28 00:00:00+00:00, run_after=2025-03-01 00:00:00+00:00
[2025-04-28T16:14:47.239+0000] {processor.py:208} INFO - Processing /opt/airflow/dags/dag_with_python_operator.py took 0.081 seconds
[2025-04-28T16:15:17.635+0000] {processor.py:186} INFO - Started process (PID=41634) to work on /opt/airflow/dags/dag_with_python_operator.py
[2025-04-28T16:15:17.636+0000] {processor.py:914} INFO - Processing file /opt/airflow/dags/dag_with_python_operator.py for tasks to queue
[2025-04-28T16:15:17.641+0000] {logging_mixin.py:190} INFO - [2025-04-28T16:15:17.641+0000] {dagbag.py:588} INFO - Filling up the DagBag from /opt/airflow/dags/dag_with_python_operator.py
[2025-04-28T16:15:17.666+0000] {processor.py:925} INFO - DAG(s) 'first_with_python_v4' retrieved from /opt/airflow/dags/dag_with_python_operator.py
[2025-04-28T16:15:17.681+0000] {logging_mixin.py:190} INFO - [2025-04-28T16:15:17.680+0000] {dag.py:3239} INFO - Sync 1 DAGs
[2025-04-28T16:15:17.694+0000] {logging_mixin.py:190} INFO - [2025-04-28T16:15:17.694+0000] {dag.py:4180} INFO - Setting next_dagrun for first_with_python_v4 to 2025-02-28 00:00:00+00:00, run_after=2025-03-01 00:00:00+00:00
[2025-04-28T16:15:17.706+0000] {processor.py:208} INFO - Processing /opt/airflow/dags/dag_with_python_operator.py took 0.078 seconds
[2025-04-28T16:15:47.973+0000] {processor.py:186} INFO - Started process (PID=41655) to work on /opt/airflow/dags/dag_with_python_operator.py
[2025-04-28T16:15:47.974+0000] {processor.py:914} INFO - Processing file /opt/airflow/dags/dag_with_python_operator.py for tasks to queue
[2025-04-28T16:15:47.977+0000] {logging_mixin.py:190} INFO - [2025-04-28T16:15:47.977+0000] {dagbag.py:588} INFO - Filling up the DagBag from /opt/airflow/dags/dag_with_python_operator.py
[2025-04-28T16:15:47.993+0000] {processor.py:925} INFO - DAG(s) 'first_with_python_v4' retrieved from /opt/airflow/dags/dag_with_python_operator.py
[2025-04-28T16:15:48.008+0000] {logging_mixin.py:190} INFO - [2025-04-28T16:15:48.008+0000] {dag.py:3239} INFO - Sync 1 DAGs
[2025-04-28T16:15:48.022+0000] {logging_mixin.py:190} INFO - [2025-04-28T16:15:48.022+0000] {dag.py:4180} INFO - Setting next_dagrun for first_with_python_v4 to 2025-02-28 00:00:00+00:00, run_after=2025-03-01 00:00:00+00:00
[2025-04-28T16:15:48.046+0000] {processor.py:208} INFO - Processing /opt/airflow/dags/dag_with_python_operator.py took 0.077 seconds
[2025-04-28T16:16:18.433+0000] {processor.py:186} INFO - Started process (PID=41676) to work on /opt/airflow/dags/dag_with_python_operator.py
[2025-04-28T16:16:18.435+0000] {processor.py:914} INFO - Processing file /opt/airflow/dags/dag_with_python_operator.py for tasks to queue
[2025-04-28T16:16:18.441+0000] {logging_mixin.py:190} INFO - [2025-04-28T16:16:18.440+0000] {dagbag.py:588} INFO - Filling up the DagBag from /opt/airflow/dags/dag_with_python_operator.py
[2025-04-28T16:16:18.470+0000] {processor.py:925} INFO - DAG(s) 'first_with_python_v4' retrieved from /opt/airflow/dags/dag_with_python_operator.py
[2025-04-28T16:16:18.487+0000] {logging_mixin.py:190} INFO - [2025-04-28T16:16:18.487+0000] {dag.py:3239} INFO - Sync 1 DAGs
[2025-04-28T16:16:18.509+0000] {logging_mixin.py:190} INFO - [2025-04-28T16:16:18.508+0000] {dag.py:4180} INFO - Setting next_dagrun for first_with_python_v4 to 2025-02-28 00:00:00+00:00, run_after=2025-03-01 00:00:00+00:00
[2025-04-28T16:16:18.524+0000] {processor.py:208} INFO - Processing /opt/airflow/dags/dag_with_python_operator.py took 0.101 seconds
[2025-04-28T16:16:48.834+0000] {processor.py:186} INFO - Started process (PID=41697) to work on /opt/airflow/dags/dag_with_python_operator.py
[2025-04-28T16:16:48.836+0000] {processor.py:914} INFO - Processing file /opt/airflow/dags/dag_with_python_operator.py for tasks to queue
[2025-04-28T16:16:48.839+0000] {logging_mixin.py:190} INFO - [2025-04-28T16:16:48.839+0000] {dagbag.py:588} INFO - Filling up the DagBag from /opt/airflow/dags/dag_with_python_operator.py
[2025-04-28T16:16:48.862+0000] {processor.py:925} INFO - DAG(s) 'first_with_python_v4' retrieved from /opt/airflow/dags/dag_with_python_operator.py
[2025-04-28T16:16:48.881+0000] {logging_mixin.py:190} INFO - [2025-04-28T16:16:48.881+0000] {dag.py:3239} INFO - Sync 1 DAGs
[2025-04-28T16:16:48.897+0000] {logging_mixin.py:190} INFO - [2025-04-28T16:16:48.897+0000] {dag.py:4180} INFO - Setting next_dagrun for first_with_python_v4 to 2025-02-28 00:00:00+00:00, run_after=2025-03-01 00:00:00+00:00
[2025-04-28T16:16:48.926+0000] {processor.py:208} INFO - Processing /opt/airflow/dags/dag_with_python_operator.py took 0.096 seconds
[2025-04-28T16:17:19.253+0000] {processor.py:186} INFO - Started process (PID=41718) to work on /opt/airflow/dags/dag_with_python_operator.py
[2025-04-28T16:17:19.254+0000] {processor.py:914} INFO - Processing file /opt/airflow/dags/dag_with_python_operator.py for tasks to queue
[2025-04-28T16:17:19.256+0000] {logging_mixin.py:190} INFO - [2025-04-28T16:17:19.256+0000] {dagbag.py:588} INFO - Filling up the DagBag from /opt/airflow/dags/dag_with_python_operator.py
[2025-04-28T16:17:19.268+0000] {processor.py:925} INFO - DAG(s) 'first_with_python_v4' retrieved from /opt/airflow/dags/dag_with_python_operator.py
[2025-04-28T16:17:19.281+0000] {logging_mixin.py:190} INFO - [2025-04-28T16:17:19.280+0000] {dag.py:3239} INFO - Sync 1 DAGs
[2025-04-28T16:17:19.295+0000] {logging_mixin.py:190} INFO - [2025-04-28T16:17:19.294+0000] {dag.py:4180} INFO - Setting next_dagrun for first_with_python_v4 to 2025-02-28 00:00:00+00:00, run_after=2025-03-01 00:00:00+00:00
[2025-04-28T16:17:19.307+0000] {processor.py:208} INFO - Processing /opt/airflow/dags/dag_with_python_operator.py took 0.059 seconds
[2025-04-28T16:17:49.593+0000] {processor.py:186} INFO - Started process (PID=41739) to work on /opt/airflow/dags/dag_with_python_operator.py
[2025-04-28T16:17:49.595+0000] {processor.py:914} INFO - Processing file /opt/airflow/dags/dag_with_python_operator.py for tasks to queue
[2025-04-28T16:17:49.597+0000] {logging_mixin.py:190} INFO - [2025-04-28T16:17:49.597+0000] {dagbag.py:588} INFO - Filling up the DagBag from /opt/airflow/dags/dag_with_python_operator.py
[2025-04-28T16:17:49.614+0000] {processor.py:925} INFO - DAG(s) 'first_with_python_v4' retrieved from /opt/airflow/dags/dag_with_python_operator.py
[2025-04-28T16:17:49.630+0000] {logging_mixin.py:190} INFO - [2025-04-28T16:17:49.630+0000] {dag.py:3239} INFO - Sync 1 DAGs
[2025-04-28T16:17:49.645+0000] {logging_mixin.py:190} INFO - [2025-04-28T16:17:49.645+0000] {dag.py:4180} INFO - Setting next_dagrun for first_with_python_v4 to 2025-02-28 00:00:00+00:00, run_after=2025-03-01 00:00:00+00:00
[2025-04-28T16:17:49.657+0000] {processor.py:208} INFO - Processing /opt/airflow/dags/dag_with_python_operator.py took 0.069 seconds
[2025-04-28T16:18:20.020+0000] {processor.py:186} INFO - Started process (PID=41759) to work on /opt/airflow/dags/dag_with_python_operator.py
[2025-04-28T16:18:20.022+0000] {processor.py:914} INFO - Processing file /opt/airflow/dags/dag_with_python_operator.py for tasks to queue
[2025-04-28T16:18:20.025+0000] {logging_mixin.py:190} INFO - [2025-04-28T16:18:20.025+0000] {dagbag.py:588} INFO - Filling up the DagBag from /opt/airflow/dags/dag_with_python_operator.py
[2025-04-28T16:18:20.053+0000] {processor.py:925} INFO - DAG(s) 'first_with_python_v4' retrieved from /opt/airflow/dags/dag_with_python_operator.py
[2025-04-28T16:18:20.067+0000] {logging_mixin.py:190} INFO - [2025-04-28T16:18:20.067+0000] {dag.py:3239} INFO - Sync 1 DAGs
[2025-04-28T16:18:20.083+0000] {logging_mixin.py:190} INFO - [2025-04-28T16:18:20.083+0000] {dag.py:4180} INFO - Setting next_dagrun for first_with_python_v4 to 2025-02-28 00:00:00+00:00, run_after=2025-03-01 00:00:00+00:00
[2025-04-28T16:18:20.097+0000] {processor.py:208} INFO - Processing /opt/airflow/dags/dag_with_python_operator.py took 0.082 seconds
[2025-04-28T16:18:50.382+0000] {processor.py:186} INFO - Started process (PID=41780) to work on /opt/airflow/dags/dag_with_python_operator.py
[2025-04-28T16:18:50.384+0000] {processor.py:914} INFO - Processing file /opt/airflow/dags/dag_with_python_operator.py for tasks to queue
[2025-04-28T16:18:50.388+0000] {logging_mixin.py:190} INFO - [2025-04-28T16:18:50.388+0000] {dagbag.py:588} INFO - Filling up the DagBag from /opt/airflow/dags/dag_with_python_operator.py
[2025-04-28T16:18:50.412+0000] {processor.py:925} INFO - DAG(s) 'first_with_python_v4' retrieved from /opt/airflow/dags/dag_with_python_operator.py
[2025-04-28T16:18:50.429+0000] {logging_mixin.py:190} INFO - [2025-04-28T16:18:50.429+0000] {dag.py:3239} INFO - Sync 1 DAGs
[2025-04-28T16:18:50.444+0000] {logging_mixin.py:190} INFO - [2025-04-28T16:18:50.444+0000] {dag.py:4180} INFO - Setting next_dagrun for first_with_python_v4 to 2025-02-28 00:00:00+00:00, run_after=2025-03-01 00:00:00+00:00
[2025-04-28T16:18:50.457+0000] {processor.py:208} INFO - Processing /opt/airflow/dags/dag_with_python_operator.py took 0.084 seconds
[2025-04-28T16:19:20.797+0000] {processor.py:186} INFO - Started process (PID=41807) to work on /opt/airflow/dags/dag_with_python_operator.py
[2025-04-28T16:19:20.798+0000] {processor.py:914} INFO - Processing file /opt/airflow/dags/dag_with_python_operator.py for tasks to queue
[2025-04-28T16:19:20.800+0000] {logging_mixin.py:190} INFO - [2025-04-28T16:19:20.800+0000] {dagbag.py:588} INFO - Filling up the DagBag from /opt/airflow/dags/dag_with_python_operator.py
[2025-04-28T16:19:20.824+0000] {processor.py:925} INFO - DAG(s) 'first_with_python_v4' retrieved from /opt/airflow/dags/dag_with_python_operator.py
[2025-04-28T16:19:20.839+0000] {logging_mixin.py:190} INFO - [2025-04-28T16:19:20.839+0000] {dag.py:3239} INFO - Sync 1 DAGs
[2025-04-28T16:19:20.854+0000] {logging_mixin.py:190} INFO - [2025-04-28T16:19:20.854+0000] {dag.py:4180} INFO - Setting next_dagrun for first_with_python_v4 to 2025-02-28 00:00:00+00:00, run_after=2025-03-01 00:00:00+00:00
[2025-04-28T16:19:20.867+0000] {processor.py:208} INFO - Processing /opt/airflow/dags/dag_with_python_operator.py took 0.073 seconds
[2025-04-28T16:19:51.202+0000] {processor.py:186} INFO - Started process (PID=41828) to work on /opt/airflow/dags/dag_with_python_operator.py
[2025-04-28T16:19:51.204+0000] {processor.py:914} INFO - Processing file /opt/airflow/dags/dag_with_python_operator.py for tasks to queue
[2025-04-28T16:19:51.208+0000] {logging_mixin.py:190} INFO - [2025-04-28T16:19:51.207+0000] {dagbag.py:588} INFO - Filling up the DagBag from /opt/airflow/dags/dag_with_python_operator.py
[2025-04-28T16:19:51.234+0000] {processor.py:925} INFO - DAG(s) 'first_with_python_v4' retrieved from /opt/airflow/dags/dag_with_python_operator.py
[2025-04-28T16:19:51.263+0000] {logging_mixin.py:190} INFO - [2025-04-28T16:19:51.262+0000] {dag.py:3239} INFO - Sync 1 DAGs
[2025-04-28T16:19:51.283+0000] {logging_mixin.py:190} INFO - [2025-04-28T16:19:51.283+0000] {dag.py:4180} INFO - Setting next_dagrun for first_with_python_v4 to 2025-02-28 00:00:00+00:00, run_after=2025-03-01 00:00:00+00:00
[2025-04-28T16:19:51.295+0000] {processor.py:208} INFO - Processing /opt/airflow/dags/dag_with_python_operator.py took 0.103 seconds
[2025-04-28T16:20:21.556+0000] {processor.py:186} INFO - Started process (PID=41849) to work on /opt/airflow/dags/dag_with_python_operator.py
[2025-04-28T16:20:21.559+0000] {processor.py:914} INFO - Processing file /opt/airflow/dags/dag_with_python_operator.py for tasks to queue
[2025-04-28T16:20:21.564+0000] {logging_mixin.py:190} INFO - [2025-04-28T16:20:21.563+0000] {dagbag.py:588} INFO - Filling up the DagBag from /opt/airflow/dags/dag_with_python_operator.py
[2025-04-28T16:20:21.592+0000] {processor.py:925} INFO - DAG(s) 'first_with_python_v4' retrieved from /opt/airflow/dags/dag_with_python_operator.py
[2025-04-28T16:20:21.607+0000] {logging_mixin.py:190} INFO - [2025-04-28T16:20:21.607+0000] {dag.py:3239} INFO - Sync 1 DAGs
[2025-04-28T16:20:21.622+0000] {logging_mixin.py:190} INFO - [2025-04-28T16:20:21.622+0000] {dag.py:4180} INFO - Setting next_dagrun for first_with_python_v4 to 2025-02-28 00:00:00+00:00, run_after=2025-03-01 00:00:00+00:00
[2025-04-28T16:20:21.633+0000] {processor.py:208} INFO - Processing /opt/airflow/dags/dag_with_python_operator.py took 0.086 seconds
[2025-04-28T16:20:51.981+0000] {processor.py:186} INFO - Started process (PID=41870) to work on /opt/airflow/dags/dag_with_python_operator.py
[2025-04-28T16:20:51.982+0000] {processor.py:914} INFO - Processing file /opt/airflow/dags/dag_with_python_operator.py for tasks to queue
[2025-04-28T16:20:51.984+0000] {logging_mixin.py:190} INFO - [2025-04-28T16:20:51.984+0000] {dagbag.py:588} INFO - Filling up the DagBag from /opt/airflow/dags/dag_with_python_operator.py
[2025-04-28T16:20:51.999+0000] {processor.py:925} INFO - DAG(s) 'first_with_python_v4' retrieved from /opt/airflow/dags/dag_with_python_operator.py
[2025-04-28T16:20:52.012+0000] {logging_mixin.py:190} INFO - [2025-04-28T16:20:52.012+0000] {dag.py:3239} INFO - Sync 1 DAGs
[2025-04-28T16:20:52.026+0000] {logging_mixin.py:190} INFO - [2025-04-28T16:20:52.026+0000] {dag.py:4180} INFO - Setting next_dagrun for first_with_python_v4 to 2025-02-28 00:00:00+00:00, run_after=2025-03-01 00:00:00+00:00
[2025-04-28T16:20:52.050+0000] {processor.py:208} INFO - Processing /opt/airflow/dags/dag_with_python_operator.py took 0.074 seconds
[2025-04-28T16:21:22.323+0000] {processor.py:186} INFO - Started process (PID=41891) to work on /opt/airflow/dags/dag_with_python_operator.py
[2025-04-28T16:21:22.324+0000] {processor.py:914} INFO - Processing file /opt/airflow/dags/dag_with_python_operator.py for tasks to queue
[2025-04-28T16:21:22.328+0000] {logging_mixin.py:190} INFO - [2025-04-28T16:21:22.327+0000] {dagbag.py:588} INFO - Filling up the DagBag from /opt/airflow/dags/dag_with_python_operator.py
[2025-04-28T16:21:22.352+0000] {processor.py:925} INFO - DAG(s) 'first_with_python_v4' retrieved from /opt/airflow/dags/dag_with_python_operator.py
[2025-04-28T16:21:22.365+0000] {logging_mixin.py:190} INFO - [2025-04-28T16:21:22.365+0000] {dag.py:3239} INFO - Sync 1 DAGs
[2025-04-28T16:21:22.380+0000] {logging_mixin.py:190} INFO - [2025-04-28T16:21:22.380+0000] {dag.py:4180} INFO - Setting next_dagrun for first_with_python_v4 to 2025-02-28 00:00:00+00:00, run_after=2025-03-01 00:00:00+00:00
[2025-04-28T16:21:22.394+0000] {processor.py:208} INFO - Processing /opt/airflow/dags/dag_with_python_operator.py took 0.088 seconds
[2025-04-28T16:21:52.819+0000] {processor.py:186} INFO - Started process (PID=41912) to work on /opt/airflow/dags/dag_with_python_operator.py
[2025-04-28T16:21:52.821+0000] {processor.py:914} INFO - Processing file /opt/airflow/dags/dag_with_python_operator.py for tasks to queue
[2025-04-28T16:21:52.824+0000] {logging_mixin.py:190} INFO - [2025-04-28T16:21:52.823+0000] {dagbag.py:588} INFO - Filling up the DagBag from /opt/airflow/dags/dag_with_python_operator.py
[2025-04-28T16:21:52.847+0000] {processor.py:925} INFO - DAG(s) 'first_with_python_v4' retrieved from /opt/airflow/dags/dag_with_python_operator.py
[2025-04-28T16:21:52.868+0000] {logging_mixin.py:190} INFO - [2025-04-28T16:21:52.868+0000] {dag.py:3239} INFO - Sync 1 DAGs
[2025-04-28T16:21:52.883+0000] {logging_mixin.py:190} INFO - [2025-04-28T16:21:52.883+0000] {dag.py:4180} INFO - Setting next_dagrun for first_with_python_v4 to 2025-02-28 00:00:00+00:00, run_after=2025-03-01 00:00:00+00:00
[2025-04-28T16:21:52.898+0000] {processor.py:208} INFO - Processing /opt/airflow/dags/dag_with_python_operator.py took 0.082 seconds
[2025-04-28T16:22:23.288+0000] {processor.py:186} INFO - Started process (PID=41933) to work on /opt/airflow/dags/dag_with_python_operator.py
[2025-04-28T16:22:23.290+0000] {processor.py:914} INFO - Processing file /opt/airflow/dags/dag_with_python_operator.py for tasks to queue
[2025-04-28T16:22:23.293+0000] {logging_mixin.py:190} INFO - [2025-04-28T16:22:23.293+0000] {dagbag.py:588} INFO - Filling up the DagBag from /opt/airflow/dags/dag_with_python_operator.py
[2025-04-28T16:22:23.315+0000] {processor.py:925} INFO - DAG(s) 'first_with_python_v4' retrieved from /opt/airflow/dags/dag_with_python_operator.py
[2025-04-28T16:22:23.332+0000] {logging_mixin.py:190} INFO - [2025-04-28T16:22:23.331+0000] {dag.py:3239} INFO - Sync 1 DAGs
[2025-04-28T16:22:23.349+0000] {logging_mixin.py:190} INFO - [2025-04-28T16:22:23.349+0000] {dag.py:4180} INFO - Setting next_dagrun for first_with_python_v4 to 2025-02-28 00:00:00+00:00, run_after=2025-03-01 00:00:00+00:00
[2025-04-28T16:22:23.364+0000] {processor.py:208} INFO - Processing /opt/airflow/dags/dag_with_python_operator.py took 0.080 seconds
[2025-04-28T16:22:53.615+0000] {processor.py:186} INFO - Started process (PID=41954) to work on /opt/airflow/dags/dag_with_python_operator.py
[2025-04-28T16:22:53.616+0000] {processor.py:914} INFO - Processing file /opt/airflow/dags/dag_with_python_operator.py for tasks to queue
[2025-04-28T16:22:53.621+0000] {logging_mixin.py:190} INFO - [2025-04-28T16:22:53.621+0000] {dagbag.py:588} INFO - Filling up the DagBag from /opt/airflow/dags/dag_with_python_operator.py
[2025-04-28T16:22:53.636+0000] {processor.py:925} INFO - DAG(s) 'first_with_python_v4' retrieved from /opt/airflow/dags/dag_with_python_operator.py
[2025-04-28T16:22:53.658+0000] {logging_mixin.py:190} INFO - [2025-04-28T16:22:53.657+0000] {dag.py:3239} INFO - Sync 1 DAGs
[2025-04-28T16:22:53.675+0000] {logging_mixin.py:190} INFO - [2025-04-28T16:22:53.675+0000] {dag.py:4180} INFO - Setting next_dagrun for first_with_python_v4 to 2025-02-28 00:00:00+00:00, run_after=2025-03-01 00:00:00+00:00
[2025-04-28T16:22:53.690+0000] {processor.py:208} INFO - Processing /opt/airflow/dags/dag_with_python_operator.py took 0.080 seconds
[2025-04-28T16:23:23.931+0000] {processor.py:186} INFO - Started process (PID=41975) to work on /opt/airflow/dags/dag_with_python_operator.py
[2025-04-28T16:23:23.933+0000] {processor.py:914} INFO - Processing file /opt/airflow/dags/dag_with_python_operator.py for tasks to queue
[2025-04-28T16:23:23.935+0000] {logging_mixin.py:190} INFO - [2025-04-28T16:23:23.935+0000] {dagbag.py:588} INFO - Filling up the DagBag from /opt/airflow/dags/dag_with_python_operator.py
[2025-04-28T16:23:23.950+0000] {processor.py:925} INFO - DAG(s) 'first_with_python_v4' retrieved from /opt/airflow/dags/dag_with_python_operator.py
[2025-04-28T16:23:23.965+0000] {logging_mixin.py:190} INFO - [2025-04-28T16:23:23.965+0000] {dag.py:3239} INFO - Sync 1 DAGs
[2025-04-28T16:23:23.979+0000] {logging_mixin.py:190} INFO - [2025-04-28T16:23:23.979+0000] {dag.py:4180} INFO - Setting next_dagrun for first_with_python_v4 to 2025-02-28 00:00:00+00:00, run_after=2025-03-01 00:00:00+00:00
[2025-04-28T16:23:23.993+0000] {processor.py:208} INFO - Processing /opt/airflow/dags/dag_with_python_operator.py took 0.066 seconds
[2025-04-28T16:23:54.266+0000] {processor.py:186} INFO - Started process (PID=41996) to work on /opt/airflow/dags/dag_with_python_operator.py
[2025-04-28T16:23:54.267+0000] {processor.py:914} INFO - Processing file /opt/airflow/dags/dag_with_python_operator.py for tasks to queue
[2025-04-28T16:23:54.270+0000] {logging_mixin.py:190} INFO - [2025-04-28T16:23:54.269+0000] {dagbag.py:588} INFO - Filling up the DagBag from /opt/airflow/dags/dag_with_python_operator.py
[2025-04-28T16:23:54.290+0000] {processor.py:925} INFO - DAG(s) 'first_with_python_v4' retrieved from /opt/airflow/dags/dag_with_python_operator.py
[2025-04-28T16:23:54.305+0000] {logging_mixin.py:190} INFO - [2025-04-28T16:23:54.305+0000] {dag.py:3239} INFO - Sync 1 DAGs
[2025-04-28T16:23:54.320+0000] {logging_mixin.py:190} INFO - [2025-04-28T16:23:54.320+0000] {dag.py:4180} INFO - Setting next_dagrun for first_with_python_v4 to 2025-02-28 00:00:00+00:00, run_after=2025-03-01 00:00:00+00:00
[2025-04-28T16:23:54.332+0000] {processor.py:208} INFO - Processing /opt/airflow/dags/dag_with_python_operator.py took 0.071 seconds
[2025-04-28T16:24:24.615+0000] {processor.py:186} INFO - Started process (PID=42017) to work on /opt/airflow/dags/dag_with_python_operator.py
[2025-04-28T16:24:24.630+0000] {processor.py:914} INFO - Processing file /opt/airflow/dags/dag_with_python_operator.py for tasks to queue
[2025-04-28T16:24:24.635+0000] {logging_mixin.py:190} INFO - [2025-04-28T16:24:24.634+0000] {dagbag.py:588} INFO - Filling up the DagBag from /opt/airflow/dags/dag_with_python_operator.py
[2025-04-28T16:24:24.677+0000] {processor.py:925} INFO - DAG(s) 'first_with_python_v4' retrieved from /opt/airflow/dags/dag_with_python_operator.py
[2025-04-28T16:24:24.691+0000] {logging_mixin.py:190} INFO - [2025-04-28T16:24:24.691+0000] {dag.py:3239} INFO - Sync 1 DAGs
[2025-04-28T16:24:24.714+0000] {logging_mixin.py:190} INFO - [2025-04-28T16:24:24.714+0000] {dag.py:4180} INFO - Setting next_dagrun for first_with_python_v4 to 2025-02-28 00:00:00+00:00, run_after=2025-03-01 00:00:00+00:00
[2025-04-28T16:24:24.742+0000] {processor.py:208} INFO - Processing /opt/airflow/dags/dag_with_python_operator.py took 0.132 seconds
[2025-04-28T16:24:55.044+0000] {processor.py:186} INFO - Started process (PID=42038) to work on /opt/airflow/dags/dag_with_python_operator.py
[2025-04-28T16:24:55.046+0000] {processor.py:914} INFO - Processing file /opt/airflow/dags/dag_with_python_operator.py for tasks to queue
[2025-04-28T16:24:55.049+0000] {logging_mixin.py:190} INFO - [2025-04-28T16:24:55.048+0000] {dagbag.py:588} INFO - Filling up the DagBag from /opt/airflow/dags/dag_with_python_operator.py
[2025-04-28T16:24:55.063+0000] {processor.py:925} INFO - DAG(s) 'first_with_python_v4' retrieved from /opt/airflow/dags/dag_with_python_operator.py
[2025-04-28T16:24:55.077+0000] {logging_mixin.py:190} INFO - [2025-04-28T16:24:55.077+0000] {dag.py:3239} INFO - Sync 1 DAGs
[2025-04-28T16:24:55.092+0000] {logging_mixin.py:190} INFO - [2025-04-28T16:24:55.092+0000] {dag.py:4180} INFO - Setting next_dagrun for first_with_python_v4 to 2025-02-28 00:00:00+00:00, run_after=2025-03-01 00:00:00+00:00
[2025-04-28T16:24:55.105+0000] {processor.py:208} INFO - Processing /opt/airflow/dags/dag_with_python_operator.py took 0.067 seconds
[2025-04-28T16:25:25.425+0000] {processor.py:186} INFO - Started process (PID=42059) to work on /opt/airflow/dags/dag_with_python_operator.py
[2025-04-28T16:25:25.428+0000] {processor.py:914} INFO - Processing file /opt/airflow/dags/dag_with_python_operator.py for tasks to queue
[2025-04-28T16:25:25.432+0000] {logging_mixin.py:190} INFO - [2025-04-28T16:25:25.431+0000] {dagbag.py:588} INFO - Filling up the DagBag from /opt/airflow/dags/dag_with_python_operator.py
[2025-04-28T16:25:25.456+0000] {processor.py:925} INFO - DAG(s) 'first_with_python_v4' retrieved from /opt/airflow/dags/dag_with_python_operator.py
[2025-04-28T16:25:25.472+0000] {logging_mixin.py:190} INFO - [2025-04-28T16:25:25.471+0000] {dag.py:3239} INFO - Sync 1 DAGs
[2025-04-28T16:25:25.486+0000] {logging_mixin.py:190} INFO - [2025-04-28T16:25:25.486+0000] {dag.py:4180} INFO - Setting next_dagrun for first_with_python_v4 to 2025-02-28 00:00:00+00:00, run_after=2025-03-01 00:00:00+00:00
[2025-04-28T16:25:25.497+0000] {processor.py:208} INFO - Processing /opt/airflow/dags/dag_with_python_operator.py took 0.078 seconds
[2025-04-28T16:25:55.856+0000] {processor.py:186} INFO - Started process (PID=42080) to work on /opt/airflow/dags/dag_with_python_operator.py
[2025-04-28T16:25:55.859+0000] {processor.py:914} INFO - Processing file /opt/airflow/dags/dag_with_python_operator.py for tasks to queue
[2025-04-28T16:25:55.862+0000] {logging_mixin.py:190} INFO - [2025-04-28T16:25:55.861+0000] {dagbag.py:588} INFO - Filling up the DagBag from /opt/airflow/dags/dag_with_python_operator.py
[2025-04-28T16:25:55.893+0000] {processor.py:925} INFO - DAG(s) 'first_with_python_v4' retrieved from /opt/airflow/dags/dag_with_python_operator.py
[2025-04-28T16:25:55.909+0000] {logging_mixin.py:190} INFO - [2025-04-28T16:25:55.909+0000] {dag.py:3239} INFO - Sync 1 DAGs
[2025-04-28T16:25:55.925+0000] {logging_mixin.py:190} INFO - [2025-04-28T16:25:55.925+0000] {dag.py:4180} INFO - Setting next_dagrun for first_with_python_v4 to 2025-02-28 00:00:00+00:00, run_after=2025-03-01 00:00:00+00:00
[2025-04-28T16:25:55.938+0000] {processor.py:208} INFO - Processing /opt/airflow/dags/dag_with_python_operator.py took 0.094 seconds
[2025-04-28T16:26:26.304+0000] {processor.py:186} INFO - Started process (PID=42101) to work on /opt/airflow/dags/dag_with_python_operator.py
[2025-04-28T16:26:26.306+0000] {processor.py:914} INFO - Processing file /opt/airflow/dags/dag_with_python_operator.py for tasks to queue
[2025-04-28T16:26:26.313+0000] {logging_mixin.py:190} INFO - [2025-04-28T16:26:26.313+0000] {dagbag.py:588} INFO - Filling up the DagBag from /opt/airflow/dags/dag_with_python_operator.py
[2025-04-28T16:26:26.347+0000] {processor.py:925} INFO - DAG(s) 'first_with_python_v4' retrieved from /opt/airflow/dags/dag_with_python_operator.py
[2025-04-28T16:26:26.386+0000] {logging_mixin.py:190} INFO - [2025-04-28T16:26:26.386+0000] {dag.py:3239} INFO - Sync 1 DAGs
[2025-04-28T16:26:26.415+0000] {logging_mixin.py:190} INFO - [2025-04-28T16:26:26.414+0000] {dag.py:4180} INFO - Setting next_dagrun for first_with_python_v4 to 2025-02-28 00:00:00+00:00, run_after=2025-03-01 00:00:00+00:00
[2025-04-28T16:26:26.434+0000] {processor.py:208} INFO - Processing /opt/airflow/dags/dag_with_python_operator.py took 0.142 seconds
[2025-04-28T16:26:56.867+0000] {processor.py:186} INFO - Started process (PID=42122) to work on /opt/airflow/dags/dag_with_python_operator.py
[2025-04-28T16:26:56.869+0000] {processor.py:914} INFO - Processing file /opt/airflow/dags/dag_with_python_operator.py for tasks to queue
[2025-04-28T16:26:56.873+0000] {logging_mixin.py:190} INFO - [2025-04-28T16:26:56.872+0000] {dagbag.py:588} INFO - Filling up the DagBag from /opt/airflow/dags/dag_with_python_operator.py
[2025-04-28T16:26:56.901+0000] {processor.py:925} INFO - DAG(s) 'first_with_python_v4' retrieved from /opt/airflow/dags/dag_with_python_operator.py
[2025-04-28T16:26:56.919+0000] {logging_mixin.py:190} INFO - [2025-04-28T16:26:56.919+0000] {dag.py:3239} INFO - Sync 1 DAGs
[2025-04-28T16:26:56.936+0000] {logging_mixin.py:190} INFO - [2025-04-28T16:26:56.935+0000] {dag.py:4180} INFO - Setting next_dagrun for first_with_python_v4 to 2025-02-28 00:00:00+00:00, run_after=2025-03-01 00:00:00+00:00
[2025-04-28T16:26:56.949+0000] {processor.py:208} INFO - Processing /opt/airflow/dags/dag_with_python_operator.py took 0.088 seconds
[2025-04-28T16:27:27.244+0000] {processor.py:186} INFO - Started process (PID=42144) to work on /opt/airflow/dags/dag_with_python_operator.py
[2025-04-28T16:27:27.247+0000] {processor.py:914} INFO - Processing file /opt/airflow/dags/dag_with_python_operator.py for tasks to queue
[2025-04-28T16:27:27.252+0000] {logging_mixin.py:190} INFO - [2025-04-28T16:27:27.251+0000] {dagbag.py:588} INFO - Filling up the DagBag from /opt/airflow/dags/dag_with_python_operator.py
[2025-04-28T16:27:27.282+0000] {processor.py:925} INFO - DAG(s) 'first_with_python_v4' retrieved from /opt/airflow/dags/dag_with_python_operator.py
[2025-04-28T16:27:27.300+0000] {logging_mixin.py:190} INFO - [2025-04-28T16:27:27.300+0000] {dag.py:3239} INFO - Sync 1 DAGs
[2025-04-28T16:27:27.315+0000] {logging_mixin.py:190} INFO - [2025-04-28T16:27:27.315+0000] {dag.py:4180} INFO - Setting next_dagrun for first_with_python_v4 to 2025-02-28 00:00:00+00:00, run_after=2025-03-01 00:00:00+00:00
[2025-04-28T16:27:27.328+0000] {processor.py:208} INFO - Processing /opt/airflow/dags/dag_with_python_operator.py took 0.091 seconds
[2025-04-28T16:27:57.702+0000] {processor.py:186} INFO - Started process (PID=42165) to work on /opt/airflow/dags/dag_with_python_operator.py
[2025-04-28T16:27:57.703+0000] {processor.py:914} INFO - Processing file /opt/airflow/dags/dag_with_python_operator.py for tasks to queue
[2025-04-28T16:27:57.706+0000] {logging_mixin.py:190} INFO - [2025-04-28T16:27:57.705+0000] {dagbag.py:588} INFO - Filling up the DagBag from /opt/airflow/dags/dag_with_python_operator.py
[2025-04-28T16:27:57.722+0000] {processor.py:925} INFO - DAG(s) 'first_with_python_v4' retrieved from /opt/airflow/dags/dag_with_python_operator.py
[2025-04-28T16:27:57.736+0000] {logging_mixin.py:190} INFO - [2025-04-28T16:27:57.736+0000] {dag.py:3239} INFO - Sync 1 DAGs
[2025-04-28T16:27:57.762+0000] {logging_mixin.py:190} INFO - [2025-04-28T16:27:57.762+0000] {dag.py:4180} INFO - Setting next_dagrun for first_with_python_v4 to 2025-02-28 00:00:00+00:00, run_after=2025-03-01 00:00:00+00:00
[2025-04-28T16:27:57.777+0000] {processor.py:208} INFO - Processing /opt/airflow/dags/dag_with_python_operator.py took 0.080 seconds
[2025-04-28T16:28:28.072+0000] {processor.py:186} INFO - Started process (PID=42186) to work on /opt/airflow/dags/dag_with_python_operator.py
[2025-04-28T16:28:28.074+0000] {processor.py:914} INFO - Processing file /opt/airflow/dags/dag_with_python_operator.py for tasks to queue
[2025-04-28T16:28:28.076+0000] {logging_mixin.py:190} INFO - [2025-04-28T16:28:28.076+0000] {dagbag.py:588} INFO - Filling up the DagBag from /opt/airflow/dags/dag_with_python_operator.py
[2025-04-28T16:28:28.093+0000] {processor.py:925} INFO - DAG(s) 'first_with_python_v4' retrieved from /opt/airflow/dags/dag_with_python_operator.py
[2025-04-28T16:28:28.108+0000] {logging_mixin.py:190} INFO - [2025-04-28T16:28:28.107+0000] {dag.py:3239} INFO - Sync 1 DAGs
[2025-04-28T16:28:28.121+0000] {logging_mixin.py:190} INFO - [2025-04-28T16:28:28.121+0000] {dag.py:4180} INFO - Setting next_dagrun for first_with_python_v4 to 2025-02-28 00:00:00+00:00, run_after=2025-03-01 00:00:00+00:00
[2025-04-28T16:28:28.133+0000] {processor.py:208} INFO - Processing /opt/airflow/dags/dag_with_python_operator.py took 0.065 seconds
[2025-04-28T16:28:58.560+0000] {processor.py:186} INFO - Started process (PID=42207) to work on /opt/airflow/dags/dag_with_python_operator.py
[2025-04-28T16:28:58.562+0000] {processor.py:914} INFO - Processing file /opt/airflow/dags/dag_with_python_operator.py for tasks to queue
[2025-04-28T16:28:58.566+0000] {logging_mixin.py:190} INFO - [2025-04-28T16:28:58.565+0000] {dagbag.py:588} INFO - Filling up the DagBag from /opt/airflow/dags/dag_with_python_operator.py
[2025-04-28T16:28:58.601+0000] {processor.py:925} INFO - DAG(s) 'first_with_python_v4' retrieved from /opt/airflow/dags/dag_with_python_operator.py
[2025-04-28T16:28:58.627+0000] {logging_mixin.py:190} INFO - [2025-04-28T16:28:58.627+0000] {dag.py:3239} INFO - Sync 1 DAGs
[2025-04-28T16:28:58.643+0000] {logging_mixin.py:190} INFO - [2025-04-28T16:28:58.643+0000] {dag.py:4180} INFO - Setting next_dagrun for first_with_python_v4 to 2025-02-28 00:00:00+00:00, run_after=2025-03-01 00:00:00+00:00
[2025-04-28T16:28:58.656+0000] {processor.py:208} INFO - Processing /opt/airflow/dags/dag_with_python_operator.py took 0.108 seconds
[2025-04-28T16:29:28.924+0000] {processor.py:186} INFO - Started process (PID=42228) to work on /opt/airflow/dags/dag_with_python_operator.py
[2025-04-28T16:29:28.931+0000] {processor.py:914} INFO - Processing file /opt/airflow/dags/dag_with_python_operator.py for tasks to queue
[2025-04-28T16:29:28.934+0000] {logging_mixin.py:190} INFO - [2025-04-28T16:29:28.933+0000] {dagbag.py:588} INFO - Filling up the DagBag from /opt/airflow/dags/dag_with_python_operator.py
[2025-04-28T16:29:28.963+0000] {processor.py:925} INFO - DAG(s) 'first_with_python_v4' retrieved from /opt/airflow/dags/dag_with_python_operator.py
[2025-04-28T16:29:28.988+0000] {logging_mixin.py:190} INFO - [2025-04-28T16:29:28.988+0000] {dag.py:3239} INFO - Sync 1 DAGs
[2025-04-28T16:29:29.010+0000] {logging_mixin.py:190} INFO - [2025-04-28T16:29:29.010+0000] {dag.py:4180} INFO - Setting next_dagrun for first_with_python_v4 to 2025-02-28 00:00:00+00:00, run_after=2025-03-01 00:00:00+00:00
[2025-04-28T16:29:29.024+0000] {processor.py:208} INFO - Processing /opt/airflow/dags/dag_with_python_operator.py took 0.106 seconds
[2025-04-28T16:29:59.432+0000] {processor.py:186} INFO - Started process (PID=42249) to work on /opt/airflow/dags/dag_with_python_operator.py
[2025-04-28T16:29:59.436+0000] {processor.py:914} INFO - Processing file /opt/airflow/dags/dag_with_python_operator.py for tasks to queue
[2025-04-28T16:29:59.445+0000] {logging_mixin.py:190} INFO - [2025-04-28T16:29:59.444+0000] {dagbag.py:588} INFO - Filling up the DagBag from /opt/airflow/dags/dag_with_python_operator.py
[2025-04-28T16:29:59.476+0000] {processor.py:925} INFO - DAG(s) 'first_with_python_v4' retrieved from /opt/airflow/dags/dag_with_python_operator.py
[2025-04-28T16:29:59.498+0000] {logging_mixin.py:190} INFO - [2025-04-28T16:29:59.498+0000] {dag.py:3239} INFO - Sync 1 DAGs
[2025-04-28T16:29:59.522+0000] {logging_mixin.py:190} INFO - [2025-04-28T16:29:59.522+0000] {dag.py:4180} INFO - Setting next_dagrun for first_with_python_v4 to 2025-02-28 00:00:00+00:00, run_after=2025-03-01 00:00:00+00:00
[2025-04-28T16:29:59.539+0000] {processor.py:208} INFO - Processing /opt/airflow/dags/dag_with_python_operator.py took 0.123 seconds
[2025-04-28T16:30:29.820+0000] {processor.py:186} INFO - Started process (PID=42270) to work on /opt/airflow/dags/dag_with_python_operator.py
[2025-04-28T16:30:29.822+0000] {processor.py:914} INFO - Processing file /opt/airflow/dags/dag_with_python_operator.py for tasks to queue
[2025-04-28T16:30:29.824+0000] {logging_mixin.py:190} INFO - [2025-04-28T16:30:29.824+0000] {dagbag.py:588} INFO - Filling up the DagBag from /opt/airflow/dags/dag_with_python_operator.py
[2025-04-28T16:30:29.860+0000] {processor.py:925} INFO - DAG(s) 'first_with_python_v4' retrieved from /opt/airflow/dags/dag_with_python_operator.py
[2025-04-28T16:30:29.875+0000] {logging_mixin.py:190} INFO - [2025-04-28T16:30:29.875+0000] {dag.py:3239} INFO - Sync 1 DAGs
[2025-04-28T16:30:29.891+0000] {logging_mixin.py:190} INFO - [2025-04-28T16:30:29.891+0000] {dag.py:4180} INFO - Setting next_dagrun for first_with_python_v4 to 2025-02-28 00:00:00+00:00, run_after=2025-03-01 00:00:00+00:00
[2025-04-28T16:30:29.904+0000] {processor.py:208} INFO - Processing /opt/airflow/dags/dag_with_python_operator.py took 0.093 seconds
[2025-04-28T16:31:00.331+0000] {processor.py:186} INFO - Started process (PID=42291) to work on /opt/airflow/dags/dag_with_python_operator.py
[2025-04-28T16:31:00.332+0000] {processor.py:914} INFO - Processing file /opt/airflow/dags/dag_with_python_operator.py for tasks to queue
[2025-04-28T16:31:00.336+0000] {logging_mixin.py:190} INFO - [2025-04-28T16:31:00.336+0000] {dagbag.py:588} INFO - Filling up the DagBag from /opt/airflow/dags/dag_with_python_operator.py
[2025-04-28T16:31:00.356+0000] {processor.py:925} INFO - DAG(s) 'first_with_python_v4' retrieved from /opt/airflow/dags/dag_with_python_operator.py
[2025-04-28T16:31:00.370+0000] {logging_mixin.py:190} INFO - [2025-04-28T16:31:00.370+0000] {dag.py:3239} INFO - Sync 1 DAGs
[2025-04-28T16:31:00.384+0000] {logging_mixin.py:190} INFO - [2025-04-28T16:31:00.384+0000] {dag.py:4180} INFO - Setting next_dagrun for first_with_python_v4 to 2025-02-28 00:00:00+00:00, run_after=2025-03-01 00:00:00+00:00
[2025-04-28T16:31:00.397+0000] {processor.py:208} INFO - Processing /opt/airflow/dags/dag_with_python_operator.py took 0.070 seconds
[2025-04-28T16:31:30.728+0000] {processor.py:186} INFO - Started process (PID=42312) to work on /opt/airflow/dags/dag_with_python_operator.py
[2025-04-28T16:31:30.730+0000] {processor.py:914} INFO - Processing file /opt/airflow/dags/dag_with_python_operator.py for tasks to queue
[2025-04-28T16:31:30.734+0000] {logging_mixin.py:190} INFO - [2025-04-28T16:31:30.734+0000] {dagbag.py:588} INFO - Filling up the DagBag from /opt/airflow/dags/dag_with_python_operator.py
[2025-04-28T16:31:30.763+0000] {processor.py:925} INFO - DAG(s) 'first_with_python_v4' retrieved from /opt/airflow/dags/dag_with_python_operator.py
[2025-04-28T16:31:30.780+0000] {logging_mixin.py:190} INFO - [2025-04-28T16:31:30.779+0000] {dag.py:3239} INFO - Sync 1 DAGs
[2025-04-28T16:31:30.795+0000] {logging_mixin.py:190} INFO - [2025-04-28T16:31:30.795+0000] {dag.py:4180} INFO - Setting next_dagrun for first_with_python_v4 to 2025-02-28 00:00:00+00:00, run_after=2025-03-01 00:00:00+00:00
[2025-04-28T16:31:30.806+0000] {processor.py:208} INFO - Processing /opt/airflow/dags/dag_with_python_operator.py took 0.084 seconds
[2025-04-28T16:32:01.158+0000] {processor.py:186} INFO - Started process (PID=42333) to work on /opt/airflow/dags/dag_with_python_operator.py
[2025-04-28T16:32:01.160+0000] {processor.py:914} INFO - Processing file /opt/airflow/dags/dag_with_python_operator.py for tasks to queue
[2025-04-28T16:32:01.165+0000] {logging_mixin.py:190} INFO - [2025-04-28T16:32:01.164+0000] {dagbag.py:588} INFO - Filling up the DagBag from /opt/airflow/dags/dag_with_python_operator.py
[2025-04-28T16:32:01.199+0000] {processor.py:925} INFO - DAG(s) 'first_with_python_v4' retrieved from /opt/airflow/dags/dag_with_python_operator.py
[2025-04-28T16:32:01.215+0000] {logging_mixin.py:190} INFO - [2025-04-28T16:32:01.215+0000] {dag.py:3239} INFO - Sync 1 DAGs
[2025-04-28T16:32:01.236+0000] {logging_mixin.py:190} INFO - [2025-04-28T16:32:01.236+0000] {dag.py:4180} INFO - Setting next_dagrun for first_with_python_v4 to 2025-02-28 00:00:00+00:00, run_after=2025-03-01 00:00:00+00:00
[2025-04-28T16:32:01.253+0000] {processor.py:208} INFO - Processing /opt/airflow/dags/dag_with_python_operator.py took 0.106 seconds
[2025-04-28T16:32:31.483+0000] {processor.py:186} INFO - Started process (PID=42354) to work on /opt/airflow/dags/dag_with_python_operator.py
[2025-04-28T16:32:31.484+0000] {processor.py:914} INFO - Processing file /opt/airflow/dags/dag_with_python_operator.py for tasks to queue
[2025-04-28T16:32:31.487+0000] {logging_mixin.py:190} INFO - [2025-04-28T16:32:31.487+0000] {dagbag.py:588} INFO - Filling up the DagBag from /opt/airflow/dags/dag_with_python_operator.py
[2025-04-28T16:32:31.503+0000] {processor.py:925} INFO - DAG(s) 'first_with_python_v4' retrieved from /opt/airflow/dags/dag_with_python_operator.py
[2025-04-28T16:32:31.517+0000] {logging_mixin.py:190} INFO - [2025-04-28T16:32:31.516+0000] {dag.py:3239} INFO - Sync 1 DAGs
[2025-04-28T16:32:31.533+0000] {logging_mixin.py:190} INFO - [2025-04-28T16:32:31.533+0000] {dag.py:4180} INFO - Setting next_dagrun for first_with_python_v4 to 2025-02-28 00:00:00+00:00, run_after=2025-03-01 00:00:00+00:00
[2025-04-28T16:32:31.545+0000] {processor.py:208} INFO - Processing /opt/airflow/dags/dag_with_python_operator.py took 0.068 seconds
[2025-04-28T16:33:01.840+0000] {processor.py:186} INFO - Started process (PID=42375) to work on /opt/airflow/dags/dag_with_python_operator.py
[2025-04-28T16:33:01.844+0000] {processor.py:914} INFO - Processing file /opt/airflow/dags/dag_with_python_operator.py for tasks to queue
[2025-04-28T16:33:01.849+0000] {logging_mixin.py:190} INFO - [2025-04-28T16:33:01.849+0000] {dagbag.py:588} INFO - Filling up the DagBag from /opt/airflow/dags/dag_with_python_operator.py
[2025-04-28T16:33:01.875+0000] {processor.py:925} INFO - DAG(s) 'first_with_python_v4' retrieved from /opt/airflow/dags/dag_with_python_operator.py
[2025-04-28T16:33:01.890+0000] {logging_mixin.py:190} INFO - [2025-04-28T16:33:01.889+0000] {dag.py:3239} INFO - Sync 1 DAGs
[2025-04-28T16:33:01.908+0000] {logging_mixin.py:190} INFO - [2025-04-28T16:33:01.907+0000] {dag.py:4180} INFO - Setting next_dagrun for first_with_python_v4 to 2025-02-28 00:00:00+00:00, run_after=2025-03-01 00:00:00+00:00
[2025-04-28T16:33:01.920+0000] {processor.py:208} INFO - Processing /opt/airflow/dags/dag_with_python_operator.py took 0.087 seconds
[2025-04-28T16:33:32.278+0000] {processor.py:186} INFO - Started process (PID=42396) to work on /opt/airflow/dags/dag_with_python_operator.py
[2025-04-28T16:33:32.280+0000] {processor.py:914} INFO - Processing file /opt/airflow/dags/dag_with_python_operator.py for tasks to queue
[2025-04-28T16:33:32.284+0000] {logging_mixin.py:190} INFO - [2025-04-28T16:33:32.283+0000] {dagbag.py:588} INFO - Filling up the DagBag from /opt/airflow/dags/dag_with_python_operator.py
[2025-04-28T16:33:32.304+0000] {processor.py:925} INFO - DAG(s) 'first_with_python_v4' retrieved from /opt/airflow/dags/dag_with_python_operator.py
[2025-04-28T16:33:32.318+0000] {logging_mixin.py:190} INFO - [2025-04-28T16:33:32.317+0000] {dag.py:3239} INFO - Sync 1 DAGs
[2025-04-28T16:33:32.334+0000] {logging_mixin.py:190} INFO - [2025-04-28T16:33:32.333+0000] {dag.py:4180} INFO - Setting next_dagrun for first_with_python_v4 to 2025-02-28 00:00:00+00:00, run_after=2025-03-01 00:00:00+00:00
[2025-04-28T16:33:32.345+0000] {processor.py:208} INFO - Processing /opt/airflow/dags/dag_with_python_operator.py took 0.075 seconds
[2025-04-28T16:34:02.666+0000] {processor.py:186} INFO - Started process (PID=42417) to work on /opt/airflow/dags/dag_with_python_operator.py
[2025-04-28T16:34:02.667+0000] {processor.py:914} INFO - Processing file /opt/airflow/dags/dag_with_python_operator.py for tasks to queue
[2025-04-28T16:34:02.670+0000] {logging_mixin.py:190} INFO - [2025-04-28T16:34:02.670+0000] {dagbag.py:588} INFO - Filling up the DagBag from /opt/airflow/dags/dag_with_python_operator.py
[2025-04-28T16:34:02.692+0000] {processor.py:925} INFO - DAG(s) 'first_with_python_v4' retrieved from /opt/airflow/dags/dag_with_python_operator.py
[2025-04-28T16:34:02.708+0000] {logging_mixin.py:190} INFO - [2025-04-28T16:34:02.707+0000] {dag.py:3239} INFO - Sync 1 DAGs
[2025-04-28T16:34:02.722+0000] {logging_mixin.py:190} INFO - [2025-04-28T16:34:02.722+0000] {dag.py:4180} INFO - Setting next_dagrun for first_with_python_v4 to 2025-02-28 00:00:00+00:00, run_after=2025-03-01 00:00:00+00:00
[2025-04-28T16:34:02.734+0000] {processor.py:208} INFO - Processing /opt/airflow/dags/dag_with_python_operator.py took 0.073 seconds
[2025-04-28T16:34:33.076+0000] {processor.py:186} INFO - Started process (PID=42438) to work on /opt/airflow/dags/dag_with_python_operator.py
[2025-04-28T16:34:33.078+0000] {processor.py:914} INFO - Processing file /opt/airflow/dags/dag_with_python_operator.py for tasks to queue
[2025-04-28T16:34:33.080+0000] {logging_mixin.py:190} INFO - [2025-04-28T16:34:33.080+0000] {dagbag.py:588} INFO - Filling up the DagBag from /opt/airflow/dags/dag_with_python_operator.py
[2025-04-28T16:34:33.099+0000] {processor.py:925} INFO - DAG(s) 'first_with_python_v4' retrieved from /opt/airflow/dags/dag_with_python_operator.py
[2025-04-28T16:34:33.113+0000] {logging_mixin.py:190} INFO - [2025-04-28T16:34:33.113+0000] {dag.py:3239} INFO - Sync 1 DAGs
[2025-04-28T16:34:33.131+0000] {logging_mixin.py:190} INFO - [2025-04-28T16:34:33.131+0000] {dag.py:4180} INFO - Setting next_dagrun for first_with_python_v4 to 2025-02-28 00:00:00+00:00, run_after=2025-03-01 00:00:00+00:00
[2025-04-28T16:34:33.148+0000] {processor.py:208} INFO - Processing /opt/airflow/dags/dag_with_python_operator.py took 0.076 seconds
[2025-04-28T16:35:03.433+0000] {processor.py:186} INFO - Started process (PID=42459) to work on /opt/airflow/dags/dag_with_python_operator.py
[2025-04-28T16:35:03.435+0000] {processor.py:914} INFO - Processing file /opt/airflow/dags/dag_with_python_operator.py for tasks to queue
[2025-04-28T16:35:03.437+0000] {logging_mixin.py:190} INFO - [2025-04-28T16:35:03.437+0000] {dagbag.py:588} INFO - Filling up the DagBag from /opt/airflow/dags/dag_with_python_operator.py
[2025-04-28T16:35:03.451+0000] {processor.py:925} INFO - DAG(s) 'first_with_python_v4' retrieved from /opt/airflow/dags/dag_with_python_operator.py
[2025-04-28T16:35:03.464+0000] {logging_mixin.py:190} INFO - [2025-04-28T16:35:03.464+0000] {dag.py:3239} INFO - Sync 1 DAGs
[2025-04-28T16:35:03.478+0000] {logging_mixin.py:190} INFO - [2025-04-28T16:35:03.478+0000] {dag.py:4180} INFO - Setting next_dagrun for first_with_python_v4 to 2025-02-28 00:00:00+00:00, run_after=2025-03-01 00:00:00+00:00
[2025-04-28T16:35:03.497+0000] {processor.py:208} INFO - Processing /opt/airflow/dags/dag_with_python_operator.py took 0.070 seconds
[2025-04-28T16:35:33.873+0000] {processor.py:186} INFO - Started process (PID=42480) to work on /opt/airflow/dags/dag_with_python_operator.py
[2025-04-28T16:35:33.875+0000] {processor.py:914} INFO - Processing file /opt/airflow/dags/dag_with_python_operator.py for tasks to queue
[2025-04-28T16:35:33.878+0000] {logging_mixin.py:190} INFO - [2025-04-28T16:35:33.877+0000] {dagbag.py:588} INFO - Filling up the DagBag from /opt/airflow/dags/dag_with_python_operator.py
[2025-04-28T16:35:33.889+0000] {processor.py:925} INFO - DAG(s) 'first_with_python_v4' retrieved from /opt/airflow/dags/dag_with_python_operator.py
[2025-04-28T16:35:33.904+0000] {logging_mixin.py:190} INFO - [2025-04-28T16:35:33.903+0000] {dag.py:3239} INFO - Sync 1 DAGs
[2025-04-28T16:35:33.920+0000] {logging_mixin.py:190} INFO - [2025-04-28T16:35:33.920+0000] {dag.py:4180} INFO - Setting next_dagrun for first_with_python_v4 to 2025-02-28 00:00:00+00:00, run_after=2025-03-01 00:00:00+00:00
[2025-04-28T16:35:33.933+0000] {processor.py:208} INFO - Processing /opt/airflow/dags/dag_with_python_operator.py took 0.063 seconds
[2025-04-28T16:36:04.180+0000] {processor.py:186} INFO - Started process (PID=42501) to work on /opt/airflow/dags/dag_with_python_operator.py
[2025-04-28T16:36:04.182+0000] {processor.py:914} INFO - Processing file /opt/airflow/dags/dag_with_python_operator.py for tasks to queue
[2025-04-28T16:36:04.184+0000] {logging_mixin.py:190} INFO - [2025-04-28T16:36:04.184+0000] {dagbag.py:588} INFO - Filling up the DagBag from /opt/airflow/dags/dag_with_python_operator.py
[2025-04-28T16:36:04.203+0000] {processor.py:925} INFO - DAG(s) 'first_with_python_v4' retrieved from /opt/airflow/dags/dag_with_python_operator.py
[2025-04-28T16:36:04.220+0000] {logging_mixin.py:190} INFO - [2025-04-28T16:36:04.220+0000] {dag.py:3239} INFO - Sync 1 DAGs
[2025-04-28T16:36:04.238+0000] {logging_mixin.py:190} INFO - [2025-04-28T16:36:04.238+0000] {dag.py:4180} INFO - Setting next_dagrun for first_with_python_v4 to 2025-02-28 00:00:00+00:00, run_after=2025-03-01 00:00:00+00:00
[2025-04-28T16:36:04.254+0000] {processor.py:208} INFO - Processing /opt/airflow/dags/dag_with_python_operator.py took 0.078 seconds
[2025-04-28T16:36:34.620+0000] {processor.py:186} INFO - Started process (PID=42522) to work on /opt/airflow/dags/dag_with_python_operator.py
[2025-04-28T16:36:34.622+0000] {processor.py:914} INFO - Processing file /opt/airflow/dags/dag_with_python_operator.py for tasks to queue
[2025-04-28T16:36:34.624+0000] {logging_mixin.py:190} INFO - [2025-04-28T16:36:34.624+0000] {dagbag.py:588} INFO - Filling up the DagBag from /opt/airflow/dags/dag_with_python_operator.py
[2025-04-28T16:36:34.639+0000] {processor.py:925} INFO - DAG(s) 'first_with_python_v4' retrieved from /opt/airflow/dags/dag_with_python_operator.py
[2025-04-28T16:36:34.655+0000] {logging_mixin.py:190} INFO - [2025-04-28T16:36:34.655+0000] {dag.py:3239} INFO - Sync 1 DAGs
[2025-04-28T16:36:34.669+0000] {logging_mixin.py:190} INFO - [2025-04-28T16:36:34.669+0000] {dag.py:4180} INFO - Setting next_dagrun for first_with_python_v4 to 2025-02-28 00:00:00+00:00, run_after=2025-03-01 00:00:00+00:00
[2025-04-28T16:36:34.681+0000] {processor.py:208} INFO - Processing /opt/airflow/dags/dag_with_python_operator.py took 0.065 seconds
[2025-04-28T16:37:04.968+0000] {processor.py:186} INFO - Started process (PID=42543) to work on /opt/airflow/dags/dag_with_python_operator.py
[2025-04-28T16:37:04.970+0000] {processor.py:914} INFO - Processing file /opt/airflow/dags/dag_with_python_operator.py for tasks to queue
[2025-04-28T16:37:04.974+0000] {logging_mixin.py:190} INFO - [2025-04-28T16:37:04.974+0000] {dagbag.py:588} INFO - Filling up the DagBag from /opt/airflow/dags/dag_with_python_operator.py
[2025-04-28T16:37:04.997+0000] {processor.py:925} INFO - DAG(s) 'first_with_python_v4' retrieved from /opt/airflow/dags/dag_with_python_operator.py
[2025-04-28T16:37:05.011+0000] {logging_mixin.py:190} INFO - [2025-04-28T16:37:05.011+0000] {dag.py:3239} INFO - Sync 1 DAGs
[2025-04-28T16:37:05.024+0000] {logging_mixin.py:190} INFO - [2025-04-28T16:37:05.024+0000] {dag.py:4180} INFO - Setting next_dagrun for first_with_python_v4 to 2025-02-28 00:00:00+00:00, run_after=2025-03-01 00:00:00+00:00
[2025-04-28T16:37:05.037+0000] {processor.py:208} INFO - Processing /opt/airflow/dags/dag_with_python_operator.py took 0.078 seconds
[2025-04-28T16:37:35.439+0000] {processor.py:186} INFO - Started process (PID=42564) to work on /opt/airflow/dags/dag_with_python_operator.py
[2025-04-28T16:37:35.440+0000] {processor.py:914} INFO - Processing file /opt/airflow/dags/dag_with_python_operator.py for tasks to queue
[2025-04-28T16:37:35.442+0000] {logging_mixin.py:190} INFO - [2025-04-28T16:37:35.442+0000] {dagbag.py:588} INFO - Filling up the DagBag from /opt/airflow/dags/dag_with_python_operator.py
[2025-04-28T16:37:35.461+0000] {processor.py:925} INFO - DAG(s) 'first_with_python_v4' retrieved from /opt/airflow/dags/dag_with_python_operator.py
[2025-04-28T16:37:35.477+0000] {logging_mixin.py:190} INFO - [2025-04-28T16:37:35.477+0000] {dag.py:3239} INFO - Sync 1 DAGs
[2025-04-28T16:37:35.496+0000] {logging_mixin.py:190} INFO - [2025-04-28T16:37:35.496+0000] {dag.py:4180} INFO - Setting next_dagrun for first_with_python_v4 to 2025-02-28 00:00:00+00:00, run_after=2025-03-01 00:00:00+00:00
[2025-04-28T16:37:35.510+0000] {processor.py:208} INFO - Processing /opt/airflow/dags/dag_with_python_operator.py took 0.075 seconds
[2025-04-28T16:38:05.816+0000] {processor.py:186} INFO - Started process (PID=42585) to work on /opt/airflow/dags/dag_with_python_operator.py
[2025-04-28T16:38:05.818+0000] {processor.py:914} INFO - Processing file /opt/airflow/dags/dag_with_python_operator.py for tasks to queue
[2025-04-28T16:38:05.824+0000] {logging_mixin.py:190} INFO - [2025-04-28T16:38:05.824+0000] {dagbag.py:588} INFO - Filling up the DagBag from /opt/airflow/dags/dag_with_python_operator.py
[2025-04-28T16:38:05.859+0000] {processor.py:925} INFO - DAG(s) 'first_with_python_v4' retrieved from /opt/airflow/dags/dag_with_python_operator.py
[2025-04-28T16:38:05.876+0000] {logging_mixin.py:190} INFO - [2025-04-28T16:38:05.876+0000] {dag.py:3239} INFO - Sync 1 DAGs
[2025-04-28T16:38:05.891+0000] {logging_mixin.py:190} INFO - [2025-04-28T16:38:05.890+0000] {dag.py:4180} INFO - Setting next_dagrun for first_with_python_v4 to 2025-02-28 00:00:00+00:00, run_after=2025-03-01 00:00:00+00:00
[2025-04-28T16:38:05.902+0000] {processor.py:208} INFO - Processing /opt/airflow/dags/dag_with_python_operator.py took 0.096 seconds
[2025-04-28T16:38:36.242+0000] {processor.py:186} INFO - Started process (PID=42606) to work on /opt/airflow/dags/dag_with_python_operator.py
[2025-04-28T16:38:36.243+0000] {processor.py:914} INFO - Processing file /opt/airflow/dags/dag_with_python_operator.py for tasks to queue
[2025-04-28T16:38:36.246+0000] {logging_mixin.py:190} INFO - [2025-04-28T16:38:36.246+0000] {dagbag.py:588} INFO - Filling up the DagBag from /opt/airflow/dags/dag_with_python_operator.py
[2025-04-28T16:38:36.275+0000] {processor.py:925} INFO - DAG(s) 'first_with_python_v4' retrieved from /opt/airflow/dags/dag_with_python_operator.py
[2025-04-28T16:38:36.289+0000] {logging_mixin.py:190} INFO - [2025-04-28T16:38:36.289+0000] {dag.py:3239} INFO - Sync 1 DAGs
[2025-04-28T16:38:36.304+0000] {logging_mixin.py:190} INFO - [2025-04-28T16:38:36.304+0000] {dag.py:4180} INFO - Setting next_dagrun for first_with_python_v4 to 2025-02-28 00:00:00+00:00, run_after=2025-03-01 00:00:00+00:00
[2025-04-28T16:38:36.318+0000] {processor.py:208} INFO - Processing /opt/airflow/dags/dag_with_python_operator.py took 0.089 seconds
[2025-04-28T16:39:06.627+0000] {processor.py:186} INFO - Started process (PID=42627) to work on /opt/airflow/dags/dag_with_python_operator.py
[2025-04-28T16:39:06.629+0000] {processor.py:914} INFO - Processing file /opt/airflow/dags/dag_with_python_operator.py for tasks to queue
[2025-04-28T16:39:06.632+0000] {logging_mixin.py:190} INFO - [2025-04-28T16:39:06.632+0000] {dagbag.py:588} INFO - Filling up the DagBag from /opt/airflow/dags/dag_with_python_operator.py
[2025-04-28T16:39:06.652+0000] {processor.py:925} INFO - DAG(s) 'first_with_python_v4' retrieved from /opt/airflow/dags/dag_with_python_operator.py
[2025-04-28T16:39:06.666+0000] {logging_mixin.py:190} INFO - [2025-04-28T16:39:06.666+0000] {dag.py:3239} INFO - Sync 1 DAGs
[2025-04-28T16:39:06.680+0000] {logging_mixin.py:190} INFO - [2025-04-28T16:39:06.680+0000] {dag.py:4180} INFO - Setting next_dagrun for first_with_python_v4 to 2025-02-28 00:00:00+00:00, run_after=2025-03-01 00:00:00+00:00
[2025-04-28T16:39:06.692+0000] {processor.py:208} INFO - Processing /opt/airflow/dags/dag_with_python_operator.py took 0.070 seconds
[2025-04-28T16:39:37.020+0000] {processor.py:186} INFO - Started process (PID=42648) to work on /opt/airflow/dags/dag_with_python_operator.py
[2025-04-28T16:39:37.021+0000] {processor.py:914} INFO - Processing file /opt/airflow/dags/dag_with_python_operator.py for tasks to queue
[2025-04-28T16:39:37.024+0000] {logging_mixin.py:190} INFO - [2025-04-28T16:39:37.023+0000] {dagbag.py:588} INFO - Filling up the DagBag from /opt/airflow/dags/dag_with_python_operator.py
[2025-04-28T16:39:37.048+0000] {processor.py:925} INFO - DAG(s) 'first_with_python_v4' retrieved from /opt/airflow/dags/dag_with_python_operator.py
[2025-04-28T16:39:37.064+0000] {logging_mixin.py:190} INFO - [2025-04-28T16:39:37.064+0000] {dag.py:3239} INFO - Sync 1 DAGs
[2025-04-28T16:39:37.083+0000] {logging_mixin.py:190} INFO - [2025-04-28T16:39:37.082+0000] {dag.py:4180} INFO - Setting next_dagrun for first_with_python_v4 to 2025-02-28 00:00:00+00:00, run_after=2025-03-01 00:00:00+00:00
[2025-04-28T16:39:37.098+0000] {processor.py:208} INFO - Processing /opt/airflow/dags/dag_with_python_operator.py took 0.082 seconds
[2025-04-28T16:40:07.453+0000] {processor.py:186} INFO - Started process (PID=42669) to work on /opt/airflow/dags/dag_with_python_operator.py
[2025-04-28T16:40:07.454+0000] {processor.py:914} INFO - Processing file /opt/airflow/dags/dag_with_python_operator.py for tasks to queue
[2025-04-28T16:40:07.457+0000] {logging_mixin.py:190} INFO - [2025-04-28T16:40:07.456+0000] {dagbag.py:588} INFO - Filling up the DagBag from /opt/airflow/dags/dag_with_python_operator.py
[2025-04-28T16:40:07.482+0000] {processor.py:925} INFO - DAG(s) 'first_with_python_v4' retrieved from /opt/airflow/dags/dag_with_python_operator.py
[2025-04-28T16:40:07.496+0000] {logging_mixin.py:190} INFO - [2025-04-28T16:40:07.496+0000] {dag.py:3239} INFO - Sync 1 DAGs
[2025-04-28T16:40:07.511+0000] {logging_mixin.py:190} INFO - [2025-04-28T16:40:07.511+0000] {dag.py:4180} INFO - Setting next_dagrun for first_with_python_v4 to 2025-02-28 00:00:00+00:00, run_after=2025-03-01 00:00:00+00:00
[2025-04-28T16:40:07.523+0000] {processor.py:208} INFO - Processing /opt/airflow/dags/dag_with_python_operator.py took 0.075 seconds
[2025-04-28T16:40:37.806+0000] {processor.py:186} INFO - Started process (PID=42690) to work on /opt/airflow/dags/dag_with_python_operator.py
[2025-04-28T16:40:37.808+0000] {processor.py:914} INFO - Processing file /opt/airflow/dags/dag_with_python_operator.py for tasks to queue
[2025-04-28T16:40:37.811+0000] {logging_mixin.py:190} INFO - [2025-04-28T16:40:37.811+0000] {dagbag.py:588} INFO - Filling up the DagBag from /opt/airflow/dags/dag_with_python_operator.py
[2025-04-28T16:40:37.842+0000] {processor.py:925} INFO - DAG(s) 'first_with_python_v4' retrieved from /opt/airflow/dags/dag_with_python_operator.py
[2025-04-28T16:40:37.863+0000] {logging_mixin.py:190} INFO - [2025-04-28T16:40:37.863+0000] {dag.py:3239} INFO - Sync 1 DAGs
[2025-04-28T16:40:37.880+0000] {logging_mixin.py:190} INFO - [2025-04-28T16:40:37.880+0000] {dag.py:4180} INFO - Setting next_dagrun for first_with_python_v4 to 2025-02-28 00:00:00+00:00, run_after=2025-03-01 00:00:00+00:00
[2025-04-28T16:40:37.894+0000] {processor.py:208} INFO - Processing /opt/airflow/dags/dag_with_python_operator.py took 0.092 seconds
[2025-04-28T16:41:08.182+0000] {processor.py:186} INFO - Started process (PID=42711) to work on /opt/airflow/dags/dag_with_python_operator.py
[2025-04-28T16:41:08.184+0000] {processor.py:914} INFO - Processing file /opt/airflow/dags/dag_with_python_operator.py for tasks to queue
[2025-04-28T16:41:08.187+0000] {logging_mixin.py:190} INFO - [2025-04-28T16:41:08.187+0000] {dagbag.py:588} INFO - Filling up the DagBag from /opt/airflow/dags/dag_with_python_operator.py
[2025-04-28T16:41:08.216+0000] {processor.py:925} INFO - DAG(s) 'first_with_python_v4' retrieved from /opt/airflow/dags/dag_with_python_operator.py
[2025-04-28T16:41:08.263+0000] {logging_mixin.py:190} INFO - [2025-04-28T16:41:08.262+0000] {dag.py:3239} INFO - Sync 1 DAGs
[2025-04-28T16:41:08.303+0000] {logging_mixin.py:190} INFO - [2025-04-28T16:41:08.303+0000] {dag.py:4180} INFO - Setting next_dagrun for first_with_python_v4 to 2025-02-28 00:00:00+00:00, run_after=2025-03-01 00:00:00+00:00
[2025-04-28T16:41:08.337+0000] {processor.py:208} INFO - Processing /opt/airflow/dags/dag_with_python_operator.py took 0.165 seconds
[2025-04-28T16:41:38.635+0000] {processor.py:186} INFO - Started process (PID=42732) to work on /opt/airflow/dags/dag_with_python_operator.py
[2025-04-28T16:41:38.637+0000] {processor.py:914} INFO - Processing file /opt/airflow/dags/dag_with_python_operator.py for tasks to queue
[2025-04-28T16:41:38.639+0000] {logging_mixin.py:190} INFO - [2025-04-28T16:41:38.639+0000] {dagbag.py:588} INFO - Filling up the DagBag from /opt/airflow/dags/dag_with_python_operator.py
[2025-04-28T16:41:38.653+0000] {processor.py:925} INFO - DAG(s) 'first_with_python_v4' retrieved from /opt/airflow/dags/dag_with_python_operator.py
[2025-04-28T16:41:38.678+0000] {logging_mixin.py:190} INFO - [2025-04-28T16:41:38.678+0000] {dag.py:3239} INFO - Sync 1 DAGs
[2025-04-28T16:41:38.695+0000] {logging_mixin.py:190} INFO - [2025-04-28T16:41:38.695+0000] {dag.py:4180} INFO - Setting next_dagrun for first_with_python_v4 to 2025-02-28 00:00:00+00:00, run_after=2025-03-01 00:00:00+00:00
[2025-04-28T16:41:38.709+0000] {processor.py:208} INFO - Processing /opt/airflow/dags/dag_with_python_operator.py took 0.077 seconds
[2025-04-28T16:42:08.992+0000] {processor.py:186} INFO - Started process (PID=42753) to work on /opt/airflow/dags/dag_with_python_operator.py
[2025-04-28T16:42:08.994+0000] {processor.py:914} INFO - Processing file /opt/airflow/dags/dag_with_python_operator.py for tasks to queue
[2025-04-28T16:42:08.996+0000] {logging_mixin.py:190} INFO - [2025-04-28T16:42:08.996+0000] {dagbag.py:588} INFO - Filling up the DagBag from /opt/airflow/dags/dag_with_python_operator.py
[2025-04-28T16:42:09.020+0000] {processor.py:925} INFO - DAG(s) 'first_with_python_v4' retrieved from /opt/airflow/dags/dag_with_python_operator.py
[2025-04-28T16:42:09.033+0000] {logging_mixin.py:190} INFO - [2025-04-28T16:42:09.033+0000] {dag.py:3239} INFO - Sync 1 DAGs
[2025-04-28T16:42:09.047+0000] {logging_mixin.py:190} INFO - [2025-04-28T16:42:09.047+0000] {dag.py:4180} INFO - Setting next_dagrun for first_with_python_v4 to 2025-02-28 00:00:00+00:00, run_after=2025-03-01 00:00:00+00:00
[2025-04-28T16:42:09.059+0000] {processor.py:208} INFO - Processing /opt/airflow/dags/dag_with_python_operator.py took 0.073 seconds
[2025-04-28T16:42:39.347+0000] {processor.py:186} INFO - Started process (PID=42774) to work on /opt/airflow/dags/dag_with_python_operator.py
[2025-04-28T16:42:39.350+0000] {processor.py:914} INFO - Processing file /opt/airflow/dags/dag_with_python_operator.py for tasks to queue
[2025-04-28T16:42:39.356+0000] {logging_mixin.py:190} INFO - [2025-04-28T16:42:39.356+0000] {dagbag.py:588} INFO - Filling up the DagBag from /opt/airflow/dags/dag_with_python_operator.py
[2025-04-28T16:42:39.397+0000] {processor.py:925} INFO - DAG(s) 'first_with_python_v4' retrieved from /opt/airflow/dags/dag_with_python_operator.py
[2025-04-28T16:42:39.410+0000] {logging_mixin.py:190} INFO - [2025-04-28T16:42:39.410+0000] {dag.py:3239} INFO - Sync 1 DAGs
[2025-04-28T16:42:39.426+0000] {logging_mixin.py:190} INFO - [2025-04-28T16:42:39.426+0000] {dag.py:4180} INFO - Setting next_dagrun for first_with_python_v4 to 2025-02-28 00:00:00+00:00, run_after=2025-03-01 00:00:00+00:00
[2025-04-28T16:42:39.439+0000] {processor.py:208} INFO - Processing /opt/airflow/dags/dag_with_python_operator.py took 0.102 seconds
[2025-04-28T16:43:09.672+0000] {processor.py:186} INFO - Started process (PID=42795) to work on /opt/airflow/dags/dag_with_python_operator.py
[2025-04-28T16:43:09.674+0000] {processor.py:914} INFO - Processing file /opt/airflow/dags/dag_with_python_operator.py for tasks to queue
[2025-04-28T16:43:09.676+0000] {logging_mixin.py:190} INFO - [2025-04-28T16:43:09.676+0000] {dagbag.py:588} INFO - Filling up the DagBag from /opt/airflow/dags/dag_with_python_operator.py
[2025-04-28T16:43:09.701+0000] {processor.py:925} INFO - DAG(s) 'first_with_python_v4' retrieved from /opt/airflow/dags/dag_with_python_operator.py
[2025-04-28T16:43:09.715+0000] {logging_mixin.py:190} INFO - [2025-04-28T16:43:09.715+0000] {dag.py:3239} INFO - Sync 1 DAGs
[2025-04-28T16:43:09.730+0000] {logging_mixin.py:190} INFO - [2025-04-28T16:43:09.730+0000] {dag.py:4180} INFO - Setting next_dagrun for first_with_python_v4 to 2025-02-28 00:00:00+00:00, run_after=2025-03-01 00:00:00+00:00
[2025-04-28T16:43:09.743+0000] {processor.py:208} INFO - Processing /opt/airflow/dags/dag_with_python_operator.py took 0.076 seconds
[2025-04-28T16:43:39.980+0000] {processor.py:186} INFO - Started process (PID=42816) to work on /opt/airflow/dags/dag_with_python_operator.py
[2025-04-28T16:43:39.982+0000] {processor.py:914} INFO - Processing file /opt/airflow/dags/dag_with_python_operator.py for tasks to queue
[2025-04-28T16:43:39.985+0000] {logging_mixin.py:190} INFO - [2025-04-28T16:43:39.985+0000] {dagbag.py:588} INFO - Filling up the DagBag from /opt/airflow/dags/dag_with_python_operator.py
[2025-04-28T16:43:40.013+0000] {processor.py:925} INFO - DAG(s) 'first_with_python_v4' retrieved from /opt/airflow/dags/dag_with_python_operator.py
[2025-04-28T16:43:40.027+0000] {logging_mixin.py:190} INFO - [2025-04-28T16:43:40.027+0000] {dag.py:3239} INFO - Sync 1 DAGs
[2025-04-28T16:43:40.041+0000] {logging_mixin.py:190} INFO - [2025-04-28T16:43:40.041+0000] {dag.py:4180} INFO - Setting next_dagrun for first_with_python_v4 to 2025-02-28 00:00:00+00:00, run_after=2025-03-01 00:00:00+00:00
[2025-04-28T16:43:40.054+0000] {processor.py:208} INFO - Processing /opt/airflow/dags/dag_with_python_operator.py took 0.078 seconds
[2025-04-28T16:44:10.373+0000] {processor.py:186} INFO - Started process (PID=42837) to work on /opt/airflow/dags/dag_with_python_operator.py
[2025-04-28T16:44:10.375+0000] {processor.py:914} INFO - Processing file /opt/airflow/dags/dag_with_python_operator.py for tasks to queue
[2025-04-28T16:44:10.378+0000] {logging_mixin.py:190} INFO - [2025-04-28T16:44:10.377+0000] {dagbag.py:588} INFO - Filling up the DagBag from /opt/airflow/dags/dag_with_python_operator.py
[2025-04-28T16:44:10.416+0000] {processor.py:925} INFO - DAG(s) 'first_with_python_v4' retrieved from /opt/airflow/dags/dag_with_python_operator.py
[2025-04-28T16:44:10.431+0000] {logging_mixin.py:190} INFO - [2025-04-28T16:44:10.431+0000] {dag.py:3239} INFO - Sync 1 DAGs
[2025-04-28T16:44:10.446+0000] {logging_mixin.py:190} INFO - [2025-04-28T16:44:10.446+0000] {dag.py:4180} INFO - Setting next_dagrun for first_with_python_v4 to 2025-02-28 00:00:00+00:00, run_after=2025-03-01 00:00:00+00:00
[2025-04-28T16:44:10.458+0000] {processor.py:208} INFO - Processing /opt/airflow/dags/dag_with_python_operator.py took 0.093 seconds
[2025-04-28T16:44:40.706+0000] {processor.py:186} INFO - Started process (PID=42858) to work on /opt/airflow/dags/dag_with_python_operator.py
[2025-04-28T16:44:40.709+0000] {processor.py:914} INFO - Processing file /opt/airflow/dags/dag_with_python_operator.py for tasks to queue
[2025-04-28T16:44:40.712+0000] {logging_mixin.py:190} INFO - [2025-04-28T16:44:40.711+0000] {dagbag.py:588} INFO - Filling up the DagBag from /opt/airflow/dags/dag_with_python_operator.py
[2025-04-28T16:44:40.729+0000] {processor.py:925} INFO - DAG(s) 'first_with_python_v4' retrieved from /opt/airflow/dags/dag_with_python_operator.py
[2025-04-28T16:44:40.745+0000] {logging_mixin.py:190} INFO - [2025-04-28T16:44:40.745+0000] {dag.py:3239} INFO - Sync 1 DAGs
[2025-04-28T16:44:40.762+0000] {logging_mixin.py:190} INFO - [2025-04-28T16:44:40.761+0000] {dag.py:4180} INFO - Setting next_dagrun for first_with_python_v4 to 2025-02-28 00:00:00+00:00, run_after=2025-03-01 00:00:00+00:00
[2025-04-28T16:44:40.774+0000] {processor.py:208} INFO - Processing /opt/airflow/dags/dag_with_python_operator.py took 0.073 seconds
[2025-04-28T16:45:11.030+0000] {processor.py:186} INFO - Started process (PID=42879) to work on /opt/airflow/dags/dag_with_python_operator.py
[2025-04-28T16:45:11.033+0000] {processor.py:914} INFO - Processing file /opt/airflow/dags/dag_with_python_operator.py for tasks to queue
[2025-04-28T16:45:11.041+0000] {logging_mixin.py:190} INFO - [2025-04-28T16:45:11.040+0000] {dagbag.py:588} INFO - Filling up the DagBag from /opt/airflow/dags/dag_with_python_operator.py
[2025-04-28T16:45:11.077+0000] {processor.py:925} INFO - DAG(s) 'first_with_python_v4' retrieved from /opt/airflow/dags/dag_with_python_operator.py
[2025-04-28T16:45:11.092+0000] {logging_mixin.py:190} INFO - [2025-04-28T16:45:11.091+0000] {dag.py:3239} INFO - Sync 1 DAGs
[2025-04-28T16:45:11.107+0000] {logging_mixin.py:190} INFO - [2025-04-28T16:45:11.107+0000] {dag.py:4180} INFO - Setting next_dagrun for first_with_python_v4 to 2025-02-28 00:00:00+00:00, run_after=2025-03-01 00:00:00+00:00
[2025-04-28T16:45:11.120+0000] {processor.py:208} INFO - Processing /opt/airflow/dags/dag_with_python_operator.py took 0.097 seconds
[2025-04-28T16:45:41.408+0000] {processor.py:186} INFO - Started process (PID=42899) to work on /opt/airflow/dags/dag_with_python_operator.py
[2025-04-28T16:45:41.410+0000] {processor.py:914} INFO - Processing file /opt/airflow/dags/dag_with_python_operator.py for tasks to queue
[2025-04-28T16:45:41.412+0000] {logging_mixin.py:190} INFO - [2025-04-28T16:45:41.412+0000] {dagbag.py:588} INFO - Filling up the DagBag from /opt/airflow/dags/dag_with_python_operator.py
[2025-04-28T16:45:41.424+0000] {processor.py:925} INFO - DAG(s) 'first_with_python_v4' retrieved from /opt/airflow/dags/dag_with_python_operator.py
[2025-04-28T16:45:41.445+0000] {logging_mixin.py:190} INFO - [2025-04-28T16:45:41.445+0000] {dag.py:3239} INFO - Sync 1 DAGs
[2025-04-28T16:45:41.464+0000] {logging_mixin.py:190} INFO - [2025-04-28T16:45:41.464+0000] {dag.py:4180} INFO - Setting next_dagrun for first_with_python_v4 to 2025-02-28 00:00:00+00:00, run_after=2025-03-01 00:00:00+00:00
[2025-04-28T16:45:41.478+0000] {processor.py:208} INFO - Processing /opt/airflow/dags/dag_with_python_operator.py took 0.073 seconds
[2025-04-28T16:46:11.815+0000] {processor.py:186} INFO - Started process (PID=42920) to work on /opt/airflow/dags/dag_with_python_operator.py
[2025-04-28T16:46:11.817+0000] {processor.py:914} INFO - Processing file /opt/airflow/dags/dag_with_python_operator.py for tasks to queue
[2025-04-28T16:46:11.819+0000] {logging_mixin.py:190} INFO - [2025-04-28T16:46:11.819+0000] {dagbag.py:588} INFO - Filling up the DagBag from /opt/airflow/dags/dag_with_python_operator.py
[2025-04-28T16:46:11.838+0000] {processor.py:925} INFO - DAG(s) 'first_with_python_v4' retrieved from /opt/airflow/dags/dag_with_python_operator.py
[2025-04-28T16:46:11.852+0000] {logging_mixin.py:190} INFO - [2025-04-28T16:46:11.852+0000] {dag.py:3239} INFO - Sync 1 DAGs
[2025-04-28T16:46:11.867+0000] {logging_mixin.py:190} INFO - [2025-04-28T16:46:11.866+0000] {dag.py:4180} INFO - Setting next_dagrun for first_with_python_v4 to 2025-02-28 00:00:00+00:00, run_after=2025-03-01 00:00:00+00:00
[2025-04-28T16:46:11.880+0000] {processor.py:208} INFO - Processing /opt/airflow/dags/dag_with_python_operator.py took 0.069 seconds
[2025-04-28T16:46:42.230+0000] {processor.py:186} INFO - Started process (PID=42941) to work on /opt/airflow/dags/dag_with_python_operator.py
[2025-04-28T16:46:42.233+0000] {processor.py:914} INFO - Processing file /opt/airflow/dags/dag_with_python_operator.py for tasks to queue
[2025-04-28T16:46:42.236+0000] {logging_mixin.py:190} INFO - [2025-04-28T16:46:42.235+0000] {dagbag.py:588} INFO - Filling up the DagBag from /opt/airflow/dags/dag_with_python_operator.py
[2025-04-28T16:46:42.263+0000] {processor.py:925} INFO - DAG(s) 'first_with_python_v4' retrieved from /opt/airflow/dags/dag_with_python_operator.py
[2025-04-28T16:46:42.278+0000] {logging_mixin.py:190} INFO - [2025-04-28T16:46:42.278+0000] {dag.py:3239} INFO - Sync 1 DAGs
[2025-04-28T16:46:42.292+0000] {logging_mixin.py:190} INFO - [2025-04-28T16:46:42.292+0000] {dag.py:4180} INFO - Setting next_dagrun for first_with_python_v4 to 2025-02-28 00:00:00+00:00, run_after=2025-03-01 00:00:00+00:00
[2025-04-28T16:46:42.310+0000] {processor.py:208} INFO - Processing /opt/airflow/dags/dag_with_python_operator.py took 0.086 seconds
[2025-04-28T16:47:12.607+0000] {processor.py:186} INFO - Started process (PID=42962) to work on /opt/airflow/dags/dag_with_python_operator.py
[2025-04-28T16:47:12.609+0000] {processor.py:914} INFO - Processing file /opt/airflow/dags/dag_with_python_operator.py for tasks to queue
[2025-04-28T16:47:12.611+0000] {logging_mixin.py:190} INFO - [2025-04-28T16:47:12.611+0000] {dagbag.py:588} INFO - Filling up the DagBag from /opt/airflow/dags/dag_with_python_operator.py
[2025-04-28T16:47:12.626+0000] {processor.py:925} INFO - DAG(s) 'first_with_python_v4' retrieved from /opt/airflow/dags/dag_with_python_operator.py
[2025-04-28T16:47:12.639+0000] {logging_mixin.py:190} INFO - [2025-04-28T16:47:12.639+0000] {dag.py:3239} INFO - Sync 1 DAGs
[2025-04-28T16:47:12.653+0000] {logging_mixin.py:190} INFO - [2025-04-28T16:47:12.653+0000] {dag.py:4180} INFO - Setting next_dagrun for first_with_python_v4 to 2025-02-28 00:00:00+00:00, run_after=2025-03-01 00:00:00+00:00
[2025-04-28T16:47:12.666+0000] {processor.py:208} INFO - Processing /opt/airflow/dags/dag_with_python_operator.py took 0.066 seconds
[2025-04-28T16:47:42.976+0000] {processor.py:186} INFO - Started process (PID=42983) to work on /opt/airflow/dags/dag_with_python_operator.py
[2025-04-28T16:47:42.978+0000] {processor.py:914} INFO - Processing file /opt/airflow/dags/dag_with_python_operator.py for tasks to queue
[2025-04-28T16:47:42.981+0000] {logging_mixin.py:190} INFO - [2025-04-28T16:47:42.981+0000] {dagbag.py:588} INFO - Filling up the DagBag from /opt/airflow/dags/dag_with_python_operator.py
[2025-04-28T16:47:43.034+0000] {processor.py:925} INFO - DAG(s) 'first_with_python_v4' retrieved from /opt/airflow/dags/dag_with_python_operator.py
[2025-04-28T16:47:43.051+0000] {logging_mixin.py:190} INFO - [2025-04-28T16:47:43.051+0000] {dag.py:3239} INFO - Sync 1 DAGs
[2025-04-28T16:47:43.068+0000] {logging_mixin.py:190} INFO - [2025-04-28T16:47:43.068+0000] {dag.py:4180} INFO - Setting next_dagrun for first_with_python_v4 to 2025-02-28 00:00:00+00:00, run_after=2025-03-01 00:00:00+00:00
[2025-04-28T16:47:43.081+0000] {processor.py:208} INFO - Processing /opt/airflow/dags/dag_with_python_operator.py took 0.109 seconds
[2025-04-28T16:48:13.307+0000] {processor.py:186} INFO - Started process (PID=43004) to work on /opt/airflow/dags/dag_with_python_operator.py
[2025-04-28T16:48:13.308+0000] {processor.py:914} INFO - Processing file /opt/airflow/dags/dag_with_python_operator.py for tasks to queue
[2025-04-28T16:48:13.311+0000] {logging_mixin.py:190} INFO - [2025-04-28T16:48:13.310+0000] {dagbag.py:588} INFO - Filling up the DagBag from /opt/airflow/dags/dag_with_python_operator.py
[2025-04-28T16:48:13.326+0000] {processor.py:925} INFO - DAG(s) 'first_with_python_v4' retrieved from /opt/airflow/dags/dag_with_python_operator.py
[2025-04-28T16:48:13.343+0000] {logging_mixin.py:190} INFO - [2025-04-28T16:48:13.342+0000] {dag.py:3239} INFO - Sync 1 DAGs
[2025-04-28T16:48:13.358+0000] {logging_mixin.py:190} INFO - [2025-04-28T16:48:13.358+0000] {dag.py:4180} INFO - Setting next_dagrun for first_with_python_v4 to 2025-02-28 00:00:00+00:00, run_after=2025-03-01 00:00:00+00:00
[2025-04-28T16:48:13.372+0000] {processor.py:208} INFO - Processing /opt/airflow/dags/dag_with_python_operator.py took 0.069 seconds
[2025-04-28T16:48:43.661+0000] {processor.py:186} INFO - Started process (PID=43024) to work on /opt/airflow/dags/dag_with_python_operator.py
[2025-04-28T16:48:43.663+0000] {processor.py:914} INFO - Processing file /opt/airflow/dags/dag_with_python_operator.py for tasks to queue
[2025-04-28T16:48:43.666+0000] {logging_mixin.py:190} INFO - [2025-04-28T16:48:43.665+0000] {dagbag.py:588} INFO - Filling up the DagBag from /opt/airflow/dags/dag_with_python_operator.py
[2025-04-28T16:48:43.681+0000] {processor.py:925} INFO - DAG(s) 'first_with_python_v4' retrieved from /opt/airflow/dags/dag_with_python_operator.py
[2025-04-28T16:48:43.697+0000] {logging_mixin.py:190} INFO - [2025-04-28T16:48:43.697+0000] {dag.py:3239} INFO - Sync 1 DAGs
[2025-04-28T16:48:43.713+0000] {logging_mixin.py:190} INFO - [2025-04-28T16:48:43.712+0000] {dag.py:4180} INFO - Setting next_dagrun for first_with_python_v4 to 2025-02-28 00:00:00+00:00, run_after=2025-03-01 00:00:00+00:00
[2025-04-28T16:48:43.725+0000] {processor.py:208} INFO - Processing /opt/airflow/dags/dag_with_python_operator.py took 0.067 seconds
[2025-04-28T16:49:14.085+0000] {processor.py:186} INFO - Started process (PID=43045) to work on /opt/airflow/dags/dag_with_python_operator.py
[2025-04-28T16:49:14.088+0000] {processor.py:914} INFO - Processing file /opt/airflow/dags/dag_with_python_operator.py for tasks to queue
[2025-04-28T16:49:14.092+0000] {logging_mixin.py:190} INFO - [2025-04-28T16:49:14.092+0000] {dagbag.py:588} INFO - Filling up the DagBag from /opt/airflow/dags/dag_with_python_operator.py
[2025-04-28T16:49:14.123+0000] {processor.py:925} INFO - DAG(s) 'first_with_python_v4' retrieved from /opt/airflow/dags/dag_with_python_operator.py
[2025-04-28T16:49:14.137+0000] {logging_mixin.py:190} INFO - [2025-04-28T16:49:14.137+0000] {dag.py:3239} INFO - Sync 1 DAGs
[2025-04-28T16:49:14.151+0000] {logging_mixin.py:190} INFO - [2025-04-28T16:49:14.151+0000] {dag.py:4180} INFO - Setting next_dagrun for first_with_python_v4 to 2025-02-28 00:00:00+00:00, run_after=2025-03-01 00:00:00+00:00
[2025-04-28T16:49:14.164+0000] {processor.py:208} INFO - Processing /opt/airflow/dags/dag_with_python_operator.py took 0.086 seconds
[2025-04-28T16:49:44.479+0000] {processor.py:186} INFO - Started process (PID=43066) to work on /opt/airflow/dags/dag_with_python_operator.py
[2025-04-28T16:49:44.482+0000] {processor.py:914} INFO - Processing file /opt/airflow/dags/dag_with_python_operator.py for tasks to queue
[2025-04-28T16:49:44.486+0000] {logging_mixin.py:190} INFO - [2025-04-28T16:49:44.486+0000] {dagbag.py:588} INFO - Filling up the DagBag from /opt/airflow/dags/dag_with_python_operator.py
[2025-04-28T16:49:44.519+0000] {processor.py:925} INFO - DAG(s) 'first_with_python_v4' retrieved from /opt/airflow/dags/dag_with_python_operator.py
[2025-04-28T16:49:44.535+0000] {logging_mixin.py:190} INFO - [2025-04-28T16:49:44.535+0000] {dag.py:3239} INFO - Sync 1 DAGs
[2025-04-28T16:49:44.551+0000] {logging_mixin.py:190} INFO - [2025-04-28T16:49:44.551+0000] {dag.py:4180} INFO - Setting next_dagrun for first_with_python_v4 to 2025-02-28 00:00:00+00:00, run_after=2025-03-01 00:00:00+00:00
[2025-04-28T16:49:44.563+0000] {processor.py:208} INFO - Processing /opt/airflow/dags/dag_with_python_operator.py took 0.088 seconds
[2025-04-28T16:50:14.839+0000] {processor.py:186} INFO - Started process (PID=43087) to work on /opt/airflow/dags/dag_with_python_operator.py
[2025-04-28T16:50:14.841+0000] {processor.py:914} INFO - Processing file /opt/airflow/dags/dag_with_python_operator.py for tasks to queue
[2025-04-28T16:50:14.844+0000] {logging_mixin.py:190} INFO - [2025-04-28T16:50:14.844+0000] {dagbag.py:588} INFO - Filling up the DagBag from /opt/airflow/dags/dag_with_python_operator.py
[2025-04-28T16:50:14.871+0000] {processor.py:925} INFO - DAG(s) 'first_with_python_v4' retrieved from /opt/airflow/dags/dag_with_python_operator.py
[2025-04-28T16:50:14.886+0000] {logging_mixin.py:190} INFO - [2025-04-28T16:50:14.886+0000] {dag.py:3239} INFO - Sync 1 DAGs
[2025-04-28T16:50:14.902+0000] {logging_mixin.py:190} INFO - [2025-04-28T16:50:14.902+0000] {dag.py:4180} INFO - Setting next_dagrun for first_with_python_v4 to 2025-02-28 00:00:00+00:00, run_after=2025-03-01 00:00:00+00:00
[2025-04-28T16:50:14.921+0000] {processor.py:208} INFO - Processing /opt/airflow/dags/dag_with_python_operator.py took 0.087 seconds
[2025-04-28T16:50:45.206+0000] {processor.py:186} INFO - Started process (PID=43108) to work on /opt/airflow/dags/dag_with_python_operator.py
[2025-04-28T16:50:45.208+0000] {processor.py:914} INFO - Processing file /opt/airflow/dags/dag_with_python_operator.py for tasks to queue
[2025-04-28T16:50:45.213+0000] {logging_mixin.py:190} INFO - [2025-04-28T16:50:45.213+0000] {dagbag.py:588} INFO - Filling up the DagBag from /opt/airflow/dags/dag_with_python_operator.py
[2025-04-28T16:50:45.249+0000] {processor.py:925} INFO - DAG(s) 'first_with_python_v4' retrieved from /opt/airflow/dags/dag_with_python_operator.py
[2025-04-28T16:50:45.266+0000] {logging_mixin.py:190} INFO - [2025-04-28T16:50:45.266+0000] {dag.py:3239} INFO - Sync 1 DAGs
[2025-04-28T16:50:45.281+0000] {logging_mixin.py:190} INFO - [2025-04-28T16:50:45.281+0000] {dag.py:4180} INFO - Setting next_dagrun for first_with_python_v4 to 2025-02-28 00:00:00+00:00, run_after=2025-03-01 00:00:00+00:00
[2025-04-28T16:50:45.294+0000] {processor.py:208} INFO - Processing /opt/airflow/dags/dag_with_python_operator.py took 0.093 seconds
[2025-04-28T16:51:15.638+0000] {processor.py:186} INFO - Started process (PID=43129) to work on /opt/airflow/dags/dag_with_python_operator.py
[2025-04-28T16:51:15.641+0000] {processor.py:914} INFO - Processing file /opt/airflow/dags/dag_with_python_operator.py for tasks to queue
[2025-04-28T16:51:15.644+0000] {logging_mixin.py:190} INFO - [2025-04-28T16:51:15.644+0000] {dagbag.py:588} INFO - Filling up the DagBag from /opt/airflow/dags/dag_with_python_operator.py
[2025-04-28T16:51:15.670+0000] {processor.py:925} INFO - DAG(s) 'first_with_python_v4' retrieved from /opt/airflow/dags/dag_with_python_operator.py
[2025-04-28T16:51:15.684+0000] {logging_mixin.py:190} INFO - [2025-04-28T16:51:15.683+0000] {dag.py:3239} INFO - Sync 1 DAGs
[2025-04-28T16:51:15.698+0000] {logging_mixin.py:190} INFO - [2025-04-28T16:51:15.698+0000] {dag.py:4180} INFO - Setting next_dagrun for first_with_python_v4 to 2025-02-28 00:00:00+00:00, run_after=2025-03-01 00:00:00+00:00
[2025-04-28T16:51:15.711+0000] {processor.py:208} INFO - Processing /opt/airflow/dags/dag_with_python_operator.py took 0.078 seconds
[2025-04-28T16:51:46.015+0000] {processor.py:186} INFO - Started process (PID=43150) to work on /opt/airflow/dags/dag_with_python_operator.py
[2025-04-28T16:51:46.016+0000] {processor.py:914} INFO - Processing file /opt/airflow/dags/dag_with_python_operator.py for tasks to queue
[2025-04-28T16:51:46.018+0000] {logging_mixin.py:190} INFO - [2025-04-28T16:51:46.018+0000] {dagbag.py:588} INFO - Filling up the DagBag from /opt/airflow/dags/dag_with_python_operator.py
[2025-04-28T16:51:46.032+0000] {processor.py:925} INFO - DAG(s) 'first_with_python_v4' retrieved from /opt/airflow/dags/dag_with_python_operator.py
[2025-04-28T16:51:46.046+0000] {logging_mixin.py:190} INFO - [2025-04-28T16:51:46.046+0000] {dag.py:3239} INFO - Sync 1 DAGs
[2025-04-28T16:51:46.062+0000] {logging_mixin.py:190} INFO - [2025-04-28T16:51:46.061+0000] {dag.py:4180} INFO - Setting next_dagrun for first_with_python_v4 to 2025-02-28 00:00:00+00:00, run_after=2025-03-01 00:00:00+00:00
[2025-04-28T16:51:46.073+0000] {processor.py:208} INFO - Processing /opt/airflow/dags/dag_with_python_operator.py took 0.062 seconds
[2025-04-28T16:52:16.331+0000] {processor.py:186} INFO - Started process (PID=43171) to work on /opt/airflow/dags/dag_with_python_operator.py
[2025-04-28T16:52:16.333+0000] {processor.py:914} INFO - Processing file /opt/airflow/dags/dag_with_python_operator.py for tasks to queue
[2025-04-28T16:52:16.336+0000] {logging_mixin.py:190} INFO - [2025-04-28T16:52:16.336+0000] {dagbag.py:588} INFO - Filling up the DagBag from /opt/airflow/dags/dag_with_python_operator.py
[2025-04-28T16:52:16.360+0000] {processor.py:925} INFO - DAG(s) 'first_with_python_v4' retrieved from /opt/airflow/dags/dag_with_python_operator.py
[2025-04-28T16:52:16.375+0000] {logging_mixin.py:190} INFO - [2025-04-28T16:52:16.375+0000] {dag.py:3239} INFO - Sync 1 DAGs
[2025-04-28T16:52:16.390+0000] {logging_mixin.py:190} INFO - [2025-04-28T16:52:16.390+0000] {dag.py:4180} INFO - Setting next_dagrun for first_with_python_v4 to 2025-02-28 00:00:00+00:00, run_after=2025-03-01 00:00:00+00:00
[2025-04-28T16:52:16.403+0000] {processor.py:208} INFO - Processing /opt/airflow/dags/dag_with_python_operator.py took 0.079 seconds
[2025-04-28T16:52:46.660+0000] {processor.py:186} INFO - Started process (PID=43192) to work on /opt/airflow/dags/dag_with_python_operator.py
[2025-04-28T16:52:46.662+0000] {processor.py:914} INFO - Processing file /opt/airflow/dags/dag_with_python_operator.py for tasks to queue
[2025-04-28T16:52:46.665+0000] {logging_mixin.py:190} INFO - [2025-04-28T16:52:46.664+0000] {dagbag.py:588} INFO - Filling up the DagBag from /opt/airflow/dags/dag_with_python_operator.py
[2025-04-28T16:52:46.703+0000] {processor.py:925} INFO - DAG(s) 'first_with_python_v4' retrieved from /opt/airflow/dags/dag_with_python_operator.py
[2025-04-28T16:52:46.724+0000] {logging_mixin.py:190} INFO - [2025-04-28T16:52:46.724+0000] {dag.py:3239} INFO - Sync 1 DAGs
[2025-04-28T16:52:46.741+0000] {logging_mixin.py:190} INFO - [2025-04-28T16:52:46.741+0000] {dag.py:4180} INFO - Setting next_dagrun for first_with_python_v4 to 2025-02-28 00:00:00+00:00, run_after=2025-03-01 00:00:00+00:00
[2025-04-28T16:52:46.757+0000] {processor.py:208} INFO - Processing /opt/airflow/dags/dag_with_python_operator.py took 0.105 seconds
[2025-04-28T16:53:17.041+0000] {processor.py:186} INFO - Started process (PID=43213) to work on /opt/airflow/dags/dag_with_python_operator.py
[2025-04-28T16:53:17.042+0000] {processor.py:914} INFO - Processing file /opt/airflow/dags/dag_with_python_operator.py for tasks to queue
[2025-04-28T16:53:17.044+0000] {logging_mixin.py:190} INFO - [2025-04-28T16:53:17.044+0000] {dagbag.py:588} INFO - Filling up the DagBag from /opt/airflow/dags/dag_with_python_operator.py
[2025-04-28T16:53:17.069+0000] {processor.py:925} INFO - DAG(s) 'first_with_python_v4' retrieved from /opt/airflow/dags/dag_with_python_operator.py
[2025-04-28T16:53:17.082+0000] {logging_mixin.py:190} INFO - [2025-04-28T16:53:17.082+0000] {dag.py:3239} INFO - Sync 1 DAGs
[2025-04-28T16:53:17.096+0000] {logging_mixin.py:190} INFO - [2025-04-28T16:53:17.096+0000] {dag.py:4180} INFO - Setting next_dagrun for first_with_python_v4 to 2025-02-28 00:00:00+00:00, run_after=2025-03-01 00:00:00+00:00
[2025-04-28T16:53:17.108+0000] {processor.py:208} INFO - Processing /opt/airflow/dags/dag_with_python_operator.py took 0.071 seconds
[2025-04-28T16:53:47.408+0000] {processor.py:186} INFO - Started process (PID=43234) to work on /opt/airflow/dags/dag_with_python_operator.py
[2025-04-28T16:53:47.411+0000] {processor.py:914} INFO - Processing file /opt/airflow/dags/dag_with_python_operator.py for tasks to queue
[2025-04-28T16:53:47.416+0000] {logging_mixin.py:190} INFO - [2025-04-28T16:53:47.416+0000] {dagbag.py:588} INFO - Filling up the DagBag from /opt/airflow/dags/dag_with_python_operator.py
[2025-04-28T16:53:47.450+0000] {processor.py:925} INFO - DAG(s) 'first_with_python_v4' retrieved from /opt/airflow/dags/dag_with_python_operator.py
[2025-04-28T16:53:47.466+0000] {logging_mixin.py:190} INFO - [2025-04-28T16:53:47.466+0000] {dag.py:3239} INFO - Sync 1 DAGs
[2025-04-28T16:53:47.485+0000] {logging_mixin.py:190} INFO - [2025-04-28T16:53:47.484+0000] {dag.py:4180} INFO - Setting next_dagrun for first_with_python_v4 to 2025-02-28 00:00:00+00:00, run_after=2025-03-01 00:00:00+00:00
[2025-04-28T16:53:47.495+0000] {processor.py:208} INFO - Processing /opt/airflow/dags/dag_with_python_operator.py took 0.093 seconds
[2025-04-28T16:54:17.743+0000] {processor.py:186} INFO - Started process (PID=43255) to work on /opt/airflow/dags/dag_with_python_operator.py
[2025-04-28T16:54:17.745+0000] {processor.py:914} INFO - Processing file /opt/airflow/dags/dag_with_python_operator.py for tasks to queue
[2025-04-28T16:54:17.749+0000] {logging_mixin.py:190} INFO - [2025-04-28T16:54:17.748+0000] {dagbag.py:588} INFO - Filling up the DagBag from /opt/airflow/dags/dag_with_python_operator.py
[2025-04-28T16:54:17.782+0000] {processor.py:925} INFO - DAG(s) 'first_with_python_v4' retrieved from /opt/airflow/dags/dag_with_python_operator.py
[2025-04-28T16:54:17.800+0000] {logging_mixin.py:190} INFO - [2025-04-28T16:54:17.800+0000] {dag.py:3239} INFO - Sync 1 DAGs
[2025-04-28T16:54:17.818+0000] {logging_mixin.py:190} INFO - [2025-04-28T16:54:17.818+0000] {dag.py:4180} INFO - Setting next_dagrun for first_with_python_v4 to 2025-02-28 00:00:00+00:00, run_after=2025-03-01 00:00:00+00:00
[2025-04-28T16:54:17.831+0000] {processor.py:208} INFO - Processing /opt/airflow/dags/dag_with_python_operator.py took 0.093 seconds
[2025-04-28T16:54:48.164+0000] {processor.py:186} INFO - Started process (PID=43276) to work on /opt/airflow/dags/dag_with_python_operator.py
[2025-04-28T16:54:48.166+0000] {processor.py:914} INFO - Processing file /opt/airflow/dags/dag_with_python_operator.py for tasks to queue
[2025-04-28T16:54:48.170+0000] {logging_mixin.py:190} INFO - [2025-04-28T16:54:48.169+0000] {dagbag.py:588} INFO - Filling up the DagBag from /opt/airflow/dags/dag_with_python_operator.py
[2025-04-28T16:54:48.192+0000] {processor.py:925} INFO - DAG(s) 'first_with_python_v4' retrieved from /opt/airflow/dags/dag_with_python_operator.py
[2025-04-28T16:54:48.212+0000] {logging_mixin.py:190} INFO - [2025-04-28T16:54:48.211+0000] {dag.py:3239} INFO - Sync 1 DAGs
[2025-04-28T16:54:48.230+0000] {logging_mixin.py:190} INFO - [2025-04-28T16:54:48.230+0000] {dag.py:4180} INFO - Setting next_dagrun for first_with_python_v4 to 2025-02-28 00:00:00+00:00, run_after=2025-03-01 00:00:00+00:00
[2025-04-28T16:54:48.244+0000] {processor.py:208} INFO - Processing /opt/airflow/dags/dag_with_python_operator.py took 0.086 seconds
[2025-04-28T16:55:18.517+0000] {processor.py:186} INFO - Started process (PID=43297) to work on /opt/airflow/dags/dag_with_python_operator.py
[2025-04-28T16:55:18.520+0000] {processor.py:914} INFO - Processing file /opt/airflow/dags/dag_with_python_operator.py for tasks to queue
[2025-04-28T16:55:18.528+0000] {logging_mixin.py:190} INFO - [2025-04-28T16:55:18.527+0000] {dagbag.py:588} INFO - Filling up the DagBag from /opt/airflow/dags/dag_with_python_operator.py
[2025-04-28T16:55:18.561+0000] {processor.py:925} INFO - DAG(s) 'first_with_python_v4' retrieved from /opt/airflow/dags/dag_with_python_operator.py
[2025-04-28T16:55:18.578+0000] {logging_mixin.py:190} INFO - [2025-04-28T16:55:18.577+0000] {dag.py:3239} INFO - Sync 1 DAGs
[2025-04-28T16:55:18.593+0000] {logging_mixin.py:190} INFO - [2025-04-28T16:55:18.593+0000] {dag.py:4180} INFO - Setting next_dagrun for first_with_python_v4 to 2025-02-28 00:00:00+00:00, run_after=2025-03-01 00:00:00+00:00
[2025-04-28T16:55:18.608+0000] {processor.py:208} INFO - Processing /opt/airflow/dags/dag_with_python_operator.py took 0.099 seconds
[2025-04-28T16:55:48.845+0000] {processor.py:186} INFO - Started process (PID=43318) to work on /opt/airflow/dags/dag_with_python_operator.py
[2025-04-28T16:55:48.846+0000] {processor.py:914} INFO - Processing file /opt/airflow/dags/dag_with_python_operator.py for tasks to queue
[2025-04-28T16:55:48.848+0000] {logging_mixin.py:190} INFO - [2025-04-28T16:55:48.848+0000] {dagbag.py:588} INFO - Filling up the DagBag from /opt/airflow/dags/dag_with_python_operator.py
[2025-04-28T16:55:48.859+0000] {processor.py:925} INFO - DAG(s) 'first_with_python_v4' retrieved from /opt/airflow/dags/dag_with_python_operator.py
[2025-04-28T16:55:48.874+0000] {logging_mixin.py:190} INFO - [2025-04-28T16:55:48.874+0000] {dag.py:3239} INFO - Sync 1 DAGs
[2025-04-28T16:55:48.889+0000] {logging_mixin.py:190} INFO - [2025-04-28T16:55:48.889+0000] {dag.py:4180} INFO - Setting next_dagrun for first_with_python_v4 to 2025-02-28 00:00:00+00:00, run_after=2025-03-01 00:00:00+00:00
[2025-04-28T16:55:48.901+0000] {processor.py:208} INFO - Processing /opt/airflow/dags/dag_with_python_operator.py took 0.062 seconds
[2025-04-28T16:56:19.190+0000] {processor.py:186} INFO - Started process (PID=43339) to work on /opt/airflow/dags/dag_with_python_operator.py
[2025-04-28T16:56:19.192+0000] {processor.py:914} INFO - Processing file /opt/airflow/dags/dag_with_python_operator.py for tasks to queue
[2025-04-28T16:56:19.198+0000] {logging_mixin.py:190} INFO - [2025-04-28T16:56:19.197+0000] {dagbag.py:588} INFO - Filling up the DagBag from /opt/airflow/dags/dag_with_python_operator.py
[2025-04-28T16:56:19.226+0000] {processor.py:925} INFO - DAG(s) 'first_with_python_v4' retrieved from /opt/airflow/dags/dag_with_python_operator.py
[2025-04-28T16:56:19.240+0000] {logging_mixin.py:190} INFO - [2025-04-28T16:56:19.239+0000] {dag.py:3239} INFO - Sync 1 DAGs
[2025-04-28T16:56:19.256+0000] {logging_mixin.py:190} INFO - [2025-04-28T16:56:19.256+0000] {dag.py:4180} INFO - Setting next_dagrun for first_with_python_v4 to 2025-02-28 00:00:00+00:00, run_after=2025-03-01 00:00:00+00:00
[2025-04-28T16:56:19.269+0000] {processor.py:208} INFO - Processing /opt/airflow/dags/dag_with_python_operator.py took 0.083 seconds
[2025-04-28T16:56:49.534+0000] {processor.py:186} INFO - Started process (PID=43360) to work on /opt/airflow/dags/dag_with_python_operator.py
[2025-04-28T16:56:49.538+0000] {processor.py:914} INFO - Processing file /opt/airflow/dags/dag_with_python_operator.py for tasks to queue
[2025-04-28T16:56:49.540+0000] {logging_mixin.py:190} INFO - [2025-04-28T16:56:49.540+0000] {dagbag.py:588} INFO - Filling up the DagBag from /opt/airflow/dags/dag_with_python_operator.py
[2025-04-28T16:56:49.555+0000] {processor.py:925} INFO - DAG(s) 'first_with_python_v4' retrieved from /opt/airflow/dags/dag_with_python_operator.py
[2025-04-28T16:56:49.573+0000] {logging_mixin.py:190} INFO - [2025-04-28T16:56:49.573+0000] {dag.py:3239} INFO - Sync 1 DAGs
[2025-04-28T16:56:49.591+0000] {logging_mixin.py:190} INFO - [2025-04-28T16:56:49.591+0000] {dag.py:4180} INFO - Setting next_dagrun for first_with_python_v4 to 2025-02-28 00:00:00+00:00, run_after=2025-03-01 00:00:00+00:00
[2025-04-28T16:56:49.604+0000] {processor.py:208} INFO - Processing /opt/airflow/dags/dag_with_python_operator.py took 0.074 seconds
[2025-04-28T16:57:20.063+0000] {processor.py:186} INFO - Started process (PID=43381) to work on /opt/airflow/dags/dag_with_python_operator.py
[2025-04-28T16:57:20.066+0000] {processor.py:914} INFO - Processing file /opt/airflow/dags/dag_with_python_operator.py for tasks to queue
[2025-04-28T16:57:20.078+0000] {logging_mixin.py:190} INFO - [2025-04-28T16:57:20.077+0000] {dagbag.py:588} INFO - Filling up the DagBag from /opt/airflow/dags/dag_with_python_operator.py
[2025-04-28T16:57:20.130+0000] {processor.py:925} INFO - DAG(s) 'first_with_python_v4' retrieved from /opt/airflow/dags/dag_with_python_operator.py
[2025-04-28T16:57:20.167+0000] {logging_mixin.py:190} INFO - [2025-04-28T16:57:20.166+0000] {dag.py:3239} INFO - Sync 1 DAGs
[2025-04-28T16:57:20.195+0000] {logging_mixin.py:190} INFO - [2025-04-28T16:57:20.195+0000] {dag.py:4180} INFO - Setting next_dagrun for first_with_python_v4 to 2025-02-28 00:00:00+00:00, run_after=2025-03-01 00:00:00+00:00
[2025-04-28T16:57:20.222+0000] {processor.py:208} INFO - Processing /opt/airflow/dags/dag_with_python_operator.py took 0.169 seconds
[2025-04-28T16:57:50.624+0000] {processor.py:186} INFO - Started process (PID=43402) to work on /opt/airflow/dags/dag_with_python_operator.py
[2025-04-28T16:57:50.627+0000] {processor.py:914} INFO - Processing file /opt/airflow/dags/dag_with_python_operator.py for tasks to queue
[2025-04-28T16:57:50.632+0000] {logging_mixin.py:190} INFO - [2025-04-28T16:57:50.632+0000] {dagbag.py:588} INFO - Filling up the DagBag from /opt/airflow/dags/dag_with_python_operator.py
[2025-04-28T16:57:50.662+0000] {processor.py:925} INFO - DAG(s) 'first_with_python_v4' retrieved from /opt/airflow/dags/dag_with_python_operator.py
[2025-04-28T16:57:50.700+0000] {logging_mixin.py:190} INFO - [2025-04-28T16:57:50.699+0000] {dag.py:3239} INFO - Sync 1 DAGs
[2025-04-28T16:57:50.737+0000] {logging_mixin.py:190} INFO - [2025-04-28T16:57:50.737+0000] {dag.py:4180} INFO - Setting next_dagrun for first_with_python_v4 to 2025-02-28 00:00:00+00:00, run_after=2025-03-01 00:00:00+00:00
[2025-04-28T16:57:50.763+0000] {processor.py:208} INFO - Processing /opt/airflow/dags/dag_with_python_operator.py took 0.153 seconds
[2025-04-28T16:58:21.293+0000] {processor.py:186} INFO - Started process (PID=43423) to work on /opt/airflow/dags/dag_with_python_operator.py
[2025-04-28T16:58:21.295+0000] {processor.py:914} INFO - Processing file /opt/airflow/dags/dag_with_python_operator.py for tasks to queue
[2025-04-28T16:58:21.301+0000] {logging_mixin.py:190} INFO - [2025-04-28T16:58:21.300+0000] {dagbag.py:588} INFO - Filling up the DagBag from /opt/airflow/dags/dag_with_python_operator.py
[2025-04-28T16:58:21.332+0000] {processor.py:925} INFO - DAG(s) 'first_with_python_v4' retrieved from /opt/airflow/dags/dag_with_python_operator.py
[2025-04-28T16:58:21.373+0000] {logging_mixin.py:190} INFO - [2025-04-28T16:58:21.372+0000] {dag.py:3239} INFO - Sync 1 DAGs
[2025-04-28T16:58:21.410+0000] {logging_mixin.py:190} INFO - [2025-04-28T16:58:21.410+0000] {dag.py:4180} INFO - Setting next_dagrun for first_with_python_v4 to 2025-02-28 00:00:00+00:00, run_after=2025-03-01 00:00:00+00:00
[2025-04-28T16:58:21.445+0000] {processor.py:208} INFO - Processing /opt/airflow/dags/dag_with_python_operator.py took 0.163 seconds
[2025-04-28T16:58:51.845+0000] {processor.py:186} INFO - Started process (PID=43444) to work on /opt/airflow/dags/dag_with_python_operator.py
[2025-04-28T16:58:51.849+0000] {processor.py:914} INFO - Processing file /opt/airflow/dags/dag_with_python_operator.py for tasks to queue
[2025-04-28T16:58:51.855+0000] {logging_mixin.py:190} INFO - [2025-04-28T16:58:51.855+0000] {dagbag.py:588} INFO - Filling up the DagBag from /opt/airflow/dags/dag_with_python_operator.py
[2025-04-28T16:58:51.888+0000] {processor.py:925} INFO - DAG(s) 'first_with_python_v4' retrieved from /opt/airflow/dags/dag_with_python_operator.py
[2025-04-28T16:58:51.919+0000] {logging_mixin.py:190} INFO - [2025-04-28T16:58:51.919+0000] {dag.py:3239} INFO - Sync 1 DAGs
[2025-04-28T16:58:51.950+0000] {logging_mixin.py:190} INFO - [2025-04-28T16:58:51.950+0000] {dag.py:4180} INFO - Setting next_dagrun for first_with_python_v4 to 2025-02-28 00:00:00+00:00, run_after=2025-03-01 00:00:00+00:00
[2025-04-28T16:58:51.981+0000] {processor.py:208} INFO - Processing /opt/airflow/dags/dag_with_python_operator.py took 0.145 seconds
[2025-04-28T16:59:22.588+0000] {processor.py:186} INFO - Started process (PID=43465) to work on /opt/airflow/dags/dag_with_python_operator.py
[2025-04-28T16:59:22.595+0000] {processor.py:914} INFO - Processing file /opt/airflow/dags/dag_with_python_operator.py for tasks to queue
[2025-04-28T16:59:22.603+0000] {logging_mixin.py:190} INFO - [2025-04-28T16:59:22.602+0000] {dagbag.py:588} INFO - Filling up the DagBag from /opt/airflow/dags/dag_with_python_operator.py
[2025-04-28T16:59:22.666+0000] {processor.py:925} INFO - DAG(s) 'first_with_python_v4' retrieved from /opt/airflow/dags/dag_with_python_operator.py
[2025-04-28T16:59:22.720+0000] {logging_mixin.py:190} INFO - [2025-04-28T16:59:22.719+0000] {dag.py:3239} INFO - Sync 1 DAGs
[2025-04-28T16:59:22.753+0000] {logging_mixin.py:190} INFO - [2025-04-28T16:59:22.753+0000] {dag.py:4180} INFO - Setting next_dagrun for first_with_python_v4 to 2025-02-28 00:00:00+00:00, run_after=2025-03-01 00:00:00+00:00
[2025-04-28T16:59:22.789+0000] {processor.py:208} INFO - Processing /opt/airflow/dags/dag_with_python_operator.py took 0.215 seconds
[2025-04-28T16:59:53.245+0000] {processor.py:186} INFO - Started process (PID=43486) to work on /opt/airflow/dags/dag_with_python_operator.py
[2025-04-28T16:59:53.249+0000] {processor.py:914} INFO - Processing file /opt/airflow/dags/dag_with_python_operator.py for tasks to queue
[2025-04-28T16:59:53.255+0000] {logging_mixin.py:190} INFO - [2025-04-28T16:59:53.254+0000] {dagbag.py:588} INFO - Filling up the DagBag from /opt/airflow/dags/dag_with_python_operator.py
[2025-04-28T16:59:53.289+0000] {processor.py:925} INFO - DAG(s) 'first_with_python_v4' retrieved from /opt/airflow/dags/dag_with_python_operator.py
[2025-04-28T16:59:53.331+0000] {logging_mixin.py:190} INFO - [2025-04-28T16:59:53.331+0000] {dag.py:3239} INFO - Sync 1 DAGs
[2025-04-28T16:59:53.373+0000] {logging_mixin.py:190} INFO - [2025-04-28T16:59:53.373+0000] {dag.py:4180} INFO - Setting next_dagrun for first_with_python_v4 to 2025-02-28 00:00:00+00:00, run_after=2025-03-01 00:00:00+00:00
[2025-04-28T16:59:53.407+0000] {processor.py:208} INFO - Processing /opt/airflow/dags/dag_with_python_operator.py took 0.178 seconds
[2025-04-28T20:22:38.635+0000] {processor.py:186} INFO - Started process (PID=43505) to work on /opt/airflow/dags/dag_with_python_operator.py
[2025-04-28T20:22:38.660+0000] {processor.py:914} INFO - Processing file /opt/airflow/dags/dag_with_python_operator.py for tasks to queue
[2025-04-28T20:22:38.669+0000] {logging_mixin.py:190} INFO - [2025-04-28T20:22:38.668+0000] {dagbag.py:588} INFO - Filling up the DagBag from /opt/airflow/dags/dag_with_python_operator.py
[2025-04-28T20:22:38.779+0000] {processor.py:925} INFO - DAG(s) 'first_with_python_v4' retrieved from /opt/airflow/dags/dag_with_python_operator.py
[2025-04-28T20:22:38.857+0000] {logging_mixin.py:190} INFO - [2025-04-28T20:22:38.857+0000] {dag.py:3239} INFO - Sync 1 DAGs
[2025-04-28T20:22:38.973+0000] {logging_mixin.py:190} INFO - [2025-04-28T20:22:38.971+0000] {dag.py:4180} INFO - Setting next_dagrun for first_with_python_v4 to 2025-02-28 00:00:00+00:00, run_after=2025-03-01 00:00:00+00:00
[2025-04-28T20:22:39.118+0000] {processor.py:208} INFO - Processing /opt/airflow/dags/dag_with_python_operator.py took 0.497 seconds
[2025-04-28T20:23:09.794+0000] {processor.py:186} INFO - Started process (PID=43528) to work on /opt/airflow/dags/dag_with_python_operator.py
[2025-04-28T20:23:09.796+0000] {processor.py:914} INFO - Processing file /opt/airflow/dags/dag_with_python_operator.py for tasks to queue
[2025-04-28T20:23:09.800+0000] {logging_mixin.py:190} INFO - [2025-04-28T20:23:09.799+0000] {dagbag.py:588} INFO - Filling up the DagBag from /opt/airflow/dags/dag_with_python_operator.py
[2025-04-28T20:23:09.827+0000] {processor.py:925} INFO - DAG(s) 'first_with_python_v4' retrieved from /opt/airflow/dags/dag_with_python_operator.py
[2025-04-28T20:23:09.852+0000] {logging_mixin.py:190} INFO - [2025-04-28T20:23:09.852+0000] {dag.py:3239} INFO - Sync 1 DAGs
[2025-04-28T20:23:09.873+0000] {logging_mixin.py:190} INFO - [2025-04-28T20:23:09.873+0000] {dag.py:4180} INFO - Setting next_dagrun for first_with_python_v4 to 2025-02-28 00:00:00+00:00, run_after=2025-03-01 00:00:00+00:00
[2025-04-28T20:23:09.898+0000] {processor.py:208} INFO - Processing /opt/airflow/dags/dag_with_python_operator.py took 0.110 seconds
[2025-04-28T20:23:40.176+0000] {processor.py:186} INFO - Started process (PID=43549) to work on /opt/airflow/dags/dag_with_python_operator.py
[2025-04-28T20:23:40.178+0000] {processor.py:914} INFO - Processing file /opt/airflow/dags/dag_with_python_operator.py for tasks to queue
[2025-04-28T20:23:40.183+0000] {logging_mixin.py:190} INFO - [2025-04-28T20:23:40.182+0000] {dagbag.py:588} INFO - Filling up the DagBag from /opt/airflow/dags/dag_with_python_operator.py
[2025-04-28T20:23:40.206+0000] {processor.py:925} INFO - DAG(s) 'first_with_python_v4' retrieved from /opt/airflow/dags/dag_with_python_operator.py
[2025-04-28T20:23:40.235+0000] {logging_mixin.py:190} INFO - [2025-04-28T20:23:40.234+0000] {dag.py:3239} INFO - Sync 1 DAGs
[2025-04-28T20:23:40.269+0000] {logging_mixin.py:190} INFO - [2025-04-28T20:23:40.269+0000] {dag.py:4180} INFO - Setting next_dagrun for first_with_python_v4 to 2025-02-28 00:00:00+00:00, run_after=2025-03-01 00:00:00+00:00
[2025-04-28T20:23:40.292+0000] {processor.py:208} INFO - Processing /opt/airflow/dags/dag_with_python_operator.py took 0.123 seconds
[2025-04-28T20:24:10.615+0000] {processor.py:186} INFO - Started process (PID=43570) to work on /opt/airflow/dags/dag_with_python_operator.py
[2025-04-28T20:24:10.618+0000] {processor.py:914} INFO - Processing file /opt/airflow/dags/dag_with_python_operator.py for tasks to queue
[2025-04-28T20:24:10.623+0000] {logging_mixin.py:190} INFO - [2025-04-28T20:24:10.623+0000] {dagbag.py:588} INFO - Filling up the DagBag from /opt/airflow/dags/dag_with_python_operator.py
[2025-04-28T20:24:10.654+0000] {processor.py:925} INFO - DAG(s) 'first_with_python_v4' retrieved from /opt/airflow/dags/dag_with_python_operator.py
[2025-04-28T20:24:10.691+0000] {logging_mixin.py:190} INFO - [2025-04-28T20:24:10.691+0000] {dag.py:3239} INFO - Sync 1 DAGs
[2025-04-28T20:24:10.730+0000] {logging_mixin.py:190} INFO - [2025-04-28T20:24:10.729+0000] {dag.py:4180} INFO - Setting next_dagrun for first_with_python_v4 to 2025-02-28 00:00:00+00:00, run_after=2025-03-01 00:00:00+00:00
[2025-04-28T20:24:10.763+0000] {processor.py:208} INFO - Processing /opt/airflow/dags/dag_with_python_operator.py took 0.158 seconds
[2025-04-28T20:24:41.313+0000] {processor.py:186} INFO - Started process (PID=43591) to work on /opt/airflow/dags/dag_with_python_operator.py
[2025-04-28T20:24:41.315+0000] {processor.py:914} INFO - Processing file /opt/airflow/dags/dag_with_python_operator.py for tasks to queue
[2025-04-28T20:24:41.318+0000] {logging_mixin.py:190} INFO - [2025-04-28T20:24:41.318+0000] {dagbag.py:588} INFO - Filling up the DagBag from /opt/airflow/dags/dag_with_python_operator.py
[2025-04-28T20:24:41.345+0000] {processor.py:925} INFO - DAG(s) 'first_with_python_v4' retrieved from /opt/airflow/dags/dag_with_python_operator.py
[2025-04-28T20:24:41.387+0000] {logging_mixin.py:190} INFO - [2025-04-28T20:24:41.387+0000] {dag.py:3239} INFO - Sync 1 DAGs
[2025-04-28T20:24:41.423+0000] {logging_mixin.py:190} INFO - [2025-04-28T20:24:41.422+0000] {dag.py:4180} INFO - Setting next_dagrun for first_with_python_v4 to 2025-02-28 00:00:00+00:00, run_after=2025-03-01 00:00:00+00:00
[2025-04-28T20:24:41.450+0000] {processor.py:208} INFO - Processing /opt/airflow/dags/dag_with_python_operator.py took 0.142 seconds
[2025-04-28T20:25:11.815+0000] {processor.py:186} INFO - Started process (PID=43612) to work on /opt/airflow/dags/dag_with_python_operator.py
[2025-04-28T20:25:11.819+0000] {processor.py:914} INFO - Processing file /opt/airflow/dags/dag_with_python_operator.py for tasks to queue
[2025-04-28T20:25:11.825+0000] {logging_mixin.py:190} INFO - [2025-04-28T20:25:11.825+0000] {dagbag.py:588} INFO - Filling up the DagBag from /opt/airflow/dags/dag_with_python_operator.py
[2025-04-28T20:25:11.881+0000] {processor.py:925} INFO - DAG(s) 'first_with_python_v4' retrieved from /opt/airflow/dags/dag_with_python_operator.py
[2025-04-28T20:25:11.932+0000] {logging_mixin.py:190} INFO - [2025-04-28T20:25:11.932+0000] {dag.py:3239} INFO - Sync 1 DAGs
[2025-04-28T20:25:11.988+0000] {logging_mixin.py:190} INFO - [2025-04-28T20:25:11.987+0000] {dag.py:4180} INFO - Setting next_dagrun for first_with_python_v4 to 2025-02-28 00:00:00+00:00, run_after=2025-03-01 00:00:00+00:00
[2025-04-28T20:25:12.048+0000] {processor.py:208} INFO - Processing /opt/airflow/dags/dag_with_python_operator.py took 0.247 seconds
[2025-04-28T20:25:42.509+0000] {processor.py:186} INFO - Started process (PID=43633) to work on /opt/airflow/dags/dag_with_python_operator.py
[2025-04-28T20:25:42.512+0000] {processor.py:914} INFO - Processing file /opt/airflow/dags/dag_with_python_operator.py for tasks to queue
[2025-04-28T20:25:42.518+0000] {logging_mixin.py:190} INFO - [2025-04-28T20:25:42.517+0000] {dagbag.py:588} INFO - Filling up the DagBag from /opt/airflow/dags/dag_with_python_operator.py
[2025-04-28T20:25:42.543+0000] {processor.py:925} INFO - DAG(s) 'first_with_python_v4' retrieved from /opt/airflow/dags/dag_with_python_operator.py
[2025-04-28T20:25:42.572+0000] {logging_mixin.py:190} INFO - [2025-04-28T20:25:42.572+0000] {dag.py:3239} INFO - Sync 1 DAGs
[2025-04-28T20:25:42.604+0000] {logging_mixin.py:190} INFO - [2025-04-28T20:25:42.604+0000] {dag.py:4180} INFO - Setting next_dagrun for first_with_python_v4 to 2025-02-28 00:00:00+00:00, run_after=2025-03-01 00:00:00+00:00
[2025-04-28T20:25:42.629+0000] {processor.py:208} INFO - Processing /opt/airflow/dags/dag_with_python_operator.py took 0.130 seconds
[2025-04-28T20:26:12.941+0000] {processor.py:186} INFO - Started process (PID=43654) to work on /opt/airflow/dags/dag_with_python_operator.py
[2025-04-28T20:26:12.943+0000] {processor.py:914} INFO - Processing file /opt/airflow/dags/dag_with_python_operator.py for tasks to queue
[2025-04-28T20:26:12.949+0000] {logging_mixin.py:190} INFO - [2025-04-28T20:26:12.948+0000] {dagbag.py:588} INFO - Filling up the DagBag from /opt/airflow/dags/dag_with_python_operator.py
[2025-04-28T20:26:12.975+0000] {processor.py:925} INFO - DAG(s) 'first_with_python_v4' retrieved from /opt/airflow/dags/dag_with_python_operator.py
[2025-04-28T20:26:13.008+0000] {logging_mixin.py:190} INFO - [2025-04-28T20:26:13.008+0000] {dag.py:3239} INFO - Sync 1 DAGs
[2025-04-28T20:26:13.041+0000] {logging_mixin.py:190} INFO - [2025-04-28T20:26:13.041+0000] {dag.py:4180} INFO - Setting next_dagrun for first_with_python_v4 to 2025-02-28 00:00:00+00:00, run_after=2025-03-01 00:00:00+00:00
[2025-04-28T20:26:13.073+0000] {processor.py:208} INFO - Processing /opt/airflow/dags/dag_with_python_operator.py took 0.141 seconds
[2025-04-28T20:26:43.412+0000] {processor.py:186} INFO - Started process (PID=43675) to work on /opt/airflow/dags/dag_with_python_operator.py
[2025-04-28T20:26:43.415+0000] {processor.py:914} INFO - Processing file /opt/airflow/dags/dag_with_python_operator.py for tasks to queue
[2025-04-28T20:26:43.421+0000] {logging_mixin.py:190} INFO - [2025-04-28T20:26:43.421+0000] {dagbag.py:588} INFO - Filling up the DagBag from /opt/airflow/dags/dag_with_python_operator.py
[2025-04-28T20:26:43.451+0000] {processor.py:925} INFO - DAG(s) 'first_with_python_v4' retrieved from /opt/airflow/dags/dag_with_python_operator.py
[2025-04-28T20:26:43.486+0000] {logging_mixin.py:190} INFO - [2025-04-28T20:26:43.486+0000] {dag.py:3239} INFO - Sync 1 DAGs
[2025-04-28T20:26:43.522+0000] {logging_mixin.py:190} INFO - [2025-04-28T20:26:43.522+0000] {dag.py:4180} INFO - Setting next_dagrun for first_with_python_v4 to 2025-02-28 00:00:00+00:00, run_after=2025-03-01 00:00:00+00:00
[2025-04-28T20:26:43.549+0000] {processor.py:208} INFO - Processing /opt/airflow/dags/dag_with_python_operator.py took 0.146 seconds
[2025-04-28T20:27:13.883+0000] {processor.py:186} INFO - Started process (PID=43695) to work on /opt/airflow/dags/dag_with_python_operator.py
[2025-04-28T20:27:13.885+0000] {processor.py:914} INFO - Processing file /opt/airflow/dags/dag_with_python_operator.py for tasks to queue
[2025-04-28T20:27:13.889+0000] {logging_mixin.py:190} INFO - [2025-04-28T20:27:13.889+0000] {dagbag.py:588} INFO - Filling up the DagBag from /opt/airflow/dags/dag_with_python_operator.py
[2025-04-28T20:27:13.918+0000] {processor.py:925} INFO - DAG(s) 'first_with_python_v4' retrieved from /opt/airflow/dags/dag_with_python_operator.py
[2025-04-28T20:27:13.954+0000] {logging_mixin.py:190} INFO - [2025-04-28T20:27:13.954+0000] {dag.py:3239} INFO - Sync 1 DAGs
[2025-04-28T20:27:14.001+0000] {logging_mixin.py:190} INFO - [2025-04-28T20:27:14.000+0000] {dag.py:4180} INFO - Setting next_dagrun for first_with_python_v4 to 2025-02-28 00:00:00+00:00, run_after=2025-03-01 00:00:00+00:00
[2025-04-28T20:27:14.041+0000] {processor.py:208} INFO - Processing /opt/airflow/dags/dag_with_python_operator.py took 0.167 seconds
[2025-04-28T20:27:44.506+0000] {processor.py:186} INFO - Started process (PID=43716) to work on /opt/airflow/dags/dag_with_python_operator.py
[2025-04-28T20:27:44.508+0000] {processor.py:914} INFO - Processing file /opt/airflow/dags/dag_with_python_operator.py for tasks to queue
[2025-04-28T20:27:44.514+0000] {logging_mixin.py:190} INFO - [2025-04-28T20:27:44.513+0000] {dagbag.py:588} INFO - Filling up the DagBag from /opt/airflow/dags/dag_with_python_operator.py
[2025-04-28T20:27:44.541+0000] {processor.py:925} INFO - DAG(s) 'first_with_python_v4' retrieved from /opt/airflow/dags/dag_with_python_operator.py
[2025-04-28T20:27:44.570+0000] {logging_mixin.py:190} INFO - [2025-04-28T20:27:44.570+0000] {dag.py:3239} INFO - Sync 1 DAGs
[2025-04-28T20:27:44.606+0000] {logging_mixin.py:190} INFO - [2025-04-28T20:27:44.606+0000] {dag.py:4180} INFO - Setting next_dagrun for first_with_python_v4 to 2025-02-28 00:00:00+00:00, run_after=2025-03-01 00:00:00+00:00
[2025-04-28T20:27:44.635+0000] {processor.py:208} INFO - Processing /opt/airflow/dags/dag_with_python_operator.py took 0.137 seconds
[2025-04-28T20:28:14.974+0000] {processor.py:186} INFO - Started process (PID=43737) to work on /opt/airflow/dags/dag_with_python_operator.py
[2025-04-28T20:28:14.977+0000] {processor.py:914} INFO - Processing file /opt/airflow/dags/dag_with_python_operator.py for tasks to queue
[2025-04-28T20:28:14.981+0000] {logging_mixin.py:190} INFO - [2025-04-28T20:28:14.981+0000] {dagbag.py:588} INFO - Filling up the DagBag from /opt/airflow/dags/dag_with_python_operator.py
[2025-04-28T20:28:15.010+0000] {processor.py:925} INFO - DAG(s) 'first_with_python_v4' retrieved from /opt/airflow/dags/dag_with_python_operator.py
[2025-04-28T20:28:15.046+0000] {logging_mixin.py:190} INFO - [2025-04-28T20:28:15.046+0000] {dag.py:3239} INFO - Sync 1 DAGs
[2025-04-28T20:28:15.084+0000] {logging_mixin.py:190} INFO - [2025-04-28T20:28:15.084+0000] {dag.py:4180} INFO - Setting next_dagrun for first_with_python_v4 to 2025-02-28 00:00:00+00:00, run_after=2025-03-01 00:00:00+00:00
[2025-04-28T20:28:15.110+0000] {processor.py:208} INFO - Processing /opt/airflow/dags/dag_with_python_operator.py took 0.147 seconds
[2025-04-28T20:28:45.538+0000] {processor.py:186} INFO - Started process (PID=43758) to work on /opt/airflow/dags/dag_with_python_operator.py
[2025-04-28T20:28:45.544+0000] {processor.py:914} INFO - Processing file /opt/airflow/dags/dag_with_python_operator.py for tasks to queue
[2025-04-28T20:28:45.554+0000] {logging_mixin.py:190} INFO - [2025-04-28T20:28:45.553+0000] {dagbag.py:588} INFO - Filling up the DagBag from /opt/airflow/dags/dag_with_python_operator.py
[2025-04-28T20:28:45.630+0000] {processor.py:925} INFO - DAG(s) 'first_with_python_v4' retrieved from /opt/airflow/dags/dag_with_python_operator.py
[2025-04-28T20:28:45.689+0000] {logging_mixin.py:190} INFO - [2025-04-28T20:28:45.688+0000] {dag.py:3239} INFO - Sync 1 DAGs
[2025-04-28T20:28:45.762+0000] {logging_mixin.py:190} INFO - [2025-04-28T20:28:45.762+0000] {dag.py:4180} INFO - Setting next_dagrun for first_with_python_v4 to 2025-02-28 00:00:00+00:00, run_after=2025-03-01 00:00:00+00:00
[2025-04-28T20:28:45.814+0000] {processor.py:208} INFO - Processing /opt/airflow/dags/dag_with_python_operator.py took 0.296 seconds
[2025-04-28T20:29:16.180+0000] {processor.py:186} INFO - Started process (PID=43779) to work on /opt/airflow/dags/dag_with_python_operator.py
[2025-04-28T20:29:16.182+0000] {processor.py:914} INFO - Processing file /opt/airflow/dags/dag_with_python_operator.py for tasks to queue
[2025-04-28T20:29:16.187+0000] {logging_mixin.py:190} INFO - [2025-04-28T20:29:16.186+0000] {dagbag.py:588} INFO - Filling up the DagBag from /opt/airflow/dags/dag_with_python_operator.py
[2025-04-28T20:29:16.218+0000] {processor.py:925} INFO - DAG(s) 'first_with_python_v4' retrieved from /opt/airflow/dags/dag_with_python_operator.py
[2025-04-28T20:29:16.249+0000] {logging_mixin.py:190} INFO - [2025-04-28T20:29:16.249+0000] {dag.py:3239} INFO - Sync 1 DAGs
[2025-04-28T20:29:16.282+0000] {logging_mixin.py:190} INFO - [2025-04-28T20:29:16.281+0000] {dag.py:4180} INFO - Setting next_dagrun for first_with_python_v4 to 2025-02-28 00:00:00+00:00, run_after=2025-03-01 00:00:00+00:00
[2025-04-28T20:29:16.316+0000] {processor.py:208} INFO - Processing /opt/airflow/dags/dag_with_python_operator.py took 0.145 seconds
[2025-04-28T20:29:46.712+0000] {processor.py:186} INFO - Started process (PID=43800) to work on /opt/airflow/dags/dag_with_python_operator.py
[2025-04-28T20:29:46.714+0000] {processor.py:914} INFO - Processing file /opt/airflow/dags/dag_with_python_operator.py for tasks to queue
[2025-04-28T20:29:46.717+0000] {logging_mixin.py:190} INFO - [2025-04-28T20:29:46.717+0000] {dagbag.py:588} INFO - Filling up the DagBag from /opt/airflow/dags/dag_with_python_operator.py
[2025-04-28T20:29:46.736+0000] {processor.py:925} INFO - DAG(s) 'first_with_python_v4' retrieved from /opt/airflow/dags/dag_with_python_operator.py
[2025-04-28T20:29:46.757+0000] {logging_mixin.py:190} INFO - [2025-04-28T20:29:46.757+0000] {dag.py:3239} INFO - Sync 1 DAGs
[2025-04-28T20:29:46.777+0000] {logging_mixin.py:190} INFO - [2025-04-28T20:29:46.777+0000] {dag.py:4180} INFO - Setting next_dagrun for first_with_python_v4 to 2025-02-28 00:00:00+00:00, run_after=2025-03-01 00:00:00+00:00
[2025-04-28T20:29:46.792+0000] {processor.py:208} INFO - Processing /opt/airflow/dags/dag_with_python_operator.py took 0.085 seconds
[2025-04-28T20:30:17.130+0000] {processor.py:186} INFO - Started process (PID=43821) to work on /opt/airflow/dags/dag_with_python_operator.py
[2025-04-28T20:30:17.133+0000] {processor.py:914} INFO - Processing file /opt/airflow/dags/dag_with_python_operator.py for tasks to queue
[2025-04-28T20:30:17.140+0000] {logging_mixin.py:190} INFO - [2025-04-28T20:30:17.139+0000] {dagbag.py:588} INFO - Filling up the DagBag from /opt/airflow/dags/dag_with_python_operator.py
[2025-04-28T20:30:17.175+0000] {processor.py:925} INFO - DAG(s) 'first_with_python_v4' retrieved from /opt/airflow/dags/dag_with_python_operator.py
[2025-04-28T20:30:17.217+0000] {logging_mixin.py:190} INFO - [2025-04-28T20:30:17.217+0000] {dag.py:3239} INFO - Sync 1 DAGs
[2025-04-28T20:30:17.257+0000] {logging_mixin.py:190} INFO - [2025-04-28T20:30:17.257+0000] {dag.py:4180} INFO - Setting next_dagrun for first_with_python_v4 to 2025-02-28 00:00:00+00:00, run_after=2025-03-01 00:00:00+00:00
[2025-04-28T20:30:17.293+0000] {processor.py:208} INFO - Processing /opt/airflow/dags/dag_with_python_operator.py took 0.173 seconds
[2025-04-28T20:30:47.638+0000] {processor.py:186} INFO - Started process (PID=43842) to work on /opt/airflow/dags/dag_with_python_operator.py
[2025-04-28T20:30:47.641+0000] {processor.py:914} INFO - Processing file /opt/airflow/dags/dag_with_python_operator.py for tasks to queue
[2025-04-28T20:30:47.648+0000] {logging_mixin.py:190} INFO - [2025-04-28T20:30:47.647+0000] {dagbag.py:588} INFO - Filling up the DagBag from /opt/airflow/dags/dag_with_python_operator.py
[2025-04-28T20:30:47.677+0000] {processor.py:925} INFO - DAG(s) 'first_with_python_v4' retrieved from /opt/airflow/dags/dag_with_python_operator.py
[2025-04-28T20:30:47.716+0000] {logging_mixin.py:190} INFO - [2025-04-28T20:30:47.716+0000] {dag.py:3239} INFO - Sync 1 DAGs
[2025-04-28T20:30:47.754+0000] {logging_mixin.py:190} INFO - [2025-04-28T20:30:47.753+0000] {dag.py:4180} INFO - Setting next_dagrun for first_with_python_v4 to 2025-02-28 00:00:00+00:00, run_after=2025-03-01 00:00:00+00:00
[2025-04-28T20:30:47.788+0000] {processor.py:208} INFO - Processing /opt/airflow/dags/dag_with_python_operator.py took 0.161 seconds
[2025-04-28T20:31:18.084+0000] {processor.py:186} INFO - Started process (PID=43863) to work on /opt/airflow/dags/dag_with_python_operator.py
[2025-04-28T20:31:18.086+0000] {processor.py:914} INFO - Processing file /opt/airflow/dags/dag_with_python_operator.py for tasks to queue
[2025-04-28T20:31:18.088+0000] {logging_mixin.py:190} INFO - [2025-04-28T20:31:18.088+0000] {dagbag.py:588} INFO - Filling up the DagBag from /opt/airflow/dags/dag_with_python_operator.py
[2025-04-28T20:31:18.105+0000] {processor.py:925} INFO - DAG(s) 'first_with_python_v4' retrieved from /opt/airflow/dags/dag_with_python_operator.py
[2025-04-28T20:31:18.127+0000] {logging_mixin.py:190} INFO - [2025-04-28T20:31:18.126+0000] {dag.py:3239} INFO - Sync 1 DAGs
[2025-04-28T20:31:18.147+0000] {logging_mixin.py:190} INFO - [2025-04-28T20:31:18.147+0000] {dag.py:4180} INFO - Setting next_dagrun for first_with_python_v4 to 2025-02-28 00:00:00+00:00, run_after=2025-03-01 00:00:00+00:00
[2025-04-28T20:31:18.166+0000] {processor.py:208} INFO - Processing /opt/airflow/dags/dag_with_python_operator.py took 0.086 seconds
[2025-04-28T20:31:48.517+0000] {processor.py:186} INFO - Started process (PID=43884) to work on /opt/airflow/dags/dag_with_python_operator.py
[2025-04-28T20:31:48.520+0000] {processor.py:914} INFO - Processing file /opt/airflow/dags/dag_with_python_operator.py for tasks to queue
[2025-04-28T20:31:48.526+0000] {logging_mixin.py:190} INFO - [2025-04-28T20:31:48.525+0000] {dagbag.py:588} INFO - Filling up the DagBag from /opt/airflow/dags/dag_with_python_operator.py
[2025-04-28T20:31:48.554+0000] {processor.py:925} INFO - DAG(s) 'first_with_python_v4' retrieved from /opt/airflow/dags/dag_with_python_operator.py
[2025-04-28T20:31:48.585+0000] {logging_mixin.py:190} INFO - [2025-04-28T20:31:48.585+0000] {dag.py:3239} INFO - Sync 1 DAGs
[2025-04-28T20:31:48.618+0000] {logging_mixin.py:190} INFO - [2025-04-28T20:31:48.617+0000] {dag.py:4180} INFO - Setting next_dagrun for first_with_python_v4 to 2025-02-28 00:00:00+00:00, run_after=2025-03-01 00:00:00+00:00
[2025-04-28T20:31:48.644+0000] {processor.py:208} INFO - Processing /opt/airflow/dags/dag_with_python_operator.py took 0.137 seconds
[2025-04-28T20:32:19.017+0000] {processor.py:186} INFO - Started process (PID=43905) to work on /opt/airflow/dags/dag_with_python_operator.py
[2025-04-28T20:32:19.019+0000] {processor.py:914} INFO - Processing file /opt/airflow/dags/dag_with_python_operator.py for tasks to queue
[2025-04-28T20:32:19.025+0000] {logging_mixin.py:190} INFO - [2025-04-28T20:32:19.025+0000] {dagbag.py:588} INFO - Filling up the DagBag from /opt/airflow/dags/dag_with_python_operator.py
[2025-04-28T20:32:19.053+0000] {processor.py:925} INFO - DAG(s) 'first_with_python_v4' retrieved from /opt/airflow/dags/dag_with_python_operator.py
[2025-04-28T20:32:19.096+0000] {logging_mixin.py:190} INFO - [2025-04-28T20:32:19.095+0000] {dag.py:3239} INFO - Sync 1 DAGs
[2025-04-28T20:32:19.141+0000] {logging_mixin.py:190} INFO - [2025-04-28T20:32:19.141+0000] {dag.py:4180} INFO - Setting next_dagrun for first_with_python_v4 to 2025-02-28 00:00:00+00:00, run_after=2025-03-01 00:00:00+00:00
[2025-04-28T20:32:19.170+0000] {processor.py:208} INFO - Processing /opt/airflow/dags/dag_with_python_operator.py took 0.162 seconds
[2025-04-28T20:32:49.660+0000] {processor.py:186} INFO - Started process (PID=43926) to work on /opt/airflow/dags/dag_with_python_operator.py
[2025-04-28T20:32:49.663+0000] {processor.py:914} INFO - Processing file /opt/airflow/dags/dag_with_python_operator.py for tasks to queue
[2025-04-28T20:32:49.667+0000] {logging_mixin.py:190} INFO - [2025-04-28T20:32:49.667+0000] {dagbag.py:588} INFO - Filling up the DagBag from /opt/airflow/dags/dag_with_python_operator.py
[2025-04-28T20:32:49.701+0000] {processor.py:925} INFO - DAG(s) 'first_with_python_v4' retrieved from /opt/airflow/dags/dag_with_python_operator.py
[2025-04-28T20:32:49.750+0000] {logging_mixin.py:190} INFO - [2025-04-28T20:32:49.749+0000] {dag.py:3239} INFO - Sync 1 DAGs
[2025-04-28T20:32:49.789+0000] {logging_mixin.py:190} INFO - [2025-04-28T20:32:49.789+0000] {dag.py:4180} INFO - Setting next_dagrun for first_with_python_v4 to 2025-02-28 00:00:00+00:00, run_after=2025-03-01 00:00:00+00:00
[2025-04-28T20:32:49.821+0000] {processor.py:208} INFO - Processing /opt/airflow/dags/dag_with_python_operator.py took 0.171 seconds
[2025-04-28T20:33:20.338+0000] {processor.py:186} INFO - Started process (PID=43946) to work on /opt/airflow/dags/dag_with_python_operator.py
[2025-04-28T20:33:20.340+0000] {processor.py:914} INFO - Processing file /opt/airflow/dags/dag_with_python_operator.py for tasks to queue
[2025-04-28T20:33:20.344+0000] {logging_mixin.py:190} INFO - [2025-04-28T20:33:20.343+0000] {dagbag.py:588} INFO - Filling up the DagBag from /opt/airflow/dags/dag_with_python_operator.py
[2025-04-28T20:33:20.372+0000] {processor.py:925} INFO - DAG(s) 'first_with_python_v4' retrieved from /opt/airflow/dags/dag_with_python_operator.py
[2025-04-28T20:33:20.407+0000] {logging_mixin.py:190} INFO - [2025-04-28T20:33:20.407+0000] {dag.py:3239} INFO - Sync 1 DAGs
[2025-04-28T20:33:20.444+0000] {logging_mixin.py:190} INFO - [2025-04-28T20:33:20.443+0000] {dag.py:4180} INFO - Setting next_dagrun for first_with_python_v4 to 2025-02-28 00:00:00+00:00, run_after=2025-03-01 00:00:00+00:00
[2025-04-28T20:33:20.474+0000] {processor.py:208} INFO - Processing /opt/airflow/dags/dag_with_python_operator.py took 0.144 seconds
[2025-04-28T20:33:51.011+0000] {processor.py:186} INFO - Started process (PID=43967) to work on /opt/airflow/dags/dag_with_python_operator.py
[2025-04-28T20:33:51.014+0000] {processor.py:914} INFO - Processing file /opt/airflow/dags/dag_with_python_operator.py for tasks to queue
[2025-04-28T20:33:51.019+0000] {logging_mixin.py:190} INFO - [2025-04-28T20:33:51.018+0000] {dagbag.py:588} INFO - Filling up the DagBag from /opt/airflow/dags/dag_with_python_operator.py
[2025-04-28T20:33:51.047+0000] {processor.py:925} INFO - DAG(s) 'first_with_python_v4' retrieved from /opt/airflow/dags/dag_with_python_operator.py
[2025-04-28T20:33:51.079+0000] {logging_mixin.py:190} INFO - [2025-04-28T20:33:51.079+0000] {dag.py:3239} INFO - Sync 1 DAGs
[2025-04-28T20:33:51.117+0000] {logging_mixin.py:190} INFO - [2025-04-28T20:33:51.117+0000] {dag.py:4180} INFO - Setting next_dagrun for first_with_python_v4 to 2025-02-28 00:00:00+00:00, run_after=2025-03-01 00:00:00+00:00
[2025-04-28T20:33:51.146+0000] {processor.py:208} INFO - Processing /opt/airflow/dags/dag_with_python_operator.py took 0.144 seconds
[2025-04-28T20:34:21.587+0000] {processor.py:186} INFO - Started process (PID=43988) to work on /opt/airflow/dags/dag_with_python_operator.py
[2025-04-28T20:34:21.590+0000] {processor.py:914} INFO - Processing file /opt/airflow/dags/dag_with_python_operator.py for tasks to queue
[2025-04-28T20:34:21.597+0000] {logging_mixin.py:190} INFO - [2025-04-28T20:34:21.597+0000] {dagbag.py:588} INFO - Filling up the DagBag from /opt/airflow/dags/dag_with_python_operator.py
[2025-04-28T20:34:21.626+0000] {processor.py:925} INFO - DAG(s) 'first_with_python_v4' retrieved from /opt/airflow/dags/dag_with_python_operator.py
[2025-04-28T20:34:21.662+0000] {logging_mixin.py:190} INFO - [2025-04-28T20:34:21.661+0000] {dag.py:3239} INFO - Sync 1 DAGs
[2025-04-28T20:34:21.698+0000] {logging_mixin.py:190} INFO - [2025-04-28T20:34:21.698+0000] {dag.py:4180} INFO - Setting next_dagrun for first_with_python_v4 to 2025-02-28 00:00:00+00:00, run_after=2025-03-01 00:00:00+00:00
[2025-04-28T20:34:21.726+0000] {processor.py:208} INFO - Processing /opt/airflow/dags/dag_with_python_operator.py took 0.148 seconds
[2025-04-28T20:34:52.085+0000] {processor.py:186} INFO - Started process (PID=44009) to work on /opt/airflow/dags/dag_with_python_operator.py
[2025-04-28T20:34:52.088+0000] {processor.py:914} INFO - Processing file /opt/airflow/dags/dag_with_python_operator.py for tasks to queue
[2025-04-28T20:34:52.094+0000] {logging_mixin.py:190} INFO - [2025-04-28T20:34:52.093+0000] {dagbag.py:588} INFO - Filling up the DagBag from /opt/airflow/dags/dag_with_python_operator.py
[2025-04-28T20:34:52.123+0000] {processor.py:925} INFO - DAG(s) 'first_with_python_v4' retrieved from /opt/airflow/dags/dag_with_python_operator.py
[2025-04-28T20:34:52.166+0000] {logging_mixin.py:190} INFO - [2025-04-28T20:34:52.166+0000] {dag.py:3239} INFO - Sync 1 DAGs
[2025-04-28T20:34:52.199+0000] {logging_mixin.py:190} INFO - [2025-04-28T20:34:52.198+0000] {dag.py:4180} INFO - Setting next_dagrun for first_with_python_v4 to 2025-02-28 00:00:00+00:00, run_after=2025-03-01 00:00:00+00:00
[2025-04-28T20:34:52.227+0000] {processor.py:208} INFO - Processing /opt/airflow/dags/dag_with_python_operator.py took 0.152 seconds
[2025-04-28T20:35:22.580+0000] {processor.py:186} INFO - Started process (PID=44030) to work on /opt/airflow/dags/dag_with_python_operator.py
[2025-04-28T20:35:22.584+0000] {processor.py:914} INFO - Processing file /opt/airflow/dags/dag_with_python_operator.py for tasks to queue
[2025-04-28T20:35:22.589+0000] {logging_mixin.py:190} INFO - [2025-04-28T20:35:22.588+0000] {dagbag.py:588} INFO - Filling up the DagBag from /opt/airflow/dags/dag_with_python_operator.py
[2025-04-28T20:35:22.617+0000] {processor.py:925} INFO - DAG(s) 'first_with_python_v4' retrieved from /opt/airflow/dags/dag_with_python_operator.py
[2025-04-28T20:35:22.649+0000] {logging_mixin.py:190} INFO - [2025-04-28T20:35:22.649+0000] {dag.py:3239} INFO - Sync 1 DAGs
[2025-04-28T20:35:22.680+0000] {logging_mixin.py:190} INFO - [2025-04-28T20:35:22.680+0000] {dag.py:4180} INFO - Setting next_dagrun for first_with_python_v4 to 2025-02-28 00:00:00+00:00, run_after=2025-03-01 00:00:00+00:00
[2025-04-28T20:35:22.704+0000] {processor.py:208} INFO - Processing /opt/airflow/dags/dag_with_python_operator.py took 0.140 seconds
[2025-04-28T20:35:53.125+0000] {processor.py:186} INFO - Started process (PID=44051) to work on /opt/airflow/dags/dag_with_python_operator.py
[2025-04-28T20:35:53.130+0000] {processor.py:914} INFO - Processing file /opt/airflow/dags/dag_with_python_operator.py for tasks to queue
[2025-04-28T20:35:53.138+0000] {logging_mixin.py:190} INFO - [2025-04-28T20:35:53.137+0000] {dagbag.py:588} INFO - Filling up the DagBag from /opt/airflow/dags/dag_with_python_operator.py
[2025-04-28T20:35:53.183+0000] {processor.py:925} INFO - DAG(s) 'first_with_python_v4' retrieved from /opt/airflow/dags/dag_with_python_operator.py
[2025-04-28T20:35:53.230+0000] {logging_mixin.py:190} INFO - [2025-04-28T20:35:53.229+0000] {dag.py:3239} INFO - Sync 1 DAGs
[2025-04-28T20:35:53.278+0000] {logging_mixin.py:190} INFO - [2025-04-28T20:35:53.277+0000] {dag.py:4180} INFO - Setting next_dagrun for first_with_python_v4 to 2025-02-28 00:00:00+00:00, run_after=2025-03-01 00:00:00+00:00
[2025-04-28T20:35:53.315+0000] {processor.py:208} INFO - Processing /opt/airflow/dags/dag_with_python_operator.py took 0.202 seconds
[2025-04-28T20:36:23.824+0000] {processor.py:186} INFO - Started process (PID=44072) to work on /opt/airflow/dags/dag_with_python_operator.py
[2025-04-28T20:36:23.827+0000] {processor.py:914} INFO - Processing file /opt/airflow/dags/dag_with_python_operator.py for tasks to queue
[2025-04-28T20:36:23.833+0000] {logging_mixin.py:190} INFO - [2025-04-28T20:36:23.832+0000] {dagbag.py:588} INFO - Filling up the DagBag from /opt/airflow/dags/dag_with_python_operator.py
[2025-04-28T20:36:23.864+0000] {processor.py:925} INFO - DAG(s) 'first_with_python_v4' retrieved from /opt/airflow/dags/dag_with_python_operator.py
[2025-04-28T20:36:23.899+0000] {logging_mixin.py:190} INFO - [2025-04-28T20:36:23.898+0000] {dag.py:3239} INFO - Sync 1 DAGs
[2025-04-28T20:36:23.937+0000] {logging_mixin.py:190} INFO - [2025-04-28T20:36:23.937+0000] {dag.py:4180} INFO - Setting next_dagrun for first_with_python_v4 to 2025-02-28 00:00:00+00:00, run_after=2025-03-01 00:00:00+00:00
[2025-04-28T20:36:23.970+0000] {processor.py:208} INFO - Processing /opt/airflow/dags/dag_with_python_operator.py took 0.156 seconds
[2025-04-28T20:36:54.317+0000] {processor.py:186} INFO - Started process (PID=44093) to work on /opt/airflow/dags/dag_with_python_operator.py
[2025-04-28T20:36:54.319+0000] {processor.py:914} INFO - Processing file /opt/airflow/dags/dag_with_python_operator.py for tasks to queue
[2025-04-28T20:36:54.324+0000] {logging_mixin.py:190} INFO - [2025-04-28T20:36:54.324+0000] {dagbag.py:588} INFO - Filling up the DagBag from /opt/airflow/dags/dag_with_python_operator.py
[2025-04-28T20:36:54.360+0000] {processor.py:925} INFO - DAG(s) 'first_with_python_v4' retrieved from /opt/airflow/dags/dag_with_python_operator.py
[2025-04-28T20:36:54.399+0000] {logging_mixin.py:190} INFO - [2025-04-28T20:36:54.399+0000] {dag.py:3239} INFO - Sync 1 DAGs
[2025-04-28T20:36:54.442+0000] {logging_mixin.py:190} INFO - [2025-04-28T20:36:54.442+0000] {dag.py:4180} INFO - Setting next_dagrun for first_with_python_v4 to 2025-02-28 00:00:00+00:00, run_after=2025-03-01 00:00:00+00:00
[2025-04-28T20:36:54.477+0000] {processor.py:208} INFO - Processing /opt/airflow/dags/dag_with_python_operator.py took 0.170 seconds
[2025-04-28T20:37:24.813+0000] {processor.py:186} INFO - Started process (PID=44114) to work on /opt/airflow/dags/dag_with_python_operator.py
[2025-04-28T20:37:24.816+0000] {processor.py:914} INFO - Processing file /opt/airflow/dags/dag_with_python_operator.py for tasks to queue
[2025-04-28T20:37:24.820+0000] {logging_mixin.py:190} INFO - [2025-04-28T20:37:24.820+0000] {dagbag.py:588} INFO - Filling up the DagBag from /opt/airflow/dags/dag_with_python_operator.py
[2025-04-28T20:37:24.848+0000] {processor.py:925} INFO - DAG(s) 'first_with_python_v4' retrieved from /opt/airflow/dags/dag_with_python_operator.py
[2025-04-28T20:37:24.892+0000] {logging_mixin.py:190} INFO - [2025-04-28T20:37:24.892+0000] {dag.py:3239} INFO - Sync 1 DAGs
[2025-04-28T20:37:24.933+0000] {logging_mixin.py:190} INFO - [2025-04-28T20:37:24.933+0000] {dag.py:4180} INFO - Setting next_dagrun for first_with_python_v4 to 2025-02-28 00:00:00+00:00, run_after=2025-03-01 00:00:00+00:00
[2025-04-28T20:37:24.965+0000] {processor.py:208} INFO - Processing /opt/airflow/dags/dag_with_python_operator.py took 0.161 seconds
[2025-04-28T20:37:55.714+0000] {processor.py:186} INFO - Started process (PID=44135) to work on /opt/airflow/dags/dag_with_python_operator.py
[2025-04-28T20:37:55.717+0000] {processor.py:914} INFO - Processing file /opt/airflow/dags/dag_with_python_operator.py for tasks to queue
[2025-04-28T20:37:55.724+0000] {logging_mixin.py:190} INFO - [2025-04-28T20:37:55.723+0000] {dagbag.py:588} INFO - Filling up the DagBag from /opt/airflow/dags/dag_with_python_operator.py
[2025-04-28T20:37:55.760+0000] {processor.py:925} INFO - DAG(s) 'first_with_python_v4' retrieved from /opt/airflow/dags/dag_with_python_operator.py
[2025-04-28T20:37:55.796+0000] {logging_mixin.py:190} INFO - [2025-04-28T20:37:55.796+0000] {dag.py:3239} INFO - Sync 1 DAGs
[2025-04-28T20:37:55.839+0000] {logging_mixin.py:190} INFO - [2025-04-28T20:37:55.838+0000] {dag.py:4180} INFO - Setting next_dagrun for first_with_python_v4 to 2025-02-28 00:00:00+00:00, run_after=2025-03-01 00:00:00+00:00
[2025-04-28T20:37:55.874+0000] {processor.py:208} INFO - Processing /opt/airflow/dags/dag_with_python_operator.py took 0.172 seconds
[2025-04-28T20:38:26.252+0000] {processor.py:186} INFO - Started process (PID=44156) to work on /opt/airflow/dags/dag_with_python_operator.py
[2025-04-28T20:38:26.255+0000] {processor.py:914} INFO - Processing file /opt/airflow/dags/dag_with_python_operator.py for tasks to queue
[2025-04-28T20:38:26.260+0000] {logging_mixin.py:190} INFO - [2025-04-28T20:38:26.259+0000] {dagbag.py:588} INFO - Filling up the DagBag from /opt/airflow/dags/dag_with_python_operator.py
[2025-04-28T20:38:26.287+0000] {processor.py:925} INFO - DAG(s) 'first_with_python_v4' retrieved from /opt/airflow/dags/dag_with_python_operator.py
[2025-04-28T20:38:26.325+0000] {logging_mixin.py:190} INFO - [2025-04-28T20:38:26.325+0000] {dag.py:3239} INFO - Sync 1 DAGs
[2025-04-28T20:38:26.362+0000] {logging_mixin.py:190} INFO - [2025-04-28T20:38:26.362+0000] {dag.py:4180} INFO - Setting next_dagrun for first_with_python_v4 to 2025-02-28 00:00:00+00:00, run_after=2025-03-01 00:00:00+00:00
[2025-04-28T20:38:26.387+0000] {processor.py:208} INFO - Processing /opt/airflow/dags/dag_with_python_operator.py took 0.144 seconds
[2025-04-28T20:38:56.742+0000] {processor.py:186} INFO - Started process (PID=44183) to work on /opt/airflow/dags/dag_with_python_operator.py
[2025-04-28T20:38:56.745+0000] {processor.py:914} INFO - Processing file /opt/airflow/dags/dag_with_python_operator.py for tasks to queue
[2025-04-28T20:38:56.749+0000] {logging_mixin.py:190} INFO - [2025-04-28T20:38:56.748+0000] {dagbag.py:588} INFO - Filling up the DagBag from /opt/airflow/dags/dag_with_python_operator.py
[2025-04-28T20:38:56.777+0000] {processor.py:925} INFO - DAG(s) 'first_with_python_v4' retrieved from /opt/airflow/dags/dag_with_python_operator.py
[2025-04-28T20:38:56.812+0000] {logging_mixin.py:190} INFO - [2025-04-28T20:38:56.812+0000] {dag.py:3239} INFO - Sync 1 DAGs
[2025-04-28T20:38:56.846+0000] {logging_mixin.py:190} INFO - [2025-04-28T20:38:56.846+0000] {dag.py:4180} INFO - Setting next_dagrun for first_with_python_v4 to 2025-02-28 00:00:00+00:00, run_after=2025-03-01 00:00:00+00:00
[2025-04-28T20:38:56.888+0000] {processor.py:208} INFO - Processing /opt/airflow/dags/dag_with_python_operator.py took 0.155 seconds
[2025-04-28T20:39:27.252+0000] {processor.py:186} INFO - Started process (PID=44204) to work on /opt/airflow/dags/dag_with_python_operator.py
[2025-04-28T20:39:27.255+0000] {processor.py:914} INFO - Processing file /opt/airflow/dags/dag_with_python_operator.py for tasks to queue
[2025-04-28T20:39:27.263+0000] {logging_mixin.py:190} INFO - [2025-04-28T20:39:27.262+0000] {dagbag.py:588} INFO - Filling up the DagBag from /opt/airflow/dags/dag_with_python_operator.py
[2025-04-28T20:39:27.308+0000] {processor.py:925} INFO - DAG(s) 'first_with_python_v4' retrieved from /opt/airflow/dags/dag_with_python_operator.py
[2025-04-28T20:39:27.353+0000] {logging_mixin.py:190} INFO - [2025-04-28T20:39:27.352+0000] {dag.py:3239} INFO - Sync 1 DAGs
[2025-04-28T20:39:27.392+0000] {logging_mixin.py:190} INFO - [2025-04-28T20:39:27.392+0000] {dag.py:4180} INFO - Setting next_dagrun for first_with_python_v4 to 2025-02-28 00:00:00+00:00, run_after=2025-03-01 00:00:00+00:00
[2025-04-28T20:39:27.421+0000] {processor.py:208} INFO - Processing /opt/airflow/dags/dag_with_python_operator.py took 0.183 seconds
[2025-04-28T20:39:57.741+0000] {processor.py:186} INFO - Started process (PID=44225) to work on /opt/airflow/dags/dag_with_python_operator.py
[2025-04-28T20:39:57.743+0000] {processor.py:914} INFO - Processing file /opt/airflow/dags/dag_with_python_operator.py for tasks to queue
[2025-04-28T20:39:57.748+0000] {logging_mixin.py:190} INFO - [2025-04-28T20:39:57.748+0000] {dagbag.py:588} INFO - Filling up the DagBag from /opt/airflow/dags/dag_with_python_operator.py
[2025-04-28T20:39:57.780+0000] {processor.py:925} INFO - DAG(s) 'first_with_python_v4' retrieved from /opt/airflow/dags/dag_with_python_operator.py
[2025-04-28T20:39:57.818+0000] {logging_mixin.py:190} INFO - [2025-04-28T20:39:57.817+0000] {dag.py:3239} INFO - Sync 1 DAGs
[2025-04-28T20:39:57.855+0000] {logging_mixin.py:190} INFO - [2025-04-28T20:39:57.855+0000] {dag.py:4180} INFO - Setting next_dagrun for first_with_python_v4 to 2025-02-28 00:00:00+00:00, run_after=2025-03-01 00:00:00+00:00
[2025-04-28T20:39:57.891+0000] {processor.py:208} INFO - Processing /opt/airflow/dags/dag_with_python_operator.py took 0.159 seconds
[2025-04-28T20:40:28.254+0000] {processor.py:186} INFO - Started process (PID=44246) to work on /opt/airflow/dags/dag_with_python_operator.py
[2025-04-28T20:40:28.256+0000] {processor.py:914} INFO - Processing file /opt/airflow/dags/dag_with_python_operator.py for tasks to queue
[2025-04-28T20:40:28.261+0000] {logging_mixin.py:190} INFO - [2025-04-28T20:40:28.261+0000] {dagbag.py:588} INFO - Filling up the DagBag from /opt/airflow/dags/dag_with_python_operator.py
[2025-04-28T20:40:28.294+0000] {processor.py:925} INFO - DAG(s) 'first_with_python_v4' retrieved from /opt/airflow/dags/dag_with_python_operator.py
[2025-04-28T20:40:28.338+0000] {logging_mixin.py:190} INFO - [2025-04-28T20:40:28.337+0000] {dag.py:3239} INFO - Sync 1 DAGs
[2025-04-28T20:40:28.380+0000] {logging_mixin.py:190} INFO - [2025-04-28T20:40:28.379+0000] {dag.py:4180} INFO - Setting next_dagrun for first_with_python_v4 to 2025-02-28 00:00:00+00:00, run_after=2025-03-01 00:00:00+00:00
[2025-04-28T20:40:28.411+0000] {processor.py:208} INFO - Processing /opt/airflow/dags/dag_with_python_operator.py took 0.168 seconds
[2025-04-28T20:40:58.723+0000] {processor.py:186} INFO - Started process (PID=44267) to work on /opt/airflow/dags/dag_with_python_operator.py
[2025-04-28T20:40:58.725+0000] {processor.py:914} INFO - Processing file /opt/airflow/dags/dag_with_python_operator.py for tasks to queue
[2025-04-28T20:40:58.728+0000] {logging_mixin.py:190} INFO - [2025-04-28T20:40:58.728+0000] {dagbag.py:588} INFO - Filling up the DagBag from /opt/airflow/dags/dag_with_python_operator.py
[2025-04-28T20:40:58.749+0000] {processor.py:925} INFO - DAG(s) 'first_with_python_v4' retrieved from /opt/airflow/dags/dag_with_python_operator.py
[2025-04-28T20:40:58.775+0000] {logging_mixin.py:190} INFO - [2025-04-28T20:40:58.775+0000] {dag.py:3239} INFO - Sync 1 DAGs
[2025-04-28T20:40:58.798+0000] {logging_mixin.py:190} INFO - [2025-04-28T20:40:58.798+0000] {dag.py:4180} INFO - Setting next_dagrun for first_with_python_v4 to 2025-02-28 00:00:00+00:00, run_after=2025-03-01 00:00:00+00:00
[2025-04-28T20:40:58.817+0000] {processor.py:208} INFO - Processing /opt/airflow/dags/dag_with_python_operator.py took 0.099 seconds
[2025-04-28T20:41:29.199+0000] {processor.py:186} INFO - Started process (PID=44288) to work on /opt/airflow/dags/dag_with_python_operator.py
[2025-04-28T20:41:29.202+0000] {processor.py:914} INFO - Processing file /opt/airflow/dags/dag_with_python_operator.py for tasks to queue
[2025-04-28T20:41:29.207+0000] {logging_mixin.py:190} INFO - [2025-04-28T20:41:29.207+0000] {dagbag.py:588} INFO - Filling up the DagBag from /opt/airflow/dags/dag_with_python_operator.py
[2025-04-28T20:41:29.238+0000] {processor.py:925} INFO - DAG(s) 'first_with_python_v4' retrieved from /opt/airflow/dags/dag_with_python_operator.py
[2025-04-28T20:41:29.276+0000] {logging_mixin.py:190} INFO - [2025-04-28T20:41:29.275+0000] {dag.py:3239} INFO - Sync 1 DAGs
[2025-04-28T20:41:29.311+0000] {logging_mixin.py:190} INFO - [2025-04-28T20:41:29.311+0000] {dag.py:4180} INFO - Setting next_dagrun for first_with_python_v4 to 2025-02-28 00:00:00+00:00, run_after=2025-03-01 00:00:00+00:00
[2025-04-28T20:41:29.340+0000] {processor.py:208} INFO - Processing /opt/airflow/dags/dag_with_python_operator.py took 0.149 seconds
[2025-04-28T20:41:59.752+0000] {processor.py:186} INFO - Started process (PID=44309) to work on /opt/airflow/dags/dag_with_python_operator.py
[2025-04-28T20:41:59.755+0000] {processor.py:914} INFO - Processing file /opt/airflow/dags/dag_with_python_operator.py for tasks to queue
[2025-04-28T20:41:59.759+0000] {logging_mixin.py:190} INFO - [2025-04-28T20:41:59.759+0000] {dagbag.py:588} INFO - Filling up the DagBag from /opt/airflow/dags/dag_with_python_operator.py
[2025-04-28T20:41:59.784+0000] {processor.py:925} INFO - DAG(s) 'first_with_python_v4' retrieved from /opt/airflow/dags/dag_with_python_operator.py
[2025-04-28T20:41:59.817+0000] {logging_mixin.py:190} INFO - [2025-04-28T20:41:59.816+0000] {dag.py:3239} INFO - Sync 1 DAGs
[2025-04-28T20:41:59.857+0000] {logging_mixin.py:190} INFO - [2025-04-28T20:41:59.857+0000] {dag.py:4180} INFO - Setting next_dagrun for first_with_python_v4 to 2025-02-28 00:00:00+00:00, run_after=2025-03-01 00:00:00+00:00
[2025-04-28T20:41:59.882+0000] {processor.py:208} INFO - Processing /opt/airflow/dags/dag_with_python_operator.py took 0.139 seconds
[2025-04-28T20:42:30.173+0000] {processor.py:186} INFO - Started process (PID=44330) to work on /opt/airflow/dags/dag_with_python_operator.py
[2025-04-28T20:42:30.175+0000] {processor.py:914} INFO - Processing file /opt/airflow/dags/dag_with_python_operator.py for tasks to queue
[2025-04-28T20:42:30.179+0000] {logging_mixin.py:190} INFO - [2025-04-28T20:42:30.179+0000] {dagbag.py:588} INFO - Filling up the DagBag from /opt/airflow/dags/dag_with_python_operator.py
[2025-04-28T20:42:30.198+0000] {processor.py:925} INFO - DAG(s) 'first_with_python_v4' retrieved from /opt/airflow/dags/dag_with_python_operator.py
[2025-04-28T20:42:30.224+0000] {logging_mixin.py:190} INFO - [2025-04-28T20:42:30.224+0000] {dag.py:3239} INFO - Sync 1 DAGs
[2025-04-28T20:42:30.246+0000] {logging_mixin.py:190} INFO - [2025-04-28T20:42:30.246+0000] {dag.py:4180} INFO - Setting next_dagrun for first_with_python_v4 to 2025-02-28 00:00:00+00:00, run_after=2025-03-01 00:00:00+00:00
[2025-04-28T20:42:30.274+0000] {processor.py:208} INFO - Processing /opt/airflow/dags/dag_with_python_operator.py took 0.106 seconds
[2025-04-28T20:43:00.693+0000] {processor.py:186} INFO - Started process (PID=44351) to work on /opt/airflow/dags/dag_with_python_operator.py
[2025-04-28T20:43:00.696+0000] {processor.py:914} INFO - Processing file /opt/airflow/dags/dag_with_python_operator.py for tasks to queue
[2025-04-28T20:43:00.700+0000] {logging_mixin.py:190} INFO - [2025-04-28T20:43:00.700+0000] {dagbag.py:588} INFO - Filling up the DagBag from /opt/airflow/dags/dag_with_python_operator.py
[2025-04-28T20:43:00.730+0000] {processor.py:925} INFO - DAG(s) 'first_with_python_v4' retrieved from /opt/airflow/dags/dag_with_python_operator.py
[2025-04-28T20:43:00.770+0000] {logging_mixin.py:190} INFO - [2025-04-28T20:43:00.769+0000] {dag.py:3239} INFO - Sync 1 DAGs
[2025-04-28T20:43:00.810+0000] {logging_mixin.py:190} INFO - [2025-04-28T20:43:00.809+0000] {dag.py:4180} INFO - Setting next_dagrun for first_with_python_v4 to 2025-02-28 00:00:00+00:00, run_after=2025-03-01 00:00:00+00:00
[2025-04-28T20:43:00.837+0000] {processor.py:208} INFO - Processing /opt/airflow/dags/dag_with_python_operator.py took 0.155 seconds
[2025-04-28T20:43:31.200+0000] {processor.py:186} INFO - Started process (PID=44372) to work on /opt/airflow/dags/dag_with_python_operator.py
[2025-04-28T20:43:31.202+0000] {processor.py:914} INFO - Processing file /opt/airflow/dags/dag_with_python_operator.py for tasks to queue
[2025-04-28T20:43:31.208+0000] {logging_mixin.py:190} INFO - [2025-04-28T20:43:31.207+0000] {dagbag.py:588} INFO - Filling up the DagBag from /opt/airflow/dags/dag_with_python_operator.py
[2025-04-28T20:43:31.237+0000] {processor.py:925} INFO - DAG(s) 'first_with_python_v4' retrieved from /opt/airflow/dags/dag_with_python_operator.py
[2025-04-28T20:43:31.271+0000] {logging_mixin.py:190} INFO - [2025-04-28T20:43:31.271+0000] {dag.py:3239} INFO - Sync 1 DAGs
[2025-04-28T20:43:31.302+0000] {logging_mixin.py:190} INFO - [2025-04-28T20:43:31.302+0000] {dag.py:4180} INFO - Setting next_dagrun for first_with_python_v4 to 2025-02-28 00:00:00+00:00, run_after=2025-03-01 00:00:00+00:00
[2025-04-28T20:43:31.333+0000] {processor.py:208} INFO - Processing /opt/airflow/dags/dag_with_python_operator.py took 0.141 seconds
[2025-04-28T20:44:01.781+0000] {processor.py:186} INFO - Started process (PID=44393) to work on /opt/airflow/dags/dag_with_python_operator.py
[2025-04-28T20:44:01.784+0000] {processor.py:914} INFO - Processing file /opt/airflow/dags/dag_with_python_operator.py for tasks to queue
[2025-04-28T20:44:01.789+0000] {logging_mixin.py:190} INFO - [2025-04-28T20:44:01.789+0000] {dagbag.py:588} INFO - Filling up the DagBag from /opt/airflow/dags/dag_with_python_operator.py
[2025-04-28T20:44:01.829+0000] {processor.py:925} INFO - DAG(s) 'first_with_python_v4' retrieved from /opt/airflow/dags/dag_with_python_operator.py
[2025-04-28T20:44:01.865+0000] {logging_mixin.py:190} INFO - [2025-04-28T20:44:01.865+0000] {dag.py:3239} INFO - Sync 1 DAGs
[2025-04-28T20:44:01.898+0000] {logging_mixin.py:190} INFO - [2025-04-28T20:44:01.898+0000] {dag.py:4180} INFO - Setting next_dagrun for first_with_python_v4 to 2025-02-28 00:00:00+00:00, run_after=2025-03-01 00:00:00+00:00
[2025-04-28T20:44:01.933+0000] {processor.py:208} INFO - Processing /opt/airflow/dags/dag_with_python_operator.py took 0.162 seconds
[2025-04-28T20:44:32.334+0000] {processor.py:186} INFO - Started process (PID=44414) to work on /opt/airflow/dags/dag_with_python_operator.py
[2025-04-28T20:44:32.337+0000] {processor.py:914} INFO - Processing file /opt/airflow/dags/dag_with_python_operator.py for tasks to queue
[2025-04-28T20:44:32.343+0000] {logging_mixin.py:190} INFO - [2025-04-28T20:44:32.342+0000] {dagbag.py:588} INFO - Filling up the DagBag from /opt/airflow/dags/dag_with_python_operator.py
[2025-04-28T20:44:32.376+0000] {processor.py:925} INFO - DAG(s) 'first_with_python_v4' retrieved from /opt/airflow/dags/dag_with_python_operator.py
[2025-04-28T20:44:32.425+0000] {logging_mixin.py:190} INFO - [2025-04-28T20:44:32.424+0000] {dag.py:3239} INFO - Sync 1 DAGs
[2025-04-28T20:44:32.470+0000] {logging_mixin.py:190} INFO - [2025-04-28T20:44:32.469+0000] {dag.py:4180} INFO - Setting next_dagrun for first_with_python_v4 to 2025-02-28 00:00:00+00:00, run_after=2025-03-01 00:00:00+00:00
[2025-04-28T20:44:32.512+0000] {processor.py:208} INFO - Processing /opt/airflow/dags/dag_with_python_operator.py took 0.189 seconds
[2025-04-28T20:45:02.958+0000] {processor.py:186} INFO - Started process (PID=44435) to work on /opt/airflow/dags/dag_with_python_operator.py
[2025-04-28T20:45:02.960+0000] {processor.py:914} INFO - Processing file /opt/airflow/dags/dag_with_python_operator.py for tasks to queue
[2025-04-28T20:45:02.965+0000] {logging_mixin.py:190} INFO - [2025-04-28T20:45:02.965+0000] {dagbag.py:588} INFO - Filling up the DagBag from /opt/airflow/dags/dag_with_python_operator.py
[2025-04-28T20:45:02.992+0000] {processor.py:925} INFO - DAG(s) 'first_with_python_v4' retrieved from /opt/airflow/dags/dag_with_python_operator.py
[2025-04-28T20:45:03.023+0000] {logging_mixin.py:190} INFO - [2025-04-28T20:45:03.023+0000] {dag.py:3239} INFO - Sync 1 DAGs
[2025-04-28T20:45:03.060+0000] {logging_mixin.py:190} INFO - [2025-04-28T20:45:03.060+0000] {dag.py:4180} INFO - Setting next_dagrun for first_with_python_v4 to 2025-02-28 00:00:00+00:00, run_after=2025-03-01 00:00:00+00:00
[2025-04-28T20:45:03.093+0000] {processor.py:208} INFO - Processing /opt/airflow/dags/dag_with_python_operator.py took 0.144 seconds
[2025-04-28T20:45:33.456+0000] {processor.py:186} INFO - Started process (PID=44456) to work on /opt/airflow/dags/dag_with_python_operator.py
[2025-04-28T20:45:33.459+0000] {processor.py:914} INFO - Processing file /opt/airflow/dags/dag_with_python_operator.py for tasks to queue
[2025-04-28T20:45:33.464+0000] {logging_mixin.py:190} INFO - [2025-04-28T20:45:33.463+0000] {dagbag.py:588} INFO - Filling up the DagBag from /opt/airflow/dags/dag_with_python_operator.py
[2025-04-28T20:45:33.494+0000] {processor.py:925} INFO - DAG(s) 'first_with_python_v4' retrieved from /opt/airflow/dags/dag_with_python_operator.py
[2025-04-28T20:45:33.530+0000] {logging_mixin.py:190} INFO - [2025-04-28T20:45:33.530+0000] {dag.py:3239} INFO - Sync 1 DAGs
[2025-04-28T20:45:33.564+0000] {logging_mixin.py:190} INFO - [2025-04-28T20:45:33.563+0000] {dag.py:4180} INFO - Setting next_dagrun for first_with_python_v4 to 2025-02-28 00:00:00+00:00, run_after=2025-03-01 00:00:00+00:00
[2025-04-28T20:45:33.591+0000] {processor.py:208} INFO - Processing /opt/airflow/dags/dag_with_python_operator.py took 0.143 seconds
[2025-04-28T20:46:03.956+0000] {processor.py:186} INFO - Started process (PID=44477) to work on /opt/airflow/dags/dag_with_python_operator.py
[2025-04-28T20:46:03.959+0000] {processor.py:914} INFO - Processing file /opt/airflow/dags/dag_with_python_operator.py for tasks to queue
[2025-04-28T20:46:03.965+0000] {logging_mixin.py:190} INFO - [2025-04-28T20:46:03.964+0000] {dagbag.py:588} INFO - Filling up the DagBag from /opt/airflow/dags/dag_with_python_operator.py
[2025-04-28T20:46:03.999+0000] {processor.py:925} INFO - DAG(s) 'first_with_python_v4' retrieved from /opt/airflow/dags/dag_with_python_operator.py
[2025-04-28T20:46:04.035+0000] {logging_mixin.py:190} INFO - [2025-04-28T20:46:04.034+0000] {dag.py:3239} INFO - Sync 1 DAGs
[2025-04-28T20:46:04.066+0000] {logging_mixin.py:190} INFO - [2025-04-28T20:46:04.066+0000] {dag.py:4180} INFO - Setting next_dagrun for first_with_python_v4 to 2025-02-28 00:00:00+00:00, run_after=2025-03-01 00:00:00+00:00
[2025-04-28T20:46:04.098+0000] {processor.py:208} INFO - Processing /opt/airflow/dags/dag_with_python_operator.py took 0.154 seconds
[2025-04-28T20:46:34.458+0000] {processor.py:186} INFO - Started process (PID=44498) to work on /opt/airflow/dags/dag_with_python_operator.py
[2025-04-28T20:46:34.461+0000] {processor.py:914} INFO - Processing file /opt/airflow/dags/dag_with_python_operator.py for tasks to queue
[2025-04-28T20:46:34.466+0000] {logging_mixin.py:190} INFO - [2025-04-28T20:46:34.466+0000] {dagbag.py:588} INFO - Filling up the DagBag from /opt/airflow/dags/dag_with_python_operator.py
[2025-04-28T20:46:34.488+0000] {processor.py:925} INFO - DAG(s) 'first_with_python_v4' retrieved from /opt/airflow/dags/dag_with_python_operator.py
[2025-04-28T20:46:34.509+0000] {logging_mixin.py:190} INFO - [2025-04-28T20:46:34.509+0000] {dag.py:3239} INFO - Sync 1 DAGs
[2025-04-28T20:46:34.528+0000] {logging_mixin.py:190} INFO - [2025-04-28T20:46:34.528+0000] {dag.py:4180} INFO - Setting next_dagrun for first_with_python_v4 to 2025-02-28 00:00:00+00:00, run_after=2025-03-01 00:00:00+00:00
[2025-04-28T20:46:34.547+0000] {processor.py:208} INFO - Processing /opt/airflow/dags/dag_with_python_operator.py took 0.098 seconds
[2025-04-28T20:47:04.962+0000] {processor.py:186} INFO - Started process (PID=44519) to work on /opt/airflow/dags/dag_with_python_operator.py
[2025-04-28T20:47:04.965+0000] {processor.py:914} INFO - Processing file /opt/airflow/dags/dag_with_python_operator.py for tasks to queue
[2025-04-28T20:47:04.971+0000] {logging_mixin.py:190} INFO - [2025-04-28T20:47:04.971+0000] {dagbag.py:588} INFO - Filling up the DagBag from /opt/airflow/dags/dag_with_python_operator.py
[2025-04-28T20:47:05.005+0000] {processor.py:925} INFO - DAG(s) 'first_with_python_v4' retrieved from /opt/airflow/dags/dag_with_python_operator.py
[2025-04-28T20:47:05.050+0000] {logging_mixin.py:190} INFO - [2025-04-28T20:47:05.050+0000] {dag.py:3239} INFO - Sync 1 DAGs
[2025-04-28T20:47:05.094+0000] {logging_mixin.py:190} INFO - [2025-04-28T20:47:05.094+0000] {dag.py:4180} INFO - Setting next_dagrun for first_with_python_v4 to 2025-02-28 00:00:00+00:00, run_after=2025-03-01 00:00:00+00:00
[2025-04-28T20:47:05.126+0000] {processor.py:208} INFO - Processing /opt/airflow/dags/dag_with_python_operator.py took 0.175 seconds
[2025-04-28T20:47:35.540+0000] {processor.py:186} INFO - Started process (PID=44540) to work on /opt/airflow/dags/dag_with_python_operator.py
[2025-04-28T20:47:35.544+0000] {processor.py:914} INFO - Processing file /opt/airflow/dags/dag_with_python_operator.py for tasks to queue
[2025-04-28T20:47:35.550+0000] {logging_mixin.py:190} INFO - [2025-04-28T20:47:35.550+0000] {dagbag.py:588} INFO - Filling up the DagBag from /opt/airflow/dags/dag_with_python_operator.py
[2025-04-28T20:47:35.580+0000] {processor.py:925} INFO - DAG(s) 'first_with_python_v4' retrieved from /opt/airflow/dags/dag_with_python_operator.py
[2025-04-28T20:47:35.617+0000] {logging_mixin.py:190} INFO - [2025-04-28T20:47:35.617+0000] {dag.py:3239} INFO - Sync 1 DAGs
[2025-04-28T20:47:35.649+0000] {logging_mixin.py:190} INFO - [2025-04-28T20:47:35.649+0000] {dag.py:4180} INFO - Setting next_dagrun for first_with_python_v4 to 2025-02-28 00:00:00+00:00, run_after=2025-03-01 00:00:00+00:00
[2025-04-28T20:47:35.677+0000] {processor.py:208} INFO - Processing /opt/airflow/dags/dag_with_python_operator.py took 0.147 seconds
[2025-04-28T20:48:06.125+0000] {processor.py:186} INFO - Started process (PID=44561) to work on /opt/airflow/dags/dag_with_python_operator.py
[2025-04-28T20:48:06.128+0000] {processor.py:914} INFO - Processing file /opt/airflow/dags/dag_with_python_operator.py for tasks to queue
[2025-04-28T20:48:06.134+0000] {logging_mixin.py:190} INFO - [2025-04-28T20:48:06.133+0000] {dagbag.py:588} INFO - Filling up the DagBag from /opt/airflow/dags/dag_with_python_operator.py
[2025-04-28T20:48:06.161+0000] {processor.py:925} INFO - DAG(s) 'first_with_python_v4' retrieved from /opt/airflow/dags/dag_with_python_operator.py
[2025-04-28T20:48:06.197+0000] {logging_mixin.py:190} INFO - [2025-04-28T20:48:06.197+0000] {dag.py:3239} INFO - Sync 1 DAGs
[2025-04-28T20:48:06.233+0000] {logging_mixin.py:190} INFO - [2025-04-28T20:48:06.233+0000] {dag.py:4180} INFO - Setting next_dagrun for first_with_python_v4 to 2025-02-28 00:00:00+00:00, run_after=2025-03-01 00:00:00+00:00
[2025-04-28T20:48:06.259+0000] {processor.py:208} INFO - Processing /opt/airflow/dags/dag_with_python_operator.py took 0.147 seconds
[2025-04-28T20:48:36.665+0000] {processor.py:186} INFO - Started process (PID=44582) to work on /opt/airflow/dags/dag_with_python_operator.py
[2025-04-28T20:48:36.668+0000] {processor.py:914} INFO - Processing file /opt/airflow/dags/dag_with_python_operator.py for tasks to queue
[2025-04-28T20:48:36.673+0000] {logging_mixin.py:190} INFO - [2025-04-28T20:48:36.673+0000] {dagbag.py:588} INFO - Filling up the DagBag from /opt/airflow/dags/dag_with_python_operator.py
[2025-04-28T20:48:36.699+0000] {processor.py:925} INFO - DAG(s) 'first_with_python_v4' retrieved from /opt/airflow/dags/dag_with_python_operator.py
[2025-04-28T20:48:36.735+0000] {logging_mixin.py:190} INFO - [2025-04-28T20:48:36.735+0000] {dag.py:3239} INFO - Sync 1 DAGs
[2025-04-28T20:48:36.773+0000] {logging_mixin.py:190} INFO - [2025-04-28T20:48:36.773+0000] {dag.py:4180} INFO - Setting next_dagrun for first_with_python_v4 to 2025-02-28 00:00:00+00:00, run_after=2025-03-01 00:00:00+00:00
[2025-04-28T20:48:36.799+0000] {processor.py:208} INFO - Processing /opt/airflow/dags/dag_with_python_operator.py took 0.143 seconds
[2025-04-28T20:49:07.229+0000] {processor.py:186} INFO - Started process (PID=44603) to work on /opt/airflow/dags/dag_with_python_operator.py
[2025-04-28T20:49:07.232+0000] {processor.py:914} INFO - Processing file /opt/airflow/dags/dag_with_python_operator.py for tasks to queue
[2025-04-28T20:49:07.239+0000] {logging_mixin.py:190} INFO - [2025-04-28T20:49:07.239+0000] {dagbag.py:588} INFO - Filling up the DagBag from /opt/airflow/dags/dag_with_python_operator.py
[2025-04-28T20:49:07.283+0000] {processor.py:925} INFO - DAG(s) 'first_with_python_v4' retrieved from /opt/airflow/dags/dag_with_python_operator.py
[2025-04-28T20:49:07.327+0000] {logging_mixin.py:190} INFO - [2025-04-28T20:49:07.326+0000] {dag.py:3239} INFO - Sync 1 DAGs
[2025-04-28T20:49:07.359+0000] {logging_mixin.py:190} INFO - [2025-04-28T20:49:07.358+0000] {dag.py:4180} INFO - Setting next_dagrun for first_with_python_v4 to 2025-02-28 00:00:00+00:00, run_after=2025-03-01 00:00:00+00:00
[2025-04-28T20:49:07.385+0000] {processor.py:208} INFO - Processing /opt/airflow/dags/dag_with_python_operator.py took 0.168 seconds
[2025-04-28T20:49:37.768+0000] {processor.py:186} INFO - Started process (PID=44624) to work on /opt/airflow/dags/dag_with_python_operator.py
[2025-04-28T20:49:37.772+0000] {processor.py:914} INFO - Processing file /opt/airflow/dags/dag_with_python_operator.py for tasks to queue
[2025-04-28T20:49:37.777+0000] {logging_mixin.py:190} INFO - [2025-04-28T20:49:37.776+0000] {dagbag.py:588} INFO - Filling up the DagBag from /opt/airflow/dags/dag_with_python_operator.py
[2025-04-28T20:49:37.811+0000] {processor.py:925} INFO - DAG(s) 'first_with_python_v4' retrieved from /opt/airflow/dags/dag_with_python_operator.py
[2025-04-28T20:49:37.851+0000] {logging_mixin.py:190} INFO - [2025-04-28T20:49:37.851+0000] {dag.py:3239} INFO - Sync 1 DAGs
[2025-04-28T20:49:37.882+0000] {logging_mixin.py:190} INFO - [2025-04-28T20:49:37.881+0000] {dag.py:4180} INFO - Setting next_dagrun for first_with_python_v4 to 2025-02-28 00:00:00+00:00, run_after=2025-03-01 00:00:00+00:00
[2025-04-28T20:49:37.911+0000] {processor.py:208} INFO - Processing /opt/airflow/dags/dag_with_python_operator.py took 0.154 seconds
[2025-04-28T20:50:08.213+0000] {processor.py:186} INFO - Started process (PID=44645) to work on /opt/airflow/dags/dag_with_python_operator.py
[2025-04-28T20:50:08.215+0000] {processor.py:914} INFO - Processing file /opt/airflow/dags/dag_with_python_operator.py for tasks to queue
[2025-04-28T20:50:08.218+0000] {logging_mixin.py:190} INFO - [2025-04-28T20:50:08.218+0000] {dagbag.py:588} INFO - Filling up the DagBag from /opt/airflow/dags/dag_with_python_operator.py
[2025-04-28T20:50:08.238+0000] {processor.py:925} INFO - DAG(s) 'first_with_python_v4' retrieved from /opt/airflow/dags/dag_with_python_operator.py
[2025-04-28T20:50:08.259+0000] {logging_mixin.py:190} INFO - [2025-04-28T20:50:08.259+0000] {dag.py:3239} INFO - Sync 1 DAGs
[2025-04-28T20:50:08.280+0000] {logging_mixin.py:190} INFO - [2025-04-28T20:50:08.279+0000] {dag.py:4180} INFO - Setting next_dagrun for first_with_python_v4 to 2025-02-28 00:00:00+00:00, run_after=2025-03-01 00:00:00+00:00
[2025-04-28T20:50:08.298+0000] {processor.py:208} INFO - Processing /opt/airflow/dags/dag_with_python_operator.py took 0.092 seconds
[2025-04-28T20:50:38.674+0000] {processor.py:186} INFO - Started process (PID=44666) to work on /opt/airflow/dags/dag_with_python_operator.py
[2025-04-28T20:50:38.678+0000] {processor.py:914} INFO - Processing file /opt/airflow/dags/dag_with_python_operator.py for tasks to queue
[2025-04-28T20:50:38.686+0000] {logging_mixin.py:190} INFO - [2025-04-28T20:50:38.685+0000] {dagbag.py:588} INFO - Filling up the DagBag from /opt/airflow/dags/dag_with_python_operator.py
[2025-04-28T20:50:38.747+0000] {processor.py:925} INFO - DAG(s) 'first_with_python_v4' retrieved from /opt/airflow/dags/dag_with_python_operator.py
[2025-04-28T20:50:38.803+0000] {logging_mixin.py:190} INFO - [2025-04-28T20:50:38.802+0000] {dag.py:3239} INFO - Sync 1 DAGs
[2025-04-28T20:50:38.852+0000] {logging_mixin.py:190} INFO - [2025-04-28T20:50:38.852+0000] {dag.py:4180} INFO - Setting next_dagrun for first_with_python_v4 to 2025-02-28 00:00:00+00:00, run_after=2025-03-01 00:00:00+00:00
[2025-04-28T20:50:38.899+0000] {processor.py:208} INFO - Processing /opt/airflow/dags/dag_with_python_operator.py took 0.236 seconds
[2025-04-28T20:51:09.222+0000] {processor.py:186} INFO - Started process (PID=44687) to work on /opt/airflow/dags/dag_with_python_operator.py
[2025-04-28T20:51:09.225+0000] {processor.py:914} INFO - Processing file /opt/airflow/dags/dag_with_python_operator.py for tasks to queue
[2025-04-28T20:51:09.230+0000] {logging_mixin.py:190} INFO - [2025-04-28T20:51:09.229+0000] {dagbag.py:588} INFO - Filling up the DagBag from /opt/airflow/dags/dag_with_python_operator.py
[2025-04-28T20:51:09.258+0000] {processor.py:925} INFO - DAG(s) 'first_with_python_v4' retrieved from /opt/airflow/dags/dag_with_python_operator.py
[2025-04-28T20:51:09.293+0000] {logging_mixin.py:190} INFO - [2025-04-28T20:51:09.293+0000] {dag.py:3239} INFO - Sync 1 DAGs
[2025-04-28T20:51:09.326+0000] {logging_mixin.py:190} INFO - [2025-04-28T20:51:09.326+0000] {dag.py:4180} INFO - Setting next_dagrun for first_with_python_v4 to 2025-02-28 00:00:00+00:00, run_after=2025-03-01 00:00:00+00:00
[2025-04-28T20:51:09.362+0000] {processor.py:208} INFO - Processing /opt/airflow/dags/dag_with_python_operator.py took 0.151 seconds
[2025-04-28T20:51:39.711+0000] {processor.py:186} INFO - Started process (PID=44708) to work on /opt/airflow/dags/dag_with_python_operator.py
[2025-04-28T20:51:39.714+0000] {processor.py:914} INFO - Processing file /opt/airflow/dags/dag_with_python_operator.py for tasks to queue
[2025-04-28T20:51:39.720+0000] {logging_mixin.py:190} INFO - [2025-04-28T20:51:39.719+0000] {dagbag.py:588} INFO - Filling up the DagBag from /opt/airflow/dags/dag_with_python_operator.py
[2025-04-28T20:51:39.751+0000] {processor.py:925} INFO - DAG(s) 'first_with_python_v4' retrieved from /opt/airflow/dags/dag_with_python_operator.py
[2025-04-28T20:51:39.788+0000] {logging_mixin.py:190} INFO - [2025-04-28T20:51:39.788+0000] {dag.py:3239} INFO - Sync 1 DAGs
[2025-04-28T20:51:39.836+0000] {logging_mixin.py:190} INFO - [2025-04-28T20:51:39.836+0000] {dag.py:4180} INFO - Setting next_dagrun for first_with_python_v4 to 2025-02-28 00:00:00+00:00, run_after=2025-03-01 00:00:00+00:00
[2025-04-28T20:51:39.874+0000] {processor.py:208} INFO - Processing /opt/airflow/dags/dag_with_python_operator.py took 0.173 seconds
[2025-04-28T20:52:10.419+0000] {processor.py:186} INFO - Started process (PID=44729) to work on /opt/airflow/dags/dag_with_python_operator.py
[2025-04-28T20:52:10.422+0000] {processor.py:914} INFO - Processing file /opt/airflow/dags/dag_with_python_operator.py for tasks to queue
[2025-04-28T20:52:10.427+0000] {logging_mixin.py:190} INFO - [2025-04-28T20:52:10.427+0000] {dagbag.py:588} INFO - Filling up the DagBag from /opt/airflow/dags/dag_with_python_operator.py
[2025-04-28T20:52:10.456+0000] {processor.py:925} INFO - DAG(s) 'first_with_python_v4' retrieved from /opt/airflow/dags/dag_with_python_operator.py
[2025-04-28T20:52:10.493+0000] {logging_mixin.py:190} INFO - [2025-04-28T20:52:10.493+0000] {dag.py:3239} INFO - Sync 1 DAGs
[2025-04-28T20:52:10.531+0000] {logging_mixin.py:190} INFO - [2025-04-28T20:52:10.531+0000] {dag.py:4180} INFO - Setting next_dagrun for first_with_python_v4 to 2025-02-28 00:00:00+00:00, run_after=2025-03-01 00:00:00+00:00
[2025-04-28T20:52:10.561+0000] {processor.py:208} INFO - Processing /opt/airflow/dags/dag_with_python_operator.py took 0.151 seconds
[2025-04-28T20:52:41.074+0000] {processor.py:186} INFO - Started process (PID=44750) to work on /opt/airflow/dags/dag_with_python_operator.py
[2025-04-28T20:52:41.081+0000] {processor.py:914} INFO - Processing file /opt/airflow/dags/dag_with_python_operator.py for tasks to queue
[2025-04-28T20:52:41.094+0000] {logging_mixin.py:190} INFO - [2025-04-28T20:52:41.093+0000] {dagbag.py:588} INFO - Filling up the DagBag from /opt/airflow/dags/dag_with_python_operator.py
[2025-04-28T20:52:41.161+0000] {processor.py:925} INFO - DAG(s) 'first_with_python_v4' retrieved from /opt/airflow/dags/dag_with_python_operator.py
[2025-04-28T20:52:41.206+0000] {logging_mixin.py:190} INFO - [2025-04-28T20:52:41.206+0000] {dag.py:3239} INFO - Sync 1 DAGs
[2025-04-28T20:52:41.282+0000] {logging_mixin.py:190} INFO - [2025-04-28T20:52:41.280+0000] {dag.py:4180} INFO - Setting next_dagrun for first_with_python_v4 to 2025-02-28 00:00:00+00:00, run_after=2025-03-01 00:00:00+00:00
[2025-04-28T20:52:41.335+0000] {processor.py:208} INFO - Processing /opt/airflow/dags/dag_with_python_operator.py took 0.285 seconds
[2025-04-28T20:53:11.574+0000] {processor.py:186} INFO - Started process (PID=44771) to work on /opt/airflow/dags/dag_with_python_operator.py
[2025-04-28T20:53:11.576+0000] {processor.py:914} INFO - Processing file /opt/airflow/dags/dag_with_python_operator.py for tasks to queue
[2025-04-28T20:53:11.579+0000] {logging_mixin.py:190} INFO - [2025-04-28T20:53:11.579+0000] {dagbag.py:588} INFO - Filling up the DagBag from /opt/airflow/dags/dag_with_python_operator.py
[2025-04-28T20:53:11.603+0000] {processor.py:925} INFO - DAG(s) 'first_with_python_v4' retrieved from /opt/airflow/dags/dag_with_python_operator.py
[2025-04-28T20:53:11.644+0000] {logging_mixin.py:190} INFO - [2025-04-28T20:53:11.644+0000] {dag.py:3239} INFO - Sync 1 DAGs
[2025-04-28T20:53:11.685+0000] {logging_mixin.py:190} INFO - [2025-04-28T20:53:11.685+0000] {dag.py:4180} INFO - Setting next_dagrun for first_with_python_v4 to 2025-02-28 00:00:00+00:00, run_after=2025-03-01 00:00:00+00:00
[2025-04-28T20:53:11.715+0000] {processor.py:208} INFO - Processing /opt/airflow/dags/dag_with_python_operator.py took 0.147 seconds
[2025-04-28T20:53:42.100+0000] {processor.py:186} INFO - Started process (PID=44792) to work on /opt/airflow/dags/dag_with_python_operator.py
[2025-04-28T20:53:42.104+0000] {processor.py:914} INFO - Processing file /opt/airflow/dags/dag_with_python_operator.py for tasks to queue
[2025-04-28T20:53:42.111+0000] {logging_mixin.py:190} INFO - [2025-04-28T20:53:42.110+0000] {dagbag.py:588} INFO - Filling up the DagBag from /opt/airflow/dags/dag_with_python_operator.py
[2025-04-28T20:53:42.144+0000] {processor.py:925} INFO - DAG(s) 'first_with_python_v4' retrieved from /opt/airflow/dags/dag_with_python_operator.py
[2025-04-28T20:53:42.181+0000] {logging_mixin.py:190} INFO - [2025-04-28T20:53:42.180+0000] {dag.py:3239} INFO - Sync 1 DAGs
[2025-04-28T20:53:42.228+0000] {logging_mixin.py:190} INFO - [2025-04-28T20:53:42.227+0000] {dag.py:4180} INFO - Setting next_dagrun for first_with_python_v4 to 2025-02-28 00:00:00+00:00, run_after=2025-03-01 00:00:00+00:00
[2025-04-28T20:53:42.262+0000] {processor.py:208} INFO - Processing /opt/airflow/dags/dag_with_python_operator.py took 0.175 seconds
[2025-04-28T20:54:12.586+0000] {processor.py:186} INFO - Started process (PID=44813) to work on /opt/airflow/dags/dag_with_python_operator.py
[2025-04-28T20:54:12.588+0000] {processor.py:914} INFO - Processing file /opt/airflow/dags/dag_with_python_operator.py for tasks to queue
[2025-04-28T20:54:12.594+0000] {logging_mixin.py:190} INFO - [2025-04-28T20:54:12.594+0000] {dagbag.py:588} INFO - Filling up the DagBag from /opt/airflow/dags/dag_with_python_operator.py
[2025-04-28T20:54:12.627+0000] {processor.py:925} INFO - DAG(s) 'first_with_python_v4' retrieved from /opt/airflow/dags/dag_with_python_operator.py
[2025-04-28T20:54:12.667+0000] {logging_mixin.py:190} INFO - [2025-04-28T20:54:12.666+0000] {dag.py:3239} INFO - Sync 1 DAGs
[2025-04-28T20:54:12.705+0000] {logging_mixin.py:190} INFO - [2025-04-28T20:54:12.705+0000] {dag.py:4180} INFO - Setting next_dagrun for first_with_python_v4 to 2025-02-28 00:00:00+00:00, run_after=2025-03-01 00:00:00+00:00
[2025-04-28T20:54:12.729+0000] {processor.py:208} INFO - Processing /opt/airflow/dags/dag_with_python_operator.py took 0.154 seconds
[2025-04-28T20:54:43.091+0000] {processor.py:186} INFO - Started process (PID=44834) to work on /opt/airflow/dags/dag_with_python_operator.py
[2025-04-28T20:54:43.094+0000] {processor.py:914} INFO - Processing file /opt/airflow/dags/dag_with_python_operator.py for tasks to queue
[2025-04-28T20:54:43.098+0000] {logging_mixin.py:190} INFO - [2025-04-28T20:54:43.098+0000] {dagbag.py:588} INFO - Filling up the DagBag from /opt/airflow/dags/dag_with_python_operator.py
[2025-04-28T20:54:43.129+0000] {processor.py:925} INFO - DAG(s) 'first_with_python_v4' retrieved from /opt/airflow/dags/dag_with_python_operator.py
[2025-04-28T20:54:43.162+0000] {logging_mixin.py:190} INFO - [2025-04-28T20:54:43.162+0000] {dag.py:3239} INFO - Sync 1 DAGs
[2025-04-28T20:54:43.195+0000] {logging_mixin.py:190} INFO - [2025-04-28T20:54:43.195+0000] {dag.py:4180} INFO - Setting next_dagrun for first_with_python_v4 to 2025-02-28 00:00:00+00:00, run_after=2025-03-01 00:00:00+00:00
[2025-04-28T20:54:43.224+0000] {processor.py:208} INFO - Processing /opt/airflow/dags/dag_with_python_operator.py took 0.142 seconds
[2025-04-28T20:55:13.521+0000] {processor.py:186} INFO - Started process (PID=44855) to work on /opt/airflow/dags/dag_with_python_operator.py
[2025-04-28T20:55:13.523+0000] {processor.py:914} INFO - Processing file /opt/airflow/dags/dag_with_python_operator.py for tasks to queue
[2025-04-28T20:55:13.527+0000] {logging_mixin.py:190} INFO - [2025-04-28T20:55:13.526+0000] {dagbag.py:588} INFO - Filling up the DagBag from /opt/airflow/dags/dag_with_python_operator.py
[2025-04-28T20:55:13.546+0000] {processor.py:925} INFO - DAG(s) 'first_with_python_v4' retrieved from /opt/airflow/dags/dag_with_python_operator.py
[2025-04-28T20:55:13.566+0000] {logging_mixin.py:190} INFO - [2025-04-28T20:55:13.566+0000] {dag.py:3239} INFO - Sync 1 DAGs
[2025-04-28T20:55:13.586+0000] {logging_mixin.py:190} INFO - [2025-04-28T20:55:13.586+0000] {dag.py:4180} INFO - Setting next_dagrun for first_with_python_v4 to 2025-02-28 00:00:00+00:00, run_after=2025-03-01 00:00:00+00:00
[2025-04-28T20:55:13.602+0000] {processor.py:208} INFO - Processing /opt/airflow/dags/dag_with_python_operator.py took 0.086 seconds
[2025-04-28T20:55:44.000+0000] {processor.py:186} INFO - Started process (PID=44876) to work on /opt/airflow/dags/dag_with_python_operator.py
[2025-04-28T20:55:44.002+0000] {processor.py:914} INFO - Processing file /opt/airflow/dags/dag_with_python_operator.py for tasks to queue
[2025-04-28T20:55:44.008+0000] {logging_mixin.py:190} INFO - [2025-04-28T20:55:44.007+0000] {dagbag.py:588} INFO - Filling up the DagBag from /opt/airflow/dags/dag_with_python_operator.py
[2025-04-28T20:55:44.032+0000] {processor.py:925} INFO - DAG(s) 'first_with_python_v4' retrieved from /opt/airflow/dags/dag_with_python_operator.py
[2025-04-28T20:55:44.065+0000] {logging_mixin.py:190} INFO - [2025-04-28T20:55:44.064+0000] {dag.py:3239} INFO - Sync 1 DAGs
[2025-04-28T20:55:44.113+0000] {logging_mixin.py:190} INFO - [2025-04-28T20:55:44.112+0000] {dag.py:4180} INFO - Setting next_dagrun for first_with_python_v4 to 2025-02-28 00:00:00+00:00, run_after=2025-03-01 00:00:00+00:00
[2025-04-28T20:55:44.147+0000] {processor.py:208} INFO - Processing /opt/airflow/dags/dag_with_python_operator.py took 0.155 seconds
[2025-04-28T20:56:14.750+0000] {processor.py:186} INFO - Started process (PID=44897) to work on /opt/airflow/dags/dag_with_python_operator.py
[2025-04-28T20:56:14.753+0000] {processor.py:914} INFO - Processing file /opt/airflow/dags/dag_with_python_operator.py for tasks to queue
[2025-04-28T20:56:14.758+0000] {logging_mixin.py:190} INFO - [2025-04-28T20:56:14.757+0000] {dagbag.py:588} INFO - Filling up the DagBag from /opt/airflow/dags/dag_with_python_operator.py
[2025-04-28T20:56:14.788+0000] {processor.py:925} INFO - DAG(s) 'first_with_python_v4' retrieved from /opt/airflow/dags/dag_with_python_operator.py
[2025-04-28T20:56:14.822+0000] {logging_mixin.py:190} INFO - [2025-04-28T20:56:14.822+0000] {dag.py:3239} INFO - Sync 1 DAGs
[2025-04-28T20:56:14.861+0000] {logging_mixin.py:190} INFO - [2025-04-28T20:56:14.860+0000] {dag.py:4180} INFO - Setting next_dagrun for first_with_python_v4 to 2025-02-28 00:00:00+00:00, run_after=2025-03-01 00:00:00+00:00
[2025-04-28T20:56:14.889+0000] {processor.py:208} INFO - Processing /opt/airflow/dags/dag_with_python_operator.py took 0.147 seconds
[2025-04-28T20:56:45.236+0000] {processor.py:186} INFO - Started process (PID=44918) to work on /opt/airflow/dags/dag_with_python_operator.py
[2025-04-28T20:56:45.240+0000] {processor.py:914} INFO - Processing file /opt/airflow/dags/dag_with_python_operator.py for tasks to queue
[2025-04-28T20:56:45.245+0000] {logging_mixin.py:190} INFO - [2025-04-28T20:56:45.244+0000] {dagbag.py:588} INFO - Filling up the DagBag from /opt/airflow/dags/dag_with_python_operator.py
[2025-04-28T20:56:45.274+0000] {processor.py:925} INFO - DAG(s) 'first_with_python_v4' retrieved from /opt/airflow/dags/dag_with_python_operator.py
[2025-04-28T20:56:45.319+0000] {logging_mixin.py:190} INFO - [2025-04-28T20:56:45.318+0000] {dag.py:3239} INFO - Sync 1 DAGs
[2025-04-28T20:56:45.362+0000] {logging_mixin.py:190} INFO - [2025-04-28T20:56:45.361+0000] {dag.py:4180} INFO - Setting next_dagrun for first_with_python_v4 to 2025-02-28 00:00:00+00:00, run_after=2025-03-01 00:00:00+00:00
[2025-04-28T20:56:45.392+0000] {processor.py:208} INFO - Processing /opt/airflow/dags/dag_with_python_operator.py took 0.166 seconds
[2025-04-28T20:57:15.875+0000] {processor.py:186} INFO - Started process (PID=44939) to work on /opt/airflow/dags/dag_with_python_operator.py
[2025-04-28T20:57:15.876+0000] {processor.py:914} INFO - Processing file /opt/airflow/dags/dag_with_python_operator.py for tasks to queue
[2025-04-28T20:57:15.880+0000] {logging_mixin.py:190} INFO - [2025-04-28T20:57:15.879+0000] {dagbag.py:588} INFO - Filling up the DagBag from /opt/airflow/dags/dag_with_python_operator.py
[2025-04-28T20:57:15.902+0000] {processor.py:925} INFO - DAG(s) 'first_with_python_v4' retrieved from /opt/airflow/dags/dag_with_python_operator.py
[2025-04-28T20:57:15.926+0000] {logging_mixin.py:190} INFO - [2025-04-28T20:57:15.926+0000] {dag.py:3239} INFO - Sync 1 DAGs
[2025-04-28T20:57:15.950+0000] {logging_mixin.py:190} INFO - [2025-04-28T20:57:15.950+0000] {dag.py:4180} INFO - Setting next_dagrun for first_with_python_v4 to 2025-02-28 00:00:00+00:00, run_after=2025-03-01 00:00:00+00:00
[2025-04-28T20:57:15.969+0000] {processor.py:208} INFO - Processing /opt/airflow/dags/dag_with_python_operator.py took 0.100 seconds
[2025-04-28T20:57:46.291+0000] {processor.py:186} INFO - Started process (PID=44960) to work on /opt/airflow/dags/dag_with_python_operator.py
[2025-04-28T20:57:46.293+0000] {processor.py:914} INFO - Processing file /opt/airflow/dags/dag_with_python_operator.py for tasks to queue
[2025-04-28T20:57:46.298+0000] {logging_mixin.py:190} INFO - [2025-04-28T20:57:46.297+0000] {dagbag.py:588} INFO - Filling up the DagBag from /opt/airflow/dags/dag_with_python_operator.py
[2025-04-28T20:57:46.328+0000] {processor.py:925} INFO - DAG(s) 'first_with_python_v4' retrieved from /opt/airflow/dags/dag_with_python_operator.py
[2025-04-28T20:57:46.360+0000] {logging_mixin.py:190} INFO - [2025-04-28T20:57:46.360+0000] {dag.py:3239} INFO - Sync 1 DAGs
[2025-04-28T20:57:46.390+0000] {logging_mixin.py:190} INFO - [2025-04-28T20:57:46.389+0000] {dag.py:4180} INFO - Setting next_dagrun for first_with_python_v4 to 2025-02-28 00:00:00+00:00, run_after=2025-03-01 00:00:00+00:00
[2025-04-28T20:57:46.424+0000] {processor.py:208} INFO - Processing /opt/airflow/dags/dag_with_python_operator.py took 0.142 seconds
[2025-04-28T20:58:16.812+0000] {processor.py:186} INFO - Started process (PID=44981) to work on /opt/airflow/dags/dag_with_python_operator.py
[2025-04-28T20:58:16.814+0000] {processor.py:914} INFO - Processing file /opt/airflow/dags/dag_with_python_operator.py for tasks to queue
[2025-04-28T20:58:16.816+0000] {logging_mixin.py:190} INFO - [2025-04-28T20:58:16.816+0000] {dagbag.py:588} INFO - Filling up the DagBag from /opt/airflow/dags/dag_with_python_operator.py
[2025-04-28T20:58:16.834+0000] {processor.py:925} INFO - DAG(s) 'first_with_python_v4' retrieved from /opt/airflow/dags/dag_with_python_operator.py
[2025-04-28T20:58:16.855+0000] {logging_mixin.py:190} INFO - [2025-04-28T20:58:16.855+0000] {dag.py:3239} INFO - Sync 1 DAGs
[2025-04-28T20:58:16.876+0000] {logging_mixin.py:190} INFO - [2025-04-28T20:58:16.876+0000] {dag.py:4180} INFO - Setting next_dagrun for first_with_python_v4 to 2025-02-28 00:00:00+00:00, run_after=2025-03-01 00:00:00+00:00
[2025-04-28T20:58:16.894+0000] {processor.py:208} INFO - Processing /opt/airflow/dags/dag_with_python_operator.py took 0.087 seconds
[2025-04-28T20:58:47.266+0000] {processor.py:186} INFO - Started process (PID=45002) to work on /opt/airflow/dags/dag_with_python_operator.py
[2025-04-28T20:58:47.269+0000] {processor.py:914} INFO - Processing file /opt/airflow/dags/dag_with_python_operator.py for tasks to queue
[2025-04-28T20:58:47.274+0000] {logging_mixin.py:190} INFO - [2025-04-28T20:58:47.274+0000] {dagbag.py:588} INFO - Filling up the DagBag from /opt/airflow/dags/dag_with_python_operator.py
[2025-04-28T20:58:47.303+0000] {processor.py:925} INFO - DAG(s) 'first_with_python_v4' retrieved from /opt/airflow/dags/dag_with_python_operator.py
[2025-04-28T20:58:47.337+0000] {logging_mixin.py:190} INFO - [2025-04-28T20:58:47.336+0000] {dag.py:3239} INFO - Sync 1 DAGs
[2025-04-28T20:58:47.379+0000] {logging_mixin.py:190} INFO - [2025-04-28T20:58:47.379+0000] {dag.py:4180} INFO - Setting next_dagrun for first_with_python_v4 to 2025-02-28 00:00:00+00:00, run_after=2025-03-01 00:00:00+00:00
[2025-04-28T20:58:47.412+0000] {processor.py:208} INFO - Processing /opt/airflow/dags/dag_with_python_operator.py took 0.157 seconds
[2025-04-28T20:59:18.048+0000] {processor.py:186} INFO - Started process (PID=45022) to work on /opt/airflow/dags/dag_with_python_operator.py
[2025-04-28T20:59:18.052+0000] {processor.py:914} INFO - Processing file /opt/airflow/dags/dag_with_python_operator.py for tasks to queue
[2025-04-28T20:59:18.058+0000] {logging_mixin.py:190} INFO - [2025-04-28T20:59:18.057+0000] {dagbag.py:588} INFO - Filling up the DagBag from /opt/airflow/dags/dag_with_python_operator.py
[2025-04-28T20:59:18.091+0000] {processor.py:925} INFO - DAG(s) 'first_with_python_v4' retrieved from /opt/airflow/dags/dag_with_python_operator.py
[2025-04-28T20:59:18.129+0000] {logging_mixin.py:190} INFO - [2025-04-28T20:59:18.128+0000] {dag.py:3239} INFO - Sync 1 DAGs
[2025-04-28T20:59:18.171+0000] {logging_mixin.py:190} INFO - [2025-04-28T20:59:18.170+0000] {dag.py:4180} INFO - Setting next_dagrun for first_with_python_v4 to 2025-02-28 00:00:00+00:00, run_after=2025-03-01 00:00:00+00:00
[2025-04-28T20:59:18.213+0000] {processor.py:208} INFO - Processing /opt/airflow/dags/dag_with_python_operator.py took 0.178 seconds
[2025-04-28T20:59:48.571+0000] {processor.py:186} INFO - Started process (PID=45043) to work on /opt/airflow/dags/dag_with_python_operator.py
[2025-04-28T20:59:48.574+0000] {processor.py:914} INFO - Processing file /opt/airflow/dags/dag_with_python_operator.py for tasks to queue
[2025-04-28T20:59:48.579+0000] {logging_mixin.py:190} INFO - [2025-04-28T20:59:48.578+0000] {dagbag.py:588} INFO - Filling up the DagBag from /opt/airflow/dags/dag_with_python_operator.py
[2025-04-28T20:59:48.611+0000] {processor.py:925} INFO - DAG(s) 'first_with_python_v4' retrieved from /opt/airflow/dags/dag_with_python_operator.py
[2025-04-28T20:59:48.643+0000] {logging_mixin.py:190} INFO - [2025-04-28T20:59:48.643+0000] {dag.py:3239} INFO - Sync 1 DAGs
[2025-04-28T20:59:48.675+0000] {logging_mixin.py:190} INFO - [2025-04-28T20:59:48.674+0000] {dag.py:4180} INFO - Setting next_dagrun for first_with_python_v4 to 2025-02-28 00:00:00+00:00, run_after=2025-03-01 00:00:00+00:00
[2025-04-28T20:59:48.702+0000] {processor.py:208} INFO - Processing /opt/airflow/dags/dag_with_python_operator.py took 0.138 seconds
[2025-04-28T21:00:19.067+0000] {processor.py:186} INFO - Started process (PID=45064) to work on /opt/airflow/dags/dag_with_python_operator.py
[2025-04-28T21:00:19.070+0000] {processor.py:914} INFO - Processing file /opt/airflow/dags/dag_with_python_operator.py for tasks to queue
[2025-04-28T21:00:19.078+0000] {logging_mixin.py:190} INFO - [2025-04-28T21:00:19.077+0000] {dagbag.py:588} INFO - Filling up the DagBag from /opt/airflow/dags/dag_with_python_operator.py
[2025-04-28T21:00:19.112+0000] {processor.py:925} INFO - DAG(s) 'first_with_python_v4' retrieved from /opt/airflow/dags/dag_with_python_operator.py
[2025-04-28T21:00:19.143+0000] {logging_mixin.py:190} INFO - [2025-04-28T21:00:19.143+0000] {dag.py:3239} INFO - Sync 1 DAGs
[2025-04-28T21:00:19.187+0000] {logging_mixin.py:190} INFO - [2025-04-28T21:00:19.187+0000] {dag.py:4180} INFO - Setting next_dagrun for first_with_python_v4 to 2025-02-28 00:00:00+00:00, run_after=2025-03-01 00:00:00+00:00
[2025-04-28T21:00:19.217+0000] {processor.py:208} INFO - Processing /opt/airflow/dags/dag_with_python_operator.py took 0.163 seconds
[2025-04-28T21:00:49.574+0000] {processor.py:186} INFO - Started process (PID=45085) to work on /opt/airflow/dags/dag_with_python_operator.py
[2025-04-28T21:00:49.578+0000] {processor.py:914} INFO - Processing file /opt/airflow/dags/dag_with_python_operator.py for tasks to queue
[2025-04-28T21:00:49.584+0000] {logging_mixin.py:190} INFO - [2025-04-28T21:00:49.583+0000] {dagbag.py:588} INFO - Filling up the DagBag from /opt/airflow/dags/dag_with_python_operator.py
[2025-04-28T21:00:49.616+0000] {processor.py:925} INFO - DAG(s) 'first_with_python_v4' retrieved from /opt/airflow/dags/dag_with_python_operator.py
[2025-04-28T21:00:49.652+0000] {logging_mixin.py:190} INFO - [2025-04-28T21:00:49.652+0000] {dag.py:3239} INFO - Sync 1 DAGs
[2025-04-28T21:00:49.687+0000] {logging_mixin.py:190} INFO - [2025-04-28T21:00:49.687+0000] {dag.py:4180} INFO - Setting next_dagrun for first_with_python_v4 to 2025-02-28 00:00:00+00:00, run_after=2025-03-01 00:00:00+00:00
[2025-04-28T21:00:49.715+0000] {processor.py:208} INFO - Processing /opt/airflow/dags/dag_with_python_operator.py took 0.150 seconds
[2025-04-28T21:01:20.063+0000] {processor.py:186} INFO - Started process (PID=45106) to work on /opt/airflow/dags/dag_with_python_operator.py
[2025-04-28T21:01:20.066+0000] {processor.py:914} INFO - Processing file /opt/airflow/dags/dag_with_python_operator.py for tasks to queue
[2025-04-28T21:01:20.070+0000] {logging_mixin.py:190} INFO - [2025-04-28T21:01:20.070+0000] {dagbag.py:588} INFO - Filling up the DagBag from /opt/airflow/dags/dag_with_python_operator.py
[2025-04-28T21:01:20.100+0000] {processor.py:925} INFO - DAG(s) 'first_with_python_v4' retrieved from /opt/airflow/dags/dag_with_python_operator.py
[2025-04-28T21:01:20.136+0000] {logging_mixin.py:190} INFO - [2025-04-28T21:01:20.135+0000] {dag.py:3239} INFO - Sync 1 DAGs
[2025-04-28T21:01:20.176+0000] {logging_mixin.py:190} INFO - [2025-04-28T21:01:20.175+0000] {dag.py:4180} INFO - Setting next_dagrun for first_with_python_v4 to 2025-02-28 00:00:00+00:00, run_after=2025-03-01 00:00:00+00:00
[2025-04-28T21:01:20.206+0000] {processor.py:208} INFO - Processing /opt/airflow/dags/dag_with_python_operator.py took 0.152 seconds
[2025-04-28T21:01:50.585+0000] {processor.py:186} INFO - Started process (PID=45127) to work on /opt/airflow/dags/dag_with_python_operator.py
[2025-04-28T21:01:50.587+0000] {processor.py:914} INFO - Processing file /opt/airflow/dags/dag_with_python_operator.py for tasks to queue
[2025-04-28T21:01:50.591+0000] {logging_mixin.py:190} INFO - [2025-04-28T21:01:50.591+0000] {dagbag.py:588} INFO - Filling up the DagBag from /opt/airflow/dags/dag_with_python_operator.py
[2025-04-28T21:01:50.617+0000] {processor.py:925} INFO - DAG(s) 'first_with_python_v4' retrieved from /opt/airflow/dags/dag_with_python_operator.py
[2025-04-28T21:01:50.649+0000] {logging_mixin.py:190} INFO - [2025-04-28T21:01:50.649+0000] {dag.py:3239} INFO - Sync 1 DAGs
[2025-04-28T21:01:50.681+0000] {logging_mixin.py:190} INFO - [2025-04-28T21:01:50.681+0000] {dag.py:4180} INFO - Setting next_dagrun for first_with_python_v4 to 2025-02-28 00:00:00+00:00, run_after=2025-03-01 00:00:00+00:00
[2025-04-28T21:01:50.707+0000] {processor.py:208} INFO - Processing /opt/airflow/dags/dag_with_python_operator.py took 0.131 seconds
[2025-04-28T21:02:21.097+0000] {processor.py:186} INFO - Started process (PID=45148) to work on /opt/airflow/dags/dag_with_python_operator.py
[2025-04-28T21:02:21.100+0000] {processor.py:914} INFO - Processing file /opt/airflow/dags/dag_with_python_operator.py for tasks to queue
[2025-04-28T21:02:21.105+0000] {logging_mixin.py:190} INFO - [2025-04-28T21:02:21.105+0000] {dagbag.py:588} INFO - Filling up the DagBag from /opt/airflow/dags/dag_with_python_operator.py
[2025-04-28T21:02:21.133+0000] {processor.py:925} INFO - DAG(s) 'first_with_python_v4' retrieved from /opt/airflow/dags/dag_with_python_operator.py
[2025-04-28T21:02:21.172+0000] {logging_mixin.py:190} INFO - [2025-04-28T21:02:21.171+0000] {dag.py:3239} INFO - Sync 1 DAGs
[2025-04-28T21:02:21.207+0000] {logging_mixin.py:190} INFO - [2025-04-28T21:02:21.207+0000] {dag.py:4180} INFO - Setting next_dagrun for first_with_python_v4 to 2025-02-28 00:00:00+00:00, run_after=2025-03-01 00:00:00+00:00
[2025-04-28T21:02:21.235+0000] {processor.py:208} INFO - Processing /opt/airflow/dags/dag_with_python_operator.py took 0.148 seconds
[2025-04-28T21:02:51.959+0000] {processor.py:186} INFO - Started process (PID=45169) to work on /opt/airflow/dags/dag_with_python_operator.py
[2025-04-28T21:02:51.963+0000] {processor.py:914} INFO - Processing file /opt/airflow/dags/dag_with_python_operator.py for tasks to queue
[2025-04-28T21:02:51.971+0000] {logging_mixin.py:190} INFO - [2025-04-28T21:02:51.970+0000] {dagbag.py:588} INFO - Filling up the DagBag from /opt/airflow/dags/dag_with_python_operator.py
[2025-04-28T21:02:52.001+0000] {processor.py:925} INFO - DAG(s) 'first_with_python_v4' retrieved from /opt/airflow/dags/dag_with_python_operator.py
[2025-04-28T21:02:52.039+0000] {logging_mixin.py:190} INFO - [2025-04-28T21:02:52.038+0000] {dag.py:3239} INFO - Sync 1 DAGs
[2025-04-28T21:02:52.410+0000] {logging_mixin.py:190} INFO - [2025-04-28T21:02:52.409+0000] {dag.py:4180} INFO - Setting next_dagrun for first_with_python_v4 to 2025-02-28 00:00:00+00:00, run_after=2025-03-01 00:00:00+00:00
[2025-04-28T21:02:52.458+0000] {processor.py:208} INFO - Processing /opt/airflow/dags/dag_with_python_operator.py took 0.510 seconds
[2025-04-28T21:03:24.089+0000] {processor.py:186} INFO - Started process (PID=212) to work on /opt/airflow/dags/dag_with_python_operator.py
[2025-04-28T21:03:24.093+0000] {processor.py:914} INFO - Processing file /opt/airflow/dags/dag_with_python_operator.py for tasks to queue
[2025-04-28T21:03:24.098+0000] {logging_mixin.py:190} INFO - [2025-04-28T21:03:24.097+0000] {dagbag.py:588} INFO - Filling up the DagBag from /opt/airflow/dags/dag_with_python_operator.py
[2025-04-28T21:03:24.157+0000] {processor.py:925} INFO - DAG(s) 'first_with_python_v4' retrieved from /opt/airflow/dags/dag_with_python_operator.py
[2025-04-28T21:03:24.190+0000] {logging_mixin.py:190} INFO - [2025-04-28T21:03:24.189+0000] {dag.py:3239} INFO - Sync 1 DAGs
[2025-04-28T21:03:24.222+0000] {logging_mixin.py:190} INFO - [2025-04-28T21:03:24.222+0000] {dag.py:4180} INFO - Setting next_dagrun for first_with_python_v4 to 2025-02-28 00:00:00+00:00, run_after=2025-03-01 00:00:00+00:00
[2025-04-28T21:03:24.249+0000] {processor.py:208} INFO - Processing /opt/airflow/dags/dag_with_python_operator.py took 0.166 seconds
[2025-04-28T21:03:54.587+0000] {processor.py:186} INFO - Started process (PID=233) to work on /opt/airflow/dags/dag_with_python_operator.py
[2025-04-28T21:03:54.589+0000] {processor.py:914} INFO - Processing file /opt/airflow/dags/dag_with_python_operator.py for tasks to queue
[2025-04-28T21:03:54.591+0000] {logging_mixin.py:190} INFO - [2025-04-28T21:03:54.591+0000] {dagbag.py:588} INFO - Filling up the DagBag from /opt/airflow/dags/dag_with_python_operator.py
[2025-04-28T21:03:54.614+0000] {processor.py:925} INFO - DAG(s) 'first_with_python_v4' retrieved from /opt/airflow/dags/dag_with_python_operator.py
[2025-04-28T21:03:54.638+0000] {logging_mixin.py:190} INFO - [2025-04-28T21:03:54.637+0000] {dag.py:3239} INFO - Sync 1 DAGs
[2025-04-28T21:03:54.662+0000] {logging_mixin.py:190} INFO - [2025-04-28T21:03:54.662+0000] {dag.py:4180} INFO - Setting next_dagrun for first_with_python_v4 to 2025-02-28 00:00:00+00:00, run_after=2025-03-01 00:00:00+00:00
[2025-04-28T21:03:54.688+0000] {processor.py:208} INFO - Processing /opt/airflow/dags/dag_with_python_operator.py took 0.107 seconds
[2025-04-28T21:04:25.102+0000] {processor.py:186} INFO - Started process (PID=254) to work on /opt/airflow/dags/dag_with_python_operator.py
[2025-04-28T21:04:25.104+0000] {processor.py:914} INFO - Processing file /opt/airflow/dags/dag_with_python_operator.py for tasks to queue
[2025-04-28T21:04:25.109+0000] {logging_mixin.py:190} INFO - [2025-04-28T21:04:25.108+0000] {dagbag.py:588} INFO - Filling up the DagBag from /opt/airflow/dags/dag_with_python_operator.py
[2025-04-28T21:04:25.137+0000] {processor.py:925} INFO - DAG(s) 'first_with_python_v4' retrieved from /opt/airflow/dags/dag_with_python_operator.py
[2025-04-28T21:04:25.174+0000] {logging_mixin.py:190} INFO - [2025-04-28T21:04:25.173+0000] {dag.py:3239} INFO - Sync 1 DAGs
[2025-04-28T21:04:25.203+0000] {logging_mixin.py:190} INFO - [2025-04-28T21:04:25.203+0000] {dag.py:4180} INFO - Setting next_dagrun for first_with_python_v4 to 2025-02-28 00:00:00+00:00, run_after=2025-03-01 00:00:00+00:00
[2025-04-28T21:04:25.230+0000] {processor.py:208} INFO - Processing /opt/airflow/dags/dag_with_python_operator.py took 0.135 seconds
[2025-04-28T21:04:55.686+0000] {processor.py:186} INFO - Started process (PID=275) to work on /opt/airflow/dags/dag_with_python_operator.py
[2025-04-28T21:04:55.689+0000] {processor.py:914} INFO - Processing file /opt/airflow/dags/dag_with_python_operator.py for tasks to queue
[2025-04-28T21:04:55.693+0000] {logging_mixin.py:190} INFO - [2025-04-28T21:04:55.692+0000] {dagbag.py:588} INFO - Filling up the DagBag from /opt/airflow/dags/dag_with_python_operator.py
[2025-04-28T21:04:55.720+0000] {processor.py:925} INFO - DAG(s) 'first_with_python_v4' retrieved from /opt/airflow/dags/dag_with_python_operator.py
[2025-04-28T21:04:55.756+0000] {logging_mixin.py:190} INFO - [2025-04-28T21:04:55.755+0000] {dag.py:3239} INFO - Sync 1 DAGs
[2025-04-28T21:04:55.788+0000] {logging_mixin.py:190} INFO - [2025-04-28T21:04:55.787+0000] {dag.py:4180} INFO - Setting next_dagrun for first_with_python_v4 to 2025-02-28 00:00:00+00:00, run_after=2025-03-01 00:00:00+00:00
[2025-04-28T21:04:55.814+0000] {processor.py:208} INFO - Processing /opt/airflow/dags/dag_with_python_operator.py took 0.138 seconds
[2025-04-28T21:05:26.113+0000] {processor.py:186} INFO - Started process (PID=296) to work on /opt/airflow/dags/dag_with_python_operator.py
[2025-04-28T21:05:26.115+0000] {processor.py:914} INFO - Processing file /opt/airflow/dags/dag_with_python_operator.py for tasks to queue
[2025-04-28T21:05:26.118+0000] {logging_mixin.py:190} INFO - [2025-04-28T21:05:26.118+0000] {dagbag.py:588} INFO - Filling up the DagBag from /opt/airflow/dags/dag_with_python_operator.py
[2025-04-28T21:05:26.140+0000] {processor.py:925} INFO - DAG(s) 'first_with_python_v4' retrieved from /opt/airflow/dags/dag_with_python_operator.py
[2025-04-28T21:05:26.162+0000] {logging_mixin.py:190} INFO - [2025-04-28T21:05:26.162+0000] {dag.py:3239} INFO - Sync 1 DAGs
[2025-04-28T21:05:26.183+0000] {logging_mixin.py:190} INFO - [2025-04-28T21:05:26.183+0000] {dag.py:4180} INFO - Setting next_dagrun for first_with_python_v4 to 2025-02-28 00:00:00+00:00, run_after=2025-03-01 00:00:00+00:00
[2025-04-28T21:05:26.203+0000] {processor.py:208} INFO - Processing /opt/airflow/dags/dag_with_python_operator.py took 0.095 seconds
[2025-04-28T21:05:56.666+0000] {processor.py:186} INFO - Started process (PID=317) to work on /opt/airflow/dags/dag_with_python_operator.py
[2025-04-28T21:05:56.669+0000] {processor.py:914} INFO - Processing file /opt/airflow/dags/dag_with_python_operator.py for tasks to queue
[2025-04-28T21:05:56.673+0000] {logging_mixin.py:190} INFO - [2025-04-28T21:05:56.673+0000] {dagbag.py:588} INFO - Filling up the DagBag from /opt/airflow/dags/dag_with_python_operator.py
[2025-04-28T21:05:56.698+0000] {processor.py:925} INFO - DAG(s) 'first_with_python_v4' retrieved from /opt/airflow/dags/dag_with_python_operator.py
[2025-04-28T21:05:56.736+0000] {logging_mixin.py:190} INFO - [2025-04-28T21:05:56.735+0000] {dag.py:3239} INFO - Sync 1 DAGs
[2025-04-28T21:05:56.772+0000] {logging_mixin.py:190} INFO - [2025-04-28T21:05:56.771+0000] {dag.py:4180} INFO - Setting next_dagrun for first_with_python_v4 to 2025-02-28 00:00:00+00:00, run_after=2025-03-01 00:00:00+00:00
[2025-04-28T21:05:56.799+0000] {processor.py:208} INFO - Processing /opt/airflow/dags/dag_with_python_operator.py took 0.141 seconds
[2025-04-28T21:06:27.200+0000] {processor.py:186} INFO - Started process (PID=338) to work on /opt/airflow/dags/dag_with_python_operator.py
[2025-04-28T21:06:27.203+0000] {processor.py:914} INFO - Processing file /opt/airflow/dags/dag_with_python_operator.py for tasks to queue
[2025-04-28T21:06:27.208+0000] {logging_mixin.py:190} INFO - [2025-04-28T21:06:27.207+0000] {dagbag.py:588} INFO - Filling up the DagBag from /opt/airflow/dags/dag_with_python_operator.py
[2025-04-28T21:06:27.238+0000] {processor.py:925} INFO - DAG(s) 'first_with_python_v4' retrieved from /opt/airflow/dags/dag_with_python_operator.py
[2025-04-28T21:06:27.278+0000] {logging_mixin.py:190} INFO - [2025-04-28T21:06:27.277+0000] {dag.py:3239} INFO - Sync 1 DAGs
[2025-04-28T21:06:27.320+0000] {logging_mixin.py:190} INFO - [2025-04-28T21:06:27.319+0000] {dag.py:4180} INFO - Setting next_dagrun for first_with_python_v4 to 2025-02-28 00:00:00+00:00, run_after=2025-03-01 00:00:00+00:00
[2025-04-28T21:06:27.351+0000] {processor.py:208} INFO - Processing /opt/airflow/dags/dag_with_python_operator.py took 0.161 seconds
[2025-04-28T21:06:57.655+0000] {processor.py:186} INFO - Started process (PID=359) to work on /opt/airflow/dags/dag_with_python_operator.py
[2025-04-28T21:06:57.657+0000] {processor.py:914} INFO - Processing file /opt/airflow/dags/dag_with_python_operator.py for tasks to queue
[2025-04-28T21:06:57.660+0000] {logging_mixin.py:190} INFO - [2025-04-28T21:06:57.660+0000] {dagbag.py:588} INFO - Filling up the DagBag from /opt/airflow/dags/dag_with_python_operator.py
[2025-04-28T21:06:57.679+0000] {processor.py:925} INFO - DAG(s) 'first_with_python_v4' retrieved from /opt/airflow/dags/dag_with_python_operator.py
[2025-04-28T21:06:57.701+0000] {logging_mixin.py:190} INFO - [2025-04-28T21:06:57.700+0000] {dag.py:3239} INFO - Sync 1 DAGs
[2025-04-28T21:06:57.722+0000] {logging_mixin.py:190} INFO - [2025-04-28T21:06:57.721+0000] {dag.py:4180} INFO - Setting next_dagrun for first_with_python_v4 to 2025-02-28 00:00:00+00:00, run_after=2025-03-01 00:00:00+00:00
[2025-04-28T21:06:57.740+0000] {processor.py:208} INFO - Processing /opt/airflow/dags/dag_with_python_operator.py took 0.089 seconds
[2025-04-28T21:07:28.188+0000] {processor.py:186} INFO - Started process (PID=380) to work on /opt/airflow/dags/dag_with_python_operator.py
[2025-04-28T21:07:28.192+0000] {processor.py:914} INFO - Processing file /opt/airflow/dags/dag_with_python_operator.py for tasks to queue
[2025-04-28T21:07:28.198+0000] {logging_mixin.py:190} INFO - [2025-04-28T21:07:28.197+0000] {dagbag.py:588} INFO - Filling up the DagBag from /opt/airflow/dags/dag_with_python_operator.py
[2025-04-28T21:07:28.231+0000] {processor.py:925} INFO - DAG(s) 'first_with_python_v4' retrieved from /opt/airflow/dags/dag_with_python_operator.py
[2025-04-28T21:07:28.266+0000] {logging_mixin.py:190} INFO - [2025-04-28T21:07:28.266+0000] {dag.py:3239} INFO - Sync 1 DAGs
[2025-04-28T21:07:28.304+0000] {logging_mixin.py:190} INFO - [2025-04-28T21:07:28.303+0000] {dag.py:4180} INFO - Setting next_dagrun for first_with_python_v4 to 2025-02-28 00:00:00+00:00, run_after=2025-03-01 00:00:00+00:00
[2025-04-28T21:07:28.342+0000] {processor.py:208} INFO - Processing /opt/airflow/dags/dag_with_python_operator.py took 0.163 seconds
[2025-04-28T21:07:58.777+0000] {processor.py:186} INFO - Started process (PID=401) to work on /opt/airflow/dags/dag_with_python_operator.py
[2025-04-28T21:07:58.780+0000] {processor.py:914} INFO - Processing file /opt/airflow/dags/dag_with_python_operator.py for tasks to queue
[2025-04-28T21:07:58.784+0000] {logging_mixin.py:190} INFO - [2025-04-28T21:07:58.783+0000] {dagbag.py:588} INFO - Filling up the DagBag from /opt/airflow/dags/dag_with_python_operator.py
[2025-04-28T21:07:58.814+0000] {processor.py:925} INFO - DAG(s) 'first_with_python_v4' retrieved from /opt/airflow/dags/dag_with_python_operator.py
[2025-04-28T21:07:58.855+0000] {logging_mixin.py:190} INFO - [2025-04-28T21:07:58.854+0000] {dag.py:3239} INFO - Sync 1 DAGs
[2025-04-28T21:07:58.891+0000] {logging_mixin.py:190} INFO - [2025-04-28T21:07:58.891+0000] {dag.py:4180} INFO - Setting next_dagrun for first_with_python_v4 to 2025-02-28 00:00:00+00:00, run_after=2025-03-01 00:00:00+00:00
[2025-04-28T21:07:58.920+0000] {processor.py:208} INFO - Processing /opt/airflow/dags/dag_with_python_operator.py took 0.153 seconds
[2025-04-28T21:08:29.307+0000] {processor.py:186} INFO - Started process (PID=421) to work on /opt/airflow/dags/dag_with_python_operator.py
[2025-04-28T21:08:29.311+0000] {processor.py:914} INFO - Processing file /opt/airflow/dags/dag_with_python_operator.py for tasks to queue
[2025-04-28T21:08:29.317+0000] {logging_mixin.py:190} INFO - [2025-04-28T21:08:29.316+0000] {dagbag.py:588} INFO - Filling up the DagBag from /opt/airflow/dags/dag_with_python_operator.py
[2025-04-28T21:08:29.347+0000] {processor.py:925} INFO - DAG(s) 'first_with_python_v4' retrieved from /opt/airflow/dags/dag_with_python_operator.py
[2025-04-28T21:08:29.386+0000] {logging_mixin.py:190} INFO - [2025-04-28T21:08:29.384+0000] {dag.py:3239} INFO - Sync 1 DAGs
[2025-04-28T21:08:29.429+0000] {logging_mixin.py:190} INFO - [2025-04-28T21:08:29.429+0000] {dag.py:4180} INFO - Setting next_dagrun for first_with_python_v4 to 2025-02-28 00:00:00+00:00, run_after=2025-03-01 00:00:00+00:00
[2025-04-28T21:08:29.463+0000] {processor.py:208} INFO - Processing /opt/airflow/dags/dag_with_python_operator.py took 0.165 seconds
[2025-04-28T21:08:59.803+0000] {processor.py:186} INFO - Started process (PID=442) to work on /opt/airflow/dags/dag_with_python_operator.py
[2025-04-28T21:08:59.804+0000] {processor.py:914} INFO - Processing file /opt/airflow/dags/dag_with_python_operator.py for tasks to queue
[2025-04-28T21:08:59.808+0000] {logging_mixin.py:190} INFO - [2025-04-28T21:08:59.807+0000] {dagbag.py:588} INFO - Filling up the DagBag from /opt/airflow/dags/dag_with_python_operator.py
[2025-04-28T21:08:59.829+0000] {processor.py:925} INFO - DAG(s) 'first_with_python_v4' retrieved from /opt/airflow/dags/dag_with_python_operator.py
[2025-04-28T21:08:59.852+0000] {logging_mixin.py:190} INFO - [2025-04-28T21:08:59.852+0000] {dag.py:3239} INFO - Sync 1 DAGs
[2025-04-28T21:08:59.887+0000] {logging_mixin.py:190} INFO - [2025-04-28T21:08:59.887+0000] {dag.py:4180} INFO - Setting next_dagrun for first_with_python_v4 to 2025-02-28 00:00:00+00:00, run_after=2025-03-01 00:00:00+00:00
[2025-04-28T21:08:59.911+0000] {processor.py:208} INFO - Processing /opt/airflow/dags/dag_with_python_operator.py took 0.113 seconds
[2025-04-28T21:09:30.282+0000] {processor.py:186} INFO - Started process (PID=463) to work on /opt/airflow/dags/dag_with_python_operator.py
[2025-04-28T21:09:30.285+0000] {processor.py:914} INFO - Processing file /opt/airflow/dags/dag_with_python_operator.py for tasks to queue
[2025-04-28T21:09:30.290+0000] {logging_mixin.py:190} INFO - [2025-04-28T21:09:30.290+0000] {dagbag.py:588} INFO - Filling up the DagBag from /opt/airflow/dags/dag_with_python_operator.py
[2025-04-28T21:09:30.320+0000] {processor.py:925} INFO - DAG(s) 'first_with_python_v4' retrieved from /opt/airflow/dags/dag_with_python_operator.py
[2025-04-28T21:09:30.363+0000] {logging_mixin.py:190} INFO - [2025-04-28T21:09:30.362+0000] {dag.py:3239} INFO - Sync 1 DAGs
[2025-04-28T21:09:30.398+0000] {logging_mixin.py:190} INFO - [2025-04-28T21:09:30.397+0000] {dag.py:4180} INFO - Setting next_dagrun for first_with_python_v4 to 2025-02-28 00:00:00+00:00, run_after=2025-03-01 00:00:00+00:00
[2025-04-28T21:09:30.427+0000] {processor.py:208} INFO - Processing /opt/airflow/dags/dag_with_python_operator.py took 0.153 seconds
[2025-04-28T21:10:00.753+0000] {processor.py:186} INFO - Started process (PID=484) to work on /opt/airflow/dags/dag_with_python_operator.py
[2025-04-28T21:10:00.755+0000] {processor.py:914} INFO - Processing file /opt/airflow/dags/dag_with_python_operator.py for tasks to queue
[2025-04-28T21:10:00.759+0000] {logging_mixin.py:190} INFO - [2025-04-28T21:10:00.758+0000] {dagbag.py:588} INFO - Filling up the DagBag from /opt/airflow/dags/dag_with_python_operator.py
[2025-04-28T21:10:00.777+0000] {processor.py:925} INFO - DAG(s) 'first_with_python_v4' retrieved from /opt/airflow/dags/dag_with_python_operator.py
[2025-04-28T21:10:00.803+0000] {logging_mixin.py:190} INFO - [2025-04-28T21:10:00.803+0000] {dag.py:3239} INFO - Sync 1 DAGs
[2025-04-28T21:10:00.826+0000] {logging_mixin.py:190} INFO - [2025-04-28T21:10:00.826+0000] {dag.py:4180} INFO - Setting next_dagrun for first_with_python_v4 to 2025-02-28 00:00:00+00:00, run_after=2025-03-01 00:00:00+00:00
[2025-04-28T21:10:00.842+0000] {processor.py:208} INFO - Processing /opt/airflow/dags/dag_with_python_operator.py took 0.095 seconds
[2025-04-28T21:10:31.159+0000] {processor.py:186} INFO - Started process (PID=505) to work on /opt/airflow/dags/dag_with_python_operator.py
[2025-04-28T21:10:31.161+0000] {processor.py:914} INFO - Processing file /opt/airflow/dags/dag_with_python_operator.py for tasks to queue
[2025-04-28T21:10:31.165+0000] {logging_mixin.py:190} INFO - [2025-04-28T21:10:31.165+0000] {dagbag.py:588} INFO - Filling up the DagBag from /opt/airflow/dags/dag_with_python_operator.py
[2025-04-28T21:10:31.186+0000] {processor.py:925} INFO - DAG(s) 'first_with_python_v4' retrieved from /opt/airflow/dags/dag_with_python_operator.py
[2025-04-28T21:10:31.213+0000] {logging_mixin.py:190} INFO - [2025-04-28T21:10:31.213+0000] {dag.py:3239} INFO - Sync 1 DAGs
[2025-04-28T21:10:31.257+0000] {logging_mixin.py:190} INFO - [2025-04-28T21:10:31.256+0000] {dag.py:4180} INFO - Setting next_dagrun for first_with_python_v4 to 2025-02-28 00:00:00+00:00, run_after=2025-03-01 00:00:00+00:00
[2025-04-28T21:10:31.282+0000] {processor.py:208} INFO - Processing /opt/airflow/dags/dag_with_python_operator.py took 0.128 seconds
[2025-04-28T21:11:01.702+0000] {processor.py:186} INFO - Started process (PID=526) to work on /opt/airflow/dags/dag_with_python_operator.py
[2025-04-28T21:11:01.705+0000] {processor.py:914} INFO - Processing file /opt/airflow/dags/dag_with_python_operator.py for tasks to queue
[2025-04-28T21:11:01.711+0000] {logging_mixin.py:190} INFO - [2025-04-28T21:11:01.710+0000] {dagbag.py:588} INFO - Filling up the DagBag from /opt/airflow/dags/dag_with_python_operator.py
[2025-04-28T21:11:01.741+0000] {processor.py:925} INFO - DAG(s) 'first_with_python_v4' retrieved from /opt/airflow/dags/dag_with_python_operator.py
[2025-04-28T21:11:01.787+0000] {logging_mixin.py:190} INFO - [2025-04-28T21:11:01.786+0000] {dag.py:3239} INFO - Sync 1 DAGs
[2025-04-28T21:11:01.820+0000] {logging_mixin.py:190} INFO - [2025-04-28T21:11:01.820+0000] {dag.py:4180} INFO - Setting next_dagrun for first_with_python_v4 to 2025-02-28 00:00:00+00:00, run_after=2025-03-01 00:00:00+00:00
[2025-04-28T21:11:01.851+0000] {processor.py:208} INFO - Processing /opt/airflow/dags/dag_with_python_operator.py took 0.161 seconds
[2025-04-28T21:11:32.236+0000] {processor.py:186} INFO - Started process (PID=547) to work on /opt/airflow/dags/dag_with_python_operator.py
[2025-04-28T21:11:32.240+0000] {processor.py:914} INFO - Processing file /opt/airflow/dags/dag_with_python_operator.py for tasks to queue
[2025-04-28T21:11:32.245+0000] {logging_mixin.py:190} INFO - [2025-04-28T21:11:32.244+0000] {dagbag.py:588} INFO - Filling up the DagBag from /opt/airflow/dags/dag_with_python_operator.py
[2025-04-28T21:11:32.280+0000] {processor.py:925} INFO - DAG(s) 'first_with_python_v4' retrieved from /opt/airflow/dags/dag_with_python_operator.py
[2025-04-28T21:11:32.317+0000] {logging_mixin.py:190} INFO - [2025-04-28T21:11:32.317+0000] {dag.py:3239} INFO - Sync 1 DAGs
[2025-04-28T21:11:32.369+0000] {logging_mixin.py:190} INFO - [2025-04-28T21:11:32.368+0000] {dag.py:4180} INFO - Setting next_dagrun for first_with_python_v4 to 2025-02-28 00:00:00+00:00, run_after=2025-03-01 00:00:00+00:00
[2025-04-28T21:11:32.404+0000] {processor.py:208} INFO - Processing /opt/airflow/dags/dag_with_python_operator.py took 0.178 seconds
[2025-04-28T21:12:02.795+0000] {processor.py:186} INFO - Started process (PID=568) to work on /opt/airflow/dags/dag_with_python_operator.py
[2025-04-28T21:12:02.798+0000] {processor.py:914} INFO - Processing file /opt/airflow/dags/dag_with_python_operator.py for tasks to queue
[2025-04-28T21:12:02.803+0000] {logging_mixin.py:190} INFO - [2025-04-28T21:12:02.803+0000] {dagbag.py:588} INFO - Filling up the DagBag from /opt/airflow/dags/dag_with_python_operator.py
[2025-04-28T21:12:02.836+0000] {processor.py:925} INFO - DAG(s) 'first_with_python_v4' retrieved from /opt/airflow/dags/dag_with_python_operator.py
[2025-04-28T21:12:02.873+0000] {logging_mixin.py:190} INFO - [2025-04-28T21:12:02.872+0000] {dag.py:3239} INFO - Sync 1 DAGs
[2025-04-28T21:12:02.911+0000] {logging_mixin.py:190} INFO - [2025-04-28T21:12:02.910+0000] {dag.py:4180} INFO - Setting next_dagrun for first_with_python_v4 to 2025-02-28 00:00:00+00:00, run_after=2025-03-01 00:00:00+00:00
[2025-04-28T21:12:02.943+0000] {processor.py:208} INFO - Processing /opt/airflow/dags/dag_with_python_operator.py took 0.156 seconds
[2025-04-28T21:12:33.202+0000] {processor.py:186} INFO - Started process (PID=589) to work on /opt/airflow/dags/dag_with_python_operator.py
[2025-04-28T21:12:33.204+0000] {processor.py:914} INFO - Processing file /opt/airflow/dags/dag_with_python_operator.py for tasks to queue
[2025-04-28T21:12:33.207+0000] {logging_mixin.py:190} INFO - [2025-04-28T21:12:33.207+0000] {dagbag.py:588} INFO - Filling up the DagBag from /opt/airflow/dags/dag_with_python_operator.py
[2025-04-28T21:12:33.227+0000] {processor.py:925} INFO - DAG(s) 'first_with_python_v4' retrieved from /opt/airflow/dags/dag_with_python_operator.py
[2025-04-28T21:12:33.259+0000] {logging_mixin.py:190} INFO - [2025-04-28T21:12:33.259+0000] {dag.py:3239} INFO - Sync 1 DAGs
[2025-04-28T21:12:33.294+0000] {logging_mixin.py:190} INFO - [2025-04-28T21:12:33.294+0000] {dag.py:4180} INFO - Setting next_dagrun for first_with_python_v4 to 2025-02-28 00:00:00+00:00, run_after=2025-03-01 00:00:00+00:00
[2025-04-28T21:12:33.342+0000] {processor.py:208} INFO - Processing /opt/airflow/dags/dag_with_python_operator.py took 0.144 seconds
[2025-04-28T21:13:03.646+0000] {processor.py:186} INFO - Started process (PID=610) to work on /opt/airflow/dags/dag_with_python_operator.py
[2025-04-28T21:13:03.648+0000] {processor.py:914} INFO - Processing file /opt/airflow/dags/dag_with_python_operator.py for tasks to queue
[2025-04-28T21:13:03.651+0000] {logging_mixin.py:190} INFO - [2025-04-28T21:13:03.651+0000] {dagbag.py:588} INFO - Filling up the DagBag from /opt/airflow/dags/dag_with_python_operator.py
[2025-04-28T21:13:03.670+0000] {processor.py:925} INFO - DAG(s) 'first_with_python_v4' retrieved from /opt/airflow/dags/dag_with_python_operator.py
[2025-04-28T21:13:03.691+0000] {logging_mixin.py:190} INFO - [2025-04-28T21:13:03.691+0000] {dag.py:3239} INFO - Sync 1 DAGs
[2025-04-28T21:13:03.712+0000] {logging_mixin.py:190} INFO - [2025-04-28T21:13:03.711+0000] {dag.py:4180} INFO - Setting next_dagrun for first_with_python_v4 to 2025-02-28 00:00:00+00:00, run_after=2025-03-01 00:00:00+00:00
[2025-04-28T21:13:03.732+0000] {processor.py:208} INFO - Processing /opt/airflow/dags/dag_with_python_operator.py took 0.092 seconds
[2025-04-28T21:13:34.172+0000] {processor.py:186} INFO - Started process (PID=631) to work on /opt/airflow/dags/dag_with_python_operator.py
[2025-04-28T21:13:34.174+0000] {processor.py:914} INFO - Processing file /opt/airflow/dags/dag_with_python_operator.py for tasks to queue
[2025-04-28T21:13:34.177+0000] {logging_mixin.py:190} INFO - [2025-04-28T21:13:34.177+0000] {dagbag.py:588} INFO - Filling up the DagBag from /opt/airflow/dags/dag_with_python_operator.py
[2025-04-28T21:13:34.194+0000] {processor.py:925} INFO - DAG(s) 'first_with_python_v4' retrieved from /opt/airflow/dags/dag_with_python_operator.py
[2025-04-28T21:13:34.215+0000] {logging_mixin.py:190} INFO - [2025-04-28T21:13:34.215+0000] {dag.py:3239} INFO - Sync 1 DAGs
[2025-04-28T21:13:34.239+0000] {logging_mixin.py:190} INFO - [2025-04-28T21:13:34.238+0000] {dag.py:4180} INFO - Setting next_dagrun for first_with_python_v4 to 2025-02-28 00:00:00+00:00, run_after=2025-03-01 00:00:00+00:00
[2025-04-28T21:13:34.253+0000] {processor.py:208} INFO - Processing /opt/airflow/dags/dag_with_python_operator.py took 0.087 seconds
[2025-04-28T21:14:04.694+0000] {processor.py:186} INFO - Started process (PID=652) to work on /opt/airflow/dags/dag_with_python_operator.py
[2025-04-28T21:14:04.697+0000] {processor.py:914} INFO - Processing file /opt/airflow/dags/dag_with_python_operator.py for tasks to queue
[2025-04-28T21:14:04.704+0000] {logging_mixin.py:190} INFO - [2025-04-28T21:14:04.704+0000] {dagbag.py:588} INFO - Filling up the DagBag from /opt/airflow/dags/dag_with_python_operator.py
[2025-04-28T21:14:04.737+0000] {processor.py:925} INFO - DAG(s) 'first_with_python_v4' retrieved from /opt/airflow/dags/dag_with_python_operator.py
[2025-04-28T21:14:04.780+0000] {logging_mixin.py:190} INFO - [2025-04-28T21:14:04.779+0000] {dag.py:3239} INFO - Sync 1 DAGs
[2025-04-28T21:14:04.813+0000] {logging_mixin.py:190} INFO - [2025-04-28T21:14:04.812+0000] {dag.py:4180} INFO - Setting next_dagrun for first_with_python_v4 to 2025-02-28 00:00:00+00:00, run_after=2025-03-01 00:00:00+00:00
[2025-04-28T21:14:04.847+0000] {processor.py:208} INFO - Processing /opt/airflow/dags/dag_with_python_operator.py took 0.162 seconds
[2025-04-28T21:14:35.177+0000] {processor.py:186} INFO - Started process (PID=673) to work on /opt/airflow/dags/dag_with_python_operator.py
[2025-04-28T21:14:35.179+0000] {processor.py:914} INFO - Processing file /opt/airflow/dags/dag_with_python_operator.py for tasks to queue
[2025-04-28T21:14:35.182+0000] {logging_mixin.py:190} INFO - [2025-04-28T21:14:35.182+0000] {dagbag.py:588} INFO - Filling up the DagBag from /opt/airflow/dags/dag_with_python_operator.py
[2025-04-28T21:14:35.199+0000] {processor.py:925} INFO - DAG(s) 'first_with_python_v4' retrieved from /opt/airflow/dags/dag_with_python_operator.py
[2025-04-28T21:14:35.222+0000] {logging_mixin.py:190} INFO - [2025-04-28T21:14:35.222+0000] {dag.py:3239} INFO - Sync 1 DAGs
[2025-04-28T21:14:35.242+0000] {logging_mixin.py:190} INFO - [2025-04-28T21:14:35.242+0000] {dag.py:4180} INFO - Setting next_dagrun for first_with_python_v4 to 2025-02-28 00:00:00+00:00, run_after=2025-03-01 00:00:00+00:00
[2025-04-28T21:14:35.262+0000] {processor.py:208} INFO - Processing /opt/airflow/dags/dag_with_python_operator.py took 0.090 seconds
[2025-04-28T21:15:05.626+0000] {processor.py:186} INFO - Started process (PID=694) to work on /opt/airflow/dags/dag_with_python_operator.py
[2025-04-28T21:15:05.627+0000] {processor.py:914} INFO - Processing file /opt/airflow/dags/dag_with_python_operator.py for tasks to queue
[2025-04-28T21:15:05.631+0000] {logging_mixin.py:190} INFO - [2025-04-28T21:15:05.630+0000] {dagbag.py:588} INFO - Filling up the DagBag from /opt/airflow/dags/dag_with_python_operator.py
[2025-04-28T21:15:05.649+0000] {processor.py:925} INFO - DAG(s) 'first_with_python_v4' retrieved from /opt/airflow/dags/dag_with_python_operator.py
[2025-04-28T21:15:05.671+0000] {logging_mixin.py:190} INFO - [2025-04-28T21:15:05.671+0000] {dag.py:3239} INFO - Sync 1 DAGs
[2025-04-28T21:15:05.691+0000] {logging_mixin.py:190} INFO - [2025-04-28T21:15:05.690+0000] {dag.py:4180} INFO - Setting next_dagrun for first_with_python_v4 to 2025-02-28 00:00:00+00:00, run_after=2025-03-01 00:00:00+00:00
[2025-04-28T21:15:05.708+0000] {processor.py:208} INFO - Processing /opt/airflow/dags/dag_with_python_operator.py took 0.088 seconds
[2025-04-28T21:15:36.153+0000] {processor.py:186} INFO - Started process (PID=715) to work on /opt/airflow/dags/dag_with_python_operator.py
[2025-04-28T21:15:36.156+0000] {processor.py:914} INFO - Processing file /opt/airflow/dags/dag_with_python_operator.py for tasks to queue
[2025-04-28T21:15:36.160+0000] {logging_mixin.py:190} INFO - [2025-04-28T21:15:36.160+0000] {dagbag.py:588} INFO - Filling up the DagBag from /opt/airflow/dags/dag_with_python_operator.py
[2025-04-28T21:15:36.189+0000] {processor.py:925} INFO - DAG(s) 'first_with_python_v4' retrieved from /opt/airflow/dags/dag_with_python_operator.py
[2025-04-28T21:15:36.227+0000] {logging_mixin.py:190} INFO - [2025-04-28T21:15:36.226+0000] {dag.py:3239} INFO - Sync 1 DAGs
[2025-04-28T21:15:36.263+0000] {logging_mixin.py:190} INFO - [2025-04-28T21:15:36.263+0000] {dag.py:4180} INFO - Setting next_dagrun for first_with_python_v4 to 2025-02-28 00:00:00+00:00, run_after=2025-03-01 00:00:00+00:00
[2025-04-28T21:15:36.288+0000] {processor.py:208} INFO - Processing /opt/airflow/dags/dag_with_python_operator.py took 0.143 seconds
[2025-04-28T21:16:06.702+0000] {processor.py:186} INFO - Started process (PID=736) to work on /opt/airflow/dags/dag_with_python_operator.py
[2025-04-28T21:16:06.705+0000] {processor.py:914} INFO - Processing file /opt/airflow/dags/dag_with_python_operator.py for tasks to queue
[2025-04-28T21:16:06.711+0000] {logging_mixin.py:190} INFO - [2025-04-28T21:16:06.710+0000] {dagbag.py:588} INFO - Filling up the DagBag from /opt/airflow/dags/dag_with_python_operator.py
[2025-04-28T21:16:06.742+0000] {processor.py:925} INFO - DAG(s) 'first_with_python_v4' retrieved from /opt/airflow/dags/dag_with_python_operator.py
[2025-04-28T21:16:06.783+0000] {logging_mixin.py:190} INFO - [2025-04-28T21:16:06.782+0000] {dag.py:3239} INFO - Sync 1 DAGs
[2025-04-28T21:16:06.811+0000] {logging_mixin.py:190} INFO - [2025-04-28T21:16:06.810+0000] {dag.py:4180} INFO - Setting next_dagrun for first_with_python_v4 to 2025-02-28 00:00:00+00:00, run_after=2025-03-01 00:00:00+00:00
[2025-04-28T21:16:06.835+0000] {processor.py:208} INFO - Processing /opt/airflow/dags/dag_with_python_operator.py took 0.140 seconds
[2025-04-28T21:16:37.284+0000] {processor.py:186} INFO - Started process (PID=757) to work on /opt/airflow/dags/dag_with_python_operator.py
[2025-04-28T21:16:37.286+0000] {processor.py:914} INFO - Processing file /opt/airflow/dags/dag_with_python_operator.py for tasks to queue
[2025-04-28T21:16:37.291+0000] {logging_mixin.py:190} INFO - [2025-04-28T21:16:37.291+0000] {dagbag.py:588} INFO - Filling up the DagBag from /opt/airflow/dags/dag_with_python_operator.py
[2025-04-28T21:16:37.324+0000] {processor.py:925} INFO - DAG(s) 'first_with_python_v4' retrieved from /opt/airflow/dags/dag_with_python_operator.py
[2025-04-28T21:16:37.363+0000] {logging_mixin.py:190} INFO - [2025-04-28T21:16:37.360+0000] {dag.py:3239} INFO - Sync 1 DAGs
[2025-04-28T21:16:37.419+0000] {logging_mixin.py:190} INFO - [2025-04-28T21:16:37.419+0000] {dag.py:4180} INFO - Setting next_dagrun for first_with_python_v4 to 2025-02-28 00:00:00+00:00, run_after=2025-03-01 00:00:00+00:00
[2025-04-28T21:16:37.452+0000] {processor.py:208} INFO - Processing /opt/airflow/dags/dag_with_python_operator.py took 0.178 seconds
[2025-04-28T21:17:07.782+0000] {processor.py:186} INFO - Started process (PID=778) to work on /opt/airflow/dags/dag_with_python_operator.py
[2025-04-28T21:17:07.785+0000] {processor.py:914} INFO - Processing file /opt/airflow/dags/dag_with_python_operator.py for tasks to queue
[2025-04-28T21:17:07.790+0000] {logging_mixin.py:190} INFO - [2025-04-28T21:17:07.790+0000] {dagbag.py:588} INFO - Filling up the DagBag from /opt/airflow/dags/dag_with_python_operator.py
[2025-04-28T21:17:07.820+0000] {processor.py:925} INFO - DAG(s) 'first_with_python_v4' retrieved from /opt/airflow/dags/dag_with_python_operator.py
[2025-04-28T21:17:07.862+0000] {logging_mixin.py:190} INFO - [2025-04-28T21:17:07.861+0000] {dag.py:3239} INFO - Sync 1 DAGs
[2025-04-28T21:17:07.903+0000] {logging_mixin.py:190} INFO - [2025-04-28T21:17:07.903+0000] {dag.py:4180} INFO - Setting next_dagrun for first_with_python_v4 to 2025-02-28 00:00:00+00:00, run_after=2025-03-01 00:00:00+00:00
[2025-04-28T21:17:07.930+0000] {processor.py:208} INFO - Processing /opt/airflow/dags/dag_with_python_operator.py took 0.160 seconds
[2025-04-28T21:17:38.288+0000] {processor.py:186} INFO - Started process (PID=798) to work on /opt/airflow/dags/dag_with_python_operator.py
[2025-04-28T21:17:38.290+0000] {processor.py:914} INFO - Processing file /opt/airflow/dags/dag_with_python_operator.py for tasks to queue
[2025-04-28T21:17:38.293+0000] {logging_mixin.py:190} INFO - [2025-04-28T21:17:38.292+0000] {dagbag.py:588} INFO - Filling up the DagBag from /opt/airflow/dags/dag_with_python_operator.py
[2025-04-28T21:17:38.312+0000] {processor.py:925} INFO - DAG(s) 'first_with_python_v4' retrieved from /opt/airflow/dags/dag_with_python_operator.py
[2025-04-28T21:17:38.332+0000] {logging_mixin.py:190} INFO - [2025-04-28T21:17:38.332+0000] {dag.py:3239} INFO - Sync 1 DAGs
[2025-04-28T21:17:38.354+0000] {logging_mixin.py:190} INFO - [2025-04-28T21:17:38.354+0000] {dag.py:4180} INFO - Setting next_dagrun for first_with_python_v4 to 2025-02-28 00:00:00+00:00, run_after=2025-03-01 00:00:00+00:00
[2025-04-28T21:17:38.372+0000] {processor.py:208} INFO - Processing /opt/airflow/dags/dag_with_python_operator.py took 0.089 seconds
[2025-04-28T21:18:08.810+0000] {processor.py:186} INFO - Started process (PID=820) to work on /opt/airflow/dags/dag_with_python_operator.py
[2025-04-28T21:18:08.814+0000] {processor.py:914} INFO - Processing file /opt/airflow/dags/dag_with_python_operator.py for tasks to queue
[2025-04-28T21:18:08.820+0000] {logging_mixin.py:190} INFO - [2025-04-28T21:18:08.819+0000] {dagbag.py:588} INFO - Filling up the DagBag from /opt/airflow/dags/dag_with_python_operator.py
[2025-04-28T21:18:08.856+0000] {processor.py:925} INFO - DAG(s) 'first_with_python_v4' retrieved from /opt/airflow/dags/dag_with_python_operator.py
[2025-04-28T21:18:08.892+0000] {logging_mixin.py:190} INFO - [2025-04-28T21:18:08.891+0000] {dag.py:3239} INFO - Sync 1 DAGs
[2025-04-28T21:18:08.923+0000] {logging_mixin.py:190} INFO - [2025-04-28T21:18:08.923+0000] {dag.py:4180} INFO - Setting next_dagrun for first_with_python_v4 to 2025-02-28 00:00:00+00:00, run_after=2025-03-01 00:00:00+00:00
[2025-04-28T21:18:08.950+0000] {processor.py:208} INFO - Processing /opt/airflow/dags/dag_with_python_operator.py took 0.150 seconds
[2025-04-28T21:18:39.451+0000] {processor.py:186} INFO - Started process (PID=841) to work on /opt/airflow/dags/dag_with_python_operator.py
[2025-04-28T21:18:39.453+0000] {processor.py:914} INFO - Processing file /opt/airflow/dags/dag_with_python_operator.py for tasks to queue
[2025-04-28T21:18:39.458+0000] {logging_mixin.py:190} INFO - [2025-04-28T21:18:39.458+0000] {dagbag.py:588} INFO - Filling up the DagBag from /opt/airflow/dags/dag_with_python_operator.py
[2025-04-28T21:18:39.494+0000] {processor.py:925} INFO - DAG(s) 'first_with_python_v4' retrieved from /opt/airflow/dags/dag_with_python_operator.py
[2025-04-28T21:18:39.551+0000] {logging_mixin.py:190} INFO - [2025-04-28T21:18:39.550+0000] {dag.py:3239} INFO - Sync 1 DAGs
[2025-04-28T21:18:39.581+0000] {logging_mixin.py:190} INFO - [2025-04-28T21:18:39.581+0000] {dag.py:4180} INFO - Setting next_dagrun for first_with_python_v4 to 2025-02-28 00:00:00+00:00, run_after=2025-03-01 00:00:00+00:00
[2025-04-28T21:18:39.606+0000] {processor.py:208} INFO - Processing /opt/airflow/dags/dag_with_python_operator.py took 0.165 seconds
[2025-04-28T21:19:09.973+0000] {processor.py:186} INFO - Started process (PID=861) to work on /opt/airflow/dags/dag_with_python_operator.py
[2025-04-28T21:19:09.975+0000] {processor.py:914} INFO - Processing file /opt/airflow/dags/dag_with_python_operator.py for tasks to queue
[2025-04-28T21:19:09.980+0000] {logging_mixin.py:190} INFO - [2025-04-28T21:19:09.979+0000] {dagbag.py:588} INFO - Filling up the DagBag from /opt/airflow/dags/dag_with_python_operator.py
[2025-04-28T21:19:10.015+0000] {processor.py:925} INFO - DAG(s) 'first_with_python_v4' retrieved from /opt/airflow/dags/dag_with_python_operator.py
[2025-04-28T21:19:10.051+0000] {logging_mixin.py:190} INFO - [2025-04-28T21:19:10.051+0000] {dag.py:3239} INFO - Sync 1 DAGs
[2025-04-28T21:19:10.086+0000] {logging_mixin.py:190} INFO - [2025-04-28T21:19:10.086+0000] {dag.py:4180} INFO - Setting next_dagrun for first_with_python_v4 to 2025-02-28 00:00:00+00:00, run_after=2025-03-01 00:00:00+00:00
[2025-04-28T21:19:10.115+0000] {processor.py:208} INFO - Processing /opt/airflow/dags/dag_with_python_operator.py took 0.150 seconds
[2025-04-28T21:19:40.542+0000] {processor.py:186} INFO - Started process (PID=882) to work on /opt/airflow/dags/dag_with_python_operator.py
[2025-04-28T21:19:40.545+0000] {processor.py:914} INFO - Processing file /opt/airflow/dags/dag_with_python_operator.py for tasks to queue
[2025-04-28T21:19:40.550+0000] {logging_mixin.py:190} INFO - [2025-04-28T21:19:40.550+0000] {dagbag.py:588} INFO - Filling up the DagBag from /opt/airflow/dags/dag_with_python_operator.py
[2025-04-28T21:19:40.586+0000] {processor.py:925} INFO - DAG(s) 'first_with_python_v4' retrieved from /opt/airflow/dags/dag_with_python_operator.py
[2025-04-28T21:19:40.623+0000] {logging_mixin.py:190} INFO - [2025-04-28T21:19:40.622+0000] {dag.py:3239} INFO - Sync 1 DAGs
[2025-04-28T21:19:40.661+0000] {logging_mixin.py:190} INFO - [2025-04-28T21:19:40.661+0000] {dag.py:4180} INFO - Setting next_dagrun for first_with_python_v4 to 2025-02-28 00:00:00+00:00, run_after=2025-03-01 00:00:00+00:00
[2025-04-28T21:19:40.692+0000] {processor.py:208} INFO - Processing /opt/airflow/dags/dag_with_python_operator.py took 0.159 seconds
[2025-04-28T21:20:11.073+0000] {processor.py:186} INFO - Started process (PID=903) to work on /opt/airflow/dags/dag_with_python_operator.py
[2025-04-28T21:20:11.075+0000] {processor.py:914} INFO - Processing file /opt/airflow/dags/dag_with_python_operator.py for tasks to queue
[2025-04-28T21:20:11.080+0000] {logging_mixin.py:190} INFO - [2025-04-28T21:20:11.079+0000] {dagbag.py:588} INFO - Filling up the DagBag from /opt/airflow/dags/dag_with_python_operator.py
[2025-04-28T21:20:11.108+0000] {processor.py:925} INFO - DAG(s) 'first_with_python_v4' retrieved from /opt/airflow/dags/dag_with_python_operator.py
[2025-04-28T21:20:11.141+0000] {logging_mixin.py:190} INFO - [2025-04-28T21:20:11.140+0000] {dag.py:3239} INFO - Sync 1 DAGs
[2025-04-28T21:20:11.174+0000] {logging_mixin.py:190} INFO - [2025-04-28T21:20:11.174+0000] {dag.py:4180} INFO - Setting next_dagrun for first_with_python_v4 to 2025-02-28 00:00:00+00:00, run_after=2025-03-01 00:00:00+00:00
[2025-04-28T21:20:11.202+0000] {processor.py:208} INFO - Processing /opt/airflow/dags/dag_with_python_operator.py took 0.138 seconds
[2025-04-28T21:20:41.570+0000] {processor.py:186} INFO - Started process (PID=924) to work on /opt/airflow/dags/dag_with_python_operator.py
[2025-04-28T21:20:41.572+0000] {processor.py:914} INFO - Processing file /opt/airflow/dags/dag_with_python_operator.py for tasks to queue
[2025-04-28T21:20:41.576+0000] {logging_mixin.py:190} INFO - [2025-04-28T21:20:41.575+0000] {dagbag.py:588} INFO - Filling up the DagBag from /opt/airflow/dags/dag_with_python_operator.py
[2025-04-28T21:20:41.602+0000] {processor.py:925} INFO - DAG(s) 'first_with_python_v4' retrieved from /opt/airflow/dags/dag_with_python_operator.py
[2025-04-28T21:20:41.637+0000] {logging_mixin.py:190} INFO - [2025-04-28T21:20:41.637+0000] {dag.py:3239} INFO - Sync 1 DAGs
[2025-04-28T21:20:41.672+0000] {logging_mixin.py:190} INFO - [2025-04-28T21:20:41.672+0000] {dag.py:4180} INFO - Setting next_dagrun for first_with_python_v4 to 2025-02-28 00:00:00+00:00, run_after=2025-03-01 00:00:00+00:00
[2025-04-28T21:20:41.699+0000] {processor.py:208} INFO - Processing /opt/airflow/dags/dag_with_python_operator.py took 0.140 seconds
[2025-04-28T21:21:12.097+0000] {processor.py:186} INFO - Started process (PID=945) to work on /opt/airflow/dags/dag_with_python_operator.py
[2025-04-28T21:21:12.099+0000] {processor.py:914} INFO - Processing file /opt/airflow/dags/dag_with_python_operator.py for tasks to queue
[2025-04-28T21:21:12.104+0000] {logging_mixin.py:190} INFO - [2025-04-28T21:21:12.104+0000] {dagbag.py:588} INFO - Filling up the DagBag from /opt/airflow/dags/dag_with_python_operator.py
[2025-04-28T21:21:12.138+0000] {processor.py:925} INFO - DAG(s) 'first_with_python_v4' retrieved from /opt/airflow/dags/dag_with_python_operator.py
[2025-04-28T21:21:12.174+0000] {logging_mixin.py:190} INFO - [2025-04-28T21:21:12.173+0000] {dag.py:3239} INFO - Sync 1 DAGs
[2025-04-28T21:21:12.209+0000] {logging_mixin.py:190} INFO - [2025-04-28T21:21:12.209+0000] {dag.py:4180} INFO - Setting next_dagrun for first_with_python_v4 to 2025-02-28 00:00:00+00:00, run_after=2025-03-01 00:00:00+00:00
[2025-04-28T21:21:12.246+0000] {processor.py:208} INFO - Processing /opt/airflow/dags/dag_with_python_operator.py took 0.158 seconds
[2025-04-28T21:21:42.659+0000] {processor.py:186} INFO - Started process (PID=966) to work on /opt/airflow/dags/dag_with_python_operator.py
[2025-04-28T21:21:42.662+0000] {processor.py:914} INFO - Processing file /opt/airflow/dags/dag_with_python_operator.py for tasks to queue
[2025-04-28T21:21:42.667+0000] {logging_mixin.py:190} INFO - [2025-04-28T21:21:42.667+0000] {dagbag.py:588} INFO - Filling up the DagBag from /opt/airflow/dags/dag_with_python_operator.py
[2025-04-28T21:21:42.706+0000] {processor.py:925} INFO - DAG(s) 'first_with_python_v4' retrieved from /opt/airflow/dags/dag_with_python_operator.py
[2025-04-28T21:21:42.742+0000] {logging_mixin.py:190} INFO - [2025-04-28T21:21:42.741+0000] {dag.py:3239} INFO - Sync 1 DAGs
[2025-04-28T21:21:42.772+0000] {logging_mixin.py:190} INFO - [2025-04-28T21:21:42.772+0000] {dag.py:4180} INFO - Setting next_dagrun for first_with_python_v4 to 2025-02-28 00:00:00+00:00, run_after=2025-03-01 00:00:00+00:00
[2025-04-28T21:21:42.802+0000] {processor.py:208} INFO - Processing /opt/airflow/dags/dag_with_python_operator.py took 0.153 seconds
[2025-04-28T21:22:13.137+0000] {processor.py:186} INFO - Started process (PID=987) to work on /opt/airflow/dags/dag_with_python_operator.py
[2025-04-28T21:22:13.143+0000] {processor.py:914} INFO - Processing file /opt/airflow/dags/dag_with_python_operator.py for tasks to queue
[2025-04-28T21:22:13.151+0000] {logging_mixin.py:190} INFO - [2025-04-28T21:22:13.150+0000] {dagbag.py:588} INFO - Filling up the DagBag from /opt/airflow/dags/dag_with_python_operator.py
[2025-04-28T21:22:13.186+0000] {processor.py:925} INFO - DAG(s) 'first_with_python_v4' retrieved from /opt/airflow/dags/dag_with_python_operator.py
[2025-04-28T21:22:13.228+0000] {logging_mixin.py:190} INFO - [2025-04-28T21:22:13.227+0000] {dag.py:3239} INFO - Sync 1 DAGs
[2025-04-28T21:22:13.264+0000] {logging_mixin.py:190} INFO - [2025-04-28T21:22:13.264+0000] {dag.py:4180} INFO - Setting next_dagrun for first_with_python_v4 to 2025-02-28 00:00:00+00:00, run_after=2025-03-01 00:00:00+00:00
[2025-04-28T21:22:13.305+0000] {processor.py:208} INFO - Processing /opt/airflow/dags/dag_with_python_operator.py took 0.179 seconds
[2025-04-28T21:22:43.692+0000] {processor.py:186} INFO - Started process (PID=1008) to work on /opt/airflow/dags/dag_with_python_operator.py
[2025-04-28T21:22:43.697+0000] {processor.py:914} INFO - Processing file /opt/airflow/dags/dag_with_python_operator.py for tasks to queue
[2025-04-28T21:22:43.704+0000] {logging_mixin.py:190} INFO - [2025-04-28T21:22:43.703+0000] {dagbag.py:588} INFO - Filling up the DagBag from /opt/airflow/dags/dag_with_python_operator.py
[2025-04-28T21:22:43.773+0000] {processor.py:925} INFO - DAG(s) 'first_with_python_v4' retrieved from /opt/airflow/dags/dag_with_python_operator.py
[2025-04-28T21:22:43.798+0000] {logging_mixin.py:190} INFO - [2025-04-28T21:22:43.797+0000] {dag.py:3239} INFO - Sync 1 DAGs
[2025-04-28T21:22:43.819+0000] {logging_mixin.py:190} INFO - [2025-04-28T21:22:43.818+0000] {dag.py:4180} INFO - Setting next_dagrun for first_with_python_v4 to 2025-02-28 00:00:00+00:00, run_after=2025-03-01 00:00:00+00:00
[2025-04-28T21:22:43.837+0000] {processor.py:208} INFO - Processing /opt/airflow/dags/dag_with_python_operator.py took 0.155 seconds
[2025-04-28T21:23:14.180+0000] {processor.py:186} INFO - Started process (PID=1029) to work on /opt/airflow/dags/dag_with_python_operator.py
[2025-04-28T21:23:14.182+0000] {processor.py:914} INFO - Processing file /opt/airflow/dags/dag_with_python_operator.py for tasks to queue
[2025-04-28T21:23:14.187+0000] {logging_mixin.py:190} INFO - [2025-04-28T21:23:14.186+0000] {dagbag.py:588} INFO - Filling up the DagBag from /opt/airflow/dags/dag_with_python_operator.py
[2025-04-28T21:23:14.217+0000] {processor.py:925} INFO - DAG(s) 'first_with_python_v4' retrieved from /opt/airflow/dags/dag_with_python_operator.py
[2025-04-28T21:23:14.250+0000] {logging_mixin.py:190} INFO - [2025-04-28T21:23:14.250+0000] {dag.py:3239} INFO - Sync 1 DAGs
[2025-04-28T21:23:14.291+0000] {logging_mixin.py:190} INFO - [2025-04-28T21:23:14.291+0000] {dag.py:4180} INFO - Setting next_dagrun for first_with_python_v4 to 2025-02-28 00:00:00+00:00, run_after=2025-03-01 00:00:00+00:00
[2025-04-28T21:23:14.323+0000] {processor.py:208} INFO - Processing /opt/airflow/dags/dag_with_python_operator.py took 0.153 seconds
[2025-04-28T21:23:44.735+0000] {processor.py:186} INFO - Started process (PID=1050) to work on /opt/airflow/dags/dag_with_python_operator.py
[2025-04-28T21:23:44.738+0000] {processor.py:914} INFO - Processing file /opt/airflow/dags/dag_with_python_operator.py for tasks to queue
[2025-04-28T21:23:44.747+0000] {logging_mixin.py:190} INFO - [2025-04-28T21:23:44.746+0000] {dagbag.py:588} INFO - Filling up the DagBag from /opt/airflow/dags/dag_with_python_operator.py
[2025-04-28T21:23:44.783+0000] {processor.py:925} INFO - DAG(s) 'first_with_python_v4' retrieved from /opt/airflow/dags/dag_with_python_operator.py
[2025-04-28T21:23:44.826+0000] {logging_mixin.py:190} INFO - [2025-04-28T21:23:44.825+0000] {dag.py:3239} INFO - Sync 1 DAGs
[2025-04-28T21:23:44.882+0000] {logging_mixin.py:190} INFO - [2025-04-28T21:23:44.881+0000] {dag.py:4180} INFO - Setting next_dagrun for first_with_python_v4 to 2025-02-28 00:00:00+00:00, run_after=2025-03-01 00:00:00+00:00
[2025-04-28T21:23:44.919+0000] {processor.py:208} INFO - Processing /opt/airflow/dags/dag_with_python_operator.py took 0.196 seconds
[2025-04-28T21:24:15.257+0000] {processor.py:186} INFO - Started process (PID=1071) to work on /opt/airflow/dags/dag_with_python_operator.py
[2025-04-28T21:24:15.259+0000] {processor.py:914} INFO - Processing file /opt/airflow/dags/dag_with_python_operator.py for tasks to queue
[2025-04-28T21:24:15.264+0000] {logging_mixin.py:190} INFO - [2025-04-28T21:24:15.263+0000] {dagbag.py:588} INFO - Filling up the DagBag from /opt/airflow/dags/dag_with_python_operator.py
[2025-04-28T21:24:15.290+0000] {processor.py:925} INFO - DAG(s) 'first_with_python_v4' retrieved from /opt/airflow/dags/dag_with_python_operator.py
[2025-04-28T21:24:15.321+0000] {logging_mixin.py:190} INFO - [2025-04-28T21:24:15.321+0000] {dag.py:3239} INFO - Sync 1 DAGs
[2025-04-28T21:24:15.340+0000] {logging_mixin.py:190} INFO - [2025-04-28T21:24:15.340+0000] {dag.py:4180} INFO - Setting next_dagrun for first_with_python_v4 to 2025-02-28 00:00:00+00:00, run_after=2025-03-01 00:00:00+00:00
[2025-04-28T21:24:15.356+0000] {processor.py:208} INFO - Processing /opt/airflow/dags/dag_with_python_operator.py took 0.108 seconds
[2025-04-28T21:24:45.791+0000] {processor.py:186} INFO - Started process (PID=1092) to work on /opt/airflow/dags/dag_with_python_operator.py
[2025-04-28T21:24:45.793+0000] {processor.py:914} INFO - Processing file /opt/airflow/dags/dag_with_python_operator.py for tasks to queue
[2025-04-28T21:24:45.799+0000] {logging_mixin.py:190} INFO - [2025-04-28T21:24:45.798+0000] {dagbag.py:588} INFO - Filling up the DagBag from /opt/airflow/dags/dag_with_python_operator.py
[2025-04-28T21:24:45.829+0000] {processor.py:925} INFO - DAG(s) 'first_with_python_v4' retrieved from /opt/airflow/dags/dag_with_python_operator.py
[2025-04-28T21:24:45.867+0000] {logging_mixin.py:190} INFO - [2025-04-28T21:24:45.866+0000] {dag.py:3239} INFO - Sync 1 DAGs
[2025-04-28T21:24:45.899+0000] {logging_mixin.py:190} INFO - [2025-04-28T21:24:45.898+0000] {dag.py:4180} INFO - Setting next_dagrun for first_with_python_v4 to 2025-02-28 00:00:00+00:00, run_after=2025-03-01 00:00:00+00:00
[2025-04-28T21:24:45.931+0000] {processor.py:208} INFO - Processing /opt/airflow/dags/dag_with_python_operator.py took 0.148 seconds
[2025-04-28T21:25:16.372+0000] {processor.py:186} INFO - Started process (PID=1113) to work on /opt/airflow/dags/dag_with_python_operator.py
[2025-04-28T21:25:16.378+0000] {processor.py:914} INFO - Processing file /opt/airflow/dags/dag_with_python_operator.py for tasks to queue
[2025-04-28T21:25:16.392+0000] {logging_mixin.py:190} INFO - [2025-04-28T21:25:16.392+0000] {dagbag.py:588} INFO - Filling up the DagBag from /opt/airflow/dags/dag_with_python_operator.py
[2025-04-28T21:25:16.443+0000] {processor.py:925} INFO - DAG(s) 'first_with_python_v4' retrieved from /opt/airflow/dags/dag_with_python_operator.py
[2025-04-28T21:25:16.477+0000] {logging_mixin.py:190} INFO - [2025-04-28T21:25:16.477+0000] {dag.py:3239} INFO - Sync 1 DAGs
[2025-04-28T21:25:16.533+0000] {logging_mixin.py:190} INFO - [2025-04-28T21:25:16.533+0000] {dag.py:4180} INFO - Setting next_dagrun for first_with_python_v4 to 2025-02-28 00:00:00+00:00, run_after=2025-03-01 00:00:00+00:00
[2025-04-28T21:25:16.578+0000] {processor.py:208} INFO - Processing /opt/airflow/dags/dag_with_python_operator.py took 0.217 seconds
[2025-04-28T21:25:47.071+0000] {processor.py:186} INFO - Started process (PID=1134) to work on /opt/airflow/dags/dag_with_python_operator.py
[2025-04-28T21:25:47.075+0000] {processor.py:914} INFO - Processing file /opt/airflow/dags/dag_with_python_operator.py for tasks to queue
[2025-04-28T21:25:47.080+0000] {logging_mixin.py:190} INFO - [2025-04-28T21:25:47.080+0000] {dagbag.py:588} INFO - Filling up the DagBag from /opt/airflow/dags/dag_with_python_operator.py
[2025-04-28T21:25:47.132+0000] {processor.py:925} INFO - DAG(s) 'first_with_python_v4' retrieved from /opt/airflow/dags/dag_with_python_operator.py
[2025-04-28T21:25:47.184+0000] {logging_mixin.py:190} INFO - [2025-04-28T21:25:47.184+0000] {dag.py:3239} INFO - Sync 1 DAGs
[2025-04-28T21:25:47.237+0000] {logging_mixin.py:190} INFO - [2025-04-28T21:25:47.236+0000] {dag.py:4180} INFO - Setting next_dagrun for first_with_python_v4 to 2025-02-28 00:00:00+00:00, run_after=2025-03-01 00:00:00+00:00
[2025-04-28T21:25:47.302+0000] {processor.py:208} INFO - Processing /opt/airflow/dags/dag_with_python_operator.py took 0.241 seconds
[2025-04-28T21:26:17.457+0000] {processor.py:186} INFO - Started process (PID=1154) to work on /opt/airflow/dags/dag_with_python_operator.py
[2025-04-28T21:26:17.459+0000] {processor.py:914} INFO - Processing file /opt/airflow/dags/dag_with_python_operator.py for tasks to queue
[2025-04-28T21:26:17.463+0000] {logging_mixin.py:190} INFO - [2025-04-28T21:26:17.462+0000] {dagbag.py:588} INFO - Filling up the DagBag from /opt/airflow/dags/dag_with_python_operator.py
[2025-04-28T21:26:17.481+0000] {processor.py:925} INFO - DAG(s) 'first_with_python_v4' retrieved from /opt/airflow/dags/dag_with_python_operator.py
[2025-04-28T21:26:17.504+0000] {logging_mixin.py:190} INFO - [2025-04-28T21:26:17.504+0000] {dag.py:3239} INFO - Sync 1 DAGs
[2025-04-28T21:26:17.527+0000] {logging_mixin.py:190} INFO - [2025-04-28T21:26:17.527+0000] {dag.py:4180} INFO - Setting next_dagrun for first_with_python_v4 to 2025-02-28 00:00:00+00:00, run_after=2025-03-01 00:00:00+00:00
[2025-04-28T21:26:17.547+0000] {processor.py:208} INFO - Processing /opt/airflow/dags/dag_with_python_operator.py took 0.095 seconds
[2025-04-28T21:26:47.924+0000] {processor.py:186} INFO - Started process (PID=1175) to work on /opt/airflow/dags/dag_with_python_operator.py
[2025-04-28T21:26:47.926+0000] {processor.py:914} INFO - Processing file /opt/airflow/dags/dag_with_python_operator.py for tasks to queue
[2025-04-28T21:26:47.930+0000] {logging_mixin.py:190} INFO - [2025-04-28T21:26:47.930+0000] {dagbag.py:588} INFO - Filling up the DagBag from /opt/airflow/dags/dag_with_python_operator.py
[2025-04-28T21:26:47.950+0000] {processor.py:925} INFO - DAG(s) 'first_with_python_v4' retrieved from /opt/airflow/dags/dag_with_python_operator.py
[2025-04-28T21:26:47.971+0000] {logging_mixin.py:190} INFO - [2025-04-28T21:26:47.971+0000] {dag.py:3239} INFO - Sync 1 DAGs
[2025-04-28T21:26:47.991+0000] {logging_mixin.py:190} INFO - [2025-04-28T21:26:47.991+0000] {dag.py:4180} INFO - Setting next_dagrun for first_with_python_v4 to 2025-02-28 00:00:00+00:00, run_after=2025-03-01 00:00:00+00:00
[2025-04-28T21:26:48.008+0000] {processor.py:208} INFO - Processing /opt/airflow/dags/dag_with_python_operator.py took 0.089 seconds
[2025-04-28T21:27:18.377+0000] {processor.py:186} INFO - Started process (PID=1194) to work on /opt/airflow/dags/dag_with_python_operator.py
[2025-04-28T21:27:18.379+0000] {processor.py:914} INFO - Processing file /opt/airflow/dags/dag_with_python_operator.py for tasks to queue
[2025-04-28T21:27:18.385+0000] {logging_mixin.py:190} INFO - [2025-04-28T21:27:18.384+0000] {dagbag.py:588} INFO - Filling up the DagBag from /opt/airflow/dags/dag_with_python_operator.py
[2025-04-28T21:27:18.407+0000] {processor.py:925} INFO - DAG(s) 'first_with_python_v4' retrieved from /opt/airflow/dags/dag_with_python_operator.py
[2025-04-28T21:27:18.450+0000] {logging_mixin.py:190} INFO - [2025-04-28T21:27:18.449+0000] {dag.py:3239} INFO - Sync 1 DAGs
[2025-04-28T21:27:18.492+0000] {logging_mixin.py:190} INFO - [2025-04-28T21:27:18.492+0000] {dag.py:4180} INFO - Setting next_dagrun for first_with_python_v4 to 2025-02-28 00:00:00+00:00, run_after=2025-03-01 00:00:00+00:00
[2025-04-28T21:27:18.532+0000] {processor.py:208} INFO - Processing /opt/airflow/dags/dag_with_python_operator.py took 0.162 seconds
[2025-04-28T21:27:48.885+0000] {processor.py:186} INFO - Started process (PID=1215) to work on /opt/airflow/dags/dag_with_python_operator.py
[2025-04-28T21:27:48.886+0000] {processor.py:914} INFO - Processing file /opt/airflow/dags/dag_with_python_operator.py for tasks to queue
[2025-04-28T21:27:48.890+0000] {logging_mixin.py:190} INFO - [2025-04-28T21:27:48.890+0000] {dagbag.py:588} INFO - Filling up the DagBag from /opt/airflow/dags/dag_with_python_operator.py
[2025-04-28T21:27:48.906+0000] {processor.py:925} INFO - DAG(s) 'first_with_python_v4' retrieved from /opt/airflow/dags/dag_with_python_operator.py
[2025-04-28T21:27:48.932+0000] {logging_mixin.py:190} INFO - [2025-04-28T21:27:48.932+0000] {dag.py:3239} INFO - Sync 1 DAGs
[2025-04-28T21:27:48.955+0000] {logging_mixin.py:190} INFO - [2025-04-28T21:27:48.955+0000] {dag.py:4180} INFO - Setting next_dagrun for first_with_python_v4 to 2025-02-28 00:00:00+00:00, run_after=2025-03-01 00:00:00+00:00
[2025-04-28T21:27:48.975+0000] {processor.py:208} INFO - Processing /opt/airflow/dags/dag_with_python_operator.py took 0.095 seconds
[2025-04-28T21:28:19.410+0000] {processor.py:186} INFO - Started process (PID=1236) to work on /opt/airflow/dags/dag_with_python_operator.py
[2025-04-28T21:28:19.413+0000] {processor.py:914} INFO - Processing file /opt/airflow/dags/dag_with_python_operator.py for tasks to queue
[2025-04-28T21:28:19.420+0000] {logging_mixin.py:190} INFO - [2025-04-28T21:28:19.419+0000] {dagbag.py:588} INFO - Filling up the DagBag from /opt/airflow/dags/dag_with_python_operator.py
[2025-04-28T21:28:19.451+0000] {processor.py:925} INFO - DAG(s) 'first_with_python_v4' retrieved from /opt/airflow/dags/dag_with_python_operator.py
[2025-04-28T21:28:19.492+0000] {logging_mixin.py:190} INFO - [2025-04-28T21:28:19.491+0000] {dag.py:3239} INFO - Sync 1 DAGs
[2025-04-28T21:28:19.531+0000] {logging_mixin.py:190} INFO - [2025-04-28T21:28:19.531+0000] {dag.py:4180} INFO - Setting next_dagrun for first_with_python_v4 to 2025-02-28 00:00:00+00:00, run_after=2025-03-01 00:00:00+00:00
[2025-04-28T21:28:19.567+0000] {processor.py:208} INFO - Processing /opt/airflow/dags/dag_with_python_operator.py took 0.168 seconds
[2025-04-28T21:28:50.187+0000] {processor.py:186} INFO - Started process (PID=1257) to work on /opt/airflow/dags/dag_with_python_operator.py
[2025-04-28T21:28:50.189+0000] {processor.py:914} INFO - Processing file /opt/airflow/dags/dag_with_python_operator.py for tasks to queue
[2025-04-28T21:28:50.197+0000] {logging_mixin.py:190} INFO - [2025-04-28T21:28:50.196+0000] {dagbag.py:588} INFO - Filling up the DagBag from /opt/airflow/dags/dag_with_python_operator.py
[2025-04-28T21:28:50.229+0000] {processor.py:925} INFO - DAG(s) 'first_with_python_v4' retrieved from /opt/airflow/dags/dag_with_python_operator.py
[2025-04-28T21:28:50.271+0000] {logging_mixin.py:190} INFO - [2025-04-28T21:28:50.270+0000] {dag.py:3239} INFO - Sync 1 DAGs
[2025-04-28T21:28:50.312+0000] {logging_mixin.py:190} INFO - [2025-04-28T21:28:50.312+0000] {dag.py:4180} INFO - Setting next_dagrun for first_with_python_v4 to 2025-02-28 00:00:00+00:00, run_after=2025-03-01 00:00:00+00:00
[2025-04-28T21:28:50.346+0000] {processor.py:208} INFO - Processing /opt/airflow/dags/dag_with_python_operator.py took 0.171 seconds
[2025-04-28T21:29:20.899+0000] {processor.py:186} INFO - Started process (PID=1283) to work on /opt/airflow/dags/dag_with_python_operator.py
[2025-04-28T21:29:20.901+0000] {processor.py:914} INFO - Processing file /opt/airflow/dags/dag_with_python_operator.py for tasks to queue
[2025-04-28T21:29:20.904+0000] {logging_mixin.py:190} INFO - [2025-04-28T21:29:20.903+0000] {dagbag.py:588} INFO - Filling up the DagBag from /opt/airflow/dags/dag_with_python_operator.py
[2025-04-28T21:29:20.924+0000] {processor.py:925} INFO - DAG(s) 'first_with_python_v4' retrieved from /opt/airflow/dags/dag_with_python_operator.py
[2025-04-28T21:29:20.949+0000] {logging_mixin.py:190} INFO - [2025-04-28T21:29:20.948+0000] {dag.py:3239} INFO - Sync 1 DAGs
[2025-04-28T21:29:20.972+0000] {logging_mixin.py:190} INFO - [2025-04-28T21:29:20.972+0000] {dag.py:4180} INFO - Setting next_dagrun for first_with_python_v4 to 2025-02-28 00:00:00+00:00, run_after=2025-03-01 00:00:00+00:00
[2025-04-28T21:29:20.995+0000] {processor.py:208} INFO - Processing /opt/airflow/dags/dag_with_python_operator.py took 0.103 seconds
[2025-04-28T21:29:51.418+0000] {processor.py:186} INFO - Started process (PID=1304) to work on /opt/airflow/dags/dag_with_python_operator.py
[2025-04-28T21:29:51.420+0000] {processor.py:914} INFO - Processing file /opt/airflow/dags/dag_with_python_operator.py for tasks to queue
[2025-04-28T21:29:51.426+0000] {logging_mixin.py:190} INFO - [2025-04-28T21:29:51.425+0000] {dagbag.py:588} INFO - Filling up the DagBag from /opt/airflow/dags/dag_with_python_operator.py
[2025-04-28T21:29:51.457+0000] {processor.py:925} INFO - DAG(s) 'first_with_python_v4' retrieved from /opt/airflow/dags/dag_with_python_operator.py
[2025-04-28T21:29:51.503+0000] {logging_mixin.py:190} INFO - [2025-04-28T21:29:51.501+0000] {dag.py:3239} INFO - Sync 1 DAGs
[2025-04-28T21:29:51.546+0000] {logging_mixin.py:190} INFO - [2025-04-28T21:29:51.545+0000] {dag.py:4180} INFO - Setting next_dagrun for first_with_python_v4 to 2025-02-28 00:00:00+00:00, run_after=2025-03-01 00:00:00+00:00
[2025-04-28T21:29:51.578+0000] {processor.py:208} INFO - Processing /opt/airflow/dags/dag_with_python_operator.py took 0.169 seconds
[2025-04-28T21:30:21.992+0000] {processor.py:186} INFO - Started process (PID=1325) to work on /opt/airflow/dags/dag_with_python_operator.py
[2025-04-28T21:30:21.995+0000] {processor.py:914} INFO - Processing file /opt/airflow/dags/dag_with_python_operator.py for tasks to queue
[2025-04-28T21:30:22.002+0000] {logging_mixin.py:190} INFO - [2025-04-28T21:30:22.002+0000] {dagbag.py:588} INFO - Filling up the DagBag from /opt/airflow/dags/dag_with_python_operator.py
[2025-04-28T21:30:22.032+0000] {processor.py:925} INFO - DAG(s) 'first_with_python_v4' retrieved from /opt/airflow/dags/dag_with_python_operator.py
[2025-04-28T21:30:22.071+0000] {logging_mixin.py:190} INFO - [2025-04-28T21:30:22.070+0000] {dag.py:3239} INFO - Sync 1 DAGs
[2025-04-28T21:30:22.106+0000] {logging_mixin.py:190} INFO - [2025-04-28T21:30:22.105+0000] {dag.py:4180} INFO - Setting next_dagrun for first_with_python_v4 to 2025-02-28 00:00:00+00:00, run_after=2025-03-01 00:00:00+00:00
[2025-04-28T21:30:22.138+0000] {processor.py:208} INFO - Processing /opt/airflow/dags/dag_with_python_operator.py took 0.156 seconds
[2025-04-28T21:30:52.563+0000] {processor.py:186} INFO - Started process (PID=1346) to work on /opt/airflow/dags/dag_with_python_operator.py
[2025-04-28T21:30:52.565+0000] {processor.py:914} INFO - Processing file /opt/airflow/dags/dag_with_python_operator.py for tasks to queue
[2025-04-28T21:30:52.570+0000] {logging_mixin.py:190} INFO - [2025-04-28T21:30:52.570+0000] {dagbag.py:588} INFO - Filling up the DagBag from /opt/airflow/dags/dag_with_python_operator.py
[2025-04-28T21:30:52.594+0000] {processor.py:925} INFO - DAG(s) 'first_with_python_v4' retrieved from /opt/airflow/dags/dag_with_python_operator.py
[2025-04-28T21:30:52.626+0000] {logging_mixin.py:190} INFO - [2025-04-28T21:30:52.626+0000] {dag.py:3239} INFO - Sync 1 DAGs
[2025-04-28T21:30:52.654+0000] {logging_mixin.py:190} INFO - [2025-04-28T21:30:52.654+0000] {dag.py:4180} INFO - Setting next_dagrun for first_with_python_v4 to 2025-02-28 00:00:00+00:00, run_after=2025-03-01 00:00:00+00:00
[2025-04-28T21:30:52.682+0000] {processor.py:208} INFO - Processing /opt/airflow/dags/dag_with_python_operator.py took 0.129 seconds
[2025-04-28T21:31:23.065+0000] {processor.py:186} INFO - Started process (PID=1367) to work on /opt/airflow/dags/dag_with_python_operator.py
[2025-04-28T21:31:23.068+0000] {processor.py:914} INFO - Processing file /opt/airflow/dags/dag_with_python_operator.py for tasks to queue
[2025-04-28T21:31:23.074+0000] {logging_mixin.py:190} INFO - [2025-04-28T21:31:23.074+0000] {dagbag.py:588} INFO - Filling up the DagBag from /opt/airflow/dags/dag_with_python_operator.py
[2025-04-28T21:31:23.104+0000] {processor.py:925} INFO - DAG(s) 'first_with_python_v4' retrieved from /opt/airflow/dags/dag_with_python_operator.py
[2025-04-28T21:31:23.144+0000] {logging_mixin.py:190} INFO - [2025-04-28T21:31:23.143+0000] {dag.py:3239} INFO - Sync 1 DAGs
[2025-04-28T21:31:23.183+0000] {logging_mixin.py:190} INFO - [2025-04-28T21:31:23.182+0000] {dag.py:4180} INFO - Setting next_dagrun for first_with_python_v4 to 2025-02-28 00:00:00+00:00, run_after=2025-03-01 00:00:00+00:00
[2025-04-28T21:31:23.213+0000] {processor.py:208} INFO - Processing /opt/airflow/dags/dag_with_python_operator.py took 0.156 seconds
[2025-04-28T21:31:53.694+0000] {processor.py:186} INFO - Started process (PID=1388) to work on /opt/airflow/dags/dag_with_python_operator.py
[2025-04-28T21:31:53.696+0000] {processor.py:914} INFO - Processing file /opt/airflow/dags/dag_with_python_operator.py for tasks to queue
[2025-04-28T21:31:53.701+0000] {logging_mixin.py:190} INFO - [2025-04-28T21:31:53.700+0000] {dagbag.py:588} INFO - Filling up the DagBag from /opt/airflow/dags/dag_with_python_operator.py
[2025-04-28T21:31:53.732+0000] {processor.py:925} INFO - DAG(s) 'first_with_python_v4' retrieved from /opt/airflow/dags/dag_with_python_operator.py
[2025-04-28T21:31:53.769+0000] {logging_mixin.py:190} INFO - [2025-04-28T21:31:53.768+0000] {dag.py:3239} INFO - Sync 1 DAGs
[2025-04-28T21:31:53.818+0000] {logging_mixin.py:190} INFO - [2025-04-28T21:31:53.818+0000] {dag.py:4180} INFO - Setting next_dagrun for first_with_python_v4 to 2025-02-28 00:00:00+00:00, run_after=2025-03-01 00:00:00+00:00
[2025-04-28T21:31:53.855+0000] {processor.py:208} INFO - Processing /opt/airflow/dags/dag_with_python_operator.py took 0.170 seconds
[2025-04-28T21:32:24.229+0000] {processor.py:186} INFO - Started process (PID=1409) to work on /opt/airflow/dags/dag_with_python_operator.py
[2025-04-28T21:32:24.232+0000] {processor.py:914} INFO - Processing file /opt/airflow/dags/dag_with_python_operator.py for tasks to queue
[2025-04-28T21:32:24.237+0000] {logging_mixin.py:190} INFO - [2025-04-28T21:32:24.236+0000] {dagbag.py:588} INFO - Filling up the DagBag from /opt/airflow/dags/dag_with_python_operator.py
[2025-04-28T21:32:24.259+0000] {processor.py:925} INFO - DAG(s) 'first_with_python_v4' retrieved from /opt/airflow/dags/dag_with_python_operator.py
[2025-04-28T21:32:24.292+0000] {logging_mixin.py:190} INFO - [2025-04-28T21:32:24.292+0000] {dag.py:3239} INFO - Sync 1 DAGs
[2025-04-28T21:32:24.334+0000] {logging_mixin.py:190} INFO - [2025-04-28T21:32:24.334+0000] {dag.py:4180} INFO - Setting next_dagrun for first_with_python_v4 to 2025-02-28 00:00:00+00:00, run_after=2025-03-01 00:00:00+00:00
[2025-04-28T21:32:24.373+0000] {processor.py:208} INFO - Processing /opt/airflow/dags/dag_with_python_operator.py took 0.151 seconds
[2025-04-28T21:32:54.784+0000] {processor.py:186} INFO - Started process (PID=1430) to work on /opt/airflow/dags/dag_with_python_operator.py
[2025-04-28T21:32:54.785+0000] {processor.py:914} INFO - Processing file /opt/airflow/dags/dag_with_python_operator.py for tasks to queue
[2025-04-28T21:32:54.790+0000] {logging_mixin.py:190} INFO - [2025-04-28T21:32:54.789+0000] {dagbag.py:588} INFO - Filling up the DagBag from /opt/airflow/dags/dag_with_python_operator.py
[2025-04-28T21:32:54.816+0000] {processor.py:925} INFO - DAG(s) 'first_with_python_v4' retrieved from /opt/airflow/dags/dag_with_python_operator.py
[2025-04-28T21:32:54.852+0000] {logging_mixin.py:190} INFO - [2025-04-28T21:32:54.851+0000] {dag.py:3239} INFO - Sync 1 DAGs
[2025-04-28T21:32:54.902+0000] {logging_mixin.py:190} INFO - [2025-04-28T21:32:54.901+0000] {dag.py:4180} INFO - Setting next_dagrun for first_with_python_v4 to 2025-02-28 00:00:00+00:00, run_after=2025-03-01 00:00:00+00:00
[2025-04-28T21:32:54.937+0000] {processor.py:208} INFO - Processing /opt/airflow/dags/dag_with_python_operator.py took 0.166 seconds
[2025-04-28T21:33:25.388+0000] {processor.py:186} INFO - Started process (PID=1451) to work on /opt/airflow/dags/dag_with_python_operator.py
[2025-04-28T21:33:25.389+0000] {processor.py:914} INFO - Processing file /opt/airflow/dags/dag_with_python_operator.py for tasks to queue
[2025-04-28T21:33:25.394+0000] {logging_mixin.py:190} INFO - [2025-04-28T21:33:25.394+0000] {dagbag.py:588} INFO - Filling up the DagBag from /opt/airflow/dags/dag_with_python_operator.py
[2025-04-28T21:33:25.423+0000] {processor.py:925} INFO - DAG(s) 'first_with_python_v4' retrieved from /opt/airflow/dags/dag_with_python_operator.py
[2025-04-28T21:33:25.467+0000] {logging_mixin.py:190} INFO - [2025-04-28T21:33:25.466+0000] {dag.py:3239} INFO - Sync 1 DAGs
[2025-04-28T21:33:25.508+0000] {logging_mixin.py:190} INFO - [2025-04-28T21:33:25.507+0000] {dag.py:4180} INFO - Setting next_dagrun for first_with_python_v4 to 2025-02-28 00:00:00+00:00, run_after=2025-03-01 00:00:00+00:00
[2025-04-28T21:33:25.545+0000] {processor.py:208} INFO - Processing /opt/airflow/dags/dag_with_python_operator.py took 0.167 seconds
[2025-04-28T21:33:55.882+0000] {processor.py:186} INFO - Started process (PID=1472) to work on /opt/airflow/dags/dag_with_python_operator.py
[2025-04-28T21:33:55.883+0000] {processor.py:914} INFO - Processing file /opt/airflow/dags/dag_with_python_operator.py for tasks to queue
[2025-04-28T21:33:55.887+0000] {logging_mixin.py:190} INFO - [2025-04-28T21:33:55.886+0000] {dagbag.py:588} INFO - Filling up the DagBag from /opt/airflow/dags/dag_with_python_operator.py
[2025-04-28T21:33:55.904+0000] {processor.py:925} INFO - DAG(s) 'first_with_python_v4' retrieved from /opt/airflow/dags/dag_with_python_operator.py
[2025-04-28T21:33:55.929+0000] {logging_mixin.py:190} INFO - [2025-04-28T21:33:55.929+0000] {dag.py:3239} INFO - Sync 1 DAGs
[2025-04-28T21:33:55.952+0000] {logging_mixin.py:190} INFO - [2025-04-28T21:33:55.952+0000] {dag.py:4180} INFO - Setting next_dagrun for first_with_python_v4 to 2025-02-28 00:00:00+00:00, run_after=2025-03-01 00:00:00+00:00
[2025-04-28T21:33:55.973+0000] {processor.py:208} INFO - Processing /opt/airflow/dags/dag_with_python_operator.py took 0.097 seconds
[2025-04-28T21:34:26.340+0000] {processor.py:186} INFO - Started process (PID=1493) to work on /opt/airflow/dags/dag_with_python_operator.py
[2025-04-28T21:34:26.345+0000] {processor.py:914} INFO - Processing file /opt/airflow/dags/dag_with_python_operator.py for tasks to queue
[2025-04-28T21:34:26.351+0000] {logging_mixin.py:190} INFO - [2025-04-28T21:34:26.351+0000] {dagbag.py:588} INFO - Filling up the DagBag from /opt/airflow/dags/dag_with_python_operator.py
[2025-04-28T21:34:26.382+0000] {processor.py:925} INFO - DAG(s) 'first_with_python_v4' retrieved from /opt/airflow/dags/dag_with_python_operator.py
[2025-04-28T21:34:26.425+0000] {logging_mixin.py:190} INFO - [2025-04-28T21:34:26.424+0000] {dag.py:3239} INFO - Sync 1 DAGs
[2025-04-28T21:34:26.465+0000] {logging_mixin.py:190} INFO - [2025-04-28T21:34:26.464+0000] {dag.py:4180} INFO - Setting next_dagrun for first_with_python_v4 to 2025-02-28 00:00:00+00:00, run_after=2025-03-01 00:00:00+00:00
[2025-04-28T21:34:26.492+0000] {processor.py:208} INFO - Processing /opt/airflow/dags/dag_with_python_operator.py took 0.161 seconds
[2025-04-28T21:34:56.852+0000] {processor.py:186} INFO - Started process (PID=1514) to work on /opt/airflow/dags/dag_with_python_operator.py
[2025-04-28T21:34:56.854+0000] {processor.py:914} INFO - Processing file /opt/airflow/dags/dag_with_python_operator.py for tasks to queue
[2025-04-28T21:34:56.858+0000] {logging_mixin.py:190} INFO - [2025-04-28T21:34:56.857+0000] {dagbag.py:588} INFO - Filling up the DagBag from /opt/airflow/dags/dag_with_python_operator.py
[2025-04-28T21:34:56.880+0000] {processor.py:925} INFO - DAG(s) 'first_with_python_v4' retrieved from /opt/airflow/dags/dag_with_python_operator.py
[2025-04-28T21:34:56.906+0000] {logging_mixin.py:190} INFO - [2025-04-28T21:34:56.905+0000] {dag.py:3239} INFO - Sync 1 DAGs
[2025-04-28T21:34:56.932+0000] {logging_mixin.py:190} INFO - [2025-04-28T21:34:56.931+0000] {dag.py:4180} INFO - Setting next_dagrun for first_with_python_v4 to 2025-02-28 00:00:00+00:00, run_after=2025-03-01 00:00:00+00:00
[2025-04-28T21:34:56.952+0000] {processor.py:208} INFO - Processing /opt/airflow/dags/dag_with_python_operator.py took 0.105 seconds
[2025-04-28T21:35:27.336+0000] {processor.py:186} INFO - Started process (PID=1535) to work on /opt/airflow/dags/dag_with_python_operator.py
[2025-04-28T21:35:27.338+0000] {processor.py:914} INFO - Processing file /opt/airflow/dags/dag_with_python_operator.py for tasks to queue
[2025-04-28T21:35:27.344+0000] {logging_mixin.py:190} INFO - [2025-04-28T21:35:27.343+0000] {dagbag.py:588} INFO - Filling up the DagBag from /opt/airflow/dags/dag_with_python_operator.py
[2025-04-28T21:35:27.370+0000] {processor.py:925} INFO - DAG(s) 'first_with_python_v4' retrieved from /opt/airflow/dags/dag_with_python_operator.py
[2025-04-28T21:35:27.407+0000] {logging_mixin.py:190} INFO - [2025-04-28T21:35:27.407+0000] {dag.py:3239} INFO - Sync 1 DAGs
[2025-04-28T21:35:27.445+0000] {logging_mixin.py:190} INFO - [2025-04-28T21:35:27.445+0000] {dag.py:4180} INFO - Setting next_dagrun for first_with_python_v4 to 2025-02-28 00:00:00+00:00, run_after=2025-03-01 00:00:00+00:00
[2025-04-28T21:35:27.476+0000] {processor.py:208} INFO - Processing /opt/airflow/dags/dag_with_python_operator.py took 0.150 seconds
[2025-04-28T21:35:57.925+0000] {processor.py:186} INFO - Started process (PID=1562) to work on /opt/airflow/dags/dag_with_python_operator.py
[2025-04-28T21:35:57.928+0000] {processor.py:914} INFO - Processing file /opt/airflow/dags/dag_with_python_operator.py for tasks to queue
[2025-04-28T21:35:57.933+0000] {logging_mixin.py:190} INFO - [2025-04-28T21:35:57.933+0000] {dagbag.py:588} INFO - Filling up the DagBag from /opt/airflow/dags/dag_with_python_operator.py
[2025-04-28T21:35:57.970+0000] {processor.py:925} INFO - DAG(s) 'first_with_python_v4' retrieved from /opt/airflow/dags/dag_with_python_operator.py
[2025-04-28T21:35:58.019+0000] {logging_mixin.py:190} INFO - [2025-04-28T21:35:58.018+0000] {dag.py:3239} INFO - Sync 1 DAGs
[2025-04-28T21:35:58.059+0000] {logging_mixin.py:190} INFO - [2025-04-28T21:35:58.059+0000] {dag.py:4180} INFO - Setting next_dagrun for first_with_python_v4 to 2025-02-28 00:00:00+00:00, run_after=2025-03-01 00:00:00+00:00
[2025-04-28T21:35:58.090+0000] {processor.py:208} INFO - Processing /opt/airflow/dags/dag_with_python_operator.py took 0.173 seconds
[2025-04-28T21:36:28.429+0000] {processor.py:186} INFO - Started process (PID=1583) to work on /opt/airflow/dags/dag_with_python_operator.py
[2025-04-28T21:36:28.431+0000] {processor.py:914} INFO - Processing file /opt/airflow/dags/dag_with_python_operator.py for tasks to queue
[2025-04-28T21:36:28.437+0000] {logging_mixin.py:190} INFO - [2025-04-28T21:36:28.437+0000] {dagbag.py:588} INFO - Filling up the DagBag from /opt/airflow/dags/dag_with_python_operator.py
[2025-04-28T21:36:28.469+0000] {processor.py:925} INFO - DAG(s) 'first_with_python_v4' retrieved from /opt/airflow/dags/dag_with_python_operator.py
[2025-04-28T21:36:28.512+0000] {logging_mixin.py:190} INFO - [2025-04-28T21:36:28.511+0000] {dag.py:3239} INFO - Sync 1 DAGs
[2025-04-28T21:36:28.552+0000] {logging_mixin.py:190} INFO - [2025-04-28T21:36:28.551+0000] {dag.py:4180} INFO - Setting next_dagrun for first_with_python_v4 to 2025-02-28 00:00:00+00:00, run_after=2025-03-01 00:00:00+00:00
[2025-04-28T21:36:28.590+0000] {processor.py:208} INFO - Processing /opt/airflow/dags/dag_with_python_operator.py took 0.168 seconds
[2025-04-28T21:36:59.003+0000] {processor.py:186} INFO - Started process (PID=1604) to work on /opt/airflow/dags/dag_with_python_operator.py
[2025-04-28T21:36:59.005+0000] {processor.py:914} INFO - Processing file /opt/airflow/dags/dag_with_python_operator.py for tasks to queue
[2025-04-28T21:36:59.011+0000] {logging_mixin.py:190} INFO - [2025-04-28T21:36:59.010+0000] {dagbag.py:588} INFO - Filling up the DagBag from /opt/airflow/dags/dag_with_python_operator.py
[2025-04-28T21:36:59.041+0000] {processor.py:925} INFO - DAG(s) 'first_with_python_v4' retrieved from /opt/airflow/dags/dag_with_python_operator.py
[2025-04-28T21:36:59.077+0000] {logging_mixin.py:190} INFO - [2025-04-28T21:36:59.076+0000] {dag.py:3239} INFO - Sync 1 DAGs
[2025-04-28T21:36:59.111+0000] {logging_mixin.py:190} INFO - [2025-04-28T21:36:59.110+0000] {dag.py:4180} INFO - Setting next_dagrun for first_with_python_v4 to 2025-02-28 00:00:00+00:00, run_after=2025-03-01 00:00:00+00:00
[2025-04-28T21:36:59.139+0000] {processor.py:208} INFO - Processing /opt/airflow/dags/dag_with_python_operator.py took 0.144 seconds
[2025-04-28T21:37:29.510+0000] {processor.py:186} INFO - Started process (PID=1625) to work on /opt/airflow/dags/dag_with_python_operator.py
[2025-04-28T21:37:29.512+0000] {processor.py:914} INFO - Processing file /opt/airflow/dags/dag_with_python_operator.py for tasks to queue
[2025-04-28T21:37:29.518+0000] {logging_mixin.py:190} INFO - [2025-04-28T21:37:29.517+0000] {dagbag.py:588} INFO - Filling up the DagBag from /opt/airflow/dags/dag_with_python_operator.py
[2025-04-28T21:37:29.548+0000] {processor.py:925} INFO - DAG(s) 'first_with_python_v4' retrieved from /opt/airflow/dags/dag_with_python_operator.py
[2025-04-28T21:37:29.600+0000] {logging_mixin.py:190} INFO - [2025-04-28T21:37:29.599+0000] {dag.py:3239} INFO - Sync 1 DAGs
[2025-04-28T21:37:29.637+0000] {logging_mixin.py:190} INFO - [2025-04-28T21:37:29.637+0000] {dag.py:4180} INFO - Setting next_dagrun for first_with_python_v4 to 2025-02-28 00:00:00+00:00, run_after=2025-03-01 00:00:00+00:00
[2025-04-28T21:37:29.673+0000] {processor.py:208} INFO - Processing /opt/airflow/dags/dag_with_python_operator.py took 0.173 seconds
[2025-04-28T21:38:00.031+0000] {processor.py:186} INFO - Started process (PID=1646) to work on /opt/airflow/dags/dag_with_python_operator.py
[2025-04-28T21:38:00.034+0000] {processor.py:914} INFO - Processing file /opt/airflow/dags/dag_with_python_operator.py for tasks to queue
[2025-04-28T21:38:00.039+0000] {logging_mixin.py:190} INFO - [2025-04-28T21:38:00.039+0000] {dagbag.py:588} INFO - Filling up the DagBag from /opt/airflow/dags/dag_with_python_operator.py
[2025-04-28T21:38:00.067+0000] {processor.py:925} INFO - DAG(s) 'first_with_python_v4' retrieved from /opt/airflow/dags/dag_with_python_operator.py
[2025-04-28T21:38:00.105+0000] {logging_mixin.py:190} INFO - [2025-04-28T21:38:00.105+0000] {dag.py:3239} INFO - Sync 1 DAGs
[2025-04-28T21:38:00.149+0000] {logging_mixin.py:190} INFO - [2025-04-28T21:38:00.149+0000] {dag.py:4180} INFO - Setting next_dagrun for first_with_python_v4 to 2025-02-28 00:00:00+00:00, run_after=2025-03-01 00:00:00+00:00
[2025-04-28T21:38:00.182+0000] {processor.py:208} INFO - Processing /opt/airflow/dags/dag_with_python_operator.py took 0.161 seconds
[2025-04-28T21:38:30.573+0000] {processor.py:186} INFO - Started process (PID=1667) to work on /opt/airflow/dags/dag_with_python_operator.py
[2025-04-28T21:38:30.576+0000] {processor.py:914} INFO - Processing file /opt/airflow/dags/dag_with_python_operator.py for tasks to queue
[2025-04-28T21:38:30.581+0000] {logging_mixin.py:190} INFO - [2025-04-28T21:38:30.580+0000] {dagbag.py:588} INFO - Filling up the DagBag from /opt/airflow/dags/dag_with_python_operator.py
[2025-04-28T21:38:30.609+0000] {processor.py:925} INFO - DAG(s) 'first_with_python_v4' retrieved from /opt/airflow/dags/dag_with_python_operator.py
[2025-04-28T21:38:30.649+0000] {logging_mixin.py:190} INFO - [2025-04-28T21:38:30.648+0000] {dag.py:3239} INFO - Sync 1 DAGs
[2025-04-28T21:38:30.693+0000] {logging_mixin.py:190} INFO - [2025-04-28T21:38:30.692+0000] {dag.py:4180} INFO - Setting next_dagrun for first_with_python_v4 to 2025-02-28 00:00:00+00:00, run_after=2025-03-01 00:00:00+00:00
[2025-04-28T21:38:30.730+0000] {processor.py:208} INFO - Processing /opt/airflow/dags/dag_with_python_operator.py took 0.167 seconds
[2025-04-28T21:39:01.087+0000] {processor.py:186} INFO - Started process (PID=1688) to work on /opt/airflow/dags/dag_with_python_operator.py
[2025-04-28T21:39:01.090+0000] {processor.py:914} INFO - Processing file /opt/airflow/dags/dag_with_python_operator.py for tasks to queue
[2025-04-28T21:39:01.092+0000] {logging_mixin.py:190} INFO - [2025-04-28T21:39:01.092+0000] {dagbag.py:588} INFO - Filling up the DagBag from /opt/airflow/dags/dag_with_python_operator.py
[2025-04-28T21:39:01.112+0000] {processor.py:925} INFO - DAG(s) 'first_with_python_v4' retrieved from /opt/airflow/dags/dag_with_python_operator.py
[2025-04-28T21:39:01.133+0000] {logging_mixin.py:190} INFO - [2025-04-28T21:39:01.133+0000] {dag.py:3239} INFO - Sync 1 DAGs
[2025-04-28T21:39:01.153+0000] {logging_mixin.py:190} INFO - [2025-04-28T21:39:01.153+0000] {dag.py:4180} INFO - Setting next_dagrun for first_with_python_v4 to 2025-02-28 00:00:00+00:00, run_after=2025-03-01 00:00:00+00:00
[2025-04-28T21:39:01.171+0000] {processor.py:208} INFO - Processing /opt/airflow/dags/dag_with_python_operator.py took 0.089 seconds
[2025-04-28T21:39:31.496+0000] {processor.py:186} INFO - Started process (PID=1709) to work on /opt/airflow/dags/dag_with_python_operator.py
[2025-04-28T21:39:31.497+0000] {processor.py:914} INFO - Processing file /opt/airflow/dags/dag_with_python_operator.py for tasks to queue
[2025-04-28T21:39:31.500+0000] {logging_mixin.py:190} INFO - [2025-04-28T21:39:31.500+0000] {dagbag.py:588} INFO - Filling up the DagBag from /opt/airflow/dags/dag_with_python_operator.py
[2025-04-28T21:39:31.518+0000] {processor.py:925} INFO - DAG(s) 'first_with_python_v4' retrieved from /opt/airflow/dags/dag_with_python_operator.py
[2025-04-28T21:39:31.541+0000] {logging_mixin.py:190} INFO - [2025-04-28T21:39:31.540+0000] {dag.py:3239} INFO - Sync 1 DAGs
[2025-04-28T21:39:31.561+0000] {logging_mixin.py:190} INFO - [2025-04-28T21:39:31.561+0000] {dag.py:4180} INFO - Setting next_dagrun for first_with_python_v4 to 2025-02-28 00:00:00+00:00, run_after=2025-03-01 00:00:00+00:00
[2025-04-28T21:39:31.581+0000] {processor.py:208} INFO - Processing /opt/airflow/dags/dag_with_python_operator.py took 0.090 seconds
[2025-04-28T21:40:01.967+0000] {processor.py:186} INFO - Started process (PID=1730) to work on /opt/airflow/dags/dag_with_python_operator.py
[2025-04-28T21:40:01.969+0000] {processor.py:914} INFO - Processing file /opt/airflow/dags/dag_with_python_operator.py for tasks to queue
[2025-04-28T21:40:01.974+0000] {logging_mixin.py:190} INFO - [2025-04-28T21:40:01.973+0000] {dagbag.py:588} INFO - Filling up the DagBag from /opt/airflow/dags/dag_with_python_operator.py
[2025-04-28T21:40:02.002+0000] {processor.py:925} INFO - DAG(s) 'first_with_python_v4' retrieved from /opt/airflow/dags/dag_with_python_operator.py
[2025-04-28T21:40:02.040+0000] {logging_mixin.py:190} INFO - [2025-04-28T21:40:02.039+0000] {dag.py:3239} INFO - Sync 1 DAGs
[2025-04-28T21:40:02.076+0000] {logging_mixin.py:190} INFO - [2025-04-28T21:40:02.076+0000] {dag.py:4180} INFO - Setting next_dagrun for first_with_python_v4 to 2025-02-28 00:00:00+00:00, run_after=2025-03-01 00:00:00+00:00
[2025-04-28T21:40:02.106+0000] {processor.py:208} INFO - Processing /opt/airflow/dags/dag_with_python_operator.py took 0.149 seconds
[2025-04-28T21:40:32.470+0000] {processor.py:186} INFO - Started process (PID=1751) to work on /opt/airflow/dags/dag_with_python_operator.py
[2025-04-28T21:40:32.472+0000] {processor.py:914} INFO - Processing file /opt/airflow/dags/dag_with_python_operator.py for tasks to queue
[2025-04-28T21:40:32.476+0000] {logging_mixin.py:190} INFO - [2025-04-28T21:40:32.475+0000] {dagbag.py:588} INFO - Filling up the DagBag from /opt/airflow/dags/dag_with_python_operator.py
[2025-04-28T21:40:32.502+0000] {processor.py:925} INFO - DAG(s) 'first_with_python_v4' retrieved from /opt/airflow/dags/dag_with_python_operator.py
[2025-04-28T21:40:32.535+0000] {logging_mixin.py:190} INFO - [2025-04-28T21:40:32.534+0000] {dag.py:3239} INFO - Sync 1 DAGs
[2025-04-28T21:40:32.569+0000] {logging_mixin.py:190} INFO - [2025-04-28T21:40:32.569+0000] {dag.py:4180} INFO - Setting next_dagrun for first_with_python_v4 to 2025-02-28 00:00:00+00:00, run_after=2025-03-01 00:00:00+00:00
[2025-04-28T21:40:32.599+0000] {processor.py:208} INFO - Processing /opt/airflow/dags/dag_with_python_operator.py took 0.138 seconds
[2025-04-28T21:41:03.010+0000] {processor.py:186} INFO - Started process (PID=1772) to work on /opt/airflow/dags/dag_with_python_operator.py
[2025-04-28T21:41:03.013+0000] {processor.py:914} INFO - Processing file /opt/airflow/dags/dag_with_python_operator.py for tasks to queue
[2025-04-28T21:41:03.019+0000] {logging_mixin.py:190} INFO - [2025-04-28T21:41:03.019+0000] {dagbag.py:588} INFO - Filling up the DagBag from /opt/airflow/dags/dag_with_python_operator.py
[2025-04-28T21:41:03.055+0000] {processor.py:925} INFO - DAG(s) 'first_with_python_v4' retrieved from /opt/airflow/dags/dag_with_python_operator.py
[2025-04-28T21:41:03.098+0000] {logging_mixin.py:190} INFO - [2025-04-28T21:41:03.097+0000] {dag.py:3239} INFO - Sync 1 DAGs
[2025-04-28T21:41:03.141+0000] {logging_mixin.py:190} INFO - [2025-04-28T21:41:03.141+0000] {dag.py:4180} INFO - Setting next_dagrun for first_with_python_v4 to 2025-02-28 00:00:00+00:00, run_after=2025-03-01 00:00:00+00:00
[2025-04-28T21:41:03.172+0000] {processor.py:208} INFO - Processing /opt/airflow/dags/dag_with_python_operator.py took 0.176 seconds
[2025-04-28T21:41:33.561+0000] {processor.py:186} INFO - Started process (PID=1793) to work on /opt/airflow/dags/dag_with_python_operator.py
[2025-04-28T21:41:33.563+0000] {processor.py:914} INFO - Processing file /opt/airflow/dags/dag_with_python_operator.py for tasks to queue
[2025-04-28T21:41:33.569+0000] {logging_mixin.py:190} INFO - [2025-04-28T21:41:33.568+0000] {dagbag.py:588} INFO - Filling up the DagBag from /opt/airflow/dags/dag_with_python_operator.py
[2025-04-28T21:41:33.594+0000] {processor.py:925} INFO - DAG(s) 'first_with_python_v4' retrieved from /opt/airflow/dags/dag_with_python_operator.py
[2025-04-28T21:41:33.622+0000] {logging_mixin.py:190} INFO - [2025-04-28T21:41:33.622+0000] {dag.py:3239} INFO - Sync 1 DAGs
[2025-04-28T21:41:33.659+0000] {logging_mixin.py:190} INFO - [2025-04-28T21:41:33.659+0000] {dag.py:4180} INFO - Setting next_dagrun for first_with_python_v4 to 2025-02-28 00:00:00+00:00, run_after=2025-03-01 00:00:00+00:00
[2025-04-28T21:41:33.697+0000] {processor.py:208} INFO - Processing /opt/airflow/dags/dag_with_python_operator.py took 0.146 seconds
[2025-04-28T21:42:04.107+0000] {processor.py:186} INFO - Started process (PID=1814) to work on /opt/airflow/dags/dag_with_python_operator.py
[2025-04-28T21:42:04.109+0000] {processor.py:914} INFO - Processing file /opt/airflow/dags/dag_with_python_operator.py for tasks to queue
[2025-04-28T21:42:04.114+0000] {logging_mixin.py:190} INFO - [2025-04-28T21:42:04.114+0000] {dagbag.py:588} INFO - Filling up the DagBag from /opt/airflow/dags/dag_with_python_operator.py
[2025-04-28T21:42:04.190+0000] {processor.py:925} INFO - DAG(s) 'first_with_python_v4' retrieved from /opt/airflow/dags/dag_with_python_operator.py
[2025-04-28T21:42:04.243+0000] {logging_mixin.py:190} INFO - [2025-04-28T21:42:04.242+0000] {dag.py:3239} INFO - Sync 1 DAGs
[2025-04-28T21:42:04.281+0000] {logging_mixin.py:190} INFO - [2025-04-28T21:42:04.280+0000] {dag.py:4180} INFO - Setting next_dagrun for first_with_python_v4 to 2025-02-28 00:00:00+00:00, run_after=2025-03-01 00:00:00+00:00
[2025-04-28T21:42:04.307+0000] {processor.py:208} INFO - Processing /opt/airflow/dags/dag_with_python_operator.py took 0.209 seconds
[2025-04-28T21:42:34.662+0000] {processor.py:186} INFO - Started process (PID=1835) to work on /opt/airflow/dags/dag_with_python_operator.py
[2025-04-28T21:42:34.665+0000] {processor.py:914} INFO - Processing file /opt/airflow/dags/dag_with_python_operator.py for tasks to queue
[2025-04-28T21:42:34.671+0000] {logging_mixin.py:190} INFO - [2025-04-28T21:42:34.671+0000] {dagbag.py:588} INFO - Filling up the DagBag from /opt/airflow/dags/dag_with_python_operator.py
[2025-04-28T21:42:34.704+0000] {processor.py:925} INFO - DAG(s) 'first_with_python_v4' retrieved from /opt/airflow/dags/dag_with_python_operator.py
[2025-04-28T21:42:34.747+0000] {logging_mixin.py:190} INFO - [2025-04-28T21:42:34.746+0000] {dag.py:3239} INFO - Sync 1 DAGs
[2025-04-28T21:42:34.786+0000] {logging_mixin.py:190} INFO - [2025-04-28T21:42:34.786+0000] {dag.py:4180} INFO - Setting next_dagrun for first_with_python_v4 to 2025-02-28 00:00:00+00:00, run_after=2025-03-01 00:00:00+00:00
[2025-04-28T21:42:34.819+0000] {processor.py:208} INFO - Processing /opt/airflow/dags/dag_with_python_operator.py took 0.166 seconds
[2025-04-28T21:43:05.287+0000] {processor.py:186} INFO - Started process (PID=1856) to work on /opt/airflow/dags/dag_with_python_operator.py
[2025-04-28T21:43:05.291+0000] {processor.py:914} INFO - Processing file /opt/airflow/dags/dag_with_python_operator.py for tasks to queue
[2025-04-28T21:43:05.300+0000] {logging_mixin.py:190} INFO - [2025-04-28T21:43:05.299+0000] {dagbag.py:588} INFO - Filling up the DagBag from /opt/airflow/dags/dag_with_python_operator.py
[2025-04-28T21:43:05.357+0000] {processor.py:925} INFO - DAG(s) 'first_with_python_v4' retrieved from /opt/airflow/dags/dag_with_python_operator.py
[2025-04-28T21:43:05.410+0000] {logging_mixin.py:190} INFO - [2025-04-28T21:43:05.408+0000] {dag.py:3239} INFO - Sync 1 DAGs
[2025-04-28T21:43:05.507+0000] {logging_mixin.py:190} INFO - [2025-04-28T21:43:05.506+0000] {dag.py:4180} INFO - Setting next_dagrun for first_with_python_v4 to 2025-02-28 00:00:00+00:00, run_after=2025-03-01 00:00:00+00:00
[2025-04-28T21:43:05.548+0000] {processor.py:208} INFO - Processing /opt/airflow/dags/dag_with_python_operator.py took 0.280 seconds
[2025-04-28T21:43:36.055+0000] {processor.py:186} INFO - Started process (PID=1877) to work on /opt/airflow/dags/dag_with_python_operator.py
[2025-04-28T21:43:36.058+0000] {processor.py:914} INFO - Processing file /opt/airflow/dags/dag_with_python_operator.py for tasks to queue
[2025-04-28T21:43:36.063+0000] {logging_mixin.py:190} INFO - [2025-04-28T21:43:36.062+0000] {dagbag.py:588} INFO - Filling up the DagBag from /opt/airflow/dags/dag_with_python_operator.py
[2025-04-28T21:43:36.093+0000] {processor.py:925} INFO - DAG(s) 'first_with_python_v4' retrieved from /opt/airflow/dags/dag_with_python_operator.py
[2025-04-28T21:43:36.129+0000] {logging_mixin.py:190} INFO - [2025-04-28T21:43:36.128+0000] {dag.py:3239} INFO - Sync 1 DAGs
[2025-04-28T21:43:36.165+0000] {logging_mixin.py:190} INFO - [2025-04-28T21:43:36.165+0000] {dag.py:4180} INFO - Setting next_dagrun for first_with_python_v4 to 2025-02-28 00:00:00+00:00, run_after=2025-03-01 00:00:00+00:00
[2025-04-28T21:43:36.195+0000] {processor.py:208} INFO - Processing /opt/airflow/dags/dag_with_python_operator.py took 0.149 seconds
[2025-04-28T21:44:06.571+0000] {processor.py:186} INFO - Started process (PID=1898) to work on /opt/airflow/dags/dag_with_python_operator.py
[2025-04-28T21:44:06.572+0000] {processor.py:914} INFO - Processing file /opt/airflow/dags/dag_with_python_operator.py for tasks to queue
[2025-04-28T21:44:06.576+0000] {logging_mixin.py:190} INFO - [2025-04-28T21:44:06.575+0000] {dagbag.py:588} INFO - Filling up the DagBag from /opt/airflow/dags/dag_with_python_operator.py
[2025-04-28T21:44:06.588+0000] {processor.py:925} INFO - DAG(s) 'first_with_python_v4' retrieved from /opt/airflow/dags/dag_with_python_operator.py
[2025-04-28T21:44:06.607+0000] {logging_mixin.py:190} INFO - [2025-04-28T21:44:06.607+0000] {dag.py:3239} INFO - Sync 1 DAGs
[2025-04-28T21:44:06.627+0000] {logging_mixin.py:190} INFO - [2025-04-28T21:44:06.627+0000] {dag.py:4180} INFO - Setting next_dagrun for first_with_python_v4 to 2025-02-28 00:00:00+00:00, run_after=2025-03-01 00:00:00+00:00
[2025-04-28T21:44:06.645+0000] {processor.py:208} INFO - Processing /opt/airflow/dags/dag_with_python_operator.py took 0.079 seconds
[2025-04-28T22:16:07.779+0000] {processor.py:186} INFO - Started process (PID=1920) to work on /opt/airflow/dags/dag_with_python_operator.py
[2025-04-28T22:16:07.782+0000] {processor.py:914} INFO - Processing file /opt/airflow/dags/dag_with_python_operator.py for tasks to queue
[2025-04-28T22:16:07.787+0000] {logging_mixin.py:190} INFO - [2025-04-28T22:16:07.786+0000] {dagbag.py:588} INFO - Filling up the DagBag from /opt/airflow/dags/dag_with_python_operator.py
[2025-04-28T22:16:07.809+0000] {processor.py:925} INFO - DAG(s) 'first_with_python_v4' retrieved from /opt/airflow/dags/dag_with_python_operator.py
[2025-04-28T22:16:07.838+0000] {logging_mixin.py:190} INFO - [2025-04-28T22:16:07.837+0000] {dag.py:3239} INFO - Sync 1 DAGs
[2025-04-28T22:16:07.864+0000] {logging_mixin.py:190} INFO - [2025-04-28T22:16:07.863+0000] {dag.py:4180} INFO - Setting next_dagrun for first_with_python_v4 to 2025-02-28 00:00:00+00:00, run_after=2025-03-01 00:00:00+00:00
[2025-04-28T22:16:07.891+0000] {processor.py:208} INFO - Processing /opt/airflow/dags/dag_with_python_operator.py took 0.118 seconds
[2025-04-28T22:16:38.181+0000] {processor.py:186} INFO - Started process (PID=1941) to work on /opt/airflow/dags/dag_with_python_operator.py
[2025-04-28T22:16:38.182+0000] {processor.py:914} INFO - Processing file /opt/airflow/dags/dag_with_python_operator.py for tasks to queue
[2025-04-28T22:16:38.184+0000] {logging_mixin.py:190} INFO - [2025-04-28T22:16:38.184+0000] {dagbag.py:588} INFO - Filling up the DagBag from /opt/airflow/dags/dag_with_python_operator.py
[2025-04-28T22:16:38.207+0000] {processor.py:925} INFO - DAG(s) 'first_with_python_v4' retrieved from /opt/airflow/dags/dag_with_python_operator.py
[2025-04-28T22:16:38.228+0000] {logging_mixin.py:190} INFO - [2025-04-28T22:16:38.228+0000] {dag.py:3239} INFO - Sync 1 DAGs
[2025-04-28T22:16:38.248+0000] {logging_mixin.py:190} INFO - [2025-04-28T22:16:38.247+0000] {dag.py:4180} INFO - Setting next_dagrun for first_with_python_v4 to 2025-02-28 00:00:00+00:00, run_after=2025-03-01 00:00:00+00:00
[2025-04-28T22:16:38.267+0000] {processor.py:208} INFO - Processing /opt/airflow/dags/dag_with_python_operator.py took 0.091 seconds
[2025-04-28T22:17:08.560+0000] {processor.py:186} INFO - Started process (PID=1961) to work on /opt/airflow/dags/dag_with_python_operator.py
[2025-04-28T22:17:08.563+0000] {processor.py:914} INFO - Processing file /opt/airflow/dags/dag_with_python_operator.py for tasks to queue
[2025-04-28T22:17:08.567+0000] {logging_mixin.py:190} INFO - [2025-04-28T22:17:08.567+0000] {dagbag.py:588} INFO - Filling up the DagBag from /opt/airflow/dags/dag_with_python_operator.py
[2025-04-28T22:17:08.585+0000] {processor.py:925} INFO - DAG(s) 'first_with_python_v4' retrieved from /opt/airflow/dags/dag_with_python_operator.py
[2025-04-28T22:17:08.610+0000] {logging_mixin.py:190} INFO - [2025-04-28T22:17:08.610+0000] {dag.py:3239} INFO - Sync 1 DAGs
[2025-04-28T22:17:08.634+0000] {logging_mixin.py:190} INFO - [2025-04-28T22:17:08.634+0000] {dag.py:4180} INFO - Setting next_dagrun for first_with_python_v4 to 2025-02-28 00:00:00+00:00, run_after=2025-03-01 00:00:00+00:00
[2025-04-28T22:17:08.656+0000] {processor.py:208} INFO - Processing /opt/airflow/dags/dag_with_python_operator.py took 0.101 seconds
[2025-04-28T22:17:39.129+0000] {processor.py:186} INFO - Started process (PID=1981) to work on /opt/airflow/dags/dag_with_python_operator.py
[2025-04-28T22:17:39.132+0000] {processor.py:914} INFO - Processing file /opt/airflow/dags/dag_with_python_operator.py for tasks to queue
[2025-04-28T22:17:39.138+0000] {logging_mixin.py:190} INFO - [2025-04-28T22:17:39.138+0000] {dagbag.py:588} INFO - Filling up the DagBag from /opt/airflow/dags/dag_with_python_operator.py
[2025-04-28T22:17:39.166+0000] {processor.py:925} INFO - DAG(s) 'first_with_python_v4' retrieved from /opt/airflow/dags/dag_with_python_operator.py
[2025-04-28T22:17:39.195+0000] {logging_mixin.py:190} INFO - [2025-04-28T22:17:39.195+0000] {dag.py:3239} INFO - Sync 1 DAGs
[2025-04-28T22:17:39.224+0000] {logging_mixin.py:190} INFO - [2025-04-28T22:17:39.224+0000] {dag.py:4180} INFO - Setting next_dagrun for first_with_python_v4 to 2025-02-28 00:00:00+00:00, run_after=2025-03-01 00:00:00+00:00
[2025-04-28T22:17:39.253+0000] {processor.py:208} INFO - Processing /opt/airflow/dags/dag_with_python_operator.py took 0.134 seconds
[2025-04-28T22:18:09.946+0000] {processor.py:186} INFO - Started process (PID=2002) to work on /opt/airflow/dags/dag_with_python_operator.py
[2025-04-28T22:18:09.952+0000] {processor.py:914} INFO - Processing file /opt/airflow/dags/dag_with_python_operator.py for tasks to queue
[2025-04-28T22:18:09.960+0000] {logging_mixin.py:190} INFO - [2025-04-28T22:18:09.959+0000] {dagbag.py:588} INFO - Filling up the DagBag from /opt/airflow/dags/dag_with_python_operator.py
[2025-04-28T22:18:10.026+0000] {processor.py:925} INFO - DAG(s) 'first_with_python_v4' retrieved from /opt/airflow/dags/dag_with_python_operator.py
[2025-04-28T22:18:10.105+0000] {logging_mixin.py:190} INFO - [2025-04-28T22:18:10.103+0000] {dag.py:3239} INFO - Sync 1 DAGs
[2025-04-28T22:18:10.182+0000] {logging_mixin.py:190} INFO - [2025-04-28T22:18:10.181+0000] {dag.py:4180} INFO - Setting next_dagrun for first_with_python_v4 to 2025-02-28 00:00:00+00:00, run_after=2025-03-01 00:00:00+00:00
[2025-04-28T22:18:10.236+0000] {processor.py:208} INFO - Processing /opt/airflow/dags/dag_with_python_operator.py took 0.306 seconds
[2025-04-28T22:18:40.460+0000] {processor.py:186} INFO - Started process (PID=2023) to work on /opt/airflow/dags/dag_with_python_operator.py
[2025-04-28T22:18:40.463+0000] {processor.py:914} INFO - Processing file /opt/airflow/dags/dag_with_python_operator.py for tasks to queue
[2025-04-28T22:18:40.469+0000] {logging_mixin.py:190} INFO - [2025-04-28T22:18:40.468+0000] {dagbag.py:588} INFO - Filling up the DagBag from /opt/airflow/dags/dag_with_python_operator.py
[2025-04-28T22:18:40.497+0000] {processor.py:925} INFO - DAG(s) 'first_with_python_v4' retrieved from /opt/airflow/dags/dag_with_python_operator.py
[2025-04-28T22:18:40.533+0000] {logging_mixin.py:190} INFO - [2025-04-28T22:18:40.533+0000] {dag.py:3239} INFO - Sync 1 DAGs
[2025-04-28T22:18:40.567+0000] {logging_mixin.py:190} INFO - [2025-04-28T22:18:40.567+0000] {dag.py:4180} INFO - Setting next_dagrun for first_with_python_v4 to 2025-02-28 00:00:00+00:00, run_after=2025-03-01 00:00:00+00:00
[2025-04-28T22:18:40.593+0000] {processor.py:208} INFO - Processing /opt/airflow/dags/dag_with_python_operator.py took 0.143 seconds
[2025-04-28T22:19:11.076+0000] {processor.py:186} INFO - Started process (PID=2044) to work on /opt/airflow/dags/dag_with_python_operator.py
[2025-04-28T22:19:11.079+0000] {processor.py:914} INFO - Processing file /opt/airflow/dags/dag_with_python_operator.py for tasks to queue
[2025-04-28T22:19:11.083+0000] {logging_mixin.py:190} INFO - [2025-04-28T22:19:11.082+0000] {dagbag.py:588} INFO - Filling up the DagBag from /opt/airflow/dags/dag_with_python_operator.py
[2025-04-28T22:19:11.109+0000] {processor.py:925} INFO - DAG(s) 'first_with_python_v4' retrieved from /opt/airflow/dags/dag_with_python_operator.py
[2025-04-28T22:19:11.145+0000] {logging_mixin.py:190} INFO - [2025-04-28T22:19:11.145+0000] {dag.py:3239} INFO - Sync 1 DAGs
[2025-04-28T22:19:11.176+0000] {logging_mixin.py:190} INFO - [2025-04-28T22:19:11.176+0000] {dag.py:4180} INFO - Setting next_dagrun for first_with_python_v4 to 2025-02-28 00:00:00+00:00, run_after=2025-03-01 00:00:00+00:00
[2025-04-28T22:19:11.200+0000] {processor.py:208} INFO - Processing /opt/airflow/dags/dag_with_python_operator.py took 0.131 seconds
[2025-04-28T22:19:41.706+0000] {processor.py:186} INFO - Started process (PID=2065) to work on /opt/airflow/dags/dag_with_python_operator.py
[2025-04-28T22:19:41.710+0000] {processor.py:914} INFO - Processing file /opt/airflow/dags/dag_with_python_operator.py for tasks to queue
[2025-04-28T22:19:41.719+0000] {logging_mixin.py:190} INFO - [2025-04-28T22:19:41.719+0000] {dagbag.py:588} INFO - Filling up the DagBag from /opt/airflow/dags/dag_with_python_operator.py
[2025-04-28T22:19:41.775+0000] {processor.py:925} INFO - DAG(s) 'first_with_python_v4' retrieved from /opt/airflow/dags/dag_with_python_operator.py
[2025-04-28T22:19:41.855+0000] {logging_mixin.py:190} INFO - [2025-04-28T22:19:41.854+0000] {dag.py:3239} INFO - Sync 1 DAGs
[2025-04-28T22:19:41.919+0000] {logging_mixin.py:190} INFO - [2025-04-28T22:19:41.918+0000] {dag.py:4180} INFO - Setting next_dagrun for first_with_python_v4 to 2025-02-28 00:00:00+00:00, run_after=2025-03-01 00:00:00+00:00
[2025-04-28T22:19:41.983+0000] {processor.py:208} INFO - Processing /opt/airflow/dags/dag_with_python_operator.py took 0.288 seconds
[2025-04-28T22:20:12.171+0000] {processor.py:186} INFO - Started process (PID=2087) to work on /opt/airflow/dags/dag_with_python_operator.py
[2025-04-28T22:20:12.173+0000] {processor.py:914} INFO - Processing file /opt/airflow/dags/dag_with_python_operator.py for tasks to queue
[2025-04-28T22:20:12.176+0000] {logging_mixin.py:190} INFO - [2025-04-28T22:20:12.176+0000] {dagbag.py:588} INFO - Filling up the DagBag from /opt/airflow/dags/dag_with_python_operator.py
[2025-04-28T22:20:12.195+0000] {processor.py:925} INFO - DAG(s) 'first_with_python_v4' retrieved from /opt/airflow/dags/dag_with_python_operator.py
[2025-04-28T22:20:12.217+0000] {logging_mixin.py:190} INFO - [2025-04-28T22:20:12.217+0000] {dag.py:3239} INFO - Sync 1 DAGs
[2025-04-28T22:20:12.240+0000] {logging_mixin.py:190} INFO - [2025-04-28T22:20:12.240+0000] {dag.py:4180} INFO - Setting next_dagrun for first_with_python_v4 to 2025-02-28 00:00:00+00:00, run_after=2025-03-01 00:00:00+00:00
[2025-04-28T22:20:12.255+0000] {processor.py:208} INFO - Processing /opt/airflow/dags/dag_with_python_operator.py took 0.089 seconds
[2025-04-28T22:20:42.757+0000] {processor.py:186} INFO - Started process (PID=2108) to work on /opt/airflow/dags/dag_with_python_operator.py
[2025-04-28T22:20:42.760+0000] {processor.py:914} INFO - Processing file /opt/airflow/dags/dag_with_python_operator.py for tasks to queue
[2025-04-28T22:20:42.764+0000] {logging_mixin.py:190} INFO - [2025-04-28T22:20:42.764+0000] {dagbag.py:588} INFO - Filling up the DagBag from /opt/airflow/dags/dag_with_python_operator.py
[2025-04-28T22:20:42.799+0000] {processor.py:925} INFO - DAG(s) 'first_with_python_v4' retrieved from /opt/airflow/dags/dag_with_python_operator.py
[2025-04-28T22:20:42.830+0000] {logging_mixin.py:190} INFO - [2025-04-28T22:20:42.830+0000] {dag.py:3239} INFO - Sync 1 DAGs
[2025-04-28T22:20:42.857+0000] {logging_mixin.py:190} INFO - [2025-04-28T22:20:42.857+0000] {dag.py:4180} INFO - Setting next_dagrun for first_with_python_v4 to 2025-02-28 00:00:00+00:00, run_after=2025-03-01 00:00:00+00:00
[2025-04-28T22:20:42.886+0000] {processor.py:208} INFO - Processing /opt/airflow/dags/dag_with_python_operator.py took 0.136 seconds
[2025-04-28T22:21:13.359+0000] {processor.py:186} INFO - Started process (PID=2129) to work on /opt/airflow/dags/dag_with_python_operator.py
[2025-04-28T22:21:13.363+0000] {processor.py:914} INFO - Processing file /opt/airflow/dags/dag_with_python_operator.py for tasks to queue
[2025-04-28T22:21:13.370+0000] {logging_mixin.py:190} INFO - [2025-04-28T22:21:13.369+0000] {dagbag.py:588} INFO - Filling up the DagBag from /opt/airflow/dags/dag_with_python_operator.py
[2025-04-28T22:21:13.399+0000] {processor.py:925} INFO - DAG(s) 'first_with_python_v4' retrieved from /opt/airflow/dags/dag_with_python_operator.py
[2025-04-28T22:21:13.434+0000] {logging_mixin.py:190} INFO - [2025-04-28T22:21:13.433+0000] {dag.py:3239} INFO - Sync 1 DAGs
[2025-04-28T22:21:13.474+0000] {logging_mixin.py:190} INFO - [2025-04-28T22:21:13.473+0000] {dag.py:4180} INFO - Setting next_dagrun for first_with_python_v4 to 2025-02-28 00:00:00+00:00, run_after=2025-03-01 00:00:00+00:00
[2025-04-28T22:21:13.501+0000] {processor.py:208} INFO - Processing /opt/airflow/dags/dag_with_python_operator.py took 0.156 seconds
[2025-04-28T22:21:43.914+0000] {processor.py:186} INFO - Started process (PID=2150) to work on /opt/airflow/dags/dag_with_python_operator.py
[2025-04-28T22:21:43.916+0000] {processor.py:914} INFO - Processing file /opt/airflow/dags/dag_with_python_operator.py for tasks to queue
[2025-04-28T22:21:43.923+0000] {logging_mixin.py:190} INFO - [2025-04-28T22:21:43.922+0000] {dagbag.py:588} INFO - Filling up the DagBag from /opt/airflow/dags/dag_with_python_operator.py
[2025-04-28T22:21:43.948+0000] {processor.py:925} INFO - DAG(s) 'first_with_python_v4' retrieved from /opt/airflow/dags/dag_with_python_operator.py
[2025-04-28T22:21:43.989+0000] {logging_mixin.py:190} INFO - [2025-04-28T22:21:43.988+0000] {dag.py:3239} INFO - Sync 1 DAGs
[2025-04-28T22:21:44.029+0000] {logging_mixin.py:190} INFO - [2025-04-28T22:21:44.029+0000] {dag.py:4180} INFO - Setting next_dagrun for first_with_python_v4 to 2025-02-28 00:00:00+00:00, run_after=2025-03-01 00:00:00+00:00
[2025-04-28T22:21:44.058+0000] {processor.py:208} INFO - Processing /opt/airflow/dags/dag_with_python_operator.py took 0.154 seconds
[2025-04-28T22:22:14.470+0000] {processor.py:186} INFO - Started process (PID=2170) to work on /opt/airflow/dags/dag_with_python_operator.py
[2025-04-28T22:22:14.481+0000] {processor.py:914} INFO - Processing file /opt/airflow/dags/dag_with_python_operator.py for tasks to queue
[2025-04-28T22:22:14.486+0000] {logging_mixin.py:190} INFO - [2025-04-28T22:22:14.486+0000] {dagbag.py:588} INFO - Filling up the DagBag from /opt/airflow/dags/dag_with_python_operator.py
[2025-04-28T22:22:14.517+0000] {processor.py:925} INFO - DAG(s) 'first_with_python_v4' retrieved from /opt/airflow/dags/dag_with_python_operator.py
[2025-04-28T22:22:14.555+0000] {logging_mixin.py:190} INFO - [2025-04-28T22:22:14.555+0000] {dag.py:3239} INFO - Sync 1 DAGs
[2025-04-28T22:22:14.590+0000] {logging_mixin.py:190} INFO - [2025-04-28T22:22:14.590+0000] {dag.py:4180} INFO - Setting next_dagrun for first_with_python_v4 to 2025-02-28 00:00:00+00:00, run_after=2025-03-01 00:00:00+00:00
[2025-04-28T22:22:14.622+0000] {processor.py:208} INFO - Processing /opt/airflow/dags/dag_with_python_operator.py took 0.162 seconds
[2025-04-28T22:22:44.925+0000] {processor.py:186} INFO - Started process (PID=2191) to work on /opt/airflow/dags/dag_with_python_operator.py
[2025-04-28T22:22:44.927+0000] {processor.py:914} INFO - Processing file /opt/airflow/dags/dag_with_python_operator.py for tasks to queue
[2025-04-28T22:22:44.931+0000] {logging_mixin.py:190} INFO - [2025-04-28T22:22:44.931+0000] {dagbag.py:588} INFO - Filling up the DagBag from /opt/airflow/dags/dag_with_python_operator.py
[2025-04-28T22:22:44.964+0000] {processor.py:925} INFO - DAG(s) 'first_with_python_v4' retrieved from /opt/airflow/dags/dag_with_python_operator.py
[2025-04-28T22:22:44.987+0000] {logging_mixin.py:190} INFO - [2025-04-28T22:22:44.987+0000] {dag.py:3239} INFO - Sync 1 DAGs
[2025-04-28T22:22:45.008+0000] {logging_mixin.py:190} INFO - [2025-04-28T22:22:45.008+0000] {dag.py:4180} INFO - Setting next_dagrun for first_with_python_v4 to 2025-02-28 00:00:00+00:00, run_after=2025-03-01 00:00:00+00:00
[2025-04-28T22:22:45.027+0000] {processor.py:208} INFO - Processing /opt/airflow/dags/dag_with_python_operator.py took 0.108 seconds
[2025-04-28T22:23:15.504+0000] {processor.py:186} INFO - Started process (PID=2212) to work on /opt/airflow/dags/dag_with_python_operator.py
[2025-04-28T22:23:15.508+0000] {processor.py:914} INFO - Processing file /opt/airflow/dags/dag_with_python_operator.py for tasks to queue
[2025-04-28T22:23:15.520+0000] {logging_mixin.py:190} INFO - [2025-04-28T22:23:15.519+0000] {dagbag.py:588} INFO - Filling up the DagBag from /opt/airflow/dags/dag_with_python_operator.py
[2025-04-28T22:23:15.567+0000] {processor.py:925} INFO - DAG(s) 'first_with_python_v4' retrieved from /opt/airflow/dags/dag_with_python_operator.py
[2025-04-28T22:23:15.600+0000] {logging_mixin.py:190} INFO - [2025-04-28T22:23:15.599+0000] {dag.py:3239} INFO - Sync 1 DAGs
[2025-04-28T22:23:15.625+0000] {logging_mixin.py:190} INFO - [2025-04-28T22:23:15.625+0000] {dag.py:4180} INFO - Setting next_dagrun for first_with_python_v4 to 2025-02-28 00:00:00+00:00, run_after=2025-03-01 00:00:00+00:00
[2025-04-28T22:23:15.647+0000] {processor.py:208} INFO - Processing /opt/airflow/dags/dag_with_python_operator.py took 0.161 seconds
[2025-04-28T22:23:46.006+0000] {processor.py:186} INFO - Started process (PID=2233) to work on /opt/airflow/dags/dag_with_python_operator.py
[2025-04-28T22:23:46.009+0000] {processor.py:914} INFO - Processing file /opt/airflow/dags/dag_with_python_operator.py for tasks to queue
[2025-04-28T22:23:46.015+0000] {logging_mixin.py:190} INFO - [2025-04-28T22:23:46.015+0000] {dagbag.py:588} INFO - Filling up the DagBag from /opt/airflow/dags/dag_with_python_operator.py
[2025-04-28T22:23:46.044+0000] {processor.py:925} INFO - DAG(s) 'first_with_python_v4' retrieved from /opt/airflow/dags/dag_with_python_operator.py
[2025-04-28T22:23:46.087+0000] {logging_mixin.py:190} INFO - [2025-04-28T22:23:46.086+0000] {dag.py:3239} INFO - Sync 1 DAGs
[2025-04-28T22:23:46.121+0000] {logging_mixin.py:190} INFO - [2025-04-28T22:23:46.120+0000] {dag.py:4180} INFO - Setting next_dagrun for first_with_python_v4 to 2025-02-28 00:00:00+00:00, run_after=2025-03-01 00:00:00+00:00
[2025-04-28T22:23:46.149+0000] {processor.py:208} INFO - Processing /opt/airflow/dags/dag_with_python_operator.py took 0.152 seconds
[2025-04-28T22:24:16.530+0000] {processor.py:186} INFO - Started process (PID=2254) to work on /opt/airflow/dags/dag_with_python_operator.py
[2025-04-28T22:24:16.533+0000] {processor.py:914} INFO - Processing file /opt/airflow/dags/dag_with_python_operator.py for tasks to queue
[2025-04-28T22:24:16.536+0000] {logging_mixin.py:190} INFO - [2025-04-28T22:24:16.536+0000] {dagbag.py:588} INFO - Filling up the DagBag from /opt/airflow/dags/dag_with_python_operator.py
[2025-04-28T22:24:16.574+0000] {processor.py:925} INFO - DAG(s) 'first_with_python_v4' retrieved from /opt/airflow/dags/dag_with_python_operator.py
[2025-04-28T22:24:16.597+0000] {logging_mixin.py:190} INFO - [2025-04-28T22:24:16.597+0000] {dag.py:3239} INFO - Sync 1 DAGs
[2025-04-28T22:24:16.619+0000] {logging_mixin.py:190} INFO - [2025-04-28T22:24:16.619+0000] {dag.py:4180} INFO - Setting next_dagrun for first_with_python_v4 to 2025-02-28 00:00:00+00:00, run_after=2025-03-01 00:00:00+00:00
[2025-04-28T22:24:16.639+0000] {processor.py:208} INFO - Processing /opt/airflow/dags/dag_with_python_operator.py took 0.116 seconds
[2025-04-28T22:24:46.943+0000] {processor.py:186} INFO - Started process (PID=2273) to work on /opt/airflow/dags/dag_with_python_operator.py
[2025-04-28T22:24:46.944+0000] {processor.py:914} INFO - Processing file /opt/airflow/dags/dag_with_python_operator.py for tasks to queue
[2025-04-28T22:24:46.947+0000] {logging_mixin.py:190} INFO - [2025-04-28T22:24:46.946+0000] {dagbag.py:588} INFO - Filling up the DagBag from /opt/airflow/dags/dag_with_python_operator.py
[2025-04-28T22:24:46.963+0000] {processor.py:925} INFO - DAG(s) 'first_with_python_v4' retrieved from /opt/airflow/dags/dag_with_python_operator.py
[2025-04-28T22:24:46.982+0000] {logging_mixin.py:190} INFO - [2025-04-28T22:24:46.982+0000] {dag.py:3239} INFO - Sync 1 DAGs
[2025-04-28T22:24:47.002+0000] {logging_mixin.py:190} INFO - [2025-04-28T22:24:47.002+0000] {dag.py:4180} INFO - Setting next_dagrun for first_with_python_v4 to 2025-02-28 00:00:00+00:00, run_after=2025-03-01 00:00:00+00:00
[2025-04-28T22:24:47.017+0000] {processor.py:208} INFO - Processing /opt/airflow/dags/dag_with_python_operator.py took 0.079 seconds
[2025-04-28T22:25:17.570+0000] {processor.py:186} INFO - Started process (PID=2296) to work on /opt/airflow/dags/dag_with_python_operator.py
[2025-04-28T22:25:17.574+0000] {processor.py:914} INFO - Processing file /opt/airflow/dags/dag_with_python_operator.py for tasks to queue
[2025-04-28T22:25:17.580+0000] {logging_mixin.py:190} INFO - [2025-04-28T22:25:17.579+0000] {dagbag.py:588} INFO - Filling up the DagBag from /opt/airflow/dags/dag_with_python_operator.py
[2025-04-28T22:25:17.610+0000] {processor.py:925} INFO - DAG(s) 'first_with_python_v4' retrieved from /opt/airflow/dags/dag_with_python_operator.py
[2025-04-28T22:25:17.643+0000] {logging_mixin.py:190} INFO - [2025-04-28T22:25:17.642+0000] {dag.py:3239} INFO - Sync 1 DAGs
[2025-04-28T22:25:17.682+0000] {logging_mixin.py:190} INFO - [2025-04-28T22:25:17.682+0000] {dag.py:4180} INFO - Setting next_dagrun for first_with_python_v4 to 2025-02-28 00:00:00+00:00, run_after=2025-03-01 00:00:00+00:00
[2025-04-28T22:25:17.712+0000] {processor.py:208} INFO - Processing /opt/airflow/dags/dag_with_python_operator.py took 0.151 seconds
[2025-04-28T22:25:48.116+0000] {processor.py:186} INFO - Started process (PID=2317) to work on /opt/airflow/dags/dag_with_python_operator.py
[2025-04-28T22:25:48.120+0000] {processor.py:914} INFO - Processing file /opt/airflow/dags/dag_with_python_operator.py for tasks to queue
[2025-04-28T22:25:48.125+0000] {logging_mixin.py:190} INFO - [2025-04-28T22:25:48.125+0000] {dagbag.py:588} INFO - Filling up the DagBag from /opt/airflow/dags/dag_with_python_operator.py
[2025-04-28T22:25:48.159+0000] {processor.py:925} INFO - DAG(s) 'first_with_python_v4' retrieved from /opt/airflow/dags/dag_with_python_operator.py
[2025-04-28T22:25:48.206+0000] {logging_mixin.py:190} INFO - [2025-04-28T22:25:48.205+0000] {dag.py:3239} INFO - Sync 1 DAGs
[2025-04-28T22:25:48.248+0000] {logging_mixin.py:190} INFO - [2025-04-28T22:25:48.247+0000] {dag.py:4180} INFO - Setting next_dagrun for first_with_python_v4 to 2025-02-28 00:00:00+00:00, run_after=2025-03-01 00:00:00+00:00
[2025-04-28T22:25:48.285+0000] {processor.py:208} INFO - Processing /opt/airflow/dags/dag_with_python_operator.py took 0.182 seconds
[2025-04-28T22:26:18.886+0000] {processor.py:186} INFO - Started process (PID=2338) to work on /opt/airflow/dags/dag_with_python_operator.py
[2025-04-28T22:26:18.889+0000] {processor.py:914} INFO - Processing file /opt/airflow/dags/dag_with_python_operator.py for tasks to queue
[2025-04-28T22:26:18.893+0000] {logging_mixin.py:190} INFO - [2025-04-28T22:26:18.893+0000] {dagbag.py:588} INFO - Filling up the DagBag from /opt/airflow/dags/dag_with_python_operator.py
[2025-04-28T22:26:18.920+0000] {processor.py:925} INFO - DAG(s) 'first_with_python_v4' retrieved from /opt/airflow/dags/dag_with_python_operator.py
[2025-04-28T22:26:18.953+0000] {logging_mixin.py:190} INFO - [2025-04-28T22:26:18.952+0000] {dag.py:3239} INFO - Sync 1 DAGs
[2025-04-28T22:26:18.997+0000] {logging_mixin.py:190} INFO - [2025-04-28T22:26:18.997+0000] {dag.py:4180} INFO - Setting next_dagrun for first_with_python_v4 to 2025-02-28 00:00:00+00:00, run_after=2025-03-01 00:00:00+00:00
[2025-04-28T22:26:19.038+0000] {processor.py:208} INFO - Processing /opt/airflow/dags/dag_with_python_operator.py took 0.160 seconds
[2025-04-28T22:26:49.421+0000] {processor.py:186} INFO - Started process (PID=2359) to work on /opt/airflow/dags/dag_with_python_operator.py
[2025-04-28T22:26:49.424+0000] {processor.py:914} INFO - Processing file /opt/airflow/dags/dag_with_python_operator.py for tasks to queue
[2025-04-28T22:26:49.429+0000] {logging_mixin.py:190} INFO - [2025-04-28T22:26:49.429+0000] {dagbag.py:588} INFO - Filling up the DagBag from /opt/airflow/dags/dag_with_python_operator.py
[2025-04-28T22:26:49.456+0000] {processor.py:925} INFO - DAG(s) 'first_with_python_v4' retrieved from /opt/airflow/dags/dag_with_python_operator.py
[2025-04-28T22:26:49.506+0000] {logging_mixin.py:190} INFO - [2025-04-28T22:26:49.505+0000] {dag.py:3239} INFO - Sync 1 DAGs
[2025-04-28T22:26:49.543+0000] {logging_mixin.py:190} INFO - [2025-04-28T22:26:49.543+0000] {dag.py:4180} INFO - Setting next_dagrun for first_with_python_v4 to 2025-02-28 00:00:00+00:00, run_after=2025-03-01 00:00:00+00:00
[2025-04-28T22:26:49.569+0000] {processor.py:208} INFO - Processing /opt/airflow/dags/dag_with_python_operator.py took 0.157 seconds
[2025-04-28T22:27:19.959+0000] {processor.py:186} INFO - Started process (PID=2380) to work on /opt/airflow/dags/dag_with_python_operator.py
[2025-04-28T22:27:19.961+0000] {processor.py:914} INFO - Processing file /opt/airflow/dags/dag_with_python_operator.py for tasks to queue
[2025-04-28T22:27:19.965+0000] {logging_mixin.py:190} INFO - [2025-04-28T22:27:19.965+0000] {dagbag.py:588} INFO - Filling up the DagBag from /opt/airflow/dags/dag_with_python_operator.py
[2025-04-28T22:27:20.002+0000] {processor.py:925} INFO - DAG(s) 'first_with_python_v4' retrieved from /opt/airflow/dags/dag_with_python_operator.py
[2025-04-28T22:27:20.039+0000] {logging_mixin.py:190} INFO - [2025-04-28T22:27:20.038+0000] {dag.py:3239} INFO - Sync 1 DAGs
[2025-04-28T22:27:20.073+0000] {logging_mixin.py:190} INFO - [2025-04-28T22:27:20.073+0000] {dag.py:4180} INFO - Setting next_dagrun for first_with_python_v4 to 2025-02-28 00:00:00+00:00, run_after=2025-03-01 00:00:00+00:00
[2025-04-28T22:27:20.100+0000] {processor.py:208} INFO - Processing /opt/airflow/dags/dag_with_python_operator.py took 0.153 seconds
[2025-04-28T22:27:50.697+0000] {processor.py:186} INFO - Started process (PID=2401) to work on /opt/airflow/dags/dag_with_python_operator.py
[2025-04-28T22:27:50.702+0000] {processor.py:914} INFO - Processing file /opt/airflow/dags/dag_with_python_operator.py for tasks to queue
[2025-04-28T22:27:50.710+0000] {logging_mixin.py:190} INFO - [2025-04-28T22:27:50.709+0000] {dagbag.py:588} INFO - Filling up the DagBag from /opt/airflow/dags/dag_with_python_operator.py
[2025-04-28T22:27:50.770+0000] {processor.py:925} INFO - DAG(s) 'first_with_python_v4' retrieved from /opt/airflow/dags/dag_with_python_operator.py
[2025-04-28T22:27:50.813+0000] {logging_mixin.py:190} INFO - [2025-04-28T22:27:50.812+0000] {dag.py:3239} INFO - Sync 1 DAGs
[2025-04-28T22:27:50.850+0000] {logging_mixin.py:190} INFO - [2025-04-28T22:27:50.850+0000] {dag.py:4180} INFO - Setting next_dagrun for first_with_python_v4 to 2025-02-28 00:00:00+00:00, run_after=2025-03-01 00:00:00+00:00
[2025-04-28T22:27:50.878+0000] {processor.py:208} INFO - Processing /opt/airflow/dags/dag_with_python_operator.py took 0.195 seconds
[2025-04-28T22:28:21.227+0000] {processor.py:186} INFO - Started process (PID=2422) to work on /opt/airflow/dags/dag_with_python_operator.py
[2025-04-28T22:28:21.230+0000] {processor.py:914} INFO - Processing file /opt/airflow/dags/dag_with_python_operator.py for tasks to queue
[2025-04-28T22:28:21.236+0000] {logging_mixin.py:190} INFO - [2025-04-28T22:28:21.235+0000] {dagbag.py:588} INFO - Filling up the DagBag from /opt/airflow/dags/dag_with_python_operator.py
[2025-04-28T22:28:21.270+0000] {processor.py:925} INFO - DAG(s) 'first_with_python_v4' retrieved from /opt/airflow/dags/dag_with_python_operator.py
[2025-04-28T22:28:21.313+0000] {logging_mixin.py:190} INFO - [2025-04-28T22:28:21.312+0000] {dag.py:3239} INFO - Sync 1 DAGs
[2025-04-28T22:28:21.364+0000] {logging_mixin.py:190} INFO - [2025-04-28T22:28:21.363+0000] {dag.py:4180} INFO - Setting next_dagrun for first_with_python_v4 to 2025-02-28 00:00:00+00:00, run_after=2025-03-01 00:00:00+00:00
[2025-04-28T22:28:21.396+0000] {processor.py:208} INFO - Processing /opt/airflow/dags/dag_with_python_operator.py took 0.179 seconds
[2025-04-28T22:28:51.827+0000] {processor.py:186} INFO - Started process (PID=2443) to work on /opt/airflow/dags/dag_with_python_operator.py
[2025-04-28T22:28:51.830+0000] {processor.py:914} INFO - Processing file /opt/airflow/dags/dag_with_python_operator.py for tasks to queue
[2025-04-28T22:28:51.838+0000] {logging_mixin.py:190} INFO - [2025-04-28T22:28:51.837+0000] {dagbag.py:588} INFO - Filling up the DagBag from /opt/airflow/dags/dag_with_python_operator.py
[2025-04-28T22:28:51.877+0000] {processor.py:925} INFO - DAG(s) 'first_with_python_v4' retrieved from /opt/airflow/dags/dag_with_python_operator.py
[2025-04-28T22:28:51.941+0000] {logging_mixin.py:190} INFO - [2025-04-28T22:28:51.939+0000] {dag.py:3239} INFO - Sync 1 DAGs
[2025-04-28T22:28:51.987+0000] {logging_mixin.py:190} INFO - [2025-04-28T22:28:51.986+0000] {dag.py:4180} INFO - Setting next_dagrun for first_with_python_v4 to 2025-02-28 00:00:00+00:00, run_after=2025-03-01 00:00:00+00:00
[2025-04-28T22:28:52.018+0000] {processor.py:208} INFO - Processing /opt/airflow/dags/dag_with_python_operator.py took 0.204 seconds
[2025-04-28T22:29:22.413+0000] {processor.py:186} INFO - Started process (PID=2464) to work on /opt/airflow/dags/dag_with_python_operator.py
[2025-04-28T22:29:22.415+0000] {processor.py:914} INFO - Processing file /opt/airflow/dags/dag_with_python_operator.py for tasks to queue
[2025-04-28T22:29:22.421+0000] {logging_mixin.py:190} INFO - [2025-04-28T22:29:22.420+0000] {dagbag.py:588} INFO - Filling up the DagBag from /opt/airflow/dags/dag_with_python_operator.py
[2025-04-28T22:29:22.456+0000] {processor.py:925} INFO - DAG(s) 'first_with_python_v4' retrieved from /opt/airflow/dags/dag_with_python_operator.py
[2025-04-28T22:29:22.506+0000] {logging_mixin.py:190} INFO - [2025-04-28T22:29:22.505+0000] {dag.py:3239} INFO - Sync 1 DAGs
[2025-04-28T22:29:22.550+0000] {logging_mixin.py:190} INFO - [2025-04-28T22:29:22.550+0000] {dag.py:4180} INFO - Setting next_dagrun for first_with_python_v4 to 2025-02-28 00:00:00+00:00, run_after=2025-03-01 00:00:00+00:00
[2025-04-28T22:29:22.593+0000] {processor.py:208} INFO - Processing /opt/airflow/dags/dag_with_python_operator.py took 0.189 seconds
[2025-04-28T22:29:52.986+0000] {processor.py:186} INFO - Started process (PID=2485) to work on /opt/airflow/dags/dag_with_python_operator.py
[2025-04-28T22:29:52.989+0000] {processor.py:914} INFO - Processing file /opt/airflow/dags/dag_with_python_operator.py for tasks to queue
[2025-04-28T22:29:52.995+0000] {logging_mixin.py:190} INFO - [2025-04-28T22:29:52.994+0000] {dagbag.py:588} INFO - Filling up the DagBag from /opt/airflow/dags/dag_with_python_operator.py
[2025-04-28T22:29:53.032+0000] {processor.py:925} INFO - DAG(s) 'first_with_python_v4' retrieved from /opt/airflow/dags/dag_with_python_operator.py
[2025-04-28T22:29:53.062+0000] {logging_mixin.py:190} INFO - [2025-04-28T22:29:53.061+0000] {dag.py:3239} INFO - Sync 1 DAGs
[2025-04-28T22:29:53.084+0000] {logging_mixin.py:190} INFO - [2025-04-28T22:29:53.083+0000] {dag.py:4180} INFO - Setting next_dagrun for first_with_python_v4 to 2025-02-28 00:00:00+00:00, run_after=2025-03-01 00:00:00+00:00
[2025-04-28T22:29:53.102+0000] {processor.py:208} INFO - Processing /opt/airflow/dags/dag_with_python_operator.py took 0.127 seconds
[2025-04-28T22:30:23.525+0000] {processor.py:186} INFO - Started process (PID=2506) to work on /opt/airflow/dags/dag_with_python_operator.py
[2025-04-28T22:30:23.529+0000] {processor.py:914} INFO - Processing file /opt/airflow/dags/dag_with_python_operator.py for tasks to queue
[2025-04-28T22:30:23.535+0000] {logging_mixin.py:190} INFO - [2025-04-28T22:30:23.535+0000] {dagbag.py:588} INFO - Filling up the DagBag from /opt/airflow/dags/dag_with_python_operator.py
[2025-04-28T22:30:23.572+0000] {processor.py:925} INFO - DAG(s) 'first_with_python_v4' retrieved from /opt/airflow/dags/dag_with_python_operator.py
[2025-04-28T22:30:23.617+0000] {logging_mixin.py:190} INFO - [2025-04-28T22:30:23.617+0000] {dag.py:3239} INFO - Sync 1 DAGs
[2025-04-28T22:30:23.658+0000] {logging_mixin.py:190} INFO - [2025-04-28T22:30:23.658+0000] {dag.py:4180} INFO - Setting next_dagrun for first_with_python_v4 to 2025-02-28 00:00:00+00:00, run_after=2025-03-01 00:00:00+00:00
[2025-04-28T22:30:23.703+0000] {processor.py:208} INFO - Processing /opt/airflow/dags/dag_with_python_operator.py took 0.189 seconds
[2025-04-28T22:30:54.062+0000] {processor.py:186} INFO - Started process (PID=2527) to work on /opt/airflow/dags/dag_with_python_operator.py
[2025-04-28T22:30:54.064+0000] {processor.py:914} INFO - Processing file /opt/airflow/dags/dag_with_python_operator.py for tasks to queue
[2025-04-28T22:30:54.069+0000] {logging_mixin.py:190} INFO - [2025-04-28T22:30:54.068+0000] {dagbag.py:588} INFO - Filling up the DagBag from /opt/airflow/dags/dag_with_python_operator.py
[2025-04-28T22:30:54.101+0000] {processor.py:925} INFO - DAG(s) 'first_with_python_v4' retrieved from /opt/airflow/dags/dag_with_python_operator.py
[2025-04-28T22:30:54.136+0000] {logging_mixin.py:190} INFO - [2025-04-28T22:30:54.136+0000] {dag.py:3239} INFO - Sync 1 DAGs
[2025-04-28T22:30:54.168+0000] {logging_mixin.py:190} INFO - [2025-04-28T22:30:54.167+0000] {dag.py:4180} INFO - Setting next_dagrun for first_with_python_v4 to 2025-02-28 00:00:00+00:00, run_after=2025-03-01 00:00:00+00:00
[2025-04-28T22:30:54.195+0000] {processor.py:208} INFO - Processing /opt/airflow/dags/dag_with_python_operator.py took 0.141 seconds
[2025-04-28T22:31:24.796+0000] {processor.py:186} INFO - Started process (PID=2548) to work on /opt/airflow/dags/dag_with_python_operator.py
[2025-04-28T22:31:24.800+0000] {processor.py:914} INFO - Processing file /opt/airflow/dags/dag_with_python_operator.py for tasks to queue
[2025-04-28T22:31:24.812+0000] {logging_mixin.py:190} INFO - [2025-04-28T22:31:24.811+0000] {dagbag.py:588} INFO - Filling up the DagBag from /opt/airflow/dags/dag_with_python_operator.py
[2025-04-28T22:31:24.855+0000] {processor.py:925} INFO - DAG(s) 'first_with_python_v4' retrieved from /opt/airflow/dags/dag_with_python_operator.py
[2025-04-28T22:31:24.902+0000] {logging_mixin.py:190} INFO - [2025-04-28T22:31:24.901+0000] {dag.py:3239} INFO - Sync 1 DAGs
[2025-04-28T22:31:24.941+0000] {logging_mixin.py:190} INFO - [2025-04-28T22:31:24.940+0000] {dag.py:4180} INFO - Setting next_dagrun for first_with_python_v4 to 2025-02-28 00:00:00+00:00, run_after=2025-03-01 00:00:00+00:00
[2025-04-28T22:31:24.987+0000] {processor.py:208} INFO - Processing /opt/airflow/dags/dag_with_python_operator.py took 0.204 seconds
[2025-04-28T22:31:55.313+0000] {processor.py:186} INFO - Started process (PID=2569) to work on /opt/airflow/dags/dag_with_python_operator.py
[2025-04-28T22:31:55.316+0000] {processor.py:914} INFO - Processing file /opt/airflow/dags/dag_with_python_operator.py for tasks to queue
[2025-04-28T22:31:55.321+0000] {logging_mixin.py:190} INFO - [2025-04-28T22:31:55.320+0000] {dagbag.py:588} INFO - Filling up the DagBag from /opt/airflow/dags/dag_with_python_operator.py
[2025-04-28T22:31:55.350+0000] {processor.py:925} INFO - DAG(s) 'first_with_python_v4' retrieved from /opt/airflow/dags/dag_with_python_operator.py
[2025-04-28T22:31:55.396+0000] {logging_mixin.py:190} INFO - [2025-04-28T22:31:55.396+0000] {dag.py:3239} INFO - Sync 1 DAGs
[2025-04-28T22:31:55.436+0000] {logging_mixin.py:190} INFO - [2025-04-28T22:31:55.436+0000] {dag.py:4180} INFO - Setting next_dagrun for first_with_python_v4 to 2025-02-28 00:00:00+00:00, run_after=2025-03-01 00:00:00+00:00
[2025-04-28T22:31:55.465+0000] {processor.py:208} INFO - Processing /opt/airflow/dags/dag_with_python_operator.py took 0.161 seconds
[2025-04-28T22:32:25.887+0000] {processor.py:186} INFO - Started process (PID=2589) to work on /opt/airflow/dags/dag_with_python_operator.py
[2025-04-28T22:32:25.890+0000] {processor.py:914} INFO - Processing file /opt/airflow/dags/dag_with_python_operator.py for tasks to queue
[2025-04-28T22:32:25.896+0000] {logging_mixin.py:190} INFO - [2025-04-28T22:32:25.895+0000] {dagbag.py:588} INFO - Filling up the DagBag from /opt/airflow/dags/dag_with_python_operator.py
[2025-04-28T22:32:25.925+0000] {processor.py:925} INFO - DAG(s) 'first_with_python_v4' retrieved from /opt/airflow/dags/dag_with_python_operator.py
[2025-04-28T22:32:25.965+0000] {logging_mixin.py:190} INFO - [2025-04-28T22:32:25.963+0000] {dag.py:3239} INFO - Sync 1 DAGs
[2025-04-28T22:32:26.004+0000] {logging_mixin.py:190} INFO - [2025-04-28T22:32:26.004+0000] {dag.py:4180} INFO - Setting next_dagrun for first_with_python_v4 to 2025-02-28 00:00:00+00:00, run_after=2025-03-01 00:00:00+00:00
[2025-04-28T22:32:26.030+0000] {processor.py:208} INFO - Processing /opt/airflow/dags/dag_with_python_operator.py took 0.152 seconds
[2025-04-28T22:32:56.374+0000] {processor.py:186} INFO - Started process (PID=2610) to work on /opt/airflow/dags/dag_with_python_operator.py
[2025-04-28T22:32:56.376+0000] {processor.py:914} INFO - Processing file /opt/airflow/dags/dag_with_python_operator.py for tasks to queue
[2025-04-28T22:32:56.382+0000] {logging_mixin.py:190} INFO - [2025-04-28T22:32:56.381+0000] {dagbag.py:588} INFO - Filling up the DagBag from /opt/airflow/dags/dag_with_python_operator.py
[2025-04-28T22:32:56.417+0000] {processor.py:925} INFO - DAG(s) 'first_with_python_v4' retrieved from /opt/airflow/dags/dag_with_python_operator.py
[2025-04-28T22:32:56.460+0000] {logging_mixin.py:190} INFO - [2025-04-28T22:32:56.459+0000] {dag.py:3239} INFO - Sync 1 DAGs
[2025-04-28T22:32:56.495+0000] {logging_mixin.py:190} INFO - [2025-04-28T22:32:56.495+0000] {dag.py:4180} INFO - Setting next_dagrun for first_with_python_v4 to 2025-02-28 00:00:00+00:00, run_after=2025-03-01 00:00:00+00:00
[2025-04-28T22:32:56.525+0000] {processor.py:208} INFO - Processing /opt/airflow/dags/dag_with_python_operator.py took 0.161 seconds
[2025-04-28T22:33:26.919+0000] {processor.py:186} INFO - Started process (PID=2631) to work on /opt/airflow/dags/dag_with_python_operator.py
[2025-04-28T22:33:26.922+0000] {processor.py:914} INFO - Processing file /opt/airflow/dags/dag_with_python_operator.py for tasks to queue
[2025-04-28T22:33:26.926+0000] {logging_mixin.py:190} INFO - [2025-04-28T22:33:26.926+0000] {dagbag.py:588} INFO - Filling up the DagBag from /opt/airflow/dags/dag_with_python_operator.py
[2025-04-28T22:33:26.957+0000] {processor.py:925} INFO - DAG(s) 'first_with_python_v4' retrieved from /opt/airflow/dags/dag_with_python_operator.py
[2025-04-28T22:33:26.992+0000] {logging_mixin.py:190} INFO - [2025-04-28T22:33:26.992+0000] {dag.py:3239} INFO - Sync 1 DAGs
[2025-04-28T22:33:27.032+0000] {logging_mixin.py:190} INFO - [2025-04-28T22:33:27.031+0000] {dag.py:4180} INFO - Setting next_dagrun for first_with_python_v4 to 2025-02-28 00:00:00+00:00, run_after=2025-03-01 00:00:00+00:00
[2025-04-28T22:33:27.061+0000] {processor.py:208} INFO - Processing /opt/airflow/dags/dag_with_python_operator.py took 0.150 seconds
[2025-04-28T22:33:57.679+0000] {processor.py:186} INFO - Started process (PID=2652) to work on /opt/airflow/dags/dag_with_python_operator.py
[2025-04-28T22:33:57.683+0000] {processor.py:914} INFO - Processing file /opt/airflow/dags/dag_with_python_operator.py for tasks to queue
[2025-04-28T22:33:57.689+0000] {logging_mixin.py:190} INFO - [2025-04-28T22:33:57.689+0000] {dagbag.py:588} INFO - Filling up the DagBag from /opt/airflow/dags/dag_with_python_operator.py
[2025-04-28T22:33:57.718+0000] {processor.py:925} INFO - DAG(s) 'first_with_python_v4' retrieved from /opt/airflow/dags/dag_with_python_operator.py
[2025-04-28T22:33:57.763+0000] {logging_mixin.py:190} INFO - [2025-04-28T22:33:57.762+0000] {dag.py:3239} INFO - Sync 1 DAGs
[2025-04-28T22:33:57.987+0000] {logging_mixin.py:190} INFO - [2025-04-28T22:33:57.986+0000] {dag.py:4180} INFO - Setting next_dagrun for first_with_python_v4 to 2025-02-28 00:00:00+00:00, run_after=2025-03-01 00:00:00+00:00
[2025-04-28T22:33:58.008+0000] {processor.py:208} INFO - Processing /opt/airflow/dags/dag_with_python_operator.py took 0.339 seconds
[2025-04-28T22:34:28.272+0000] {processor.py:186} INFO - Started process (PID=2680) to work on /opt/airflow/dags/dag_with_python_operator.py
[2025-04-28T22:34:28.275+0000] {processor.py:914} INFO - Processing file /opt/airflow/dags/dag_with_python_operator.py for tasks to queue
[2025-04-28T22:34:28.282+0000] {logging_mixin.py:190} INFO - [2025-04-28T22:34:28.281+0000] {dagbag.py:588} INFO - Filling up the DagBag from /opt/airflow/dags/dag_with_python_operator.py
[2025-04-28T22:34:28.319+0000] {processor.py:925} INFO - DAG(s) 'first_with_python_v4' retrieved from /opt/airflow/dags/dag_with_python_operator.py
[2025-04-28T22:34:28.365+0000] {logging_mixin.py:190} INFO - [2025-04-28T22:34:28.363+0000] {dag.py:3239} INFO - Sync 1 DAGs
[2025-04-28T22:34:28.405+0000] {logging_mixin.py:190} INFO - [2025-04-28T22:34:28.405+0000] {dag.py:4180} INFO - Setting next_dagrun for first_with_python_v4 to 2025-02-28 00:00:00+00:00, run_after=2025-03-01 00:00:00+00:00
[2025-04-28T22:34:28.433+0000] {processor.py:208} INFO - Processing /opt/airflow/dags/dag_with_python_operator.py took 0.172 seconds
[2025-04-28T22:34:59.044+0000] {processor.py:186} INFO - Started process (PID=2699) to work on /opt/airflow/dags/dag_with_python_operator.py
[2025-04-28T22:34:59.047+0000] {processor.py:914} INFO - Processing file /opt/airflow/dags/dag_with_python_operator.py for tasks to queue
[2025-04-28T22:34:59.053+0000] {logging_mixin.py:190} INFO - [2025-04-28T22:34:59.053+0000] {dagbag.py:588} INFO - Filling up the DagBag from /opt/airflow/dags/dag_with_python_operator.py
[2025-04-28T22:34:59.350+0000] {processor.py:925} INFO - DAG(s) 'first_with_python_v4' retrieved from /opt/airflow/dags/dag_with_python_operator.py
[2025-04-28T22:34:59.382+0000] {logging_mixin.py:190} INFO - [2025-04-28T22:34:59.381+0000] {dag.py:3239} INFO - Sync 1 DAGs
[2025-04-28T22:34:59.403+0000] {logging_mixin.py:190} INFO - [2025-04-28T22:34:59.403+0000] {dag.py:4180} INFO - Setting next_dagrun for first_with_python_v4 to 2025-02-28 00:00:00+00:00, run_after=2025-03-01 00:00:00+00:00
[2025-04-28T22:34:59.419+0000] {processor.py:208} INFO - Processing /opt/airflow/dags/dag_with_python_operator.py took 0.383 seconds
[2025-04-28T22:35:29.866+0000] {processor.py:186} INFO - Started process (PID=2721) to work on /opt/airflow/dags/dag_with_python_operator.py
[2025-04-28T22:35:29.869+0000] {processor.py:914} INFO - Processing file /opt/airflow/dags/dag_with_python_operator.py for tasks to queue
[2025-04-28T22:35:29.875+0000] {logging_mixin.py:190} INFO - [2025-04-28T22:35:29.874+0000] {dagbag.py:588} INFO - Filling up the DagBag from /opt/airflow/dags/dag_with_python_operator.py
[2025-04-28T22:35:29.909+0000] {processor.py:925} INFO - DAG(s) 'first_with_python_v4' retrieved from /opt/airflow/dags/dag_with_python_operator.py
[2025-04-28T22:35:29.945+0000] {logging_mixin.py:190} INFO - [2025-04-28T22:35:29.944+0000] {dag.py:3239} INFO - Sync 1 DAGs
[2025-04-28T22:35:29.994+0000] {logging_mixin.py:190} INFO - [2025-04-28T22:35:29.993+0000] {dag.py:4180} INFO - Setting next_dagrun for first_with_python_v4 to 2025-02-28 00:00:00+00:00, run_after=2025-03-01 00:00:00+00:00
[2025-04-28T22:35:30.038+0000] {processor.py:208} INFO - Processing /opt/airflow/dags/dag_with_python_operator.py took 0.181 seconds
[2025-04-28T22:36:00.322+0000] {processor.py:186} INFO - Started process (PID=2741) to work on /opt/airflow/dags/dag_with_python_operator.py
[2025-04-28T22:36:00.323+0000] {processor.py:914} INFO - Processing file /opt/airflow/dags/dag_with_python_operator.py for tasks to queue
[2025-04-28T22:36:00.326+0000] {logging_mixin.py:190} INFO - [2025-04-28T22:36:00.326+0000] {dagbag.py:588} INFO - Filling up the DagBag from /opt/airflow/dags/dag_with_python_operator.py
[2025-04-28T22:36:00.346+0000] {processor.py:925} INFO - DAG(s) 'first_with_python_v4' retrieved from /opt/airflow/dags/dag_with_python_operator.py
[2025-04-28T22:36:00.369+0000] {logging_mixin.py:190} INFO - [2025-04-28T22:36:00.369+0000] {dag.py:3239} INFO - Sync 1 DAGs
[2025-04-28T22:36:00.392+0000] {logging_mixin.py:190} INFO - [2025-04-28T22:36:00.392+0000] {dag.py:4180} INFO - Setting next_dagrun for first_with_python_v4 to 2025-02-28 00:00:00+00:00, run_after=2025-03-01 00:00:00+00:00
[2025-04-28T22:36:00.410+0000] {processor.py:208} INFO - Processing /opt/airflow/dags/dag_with_python_operator.py took 0.093 seconds
[2025-04-28T22:36:30.837+0000] {processor.py:186} INFO - Started process (PID=2762) to work on /opt/airflow/dags/dag_with_python_operator.py
[2025-04-28T22:36:30.839+0000] {processor.py:914} INFO - Processing file /opt/airflow/dags/dag_with_python_operator.py for tasks to queue
[2025-04-28T22:36:30.842+0000] {logging_mixin.py:190} INFO - [2025-04-28T22:36:30.841+0000] {dagbag.py:588} INFO - Filling up the DagBag from /opt/airflow/dags/dag_with_python_operator.py
[2025-04-28T22:36:30.859+0000] {processor.py:925} INFO - DAG(s) 'first_with_python_v4' retrieved from /opt/airflow/dags/dag_with_python_operator.py
[2025-04-28T22:36:30.879+0000] {logging_mixin.py:190} INFO - [2025-04-28T22:36:30.878+0000] {dag.py:3239} INFO - Sync 1 DAGs
[2025-04-28T22:36:30.898+0000] {logging_mixin.py:190} INFO - [2025-04-28T22:36:30.897+0000] {dag.py:4180} INFO - Setting next_dagrun for first_with_python_v4 to 2025-02-28 00:00:00+00:00, run_after=2025-03-01 00:00:00+00:00
[2025-04-28T22:36:30.913+0000] {processor.py:208} INFO - Processing /opt/airflow/dags/dag_with_python_operator.py took 0.080 seconds
[2025-04-28T22:37:01.480+0000] {processor.py:186} INFO - Started process (PID=2783) to work on /opt/airflow/dags/dag_with_python_operator.py
[2025-04-28T22:37:01.482+0000] {processor.py:914} INFO - Processing file /opt/airflow/dags/dag_with_python_operator.py for tasks to queue
[2025-04-28T22:37:01.485+0000] {logging_mixin.py:190} INFO - [2025-04-28T22:37:01.485+0000] {dagbag.py:588} INFO - Filling up the DagBag from /opt/airflow/dags/dag_with_python_operator.py
[2025-04-28T22:37:01.504+0000] {processor.py:925} INFO - DAG(s) 'first_with_python_v4' retrieved from /opt/airflow/dags/dag_with_python_operator.py
[2025-04-28T22:37:01.527+0000] {logging_mixin.py:190} INFO - [2025-04-28T22:37:01.527+0000] {dag.py:3239} INFO - Sync 1 DAGs
[2025-04-28T22:37:01.547+0000] {logging_mixin.py:190} INFO - [2025-04-28T22:37:01.547+0000] {dag.py:4180} INFO - Setting next_dagrun for first_with_python_v4 to 2025-02-28 00:00:00+00:00, run_after=2025-03-01 00:00:00+00:00
[2025-04-28T22:37:01.563+0000] {processor.py:208} INFO - Processing /opt/airflow/dags/dag_with_python_operator.py took 0.089 seconds
[2025-04-28T22:37:32.073+0000] {processor.py:186} INFO - Started process (PID=2804) to work on /opt/airflow/dags/dag_with_python_operator.py
[2025-04-28T22:37:32.076+0000] {processor.py:914} INFO - Processing file /opt/airflow/dags/dag_with_python_operator.py for tasks to queue
[2025-04-28T22:37:32.081+0000] {logging_mixin.py:190} INFO - [2025-04-28T22:37:32.080+0000] {dagbag.py:588} INFO - Filling up the DagBag from /opt/airflow/dags/dag_with_python_operator.py
[2025-04-28T22:37:32.110+0000] {processor.py:925} INFO - DAG(s) 'first_with_python_v4' retrieved from /opt/airflow/dags/dag_with_python_operator.py
[2025-04-28T22:37:32.147+0000] {logging_mixin.py:190} INFO - [2025-04-28T22:37:32.146+0000] {dag.py:3239} INFO - Sync 1 DAGs
[2025-04-28T22:37:32.185+0000] {logging_mixin.py:190} INFO - [2025-04-28T22:37:32.185+0000] {dag.py:4180} INFO - Setting next_dagrun for first_with_python_v4 to 2025-02-28 00:00:00+00:00, run_after=2025-03-01 00:00:00+00:00
[2025-04-28T22:37:32.220+0000] {processor.py:208} INFO - Processing /opt/airflow/dags/dag_with_python_operator.py took 0.158 seconds
[2025-04-28T22:38:02.542+0000] {processor.py:186} INFO - Started process (PID=2825) to work on /opt/airflow/dags/dag_with_python_operator.py
[2025-04-28T22:38:02.546+0000] {processor.py:914} INFO - Processing file /opt/airflow/dags/dag_with_python_operator.py for tasks to queue
[2025-04-28T22:38:02.550+0000] {logging_mixin.py:190} INFO - [2025-04-28T22:38:02.549+0000] {dagbag.py:588} INFO - Filling up the DagBag from /opt/airflow/dags/dag_with_python_operator.py
[2025-04-28T22:38:02.569+0000] {processor.py:925} INFO - DAG(s) 'first_with_python_v4' retrieved from /opt/airflow/dags/dag_with_python_operator.py
[2025-04-28T22:38:02.589+0000] {logging_mixin.py:190} INFO - [2025-04-28T22:38:02.588+0000] {dag.py:3239} INFO - Sync 1 DAGs
[2025-04-28T22:38:02.609+0000] {logging_mixin.py:190} INFO - [2025-04-28T22:38:02.609+0000] {dag.py:4180} INFO - Setting next_dagrun for first_with_python_v4 to 2025-02-28 00:00:00+00:00, run_after=2025-03-01 00:00:00+00:00
[2025-04-28T22:38:02.626+0000] {processor.py:208} INFO - Processing /opt/airflow/dags/dag_with_python_operator.py took 0.088 seconds
[2025-04-28T22:38:33.256+0000] {processor.py:186} INFO - Started process (PID=2846) to work on /opt/airflow/dags/dag_with_python_operator.py
[2025-04-28T22:38:33.260+0000] {processor.py:914} INFO - Processing file /opt/airflow/dags/dag_with_python_operator.py for tasks to queue
[2025-04-28T22:38:33.265+0000] {logging_mixin.py:190} INFO - [2025-04-28T22:38:33.264+0000] {dagbag.py:588} INFO - Filling up the DagBag from /opt/airflow/dags/dag_with_python_operator.py
[2025-04-28T22:38:33.312+0000] {processor.py:925} INFO - DAG(s) 'first_with_python_v4' retrieved from /opt/airflow/dags/dag_with_python_operator.py
[2025-04-28T22:38:33.347+0000] {logging_mixin.py:190} INFO - [2025-04-28T22:38:33.346+0000] {dag.py:3239} INFO - Sync 1 DAGs
[2025-04-28T22:38:33.380+0000] {logging_mixin.py:190} INFO - [2025-04-28T22:38:33.380+0000] {dag.py:4180} INFO - Setting next_dagrun for first_with_python_v4 to 2025-02-28 00:00:00+00:00, run_after=2025-03-01 00:00:00+00:00
[2025-04-28T22:38:33.409+0000] {processor.py:208} INFO - Processing /opt/airflow/dags/dag_with_python_operator.py took 0.161 seconds
[2025-04-28T22:39:03.786+0000] {processor.py:186} INFO - Started process (PID=2867) to work on /opt/airflow/dags/dag_with_python_operator.py
[2025-04-28T22:39:03.790+0000] {processor.py:914} INFO - Processing file /opt/airflow/dags/dag_with_python_operator.py for tasks to queue
[2025-04-28T22:39:03.794+0000] {logging_mixin.py:190} INFO - [2025-04-28T22:39:03.793+0000] {dagbag.py:588} INFO - Filling up the DagBag from /opt/airflow/dags/dag_with_python_operator.py
[2025-04-28T22:39:03.820+0000] {processor.py:925} INFO - DAG(s) 'first_with_python_v4' retrieved from /opt/airflow/dags/dag_with_python_operator.py
[2025-04-28T22:39:03.849+0000] {logging_mixin.py:190} INFO - [2025-04-28T22:39:03.848+0000] {dag.py:3239} INFO - Sync 1 DAGs
[2025-04-28T22:39:03.880+0000] {logging_mixin.py:190} INFO - [2025-04-28T22:39:03.880+0000] {dag.py:4180} INFO - Setting next_dagrun for first_with_python_v4 to 2025-02-28 00:00:00+00:00, run_after=2025-03-01 00:00:00+00:00
[2025-04-28T22:39:03.914+0000] {processor.py:208} INFO - Processing /opt/airflow/dags/dag_with_python_operator.py took 0.137 seconds
[2025-04-28T22:39:34.366+0000] {processor.py:186} INFO - Started process (PID=2888) to work on /opt/airflow/dags/dag_with_python_operator.py
[2025-04-28T22:39:34.369+0000] {processor.py:914} INFO - Processing file /opt/airflow/dags/dag_with_python_operator.py for tasks to queue
[2025-04-28T22:39:34.375+0000] {logging_mixin.py:190} INFO - [2025-04-28T22:39:34.374+0000] {dagbag.py:588} INFO - Filling up the DagBag from /opt/airflow/dags/dag_with_python_operator.py
[2025-04-28T22:39:34.404+0000] {processor.py:925} INFO - DAG(s) 'first_with_python_v4' retrieved from /opt/airflow/dags/dag_with_python_operator.py
[2025-04-28T22:39:34.450+0000] {logging_mixin.py:190} INFO - [2025-04-28T22:39:34.449+0000] {dag.py:3239} INFO - Sync 1 DAGs
[2025-04-28T22:39:34.495+0000] {logging_mixin.py:190} INFO - [2025-04-28T22:39:34.495+0000] {dag.py:4180} INFO - Setting next_dagrun for first_with_python_v4 to 2025-02-28 00:00:00+00:00, run_after=2025-03-01 00:00:00+00:00
[2025-04-28T22:39:34.535+0000] {processor.py:208} INFO - Processing /opt/airflow/dags/dag_with_python_operator.py took 0.177 seconds
[2025-04-28T22:40:04.918+0000] {processor.py:186} INFO - Started process (PID=2909) to work on /opt/airflow/dags/dag_with_python_operator.py
[2025-04-28T22:40:04.922+0000] {processor.py:914} INFO - Processing file /opt/airflow/dags/dag_with_python_operator.py for tasks to queue
[2025-04-28T22:40:04.926+0000] {logging_mixin.py:190} INFO - [2025-04-28T22:40:04.926+0000] {dagbag.py:588} INFO - Filling up the DagBag from /opt/airflow/dags/dag_with_python_operator.py
[2025-04-28T22:40:04.955+0000] {processor.py:925} INFO - DAG(s) 'first_with_python_v4' retrieved from /opt/airflow/dags/dag_with_python_operator.py
[2025-04-28T22:40:04.991+0000] {logging_mixin.py:190} INFO - [2025-04-28T22:40:04.991+0000] {dag.py:3239} INFO - Sync 1 DAGs
[2025-04-28T22:40:05.029+0000] {logging_mixin.py:190} INFO - [2025-04-28T22:40:05.029+0000] {dag.py:4180} INFO - Setting next_dagrun for first_with_python_v4 to 2025-02-28 00:00:00+00:00, run_after=2025-03-01 00:00:00+00:00
[2025-04-28T22:40:05.060+0000] {processor.py:208} INFO - Processing /opt/airflow/dags/dag_with_python_operator.py took 0.152 seconds
[2025-04-28T22:40:35.508+0000] {processor.py:186} INFO - Started process (PID=2930) to work on /opt/airflow/dags/dag_with_python_operator.py
[2025-04-28T22:40:35.512+0000] {processor.py:914} INFO - Processing file /opt/airflow/dags/dag_with_python_operator.py for tasks to queue
[2025-04-28T22:40:35.518+0000] {logging_mixin.py:190} INFO - [2025-04-28T22:40:35.517+0000] {dagbag.py:588} INFO - Filling up the DagBag from /opt/airflow/dags/dag_with_python_operator.py
[2025-04-28T22:40:35.550+0000] {processor.py:925} INFO - DAG(s) 'first_with_python_v4' retrieved from /opt/airflow/dags/dag_with_python_operator.py
[2025-04-28T22:40:35.596+0000] {logging_mixin.py:190} INFO - [2025-04-28T22:40:35.596+0000] {dag.py:3239} INFO - Sync 1 DAGs
[2025-04-28T22:40:35.630+0000] {logging_mixin.py:190} INFO - [2025-04-28T22:40:35.630+0000] {dag.py:4180} INFO - Setting next_dagrun for first_with_python_v4 to 2025-02-28 00:00:00+00:00, run_after=2025-03-01 00:00:00+00:00
[2025-04-28T22:40:35.664+0000] {processor.py:208} INFO - Processing /opt/airflow/dags/dag_with_python_operator.py took 0.166 seconds
[2025-04-28T22:41:06.065+0000] {processor.py:186} INFO - Started process (PID=2951) to work on /opt/airflow/dags/dag_with_python_operator.py
[2025-04-28T22:41:06.068+0000] {processor.py:914} INFO - Processing file /opt/airflow/dags/dag_with_python_operator.py for tasks to queue
[2025-04-28T22:41:06.073+0000] {logging_mixin.py:190} INFO - [2025-04-28T22:41:06.072+0000] {dagbag.py:588} INFO - Filling up the DagBag from /opt/airflow/dags/dag_with_python_operator.py
[2025-04-28T22:41:06.114+0000] {processor.py:925} INFO - DAG(s) 'first_with_python_v4' retrieved from /opt/airflow/dags/dag_with_python_operator.py
[2025-04-28T22:41:06.143+0000] {logging_mixin.py:190} INFO - [2025-04-28T22:41:06.143+0000] {dag.py:3239} INFO - Sync 1 DAGs
[2025-04-28T22:41:06.169+0000] {logging_mixin.py:190} INFO - [2025-04-28T22:41:06.169+0000] {dag.py:4180} INFO - Setting next_dagrun for first_with_python_v4 to 2025-02-28 00:00:00+00:00, run_after=2025-03-01 00:00:00+00:00
[2025-04-28T22:41:06.192+0000] {processor.py:208} INFO - Processing /opt/airflow/dags/dag_with_python_operator.py took 0.136 seconds
[2025-04-28T22:41:36.812+0000] {processor.py:186} INFO - Started process (PID=2972) to work on /opt/airflow/dags/dag_with_python_operator.py
[2025-04-28T22:41:36.815+0000] {processor.py:914} INFO - Processing file /opt/airflow/dags/dag_with_python_operator.py for tasks to queue
[2025-04-28T22:41:36.823+0000] {logging_mixin.py:190} INFO - [2025-04-28T22:41:36.822+0000] {dagbag.py:588} INFO - Filling up the DagBag from /opt/airflow/dags/dag_with_python_operator.py
[2025-04-28T22:41:36.869+0000] {processor.py:925} INFO - DAG(s) 'first_with_python_v4' retrieved from /opt/airflow/dags/dag_with_python_operator.py
[2025-04-28T22:41:36.930+0000] {logging_mixin.py:190} INFO - [2025-04-28T22:41:36.930+0000] {dag.py:3239} INFO - Sync 1 DAGs
[2025-04-28T22:41:36.969+0000] {logging_mixin.py:190} INFO - [2025-04-28T22:41:36.969+0000] {dag.py:4180} INFO - Setting next_dagrun for first_with_python_v4 to 2025-02-28 00:00:00+00:00, run_after=2025-03-01 00:00:00+00:00
[2025-04-28T22:41:37.002+0000] {processor.py:208} INFO - Processing /opt/airflow/dags/dag_with_python_operator.py took 0.199 seconds
[2025-04-28T22:42:07.398+0000] {processor.py:186} INFO - Started process (PID=2992) to work on /opt/airflow/dags/dag_with_python_operator.py
[2025-04-28T22:42:07.400+0000] {processor.py:914} INFO - Processing file /opt/airflow/dags/dag_with_python_operator.py for tasks to queue
[2025-04-28T22:42:07.404+0000] {logging_mixin.py:190} INFO - [2025-04-28T22:42:07.404+0000] {dagbag.py:588} INFO - Filling up the DagBag from /opt/airflow/dags/dag_with_python_operator.py
[2025-04-28T22:42:07.434+0000] {processor.py:925} INFO - DAG(s) 'first_with_python_v4' retrieved from /opt/airflow/dags/dag_with_python_operator.py
[2025-04-28T22:42:07.473+0000] {logging_mixin.py:190} INFO - [2025-04-28T22:42:07.472+0000] {dag.py:3239} INFO - Sync 1 DAGs
[2025-04-28T22:42:07.515+0000] {logging_mixin.py:190} INFO - [2025-04-28T22:42:07.515+0000] {dag.py:4180} INFO - Setting next_dagrun for first_with_python_v4 to 2025-02-28 00:00:00+00:00, run_after=2025-03-01 00:00:00+00:00
[2025-04-28T22:42:07.549+0000] {processor.py:208} INFO - Processing /opt/airflow/dags/dag_with_python_operator.py took 0.159 seconds
[2025-04-28T22:42:38.025+0000] {processor.py:186} INFO - Started process (PID=3013) to work on /opt/airflow/dags/dag_with_python_operator.py
[2025-04-28T22:42:38.029+0000] {processor.py:914} INFO - Processing file /opt/airflow/dags/dag_with_python_operator.py for tasks to queue
[2025-04-28T22:42:38.034+0000] {logging_mixin.py:190} INFO - [2025-04-28T22:42:38.033+0000] {dagbag.py:588} INFO - Filling up the DagBag from /opt/airflow/dags/dag_with_python_operator.py
[2025-04-28T22:42:38.066+0000] {processor.py:925} INFO - DAG(s) 'first_with_python_v4' retrieved from /opt/airflow/dags/dag_with_python_operator.py
[2025-04-28T22:42:38.121+0000] {logging_mixin.py:190} INFO - [2025-04-28T22:42:38.119+0000] {dag.py:3239} INFO - Sync 1 DAGs
[2025-04-28T22:42:38.163+0000] {logging_mixin.py:190} INFO - [2025-04-28T22:42:38.162+0000] {dag.py:4180} INFO - Setting next_dagrun for first_with_python_v4 to 2025-02-28 00:00:00+00:00, run_after=2025-03-01 00:00:00+00:00
[2025-04-28T22:42:38.200+0000] {processor.py:208} INFO - Processing /opt/airflow/dags/dag_with_python_operator.py took 0.183 seconds
[2025-04-28T22:43:08.592+0000] {processor.py:186} INFO - Started process (PID=3034) to work on /opt/airflow/dags/dag_with_python_operator.py
[2025-04-28T22:43:08.596+0000] {processor.py:914} INFO - Processing file /opt/airflow/dags/dag_with_python_operator.py for tasks to queue
[2025-04-28T22:43:08.603+0000] {logging_mixin.py:190} INFO - [2025-04-28T22:43:08.602+0000] {dagbag.py:588} INFO - Filling up the DagBag from /opt/airflow/dags/dag_with_python_operator.py
[2025-04-28T22:43:08.638+0000] {processor.py:925} INFO - DAG(s) 'first_with_python_v4' retrieved from /opt/airflow/dags/dag_with_python_operator.py
[2025-04-28T22:43:08.680+0000] {logging_mixin.py:190} INFO - [2025-04-28T22:43:08.679+0000] {dag.py:3239} INFO - Sync 1 DAGs
[2025-04-28T22:43:08.713+0000] {logging_mixin.py:190} INFO - [2025-04-28T22:43:08.713+0000] {dag.py:4180} INFO - Setting next_dagrun for first_with_python_v4 to 2025-02-28 00:00:00+00:00, run_after=2025-03-01 00:00:00+00:00
[2025-04-28T22:43:08.749+0000] {processor.py:208} INFO - Processing /opt/airflow/dags/dag_with_python_operator.py took 0.166 seconds
[2025-04-28T22:43:39.244+0000] {processor.py:186} INFO - Started process (PID=3055) to work on /opt/airflow/dags/dag_with_python_operator.py
[2025-04-28T22:43:39.248+0000] {processor.py:914} INFO - Processing file /opt/airflow/dags/dag_with_python_operator.py for tasks to queue
[2025-04-28T22:43:39.257+0000] {logging_mixin.py:190} INFO - [2025-04-28T22:43:39.256+0000] {dagbag.py:588} INFO - Filling up the DagBag from /opt/airflow/dags/dag_with_python_operator.py
[2025-04-28T22:43:39.295+0000] {processor.py:925} INFO - DAG(s) 'first_with_python_v4' retrieved from /opt/airflow/dags/dag_with_python_operator.py
[2025-04-28T22:43:39.342+0000] {logging_mixin.py:190} INFO - [2025-04-28T22:43:39.341+0000] {dag.py:3239} INFO - Sync 1 DAGs
[2025-04-28T22:43:39.393+0000] {logging_mixin.py:190} INFO - [2025-04-28T22:43:39.392+0000] {dag.py:4180} INFO - Setting next_dagrun for first_with_python_v4 to 2025-02-28 00:00:00+00:00, run_after=2025-03-01 00:00:00+00:00
[2025-04-28T22:43:39.437+0000] {processor.py:208} INFO - Processing /opt/airflow/dags/dag_with_python_operator.py took 0.209 seconds
[2025-04-28T22:44:10.617+0000] {processor.py:186} INFO - Started process (PID=3076) to work on /opt/airflow/dags/dag_with_python_operator.py
[2025-04-28T22:44:10.619+0000] {processor.py:914} INFO - Processing file /opt/airflow/dags/dag_with_python_operator.py for tasks to queue
[2025-04-28T22:44:10.626+0000] {logging_mixin.py:190} INFO - [2025-04-28T22:44:10.625+0000] {dagbag.py:588} INFO - Filling up the DagBag from /opt/airflow/dags/dag_with_python_operator.py
[2025-04-28T22:44:10.658+0000] {processor.py:925} INFO - DAG(s) 'first_with_python_v4' retrieved from /opt/airflow/dags/dag_with_python_operator.py
[2025-04-28T22:44:10.701+0000] {logging_mixin.py:190} INFO - [2025-04-28T22:44:10.700+0000] {dag.py:3239} INFO - Sync 1 DAGs
[2025-04-28T22:44:10.753+0000] {logging_mixin.py:190} INFO - [2025-04-28T22:44:10.753+0000] {dag.py:4180} INFO - Setting next_dagrun for first_with_python_v4 to 2025-02-28 00:00:00+00:00, run_after=2025-03-01 00:00:00+00:00
[2025-04-28T22:44:10.781+0000] {processor.py:208} INFO - Processing /opt/airflow/dags/dag_with_python_operator.py took 0.175 seconds
[2025-04-28T22:44:41.212+0000] {processor.py:186} INFO - Started process (PID=3097) to work on /opt/airflow/dags/dag_with_python_operator.py
[2025-04-28T22:44:41.214+0000] {processor.py:914} INFO - Processing file /opt/airflow/dags/dag_with_python_operator.py for tasks to queue
[2025-04-28T22:44:41.219+0000] {logging_mixin.py:190} INFO - [2025-04-28T22:44:41.218+0000] {dagbag.py:588} INFO - Filling up the DagBag from /opt/airflow/dags/dag_with_python_operator.py
[2025-04-28T22:44:41.251+0000] {processor.py:925} INFO - DAG(s) 'first_with_python_v4' retrieved from /opt/airflow/dags/dag_with_python_operator.py
[2025-04-28T22:44:41.296+0000] {logging_mixin.py:190} INFO - [2025-04-28T22:44:41.295+0000] {dag.py:3239} INFO - Sync 1 DAGs
[2025-04-28T22:44:41.334+0000] {logging_mixin.py:190} INFO - [2025-04-28T22:44:41.333+0000] {dag.py:4180} INFO - Setting next_dagrun for first_with_python_v4 to 2025-02-28 00:00:00+00:00, run_after=2025-03-01 00:00:00+00:00
[2025-04-28T22:44:41.364+0000] {processor.py:208} INFO - Processing /opt/airflow/dags/dag_with_python_operator.py took 0.162 seconds
[2025-04-28T22:45:11.754+0000] {processor.py:186} INFO - Started process (PID=3117) to work on /opt/airflow/dags/dag_with_python_operator.py
[2025-04-28T22:45:11.757+0000] {processor.py:914} INFO - Processing file /opt/airflow/dags/dag_with_python_operator.py for tasks to queue
[2025-04-28T22:45:11.762+0000] {logging_mixin.py:190} INFO - [2025-04-28T22:45:11.762+0000] {dagbag.py:588} INFO - Filling up the DagBag from /opt/airflow/dags/dag_with_python_operator.py
[2025-04-28T22:45:11.797+0000] {processor.py:925} INFO - DAG(s) 'first_with_python_v4' retrieved from /opt/airflow/dags/dag_with_python_operator.py
[2025-04-28T22:45:11.852+0000] {logging_mixin.py:190} INFO - [2025-04-28T22:45:11.851+0000] {dag.py:3239} INFO - Sync 1 DAGs
[2025-04-28T22:45:11.901+0000] {logging_mixin.py:190} INFO - [2025-04-28T22:45:11.901+0000] {dag.py:4180} INFO - Setting next_dagrun for first_with_python_v4 to 2025-02-28 00:00:00+00:00, run_after=2025-03-01 00:00:00+00:00
[2025-04-28T22:45:11.941+0000] {processor.py:208} INFO - Processing /opt/airflow/dags/dag_with_python_operator.py took 0.198 seconds
[2025-04-28T22:45:42.327+0000] {processor.py:186} INFO - Started process (PID=3137) to work on /opt/airflow/dags/dag_with_python_operator.py
[2025-04-28T22:45:42.331+0000] {processor.py:914} INFO - Processing file /opt/airflow/dags/dag_with_python_operator.py for tasks to queue
[2025-04-28T22:45:42.338+0000] {logging_mixin.py:190} INFO - [2025-04-28T22:45:42.338+0000] {dagbag.py:588} INFO - Filling up the DagBag from /opt/airflow/dags/dag_with_python_operator.py
[2025-04-28T22:45:42.374+0000] {processor.py:925} INFO - DAG(s) 'first_with_python_v4' retrieved from /opt/airflow/dags/dag_with_python_operator.py
[2025-04-28T22:45:42.416+0000] {logging_mixin.py:190} INFO - [2025-04-28T22:45:42.415+0000] {dag.py:3239} INFO - Sync 1 DAGs
[2025-04-28T22:45:42.452+0000] {logging_mixin.py:190} INFO - [2025-04-28T22:45:42.451+0000] {dag.py:4180} INFO - Setting next_dagrun for first_with_python_v4 to 2025-02-28 00:00:00+00:00, run_after=2025-03-01 00:00:00+00:00
[2025-04-28T22:45:42.478+0000] {processor.py:208} INFO - Processing /opt/airflow/dags/dag_with_python_operator.py took 0.162 seconds
[2025-04-28T22:46:12.570+0000] {processor.py:186} INFO - Started process (PID=3158) to work on /opt/airflow/dags/dag_with_python_operator.py
[2025-04-28T22:46:12.574+0000] {processor.py:914} INFO - Processing file /opt/airflow/dags/dag_with_python_operator.py for tasks to queue
[2025-04-28T22:46:12.579+0000] {logging_mixin.py:190} INFO - [2025-04-28T22:46:12.578+0000] {dagbag.py:588} INFO - Filling up the DagBag from /opt/airflow/dags/dag_with_python_operator.py
[2025-04-28T22:46:12.616+0000] {processor.py:925} INFO - DAG(s) 'first_with_python_v4' retrieved from /opt/airflow/dags/dag_with_python_operator.py
[2025-04-28T22:46:12.652+0000] {logging_mixin.py:190} INFO - [2025-04-28T22:46:12.651+0000] {dag.py:3239} INFO - Sync 1 DAGs
[2025-04-28T22:46:12.685+0000] {logging_mixin.py:190} INFO - [2025-04-28T22:46:12.684+0000] {dag.py:4180} INFO - Setting next_dagrun for first_with_python_v4 to 2025-02-28 00:00:00+00:00, run_after=2025-03-01 00:00:00+00:00
[2025-04-28T22:46:12.718+0000] {processor.py:208} INFO - Processing /opt/airflow/dags/dag_with_python_operator.py took 0.155 seconds
[2025-04-28T22:46:43.166+0000] {processor.py:186} INFO - Started process (PID=3179) to work on /opt/airflow/dags/dag_with_python_operator.py
[2025-04-28T22:46:43.171+0000] {processor.py:914} INFO - Processing file /opt/airflow/dags/dag_with_python_operator.py for tasks to queue
[2025-04-28T22:46:43.177+0000] {logging_mixin.py:190} INFO - [2025-04-28T22:46:43.176+0000] {dagbag.py:588} INFO - Filling up the DagBag from /opt/airflow/dags/dag_with_python_operator.py
[2025-04-28T22:46:43.208+0000] {processor.py:925} INFO - DAG(s) 'first_with_python_v4' retrieved from /opt/airflow/dags/dag_with_python_operator.py
[2025-04-28T22:46:43.246+0000] {logging_mixin.py:190} INFO - [2025-04-28T22:46:43.245+0000] {dag.py:3239} INFO - Sync 1 DAGs
[2025-04-28T22:46:43.281+0000] {logging_mixin.py:190} INFO - [2025-04-28T22:46:43.281+0000] {dag.py:4180} INFO - Setting next_dagrun for first_with_python_v4 to 2025-02-28 00:00:00+00:00, run_after=2025-03-01 00:00:00+00:00
[2025-04-28T22:46:43.312+0000] {processor.py:208} INFO - Processing /opt/airflow/dags/dag_with_python_operator.py took 0.156 seconds
[2025-04-28T22:47:13.700+0000] {processor.py:186} INFO - Started process (PID=3200) to work on /opt/airflow/dags/dag_with_python_operator.py
[2025-04-28T22:47:13.704+0000] {processor.py:914} INFO - Processing file /opt/airflow/dags/dag_with_python_operator.py for tasks to queue
[2025-04-28T22:47:13.708+0000] {logging_mixin.py:190} INFO - [2025-04-28T22:47:13.708+0000] {dagbag.py:588} INFO - Filling up the DagBag from /opt/airflow/dags/dag_with_python_operator.py
[2025-04-28T22:47:13.741+0000] {processor.py:925} INFO - DAG(s) 'first_with_python_v4' retrieved from /opt/airflow/dags/dag_with_python_operator.py
[2025-04-28T22:47:13.789+0000] {logging_mixin.py:190} INFO - [2025-04-28T22:47:13.788+0000] {dag.py:3239} INFO - Sync 1 DAGs
[2025-04-28T22:47:13.830+0000] {logging_mixin.py:190} INFO - [2025-04-28T22:47:13.830+0000] {dag.py:4180} INFO - Setting next_dagrun for first_with_python_v4 to 2025-02-28 00:00:00+00:00, run_after=2025-03-01 00:00:00+00:00
[2025-04-28T22:47:13.858+0000] {processor.py:208} INFO - Processing /opt/airflow/dags/dag_with_python_operator.py took 0.166 seconds
[2025-04-28T22:47:44.445+0000] {processor.py:186} INFO - Started process (PID=3221) to work on /opt/airflow/dags/dag_with_python_operator.py
[2025-04-28T22:47:44.449+0000] {processor.py:914} INFO - Processing file /opt/airflow/dags/dag_with_python_operator.py for tasks to queue
[2025-04-28T22:47:44.460+0000] {logging_mixin.py:190} INFO - [2025-04-28T22:47:44.459+0000] {dagbag.py:588} INFO - Filling up the DagBag from /opt/airflow/dags/dag_with_python_operator.py
[2025-04-28T22:47:44.506+0000] {processor.py:925} INFO - DAG(s) 'first_with_python_v4' retrieved from /opt/airflow/dags/dag_with_python_operator.py
[2025-04-28T22:47:44.562+0000] {logging_mixin.py:190} INFO - [2025-04-28T22:47:44.561+0000] {dag.py:3239} INFO - Sync 1 DAGs
[2025-04-28T22:47:44.595+0000] {logging_mixin.py:190} INFO - [2025-04-28T22:47:44.594+0000] {dag.py:4180} INFO - Setting next_dagrun for first_with_python_v4 to 2025-02-28 00:00:00+00:00, run_after=2025-03-01 00:00:00+00:00
[2025-04-28T22:47:44.624+0000] {processor.py:208} INFO - Processing /opt/airflow/dags/dag_with_python_operator.py took 0.189 seconds
[2025-04-28T22:48:14.968+0000] {processor.py:186} INFO - Started process (PID=3241) to work on /opt/airflow/dags/dag_with_python_operator.py
[2025-04-28T22:48:14.971+0000] {processor.py:914} INFO - Processing file /opt/airflow/dags/dag_with_python_operator.py for tasks to queue
[2025-04-28T22:48:14.976+0000] {logging_mixin.py:190} INFO - [2025-04-28T22:48:14.975+0000] {dagbag.py:588} INFO - Filling up the DagBag from /opt/airflow/dags/dag_with_python_operator.py
[2025-04-28T22:48:15.003+0000] {processor.py:925} INFO - DAG(s) 'first_with_python_v4' retrieved from /opt/airflow/dags/dag_with_python_operator.py
[2025-04-28T22:48:15.039+0000] {logging_mixin.py:190} INFO - [2025-04-28T22:48:15.039+0000] {dag.py:3239} INFO - Sync 1 DAGs
[2025-04-28T22:48:15.072+0000] {logging_mixin.py:190} INFO - [2025-04-28T22:48:15.072+0000] {dag.py:4180} INFO - Setting next_dagrun for first_with_python_v4 to 2025-02-28 00:00:00+00:00, run_after=2025-03-01 00:00:00+00:00
[2025-04-28T22:48:15.100+0000] {processor.py:208} INFO - Processing /opt/airflow/dags/dag_with_python_operator.py took 0.141 seconds
[2025-04-28T22:48:45.567+0000] {processor.py:186} INFO - Started process (PID=3262) to work on /opt/airflow/dags/dag_with_python_operator.py
[2025-04-28T22:48:45.570+0000] {processor.py:914} INFO - Processing file /opt/airflow/dags/dag_with_python_operator.py for tasks to queue
[2025-04-28T22:48:45.578+0000] {logging_mixin.py:190} INFO - [2025-04-28T22:48:45.577+0000] {dagbag.py:588} INFO - Filling up the DagBag from /opt/airflow/dags/dag_with_python_operator.py
[2025-04-28T22:48:45.620+0000] {processor.py:925} INFO - DAG(s) 'first_with_python_v4' retrieved from /opt/airflow/dags/dag_with_python_operator.py
[2025-04-28T22:48:45.676+0000] {logging_mixin.py:190} INFO - [2025-04-28T22:48:45.675+0000] {dag.py:3239} INFO - Sync 1 DAGs
[2025-04-28T22:48:45.715+0000] {logging_mixin.py:190} INFO - [2025-04-28T22:48:45.715+0000] {dag.py:4180} INFO - Setting next_dagrun for first_with_python_v4 to 2025-02-28 00:00:00+00:00, run_after=2025-03-01 00:00:00+00:00
[2025-04-28T22:48:45.748+0000] {processor.py:208} INFO - Processing /opt/airflow/dags/dag_with_python_operator.py took 0.194 seconds
[2025-04-28T22:49:16.080+0000] {processor.py:186} INFO - Started process (PID=3283) to work on /opt/airflow/dags/dag_with_python_operator.py
[2025-04-28T22:49:16.082+0000] {processor.py:914} INFO - Processing file /opt/airflow/dags/dag_with_python_operator.py for tasks to queue
[2025-04-28T22:49:16.088+0000] {logging_mixin.py:190} INFO - [2025-04-28T22:49:16.087+0000] {dagbag.py:588} INFO - Filling up the DagBag from /opt/airflow/dags/dag_with_python_operator.py
[2025-04-28T22:49:16.123+0000] {processor.py:925} INFO - DAG(s) 'first_with_python_v4' retrieved from /opt/airflow/dags/dag_with_python_operator.py
[2025-04-28T22:49:16.166+0000] {logging_mixin.py:190} INFO - [2025-04-28T22:49:16.165+0000] {dag.py:3239} INFO - Sync 1 DAGs
[2025-04-28T22:49:16.197+0000] {logging_mixin.py:190} INFO - [2025-04-28T22:49:16.196+0000] {dag.py:4180} INFO - Setting next_dagrun for first_with_python_v4 to 2025-02-28 00:00:00+00:00, run_after=2025-03-01 00:00:00+00:00
[2025-04-28T22:49:16.225+0000] {processor.py:208} INFO - Processing /opt/airflow/dags/dag_with_python_operator.py took 0.155 seconds
[2025-04-28T22:49:46.651+0000] {processor.py:186} INFO - Started process (PID=3304) to work on /opt/airflow/dags/dag_with_python_operator.py
[2025-04-28T22:49:46.654+0000] {processor.py:914} INFO - Processing file /opt/airflow/dags/dag_with_python_operator.py for tasks to queue
[2025-04-28T22:49:46.661+0000] {logging_mixin.py:190} INFO - [2025-04-28T22:49:46.660+0000] {dagbag.py:588} INFO - Filling up the DagBag from /opt/airflow/dags/dag_with_python_operator.py
[2025-04-28T22:49:46.697+0000] {processor.py:925} INFO - DAG(s) 'first_with_python_v4' retrieved from /opt/airflow/dags/dag_with_python_operator.py
[2025-04-28T22:49:46.748+0000] {logging_mixin.py:190} INFO - [2025-04-28T22:49:46.746+0000] {dag.py:3239} INFO - Sync 1 DAGs
[2025-04-28T22:49:46.787+0000] {logging_mixin.py:190} INFO - [2025-04-28T22:49:46.786+0000] {dag.py:4180} INFO - Setting next_dagrun for first_with_python_v4 to 2025-02-28 00:00:00+00:00, run_after=2025-03-01 00:00:00+00:00
[2025-04-28T22:49:46.822+0000] {processor.py:208} INFO - Processing /opt/airflow/dags/dag_with_python_operator.py took 0.181 seconds
[2025-04-28T22:50:17.234+0000] {processor.py:186} INFO - Started process (PID=3325) to work on /opt/airflow/dags/dag_with_python_operator.py
[2025-04-28T22:50:17.237+0000] {processor.py:914} INFO - Processing file /opt/airflow/dags/dag_with_python_operator.py for tasks to queue
[2025-04-28T22:50:17.244+0000] {logging_mixin.py:190} INFO - [2025-04-28T22:50:17.243+0000] {dagbag.py:588} INFO - Filling up the DagBag from /opt/airflow/dags/dag_with_python_operator.py
[2025-04-28T22:50:17.276+0000] {processor.py:925} INFO - DAG(s) 'first_with_python_v4' retrieved from /opt/airflow/dags/dag_with_python_operator.py
[2025-04-28T22:50:17.319+0000] {logging_mixin.py:190} INFO - [2025-04-28T22:50:17.317+0000] {dag.py:3239} INFO - Sync 1 DAGs
[2025-04-28T22:50:17.360+0000] {logging_mixin.py:190} INFO - [2025-04-28T22:50:17.359+0000] {dag.py:4180} INFO - Setting next_dagrun for first_with_python_v4 to 2025-02-28 00:00:00+00:00, run_after=2025-03-01 00:00:00+00:00
[2025-04-28T22:50:17.393+0000] {processor.py:208} INFO - Processing /opt/airflow/dags/dag_with_python_operator.py took 0.168 seconds
[2025-04-28T22:50:48.598+0000] {processor.py:186} INFO - Started process (PID=3346) to work on /opt/airflow/dags/dag_with_python_operator.py
[2025-04-28T22:50:48.600+0000] {processor.py:914} INFO - Processing file /opt/airflow/dags/dag_with_python_operator.py for tasks to queue
[2025-04-28T22:50:48.606+0000] {logging_mixin.py:190} INFO - [2025-04-28T22:50:48.605+0000] {dagbag.py:588} INFO - Filling up the DagBag from /opt/airflow/dags/dag_with_python_operator.py
[2025-04-28T22:50:48.637+0000] {processor.py:925} INFO - DAG(s) 'first_with_python_v4' retrieved from /opt/airflow/dags/dag_with_python_operator.py
[2025-04-28T22:50:48.685+0000] {logging_mixin.py:190} INFO - [2025-04-28T22:50:48.684+0000] {dag.py:3239} INFO - Sync 1 DAGs
[2025-04-28T22:50:48.725+0000] {logging_mixin.py:190} INFO - [2025-04-28T22:50:48.725+0000] {dag.py:4180} INFO - Setting next_dagrun for first_with_python_v4 to 2025-02-28 00:00:00+00:00, run_after=2025-03-01 00:00:00+00:00
[2025-04-28T22:50:48.761+0000] {processor.py:208} INFO - Processing /opt/airflow/dags/dag_with_python_operator.py took 0.172 seconds
[2025-04-28T22:51:19.503+0000] {processor.py:186} INFO - Started process (PID=3367) to work on /opt/airflow/dags/dag_with_python_operator.py
[2025-04-28T22:51:19.506+0000] {processor.py:914} INFO - Processing file /opt/airflow/dags/dag_with_python_operator.py for tasks to queue
[2025-04-28T22:51:19.513+0000] {logging_mixin.py:190} INFO - [2025-04-28T22:51:19.513+0000] {dagbag.py:588} INFO - Filling up the DagBag from /opt/airflow/dags/dag_with_python_operator.py
[2025-04-28T22:51:19.548+0000] {processor.py:925} INFO - DAG(s) 'first_with_python_v4' retrieved from /opt/airflow/dags/dag_with_python_operator.py
[2025-04-28T22:51:19.581+0000] {logging_mixin.py:190} INFO - [2025-04-28T22:51:19.580+0000] {dag.py:3239} INFO - Sync 1 DAGs
[2025-04-28T22:51:19.608+0000] {logging_mixin.py:190} INFO - [2025-04-28T22:51:19.608+0000] {dag.py:4180} INFO - Setting next_dagrun for first_with_python_v4 to 2025-02-28 00:00:00+00:00, run_after=2025-03-01 00:00:00+00:00
[2025-04-28T22:51:19.634+0000] {processor.py:208} INFO - Processing /opt/airflow/dags/dag_with_python_operator.py took 0.137 seconds
[2025-04-28T22:51:49.993+0000] {processor.py:186} INFO - Started process (PID=3388) to work on /opt/airflow/dags/dag_with_python_operator.py
[2025-04-28T22:51:49.996+0000] {processor.py:914} INFO - Processing file /opt/airflow/dags/dag_with_python_operator.py for tasks to queue
[2025-04-28T22:51:50.002+0000] {logging_mixin.py:190} INFO - [2025-04-28T22:51:50.002+0000] {dagbag.py:588} INFO - Filling up the DagBag from /opt/airflow/dags/dag_with_python_operator.py
[2025-04-28T22:51:50.032+0000] {processor.py:925} INFO - DAG(s) 'first_with_python_v4' retrieved from /opt/airflow/dags/dag_with_python_operator.py
[2025-04-28T22:51:50.068+0000] {logging_mixin.py:190} INFO - [2025-04-28T22:51:50.067+0000] {dag.py:3239} INFO - Sync 1 DAGs
[2025-04-28T22:51:50.100+0000] {logging_mixin.py:190} INFO - [2025-04-28T22:51:50.100+0000] {dag.py:4180} INFO - Setting next_dagrun for first_with_python_v4 to 2025-02-28 00:00:00+00:00, run_after=2025-03-01 00:00:00+00:00
[2025-04-28T22:51:50.126+0000] {processor.py:208} INFO - Processing /opt/airflow/dags/dag_with_python_operator.py took 0.143 seconds
[2025-04-28T22:52:20.492+0000] {processor.py:186} INFO - Started process (PID=3409) to work on /opt/airflow/dags/dag_with_python_operator.py
[2025-04-28T22:52:20.494+0000] {processor.py:914} INFO - Processing file /opt/airflow/dags/dag_with_python_operator.py for tasks to queue
[2025-04-28T22:52:20.497+0000] {logging_mixin.py:190} INFO - [2025-04-28T22:52:20.497+0000] {dagbag.py:588} INFO - Filling up the DagBag from /opt/airflow/dags/dag_with_python_operator.py
[2025-04-28T22:52:20.526+0000] {processor.py:925} INFO - DAG(s) 'first_with_python_v4' retrieved from /opt/airflow/dags/dag_with_python_operator.py
[2025-04-28T22:52:20.549+0000] {logging_mixin.py:190} INFO - [2025-04-28T22:52:20.548+0000] {dag.py:3239} INFO - Sync 1 DAGs
[2025-04-28T22:52:20.590+0000] {logging_mixin.py:190} INFO - [2025-04-28T22:52:20.590+0000] {dag.py:4180} INFO - Setting next_dagrun for first_with_python_v4 to 2025-02-28 00:00:00+00:00, run_after=2025-03-01 00:00:00+00:00
[2025-04-28T22:52:20.617+0000] {processor.py:208} INFO - Processing /opt/airflow/dags/dag_with_python_operator.py took 0.131 seconds
[2025-04-28T22:52:50.884+0000] {processor.py:186} INFO - Started process (PID=3430) to work on /opt/airflow/dags/dag_with_python_operator.py
[2025-04-28T22:52:50.887+0000] {processor.py:914} INFO - Processing file /opt/airflow/dags/dag_with_python_operator.py for tasks to queue
[2025-04-28T22:52:50.891+0000] {logging_mixin.py:190} INFO - [2025-04-28T22:52:50.890+0000] {dagbag.py:588} INFO - Filling up the DagBag from /opt/airflow/dags/dag_with_python_operator.py
[2025-04-28T22:52:50.935+0000] {processor.py:925} INFO - DAG(s) 'first_with_python_v4' retrieved from /opt/airflow/dags/dag_with_python_operator.py
[2025-04-28T22:52:50.974+0000] {logging_mixin.py:190} INFO - [2025-04-28T22:52:50.974+0000] {dag.py:3239} INFO - Sync 1 DAGs
[2025-04-28T22:52:50.993+0000] {logging_mixin.py:190} INFO - [2025-04-28T22:52:50.992+0000] {dag.py:4180} INFO - Setting next_dagrun for first_with_python_v4 to 2025-02-28 00:00:00+00:00, run_after=2025-03-01 00:00:00+00:00
[2025-04-28T22:52:51.008+0000] {processor.py:208} INFO - Processing /opt/airflow/dags/dag_with_python_operator.py took 0.136 seconds
[2025-04-28T22:53:21.222+0000] {processor.py:186} INFO - Started process (PID=3451) to work on /opt/airflow/dags/dag_with_python_operator.py
[2025-04-28T22:53:21.224+0000] {processor.py:914} INFO - Processing file /opt/airflow/dags/dag_with_python_operator.py for tasks to queue
[2025-04-28T22:53:21.227+0000] {logging_mixin.py:190} INFO - [2025-04-28T22:53:21.227+0000] {dagbag.py:588} INFO - Filling up the DagBag from /opt/airflow/dags/dag_with_python_operator.py
[2025-04-28T22:53:21.255+0000] {processor.py:925} INFO - DAG(s) 'first_with_python_v4' retrieved from /opt/airflow/dags/dag_with_python_operator.py
[2025-04-28T22:53:21.271+0000] {logging_mixin.py:190} INFO - [2025-04-28T22:53:21.270+0000] {dag.py:3239} INFO - Sync 1 DAGs
[2025-04-28T22:53:21.286+0000] {logging_mixin.py:190} INFO - [2025-04-28T22:53:21.286+0000] {dag.py:4180} INFO - Setting next_dagrun for first_with_python_v4 to 2025-02-28 00:00:00+00:00, run_after=2025-03-01 00:00:00+00:00
[2025-04-28T22:53:21.299+0000] {processor.py:208} INFO - Processing /opt/airflow/dags/dag_with_python_operator.py took 0.080 seconds
[2025-04-28T22:53:51.518+0000] {processor.py:186} INFO - Started process (PID=3472) to work on /opt/airflow/dags/dag_with_python_operator.py
[2025-04-28T22:53:51.520+0000] {processor.py:914} INFO - Processing file /opt/airflow/dags/dag_with_python_operator.py for tasks to queue
[2025-04-28T22:53:51.523+0000] {logging_mixin.py:190} INFO - [2025-04-28T22:53:51.523+0000] {dagbag.py:588} INFO - Filling up the DagBag from /opt/airflow/dags/dag_with_python_operator.py
[2025-04-28T22:53:51.553+0000] {processor.py:925} INFO - DAG(s) 'first_with_python_v4' retrieved from /opt/airflow/dags/dag_with_python_operator.py
[2025-04-28T22:53:51.567+0000] {logging_mixin.py:190} INFO - [2025-04-28T22:53:51.567+0000] {dag.py:3239} INFO - Sync 1 DAGs
[2025-04-28T22:53:51.583+0000] {logging_mixin.py:190} INFO - [2025-04-28T22:53:51.583+0000] {dag.py:4180} INFO - Setting next_dagrun for first_with_python_v4 to 2025-02-28 00:00:00+00:00, run_after=2025-03-01 00:00:00+00:00
[2025-04-28T22:53:51.595+0000] {processor.py:208} INFO - Processing /opt/airflow/dags/dag_with_python_operator.py took 0.083 seconds
[2025-04-28T22:54:21.878+0000] {processor.py:186} INFO - Started process (PID=3493) to work on /opt/airflow/dags/dag_with_python_operator.py
[2025-04-28T22:54:21.880+0000] {processor.py:914} INFO - Processing file /opt/airflow/dags/dag_with_python_operator.py for tasks to queue
[2025-04-28T22:54:21.882+0000] {logging_mixin.py:190} INFO - [2025-04-28T22:54:21.882+0000] {dagbag.py:588} INFO - Filling up the DagBag from /opt/airflow/dags/dag_with_python_operator.py
[2025-04-28T22:54:21.896+0000] {processor.py:925} INFO - DAG(s) 'first_with_python_v4' retrieved from /opt/airflow/dags/dag_with_python_operator.py
[2025-04-28T22:54:21.910+0000] {logging_mixin.py:190} INFO - [2025-04-28T22:54:21.909+0000] {dag.py:3239} INFO - Sync 1 DAGs
[2025-04-28T22:54:21.923+0000] {logging_mixin.py:190} INFO - [2025-04-28T22:54:21.923+0000] {dag.py:4180} INFO - Setting next_dagrun for first_with_python_v4 to 2025-02-28 00:00:00+00:00, run_after=2025-03-01 00:00:00+00:00
[2025-04-28T22:54:21.935+0000] {processor.py:208} INFO - Processing /opt/airflow/dags/dag_with_python_operator.py took 0.060 seconds
[2025-04-28T22:54:52.320+0000] {processor.py:186} INFO - Started process (PID=3514) to work on /opt/airflow/dags/dag_with_python_operator.py
[2025-04-28T22:54:52.321+0000] {processor.py:914} INFO - Processing file /opt/airflow/dags/dag_with_python_operator.py for tasks to queue
[2025-04-28T22:54:52.323+0000] {logging_mixin.py:190} INFO - [2025-04-28T22:54:52.323+0000] {dagbag.py:588} INFO - Filling up the DagBag from /opt/airflow/dags/dag_with_python_operator.py
[2025-04-28T22:54:52.337+0000] {processor.py:925} INFO - DAG(s) 'first_with_python_v4' retrieved from /opt/airflow/dags/dag_with_python_operator.py
[2025-04-28T22:54:52.350+0000] {logging_mixin.py:190} INFO - [2025-04-28T22:54:52.350+0000] {dag.py:3239} INFO - Sync 1 DAGs
[2025-04-28T22:54:52.365+0000] {logging_mixin.py:190} INFO - [2025-04-28T22:54:52.364+0000] {dag.py:4180} INFO - Setting next_dagrun for first_with_python_v4 to 2025-02-28 00:00:00+00:00, run_after=2025-03-01 00:00:00+00:00
[2025-04-28T22:54:52.376+0000] {processor.py:208} INFO - Processing /opt/airflow/dags/dag_with_python_operator.py took 0.062 seconds
[2025-04-28T22:55:22.749+0000] {processor.py:186} INFO - Started process (PID=3535) to work on /opt/airflow/dags/dag_with_python_operator.py
[2025-04-28T22:55:22.751+0000] {processor.py:914} INFO - Processing file /opt/airflow/dags/dag_with_python_operator.py for tasks to queue
[2025-04-28T22:55:22.754+0000] {logging_mixin.py:190} INFO - [2025-04-28T22:55:22.754+0000] {dagbag.py:588} INFO - Filling up the DagBag from /opt/airflow/dags/dag_with_python_operator.py
[2025-04-28T22:55:22.788+0000] {processor.py:925} INFO - DAG(s) 'first_with_python_v4' retrieved from /opt/airflow/dags/dag_with_python_operator.py
[2025-04-28T22:55:22.811+0000] {logging_mixin.py:190} INFO - [2025-04-28T22:55:22.811+0000] {dag.py:3239} INFO - Sync 1 DAGs
[2025-04-28T22:55:22.839+0000] {logging_mixin.py:190} INFO - [2025-04-28T22:55:22.839+0000] {dag.py:4180} INFO - Setting next_dagrun for first_with_python_v4 to 2025-02-28 00:00:00+00:00, run_after=2025-03-01 00:00:00+00:00
[2025-04-28T22:55:22.856+0000] {processor.py:208} INFO - Processing /opt/airflow/dags/dag_with_python_operator.py took 0.111 seconds
[2025-04-28T22:55:53.068+0000] {processor.py:186} INFO - Started process (PID=3556) to work on /opt/airflow/dags/dag_with_python_operator.py
[2025-04-28T22:55:53.070+0000] {processor.py:914} INFO - Processing file /opt/airflow/dags/dag_with_python_operator.py for tasks to queue
[2025-04-28T22:55:53.073+0000] {logging_mixin.py:190} INFO - [2025-04-28T22:55:53.072+0000] {dagbag.py:588} INFO - Filling up the DagBag from /opt/airflow/dags/dag_with_python_operator.py
[2025-04-28T22:55:53.097+0000] {processor.py:925} INFO - DAG(s) 'first_with_python_v4' retrieved from /opt/airflow/dags/dag_with_python_operator.py
[2025-04-28T22:55:53.112+0000] {logging_mixin.py:190} INFO - [2025-04-28T22:55:53.112+0000] {dag.py:3239} INFO - Sync 1 DAGs
[2025-04-28T22:55:53.126+0000] {logging_mixin.py:190} INFO - [2025-04-28T22:55:53.126+0000] {dag.py:4180} INFO - Setting next_dagrun for first_with_python_v4 to 2025-02-28 00:00:00+00:00, run_after=2025-03-01 00:00:00+00:00
[2025-04-28T22:55:53.141+0000] {processor.py:208} INFO - Processing /opt/airflow/dags/dag_with_python_operator.py took 0.076 seconds
[2025-04-28T22:56:23.433+0000] {processor.py:186} INFO - Started process (PID=3576) to work on /opt/airflow/dags/dag_with_python_operator.py
[2025-04-28T22:56:23.435+0000] {processor.py:914} INFO - Processing file /opt/airflow/dags/dag_with_python_operator.py for tasks to queue
[2025-04-28T22:56:23.437+0000] {logging_mixin.py:190} INFO - [2025-04-28T22:56:23.437+0000] {dagbag.py:588} INFO - Filling up the DagBag from /opt/airflow/dags/dag_with_python_operator.py
[2025-04-28T22:56:23.462+0000] {processor.py:925} INFO - DAG(s) 'first_with_python_v4' retrieved from /opt/airflow/dags/dag_with_python_operator.py
[2025-04-28T22:56:23.476+0000] {logging_mixin.py:190} INFO - [2025-04-28T22:56:23.476+0000] {dag.py:3239} INFO - Sync 1 DAGs
[2025-04-28T22:56:23.490+0000] {logging_mixin.py:190} INFO - [2025-04-28T22:56:23.490+0000] {dag.py:4180} INFO - Setting next_dagrun for first_with_python_v4 to 2025-02-28 00:00:00+00:00, run_after=2025-03-01 00:00:00+00:00
[2025-04-28T22:56:23.503+0000] {processor.py:208} INFO - Processing /opt/airflow/dags/dag_with_python_operator.py took 0.076 seconds
[2025-04-28T22:56:53.879+0000] {processor.py:186} INFO - Started process (PID=3597) to work on /opt/airflow/dags/dag_with_python_operator.py
[2025-04-28T22:56:53.881+0000] {processor.py:914} INFO - Processing file /opt/airflow/dags/dag_with_python_operator.py for tasks to queue
[2025-04-28T22:56:53.883+0000] {logging_mixin.py:190} INFO - [2025-04-28T22:56:53.883+0000] {dagbag.py:588} INFO - Filling up the DagBag from /opt/airflow/dags/dag_with_python_operator.py
[2025-04-28T22:56:53.904+0000] {processor.py:925} INFO - DAG(s) 'first_with_python_v4' retrieved from /opt/airflow/dags/dag_with_python_operator.py
[2025-04-28T22:56:53.918+0000] {logging_mixin.py:190} INFO - [2025-04-28T22:56:53.918+0000] {dag.py:3239} INFO - Sync 1 DAGs
[2025-04-28T22:56:53.932+0000] {logging_mixin.py:190} INFO - [2025-04-28T22:56:53.932+0000] {dag.py:4180} INFO - Setting next_dagrun for first_with_python_v4 to 2025-02-28 00:00:00+00:00, run_after=2025-03-01 00:00:00+00:00
[2025-04-28T22:56:53.943+0000] {processor.py:208} INFO - Processing /opt/airflow/dags/dag_with_python_operator.py took 0.067 seconds
[2025-04-28T22:57:24.300+0000] {processor.py:186} INFO - Started process (PID=3618) to work on /opt/airflow/dags/dag_with_python_operator.py
[2025-04-28T22:57:24.302+0000] {processor.py:914} INFO - Processing file /opt/airflow/dags/dag_with_python_operator.py for tasks to queue
[2025-04-28T22:57:24.306+0000] {logging_mixin.py:190} INFO - [2025-04-28T22:57:24.305+0000] {dagbag.py:588} INFO - Filling up the DagBag from /opt/airflow/dags/dag_with_python_operator.py
[2025-04-28T22:57:24.336+0000] {processor.py:925} INFO - DAG(s) 'first_with_python_v4' retrieved from /opt/airflow/dags/dag_with_python_operator.py
[2025-04-28T22:57:24.357+0000] {logging_mixin.py:190} INFO - [2025-04-28T22:57:24.357+0000] {dag.py:3239} INFO - Sync 1 DAGs
[2025-04-28T22:57:24.371+0000] {logging_mixin.py:190} INFO - [2025-04-28T22:57:24.371+0000] {dag.py:4180} INFO - Setting next_dagrun for first_with_python_v4 to 2025-02-28 00:00:00+00:00, run_after=2025-03-01 00:00:00+00:00
[2025-04-28T22:57:24.383+0000] {processor.py:208} INFO - Processing /opt/airflow/dags/dag_with_python_operator.py took 0.090 seconds
[2025-04-28T22:57:54.588+0000] {processor.py:186} INFO - Started process (PID=3639) to work on /opt/airflow/dags/dag_with_python_operator.py
[2025-04-28T22:57:54.590+0000] {processor.py:914} INFO - Processing file /opt/airflow/dags/dag_with_python_operator.py for tasks to queue
[2025-04-28T22:57:54.592+0000] {logging_mixin.py:190} INFO - [2025-04-28T22:57:54.592+0000] {dagbag.py:588} INFO - Filling up the DagBag from /opt/airflow/dags/dag_with_python_operator.py
[2025-04-28T22:57:54.603+0000] {processor.py:925} INFO - DAG(s) 'first_with_python_v4' retrieved from /opt/airflow/dags/dag_with_python_operator.py
[2025-04-28T22:57:54.616+0000] {logging_mixin.py:190} INFO - [2025-04-28T22:57:54.616+0000] {dag.py:3239} INFO - Sync 1 DAGs
[2025-04-28T22:57:54.630+0000] {logging_mixin.py:190} INFO - [2025-04-28T22:57:54.630+0000] {dag.py:4180} INFO - Setting next_dagrun for first_with_python_v4 to 2025-02-28 00:00:00+00:00, run_after=2025-03-01 00:00:00+00:00
[2025-04-28T22:57:54.641+0000] {processor.py:208} INFO - Processing /opt/airflow/dags/dag_with_python_operator.py took 0.057 seconds
[2025-04-28T22:58:24.865+0000] {processor.py:186} INFO - Started process (PID=3660) to work on /opt/airflow/dags/dag_with_python_operator.py
[2025-04-28T22:58:24.869+0000] {processor.py:914} INFO - Processing file /opt/airflow/dags/dag_with_python_operator.py for tasks to queue
[2025-04-28T22:58:24.874+0000] {logging_mixin.py:190} INFO - [2025-04-28T22:58:24.873+0000] {dagbag.py:588} INFO - Filling up the DagBag from /opt/airflow/dags/dag_with_python_operator.py
[2025-04-28T22:58:24.909+0000] {processor.py:925} INFO - DAG(s) 'first_with_python_v4' retrieved from /opt/airflow/dags/dag_with_python_operator.py
[2025-04-28T22:58:24.931+0000] {logging_mixin.py:190} INFO - [2025-04-28T22:58:24.930+0000] {dag.py:3239} INFO - Sync 1 DAGs
[2025-04-28T22:58:24.947+0000] {logging_mixin.py:190} INFO - [2025-04-28T22:58:24.947+0000] {dag.py:4180} INFO - Setting next_dagrun for first_with_python_v4 to 2025-02-28 00:00:00+00:00, run_after=2025-03-01 00:00:00+00:00
[2025-04-28T22:58:24.958+0000] {processor.py:208} INFO - Processing /opt/airflow/dags/dag_with_python_operator.py took 0.103 seconds
[2025-04-28T22:58:55.276+0000] {processor.py:186} INFO - Started process (PID=3681) to work on /opt/airflow/dags/dag_with_python_operator.py
[2025-04-28T22:58:55.278+0000] {processor.py:914} INFO - Processing file /opt/airflow/dags/dag_with_python_operator.py for tasks to queue
[2025-04-28T22:58:55.281+0000] {logging_mixin.py:190} INFO - [2025-04-28T22:58:55.280+0000] {dagbag.py:588} INFO - Filling up the DagBag from /opt/airflow/dags/dag_with_python_operator.py
[2025-04-28T22:58:55.304+0000] {processor.py:925} INFO - DAG(s) 'first_with_python_v4' retrieved from /opt/airflow/dags/dag_with_python_operator.py
[2025-04-28T22:58:55.320+0000] {logging_mixin.py:190} INFO - [2025-04-28T22:58:55.320+0000] {dag.py:3239} INFO - Sync 1 DAGs
[2025-04-28T22:58:55.336+0000] {logging_mixin.py:190} INFO - [2025-04-28T22:58:55.335+0000] {dag.py:4180} INFO - Setting next_dagrun for first_with_python_v4 to 2025-02-28 00:00:00+00:00, run_after=2025-03-01 00:00:00+00:00
[2025-04-28T22:58:55.349+0000] {processor.py:208} INFO - Processing /opt/airflow/dags/dag_with_python_operator.py took 0.077 seconds
[2025-04-28T22:59:25.563+0000] {processor.py:186} INFO - Started process (PID=3702) to work on /opt/airflow/dags/dag_with_python_operator.py
[2025-04-28T22:59:25.564+0000] {processor.py:914} INFO - Processing file /opt/airflow/dags/dag_with_python_operator.py for tasks to queue
[2025-04-28T22:59:25.567+0000] {logging_mixin.py:190} INFO - [2025-04-28T22:59:25.567+0000] {dagbag.py:588} INFO - Filling up the DagBag from /opt/airflow/dags/dag_with_python_operator.py
[2025-04-28T22:59:25.608+0000] {processor.py:925} INFO - DAG(s) 'first_with_python_v4' retrieved from /opt/airflow/dags/dag_with_python_operator.py
[2025-04-28T22:59:25.623+0000] {logging_mixin.py:190} INFO - [2025-04-28T22:59:25.622+0000] {dag.py:3239} INFO - Sync 1 DAGs
[2025-04-28T22:59:25.637+0000] {logging_mixin.py:190} INFO - [2025-04-28T22:59:25.637+0000] {dag.py:4180} INFO - Setting next_dagrun for first_with_python_v4 to 2025-02-28 00:00:00+00:00, run_after=2025-03-01 00:00:00+00:00
[2025-04-28T22:59:25.650+0000] {processor.py:208} INFO - Processing /opt/airflow/dags/dag_with_python_operator.py took 0.095 seconds
[2025-04-28T22:59:55.840+0000] {processor.py:186} INFO - Started process (PID=3723) to work on /opt/airflow/dags/dag_with_python_operator.py
[2025-04-28T22:59:55.841+0000] {processor.py:914} INFO - Processing file /opt/airflow/dags/dag_with_python_operator.py for tasks to queue
[2025-04-28T22:59:55.844+0000] {logging_mixin.py:190} INFO - [2025-04-28T22:59:55.844+0000] {dagbag.py:588} INFO - Filling up the DagBag from /opt/airflow/dags/dag_with_python_operator.py
[2025-04-28T22:59:55.862+0000] {processor.py:925} INFO - DAG(s) 'first_with_python_v4' retrieved from /opt/airflow/dags/dag_with_python_operator.py
[2025-04-28T22:59:55.878+0000] {logging_mixin.py:190} INFO - [2025-04-28T22:59:55.877+0000] {dag.py:3239} INFO - Sync 1 DAGs
[2025-04-28T22:59:55.892+0000] {logging_mixin.py:190} INFO - [2025-04-28T22:59:55.892+0000] {dag.py:4180} INFO - Setting next_dagrun for first_with_python_v4 to 2025-02-28 00:00:00+00:00, run_after=2025-03-01 00:00:00+00:00
[2025-04-28T22:59:55.905+0000] {processor.py:208} INFO - Processing /opt/airflow/dags/dag_with_python_operator.py took 0.069 seconds
[2025-04-28T23:00:26.103+0000] {processor.py:186} INFO - Started process (PID=3744) to work on /opt/airflow/dags/dag_with_python_operator.py
[2025-04-28T23:00:26.104+0000] {processor.py:914} INFO - Processing file /opt/airflow/dags/dag_with_python_operator.py for tasks to queue
[2025-04-28T23:00:26.107+0000] {logging_mixin.py:190} INFO - [2025-04-28T23:00:26.106+0000] {dagbag.py:588} INFO - Filling up the DagBag from /opt/airflow/dags/dag_with_python_operator.py
[2025-04-28T23:00:26.118+0000] {processor.py:925} INFO - DAG(s) 'first_with_python_v4' retrieved from /opt/airflow/dags/dag_with_python_operator.py
[2025-04-28T23:00:26.132+0000] {logging_mixin.py:190} INFO - [2025-04-28T23:00:26.132+0000] {dag.py:3239} INFO - Sync 1 DAGs
[2025-04-28T23:00:26.147+0000] {logging_mixin.py:190} INFO - [2025-04-28T23:00:26.147+0000] {dag.py:4180} INFO - Setting next_dagrun for first_with_python_v4 to 2025-02-28 00:00:00+00:00, run_after=2025-03-01 00:00:00+00:00
[2025-04-28T23:00:26.161+0000] {processor.py:208} INFO - Processing /opt/airflow/dags/dag_with_python_operator.py took 0.062 seconds
[2025-04-28T23:00:56.479+0000] {processor.py:186} INFO - Started process (PID=3765) to work on /opt/airflow/dags/dag_with_python_operator.py
[2025-04-28T23:00:56.481+0000] {processor.py:914} INFO - Processing file /opt/airflow/dags/dag_with_python_operator.py for tasks to queue
[2025-04-28T23:00:56.486+0000] {logging_mixin.py:190} INFO - [2025-04-28T23:00:56.485+0000] {dagbag.py:588} INFO - Filling up the DagBag from /opt/airflow/dags/dag_with_python_operator.py
[2025-04-28T23:00:56.514+0000] {processor.py:925} INFO - DAG(s) 'first_with_python_v4' retrieved from /opt/airflow/dags/dag_with_python_operator.py
[2025-04-28T23:00:56.530+0000] {logging_mixin.py:190} INFO - [2025-04-28T23:00:56.530+0000] {dag.py:3239} INFO - Sync 1 DAGs
[2025-04-28T23:00:56.548+0000] {logging_mixin.py:190} INFO - [2025-04-28T23:00:56.547+0000] {dag.py:4180} INFO - Setting next_dagrun for first_with_python_v4 to 2025-02-28 00:00:00+00:00, run_after=2025-03-01 00:00:00+00:00
[2025-04-28T23:00:56.560+0000] {processor.py:208} INFO - Processing /opt/airflow/dags/dag_with_python_operator.py took 0.086 seconds
[2025-04-28T23:01:26.912+0000] {processor.py:186} INFO - Started process (PID=3786) to work on /opt/airflow/dags/dag_with_python_operator.py
[2025-04-28T23:01:26.917+0000] {processor.py:914} INFO - Processing file /opt/airflow/dags/dag_with_python_operator.py for tasks to queue
[2025-04-28T23:01:26.920+0000] {logging_mixin.py:190} INFO - [2025-04-28T23:01:26.920+0000] {dagbag.py:588} INFO - Filling up the DagBag from /opt/airflow/dags/dag_with_python_operator.py
[2025-04-28T23:01:26.956+0000] {processor.py:925} INFO - DAG(s) 'first_with_python_v4' retrieved from /opt/airflow/dags/dag_with_python_operator.py
[2025-04-28T23:01:26.974+0000] {logging_mixin.py:190} INFO - [2025-04-28T23:01:26.973+0000] {dag.py:3239} INFO - Sync 1 DAGs
[2025-04-28T23:01:26.990+0000] {logging_mixin.py:190} INFO - [2025-04-28T23:01:26.990+0000] {dag.py:4180} INFO - Setting next_dagrun for first_with_python_v4 to 2025-02-28 00:00:00+00:00, run_after=2025-03-01 00:00:00+00:00
[2025-04-28T23:01:27.004+0000] {processor.py:208} INFO - Processing /opt/airflow/dags/dag_with_python_operator.py took 0.096 seconds
[2025-04-28T23:01:57.289+0000] {processor.py:186} INFO - Started process (PID=3807) to work on /opt/airflow/dags/dag_with_python_operator.py
[2025-04-28T23:01:57.295+0000] {processor.py:914} INFO - Processing file /opt/airflow/dags/dag_with_python_operator.py for tasks to queue
[2025-04-28T23:01:57.298+0000] {logging_mixin.py:190} INFO - [2025-04-28T23:01:57.298+0000] {dagbag.py:588} INFO - Filling up the DagBag from /opt/airflow/dags/dag_with_python_operator.py
[2025-04-28T23:01:57.321+0000] {processor.py:925} INFO - DAG(s) 'first_with_python_v4' retrieved from /opt/airflow/dags/dag_with_python_operator.py
[2025-04-28T23:01:57.336+0000] {logging_mixin.py:190} INFO - [2025-04-28T23:01:57.336+0000] {dag.py:3239} INFO - Sync 1 DAGs
[2025-04-28T23:01:57.361+0000] {logging_mixin.py:190} INFO - [2025-04-28T23:01:57.361+0000] {dag.py:4180} INFO - Setting next_dagrun for first_with_python_v4 to 2025-02-28 00:00:00+00:00, run_after=2025-03-01 00:00:00+00:00
[2025-04-28T23:01:57.374+0000] {processor.py:208} INFO - Processing /opt/airflow/dags/dag_with_python_operator.py took 0.088 seconds
[2025-04-28T23:02:27.553+0000] {processor.py:186} INFO - Started process (PID=3828) to work on /opt/airflow/dags/dag_with_python_operator.py
[2025-04-28T23:02:27.554+0000] {processor.py:914} INFO - Processing file /opt/airflow/dags/dag_with_python_operator.py for tasks to queue
[2025-04-28T23:02:27.556+0000] {logging_mixin.py:190} INFO - [2025-04-28T23:02:27.556+0000] {dagbag.py:588} INFO - Filling up the DagBag from /opt/airflow/dags/dag_with_python_operator.py
[2025-04-28T23:02:27.568+0000] {processor.py:925} INFO - DAG(s) 'first_with_python_v4' retrieved from /opt/airflow/dags/dag_with_python_operator.py
[2025-04-28T23:02:27.582+0000] {logging_mixin.py:190} INFO - [2025-04-28T23:02:27.582+0000] {dag.py:3239} INFO - Sync 1 DAGs
[2025-04-28T23:02:27.597+0000] {logging_mixin.py:190} INFO - [2025-04-28T23:02:27.597+0000] {dag.py:4180} INFO - Setting next_dagrun for first_with_python_v4 to 2025-02-28 00:00:00+00:00, run_after=2025-03-01 00:00:00+00:00
[2025-04-28T23:02:27.609+0000] {processor.py:208} INFO - Processing /opt/airflow/dags/dag_with_python_operator.py took 0.060 seconds
[2025-04-28T23:02:57.944+0000] {processor.py:186} INFO - Started process (PID=3849) to work on /opt/airflow/dags/dag_with_python_operator.py
[2025-04-28T23:02:57.946+0000] {processor.py:914} INFO - Processing file /opt/airflow/dags/dag_with_python_operator.py for tasks to queue
[2025-04-28T23:02:57.950+0000] {logging_mixin.py:190} INFO - [2025-04-28T23:02:57.949+0000] {dagbag.py:588} INFO - Filling up the DagBag from /opt/airflow/dags/dag_with_python_operator.py
[2025-04-28T23:02:57.974+0000] {processor.py:925} INFO - DAG(s) 'first_with_python_v4' retrieved from /opt/airflow/dags/dag_with_python_operator.py
[2025-04-28T23:02:57.991+0000] {logging_mixin.py:190} INFO - [2025-04-28T23:02:57.990+0000] {dag.py:3239} INFO - Sync 1 DAGs
[2025-04-28T23:02:58.010+0000] {logging_mixin.py:190} INFO - [2025-04-28T23:02:58.010+0000] {dag.py:4180} INFO - Setting next_dagrun for first_with_python_v4 to 2025-02-28 00:00:00+00:00, run_after=2025-03-01 00:00:00+00:00
[2025-04-28T23:02:58.025+0000] {processor.py:208} INFO - Processing /opt/airflow/dags/dag_with_python_operator.py took 0.085 seconds
[2025-04-28T23:03:28.238+0000] {processor.py:186} INFO - Started process (PID=3870) to work on /opt/airflow/dags/dag_with_python_operator.py
[2025-04-28T23:03:28.240+0000] {processor.py:914} INFO - Processing file /opt/airflow/dags/dag_with_python_operator.py for tasks to queue
[2025-04-28T23:03:28.245+0000] {logging_mixin.py:190} INFO - [2025-04-28T23:03:28.244+0000] {dagbag.py:588} INFO - Filling up the DagBag from /opt/airflow/dags/dag_with_python_operator.py
[2025-04-28T23:03:28.273+0000] {processor.py:925} INFO - DAG(s) 'first_with_python_v4' retrieved from /opt/airflow/dags/dag_with_python_operator.py
[2025-04-28T23:03:28.293+0000] {logging_mixin.py:190} INFO - [2025-04-28T23:03:28.292+0000] {dag.py:3239} INFO - Sync 1 DAGs
[2025-04-28T23:03:28.312+0000] {logging_mixin.py:190} INFO - [2025-04-28T23:03:28.312+0000] {dag.py:4180} INFO - Setting next_dagrun for first_with_python_v4 to 2025-02-28 00:00:00+00:00, run_after=2025-03-01 00:00:00+00:00
[2025-04-28T23:03:28.327+0000] {processor.py:208} INFO - Processing /opt/airflow/dags/dag_with_python_operator.py took 0.094 seconds
[2025-04-28T23:03:58.667+0000] {processor.py:186} INFO - Started process (PID=3891) to work on /opt/airflow/dags/dag_with_python_operator.py
[2025-04-28T23:03:58.668+0000] {processor.py:914} INFO - Processing file /opt/airflow/dags/dag_with_python_operator.py for tasks to queue
[2025-04-28T23:03:58.670+0000] {logging_mixin.py:190} INFO - [2025-04-28T23:03:58.670+0000] {dagbag.py:588} INFO - Filling up the DagBag from /opt/airflow/dags/dag_with_python_operator.py
[2025-04-28T23:03:58.696+0000] {processor.py:925} INFO - DAG(s) 'first_with_python_v4' retrieved from /opt/airflow/dags/dag_with_python_operator.py
[2025-04-28T23:03:58.712+0000] {logging_mixin.py:190} INFO - [2025-04-28T23:03:58.712+0000] {dag.py:3239} INFO - Sync 1 DAGs
[2025-04-28T23:03:58.737+0000] {logging_mixin.py:190} INFO - [2025-04-28T23:03:58.736+0000] {dag.py:4180} INFO - Setting next_dagrun for first_with_python_v4 to 2025-02-28 00:00:00+00:00, run_after=2025-03-01 00:00:00+00:00
[2025-04-28T23:03:58.757+0000] {processor.py:208} INFO - Processing /opt/airflow/dags/dag_with_python_operator.py took 0.094 seconds
