[2025-04-25T00:00:16.858+0000] {processor.py:186} INFO - Started process (PID=22185) to work on /opt/airflow/dags/snowflake_hook.py
[2025-04-25T00:00:16.859+0000] {processor.py:914} INFO - Processing file /opt/airflow/dags/snowflake_hook.py for tasks to queue
[2025-04-25T00:00:16.862+0000] {logging_mixin.py:190} INFO - [2025-04-25T00:00:16.861+0000] {dagbag.py:588} INFO - Filling up the DagBag from /opt/airflow/dags/snowflake_hook.py
[2025-04-25T00:00:16.883+0000] {processor.py:925} INFO - DAG(s) 'snowflake_hook' retrieved from /opt/airflow/dags/snowflake_hook.py
[2025-04-25T00:00:16.901+0000] {logging_mixin.py:190} INFO - [2025-04-25T00:00:16.901+0000] {dag.py:3239} INFO - Sync 1 DAGs
[2025-04-25T00:00:16.917+0000] {logging_mixin.py:190} INFO - [2025-04-25T00:00:16.917+0000] {dag.py:4180} INFO - Setting next_dagrun for snowflake_hook to None, run_after=None
[2025-04-25T00:00:16.930+0000] {processor.py:208} INFO - Processing /opt/airflow/dags/snowflake_hook.py took 0.075 seconds
[2025-04-25T00:00:47.308+0000] {processor.py:186} INFO - Started process (PID=22210) to work on /opt/airflow/dags/snowflake_hook.py
[2025-04-25T00:00:47.310+0000] {processor.py:914} INFO - Processing file /opt/airflow/dags/snowflake_hook.py for tasks to queue
[2025-04-25T00:00:47.312+0000] {logging_mixin.py:190} INFO - [2025-04-25T00:00:47.312+0000] {dagbag.py:588} INFO - Filling up the DagBag from /opt/airflow/dags/snowflake_hook.py
[2025-04-25T00:00:47.337+0000] {processor.py:925} INFO - DAG(s) 'snowflake_hook' retrieved from /opt/airflow/dags/snowflake_hook.py
[2025-04-25T00:00:47.350+0000] {logging_mixin.py:190} INFO - [2025-04-25T00:00:47.350+0000] {dag.py:3239} INFO - Sync 1 DAGs
[2025-04-25T00:00:47.364+0000] {logging_mixin.py:190} INFO - [2025-04-25T00:00:47.364+0000] {dag.py:4180} INFO - Setting next_dagrun for snowflake_hook to None, run_after=None
[2025-04-25T00:00:47.375+0000] {processor.py:208} INFO - Processing /opt/airflow/dags/snowflake_hook.py took 0.072 seconds
[2025-04-25T00:01:17.638+0000] {processor.py:186} INFO - Started process (PID=22235) to work on /opt/airflow/dags/snowflake_hook.py
[2025-04-25T00:01:17.641+0000] {processor.py:914} INFO - Processing file /opt/airflow/dags/snowflake_hook.py for tasks to queue
[2025-04-25T00:01:17.645+0000] {logging_mixin.py:190} INFO - [2025-04-25T00:01:17.645+0000] {dagbag.py:588} INFO - Filling up the DagBag from /opt/airflow/dags/snowflake_hook.py
[2025-04-25T00:01:17.664+0000] {processor.py:925} INFO - DAG(s) 'snowflake_hook' retrieved from /opt/airflow/dags/snowflake_hook.py
[2025-04-25T00:01:17.681+0000] {logging_mixin.py:190} INFO - [2025-04-25T00:01:17.680+0000] {dag.py:3239} INFO - Sync 1 DAGs
[2025-04-25T00:01:17.694+0000] {logging_mixin.py:190} INFO - [2025-04-25T00:01:17.694+0000] {dag.py:4180} INFO - Setting next_dagrun for snowflake_hook to None, run_after=None
[2025-04-25T00:01:17.705+0000] {processor.py:208} INFO - Processing /opt/airflow/dags/snowflake_hook.py took 0.071 seconds
[2025-04-25T00:01:48.009+0000] {processor.py:186} INFO - Started process (PID=22260) to work on /opt/airflow/dags/snowflake_hook.py
[2025-04-25T00:01:48.013+0000] {processor.py:914} INFO - Processing file /opt/airflow/dags/snowflake_hook.py for tasks to queue
[2025-04-25T00:01:48.016+0000] {logging_mixin.py:190} INFO - [2025-04-25T00:01:48.016+0000] {dagbag.py:588} INFO - Filling up the DagBag from /opt/airflow/dags/snowflake_hook.py
[2025-04-25T00:01:48.043+0000] {processor.py:925} INFO - DAG(s) 'snowflake_hook' retrieved from /opt/airflow/dags/snowflake_hook.py
[2025-04-25T00:01:48.057+0000] {logging_mixin.py:190} INFO - [2025-04-25T00:01:48.056+0000] {dag.py:3239} INFO - Sync 1 DAGs
[2025-04-25T00:01:48.070+0000] {logging_mixin.py:190} INFO - [2025-04-25T00:01:48.069+0000] {dag.py:4180} INFO - Setting next_dagrun for snowflake_hook to None, run_after=None
[2025-04-25T00:01:48.081+0000] {processor.py:208} INFO - Processing /opt/airflow/dags/snowflake_hook.py took 0.077 seconds
[2025-04-25T00:02:18.394+0000] {processor.py:186} INFO - Started process (PID=22299) to work on /opt/airflow/dags/snowflake_hook.py
[2025-04-25T00:02:18.397+0000] {processor.py:914} INFO - Processing file /opt/airflow/dags/snowflake_hook.py for tasks to queue
[2025-04-25T00:02:18.405+0000] {logging_mixin.py:190} INFO - [2025-04-25T00:02:18.405+0000] {dagbag.py:588} INFO - Filling up the DagBag from /opt/airflow/dags/snowflake_hook.py
[2025-04-25T00:02:18.430+0000] {processor.py:925} INFO - DAG(s) 'snowflake_hook' retrieved from /opt/airflow/dags/snowflake_hook.py
[2025-04-25T00:02:18.446+0000] {logging_mixin.py:190} INFO - [2025-04-25T00:02:18.446+0000] {dag.py:3239} INFO - Sync 1 DAGs
[2025-04-25T00:02:18.459+0000] {logging_mixin.py:190} INFO - [2025-04-25T00:02:18.458+0000] {dag.py:4180} INFO - Setting next_dagrun for snowflake_hook to None, run_after=None
[2025-04-25T00:02:18.469+0000] {processor.py:208} INFO - Processing /opt/airflow/dags/snowflake_hook.py took 0.078 seconds
[2025-04-25T00:02:48.772+0000] {processor.py:186} INFO - Started process (PID=22320) to work on /opt/airflow/dags/snowflake_hook.py
[2025-04-25T00:02:48.773+0000] {processor.py:914} INFO - Processing file /opt/airflow/dags/snowflake_hook.py for tasks to queue
[2025-04-25T00:02:48.775+0000] {logging_mixin.py:190} INFO - [2025-04-25T00:02:48.774+0000] {dagbag.py:588} INFO - Filling up the DagBag from /opt/airflow/dags/snowflake_hook.py
[2025-04-25T00:02:48.785+0000] {processor.py:925} INFO - DAG(s) 'snowflake_hook' retrieved from /opt/airflow/dags/snowflake_hook.py
[2025-04-25T00:02:48.800+0000] {logging_mixin.py:190} INFO - [2025-04-25T00:02:48.799+0000] {dag.py:3239} INFO - Sync 1 DAGs
[2025-04-25T00:02:48.813+0000] {logging_mixin.py:190} INFO - [2025-04-25T00:02:48.813+0000] {dag.py:4180} INFO - Setting next_dagrun for snowflake_hook to None, run_after=None
[2025-04-25T00:02:48.824+0000] {processor.py:208} INFO - Processing /opt/airflow/dags/snowflake_hook.py took 0.055 seconds
[2025-04-25T00:03:19.109+0000] {processor.py:186} INFO - Started process (PID=22341) to work on /opt/airflow/dags/snowflake_hook.py
[2025-04-25T00:03:19.110+0000] {processor.py:914} INFO - Processing file /opt/airflow/dags/snowflake_hook.py for tasks to queue
[2025-04-25T00:03:19.112+0000] {logging_mixin.py:190} INFO - [2025-04-25T00:03:19.112+0000] {dagbag.py:588} INFO - Filling up the DagBag from /opt/airflow/dags/snowflake_hook.py
[2025-04-25T00:03:19.123+0000] {processor.py:925} INFO - DAG(s) 'snowflake_hook' retrieved from /opt/airflow/dags/snowflake_hook.py
[2025-04-25T00:03:19.137+0000] {logging_mixin.py:190} INFO - [2025-04-25T00:03:19.136+0000] {dag.py:3239} INFO - Sync 1 DAGs
[2025-04-25T00:03:19.150+0000] {logging_mixin.py:190} INFO - [2025-04-25T00:03:19.150+0000] {dag.py:4180} INFO - Setting next_dagrun for snowflake_hook to None, run_after=None
[2025-04-25T00:03:19.162+0000] {processor.py:208} INFO - Processing /opt/airflow/dags/snowflake_hook.py took 0.059 seconds
[2025-04-25T00:03:49.409+0000] {processor.py:186} INFO - Started process (PID=22362) to work on /opt/airflow/dags/snowflake_hook.py
[2025-04-25T00:03:49.410+0000] {processor.py:914} INFO - Processing file /opt/airflow/dags/snowflake_hook.py for tasks to queue
[2025-04-25T00:03:49.413+0000] {logging_mixin.py:190} INFO - [2025-04-25T00:03:49.413+0000] {dagbag.py:588} INFO - Filling up the DagBag from /opt/airflow/dags/snowflake_hook.py
[2025-04-25T00:03:49.423+0000] {processor.py:925} INFO - DAG(s) 'snowflake_hook' retrieved from /opt/airflow/dags/snowflake_hook.py
[2025-04-25T00:03:49.438+0000] {logging_mixin.py:190} INFO - [2025-04-25T00:03:49.438+0000] {dag.py:3239} INFO - Sync 1 DAGs
[2025-04-25T00:03:49.452+0000] {logging_mixin.py:190} INFO - [2025-04-25T00:03:49.451+0000] {dag.py:4180} INFO - Setting next_dagrun for snowflake_hook to None, run_after=None
[2025-04-25T00:03:49.464+0000] {processor.py:208} INFO - Processing /opt/airflow/dags/snowflake_hook.py took 0.059 seconds
[2025-04-25T00:04:19.751+0000] {processor.py:186} INFO - Started process (PID=22389) to work on /opt/airflow/dags/snowflake_hook.py
[2025-04-25T00:04:19.752+0000] {processor.py:914} INFO - Processing file /opt/airflow/dags/snowflake_hook.py for tasks to queue
[2025-04-25T00:04:19.758+0000] {logging_mixin.py:190} INFO - [2025-04-25T00:04:19.757+0000] {dagbag.py:588} INFO - Filling up the DagBag from /opt/airflow/dags/snowflake_hook.py
[2025-04-25T00:04:19.780+0000] {processor.py:925} INFO - DAG(s) 'snowflake_hook' retrieved from /opt/airflow/dags/snowflake_hook.py
[2025-04-25T00:04:19.795+0000] {logging_mixin.py:190} INFO - [2025-04-25T00:04:19.795+0000] {dag.py:3239} INFO - Sync 1 DAGs
[2025-04-25T00:04:19.808+0000] {logging_mixin.py:190} INFO - [2025-04-25T00:04:19.808+0000] {dag.py:4180} INFO - Setting next_dagrun for snowflake_hook to None, run_after=None
[2025-04-25T00:04:19.819+0000] {processor.py:208} INFO - Processing /opt/airflow/dags/snowflake_hook.py took 0.073 seconds
[2025-04-25T00:04:50.233+0000] {processor.py:186} INFO - Started process (PID=22410) to work on /opt/airflow/dags/snowflake_hook.py
[2025-04-25T00:04:50.236+0000] {processor.py:914} INFO - Processing file /opt/airflow/dags/snowflake_hook.py for tasks to queue
[2025-04-25T00:04:50.239+0000] {logging_mixin.py:190} INFO - [2025-04-25T00:04:50.239+0000] {dagbag.py:588} INFO - Filling up the DagBag from /opt/airflow/dags/snowflake_hook.py
[2025-04-25T00:04:50.252+0000] {processor.py:925} INFO - DAG(s) 'snowflake_hook' retrieved from /opt/airflow/dags/snowflake_hook.py
[2025-04-25T00:04:50.265+0000] {logging_mixin.py:190} INFO - [2025-04-25T00:04:50.265+0000] {dag.py:3239} INFO - Sync 1 DAGs
[2025-04-25T00:04:50.279+0000] {logging_mixin.py:190} INFO - [2025-04-25T00:04:50.279+0000] {dag.py:4180} INFO - Setting next_dagrun for snowflake_hook to None, run_after=None
[2025-04-25T00:04:50.290+0000] {processor.py:208} INFO - Processing /opt/airflow/dags/snowflake_hook.py took 0.060 seconds
[2025-04-25T00:05:20.576+0000] {processor.py:186} INFO - Started process (PID=22431) to work on /opt/airflow/dags/snowflake_hook.py
[2025-04-25T00:05:20.577+0000] {processor.py:914} INFO - Processing file /opt/airflow/dags/snowflake_hook.py for tasks to queue
[2025-04-25T00:05:20.579+0000] {logging_mixin.py:190} INFO - [2025-04-25T00:05:20.579+0000] {dagbag.py:588} INFO - Filling up the DagBag from /opt/airflow/dags/snowflake_hook.py
[2025-04-25T00:05:20.592+0000] {processor.py:925} INFO - DAG(s) 'snowflake_hook' retrieved from /opt/airflow/dags/snowflake_hook.py
[2025-04-25T00:05:20.606+0000] {logging_mixin.py:190} INFO - [2025-04-25T00:05:20.606+0000] {dag.py:3239} INFO - Sync 1 DAGs
[2025-04-25T00:05:20.620+0000] {logging_mixin.py:190} INFO - [2025-04-25T00:05:20.620+0000] {dag.py:4180} INFO - Setting next_dagrun for snowflake_hook to None, run_after=None
[2025-04-25T00:05:20.632+0000] {processor.py:208} INFO - Processing /opt/airflow/dags/snowflake_hook.py took 0.059 seconds
[2025-04-25T00:05:50.892+0000] {processor.py:186} INFO - Started process (PID=22452) to work on /opt/airflow/dags/snowflake_hook.py
[2025-04-25T00:05:50.893+0000] {processor.py:914} INFO - Processing file /opt/airflow/dags/snowflake_hook.py for tasks to queue
[2025-04-25T00:05:50.895+0000] {logging_mixin.py:190} INFO - [2025-04-25T00:05:50.895+0000] {dagbag.py:588} INFO - Filling up the DagBag from /opt/airflow/dags/snowflake_hook.py
[2025-04-25T00:05:50.919+0000] {processor.py:925} INFO - DAG(s) 'snowflake_hook' retrieved from /opt/airflow/dags/snowflake_hook.py
[2025-04-25T00:05:50.933+0000] {logging_mixin.py:190} INFO - [2025-04-25T00:05:50.933+0000] {dag.py:3239} INFO - Sync 1 DAGs
[2025-04-25T00:05:50.946+0000] {logging_mixin.py:190} INFO - [2025-04-25T00:05:50.946+0000] {dag.py:4180} INFO - Setting next_dagrun for snowflake_hook to None, run_after=None
[2025-04-25T00:05:50.958+0000] {processor.py:208} INFO - Processing /opt/airflow/dags/snowflake_hook.py took 0.070 seconds
[2025-04-25T00:06:21.272+0000] {processor.py:186} INFO - Started process (PID=22473) to work on /opt/airflow/dags/snowflake_hook.py
[2025-04-25T00:06:21.274+0000] {processor.py:914} INFO - Processing file /opt/airflow/dags/snowflake_hook.py for tasks to queue
[2025-04-25T00:06:21.278+0000] {logging_mixin.py:190} INFO - [2025-04-25T00:06:21.277+0000] {dagbag.py:588} INFO - Filling up the DagBag from /opt/airflow/dags/snowflake_hook.py
[2025-04-25T00:06:21.310+0000] {processor.py:925} INFO - DAG(s) 'snowflake_hook' retrieved from /opt/airflow/dags/snowflake_hook.py
[2025-04-25T00:06:21.324+0000] {logging_mixin.py:190} INFO - [2025-04-25T00:06:21.324+0000] {dag.py:3239} INFO - Sync 1 DAGs
[2025-04-25T00:06:21.338+0000] {logging_mixin.py:190} INFO - [2025-04-25T00:06:21.338+0000] {dag.py:4180} INFO - Setting next_dagrun for snowflake_hook to None, run_after=None
[2025-04-25T00:06:21.350+0000] {processor.py:208} INFO - Processing /opt/airflow/dags/snowflake_hook.py took 0.084 seconds
[2025-04-25T00:06:51.667+0000] {processor.py:186} INFO - Started process (PID=22494) to work on /opt/airflow/dags/snowflake_hook.py
[2025-04-25T00:06:51.669+0000] {processor.py:914} INFO - Processing file /opt/airflow/dags/snowflake_hook.py for tasks to queue
[2025-04-25T00:06:51.671+0000] {logging_mixin.py:190} INFO - [2025-04-25T00:06:51.670+0000] {dagbag.py:588} INFO - Filling up the DagBag from /opt/airflow/dags/snowflake_hook.py
[2025-04-25T00:06:51.680+0000] {processor.py:925} INFO - DAG(s) 'snowflake_hook' retrieved from /opt/airflow/dags/snowflake_hook.py
[2025-04-25T00:06:51.694+0000] {logging_mixin.py:190} INFO - [2025-04-25T00:06:51.694+0000] {dag.py:3239} INFO - Sync 1 DAGs
[2025-04-25T00:06:51.707+0000] {logging_mixin.py:190} INFO - [2025-04-25T00:06:51.707+0000] {dag.py:4180} INFO - Setting next_dagrun for snowflake_hook to None, run_after=None
[2025-04-25T00:06:51.719+0000] {processor.py:208} INFO - Processing /opt/airflow/dags/snowflake_hook.py took 0.056 seconds
[2025-04-25T00:07:22.035+0000] {processor.py:186} INFO - Started process (PID=22515) to work on /opt/airflow/dags/snowflake_hook.py
[2025-04-25T00:07:22.036+0000] {processor.py:914} INFO - Processing file /opt/airflow/dags/snowflake_hook.py for tasks to queue
[2025-04-25T00:07:22.039+0000] {logging_mixin.py:190} INFO - [2025-04-25T00:07:22.038+0000] {dagbag.py:588} INFO - Filling up the DagBag from /opt/airflow/dags/snowflake_hook.py
[2025-04-25T00:07:22.050+0000] {processor.py:925} INFO - DAG(s) 'snowflake_hook' retrieved from /opt/airflow/dags/snowflake_hook.py
[2025-04-25T00:07:22.062+0000] {logging_mixin.py:190} INFO - [2025-04-25T00:07:22.062+0000] {dag.py:3239} INFO - Sync 1 DAGs
[2025-04-25T00:07:22.076+0000] {logging_mixin.py:190} INFO - [2025-04-25T00:07:22.075+0000] {dag.py:4180} INFO - Setting next_dagrun for snowflake_hook to None, run_after=None
[2025-04-25T00:07:22.085+0000] {processor.py:208} INFO - Processing /opt/airflow/dags/snowflake_hook.py took 0.055 seconds
[2025-04-25T00:07:52.393+0000] {processor.py:186} INFO - Started process (PID=22536) to work on /opt/airflow/dags/snowflake_hook.py
[2025-04-25T00:07:52.401+0000] {processor.py:914} INFO - Processing file /opt/airflow/dags/snowflake_hook.py for tasks to queue
[2025-04-25T00:07:52.418+0000] {logging_mixin.py:190} INFO - [2025-04-25T00:07:52.418+0000] {dagbag.py:588} INFO - Filling up the DagBag from /opt/airflow/dags/snowflake_hook.py
[2025-04-25T00:07:52.467+0000] {processor.py:925} INFO - DAG(s) 'snowflake_hook' retrieved from /opt/airflow/dags/snowflake_hook.py
[2025-04-25T00:07:52.484+0000] {logging_mixin.py:190} INFO - [2025-04-25T00:07:52.484+0000] {dag.py:3239} INFO - Sync 1 DAGs
[2025-04-25T00:07:52.504+0000] {logging_mixin.py:190} INFO - [2025-04-25T00:07:52.504+0000] {dag.py:4180} INFO - Setting next_dagrun for snowflake_hook to None, run_after=None
[2025-04-25T00:07:52.516+0000] {processor.py:208} INFO - Processing /opt/airflow/dags/snowflake_hook.py took 0.130 seconds
[2025-04-25T00:08:22.844+0000] {processor.py:186} INFO - Started process (PID=22557) to work on /opt/airflow/dags/snowflake_hook.py
[2025-04-25T00:08:22.845+0000] {processor.py:914} INFO - Processing file /opt/airflow/dags/snowflake_hook.py for tasks to queue
[2025-04-25T00:08:22.849+0000] {logging_mixin.py:190} INFO - [2025-04-25T00:08:22.848+0000] {dagbag.py:588} INFO - Filling up the DagBag from /opt/airflow/dags/snowflake_hook.py
[2025-04-25T00:08:22.867+0000] {processor.py:925} INFO - DAG(s) 'snowflake_hook' retrieved from /opt/airflow/dags/snowflake_hook.py
[2025-04-25T00:08:22.882+0000] {logging_mixin.py:190} INFO - [2025-04-25T00:08:22.881+0000] {dag.py:3239} INFO - Sync 1 DAGs
[2025-04-25T00:08:22.896+0000] {logging_mixin.py:190} INFO - [2025-04-25T00:08:22.896+0000] {dag.py:4180} INFO - Setting next_dagrun for snowflake_hook to None, run_after=None
[2025-04-25T00:08:22.907+0000] {processor.py:208} INFO - Processing /opt/airflow/dags/snowflake_hook.py took 0.067 seconds
[2025-04-25T00:08:53.187+0000] {processor.py:186} INFO - Started process (PID=22578) to work on /opt/airflow/dags/snowflake_hook.py
[2025-04-25T00:08:53.188+0000] {processor.py:914} INFO - Processing file /opt/airflow/dags/snowflake_hook.py for tasks to queue
[2025-04-25T00:08:53.190+0000] {logging_mixin.py:190} INFO - [2025-04-25T00:08:53.190+0000] {dagbag.py:588} INFO - Filling up the DagBag from /opt/airflow/dags/snowflake_hook.py
[2025-04-25T00:08:53.208+0000] {processor.py:925} INFO - DAG(s) 'snowflake_hook' retrieved from /opt/airflow/dags/snowflake_hook.py
[2025-04-25T00:08:53.225+0000] {logging_mixin.py:190} INFO - [2025-04-25T00:08:53.225+0000] {dag.py:3239} INFO - Sync 1 DAGs
[2025-04-25T00:08:53.239+0000] {logging_mixin.py:190} INFO - [2025-04-25T00:08:53.239+0000] {dag.py:4180} INFO - Setting next_dagrun for snowflake_hook to None, run_after=None
[2025-04-25T00:08:53.249+0000] {processor.py:208} INFO - Processing /opt/airflow/dags/snowflake_hook.py took 0.066 seconds
[2025-04-25T00:09:23.497+0000] {processor.py:186} INFO - Started process (PID=22599) to work on /opt/airflow/dags/snowflake_hook.py
[2025-04-25T00:09:23.502+0000] {processor.py:914} INFO - Processing file /opt/airflow/dags/snowflake_hook.py for tasks to queue
[2025-04-25T00:09:23.509+0000] {logging_mixin.py:190} INFO - [2025-04-25T00:09:23.509+0000] {dagbag.py:588} INFO - Filling up the DagBag from /opt/airflow/dags/snowflake_hook.py
[2025-04-25T00:09:23.522+0000] {processor.py:925} INFO - DAG(s) 'snowflake_hook' retrieved from /opt/airflow/dags/snowflake_hook.py
[2025-04-25T00:09:23.535+0000] {logging_mixin.py:190} INFO - [2025-04-25T00:09:23.534+0000] {dag.py:3239} INFO - Sync 1 DAGs
[2025-04-25T00:09:23.547+0000] {logging_mixin.py:190} INFO - [2025-04-25T00:09:23.547+0000] {dag.py:4180} INFO - Setting next_dagrun for snowflake_hook to None, run_after=None
[2025-04-25T00:09:23.557+0000] {processor.py:208} INFO - Processing /opt/airflow/dags/snowflake_hook.py took 0.064 seconds
[2025-04-25T00:09:53.909+0000] {processor.py:186} INFO - Started process (PID=22620) to work on /opt/airflow/dags/snowflake_hook.py
[2025-04-25T00:09:53.910+0000] {processor.py:914} INFO - Processing file /opt/airflow/dags/snowflake_hook.py for tasks to queue
[2025-04-25T00:09:53.912+0000] {logging_mixin.py:190} INFO - [2025-04-25T00:09:53.912+0000] {dagbag.py:588} INFO - Filling up the DagBag from /opt/airflow/dags/snowflake_hook.py
[2025-04-25T00:09:53.923+0000] {processor.py:925} INFO - DAG(s) 'snowflake_hook' retrieved from /opt/airflow/dags/snowflake_hook.py
[2025-04-25T00:09:53.937+0000] {logging_mixin.py:190} INFO - [2025-04-25T00:09:53.937+0000] {dag.py:3239} INFO - Sync 1 DAGs
[2025-04-25T00:09:53.951+0000] {logging_mixin.py:190} INFO - [2025-04-25T00:09:53.951+0000] {dag.py:4180} INFO - Setting next_dagrun for snowflake_hook to None, run_after=None
[2025-04-25T00:09:53.964+0000] {processor.py:208} INFO - Processing /opt/airflow/dags/snowflake_hook.py took 0.058 seconds
[2025-04-25T00:10:24.217+0000] {processor.py:186} INFO - Started process (PID=22641) to work on /opt/airflow/dags/snowflake_hook.py
[2025-04-25T00:10:24.219+0000] {processor.py:914} INFO - Processing file /opt/airflow/dags/snowflake_hook.py for tasks to queue
[2025-04-25T00:10:24.221+0000] {logging_mixin.py:190} INFO - [2025-04-25T00:10:24.220+0000] {dagbag.py:588} INFO - Filling up the DagBag from /opt/airflow/dags/snowflake_hook.py
[2025-04-25T00:10:24.233+0000] {processor.py:925} INFO - DAG(s) 'snowflake_hook' retrieved from /opt/airflow/dags/snowflake_hook.py
[2025-04-25T00:10:24.246+0000] {logging_mixin.py:190} INFO - [2025-04-25T00:10:24.246+0000] {dag.py:3239} INFO - Sync 1 DAGs
[2025-04-25T00:10:24.259+0000] {logging_mixin.py:190} INFO - [2025-04-25T00:10:24.259+0000] {dag.py:4180} INFO - Setting next_dagrun for snowflake_hook to None, run_after=None
[2025-04-25T00:10:24.270+0000] {processor.py:208} INFO - Processing /opt/airflow/dags/snowflake_hook.py took 0.057 seconds
[2025-04-25T00:10:54.525+0000] {processor.py:186} INFO - Started process (PID=22662) to work on /opt/airflow/dags/snowflake_hook.py
[2025-04-25T00:10:54.526+0000] {processor.py:914} INFO - Processing file /opt/airflow/dags/snowflake_hook.py for tasks to queue
[2025-04-25T00:10:54.529+0000] {logging_mixin.py:190} INFO - [2025-04-25T00:10:54.528+0000] {dagbag.py:588} INFO - Filling up the DagBag from /opt/airflow/dags/snowflake_hook.py
[2025-04-25T00:10:54.538+0000] {processor.py:925} INFO - DAG(s) 'snowflake_hook' retrieved from /opt/airflow/dags/snowflake_hook.py
[2025-04-25T00:10:54.552+0000] {logging_mixin.py:190} INFO - [2025-04-25T00:10:54.552+0000] {dag.py:3239} INFO - Sync 1 DAGs
[2025-04-25T00:10:54.564+0000] {logging_mixin.py:190} INFO - [2025-04-25T00:10:54.564+0000] {dag.py:4180} INFO - Setting next_dagrun for snowflake_hook to None, run_after=None
[2025-04-25T00:10:54.575+0000] {processor.py:208} INFO - Processing /opt/airflow/dags/snowflake_hook.py took 0.054 seconds
[2025-04-25T00:11:24.835+0000] {processor.py:186} INFO - Started process (PID=22683) to work on /opt/airflow/dags/snowflake_hook.py
[2025-04-25T00:11:24.836+0000] {processor.py:914} INFO - Processing file /opt/airflow/dags/snowflake_hook.py for tasks to queue
[2025-04-25T00:11:24.839+0000] {logging_mixin.py:190} INFO - [2025-04-25T00:11:24.839+0000] {dagbag.py:588} INFO - Filling up the DagBag from /opt/airflow/dags/snowflake_hook.py
[2025-04-25T00:11:24.858+0000] {processor.py:925} INFO - DAG(s) 'snowflake_hook' retrieved from /opt/airflow/dags/snowflake_hook.py
[2025-04-25T00:11:24.874+0000] {logging_mixin.py:190} INFO - [2025-04-25T00:11:24.874+0000] {dag.py:3239} INFO - Sync 1 DAGs
[2025-04-25T00:11:24.889+0000] {logging_mixin.py:190} INFO - [2025-04-25T00:11:24.888+0000] {dag.py:4180} INFO - Setting next_dagrun for snowflake_hook to None, run_after=None
[2025-04-25T00:11:24.901+0000] {processor.py:208} INFO - Processing /opt/airflow/dags/snowflake_hook.py took 0.070 seconds
[2025-04-25T00:11:55.178+0000] {processor.py:186} INFO - Started process (PID=22704) to work on /opt/airflow/dags/snowflake_hook.py
[2025-04-25T00:11:55.181+0000] {processor.py:914} INFO - Processing file /opt/airflow/dags/snowflake_hook.py for tasks to queue
[2025-04-25T00:11:55.183+0000] {logging_mixin.py:190} INFO - [2025-04-25T00:11:55.183+0000] {dagbag.py:588} INFO - Filling up the DagBag from /opt/airflow/dags/snowflake_hook.py
[2025-04-25T00:11:55.205+0000] {processor.py:925} INFO - DAG(s) 'snowflake_hook' retrieved from /opt/airflow/dags/snowflake_hook.py
[2025-04-25T00:11:55.219+0000] {logging_mixin.py:190} INFO - [2025-04-25T00:11:55.218+0000] {dag.py:3239} INFO - Sync 1 DAGs
[2025-04-25T00:11:55.231+0000] {logging_mixin.py:190} INFO - [2025-04-25T00:11:55.231+0000] {dag.py:4180} INFO - Setting next_dagrun for snowflake_hook to None, run_after=None
[2025-04-25T00:11:55.243+0000] {processor.py:208} INFO - Processing /opt/airflow/dags/snowflake_hook.py took 0.069 seconds
[2025-04-25T00:12:25.541+0000] {processor.py:186} INFO - Started process (PID=22725) to work on /opt/airflow/dags/snowflake_hook.py
[2025-04-25T00:12:25.546+0000] {processor.py:914} INFO - Processing file /opt/airflow/dags/snowflake_hook.py for tasks to queue
[2025-04-25T00:12:25.549+0000] {logging_mixin.py:190} INFO - [2025-04-25T00:12:25.549+0000] {dagbag.py:588} INFO - Filling up the DagBag from /opt/airflow/dags/snowflake_hook.py
[2025-04-25T00:12:25.572+0000] {processor.py:925} INFO - DAG(s) 'snowflake_hook' retrieved from /opt/airflow/dags/snowflake_hook.py
[2025-04-25T00:12:25.586+0000] {logging_mixin.py:190} INFO - [2025-04-25T00:12:25.586+0000] {dag.py:3239} INFO - Sync 1 DAGs
[2025-04-25T00:12:25.603+0000] {logging_mixin.py:190} INFO - [2025-04-25T00:12:25.603+0000] {dag.py:4180} INFO - Setting next_dagrun for snowflake_hook to None, run_after=None
[2025-04-25T00:12:25.614+0000] {processor.py:208} INFO - Processing /opt/airflow/dags/snowflake_hook.py took 0.076 seconds
[2025-04-25T00:12:55.868+0000] {processor.py:186} INFO - Started process (PID=22746) to work on /opt/airflow/dags/snowflake_hook.py
[2025-04-25T00:12:55.869+0000] {processor.py:914} INFO - Processing file /opt/airflow/dags/snowflake_hook.py for tasks to queue
[2025-04-25T00:12:55.871+0000] {logging_mixin.py:190} INFO - [2025-04-25T00:12:55.871+0000] {dagbag.py:588} INFO - Filling up the DagBag from /opt/airflow/dags/snowflake_hook.py
[2025-04-25T00:12:55.879+0000] {processor.py:925} INFO - DAG(s) 'snowflake_hook' retrieved from /opt/airflow/dags/snowflake_hook.py
[2025-04-25T00:12:55.893+0000] {logging_mixin.py:190} INFO - [2025-04-25T00:12:55.893+0000] {dag.py:3239} INFO - Sync 1 DAGs
[2025-04-25T00:12:55.906+0000] {logging_mixin.py:190} INFO - [2025-04-25T00:12:55.905+0000] {dag.py:4180} INFO - Setting next_dagrun for snowflake_hook to None, run_after=None
[2025-04-25T00:12:55.916+0000] {processor.py:208} INFO - Processing /opt/airflow/dags/snowflake_hook.py took 0.051 seconds
[2025-04-25T00:13:26.372+0000] {processor.py:186} INFO - Started process (PID=22767) to work on /opt/airflow/dags/snowflake_hook.py
[2025-04-25T00:13:26.390+0000] {processor.py:914} INFO - Processing file /opt/airflow/dags/snowflake_hook.py for tasks to queue
[2025-04-25T00:13:26.396+0000] {logging_mixin.py:190} INFO - [2025-04-25T00:13:26.395+0000] {dagbag.py:588} INFO - Filling up the DagBag from /opt/airflow/dags/snowflake_hook.py
[2025-04-25T00:13:26.440+0000] {processor.py:925} INFO - DAG(s) 'snowflake_hook' retrieved from /opt/airflow/dags/snowflake_hook.py
[2025-04-25T00:13:26.505+0000] {logging_mixin.py:190} INFO - [2025-04-25T00:13:26.505+0000] {dag.py:3239} INFO - Sync 1 DAGs
[2025-04-25T00:13:26.560+0000] {logging_mixin.py:190} INFO - [2025-04-25T00:13:26.560+0000] {dag.py:4180} INFO - Setting next_dagrun for snowflake_hook to None, run_after=None
[2025-04-25T00:13:26.572+0000] {processor.py:208} INFO - Processing /opt/airflow/dags/snowflake_hook.py took 0.208 seconds
[2025-04-25T00:13:56.919+0000] {processor.py:186} INFO - Started process (PID=22788) to work on /opt/airflow/dags/snowflake_hook.py
[2025-04-25T00:13:56.923+0000] {processor.py:914} INFO - Processing file /opt/airflow/dags/snowflake_hook.py for tasks to queue
[2025-04-25T00:13:56.931+0000] {logging_mixin.py:190} INFO - [2025-04-25T00:13:56.931+0000] {dagbag.py:588} INFO - Filling up the DagBag from /opt/airflow/dags/snowflake_hook.py
[2025-04-25T00:13:56.961+0000] {processor.py:925} INFO - DAG(s) 'snowflake_hook' retrieved from /opt/airflow/dags/snowflake_hook.py
[2025-04-25T00:13:56.975+0000] {logging_mixin.py:190} INFO - [2025-04-25T00:13:56.974+0000] {dag.py:3239} INFO - Sync 1 DAGs
[2025-04-25T00:13:56.989+0000] {logging_mixin.py:190} INFO - [2025-04-25T00:13:56.989+0000] {dag.py:4180} INFO - Setting next_dagrun for snowflake_hook to None, run_after=None
[2025-04-25T00:13:57.005+0000] {processor.py:208} INFO - Processing /opt/airflow/dags/snowflake_hook.py took 0.093 seconds
[2025-04-25T00:14:27.426+0000] {processor.py:186} INFO - Started process (PID=22809) to work on /opt/airflow/dags/snowflake_hook.py
[2025-04-25T00:14:27.430+0000] {processor.py:914} INFO - Processing file /opt/airflow/dags/snowflake_hook.py for tasks to queue
[2025-04-25T00:14:27.434+0000] {logging_mixin.py:190} INFO - [2025-04-25T00:14:27.434+0000] {dagbag.py:588} INFO - Filling up the DagBag from /opt/airflow/dags/snowflake_hook.py
[2025-04-25T00:14:27.468+0000] {processor.py:925} INFO - DAG(s) 'snowflake_hook' retrieved from /opt/airflow/dags/snowflake_hook.py
[2025-04-25T00:14:27.486+0000] {logging_mixin.py:190} INFO - [2025-04-25T00:14:27.486+0000] {dag.py:3239} INFO - Sync 1 DAGs
[2025-04-25T00:14:27.500+0000] {logging_mixin.py:190} INFO - [2025-04-25T00:14:27.500+0000] {dag.py:4180} INFO - Setting next_dagrun for snowflake_hook to None, run_after=None
[2025-04-25T00:14:27.538+0000] {processor.py:208} INFO - Processing /opt/airflow/dags/snowflake_hook.py took 0.121 seconds
[2025-04-25T00:14:57.910+0000] {processor.py:186} INFO - Started process (PID=22830) to work on /opt/airflow/dags/snowflake_hook.py
[2025-04-25T00:14:57.911+0000] {processor.py:914} INFO - Processing file /opt/airflow/dags/snowflake_hook.py for tasks to queue
[2025-04-25T00:14:57.916+0000] {logging_mixin.py:190} INFO - [2025-04-25T00:14:57.916+0000] {dagbag.py:588} INFO - Filling up the DagBag from /opt/airflow/dags/snowflake_hook.py
[2025-04-25T00:14:57.941+0000] {processor.py:925} INFO - DAG(s) 'snowflake_hook' retrieved from /opt/airflow/dags/snowflake_hook.py
[2025-04-25T00:14:57.954+0000] {logging_mixin.py:190} INFO - [2025-04-25T00:14:57.953+0000] {dag.py:3239} INFO - Sync 1 DAGs
[2025-04-25T00:14:57.966+0000] {logging_mixin.py:190} INFO - [2025-04-25T00:14:57.966+0000] {dag.py:4180} INFO - Setting next_dagrun for snowflake_hook to None, run_after=None
[2025-04-25T00:14:57.980+0000] {processor.py:208} INFO - Processing /opt/airflow/dags/snowflake_hook.py took 0.076 seconds
[2025-04-25T00:15:28.237+0000] {processor.py:186} INFO - Started process (PID=22851) to work on /opt/airflow/dags/snowflake_hook.py
[2025-04-25T00:15:28.239+0000] {processor.py:914} INFO - Processing file /opt/airflow/dags/snowflake_hook.py for tasks to queue
[2025-04-25T00:15:28.242+0000] {logging_mixin.py:190} INFO - [2025-04-25T00:15:28.242+0000] {dagbag.py:588} INFO - Filling up the DagBag from /opt/airflow/dags/snowflake_hook.py
[2025-04-25T00:15:28.268+0000] {processor.py:925} INFO - DAG(s) 'snowflake_hook' retrieved from /opt/airflow/dags/snowflake_hook.py
[2025-04-25T00:15:28.283+0000] {logging_mixin.py:190} INFO - [2025-04-25T00:15:28.283+0000] {dag.py:3239} INFO - Sync 1 DAGs
[2025-04-25T00:15:28.298+0000] {logging_mixin.py:190} INFO - [2025-04-25T00:15:28.298+0000] {dag.py:4180} INFO - Setting next_dagrun for snowflake_hook to None, run_after=None
[2025-04-25T00:15:28.309+0000] {processor.py:208} INFO - Processing /opt/airflow/dags/snowflake_hook.py took 0.081 seconds
[2025-04-25T00:15:58.626+0000] {processor.py:186} INFO - Started process (PID=22872) to work on /opt/airflow/dags/snowflake_hook.py
[2025-04-25T00:15:58.630+0000] {processor.py:914} INFO - Processing file /opt/airflow/dags/snowflake_hook.py for tasks to queue
[2025-04-25T00:15:58.635+0000] {logging_mixin.py:190} INFO - [2025-04-25T00:15:58.635+0000] {dagbag.py:588} INFO - Filling up the DagBag from /opt/airflow/dags/snowflake_hook.py
[2025-04-25T00:15:58.669+0000] {processor.py:925} INFO - DAG(s) 'snowflake_hook' retrieved from /opt/airflow/dags/snowflake_hook.py
[2025-04-25T00:15:58.701+0000] {logging_mixin.py:190} INFO - [2025-04-25T00:15:58.701+0000] {dag.py:3239} INFO - Sync 1 DAGs
[2025-04-25T00:15:58.723+0000] {logging_mixin.py:190} INFO - [2025-04-25T00:15:58.723+0000] {dag.py:4180} INFO - Setting next_dagrun for snowflake_hook to None, run_after=None
[2025-04-25T00:15:58.739+0000] {processor.py:208} INFO - Processing /opt/airflow/dags/snowflake_hook.py took 0.119 seconds
[2025-04-25T00:16:28.979+0000] {processor.py:186} INFO - Started process (PID=22893) to work on /opt/airflow/dags/snowflake_hook.py
[2025-04-25T00:16:28.983+0000] {processor.py:914} INFO - Processing file /opt/airflow/dags/snowflake_hook.py for tasks to queue
[2025-04-25T00:16:28.985+0000] {logging_mixin.py:190} INFO - [2025-04-25T00:16:28.985+0000] {dagbag.py:588} INFO - Filling up the DagBag from /opt/airflow/dags/snowflake_hook.py
[2025-04-25T00:16:29.001+0000] {processor.py:925} INFO - DAG(s) 'snowflake_hook' retrieved from /opt/airflow/dags/snowflake_hook.py
[2025-04-25T00:16:29.016+0000] {logging_mixin.py:190} INFO - [2025-04-25T00:16:29.016+0000] {dag.py:3239} INFO - Sync 1 DAGs
[2025-04-25T00:16:29.029+0000] {logging_mixin.py:190} INFO - [2025-04-25T00:16:29.028+0000] {dag.py:4180} INFO - Setting next_dagrun for snowflake_hook to None, run_after=None
[2025-04-25T00:16:29.040+0000] {processor.py:208} INFO - Processing /opt/airflow/dags/snowflake_hook.py took 0.065 seconds
[2025-04-25T00:16:59.259+0000] {processor.py:186} INFO - Started process (PID=22914) to work on /opt/airflow/dags/snowflake_hook.py
[2025-04-25T00:16:59.260+0000] {processor.py:914} INFO - Processing file /opt/airflow/dags/snowflake_hook.py for tasks to queue
[2025-04-25T00:16:59.262+0000] {logging_mixin.py:190} INFO - [2025-04-25T00:16:59.262+0000] {dagbag.py:588} INFO - Filling up the DagBag from /opt/airflow/dags/snowflake_hook.py
[2025-04-25T00:16:59.272+0000] {processor.py:925} INFO - DAG(s) 'snowflake_hook' retrieved from /opt/airflow/dags/snowflake_hook.py
[2025-04-25T00:16:59.286+0000] {logging_mixin.py:190} INFO - [2025-04-25T00:16:59.285+0000] {dag.py:3239} INFO - Sync 1 DAGs
[2025-04-25T00:16:59.298+0000] {logging_mixin.py:190} INFO - [2025-04-25T00:16:59.298+0000] {dag.py:4180} INFO - Setting next_dagrun for snowflake_hook to None, run_after=None
[2025-04-25T00:16:59.309+0000] {processor.py:208} INFO - Processing /opt/airflow/dags/snowflake_hook.py took 0.053 seconds
[2025-04-25T00:17:29.520+0000] {processor.py:186} INFO - Started process (PID=22935) to work on /opt/airflow/dags/snowflake_hook.py
[2025-04-25T00:17:29.520+0000] {processor.py:914} INFO - Processing file /opt/airflow/dags/snowflake_hook.py for tasks to queue
[2025-04-25T00:17:29.522+0000] {logging_mixin.py:190} INFO - [2025-04-25T00:17:29.522+0000] {dagbag.py:588} INFO - Filling up the DagBag from /opt/airflow/dags/snowflake_hook.py
[2025-04-25T00:17:29.531+0000] {processor.py:925} INFO - DAG(s) 'snowflake_hook' retrieved from /opt/airflow/dags/snowflake_hook.py
[2025-04-25T00:17:29.545+0000] {logging_mixin.py:190} INFO - [2025-04-25T00:17:29.544+0000] {dag.py:3239} INFO - Sync 1 DAGs
[2025-04-25T00:17:29.558+0000] {logging_mixin.py:190} INFO - [2025-04-25T00:17:29.558+0000] {dag.py:4180} INFO - Setting next_dagrun for snowflake_hook to None, run_after=None
[2025-04-25T00:17:29.570+0000] {processor.py:208} INFO - Processing /opt/airflow/dags/snowflake_hook.py took 0.054 seconds
[2025-04-25T00:17:59.857+0000] {processor.py:186} INFO - Started process (PID=22956) to work on /opt/airflow/dags/snowflake_hook.py
[2025-04-25T00:17:59.859+0000] {processor.py:914} INFO - Processing file /opt/airflow/dags/snowflake_hook.py for tasks to queue
[2025-04-25T00:17:59.862+0000] {logging_mixin.py:190} INFO - [2025-04-25T00:17:59.862+0000] {dagbag.py:588} INFO - Filling up the DagBag from /opt/airflow/dags/snowflake_hook.py
[2025-04-25T00:17:59.883+0000] {processor.py:925} INFO - DAG(s) 'snowflake_hook' retrieved from /opt/airflow/dags/snowflake_hook.py
[2025-04-25T00:17:59.900+0000] {logging_mixin.py:190} INFO - [2025-04-25T00:17:59.900+0000] {dag.py:3239} INFO - Sync 1 DAGs
[2025-04-25T00:17:59.916+0000] {logging_mixin.py:190} INFO - [2025-04-25T00:17:59.916+0000] {dag.py:4180} INFO - Setting next_dagrun for snowflake_hook to None, run_after=None
[2025-04-25T00:17:59.927+0000] {processor.py:208} INFO - Processing /opt/airflow/dags/snowflake_hook.py took 0.073 seconds
[2025-04-25T00:18:30.180+0000] {processor.py:186} INFO - Started process (PID=22977) to work on /opt/airflow/dags/snowflake_hook.py
[2025-04-25T00:18:30.181+0000] {processor.py:914} INFO - Processing file /opt/airflow/dags/snowflake_hook.py for tasks to queue
[2025-04-25T00:18:30.183+0000] {logging_mixin.py:190} INFO - [2025-04-25T00:18:30.183+0000] {dagbag.py:588} INFO - Filling up the DagBag from /opt/airflow/dags/snowflake_hook.py
[2025-04-25T00:18:30.193+0000] {processor.py:925} INFO - DAG(s) 'snowflake_hook' retrieved from /opt/airflow/dags/snowflake_hook.py
[2025-04-25T00:18:30.208+0000] {logging_mixin.py:190} INFO - [2025-04-25T00:18:30.207+0000] {dag.py:3239} INFO - Sync 1 DAGs
[2025-04-25T00:18:30.222+0000] {logging_mixin.py:190} INFO - [2025-04-25T00:18:30.221+0000] {dag.py:4180} INFO - Setting next_dagrun for snowflake_hook to None, run_after=None
[2025-04-25T00:18:30.231+0000] {processor.py:208} INFO - Processing /opt/airflow/dags/snowflake_hook.py took 0.055 seconds
[2025-04-25T00:19:00.523+0000] {processor.py:186} INFO - Started process (PID=22998) to work on /opt/airflow/dags/snowflake_hook.py
[2025-04-25T00:19:00.525+0000] {processor.py:914} INFO - Processing file /opt/airflow/dags/snowflake_hook.py for tasks to queue
[2025-04-25T00:19:00.526+0000] {logging_mixin.py:190} INFO - [2025-04-25T00:19:00.526+0000] {dagbag.py:588} INFO - Filling up the DagBag from /opt/airflow/dags/snowflake_hook.py
[2025-04-25T00:19:00.537+0000] {processor.py:925} INFO - DAG(s) 'snowflake_hook' retrieved from /opt/airflow/dags/snowflake_hook.py
[2025-04-25T00:19:00.549+0000] {logging_mixin.py:190} INFO - [2025-04-25T00:19:00.548+0000] {dag.py:3239} INFO - Sync 1 DAGs
[2025-04-25T00:19:00.561+0000] {logging_mixin.py:190} INFO - [2025-04-25T00:19:00.560+0000] {dag.py:4180} INFO - Setting next_dagrun for snowflake_hook to None, run_after=None
[2025-04-25T00:19:00.573+0000] {processor.py:208} INFO - Processing /opt/airflow/dags/snowflake_hook.py took 0.052 seconds
[2025-04-25T00:19:30.912+0000] {processor.py:186} INFO - Started process (PID=23019) to work on /opt/airflow/dags/snowflake_hook.py
[2025-04-25T00:19:30.914+0000] {processor.py:914} INFO - Processing file /opt/airflow/dags/snowflake_hook.py for tasks to queue
[2025-04-25T00:19:30.919+0000] {logging_mixin.py:190} INFO - [2025-04-25T00:19:30.919+0000] {dagbag.py:588} INFO - Filling up the DagBag from /opt/airflow/dags/snowflake_hook.py
[2025-04-25T00:19:30.933+0000] {processor.py:925} INFO - DAG(s) 'snowflake_hook' retrieved from /opt/airflow/dags/snowflake_hook.py
[2025-04-25T00:19:30.945+0000] {logging_mixin.py:190} INFO - [2025-04-25T00:19:30.944+0000] {dag.py:3239} INFO - Sync 1 DAGs
[2025-04-25T00:19:30.958+0000] {logging_mixin.py:190} INFO - [2025-04-25T00:19:30.958+0000] {dag.py:4180} INFO - Setting next_dagrun for snowflake_hook to None, run_after=None
[2025-04-25T00:19:30.970+0000] {processor.py:208} INFO - Processing /opt/airflow/dags/snowflake_hook.py took 0.061 seconds
[2025-04-25T00:20:01.236+0000] {processor.py:186} INFO - Started process (PID=23040) to work on /opt/airflow/dags/snowflake_hook.py
[2025-04-25T00:20:01.237+0000] {processor.py:914} INFO - Processing file /opt/airflow/dags/snowflake_hook.py for tasks to queue
[2025-04-25T00:20:01.239+0000] {logging_mixin.py:190} INFO - [2025-04-25T00:20:01.239+0000] {dagbag.py:588} INFO - Filling up the DagBag from /opt/airflow/dags/snowflake_hook.py
[2025-04-25T00:20:01.260+0000] {processor.py:925} INFO - DAG(s) 'snowflake_hook' retrieved from /opt/airflow/dags/snowflake_hook.py
[2025-04-25T00:20:01.277+0000] {logging_mixin.py:190} INFO - [2025-04-25T00:20:01.276+0000] {dag.py:3239} INFO - Sync 1 DAGs
[2025-04-25T00:20:01.290+0000] {logging_mixin.py:190} INFO - [2025-04-25T00:20:01.290+0000] {dag.py:4180} INFO - Setting next_dagrun for snowflake_hook to None, run_after=None
[2025-04-25T00:20:01.301+0000] {processor.py:208} INFO - Processing /opt/airflow/dags/snowflake_hook.py took 0.068 seconds
[2025-04-25T00:20:31.551+0000] {processor.py:186} INFO - Started process (PID=23061) to work on /opt/airflow/dags/snowflake_hook.py
[2025-04-25T00:20:31.552+0000] {processor.py:914} INFO - Processing file /opt/airflow/dags/snowflake_hook.py for tasks to queue
[2025-04-25T00:20:31.555+0000] {logging_mixin.py:190} INFO - [2025-04-25T00:20:31.555+0000] {dagbag.py:588} INFO - Filling up the DagBag from /opt/airflow/dags/snowflake_hook.py
[2025-04-25T00:20:31.586+0000] {processor.py:925} INFO - DAG(s) 'snowflake_hook' retrieved from /opt/airflow/dags/snowflake_hook.py
[2025-04-25T00:20:31.604+0000] {logging_mixin.py:190} INFO - [2025-04-25T00:20:31.603+0000] {dag.py:3239} INFO - Sync 1 DAGs
[2025-04-25T00:20:31.617+0000] {logging_mixin.py:190} INFO - [2025-04-25T00:20:31.616+0000] {dag.py:4180} INFO - Setting next_dagrun for snowflake_hook to None, run_after=None
[2025-04-25T00:20:31.628+0000] {processor.py:208} INFO - Processing /opt/airflow/dags/snowflake_hook.py took 0.080 seconds
[2025-04-25T00:21:01.928+0000] {processor.py:186} INFO - Started process (PID=23081) to work on /opt/airflow/dags/snowflake_hook.py
[2025-04-25T00:21:01.928+0000] {processor.py:914} INFO - Processing file /opt/airflow/dags/snowflake_hook.py for tasks to queue
[2025-04-25T00:21:01.930+0000] {logging_mixin.py:190} INFO - [2025-04-25T00:21:01.930+0000] {dagbag.py:588} INFO - Filling up the DagBag from /opt/airflow/dags/snowflake_hook.py
[2025-04-25T00:21:01.942+0000] {processor.py:925} INFO - DAG(s) 'snowflake_hook' retrieved from /opt/airflow/dags/snowflake_hook.py
[2025-04-25T00:21:01.955+0000] {logging_mixin.py:190} INFO - [2025-04-25T00:21:01.955+0000] {dag.py:3239} INFO - Sync 1 DAGs
[2025-04-25T00:21:01.967+0000] {logging_mixin.py:190} INFO - [2025-04-25T00:21:01.967+0000] {dag.py:4180} INFO - Setting next_dagrun for snowflake_hook to None, run_after=None
[2025-04-25T00:21:01.979+0000] {processor.py:208} INFO - Processing /opt/airflow/dags/snowflake_hook.py took 0.054 seconds
[2025-04-25T00:21:32.268+0000] {processor.py:186} INFO - Started process (PID=23102) to work on /opt/airflow/dags/snowflake_hook.py
[2025-04-25T00:21:32.270+0000] {processor.py:914} INFO - Processing file /opt/airflow/dags/snowflake_hook.py for tasks to queue
[2025-04-25T00:21:32.273+0000] {logging_mixin.py:190} INFO - [2025-04-25T00:21:32.272+0000] {dagbag.py:588} INFO - Filling up the DagBag from /opt/airflow/dags/snowflake_hook.py
[2025-04-25T00:21:32.298+0000] {processor.py:925} INFO - DAG(s) 'snowflake_hook' retrieved from /opt/airflow/dags/snowflake_hook.py
[2025-04-25T00:21:32.312+0000] {logging_mixin.py:190} INFO - [2025-04-25T00:21:32.311+0000] {dag.py:3239} INFO - Sync 1 DAGs
[2025-04-25T00:21:32.325+0000] {logging_mixin.py:190} INFO - [2025-04-25T00:21:32.325+0000] {dag.py:4180} INFO - Setting next_dagrun for snowflake_hook to None, run_after=None
[2025-04-25T00:21:32.335+0000] {processor.py:208} INFO - Processing /opt/airflow/dags/snowflake_hook.py took 0.070 seconds
[2025-04-25T00:22:02.604+0000] {processor.py:186} INFO - Started process (PID=23123) to work on /opt/airflow/dags/snowflake_hook.py
[2025-04-25T00:22:02.605+0000] {processor.py:914} INFO - Processing file /opt/airflow/dags/snowflake_hook.py for tasks to queue
[2025-04-25T00:22:02.608+0000] {logging_mixin.py:190} INFO - [2025-04-25T00:22:02.608+0000] {dagbag.py:588} INFO - Filling up the DagBag from /opt/airflow/dags/snowflake_hook.py
[2025-04-25T00:22:02.617+0000] {processor.py:925} INFO - DAG(s) 'snowflake_hook' retrieved from /opt/airflow/dags/snowflake_hook.py
[2025-04-25T00:22:02.629+0000] {logging_mixin.py:190} INFO - [2025-04-25T00:22:02.629+0000] {dag.py:3239} INFO - Sync 1 DAGs
[2025-04-25T00:22:02.641+0000] {logging_mixin.py:190} INFO - [2025-04-25T00:22:02.641+0000] {dag.py:4180} INFO - Setting next_dagrun for snowflake_hook to None, run_after=None
[2025-04-25T00:22:02.651+0000] {processor.py:208} INFO - Processing /opt/airflow/dags/snowflake_hook.py took 0.051 seconds
[2025-04-25T00:22:32.889+0000] {processor.py:186} INFO - Started process (PID=23144) to work on /opt/airflow/dags/snowflake_hook.py
[2025-04-25T00:22:32.892+0000] {processor.py:914} INFO - Processing file /opt/airflow/dags/snowflake_hook.py for tasks to queue
[2025-04-25T00:22:32.895+0000] {logging_mixin.py:190} INFO - [2025-04-25T00:22:32.894+0000] {dagbag.py:588} INFO - Filling up the DagBag from /opt/airflow/dags/snowflake_hook.py
[2025-04-25T00:22:32.921+0000] {processor.py:925} INFO - DAG(s) 'snowflake_hook' retrieved from /opt/airflow/dags/snowflake_hook.py
[2025-04-25T00:22:32.936+0000] {logging_mixin.py:190} INFO - [2025-04-25T00:22:32.935+0000] {dag.py:3239} INFO - Sync 1 DAGs
[2025-04-25T00:22:32.949+0000] {logging_mixin.py:190} INFO - [2025-04-25T00:22:32.949+0000] {dag.py:4180} INFO - Setting next_dagrun for snowflake_hook to None, run_after=None
[2025-04-25T00:22:32.961+0000] {processor.py:208} INFO - Processing /opt/airflow/dags/snowflake_hook.py took 0.076 seconds
[2025-04-25T00:23:03.283+0000] {processor.py:186} INFO - Started process (PID=23164) to work on /opt/airflow/dags/snowflake_hook.py
[2025-04-25T00:23:03.285+0000] {processor.py:914} INFO - Processing file /opt/airflow/dags/snowflake_hook.py for tasks to queue
[2025-04-25T00:23:03.287+0000] {logging_mixin.py:190} INFO - [2025-04-25T00:23:03.287+0000] {dagbag.py:588} INFO - Filling up the DagBag from /opt/airflow/dags/snowflake_hook.py
[2025-04-25T00:23:03.297+0000] {processor.py:925} INFO - DAG(s) 'snowflake_hook' retrieved from /opt/airflow/dags/snowflake_hook.py
[2025-04-25T00:23:03.310+0000] {logging_mixin.py:190} INFO - [2025-04-25T00:23:03.309+0000] {dag.py:3239} INFO - Sync 1 DAGs
[2025-04-25T00:23:03.322+0000] {logging_mixin.py:190} INFO - [2025-04-25T00:23:03.322+0000] {dag.py:4180} INFO - Setting next_dagrun for snowflake_hook to None, run_after=None
[2025-04-25T00:23:03.333+0000] {processor.py:208} INFO - Processing /opt/airflow/dags/snowflake_hook.py took 0.053 seconds
[2025-04-25T00:23:33.605+0000] {processor.py:186} INFO - Started process (PID=23185) to work on /opt/airflow/dags/snowflake_hook.py
[2025-04-25T00:23:33.608+0000] {processor.py:914} INFO - Processing file /opt/airflow/dags/snowflake_hook.py for tasks to queue
[2025-04-25T00:23:33.610+0000] {logging_mixin.py:190} INFO - [2025-04-25T00:23:33.610+0000] {dagbag.py:588} INFO - Filling up the DagBag from /opt/airflow/dags/snowflake_hook.py
[2025-04-25T00:23:33.624+0000] {processor.py:925} INFO - DAG(s) 'snowflake_hook' retrieved from /opt/airflow/dags/snowflake_hook.py
[2025-04-25T00:23:33.636+0000] {logging_mixin.py:190} INFO - [2025-04-25T00:23:33.636+0000] {dag.py:3239} INFO - Sync 1 DAGs
[2025-04-25T00:23:33.648+0000] {logging_mixin.py:190} INFO - [2025-04-25T00:23:33.648+0000] {dag.py:4180} INFO - Setting next_dagrun for snowflake_hook to None, run_after=None
[2025-04-25T00:23:33.659+0000] {processor.py:208} INFO - Processing /opt/airflow/dags/snowflake_hook.py took 0.057 seconds
[2025-04-25T00:24:03.960+0000] {processor.py:186} INFO - Started process (PID=23206) to work on /opt/airflow/dags/snowflake_hook.py
[2025-04-25T00:24:03.963+0000] {processor.py:914} INFO - Processing file /opt/airflow/dags/snowflake_hook.py for tasks to queue
[2025-04-25T00:24:03.968+0000] {logging_mixin.py:190} INFO - [2025-04-25T00:24:03.967+0000] {dagbag.py:588} INFO - Filling up the DagBag from /opt/airflow/dags/snowflake_hook.py
[2025-04-25T00:24:04.002+0000] {processor.py:925} INFO - DAG(s) 'snowflake_hook' retrieved from /opt/airflow/dags/snowflake_hook.py
[2025-04-25T00:24:04.019+0000] {logging_mixin.py:190} INFO - [2025-04-25T00:24:04.018+0000] {dag.py:3239} INFO - Sync 1 DAGs
[2025-04-25T00:24:04.032+0000] {logging_mixin.py:190} INFO - [2025-04-25T00:24:04.032+0000] {dag.py:4180} INFO - Setting next_dagrun for snowflake_hook to None, run_after=None
[2025-04-25T00:24:04.044+0000] {processor.py:208} INFO - Processing /opt/airflow/dags/snowflake_hook.py took 0.089 seconds
[2025-04-25T00:24:34.436+0000] {processor.py:186} INFO - Started process (PID=23227) to work on /opt/airflow/dags/snowflake_hook.py
[2025-04-25T00:24:34.436+0000] {processor.py:914} INFO - Processing file /opt/airflow/dags/snowflake_hook.py for tasks to queue
[2025-04-25T00:24:34.438+0000] {logging_mixin.py:190} INFO - [2025-04-25T00:24:34.438+0000] {dagbag.py:588} INFO - Filling up the DagBag from /opt/airflow/dags/snowflake_hook.py
[2025-04-25T00:24:34.463+0000] {processor.py:925} INFO - DAG(s) 'snowflake_hook' retrieved from /opt/airflow/dags/snowflake_hook.py
[2025-04-25T00:24:34.476+0000] {logging_mixin.py:190} INFO - [2025-04-25T00:24:34.476+0000] {dag.py:3239} INFO - Sync 1 DAGs
[2025-04-25T00:24:34.488+0000] {logging_mixin.py:190} INFO - [2025-04-25T00:24:34.488+0000] {dag.py:4180} INFO - Setting next_dagrun for snowflake_hook to None, run_after=None
[2025-04-25T00:24:34.499+0000] {processor.py:208} INFO - Processing /opt/airflow/dags/snowflake_hook.py took 0.066 seconds
[2025-04-25T00:25:04.801+0000] {processor.py:186} INFO - Started process (PID=23248) to work on /opt/airflow/dags/snowflake_hook.py
[2025-04-25T00:25:04.802+0000] {processor.py:914} INFO - Processing file /opt/airflow/dags/snowflake_hook.py for tasks to queue
[2025-04-25T00:25:04.804+0000] {logging_mixin.py:190} INFO - [2025-04-25T00:25:04.804+0000] {dagbag.py:588} INFO - Filling up the DagBag from /opt/airflow/dags/snowflake_hook.py
[2025-04-25T00:25:04.828+0000] {processor.py:925} INFO - DAG(s) 'snowflake_hook' retrieved from /opt/airflow/dags/snowflake_hook.py
[2025-04-25T00:25:04.842+0000] {logging_mixin.py:190} INFO - [2025-04-25T00:25:04.841+0000] {dag.py:3239} INFO - Sync 1 DAGs
[2025-04-25T00:25:04.854+0000] {logging_mixin.py:190} INFO - [2025-04-25T00:25:04.854+0000] {dag.py:4180} INFO - Setting next_dagrun for snowflake_hook to None, run_after=None
[2025-04-25T00:25:04.865+0000] {processor.py:208} INFO - Processing /opt/airflow/dags/snowflake_hook.py took 0.068 seconds
[2025-04-25T00:25:35.119+0000] {processor.py:186} INFO - Started process (PID=23269) to work on /opt/airflow/dags/snowflake_hook.py
[2025-04-25T00:25:35.120+0000] {processor.py:914} INFO - Processing file /opt/airflow/dags/snowflake_hook.py for tasks to queue
[2025-04-25T00:25:35.123+0000] {logging_mixin.py:190} INFO - [2025-04-25T00:25:35.122+0000] {dagbag.py:588} INFO - Filling up the DagBag from /opt/airflow/dags/snowflake_hook.py
[2025-04-25T00:25:35.132+0000] {processor.py:925} INFO - DAG(s) 'snowflake_hook' retrieved from /opt/airflow/dags/snowflake_hook.py
[2025-04-25T00:25:35.146+0000] {logging_mixin.py:190} INFO - [2025-04-25T00:25:35.145+0000] {dag.py:3239} INFO - Sync 1 DAGs
[2025-04-25T00:25:35.159+0000] {logging_mixin.py:190} INFO - [2025-04-25T00:25:35.159+0000] {dag.py:4180} INFO - Setting next_dagrun for snowflake_hook to None, run_after=None
[2025-04-25T00:25:35.171+0000] {processor.py:208} INFO - Processing /opt/airflow/dags/snowflake_hook.py took 0.055 seconds
[2025-04-25T00:26:05.461+0000] {processor.py:186} INFO - Started process (PID=23290) to work on /opt/airflow/dags/snowflake_hook.py
[2025-04-25T00:26:05.462+0000] {processor.py:914} INFO - Processing file /opt/airflow/dags/snowflake_hook.py for tasks to queue
[2025-04-25T00:26:05.466+0000] {logging_mixin.py:190} INFO - [2025-04-25T00:26:05.465+0000] {dagbag.py:588} INFO - Filling up the DagBag from /opt/airflow/dags/snowflake_hook.py
[2025-04-25T00:26:05.481+0000] {processor.py:925} INFO - DAG(s) 'snowflake_hook' retrieved from /opt/airflow/dags/snowflake_hook.py
[2025-04-25T00:26:05.495+0000] {logging_mixin.py:190} INFO - [2025-04-25T00:26:05.495+0000] {dag.py:3239} INFO - Sync 1 DAGs
[2025-04-25T00:26:05.513+0000] {logging_mixin.py:190} INFO - [2025-04-25T00:26:05.513+0000] {dag.py:4180} INFO - Setting next_dagrun for snowflake_hook to None, run_after=None
[2025-04-25T00:26:05.524+0000] {processor.py:208} INFO - Processing /opt/airflow/dags/snowflake_hook.py took 0.067 seconds
[2025-04-25T00:26:35.837+0000] {processor.py:186} INFO - Started process (PID=23311) to work on /opt/airflow/dags/snowflake_hook.py
[2025-04-25T00:26:35.839+0000] {processor.py:914} INFO - Processing file /opt/airflow/dags/snowflake_hook.py for tasks to queue
[2025-04-25T00:26:35.844+0000] {logging_mixin.py:190} INFO - [2025-04-25T00:26:35.843+0000] {dagbag.py:588} INFO - Filling up the DagBag from /opt/airflow/dags/snowflake_hook.py
[2025-04-25T00:26:35.866+0000] {processor.py:925} INFO - DAG(s) 'snowflake_hook' retrieved from /opt/airflow/dags/snowflake_hook.py
[2025-04-25T00:26:35.879+0000] {logging_mixin.py:190} INFO - [2025-04-25T00:26:35.878+0000] {dag.py:3239} INFO - Sync 1 DAGs
[2025-04-25T00:26:35.893+0000] {logging_mixin.py:190} INFO - [2025-04-25T00:26:35.893+0000] {dag.py:4180} INFO - Setting next_dagrun for snowflake_hook to None, run_after=None
[2025-04-25T00:26:35.903+0000] {processor.py:208} INFO - Processing /opt/airflow/dags/snowflake_hook.py took 0.070 seconds
[2025-04-25T00:27:06.242+0000] {processor.py:186} INFO - Started process (PID=23332) to work on /opt/airflow/dags/snowflake_hook.py
[2025-04-25T00:27:06.247+0000] {processor.py:914} INFO - Processing file /opt/airflow/dags/snowflake_hook.py for tasks to queue
[2025-04-25T00:27:06.252+0000] {logging_mixin.py:190} INFO - [2025-04-25T00:27:06.251+0000] {dagbag.py:588} INFO - Filling up the DagBag from /opt/airflow/dags/snowflake_hook.py
[2025-04-25T00:27:06.299+0000] {processor.py:925} INFO - DAG(s) 'snowflake_hook' retrieved from /opt/airflow/dags/snowflake_hook.py
[2025-04-25T00:27:06.314+0000] {logging_mixin.py:190} INFO - [2025-04-25T00:27:06.313+0000] {dag.py:3239} INFO - Sync 1 DAGs
[2025-04-25T00:27:06.326+0000] {logging_mixin.py:190} INFO - [2025-04-25T00:27:06.326+0000] {dag.py:4180} INFO - Setting next_dagrun for snowflake_hook to None, run_after=None
[2025-04-25T00:27:06.337+0000] {processor.py:208} INFO - Processing /opt/airflow/dags/snowflake_hook.py took 0.101 seconds
[2025-04-25T00:27:36.563+0000] {processor.py:186} INFO - Started process (PID=23353) to work on /opt/airflow/dags/snowflake_hook.py
[2025-04-25T00:27:36.565+0000] {processor.py:914} INFO - Processing file /opt/airflow/dags/snowflake_hook.py for tasks to queue
[2025-04-25T00:27:36.566+0000] {logging_mixin.py:190} INFO - [2025-04-25T00:27:36.566+0000] {dagbag.py:588} INFO - Filling up the DagBag from /opt/airflow/dags/snowflake_hook.py
[2025-04-25T00:27:36.575+0000] {processor.py:925} INFO - DAG(s) 'snowflake_hook' retrieved from /opt/airflow/dags/snowflake_hook.py
[2025-04-25T00:27:36.589+0000] {logging_mixin.py:190} INFO - [2025-04-25T00:27:36.588+0000] {dag.py:3239} INFO - Sync 1 DAGs
[2025-04-25T00:27:36.602+0000] {logging_mixin.py:190} INFO - [2025-04-25T00:27:36.602+0000] {dag.py:4180} INFO - Setting next_dagrun for snowflake_hook to None, run_after=None
[2025-04-25T00:27:36.617+0000] {processor.py:208} INFO - Processing /opt/airflow/dags/snowflake_hook.py took 0.057 seconds
[2025-04-25T00:28:06.960+0000] {processor.py:186} INFO - Started process (PID=23374) to work on /opt/airflow/dags/snowflake_hook.py
[2025-04-25T00:28:06.961+0000] {processor.py:914} INFO - Processing file /opt/airflow/dags/snowflake_hook.py for tasks to queue
[2025-04-25T00:28:06.963+0000] {logging_mixin.py:190} INFO - [2025-04-25T00:28:06.963+0000] {dagbag.py:588} INFO - Filling up the DagBag from /opt/airflow/dags/snowflake_hook.py
[2025-04-25T00:28:06.985+0000] {processor.py:925} INFO - DAG(s) 'snowflake_hook' retrieved from /opt/airflow/dags/snowflake_hook.py
[2025-04-25T00:28:07.000+0000] {logging_mixin.py:190} INFO - [2025-04-25T00:28:07.000+0000] {dag.py:3239} INFO - Sync 1 DAGs
[2025-04-25T00:28:07.016+0000] {logging_mixin.py:190} INFO - [2025-04-25T00:28:07.016+0000] {dag.py:4180} INFO - Setting next_dagrun for snowflake_hook to None, run_after=None
[2025-04-25T00:28:07.030+0000] {processor.py:208} INFO - Processing /opt/airflow/dags/snowflake_hook.py took 0.073 seconds
[2025-04-25T00:28:37.302+0000] {processor.py:186} INFO - Started process (PID=23395) to work on /opt/airflow/dags/snowflake_hook.py
[2025-04-25T00:28:37.304+0000] {processor.py:914} INFO - Processing file /opt/airflow/dags/snowflake_hook.py for tasks to queue
[2025-04-25T00:28:37.308+0000] {logging_mixin.py:190} INFO - [2025-04-25T00:28:37.308+0000] {dagbag.py:588} INFO - Filling up the DagBag from /opt/airflow/dags/snowflake_hook.py
[2025-04-25T00:28:37.319+0000] {processor.py:925} INFO - DAG(s) 'snowflake_hook' retrieved from /opt/airflow/dags/snowflake_hook.py
[2025-04-25T00:28:37.332+0000] {logging_mixin.py:190} INFO - [2025-04-25T00:28:37.332+0000] {dag.py:3239} INFO - Sync 1 DAGs
[2025-04-25T00:28:37.345+0000] {logging_mixin.py:190} INFO - [2025-04-25T00:28:37.345+0000] {dag.py:4180} INFO - Setting next_dagrun for snowflake_hook to None, run_after=None
[2025-04-25T00:28:37.357+0000] {processor.py:208} INFO - Processing /opt/airflow/dags/snowflake_hook.py took 0.058 seconds
[2025-04-25T00:29:07.629+0000] {processor.py:186} INFO - Started process (PID=23416) to work on /opt/airflow/dags/snowflake_hook.py
[2025-04-25T00:29:07.630+0000] {processor.py:914} INFO - Processing file /opt/airflow/dags/snowflake_hook.py for tasks to queue
[2025-04-25T00:29:07.633+0000] {logging_mixin.py:190} INFO - [2025-04-25T00:29:07.632+0000] {dagbag.py:588} INFO - Filling up the DagBag from /opt/airflow/dags/snowflake_hook.py
[2025-04-25T00:29:07.641+0000] {processor.py:925} INFO - DAG(s) 'snowflake_hook' retrieved from /opt/airflow/dags/snowflake_hook.py
[2025-04-25T00:29:07.654+0000] {logging_mixin.py:190} INFO - [2025-04-25T00:29:07.653+0000] {dag.py:3239} INFO - Sync 1 DAGs
[2025-04-25T00:29:07.667+0000] {logging_mixin.py:190} INFO - [2025-04-25T00:29:07.667+0000] {dag.py:4180} INFO - Setting next_dagrun for snowflake_hook to None, run_after=None
[2025-04-25T00:29:07.677+0000] {processor.py:208} INFO - Processing /opt/airflow/dags/snowflake_hook.py took 0.052 seconds
[2025-04-25T00:29:38.028+0000] {processor.py:186} INFO - Started process (PID=23437) to work on /opt/airflow/dags/snowflake_hook.py
[2025-04-25T00:29:38.030+0000] {processor.py:914} INFO - Processing file /opt/airflow/dags/snowflake_hook.py for tasks to queue
[2025-04-25T00:29:38.034+0000] {logging_mixin.py:190} INFO - [2025-04-25T00:29:38.034+0000] {dagbag.py:588} INFO - Filling up the DagBag from /opt/airflow/dags/snowflake_hook.py
[2025-04-25T00:29:38.046+0000] {processor.py:925} INFO - DAG(s) 'snowflake_hook' retrieved from /opt/airflow/dags/snowflake_hook.py
[2025-04-25T00:29:38.060+0000] {logging_mixin.py:190} INFO - [2025-04-25T00:29:38.060+0000] {dag.py:3239} INFO - Sync 1 DAGs
[2025-04-25T00:29:38.074+0000] {logging_mixin.py:190} INFO - [2025-04-25T00:29:38.074+0000] {dag.py:4180} INFO - Setting next_dagrun for snowflake_hook to None, run_after=None
[2025-04-25T00:29:38.085+0000] {processor.py:208} INFO - Processing /opt/airflow/dags/snowflake_hook.py took 0.061 seconds
[2025-04-25T00:30:08.390+0000] {processor.py:186} INFO - Started process (PID=23458) to work on /opt/airflow/dags/snowflake_hook.py
[2025-04-25T00:30:08.391+0000] {processor.py:914} INFO - Processing file /opt/airflow/dags/snowflake_hook.py for tasks to queue
[2025-04-25T00:30:08.393+0000] {logging_mixin.py:190} INFO - [2025-04-25T00:30:08.393+0000] {dagbag.py:588} INFO - Filling up the DagBag from /opt/airflow/dags/snowflake_hook.py
[2025-04-25T00:30:08.415+0000] {processor.py:925} INFO - DAG(s) 'snowflake_hook' retrieved from /opt/airflow/dags/snowflake_hook.py
[2025-04-25T00:30:08.431+0000] {logging_mixin.py:190} INFO - [2025-04-25T00:30:08.431+0000] {dag.py:3239} INFO - Sync 1 DAGs
[2025-04-25T00:30:08.445+0000] {logging_mixin.py:190} INFO - [2025-04-25T00:30:08.445+0000] {dag.py:4180} INFO - Setting next_dagrun for snowflake_hook to None, run_after=None
[2025-04-25T00:30:08.456+0000] {processor.py:208} INFO - Processing /opt/airflow/dags/snowflake_hook.py took 0.070 seconds
[2025-04-25T00:30:38.780+0000] {processor.py:186} INFO - Started process (PID=23479) to work on /opt/airflow/dags/snowflake_hook.py
[2025-04-25T00:30:38.782+0000] {processor.py:914} INFO - Processing file /opt/airflow/dags/snowflake_hook.py for tasks to queue
[2025-04-25T00:30:38.784+0000] {logging_mixin.py:190} INFO - [2025-04-25T00:30:38.784+0000] {dagbag.py:588} INFO - Filling up the DagBag from /opt/airflow/dags/snowflake_hook.py
[2025-04-25T00:30:38.811+0000] {processor.py:925} INFO - DAG(s) 'snowflake_hook' retrieved from /opt/airflow/dags/snowflake_hook.py
[2025-04-25T00:30:38.841+0000] {logging_mixin.py:190} INFO - [2025-04-25T00:30:38.840+0000] {dag.py:3239} INFO - Sync 1 DAGs
[2025-04-25T00:30:38.855+0000] {logging_mixin.py:190} INFO - [2025-04-25T00:30:38.855+0000] {dag.py:4180} INFO - Setting next_dagrun for snowflake_hook to None, run_after=None
[2025-04-25T00:30:38.867+0000] {processor.py:208} INFO - Processing /opt/airflow/dags/snowflake_hook.py took 0.092 seconds
[2025-04-25T00:31:09.168+0000] {processor.py:186} INFO - Started process (PID=23500) to work on /opt/airflow/dags/snowflake_hook.py
[2025-04-25T00:31:09.170+0000] {processor.py:914} INFO - Processing file /opt/airflow/dags/snowflake_hook.py for tasks to queue
[2025-04-25T00:31:09.172+0000] {logging_mixin.py:190} INFO - [2025-04-25T00:31:09.171+0000] {dagbag.py:588} INFO - Filling up the DagBag from /opt/airflow/dags/snowflake_hook.py
[2025-04-25T00:31:09.190+0000] {processor.py:925} INFO - DAG(s) 'snowflake_hook' retrieved from /opt/airflow/dags/snowflake_hook.py
[2025-04-25T00:31:09.204+0000] {logging_mixin.py:190} INFO - [2025-04-25T00:31:09.204+0000] {dag.py:3239} INFO - Sync 1 DAGs
[2025-04-25T00:31:09.221+0000] {logging_mixin.py:190} INFO - [2025-04-25T00:31:09.221+0000] {dag.py:4180} INFO - Setting next_dagrun for snowflake_hook to None, run_after=None
[2025-04-25T00:31:09.242+0000] {processor.py:208} INFO - Processing /opt/airflow/dags/snowflake_hook.py took 0.080 seconds
[2025-04-25T00:31:39.524+0000] {processor.py:186} INFO - Started process (PID=23521) to work on /opt/airflow/dags/snowflake_hook.py
[2025-04-25T00:31:39.526+0000] {processor.py:914} INFO - Processing file /opt/airflow/dags/snowflake_hook.py for tasks to queue
[2025-04-25T00:31:39.528+0000] {logging_mixin.py:190} INFO - [2025-04-25T00:31:39.528+0000] {dagbag.py:588} INFO - Filling up the DagBag from /opt/airflow/dags/snowflake_hook.py
[2025-04-25T00:31:39.553+0000] {processor.py:925} INFO - DAG(s) 'snowflake_hook' retrieved from /opt/airflow/dags/snowflake_hook.py
[2025-04-25T00:31:39.566+0000] {logging_mixin.py:190} INFO - [2025-04-25T00:31:39.566+0000] {dag.py:3239} INFO - Sync 1 DAGs
[2025-04-25T00:31:39.579+0000] {logging_mixin.py:190} INFO - [2025-04-25T00:31:39.579+0000] {dag.py:4180} INFO - Setting next_dagrun for snowflake_hook to None, run_after=None
[2025-04-25T00:31:39.591+0000] {processor.py:208} INFO - Processing /opt/airflow/dags/snowflake_hook.py took 0.071 seconds
[2025-04-25T00:32:09.889+0000] {processor.py:186} INFO - Started process (PID=23542) to work on /opt/airflow/dags/snowflake_hook.py
[2025-04-25T00:32:09.889+0000] {processor.py:914} INFO - Processing file /opt/airflow/dags/snowflake_hook.py for tasks to queue
[2025-04-25T00:32:09.892+0000] {logging_mixin.py:190} INFO - [2025-04-25T00:32:09.892+0000] {dagbag.py:588} INFO - Filling up the DagBag from /opt/airflow/dags/snowflake_hook.py
[2025-04-25T00:32:09.904+0000] {processor.py:925} INFO - DAG(s) 'snowflake_hook' retrieved from /opt/airflow/dags/snowflake_hook.py
[2025-04-25T00:32:09.919+0000] {logging_mixin.py:190} INFO - [2025-04-25T00:32:09.919+0000] {dag.py:3239} INFO - Sync 1 DAGs
[2025-04-25T00:32:09.931+0000] {logging_mixin.py:190} INFO - [2025-04-25T00:32:09.931+0000] {dag.py:4180} INFO - Setting next_dagrun for snowflake_hook to None, run_after=None
[2025-04-25T00:32:09.942+0000] {processor.py:208} INFO - Processing /opt/airflow/dags/snowflake_hook.py took 0.057 seconds
[2025-04-25T00:32:40.231+0000] {processor.py:186} INFO - Started process (PID=23563) to work on /opt/airflow/dags/snowflake_hook.py
[2025-04-25T00:32:40.232+0000] {processor.py:914} INFO - Processing file /opt/airflow/dags/snowflake_hook.py for tasks to queue
[2025-04-25T00:32:40.235+0000] {logging_mixin.py:190} INFO - [2025-04-25T00:32:40.235+0000] {dagbag.py:588} INFO - Filling up the DagBag from /opt/airflow/dags/snowflake_hook.py
[2025-04-25T00:32:40.243+0000] {processor.py:925} INFO - DAG(s) 'snowflake_hook' retrieved from /opt/airflow/dags/snowflake_hook.py
[2025-04-25T00:32:40.259+0000] {logging_mixin.py:190} INFO - [2025-04-25T00:32:40.258+0000] {dag.py:3239} INFO - Sync 1 DAGs
[2025-04-25T00:32:40.273+0000] {logging_mixin.py:190} INFO - [2025-04-25T00:32:40.273+0000] {dag.py:4180} INFO - Setting next_dagrun for snowflake_hook to None, run_after=None
[2025-04-25T00:32:40.283+0000] {processor.py:208} INFO - Processing /opt/airflow/dags/snowflake_hook.py took 0.056 seconds
[2025-04-25T00:33:10.546+0000] {processor.py:186} INFO - Started process (PID=23584) to work on /opt/airflow/dags/snowflake_hook.py
[2025-04-25T00:33:10.547+0000] {processor.py:914} INFO - Processing file /opt/airflow/dags/snowflake_hook.py for tasks to queue
[2025-04-25T00:33:10.549+0000] {logging_mixin.py:190} INFO - [2025-04-25T00:33:10.549+0000] {dagbag.py:588} INFO - Filling up the DagBag from /opt/airflow/dags/snowflake_hook.py
[2025-04-25T00:33:10.559+0000] {processor.py:925} INFO - DAG(s) 'snowflake_hook' retrieved from /opt/airflow/dags/snowflake_hook.py
[2025-04-25T00:33:10.572+0000] {logging_mixin.py:190} INFO - [2025-04-25T00:33:10.572+0000] {dag.py:3239} INFO - Sync 1 DAGs
[2025-04-25T00:33:10.585+0000] {logging_mixin.py:190} INFO - [2025-04-25T00:33:10.584+0000] {dag.py:4180} INFO - Setting next_dagrun for snowflake_hook to None, run_after=None
[2025-04-25T00:33:10.596+0000] {processor.py:208} INFO - Processing /opt/airflow/dags/snowflake_hook.py took 0.057 seconds
[2025-04-25T00:33:40.866+0000] {processor.py:186} INFO - Started process (PID=23605) to work on /opt/airflow/dags/snowflake_hook.py
[2025-04-25T00:33:40.867+0000] {processor.py:914} INFO - Processing file /opt/airflow/dags/snowflake_hook.py for tasks to queue
[2025-04-25T00:33:40.869+0000] {logging_mixin.py:190} INFO - [2025-04-25T00:33:40.868+0000] {dagbag.py:588} INFO - Filling up the DagBag from /opt/airflow/dags/snowflake_hook.py
[2025-04-25T00:33:40.879+0000] {processor.py:925} INFO - DAG(s) 'snowflake_hook' retrieved from /opt/airflow/dags/snowflake_hook.py
[2025-04-25T00:33:40.893+0000] {logging_mixin.py:190} INFO - [2025-04-25T00:33:40.892+0000] {dag.py:3239} INFO - Sync 1 DAGs
[2025-04-25T00:33:40.907+0000] {logging_mixin.py:190} INFO - [2025-04-25T00:33:40.907+0000] {dag.py:4180} INFO - Setting next_dagrun for snowflake_hook to None, run_after=None
[2025-04-25T00:33:40.917+0000] {processor.py:208} INFO - Processing /opt/airflow/dags/snowflake_hook.py took 0.054 seconds
[2025-04-25T00:34:11.167+0000] {processor.py:186} INFO - Started process (PID=23626) to work on /opt/airflow/dags/snowflake_hook.py
[2025-04-25T00:34:11.168+0000] {processor.py:914} INFO - Processing file /opt/airflow/dags/snowflake_hook.py for tasks to queue
[2025-04-25T00:34:11.170+0000] {logging_mixin.py:190} INFO - [2025-04-25T00:34:11.170+0000] {dagbag.py:588} INFO - Filling up the DagBag from /opt/airflow/dags/snowflake_hook.py
[2025-04-25T00:34:11.182+0000] {processor.py:925} INFO - DAG(s) 'snowflake_hook' retrieved from /opt/airflow/dags/snowflake_hook.py
[2025-04-25T00:34:11.199+0000] {logging_mixin.py:190} INFO - [2025-04-25T00:34:11.198+0000] {dag.py:3239} INFO - Sync 1 DAGs
[2025-04-25T00:34:11.213+0000] {logging_mixin.py:190} INFO - [2025-04-25T00:34:11.213+0000] {dag.py:4180} INFO - Setting next_dagrun for snowflake_hook to None, run_after=None
[2025-04-25T00:34:11.226+0000] {processor.py:208} INFO - Processing /opt/airflow/dags/snowflake_hook.py took 0.062 seconds
[2025-04-25T00:34:41.557+0000] {processor.py:186} INFO - Started process (PID=23647) to work on /opt/airflow/dags/snowflake_hook.py
[2025-04-25T00:34:41.558+0000] {processor.py:914} INFO - Processing file /opt/airflow/dags/snowflake_hook.py for tasks to queue
[2025-04-25T00:34:41.560+0000] {logging_mixin.py:190} INFO - [2025-04-25T00:34:41.560+0000] {dagbag.py:588} INFO - Filling up the DagBag from /opt/airflow/dags/snowflake_hook.py
[2025-04-25T00:34:41.570+0000] {processor.py:925} INFO - DAG(s) 'snowflake_hook' retrieved from /opt/airflow/dags/snowflake_hook.py
[2025-04-25T00:34:41.582+0000] {logging_mixin.py:190} INFO - [2025-04-25T00:34:41.582+0000] {dag.py:3239} INFO - Sync 1 DAGs
[2025-04-25T00:34:41.595+0000] {logging_mixin.py:190} INFO - [2025-04-25T00:34:41.594+0000] {dag.py:4180} INFO - Setting next_dagrun for snowflake_hook to None, run_after=None
[2025-04-25T00:34:41.605+0000] {processor.py:208} INFO - Processing /opt/airflow/dags/snowflake_hook.py took 0.051 seconds
[2025-04-25T00:35:11.877+0000] {processor.py:186} INFO - Started process (PID=23668) to work on /opt/airflow/dags/snowflake_hook.py
[2025-04-25T00:35:11.878+0000] {processor.py:914} INFO - Processing file /opt/airflow/dags/snowflake_hook.py for tasks to queue
[2025-04-25T00:35:11.880+0000] {logging_mixin.py:190} INFO - [2025-04-25T00:35:11.879+0000] {dagbag.py:588} INFO - Filling up the DagBag from /opt/airflow/dags/snowflake_hook.py
[2025-04-25T00:35:11.896+0000] {processor.py:925} INFO - DAG(s) 'snowflake_hook' retrieved from /opt/airflow/dags/snowflake_hook.py
[2025-04-25T00:35:11.914+0000] {logging_mixin.py:190} INFO - [2025-04-25T00:35:11.913+0000] {dag.py:3239} INFO - Sync 1 DAGs
[2025-04-25T00:35:11.927+0000] {logging_mixin.py:190} INFO - [2025-04-25T00:35:11.927+0000] {dag.py:4180} INFO - Setting next_dagrun for snowflake_hook to None, run_after=None
[2025-04-25T00:35:11.938+0000] {processor.py:208} INFO - Processing /opt/airflow/dags/snowflake_hook.py took 0.064 seconds
[2025-04-25T00:35:42.232+0000] {processor.py:186} INFO - Started process (PID=23689) to work on /opt/airflow/dags/snowflake_hook.py
[2025-04-25T00:35:42.233+0000] {processor.py:914} INFO - Processing file /opt/airflow/dags/snowflake_hook.py for tasks to queue
[2025-04-25T00:35:42.235+0000] {logging_mixin.py:190} INFO - [2025-04-25T00:35:42.235+0000] {dagbag.py:588} INFO - Filling up the DagBag from /opt/airflow/dags/snowflake_hook.py
[2025-04-25T00:35:42.245+0000] {processor.py:925} INFO - DAG(s) 'snowflake_hook' retrieved from /opt/airflow/dags/snowflake_hook.py
[2025-04-25T00:35:42.257+0000] {logging_mixin.py:190} INFO - [2025-04-25T00:35:42.257+0000] {dag.py:3239} INFO - Sync 1 DAGs
[2025-04-25T00:35:42.270+0000] {logging_mixin.py:190} INFO - [2025-04-25T00:35:42.270+0000] {dag.py:4180} INFO - Setting next_dagrun for snowflake_hook to None, run_after=None
[2025-04-25T00:35:42.279+0000] {processor.py:208} INFO - Processing /opt/airflow/dags/snowflake_hook.py took 0.051 seconds
[2025-04-25T00:36:12.578+0000] {processor.py:186} INFO - Started process (PID=23710) to work on /opt/airflow/dags/snowflake_hook.py
[2025-04-25T00:36:12.579+0000] {processor.py:914} INFO - Processing file /opt/airflow/dags/snowflake_hook.py for tasks to queue
[2025-04-25T00:36:12.582+0000] {logging_mixin.py:190} INFO - [2025-04-25T00:36:12.582+0000] {dagbag.py:588} INFO - Filling up the DagBag from /opt/airflow/dags/snowflake_hook.py
[2025-04-25T00:36:12.609+0000] {processor.py:925} INFO - DAG(s) 'snowflake_hook' retrieved from /opt/airflow/dags/snowflake_hook.py
[2025-04-25T00:36:12.624+0000] {logging_mixin.py:190} INFO - [2025-04-25T00:36:12.623+0000] {dag.py:3239} INFO - Sync 1 DAGs
[2025-04-25T00:36:12.639+0000] {logging_mixin.py:190} INFO - [2025-04-25T00:36:12.639+0000] {dag.py:4180} INFO - Setting next_dagrun for snowflake_hook to None, run_after=None
[2025-04-25T00:36:12.652+0000] {processor.py:208} INFO - Processing /opt/airflow/dags/snowflake_hook.py took 0.079 seconds
[2025-04-25T00:36:42.908+0000] {processor.py:186} INFO - Started process (PID=23731) to work on /opt/airflow/dags/snowflake_hook.py
[2025-04-25T00:36:42.909+0000] {processor.py:914} INFO - Processing file /opt/airflow/dags/snowflake_hook.py for tasks to queue
[2025-04-25T00:36:42.914+0000] {logging_mixin.py:190} INFO - [2025-04-25T00:36:42.914+0000] {dagbag.py:588} INFO - Filling up the DagBag from /opt/airflow/dags/snowflake_hook.py
[2025-04-25T00:36:42.923+0000] {processor.py:925} INFO - DAG(s) 'snowflake_hook' retrieved from /opt/airflow/dags/snowflake_hook.py
[2025-04-25T00:36:42.937+0000] {logging_mixin.py:190} INFO - [2025-04-25T00:36:42.937+0000] {dag.py:3239} INFO - Sync 1 DAGs
[2025-04-25T00:36:42.951+0000] {logging_mixin.py:190} INFO - [2025-04-25T00:36:42.951+0000] {dag.py:4180} INFO - Setting next_dagrun for snowflake_hook to None, run_after=None
[2025-04-25T00:36:42.960+0000] {processor.py:208} INFO - Processing /opt/airflow/dags/snowflake_hook.py took 0.055 seconds
[2025-04-25T00:37:13.255+0000] {processor.py:186} INFO - Started process (PID=23752) to work on /opt/airflow/dags/snowflake_hook.py
[2025-04-25T00:37:13.256+0000] {processor.py:914} INFO - Processing file /opt/airflow/dags/snowflake_hook.py for tasks to queue
[2025-04-25T00:37:13.259+0000] {logging_mixin.py:190} INFO - [2025-04-25T00:37:13.259+0000] {dagbag.py:588} INFO - Filling up the DagBag from /opt/airflow/dags/snowflake_hook.py
[2025-04-25T00:37:13.281+0000] {processor.py:925} INFO - DAG(s) 'snowflake_hook' retrieved from /opt/airflow/dags/snowflake_hook.py
[2025-04-25T00:37:13.296+0000] {logging_mixin.py:190} INFO - [2025-04-25T00:37:13.295+0000] {dag.py:3239} INFO - Sync 1 DAGs
[2025-04-25T00:37:13.310+0000] {logging_mixin.py:190} INFO - [2025-04-25T00:37:13.310+0000] {dag.py:4180} INFO - Setting next_dagrun for snowflake_hook to None, run_after=None
[2025-04-25T00:37:13.321+0000] {processor.py:208} INFO - Processing /opt/airflow/dags/snowflake_hook.py took 0.069 seconds
[2025-04-25T00:37:43.608+0000] {processor.py:186} INFO - Started process (PID=23773) to work on /opt/airflow/dags/snowflake_hook.py
[2025-04-25T00:37:43.609+0000] {processor.py:914} INFO - Processing file /opt/airflow/dags/snowflake_hook.py for tasks to queue
[2025-04-25T00:37:43.616+0000] {logging_mixin.py:190} INFO - [2025-04-25T00:37:43.616+0000] {dagbag.py:588} INFO - Filling up the DagBag from /opt/airflow/dags/snowflake_hook.py
[2025-04-25T00:37:43.643+0000] {processor.py:925} INFO - DAG(s) 'snowflake_hook' retrieved from /opt/airflow/dags/snowflake_hook.py
[2025-04-25T00:37:43.660+0000] {logging_mixin.py:190} INFO - [2025-04-25T00:37:43.660+0000] {dag.py:3239} INFO - Sync 1 DAGs
[2025-04-25T00:37:43.675+0000] {logging_mixin.py:190} INFO - [2025-04-25T00:37:43.675+0000] {dag.py:4180} INFO - Setting next_dagrun for snowflake_hook to None, run_after=None
[2025-04-25T00:37:43.688+0000] {processor.py:208} INFO - Processing /opt/airflow/dags/snowflake_hook.py took 0.084 seconds
[2025-04-25T00:38:13.912+0000] {processor.py:186} INFO - Started process (PID=23794) to work on /opt/airflow/dags/snowflake_hook.py
[2025-04-25T00:38:13.914+0000] {processor.py:914} INFO - Processing file /opt/airflow/dags/snowflake_hook.py for tasks to queue
[2025-04-25T00:38:13.916+0000] {logging_mixin.py:190} INFO - [2025-04-25T00:38:13.915+0000] {dagbag.py:588} INFO - Filling up the DagBag from /opt/airflow/dags/snowflake_hook.py
[2025-04-25T00:38:13.928+0000] {processor.py:925} INFO - DAG(s) 'snowflake_hook' retrieved from /opt/airflow/dags/snowflake_hook.py
[2025-04-25T00:38:13.945+0000] {logging_mixin.py:190} INFO - [2025-04-25T00:38:13.945+0000] {dag.py:3239} INFO - Sync 1 DAGs
[2025-04-25T00:38:13.958+0000] {logging_mixin.py:190} INFO - [2025-04-25T00:38:13.958+0000] {dag.py:4180} INFO - Setting next_dagrun for snowflake_hook to None, run_after=None
[2025-04-25T00:38:13.970+0000] {processor.py:208} INFO - Processing /opt/airflow/dags/snowflake_hook.py took 0.061 seconds
[2025-04-25T00:38:44.255+0000] {processor.py:186} INFO - Started process (PID=23815) to work on /opt/airflow/dags/snowflake_hook.py
[2025-04-25T00:38:44.256+0000] {processor.py:914} INFO - Processing file /opt/airflow/dags/snowflake_hook.py for tasks to queue
[2025-04-25T00:38:44.258+0000] {logging_mixin.py:190} INFO - [2025-04-25T00:38:44.258+0000] {dagbag.py:588} INFO - Filling up the DagBag from /opt/airflow/dags/snowflake_hook.py
[2025-04-25T00:38:44.268+0000] {processor.py:925} INFO - DAG(s) 'snowflake_hook' retrieved from /opt/airflow/dags/snowflake_hook.py
[2025-04-25T00:38:44.283+0000] {logging_mixin.py:190} INFO - [2025-04-25T00:38:44.282+0000] {dag.py:3239} INFO - Sync 1 DAGs
[2025-04-25T00:38:44.296+0000] {logging_mixin.py:190} INFO - [2025-04-25T00:38:44.296+0000] {dag.py:4180} INFO - Setting next_dagrun for snowflake_hook to None, run_after=None
[2025-04-25T00:38:44.307+0000] {processor.py:208} INFO - Processing /opt/airflow/dags/snowflake_hook.py took 0.056 seconds
[2025-04-25T00:39:14.651+0000] {processor.py:186} INFO - Started process (PID=23836) to work on /opt/airflow/dags/snowflake_hook.py
[2025-04-25T00:39:14.653+0000] {processor.py:914} INFO - Processing file /opt/airflow/dags/snowflake_hook.py for tasks to queue
[2025-04-25T00:39:14.655+0000] {logging_mixin.py:190} INFO - [2025-04-25T00:39:14.655+0000] {dagbag.py:588} INFO - Filling up the DagBag from /opt/airflow/dags/snowflake_hook.py
[2025-04-25T00:39:14.695+0000] {processor.py:925} INFO - DAG(s) 'snowflake_hook' retrieved from /opt/airflow/dags/snowflake_hook.py
[2025-04-25T00:39:14.715+0000] {logging_mixin.py:190} INFO - [2025-04-25T00:39:14.715+0000] {dag.py:3239} INFO - Sync 1 DAGs
[2025-04-25T00:39:14.729+0000] {logging_mixin.py:190} INFO - [2025-04-25T00:39:14.729+0000] {dag.py:4180} INFO - Setting next_dagrun for snowflake_hook to None, run_after=None
[2025-04-25T00:39:14.741+0000] {processor.py:208} INFO - Processing /opt/airflow/dags/snowflake_hook.py took 0.094 seconds
[2025-04-25T00:39:45.082+0000] {processor.py:186} INFO - Started process (PID=23857) to work on /opt/airflow/dags/snowflake_hook.py
[2025-04-25T00:39:45.083+0000] {processor.py:914} INFO - Processing file /opt/airflow/dags/snowflake_hook.py for tasks to queue
[2025-04-25T00:39:45.086+0000] {logging_mixin.py:190} INFO - [2025-04-25T00:39:45.086+0000] {dagbag.py:588} INFO - Filling up the DagBag from /opt/airflow/dags/snowflake_hook.py
[2025-04-25T00:39:45.097+0000] {processor.py:925} INFO - DAG(s) 'snowflake_hook' retrieved from /opt/airflow/dags/snowflake_hook.py
[2025-04-25T00:39:45.110+0000] {logging_mixin.py:190} INFO - [2025-04-25T00:39:45.109+0000] {dag.py:3239} INFO - Sync 1 DAGs
[2025-04-25T00:39:45.121+0000] {logging_mixin.py:190} INFO - [2025-04-25T00:39:45.121+0000] {dag.py:4180} INFO - Setting next_dagrun for snowflake_hook to None, run_after=None
[2025-04-25T00:39:45.131+0000] {processor.py:208} INFO - Processing /opt/airflow/dags/snowflake_hook.py took 0.052 seconds
[2025-04-25T00:40:15.397+0000] {processor.py:186} INFO - Started process (PID=23878) to work on /opt/airflow/dags/snowflake_hook.py
[2025-04-25T00:40:15.398+0000] {processor.py:914} INFO - Processing file /opt/airflow/dags/snowflake_hook.py for tasks to queue
[2025-04-25T00:40:15.400+0000] {logging_mixin.py:190} INFO - [2025-04-25T00:40:15.399+0000] {dagbag.py:588} INFO - Filling up the DagBag from /opt/airflow/dags/snowflake_hook.py
[2025-04-25T00:40:15.419+0000] {processor.py:925} INFO - DAG(s) 'snowflake_hook' retrieved from /opt/airflow/dags/snowflake_hook.py
[2025-04-25T00:40:15.435+0000] {logging_mixin.py:190} INFO - [2025-04-25T00:40:15.435+0000] {dag.py:3239} INFO - Sync 1 DAGs
[2025-04-25T00:40:15.451+0000] {logging_mixin.py:190} INFO - [2025-04-25T00:40:15.450+0000] {dag.py:4180} INFO - Setting next_dagrun for snowflake_hook to None, run_after=None
[2025-04-25T00:40:15.467+0000] {processor.py:208} INFO - Processing /opt/airflow/dags/snowflake_hook.py took 0.074 seconds
[2025-04-25T00:40:45.787+0000] {processor.py:186} INFO - Started process (PID=23899) to work on /opt/airflow/dags/snowflake_hook.py
[2025-04-25T00:40:45.788+0000] {processor.py:914} INFO - Processing file /opt/airflow/dags/snowflake_hook.py for tasks to queue
[2025-04-25T00:40:45.793+0000] {logging_mixin.py:190} INFO - [2025-04-25T00:40:45.793+0000] {dagbag.py:588} INFO - Filling up the DagBag from /opt/airflow/dags/snowflake_hook.py
[2025-04-25T00:40:45.806+0000] {processor.py:925} INFO - DAG(s) 'snowflake_hook' retrieved from /opt/airflow/dags/snowflake_hook.py
[2025-04-25T00:40:45.820+0000] {logging_mixin.py:190} INFO - [2025-04-25T00:40:45.820+0000] {dag.py:3239} INFO - Sync 1 DAGs
[2025-04-25T00:40:45.833+0000] {logging_mixin.py:190} INFO - [2025-04-25T00:40:45.833+0000] {dag.py:4180} INFO - Setting next_dagrun for snowflake_hook to None, run_after=None
[2025-04-25T00:40:45.846+0000] {processor.py:208} INFO - Processing /opt/airflow/dags/snowflake_hook.py took 0.066 seconds
[2025-04-25T00:41:16.143+0000] {processor.py:186} INFO - Started process (PID=23920) to work on /opt/airflow/dags/snowflake_hook.py
[2025-04-25T00:41:16.144+0000] {processor.py:914} INFO - Processing file /opt/airflow/dags/snowflake_hook.py for tasks to queue
[2025-04-25T00:41:16.146+0000] {logging_mixin.py:190} INFO - [2025-04-25T00:41:16.145+0000] {dagbag.py:588} INFO - Filling up the DagBag from /opt/airflow/dags/snowflake_hook.py
[2025-04-25T00:41:16.156+0000] {processor.py:925} INFO - DAG(s) 'snowflake_hook' retrieved from /opt/airflow/dags/snowflake_hook.py
[2025-04-25T00:41:16.172+0000] {logging_mixin.py:190} INFO - [2025-04-25T00:41:16.171+0000] {dag.py:3239} INFO - Sync 1 DAGs
[2025-04-25T00:41:16.188+0000] {logging_mixin.py:190} INFO - [2025-04-25T00:41:16.188+0000] {dag.py:4180} INFO - Setting next_dagrun for snowflake_hook to None, run_after=None
[2025-04-25T00:41:16.201+0000] {processor.py:208} INFO - Processing /opt/airflow/dags/snowflake_hook.py took 0.062 seconds
[2025-04-25T00:41:46.444+0000] {processor.py:186} INFO - Started process (PID=23941) to work on /opt/airflow/dags/snowflake_hook.py
[2025-04-25T00:41:46.445+0000] {processor.py:914} INFO - Processing file /opt/airflow/dags/snowflake_hook.py for tasks to queue
[2025-04-25T00:41:46.447+0000] {logging_mixin.py:190} INFO - [2025-04-25T00:41:46.447+0000] {dagbag.py:588} INFO - Filling up the DagBag from /opt/airflow/dags/snowflake_hook.py
[2025-04-25T00:41:46.466+0000] {processor.py:925} INFO - DAG(s) 'snowflake_hook' retrieved from /opt/airflow/dags/snowflake_hook.py
[2025-04-25T00:41:46.484+0000] {logging_mixin.py:190} INFO - [2025-04-25T00:41:46.483+0000] {dag.py:3239} INFO - Sync 1 DAGs
[2025-04-25T00:41:46.497+0000] {logging_mixin.py:190} INFO - [2025-04-25T00:41:46.497+0000] {dag.py:4180} INFO - Setting next_dagrun for snowflake_hook to None, run_after=None
[2025-04-25T00:41:46.508+0000] {processor.py:208} INFO - Processing /opt/airflow/dags/snowflake_hook.py took 0.069 seconds
[2025-04-25T00:42:16.779+0000] {processor.py:186} INFO - Started process (PID=23962) to work on /opt/airflow/dags/snowflake_hook.py
[2025-04-25T00:42:16.781+0000] {processor.py:914} INFO - Processing file /opt/airflow/dags/snowflake_hook.py for tasks to queue
[2025-04-25T00:42:16.784+0000] {logging_mixin.py:190} INFO - [2025-04-25T00:42:16.784+0000] {dagbag.py:588} INFO - Filling up the DagBag from /opt/airflow/dags/snowflake_hook.py
[2025-04-25T00:42:16.810+0000] {processor.py:925} INFO - DAG(s) 'snowflake_hook' retrieved from /opt/airflow/dags/snowflake_hook.py
[2025-04-25T00:42:16.823+0000] {logging_mixin.py:190} INFO - [2025-04-25T00:42:16.823+0000] {dag.py:3239} INFO - Sync 1 DAGs
[2025-04-25T00:42:16.837+0000] {logging_mixin.py:190} INFO - [2025-04-25T00:42:16.836+0000] {dag.py:4180} INFO - Setting next_dagrun for snowflake_hook to None, run_after=None
[2025-04-25T00:42:16.853+0000] {processor.py:208} INFO - Processing /opt/airflow/dags/snowflake_hook.py took 0.078 seconds
[2025-04-25T00:42:47.127+0000] {processor.py:186} INFO - Started process (PID=23983) to work on /opt/airflow/dags/snowflake_hook.py
[2025-04-25T00:42:47.129+0000] {processor.py:914} INFO - Processing file /opt/airflow/dags/snowflake_hook.py for tasks to queue
[2025-04-25T00:42:47.131+0000] {logging_mixin.py:190} INFO - [2025-04-25T00:42:47.131+0000] {dagbag.py:588} INFO - Filling up the DagBag from /opt/airflow/dags/snowflake_hook.py
[2025-04-25T00:42:47.141+0000] {processor.py:925} INFO - DAG(s) 'snowflake_hook' retrieved from /opt/airflow/dags/snowflake_hook.py
[2025-04-25T00:42:47.156+0000] {logging_mixin.py:190} INFO - [2025-04-25T00:42:47.156+0000] {dag.py:3239} INFO - Sync 1 DAGs
[2025-04-25T00:42:47.174+0000] {logging_mixin.py:190} INFO - [2025-04-25T00:42:47.174+0000] {dag.py:4180} INFO - Setting next_dagrun for snowflake_hook to None, run_after=None
[2025-04-25T00:42:47.184+0000] {processor.py:208} INFO - Processing /opt/airflow/dags/snowflake_hook.py took 0.061 seconds
[2025-04-25T00:43:17.442+0000] {processor.py:186} INFO - Started process (PID=24004) to work on /opt/airflow/dags/snowflake_hook.py
[2025-04-25T00:43:17.443+0000] {processor.py:914} INFO - Processing file /opt/airflow/dags/snowflake_hook.py for tasks to queue
[2025-04-25T00:43:17.445+0000] {logging_mixin.py:190} INFO - [2025-04-25T00:43:17.445+0000] {dagbag.py:588} INFO - Filling up the DagBag from /opt/airflow/dags/snowflake_hook.py
[2025-04-25T00:43:17.456+0000] {processor.py:925} INFO - DAG(s) 'snowflake_hook' retrieved from /opt/airflow/dags/snowflake_hook.py
[2025-04-25T00:43:17.470+0000] {logging_mixin.py:190} INFO - [2025-04-25T00:43:17.469+0000] {dag.py:3239} INFO - Sync 1 DAGs
[2025-04-25T00:43:17.486+0000] {logging_mixin.py:190} INFO - [2025-04-25T00:43:17.485+0000] {dag.py:4180} INFO - Setting next_dagrun for snowflake_hook to None, run_after=None
[2025-04-25T00:43:17.496+0000] {processor.py:208} INFO - Processing /opt/airflow/dags/snowflake_hook.py took 0.058 seconds
[2025-04-25T00:43:47.765+0000] {processor.py:186} INFO - Started process (PID=24025) to work on /opt/airflow/dags/snowflake_hook.py
[2025-04-25T00:43:47.766+0000] {processor.py:914} INFO - Processing file /opt/airflow/dags/snowflake_hook.py for tasks to queue
[2025-04-25T00:43:47.768+0000] {logging_mixin.py:190} INFO - [2025-04-25T00:43:47.767+0000] {dagbag.py:588} INFO - Filling up the DagBag from /opt/airflow/dags/snowflake_hook.py
[2025-04-25T00:43:47.777+0000] {processor.py:925} INFO - DAG(s) 'snowflake_hook' retrieved from /opt/airflow/dags/snowflake_hook.py
[2025-04-25T00:43:47.791+0000] {logging_mixin.py:190} INFO - [2025-04-25T00:43:47.791+0000] {dag.py:3239} INFO - Sync 1 DAGs
[2025-04-25T00:43:47.804+0000] {logging_mixin.py:190} INFO - [2025-04-25T00:43:47.803+0000] {dag.py:4180} INFO - Setting next_dagrun for snowflake_hook to None, run_after=None
[2025-04-25T00:43:47.815+0000] {processor.py:208} INFO - Processing /opt/airflow/dags/snowflake_hook.py took 0.054 seconds
[2025-04-25T00:44:18.101+0000] {processor.py:186} INFO - Started process (PID=24046) to work on /opt/airflow/dags/snowflake_hook.py
[2025-04-25T00:44:18.102+0000] {processor.py:914} INFO - Processing file /opt/airflow/dags/snowflake_hook.py for tasks to queue
[2025-04-25T00:44:18.105+0000] {logging_mixin.py:190} INFO - [2025-04-25T00:44:18.104+0000] {dagbag.py:588} INFO - Filling up the DagBag from /opt/airflow/dags/snowflake_hook.py
[2025-04-25T00:44:18.118+0000] {processor.py:925} INFO - DAG(s) 'snowflake_hook' retrieved from /opt/airflow/dags/snowflake_hook.py
[2025-04-25T00:44:18.133+0000] {logging_mixin.py:190} INFO - [2025-04-25T00:44:18.132+0000] {dag.py:3239} INFO - Sync 1 DAGs
[2025-04-25T00:44:18.145+0000] {logging_mixin.py:190} INFO - [2025-04-25T00:44:18.145+0000] {dag.py:4180} INFO - Setting next_dagrun for snowflake_hook to None, run_after=None
[2025-04-25T00:44:18.156+0000] {processor.py:208} INFO - Processing /opt/airflow/dags/snowflake_hook.py took 0.058 seconds
[2025-04-25T00:44:48.498+0000] {processor.py:186} INFO - Started process (PID=24067) to work on /opt/airflow/dags/snowflake_hook.py
[2025-04-25T00:44:48.498+0000] {processor.py:914} INFO - Processing file /opt/airflow/dags/snowflake_hook.py for tasks to queue
[2025-04-25T00:44:48.500+0000] {logging_mixin.py:190} INFO - [2025-04-25T00:44:48.500+0000] {dagbag.py:588} INFO - Filling up the DagBag from /opt/airflow/dags/snowflake_hook.py
[2025-04-25T00:44:48.510+0000] {processor.py:925} INFO - DAG(s) 'snowflake_hook' retrieved from /opt/airflow/dags/snowflake_hook.py
[2025-04-25T00:44:48.523+0000] {logging_mixin.py:190} INFO - [2025-04-25T00:44:48.523+0000] {dag.py:3239} INFO - Sync 1 DAGs
[2025-04-25T00:44:48.542+0000] {logging_mixin.py:190} INFO - [2025-04-25T00:44:48.542+0000] {dag.py:4180} INFO - Setting next_dagrun for snowflake_hook to None, run_after=None
[2025-04-25T00:44:48.552+0000] {processor.py:208} INFO - Processing /opt/airflow/dags/snowflake_hook.py took 0.057 seconds
[2025-04-25T00:45:18.861+0000] {processor.py:186} INFO - Started process (PID=24087) to work on /opt/airflow/dags/snowflake_hook.py
[2025-04-25T00:45:18.862+0000] {processor.py:914} INFO - Processing file /opt/airflow/dags/snowflake_hook.py for tasks to queue
[2025-04-25T00:45:18.865+0000] {logging_mixin.py:190} INFO - [2025-04-25T00:45:18.864+0000] {dagbag.py:588} INFO - Filling up the DagBag from /opt/airflow/dags/snowflake_hook.py
[2025-04-25T00:45:18.877+0000] {processor.py:925} INFO - DAG(s) 'snowflake_hook' retrieved from /opt/airflow/dags/snowflake_hook.py
[2025-04-25T00:45:18.893+0000] {logging_mixin.py:190} INFO - [2025-04-25T00:45:18.893+0000] {dag.py:3239} INFO - Sync 1 DAGs
[2025-04-25T00:45:18.906+0000] {logging_mixin.py:190} INFO - [2025-04-25T00:45:18.906+0000] {dag.py:4180} INFO - Setting next_dagrun for snowflake_hook to None, run_after=None
[2025-04-25T00:45:18.916+0000] {processor.py:208} INFO - Processing /opt/airflow/dags/snowflake_hook.py took 0.060 seconds
[2025-04-25T00:45:49.233+0000] {processor.py:186} INFO - Started process (PID=24108) to work on /opt/airflow/dags/snowflake_hook.py
[2025-04-25T00:45:49.234+0000] {processor.py:914} INFO - Processing file /opt/airflow/dags/snowflake_hook.py for tasks to queue
[2025-04-25T00:45:49.237+0000] {logging_mixin.py:190} INFO - [2025-04-25T00:45:49.237+0000] {dagbag.py:588} INFO - Filling up the DagBag from /opt/airflow/dags/snowflake_hook.py
[2025-04-25T00:45:49.264+0000] {processor.py:925} INFO - DAG(s) 'snowflake_hook' retrieved from /opt/airflow/dags/snowflake_hook.py
[2025-04-25T00:45:49.277+0000] {logging_mixin.py:190} INFO - [2025-04-25T00:45:49.277+0000] {dag.py:3239} INFO - Sync 1 DAGs
[2025-04-25T00:45:49.291+0000] {logging_mixin.py:190} INFO - [2025-04-25T00:45:49.291+0000] {dag.py:4180} INFO - Setting next_dagrun for snowflake_hook to None, run_after=None
[2025-04-25T00:45:49.302+0000] {processor.py:208} INFO - Processing /opt/airflow/dags/snowflake_hook.py took 0.074 seconds
[2025-04-25T00:46:19.621+0000] {processor.py:186} INFO - Started process (PID=24129) to work on /opt/airflow/dags/snowflake_hook.py
[2025-04-25T00:46:19.622+0000] {processor.py:914} INFO - Processing file /opt/airflow/dags/snowflake_hook.py for tasks to queue
[2025-04-25T00:46:19.625+0000] {logging_mixin.py:190} INFO - [2025-04-25T00:46:19.625+0000] {dagbag.py:588} INFO - Filling up the DagBag from /opt/airflow/dags/snowflake_hook.py
[2025-04-25T00:46:19.647+0000] {processor.py:925} INFO - DAG(s) 'snowflake_hook' retrieved from /opt/airflow/dags/snowflake_hook.py
[2025-04-25T00:46:19.661+0000] {logging_mixin.py:190} INFO - [2025-04-25T00:46:19.661+0000] {dag.py:3239} INFO - Sync 1 DAGs
[2025-04-25T00:46:19.676+0000] {logging_mixin.py:190} INFO - [2025-04-25T00:46:19.676+0000] {dag.py:4180} INFO - Setting next_dagrun for snowflake_hook to None, run_after=None
[2025-04-25T00:46:19.689+0000] {processor.py:208} INFO - Processing /opt/airflow/dags/snowflake_hook.py took 0.071 seconds
[2025-04-25T00:46:49.930+0000] {processor.py:186} INFO - Started process (PID=24150) to work on /opt/airflow/dags/snowflake_hook.py
[2025-04-25T00:46:49.932+0000] {processor.py:914} INFO - Processing file /opt/airflow/dags/snowflake_hook.py for tasks to queue
[2025-04-25T00:46:49.936+0000] {logging_mixin.py:190} INFO - [2025-04-25T00:46:49.935+0000] {dagbag.py:588} INFO - Filling up the DagBag from /opt/airflow/dags/snowflake_hook.py
[2025-04-25T00:46:49.964+0000] {processor.py:925} INFO - DAG(s) 'snowflake_hook' retrieved from /opt/airflow/dags/snowflake_hook.py
[2025-04-25T00:46:49.984+0000] {logging_mixin.py:190} INFO - [2025-04-25T00:46:49.983+0000] {dag.py:3239} INFO - Sync 1 DAGs
[2025-04-25T00:46:50.004+0000] {logging_mixin.py:190} INFO - [2025-04-25T00:46:50.004+0000] {dag.py:4180} INFO - Setting next_dagrun for snowflake_hook to None, run_after=None
[2025-04-25T00:46:50.017+0000] {processor.py:208} INFO - Processing /opt/airflow/dags/snowflake_hook.py took 0.090 seconds
[2025-04-25T00:47:20.299+0000] {processor.py:186} INFO - Started process (PID=24171) to work on /opt/airflow/dags/snowflake_hook.py
[2025-04-25T00:47:20.304+0000] {processor.py:914} INFO - Processing file /opt/airflow/dags/snowflake_hook.py for tasks to queue
[2025-04-25T00:47:20.309+0000] {logging_mixin.py:190} INFO - [2025-04-25T00:47:20.308+0000] {dagbag.py:588} INFO - Filling up the DagBag from /opt/airflow/dags/snowflake_hook.py
[2025-04-25T00:47:20.335+0000] {processor.py:925} INFO - DAG(s) 'snowflake_hook' retrieved from /opt/airflow/dags/snowflake_hook.py
[2025-04-25T00:47:20.352+0000] {logging_mixin.py:190} INFO - [2025-04-25T00:47:20.352+0000] {dag.py:3239} INFO - Sync 1 DAGs
[2025-04-25T00:47:20.368+0000] {logging_mixin.py:190} INFO - [2025-04-25T00:47:20.368+0000] {dag.py:4180} INFO - Setting next_dagrun for snowflake_hook to None, run_after=None
[2025-04-25T00:47:20.382+0000] {processor.py:208} INFO - Processing /opt/airflow/dags/snowflake_hook.py took 0.089 seconds
[2025-04-25T00:47:50.624+0000] {processor.py:186} INFO - Started process (PID=24192) to work on /opt/airflow/dags/snowflake_hook.py
[2025-04-25T00:47:50.626+0000] {processor.py:914} INFO - Processing file /opt/airflow/dags/snowflake_hook.py for tasks to queue
[2025-04-25T00:47:50.631+0000] {logging_mixin.py:190} INFO - [2025-04-25T00:47:50.631+0000] {dagbag.py:588} INFO - Filling up the DagBag from /opt/airflow/dags/snowflake_hook.py
[2025-04-25T00:47:50.654+0000] {processor.py:925} INFO - DAG(s) 'snowflake_hook' retrieved from /opt/airflow/dags/snowflake_hook.py
[2025-04-25T00:47:50.670+0000] {logging_mixin.py:190} INFO - [2025-04-25T00:47:50.669+0000] {dag.py:3239} INFO - Sync 1 DAGs
[2025-04-25T00:47:50.684+0000] {logging_mixin.py:190} INFO - [2025-04-25T00:47:50.684+0000] {dag.py:4180} INFO - Setting next_dagrun for snowflake_hook to None, run_after=None
[2025-04-25T00:47:50.699+0000] {processor.py:208} INFO - Processing /opt/airflow/dags/snowflake_hook.py took 0.079 seconds
[2025-04-25T00:48:20.952+0000] {processor.py:186} INFO - Started process (PID=24213) to work on /opt/airflow/dags/snowflake_hook.py
[2025-04-25T00:48:20.953+0000] {processor.py:914} INFO - Processing file /opt/airflow/dags/snowflake_hook.py for tasks to queue
[2025-04-25T00:48:20.955+0000] {logging_mixin.py:190} INFO - [2025-04-25T00:48:20.955+0000] {dagbag.py:588} INFO - Filling up the DagBag from /opt/airflow/dags/snowflake_hook.py
[2025-04-25T00:48:20.966+0000] {processor.py:925} INFO - DAG(s) 'snowflake_hook' retrieved from /opt/airflow/dags/snowflake_hook.py
[2025-04-25T00:48:20.977+0000] {logging_mixin.py:190} INFO - [2025-04-25T00:48:20.977+0000] {dag.py:3239} INFO - Sync 1 DAGs
[2025-04-25T00:48:20.989+0000] {logging_mixin.py:190} INFO - [2025-04-25T00:48:20.989+0000] {dag.py:4180} INFO - Setting next_dagrun for snowflake_hook to None, run_after=None
[2025-04-25T00:48:21.000+0000] {processor.py:208} INFO - Processing /opt/airflow/dags/snowflake_hook.py took 0.051 seconds
[2025-04-25T00:48:51.285+0000] {processor.py:186} INFO - Started process (PID=24234) to work on /opt/airflow/dags/snowflake_hook.py
[2025-04-25T00:48:51.286+0000] {processor.py:914} INFO - Processing file /opt/airflow/dags/snowflake_hook.py for tasks to queue
[2025-04-25T00:48:51.295+0000] {logging_mixin.py:190} INFO - [2025-04-25T00:48:51.294+0000] {dagbag.py:588} INFO - Filling up the DagBag from /opt/airflow/dags/snowflake_hook.py
[2025-04-25T00:48:51.306+0000] {processor.py:925} INFO - DAG(s) 'snowflake_hook' retrieved from /opt/airflow/dags/snowflake_hook.py
[2025-04-25T00:48:51.320+0000] {logging_mixin.py:190} INFO - [2025-04-25T00:48:51.319+0000] {dag.py:3239} INFO - Sync 1 DAGs
[2025-04-25T00:48:51.334+0000] {logging_mixin.py:190} INFO - [2025-04-25T00:48:51.334+0000] {dag.py:4180} INFO - Setting next_dagrun for snowflake_hook to None, run_after=None
[2025-04-25T00:48:51.344+0000] {processor.py:208} INFO - Processing /opt/airflow/dags/snowflake_hook.py took 0.062 seconds
[2025-04-25T00:49:21.613+0000] {processor.py:186} INFO - Started process (PID=24255) to work on /opt/airflow/dags/snowflake_hook.py
[2025-04-25T00:49:21.614+0000] {processor.py:914} INFO - Processing file /opt/airflow/dags/snowflake_hook.py for tasks to queue
[2025-04-25T00:49:21.616+0000] {logging_mixin.py:190} INFO - [2025-04-25T00:49:21.616+0000] {dagbag.py:588} INFO - Filling up the DagBag from /opt/airflow/dags/snowflake_hook.py
[2025-04-25T00:49:21.628+0000] {processor.py:925} INFO - DAG(s) 'snowflake_hook' retrieved from /opt/airflow/dags/snowflake_hook.py
[2025-04-25T00:49:21.642+0000] {logging_mixin.py:190} INFO - [2025-04-25T00:49:21.642+0000] {dag.py:3239} INFO - Sync 1 DAGs
[2025-04-25T00:49:21.655+0000] {logging_mixin.py:190} INFO - [2025-04-25T00:49:21.654+0000] {dag.py:4180} INFO - Setting next_dagrun for snowflake_hook to None, run_after=None
[2025-04-25T00:49:21.665+0000] {processor.py:208} INFO - Processing /opt/airflow/dags/snowflake_hook.py took 0.055 seconds
[2025-04-25T00:49:51.958+0000] {processor.py:186} INFO - Started process (PID=24276) to work on /opt/airflow/dags/snowflake_hook.py
[2025-04-25T00:49:51.959+0000] {processor.py:914} INFO - Processing file /opt/airflow/dags/snowflake_hook.py for tasks to queue
[2025-04-25T00:49:51.962+0000] {logging_mixin.py:190} INFO - [2025-04-25T00:49:51.962+0000] {dagbag.py:588} INFO - Filling up the DagBag from /opt/airflow/dags/snowflake_hook.py
[2025-04-25T00:49:51.975+0000] {processor.py:925} INFO - DAG(s) 'snowflake_hook' retrieved from /opt/airflow/dags/snowflake_hook.py
[2025-04-25T00:49:51.988+0000] {logging_mixin.py:190} INFO - [2025-04-25T00:49:51.988+0000] {dag.py:3239} INFO - Sync 1 DAGs
[2025-04-25T00:49:52.001+0000] {logging_mixin.py:190} INFO - [2025-04-25T00:49:52.001+0000] {dag.py:4180} INFO - Setting next_dagrun for snowflake_hook to None, run_after=None
[2025-04-25T00:49:52.010+0000] {processor.py:208} INFO - Processing /opt/airflow/dags/snowflake_hook.py took 0.056 seconds
[2025-04-25T00:50:22.286+0000] {processor.py:186} INFO - Started process (PID=24297) to work on /opt/airflow/dags/snowflake_hook.py
[2025-04-25T00:50:22.287+0000] {processor.py:914} INFO - Processing file /opt/airflow/dags/snowflake_hook.py for tasks to queue
[2025-04-25T00:50:22.289+0000] {logging_mixin.py:190} INFO - [2025-04-25T00:50:22.289+0000] {dagbag.py:588} INFO - Filling up the DagBag from /opt/airflow/dags/snowflake_hook.py
[2025-04-25T00:50:22.299+0000] {processor.py:925} INFO - DAG(s) 'snowflake_hook' retrieved from /opt/airflow/dags/snowflake_hook.py
[2025-04-25T00:50:22.311+0000] {logging_mixin.py:190} INFO - [2025-04-25T00:50:22.310+0000] {dag.py:3239} INFO - Sync 1 DAGs
[2025-04-25T00:50:22.322+0000] {logging_mixin.py:190} INFO - [2025-04-25T00:50:22.322+0000] {dag.py:4180} INFO - Setting next_dagrun for snowflake_hook to None, run_after=None
[2025-04-25T00:50:22.333+0000] {processor.py:208} INFO - Processing /opt/airflow/dags/snowflake_hook.py took 0.051 seconds
[2025-04-25T00:50:52.614+0000] {processor.py:186} INFO - Started process (PID=24318) to work on /opt/airflow/dags/snowflake_hook.py
[2025-04-25T00:50:52.616+0000] {processor.py:914} INFO - Processing file /opt/airflow/dags/snowflake_hook.py for tasks to queue
[2025-04-25T00:50:52.618+0000] {logging_mixin.py:190} INFO - [2025-04-25T00:50:52.618+0000] {dagbag.py:588} INFO - Filling up the DagBag from /opt/airflow/dags/snowflake_hook.py
[2025-04-25T00:50:52.628+0000] {processor.py:925} INFO - DAG(s) 'snowflake_hook' retrieved from /opt/airflow/dags/snowflake_hook.py
[2025-04-25T00:50:52.640+0000] {logging_mixin.py:190} INFO - [2025-04-25T00:50:52.640+0000] {dag.py:3239} INFO - Sync 1 DAGs
[2025-04-25T00:50:52.653+0000] {logging_mixin.py:190} INFO - [2025-04-25T00:50:52.653+0000] {dag.py:4180} INFO - Setting next_dagrun for snowflake_hook to None, run_after=None
[2025-04-25T00:50:52.665+0000] {processor.py:208} INFO - Processing /opt/airflow/dags/snowflake_hook.py took 0.055 seconds
[2025-04-25T00:51:22.891+0000] {processor.py:186} INFO - Started process (PID=24339) to work on /opt/airflow/dags/snowflake_hook.py
[2025-04-25T00:51:22.892+0000] {processor.py:914} INFO - Processing file /opt/airflow/dags/snowflake_hook.py for tasks to queue
[2025-04-25T00:51:22.894+0000] {logging_mixin.py:190} INFO - [2025-04-25T00:51:22.894+0000] {dagbag.py:588} INFO - Filling up the DagBag from /opt/airflow/dags/snowflake_hook.py
[2025-04-25T00:51:22.923+0000] {processor.py:925} INFO - DAG(s) 'snowflake_hook' retrieved from /opt/airflow/dags/snowflake_hook.py
[2025-04-25T00:51:22.936+0000] {logging_mixin.py:190} INFO - [2025-04-25T00:51:22.936+0000] {dag.py:3239} INFO - Sync 1 DAGs
[2025-04-25T00:51:22.948+0000] {logging_mixin.py:190} INFO - [2025-04-25T00:51:22.948+0000] {dag.py:4180} INFO - Setting next_dagrun for snowflake_hook to None, run_after=None
[2025-04-25T00:51:22.959+0000] {processor.py:208} INFO - Processing /opt/airflow/dags/snowflake_hook.py took 0.071 seconds
[2025-04-25T00:51:53.200+0000] {processor.py:186} INFO - Started process (PID=24360) to work on /opt/airflow/dags/snowflake_hook.py
[2025-04-25T00:51:53.200+0000] {processor.py:914} INFO - Processing file /opt/airflow/dags/snowflake_hook.py for tasks to queue
[2025-04-25T00:51:53.202+0000] {logging_mixin.py:190} INFO - [2025-04-25T00:51:53.202+0000] {dagbag.py:588} INFO - Filling up the DagBag from /opt/airflow/dags/snowflake_hook.py
[2025-04-25T00:51:53.239+0000] {processor.py:925} INFO - DAG(s) 'snowflake_hook' retrieved from /opt/airflow/dags/snowflake_hook.py
[2025-04-25T00:51:53.256+0000] {logging_mixin.py:190} INFO - [2025-04-25T00:51:53.256+0000] {dag.py:3239} INFO - Sync 1 DAGs
[2025-04-25T00:51:53.277+0000] {logging_mixin.py:190} INFO - [2025-04-25T00:51:53.277+0000] {dag.py:4180} INFO - Setting next_dagrun for snowflake_hook to None, run_after=None
[2025-04-25T00:51:53.294+0000] {processor.py:208} INFO - Processing /opt/airflow/dags/snowflake_hook.py took 0.098 seconds
[2025-04-25T00:52:23.577+0000] {processor.py:186} INFO - Started process (PID=24387) to work on /opt/airflow/dags/snowflake_hook.py
[2025-04-25T00:52:23.584+0000] {processor.py:914} INFO - Processing file /opt/airflow/dags/snowflake_hook.py for tasks to queue
[2025-04-25T00:52:23.590+0000] {logging_mixin.py:190} INFO - [2025-04-25T00:52:23.589+0000] {dagbag.py:588} INFO - Filling up the DagBag from /opt/airflow/dags/snowflake_hook.py
[2025-04-25T00:52:23.609+0000] {processor.py:925} INFO - DAG(s) 'snowflake_hook' retrieved from /opt/airflow/dags/snowflake_hook.py
[2025-04-25T00:52:23.622+0000] {logging_mixin.py:190} INFO - [2025-04-25T00:52:23.622+0000] {dag.py:3239} INFO - Sync 1 DAGs
[2025-04-25T00:52:23.636+0000] {logging_mixin.py:190} INFO - [2025-04-25T00:52:23.636+0000] {dag.py:4180} INFO - Setting next_dagrun for snowflake_hook to None, run_after=None
[2025-04-25T00:52:23.653+0000] {processor.py:208} INFO - Processing /opt/airflow/dags/snowflake_hook.py took 0.080 seconds
[2025-04-25T00:52:53.967+0000] {processor.py:186} INFO - Started process (PID=24408) to work on /opt/airflow/dags/snowflake_hook.py
[2025-04-25T00:52:53.970+0000] {processor.py:914} INFO - Processing file /opt/airflow/dags/snowflake_hook.py for tasks to queue
[2025-04-25T00:52:53.972+0000] {logging_mixin.py:190} INFO - [2025-04-25T00:52:53.972+0000] {dagbag.py:588} INFO - Filling up the DagBag from /opt/airflow/dags/snowflake_hook.py
[2025-04-25T00:52:54.036+0000] {processor.py:925} INFO - DAG(s) 'snowflake_hook' retrieved from /opt/airflow/dags/snowflake_hook.py
[2025-04-25T00:52:54.052+0000] {logging_mixin.py:190} INFO - [2025-04-25T00:52:54.052+0000] {dag.py:3239} INFO - Sync 1 DAGs
[2025-04-25T00:52:54.070+0000] {logging_mixin.py:190} INFO - [2025-04-25T00:52:54.070+0000] {dag.py:4180} INFO - Setting next_dagrun for snowflake_hook to None, run_after=None
[2025-04-25T00:52:54.082+0000] {processor.py:208} INFO - Processing /opt/airflow/dags/snowflake_hook.py took 0.119 seconds
[2025-04-25T00:53:24.349+0000] {processor.py:186} INFO - Started process (PID=24429) to work on /opt/airflow/dags/snowflake_hook.py
[2025-04-25T00:53:24.352+0000] {processor.py:914} INFO - Processing file /opt/airflow/dags/snowflake_hook.py for tasks to queue
[2025-04-25T00:53:24.355+0000] {logging_mixin.py:190} INFO - [2025-04-25T00:53:24.355+0000] {dagbag.py:588} INFO - Filling up the DagBag from /opt/airflow/dags/snowflake_hook.py
[2025-04-25T00:53:24.377+0000] {processor.py:925} INFO - DAG(s) 'snowflake_hook' retrieved from /opt/airflow/dags/snowflake_hook.py
[2025-04-25T00:53:24.390+0000] {logging_mixin.py:190} INFO - [2025-04-25T00:53:24.389+0000] {dag.py:3239} INFO - Sync 1 DAGs
[2025-04-25T00:53:24.403+0000] {logging_mixin.py:190} INFO - [2025-04-25T00:53:24.403+0000] {dag.py:4180} INFO - Setting next_dagrun for snowflake_hook to None, run_after=None
[2025-04-25T00:53:24.413+0000] {processor.py:208} INFO - Processing /opt/airflow/dags/snowflake_hook.py took 0.070 seconds
[2025-04-25T00:53:54.703+0000] {processor.py:186} INFO - Started process (PID=24450) to work on /opt/airflow/dags/snowflake_hook.py
[2025-04-25T00:53:54.705+0000] {processor.py:914} INFO - Processing file /opt/airflow/dags/snowflake_hook.py for tasks to queue
[2025-04-25T00:53:54.707+0000] {logging_mixin.py:190} INFO - [2025-04-25T00:53:54.706+0000] {dagbag.py:588} INFO - Filling up the DagBag from /opt/airflow/dags/snowflake_hook.py
[2025-04-25T00:53:54.720+0000] {processor.py:925} INFO - DAG(s) 'snowflake_hook' retrieved from /opt/airflow/dags/snowflake_hook.py
[2025-04-25T00:53:54.733+0000] {logging_mixin.py:190} INFO - [2025-04-25T00:53:54.733+0000] {dag.py:3239} INFO - Sync 1 DAGs
[2025-04-25T00:53:54.746+0000] {logging_mixin.py:190} INFO - [2025-04-25T00:53:54.746+0000] {dag.py:4180} INFO - Setting next_dagrun for snowflake_hook to None, run_after=None
[2025-04-25T00:53:54.757+0000] {processor.py:208} INFO - Processing /opt/airflow/dags/snowflake_hook.py took 0.058 seconds
[2025-04-25T00:54:25.030+0000] {processor.py:186} INFO - Started process (PID=24471) to work on /opt/airflow/dags/snowflake_hook.py
[2025-04-25T00:54:25.033+0000] {processor.py:914} INFO - Processing file /opt/airflow/dags/snowflake_hook.py for tasks to queue
[2025-04-25T00:54:25.042+0000] {logging_mixin.py:190} INFO - [2025-04-25T00:54:25.042+0000] {dagbag.py:588} INFO - Filling up the DagBag from /opt/airflow/dags/snowflake_hook.py
[2025-04-25T00:54:25.072+0000] {processor.py:925} INFO - DAG(s) 'snowflake_hook' retrieved from /opt/airflow/dags/snowflake_hook.py
[2025-04-25T00:54:25.088+0000] {logging_mixin.py:190} INFO - [2025-04-25T00:54:25.088+0000] {dag.py:3239} INFO - Sync 1 DAGs
[2025-04-25T00:54:25.104+0000] {logging_mixin.py:190} INFO - [2025-04-25T00:54:25.104+0000] {dag.py:4180} INFO - Setting next_dagrun for snowflake_hook to None, run_after=None
[2025-04-25T00:54:25.117+0000] {processor.py:208} INFO - Processing /opt/airflow/dags/snowflake_hook.py took 0.091 seconds
[2025-04-25T00:54:55.433+0000] {processor.py:186} INFO - Started process (PID=24492) to work on /opt/airflow/dags/snowflake_hook.py
[2025-04-25T00:54:55.435+0000] {processor.py:914} INFO - Processing file /opt/airflow/dags/snowflake_hook.py for tasks to queue
[2025-04-25T00:54:55.437+0000] {logging_mixin.py:190} INFO - [2025-04-25T00:54:55.437+0000] {dagbag.py:588} INFO - Filling up the DagBag from /opt/airflow/dags/snowflake_hook.py
[2025-04-25T00:54:55.459+0000] {processor.py:925} INFO - DAG(s) 'snowflake_hook' retrieved from /opt/airflow/dags/snowflake_hook.py
[2025-04-25T00:54:55.473+0000] {logging_mixin.py:190} INFO - [2025-04-25T00:54:55.473+0000] {dag.py:3239} INFO - Sync 1 DAGs
[2025-04-25T00:54:55.486+0000] {logging_mixin.py:190} INFO - [2025-04-25T00:54:55.486+0000] {dag.py:4180} INFO - Setting next_dagrun for snowflake_hook to None, run_after=None
[2025-04-25T00:54:55.498+0000] {processor.py:208} INFO - Processing /opt/airflow/dags/snowflake_hook.py took 0.068 seconds
[2025-04-25T00:55:25.811+0000] {processor.py:186} INFO - Started process (PID=24513) to work on /opt/airflow/dags/snowflake_hook.py
[2025-04-25T00:55:25.813+0000] {processor.py:914} INFO - Processing file /opt/airflow/dags/snowflake_hook.py for tasks to queue
[2025-04-25T00:55:25.818+0000] {logging_mixin.py:190} INFO - [2025-04-25T00:55:25.818+0000] {dagbag.py:588} INFO - Filling up the DagBag from /opt/airflow/dags/snowflake_hook.py
[2025-04-25T00:55:25.844+0000] {processor.py:925} INFO - DAG(s) 'snowflake_hook' retrieved from /opt/airflow/dags/snowflake_hook.py
[2025-04-25T00:55:25.861+0000] {logging_mixin.py:190} INFO - [2025-04-25T00:55:25.860+0000] {dag.py:3239} INFO - Sync 1 DAGs
[2025-04-25T00:55:25.875+0000] {logging_mixin.py:190} INFO - [2025-04-25T00:55:25.875+0000] {dag.py:4180} INFO - Setting next_dagrun for snowflake_hook to None, run_after=None
[2025-04-25T00:55:25.887+0000] {processor.py:208} INFO - Processing /opt/airflow/dags/snowflake_hook.py took 0.080 seconds
[2025-04-25T00:55:56.193+0000] {processor.py:186} INFO - Started process (PID=24534) to work on /opt/airflow/dags/snowflake_hook.py
[2025-04-25T00:55:56.194+0000] {processor.py:914} INFO - Processing file /opt/airflow/dags/snowflake_hook.py for tasks to queue
[2025-04-25T00:55:56.196+0000] {logging_mixin.py:190} INFO - [2025-04-25T00:55:56.196+0000] {dagbag.py:588} INFO - Filling up the DagBag from /opt/airflow/dags/snowflake_hook.py
[2025-04-25T00:55:56.224+0000] {processor.py:925} INFO - DAG(s) 'snowflake_hook' retrieved from /opt/airflow/dags/snowflake_hook.py
[2025-04-25T00:55:56.240+0000] {logging_mixin.py:190} INFO - [2025-04-25T00:55:56.240+0000] {dag.py:3239} INFO - Sync 1 DAGs
[2025-04-25T00:55:56.253+0000] {logging_mixin.py:190} INFO - [2025-04-25T00:55:56.253+0000] {dag.py:4180} INFO - Setting next_dagrun for snowflake_hook to None, run_after=None
[2025-04-25T00:55:56.264+0000] {processor.py:208} INFO - Processing /opt/airflow/dags/snowflake_hook.py took 0.077 seconds
[2025-04-25T00:56:26.532+0000] {processor.py:186} INFO - Started process (PID=24555) to work on /opt/airflow/dags/snowflake_hook.py
[2025-04-25T00:56:26.534+0000] {processor.py:914} INFO - Processing file /opt/airflow/dags/snowflake_hook.py for tasks to queue
[2025-04-25T00:56:26.538+0000] {logging_mixin.py:190} INFO - [2025-04-25T00:56:26.538+0000] {dagbag.py:588} INFO - Filling up the DagBag from /opt/airflow/dags/snowflake_hook.py
[2025-04-25T00:56:26.561+0000] {processor.py:925} INFO - DAG(s) 'snowflake_hook' retrieved from /opt/airflow/dags/snowflake_hook.py
[2025-04-25T00:56:26.577+0000] {logging_mixin.py:190} INFO - [2025-04-25T00:56:26.577+0000] {dag.py:3239} INFO - Sync 1 DAGs
[2025-04-25T00:56:26.590+0000] {logging_mixin.py:190} INFO - [2025-04-25T00:56:26.590+0000] {dag.py:4180} INFO - Setting next_dagrun for snowflake_hook to None, run_after=None
[2025-04-25T00:56:26.603+0000] {processor.py:208} INFO - Processing /opt/airflow/dags/snowflake_hook.py took 0.075 seconds
[2025-04-25T00:56:56.854+0000] {processor.py:186} INFO - Started process (PID=24576) to work on /opt/airflow/dags/snowflake_hook.py
[2025-04-25T00:56:56.855+0000] {processor.py:914} INFO - Processing file /opt/airflow/dags/snowflake_hook.py for tasks to queue
[2025-04-25T00:56:56.857+0000] {logging_mixin.py:190} INFO - [2025-04-25T00:56:56.856+0000] {dagbag.py:588} INFO - Filling up the DagBag from /opt/airflow/dags/snowflake_hook.py
[2025-04-25T00:56:56.867+0000] {processor.py:925} INFO - DAG(s) 'snowflake_hook' retrieved from /opt/airflow/dags/snowflake_hook.py
[2025-04-25T00:56:56.882+0000] {logging_mixin.py:190} INFO - [2025-04-25T00:56:56.882+0000] {dag.py:3239} INFO - Sync 1 DAGs
[2025-04-25T00:56:56.896+0000] {logging_mixin.py:190} INFO - [2025-04-25T00:56:56.896+0000] {dag.py:4180} INFO - Setting next_dagrun for snowflake_hook to None, run_after=None
[2025-04-25T00:56:56.909+0000] {processor.py:208} INFO - Processing /opt/airflow/dags/snowflake_hook.py took 0.059 seconds
[2025-04-25T00:57:27.179+0000] {processor.py:186} INFO - Started process (PID=24597) to work on /opt/airflow/dags/snowflake_hook.py
[2025-04-25T00:57:27.180+0000] {processor.py:914} INFO - Processing file /opt/airflow/dags/snowflake_hook.py for tasks to queue
[2025-04-25T00:57:27.184+0000] {logging_mixin.py:190} INFO - [2025-04-25T00:57:27.184+0000] {dagbag.py:588} INFO - Filling up the DagBag from /opt/airflow/dags/snowflake_hook.py
[2025-04-25T00:57:27.200+0000] {processor.py:925} INFO - DAG(s) 'snowflake_hook' retrieved from /opt/airflow/dags/snowflake_hook.py
[2025-04-25T00:57:27.214+0000] {logging_mixin.py:190} INFO - [2025-04-25T00:57:27.213+0000] {dag.py:3239} INFO - Sync 1 DAGs
[2025-04-25T00:57:27.229+0000] {logging_mixin.py:190} INFO - [2025-04-25T00:57:27.229+0000] {dag.py:4180} INFO - Setting next_dagrun for snowflake_hook to None, run_after=None
[2025-04-25T00:57:27.241+0000] {processor.py:208} INFO - Processing /opt/airflow/dags/snowflake_hook.py took 0.066 seconds
[2025-04-25T00:57:57.489+0000] {processor.py:186} INFO - Started process (PID=24618) to work on /opt/airflow/dags/snowflake_hook.py
[2025-04-25T00:57:57.490+0000] {processor.py:914} INFO - Processing file /opt/airflow/dags/snowflake_hook.py for tasks to queue
[2025-04-25T00:57:57.492+0000] {logging_mixin.py:190} INFO - [2025-04-25T00:57:57.492+0000] {dagbag.py:588} INFO - Filling up the DagBag from /opt/airflow/dags/snowflake_hook.py
[2025-04-25T00:57:57.500+0000] {processor.py:925} INFO - DAG(s) 'snowflake_hook' retrieved from /opt/airflow/dags/snowflake_hook.py
[2025-04-25T00:57:57.514+0000] {logging_mixin.py:190} INFO - [2025-04-25T00:57:57.514+0000] {dag.py:3239} INFO - Sync 1 DAGs
[2025-04-25T00:57:57.526+0000] {logging_mixin.py:190} INFO - [2025-04-25T00:57:57.526+0000] {dag.py:4180} INFO - Setting next_dagrun for snowflake_hook to None, run_after=None
[2025-04-25T00:57:57.538+0000] {processor.py:208} INFO - Processing /opt/airflow/dags/snowflake_hook.py took 0.053 seconds
[2025-04-25T00:58:27.805+0000] {processor.py:186} INFO - Started process (PID=24639) to work on /opt/airflow/dags/snowflake_hook.py
[2025-04-25T00:58:27.807+0000] {processor.py:914} INFO - Processing file /opt/airflow/dags/snowflake_hook.py for tasks to queue
[2025-04-25T00:58:27.810+0000] {logging_mixin.py:190} INFO - [2025-04-25T00:58:27.809+0000] {dagbag.py:588} INFO - Filling up the DagBag from /opt/airflow/dags/snowflake_hook.py
[2025-04-25T00:58:27.838+0000] {processor.py:925} INFO - DAG(s) 'snowflake_hook' retrieved from /opt/airflow/dags/snowflake_hook.py
[2025-04-25T00:58:27.869+0000] {logging_mixin.py:190} INFO - [2025-04-25T00:58:27.869+0000] {dag.py:3239} INFO - Sync 1 DAGs
[2025-04-25T00:58:27.891+0000] {logging_mixin.py:190} INFO - [2025-04-25T00:58:27.891+0000] {dag.py:4180} INFO - Setting next_dagrun for snowflake_hook to None, run_after=None
[2025-04-25T00:58:27.913+0000] {processor.py:208} INFO - Processing /opt/airflow/dags/snowflake_hook.py took 0.114 seconds
[2025-04-25T00:58:58.152+0000] {processor.py:186} INFO - Started process (PID=24660) to work on /opt/airflow/dags/snowflake_hook.py
[2025-04-25T00:58:58.154+0000] {processor.py:914} INFO - Processing file /opt/airflow/dags/snowflake_hook.py for tasks to queue
[2025-04-25T00:58:58.157+0000] {logging_mixin.py:190} INFO - [2025-04-25T00:58:58.156+0000] {dagbag.py:588} INFO - Filling up the DagBag from /opt/airflow/dags/snowflake_hook.py
[2025-04-25T00:58:58.182+0000] {processor.py:925} INFO - DAG(s) 'snowflake_hook' retrieved from /opt/airflow/dags/snowflake_hook.py
[2025-04-25T00:58:58.196+0000] {logging_mixin.py:190} INFO - [2025-04-25T00:58:58.196+0000] {dag.py:3239} INFO - Sync 1 DAGs
[2025-04-25T00:58:58.208+0000] {logging_mixin.py:190} INFO - [2025-04-25T00:58:58.208+0000] {dag.py:4180} INFO - Setting next_dagrun for snowflake_hook to None, run_after=None
[2025-04-25T00:58:58.219+0000] {processor.py:208} INFO - Processing /opt/airflow/dags/snowflake_hook.py took 0.070 seconds
[2025-04-25T00:59:28.489+0000] {processor.py:186} INFO - Started process (PID=24681) to work on /opt/airflow/dags/snowflake_hook.py
[2025-04-25T00:59:28.491+0000] {processor.py:914} INFO - Processing file /opt/airflow/dags/snowflake_hook.py for tasks to queue
[2025-04-25T00:59:28.494+0000] {logging_mixin.py:190} INFO - [2025-04-25T00:59:28.493+0000] {dagbag.py:588} INFO - Filling up the DagBag from /opt/airflow/dags/snowflake_hook.py
[2025-04-25T00:59:28.505+0000] {processor.py:925} INFO - DAG(s) 'snowflake_hook' retrieved from /opt/airflow/dags/snowflake_hook.py
[2025-04-25T00:59:28.517+0000] {logging_mixin.py:190} INFO - [2025-04-25T00:59:28.517+0000] {dag.py:3239} INFO - Sync 1 DAGs
[2025-04-25T00:59:28.535+0000] {logging_mixin.py:190} INFO - [2025-04-25T00:59:28.535+0000] {dag.py:4180} INFO - Setting next_dagrun for snowflake_hook to None, run_after=None
[2025-04-25T00:59:28.551+0000] {processor.py:208} INFO - Processing /opt/airflow/dags/snowflake_hook.py took 0.065 seconds
[2025-04-25T00:59:58.889+0000] {processor.py:186} INFO - Started process (PID=24702) to work on /opt/airflow/dags/snowflake_hook.py
[2025-04-25T00:59:58.890+0000] {processor.py:914} INFO - Processing file /opt/airflow/dags/snowflake_hook.py for tasks to queue
[2025-04-25T00:59:58.892+0000] {logging_mixin.py:190} INFO - [2025-04-25T00:59:58.892+0000] {dagbag.py:588} INFO - Filling up the DagBag from /opt/airflow/dags/snowflake_hook.py
[2025-04-25T00:59:58.907+0000] {processor.py:925} INFO - DAG(s) 'snowflake_hook' retrieved from /opt/airflow/dags/snowflake_hook.py
[2025-04-25T00:59:58.922+0000] {logging_mixin.py:190} INFO - [2025-04-25T00:59:58.922+0000] {dag.py:3239} INFO - Sync 1 DAGs
[2025-04-25T00:59:58.935+0000] {logging_mixin.py:190} INFO - [2025-04-25T00:59:58.935+0000] {dag.py:4180} INFO - Setting next_dagrun for snowflake_hook to None, run_after=None
[2025-04-25T00:59:58.945+0000] {processor.py:208} INFO - Processing /opt/airflow/dags/snowflake_hook.py took 0.060 seconds
[2025-04-25T01:00:29.201+0000] {processor.py:186} INFO - Started process (PID=24723) to work on /opt/airflow/dags/snowflake_hook.py
[2025-04-25T01:00:29.203+0000] {processor.py:914} INFO - Processing file /opt/airflow/dags/snowflake_hook.py for tasks to queue
[2025-04-25T01:00:29.208+0000] {logging_mixin.py:190} INFO - [2025-04-25T01:00:29.208+0000] {dagbag.py:588} INFO - Filling up the DagBag from /opt/airflow/dags/snowflake_hook.py
[2025-04-25T01:00:29.226+0000] {processor.py:925} INFO - DAG(s) 'snowflake_hook' retrieved from /opt/airflow/dags/snowflake_hook.py
[2025-04-25T01:00:29.240+0000] {logging_mixin.py:190} INFO - [2025-04-25T01:00:29.240+0000] {dag.py:3239} INFO - Sync 1 DAGs
[2025-04-25T01:00:29.261+0000] {logging_mixin.py:190} INFO - [2025-04-25T01:00:29.261+0000] {dag.py:4180} INFO - Setting next_dagrun for snowflake_hook to None, run_after=None
[2025-04-25T01:00:29.277+0000] {processor.py:208} INFO - Processing /opt/airflow/dags/snowflake_hook.py took 0.079 seconds
[2025-04-25T01:00:59.538+0000] {processor.py:186} INFO - Started process (PID=24744) to work on /opt/airflow/dags/snowflake_hook.py
[2025-04-25T01:00:59.540+0000] {processor.py:914} INFO - Processing file /opt/airflow/dags/snowflake_hook.py for tasks to queue
[2025-04-25T01:00:59.541+0000] {logging_mixin.py:190} INFO - [2025-04-25T01:00:59.541+0000] {dagbag.py:588} INFO - Filling up the DagBag from /opt/airflow/dags/snowflake_hook.py
[2025-04-25T01:00:59.551+0000] {processor.py:925} INFO - DAG(s) 'snowflake_hook' retrieved from /opt/airflow/dags/snowflake_hook.py
[2025-04-25T01:00:59.569+0000] {logging_mixin.py:190} INFO - [2025-04-25T01:00:59.569+0000] {dag.py:3239} INFO - Sync 1 DAGs
[2025-04-25T01:00:59.582+0000] {logging_mixin.py:190} INFO - [2025-04-25T01:00:59.582+0000] {dag.py:4180} INFO - Setting next_dagrun for snowflake_hook to None, run_after=None
[2025-04-25T01:00:59.594+0000] {processor.py:208} INFO - Processing /opt/airflow/dags/snowflake_hook.py took 0.059 seconds
[2025-04-25T01:01:29.901+0000] {processor.py:186} INFO - Started process (PID=24765) to work on /opt/airflow/dags/snowflake_hook.py
[2025-04-25T01:01:29.902+0000] {processor.py:914} INFO - Processing file /opt/airflow/dags/snowflake_hook.py for tasks to queue
[2025-04-25T01:01:29.905+0000] {logging_mixin.py:190} INFO - [2025-04-25T01:01:29.905+0000] {dagbag.py:588} INFO - Filling up the DagBag from /opt/airflow/dags/snowflake_hook.py
[2025-04-25T01:01:29.932+0000] {processor.py:925} INFO - DAG(s) 'snowflake_hook' retrieved from /opt/airflow/dags/snowflake_hook.py
[2025-04-25T01:01:29.946+0000] {logging_mixin.py:190} INFO - [2025-04-25T01:01:29.946+0000] {dag.py:3239} INFO - Sync 1 DAGs
[2025-04-25T01:01:29.958+0000] {logging_mixin.py:190} INFO - [2025-04-25T01:01:29.958+0000] {dag.py:4180} INFO - Setting next_dagrun for snowflake_hook to None, run_after=None
[2025-04-25T01:01:29.970+0000] {processor.py:208} INFO - Processing /opt/airflow/dags/snowflake_hook.py took 0.074 seconds
[2025-04-25T01:02:00.320+0000] {processor.py:186} INFO - Started process (PID=24786) to work on /opt/airflow/dags/snowflake_hook.py
[2025-04-25T01:02:00.323+0000] {processor.py:914} INFO - Processing file /opt/airflow/dags/snowflake_hook.py for tasks to queue
[2025-04-25T01:02:00.326+0000] {logging_mixin.py:190} INFO - [2025-04-25T01:02:00.325+0000] {dagbag.py:588} INFO - Filling up the DagBag from /opt/airflow/dags/snowflake_hook.py
[2025-04-25T01:02:00.350+0000] {processor.py:925} INFO - DAG(s) 'snowflake_hook' retrieved from /opt/airflow/dags/snowflake_hook.py
[2025-04-25T01:02:00.368+0000] {logging_mixin.py:190} INFO - [2025-04-25T01:02:00.367+0000] {dag.py:3239} INFO - Sync 1 DAGs
[2025-04-25T01:02:00.381+0000] {logging_mixin.py:190} INFO - [2025-04-25T01:02:00.381+0000] {dag.py:4180} INFO - Setting next_dagrun for snowflake_hook to None, run_after=None
[2025-04-25T01:02:00.395+0000] {processor.py:208} INFO - Processing /opt/airflow/dags/snowflake_hook.py took 0.082 seconds
[2025-04-25T01:02:30.745+0000] {processor.py:186} INFO - Started process (PID=24807) to work on /opt/airflow/dags/snowflake_hook.py
[2025-04-25T01:02:30.750+0000] {processor.py:914} INFO - Processing file /opt/airflow/dags/snowflake_hook.py for tasks to queue
[2025-04-25T01:02:30.757+0000] {logging_mixin.py:190} INFO - [2025-04-25T01:02:30.756+0000] {dagbag.py:588} INFO - Filling up the DagBag from /opt/airflow/dags/snowflake_hook.py
[2025-04-25T01:02:30.783+0000] {processor.py:925} INFO - DAG(s) 'snowflake_hook' retrieved from /opt/airflow/dags/snowflake_hook.py
[2025-04-25T01:02:30.800+0000] {logging_mixin.py:190} INFO - [2025-04-25T01:02:30.800+0000] {dag.py:3239} INFO - Sync 1 DAGs
[2025-04-25T01:02:30.818+0000] {logging_mixin.py:190} INFO - [2025-04-25T01:02:30.818+0000] {dag.py:4180} INFO - Setting next_dagrun for snowflake_hook to None, run_after=None
[2025-04-25T01:02:30.830+0000] {processor.py:208} INFO - Processing /opt/airflow/dags/snowflake_hook.py took 0.093 seconds
[2025-04-25T01:03:01.130+0000] {processor.py:186} INFO - Started process (PID=24828) to work on /opt/airflow/dags/snowflake_hook.py
[2025-04-25T01:03:01.133+0000] {processor.py:914} INFO - Processing file /opt/airflow/dags/snowflake_hook.py for tasks to queue
[2025-04-25T01:03:01.136+0000] {logging_mixin.py:190} INFO - [2025-04-25T01:03:01.135+0000] {dagbag.py:588} INFO - Filling up the DagBag from /opt/airflow/dags/snowflake_hook.py
[2025-04-25T01:03:01.152+0000] {processor.py:925} INFO - DAG(s) 'snowflake_hook' retrieved from /opt/airflow/dags/snowflake_hook.py
[2025-04-25T01:03:01.165+0000] {logging_mixin.py:190} INFO - [2025-04-25T01:03:01.165+0000] {dag.py:3239} INFO - Sync 1 DAGs
[2025-04-25T01:03:01.182+0000] {logging_mixin.py:190} INFO - [2025-04-25T01:03:01.182+0000] {dag.py:4180} INFO - Setting next_dagrun for snowflake_hook to None, run_after=None
[2025-04-25T01:03:01.194+0000] {processor.py:208} INFO - Processing /opt/airflow/dags/snowflake_hook.py took 0.070 seconds
[2025-04-25T01:03:31.488+0000] {processor.py:186} INFO - Started process (PID=24849) to work on /opt/airflow/dags/snowflake_hook.py
[2025-04-25T01:03:31.490+0000] {processor.py:914} INFO - Processing file /opt/airflow/dags/snowflake_hook.py for tasks to queue
[2025-04-25T01:03:31.493+0000] {logging_mixin.py:190} INFO - [2025-04-25T01:03:31.493+0000] {dagbag.py:588} INFO - Filling up the DagBag from /opt/airflow/dags/snowflake_hook.py
[2025-04-25T01:03:31.521+0000] {processor.py:925} INFO - DAG(s) 'snowflake_hook' retrieved from /opt/airflow/dags/snowflake_hook.py
[2025-04-25T01:03:31.534+0000] {logging_mixin.py:190} INFO - [2025-04-25T01:03:31.534+0000] {dag.py:3239} INFO - Sync 1 DAGs
[2025-04-25T01:03:31.551+0000] {logging_mixin.py:190} INFO - [2025-04-25T01:03:31.551+0000] {dag.py:4180} INFO - Setting next_dagrun for snowflake_hook to None, run_after=None
[2025-04-25T01:03:31.561+0000] {processor.py:208} INFO - Processing /opt/airflow/dags/snowflake_hook.py took 0.081 seconds
[2025-04-25T01:04:01.850+0000] {processor.py:186} INFO - Started process (PID=24870) to work on /opt/airflow/dags/snowflake_hook.py
[2025-04-25T01:04:01.852+0000] {processor.py:914} INFO - Processing file /opt/airflow/dags/snowflake_hook.py for tasks to queue
[2025-04-25T01:04:01.858+0000] {logging_mixin.py:190} INFO - [2025-04-25T01:04:01.857+0000] {dagbag.py:588} INFO - Filling up the DagBag from /opt/airflow/dags/snowflake_hook.py
[2025-04-25T01:04:01.884+0000] {processor.py:925} INFO - DAG(s) 'snowflake_hook' retrieved from /opt/airflow/dags/snowflake_hook.py
[2025-04-25T01:04:01.902+0000] {logging_mixin.py:190} INFO - [2025-04-25T01:04:01.902+0000] {dag.py:3239} INFO - Sync 1 DAGs
[2025-04-25T01:04:01.917+0000] {logging_mixin.py:190} INFO - [2025-04-25T01:04:01.917+0000] {dag.py:4180} INFO - Setting next_dagrun for snowflake_hook to None, run_after=None
[2025-04-25T01:04:01.929+0000] {processor.py:208} INFO - Processing /opt/airflow/dags/snowflake_hook.py took 0.085 seconds
[2025-04-25T01:04:32.336+0000] {processor.py:186} INFO - Started process (PID=24891) to work on /opt/airflow/dags/snowflake_hook.py
[2025-04-25T01:04:32.339+0000] {processor.py:914} INFO - Processing file /opt/airflow/dags/snowflake_hook.py for tasks to queue
[2025-04-25T01:04:32.342+0000] {logging_mixin.py:190} INFO - [2025-04-25T01:04:32.342+0000] {dagbag.py:588} INFO - Filling up the DagBag from /opt/airflow/dags/snowflake_hook.py
[2025-04-25T01:04:32.363+0000] {processor.py:925} INFO - DAG(s) 'snowflake_hook' retrieved from /opt/airflow/dags/snowflake_hook.py
[2025-04-25T01:04:32.380+0000] {logging_mixin.py:190} INFO - [2025-04-25T01:04:32.379+0000] {dag.py:3239} INFO - Sync 1 DAGs
[2025-04-25T01:04:32.394+0000] {logging_mixin.py:190} INFO - [2025-04-25T01:04:32.394+0000] {dag.py:4180} INFO - Setting next_dagrun for snowflake_hook to None, run_after=None
[2025-04-25T01:04:32.408+0000] {processor.py:208} INFO - Processing /opt/airflow/dags/snowflake_hook.py took 0.075 seconds
[2025-04-25T01:05:02.681+0000] {processor.py:186} INFO - Started process (PID=24912) to work on /opt/airflow/dags/snowflake_hook.py
[2025-04-25T01:05:02.683+0000] {processor.py:914} INFO - Processing file /opt/airflow/dags/snowflake_hook.py for tasks to queue
[2025-04-25T01:05:02.686+0000] {logging_mixin.py:190} INFO - [2025-04-25T01:05:02.685+0000] {dagbag.py:588} INFO - Filling up the DagBag from /opt/airflow/dags/snowflake_hook.py
[2025-04-25T01:05:02.708+0000] {processor.py:925} INFO - DAG(s) 'snowflake_hook' retrieved from /opt/airflow/dags/snowflake_hook.py
[2025-04-25T01:05:02.725+0000] {logging_mixin.py:190} INFO - [2025-04-25T01:05:02.725+0000] {dag.py:3239} INFO - Sync 1 DAGs
[2025-04-25T01:05:02.741+0000] {logging_mixin.py:190} INFO - [2025-04-25T01:05:02.741+0000] {dag.py:4180} INFO - Setting next_dagrun for snowflake_hook to None, run_after=None
[2025-04-25T01:05:02.755+0000] {processor.py:208} INFO - Processing /opt/airflow/dags/snowflake_hook.py took 0.077 seconds
[2025-04-25T01:05:33.079+0000] {processor.py:186} INFO - Started process (PID=24933) to work on /opt/airflow/dags/snowflake_hook.py
[2025-04-25T01:05:33.083+0000] {processor.py:914} INFO - Processing file /opt/airflow/dags/snowflake_hook.py for tasks to queue
[2025-04-25T01:05:33.093+0000] {logging_mixin.py:190} INFO - [2025-04-25T01:05:33.093+0000] {dagbag.py:588} INFO - Filling up the DagBag from /opt/airflow/dags/snowflake_hook.py
[2025-04-25T01:05:33.128+0000] {processor.py:925} INFO - DAG(s) 'snowflake_hook' retrieved from /opt/airflow/dags/snowflake_hook.py
[2025-04-25T01:05:33.142+0000] {logging_mixin.py:190} INFO - [2025-04-25T01:05:33.142+0000] {dag.py:3239} INFO - Sync 1 DAGs
[2025-04-25T01:05:33.171+0000] {logging_mixin.py:190} INFO - [2025-04-25T01:05:33.171+0000] {dag.py:4180} INFO - Setting next_dagrun for snowflake_hook to None, run_after=None
[2025-04-25T01:05:33.185+0000] {processor.py:208} INFO - Processing /opt/airflow/dags/snowflake_hook.py took 0.110 seconds
[2025-04-25T01:06:03.502+0000] {processor.py:186} INFO - Started process (PID=24954) to work on /opt/airflow/dags/snowflake_hook.py
[2025-04-25T01:06:03.505+0000] {processor.py:914} INFO - Processing file /opt/airflow/dags/snowflake_hook.py for tasks to queue
[2025-04-25T01:06:03.508+0000] {logging_mixin.py:190} INFO - [2025-04-25T01:06:03.508+0000] {dagbag.py:588} INFO - Filling up the DagBag from /opt/airflow/dags/snowflake_hook.py
[2025-04-25T01:06:03.535+0000] {processor.py:925} INFO - DAG(s) 'snowflake_hook' retrieved from /opt/airflow/dags/snowflake_hook.py
[2025-04-25T01:06:03.551+0000] {logging_mixin.py:190} INFO - [2025-04-25T01:06:03.550+0000] {dag.py:3239} INFO - Sync 1 DAGs
[2025-04-25T01:06:03.565+0000] {logging_mixin.py:190} INFO - [2025-04-25T01:06:03.565+0000] {dag.py:4180} INFO - Setting next_dagrun for snowflake_hook to None, run_after=None
[2025-04-25T01:06:03.577+0000] {processor.py:208} INFO - Processing /opt/airflow/dags/snowflake_hook.py took 0.082 seconds
[2025-04-25T01:06:33.843+0000] {processor.py:186} INFO - Started process (PID=24975) to work on /opt/airflow/dags/snowflake_hook.py
[2025-04-25T01:06:33.844+0000] {processor.py:914} INFO - Processing file /opt/airflow/dags/snowflake_hook.py for tasks to queue
[2025-04-25T01:06:33.847+0000] {logging_mixin.py:190} INFO - [2025-04-25T01:06:33.847+0000] {dagbag.py:588} INFO - Filling up the DagBag from /opt/airflow/dags/snowflake_hook.py
[2025-04-25T01:06:33.859+0000] {processor.py:925} INFO - DAG(s) 'snowflake_hook' retrieved from /opt/airflow/dags/snowflake_hook.py
[2025-04-25T01:06:33.872+0000] {logging_mixin.py:190} INFO - [2025-04-25T01:06:33.872+0000] {dag.py:3239} INFO - Sync 1 DAGs
[2025-04-25T01:06:33.885+0000] {logging_mixin.py:190} INFO - [2025-04-25T01:06:33.885+0000] {dag.py:4180} INFO - Setting next_dagrun for snowflake_hook to None, run_after=None
[2025-04-25T01:06:33.896+0000] {processor.py:208} INFO - Processing /opt/airflow/dags/snowflake_hook.py took 0.057 seconds
[2025-04-25T01:07:04.181+0000] {processor.py:186} INFO - Started process (PID=24996) to work on /opt/airflow/dags/snowflake_hook.py
[2025-04-25T01:07:04.183+0000] {processor.py:914} INFO - Processing file /opt/airflow/dags/snowflake_hook.py for tasks to queue
[2025-04-25T01:07:04.187+0000] {logging_mixin.py:190} INFO - [2025-04-25T01:07:04.187+0000] {dagbag.py:588} INFO - Filling up the DagBag from /opt/airflow/dags/snowflake_hook.py
[2025-04-25T01:07:04.207+0000] {processor.py:925} INFO - DAG(s) 'snowflake_hook' retrieved from /opt/airflow/dags/snowflake_hook.py
[2025-04-25T01:07:04.219+0000] {logging_mixin.py:190} INFO - [2025-04-25T01:07:04.219+0000] {dag.py:3239} INFO - Sync 1 DAGs
[2025-04-25T01:07:04.232+0000] {logging_mixin.py:190} INFO - [2025-04-25T01:07:04.232+0000] {dag.py:4180} INFO - Setting next_dagrun for snowflake_hook to None, run_after=None
[2025-04-25T01:07:04.243+0000] {processor.py:208} INFO - Processing /opt/airflow/dags/snowflake_hook.py took 0.066 seconds
[2025-04-25T01:07:34.541+0000] {processor.py:186} INFO - Started process (PID=25017) to work on /opt/airflow/dags/snowflake_hook.py
[2025-04-25T01:07:34.543+0000] {processor.py:914} INFO - Processing file /opt/airflow/dags/snowflake_hook.py for tasks to queue
[2025-04-25T01:07:34.545+0000] {logging_mixin.py:190} INFO - [2025-04-25T01:07:34.545+0000] {dagbag.py:588} INFO - Filling up the DagBag from /opt/airflow/dags/snowflake_hook.py
[2025-04-25T01:07:34.570+0000] {processor.py:925} INFO - DAG(s) 'snowflake_hook' retrieved from /opt/airflow/dags/snowflake_hook.py
[2025-04-25T01:07:34.585+0000] {logging_mixin.py:190} INFO - [2025-04-25T01:07:34.584+0000] {dag.py:3239} INFO - Sync 1 DAGs
[2025-04-25T01:07:34.600+0000] {logging_mixin.py:190} INFO - [2025-04-25T01:07:34.600+0000] {dag.py:4180} INFO - Setting next_dagrun for snowflake_hook to None, run_after=None
[2025-04-25T01:07:34.610+0000] {processor.py:208} INFO - Processing /opt/airflow/dags/snowflake_hook.py took 0.073 seconds
[2025-04-25T01:08:04.845+0000] {processor.py:186} INFO - Started process (PID=25038) to work on /opt/airflow/dags/snowflake_hook.py
[2025-04-25T01:08:04.847+0000] {processor.py:914} INFO - Processing file /opt/airflow/dags/snowflake_hook.py for tasks to queue
[2025-04-25T01:08:04.850+0000] {logging_mixin.py:190} INFO - [2025-04-25T01:08:04.850+0000] {dagbag.py:588} INFO - Filling up the DagBag from /opt/airflow/dags/snowflake_hook.py
[2025-04-25T01:08:04.875+0000] {processor.py:925} INFO - DAG(s) 'snowflake_hook' retrieved from /opt/airflow/dags/snowflake_hook.py
[2025-04-25T01:08:04.891+0000] {logging_mixin.py:190} INFO - [2025-04-25T01:08:04.890+0000] {dag.py:3239} INFO - Sync 1 DAGs
[2025-04-25T01:08:04.906+0000] {logging_mixin.py:190} INFO - [2025-04-25T01:08:04.905+0000] {dag.py:4180} INFO - Setting next_dagrun for snowflake_hook to None, run_after=None
[2025-04-25T01:08:04.918+0000] {processor.py:208} INFO - Processing /opt/airflow/dags/snowflake_hook.py took 0.077 seconds
[2025-04-25T01:08:35.156+0000] {processor.py:186} INFO - Started process (PID=25059) to work on /opt/airflow/dags/snowflake_hook.py
[2025-04-25T01:08:35.157+0000] {processor.py:914} INFO - Processing file /opt/airflow/dags/snowflake_hook.py for tasks to queue
[2025-04-25T01:08:35.159+0000] {logging_mixin.py:190} INFO - [2025-04-25T01:08:35.158+0000] {dagbag.py:588} INFO - Filling up the DagBag from /opt/airflow/dags/snowflake_hook.py
[2025-04-25T01:08:35.172+0000] {processor.py:925} INFO - DAG(s) 'snowflake_hook' retrieved from /opt/airflow/dags/snowflake_hook.py
[2025-04-25T01:08:35.190+0000] {logging_mixin.py:190} INFO - [2025-04-25T01:08:35.189+0000] {dag.py:3239} INFO - Sync 1 DAGs
[2025-04-25T01:08:35.203+0000] {logging_mixin.py:190} INFO - [2025-04-25T01:08:35.202+0000] {dag.py:4180} INFO - Setting next_dagrun for snowflake_hook to None, run_after=None
[2025-04-25T01:08:35.215+0000] {processor.py:208} INFO - Processing /opt/airflow/dags/snowflake_hook.py took 0.063 seconds
[2025-04-25T01:09:05.533+0000] {processor.py:186} INFO - Started process (PID=25080) to work on /opt/airflow/dags/snowflake_hook.py
[2025-04-25T01:09:05.540+0000] {processor.py:914} INFO - Processing file /opt/airflow/dags/snowflake_hook.py for tasks to queue
[2025-04-25T01:09:05.543+0000] {logging_mixin.py:190} INFO - [2025-04-25T01:09:05.543+0000] {dagbag.py:588} INFO - Filling up the DagBag from /opt/airflow/dags/snowflake_hook.py
[2025-04-25T01:09:05.566+0000] {processor.py:925} INFO - DAG(s) 'snowflake_hook' retrieved from /opt/airflow/dags/snowflake_hook.py
[2025-04-25T01:09:05.580+0000] {logging_mixin.py:190} INFO - [2025-04-25T01:09:05.579+0000] {dag.py:3239} INFO - Sync 1 DAGs
[2025-04-25T01:09:05.595+0000] {logging_mixin.py:190} INFO - [2025-04-25T01:09:05.594+0000] {dag.py:4180} INFO - Setting next_dagrun for snowflake_hook to None, run_after=None
[2025-04-25T01:09:05.606+0000] {processor.py:208} INFO - Processing /opt/airflow/dags/snowflake_hook.py took 0.077 seconds
[2025-04-25T01:09:35.986+0000] {processor.py:186} INFO - Started process (PID=25101) to work on /opt/airflow/dags/snowflake_hook.py
[2025-04-25T01:09:35.987+0000] {processor.py:914} INFO - Processing file /opt/airflow/dags/snowflake_hook.py for tasks to queue
[2025-04-25T01:09:35.989+0000] {logging_mixin.py:190} INFO - [2025-04-25T01:09:35.989+0000] {dagbag.py:588} INFO - Filling up the DagBag from /opt/airflow/dags/snowflake_hook.py
[2025-04-25T01:09:35.998+0000] {processor.py:925} INFO - DAG(s) 'snowflake_hook' retrieved from /opt/airflow/dags/snowflake_hook.py
[2025-04-25T01:09:36.010+0000] {logging_mixin.py:190} INFO - [2025-04-25T01:09:36.010+0000] {dag.py:3239} INFO - Sync 1 DAGs
[2025-04-25T01:09:36.023+0000] {logging_mixin.py:190} INFO - [2025-04-25T01:09:36.023+0000] {dag.py:4180} INFO - Setting next_dagrun for snowflake_hook to None, run_after=None
[2025-04-25T01:09:36.034+0000] {processor.py:208} INFO - Processing /opt/airflow/dags/snowflake_hook.py took 0.052 seconds
[2025-04-25T01:10:06.354+0000] {processor.py:186} INFO - Started process (PID=25121) to work on /opt/airflow/dags/snowflake_hook.py
[2025-04-25T01:10:06.355+0000] {processor.py:914} INFO - Processing file /opt/airflow/dags/snowflake_hook.py for tasks to queue
[2025-04-25T01:10:06.356+0000] {logging_mixin.py:190} INFO - [2025-04-25T01:10:06.356+0000] {dagbag.py:588} INFO - Filling up the DagBag from /opt/airflow/dags/snowflake_hook.py
[2025-04-25T01:10:06.367+0000] {processor.py:925} INFO - DAG(s) 'snowflake_hook' retrieved from /opt/airflow/dags/snowflake_hook.py
[2025-04-25T01:10:06.381+0000] {logging_mixin.py:190} INFO - [2025-04-25T01:10:06.380+0000] {dag.py:3239} INFO - Sync 1 DAGs
[2025-04-25T01:10:06.394+0000] {logging_mixin.py:190} INFO - [2025-04-25T01:10:06.394+0000] {dag.py:4180} INFO - Setting next_dagrun for snowflake_hook to None, run_after=None
[2025-04-25T01:10:06.405+0000] {processor.py:208} INFO - Processing /opt/airflow/dags/snowflake_hook.py took 0.055 seconds
[2025-04-25T01:10:36.666+0000] {processor.py:186} INFO - Started process (PID=25142) to work on /opt/airflow/dags/snowflake_hook.py
[2025-04-25T01:10:36.667+0000] {processor.py:914} INFO - Processing file /opt/airflow/dags/snowflake_hook.py for tasks to queue
[2025-04-25T01:10:36.669+0000] {logging_mixin.py:190} INFO - [2025-04-25T01:10:36.669+0000] {dagbag.py:588} INFO - Filling up the DagBag from /opt/airflow/dags/snowflake_hook.py
[2025-04-25T01:10:36.681+0000] {processor.py:925} INFO - DAG(s) 'snowflake_hook' retrieved from /opt/airflow/dags/snowflake_hook.py
[2025-04-25T01:10:36.692+0000] {logging_mixin.py:190} INFO - [2025-04-25T01:10:36.692+0000] {dag.py:3239} INFO - Sync 1 DAGs
[2025-04-25T01:10:36.705+0000] {logging_mixin.py:190} INFO - [2025-04-25T01:10:36.705+0000] {dag.py:4180} INFO - Setting next_dagrun for snowflake_hook to None, run_after=None
[2025-04-25T01:10:36.717+0000] {processor.py:208} INFO - Processing /opt/airflow/dags/snowflake_hook.py took 0.054 seconds
[2025-04-25T01:11:06.980+0000] {processor.py:186} INFO - Started process (PID=25163) to work on /opt/airflow/dags/snowflake_hook.py
[2025-04-25T01:11:06.985+0000] {processor.py:914} INFO - Processing file /opt/airflow/dags/snowflake_hook.py for tasks to queue
[2025-04-25T01:11:06.986+0000] {logging_mixin.py:190} INFO - [2025-04-25T01:11:06.986+0000] {dagbag.py:588} INFO - Filling up the DagBag from /opt/airflow/dags/snowflake_hook.py
[2025-04-25T01:11:06.998+0000] {processor.py:925} INFO - DAG(s) 'snowflake_hook' retrieved from /opt/airflow/dags/snowflake_hook.py
[2025-04-25T01:11:07.013+0000] {logging_mixin.py:190} INFO - [2025-04-25T01:11:07.012+0000] {dag.py:3239} INFO - Sync 1 DAGs
[2025-04-25T01:11:07.026+0000] {logging_mixin.py:190} INFO - [2025-04-25T01:11:07.026+0000] {dag.py:4180} INFO - Setting next_dagrun for snowflake_hook to None, run_after=None
[2025-04-25T01:11:07.037+0000] {processor.py:208} INFO - Processing /opt/airflow/dags/snowflake_hook.py took 0.060 seconds
[2025-04-25T01:11:37.341+0000] {processor.py:186} INFO - Started process (PID=25184) to work on /opt/airflow/dags/snowflake_hook.py
[2025-04-25T01:11:37.342+0000] {processor.py:914} INFO - Processing file /opt/airflow/dags/snowflake_hook.py for tasks to queue
[2025-04-25T01:11:37.345+0000] {logging_mixin.py:190} INFO - [2025-04-25T01:11:37.344+0000] {dagbag.py:588} INFO - Filling up the DagBag from /opt/airflow/dags/snowflake_hook.py
[2025-04-25T01:11:37.366+0000] {processor.py:925} INFO - DAG(s) 'snowflake_hook' retrieved from /opt/airflow/dags/snowflake_hook.py
[2025-04-25T01:11:37.383+0000] {logging_mixin.py:190} INFO - [2025-04-25T01:11:37.383+0000] {dag.py:3239} INFO - Sync 1 DAGs
[2025-04-25T01:11:37.397+0000] {logging_mixin.py:190} INFO - [2025-04-25T01:11:37.397+0000] {dag.py:4180} INFO - Setting next_dagrun for snowflake_hook to None, run_after=None
[2025-04-25T01:11:37.411+0000] {processor.py:208} INFO - Processing /opt/airflow/dags/snowflake_hook.py took 0.076 seconds
[2025-04-25T01:12:07.691+0000] {processor.py:186} INFO - Started process (PID=25205) to work on /opt/airflow/dags/snowflake_hook.py
[2025-04-25T01:12:07.694+0000] {processor.py:914} INFO - Processing file /opt/airflow/dags/snowflake_hook.py for tasks to queue
[2025-04-25T01:12:07.697+0000] {logging_mixin.py:190} INFO - [2025-04-25T01:12:07.696+0000] {dagbag.py:588} INFO - Filling up the DagBag from /opt/airflow/dags/snowflake_hook.py
[2025-04-25T01:12:07.723+0000] {processor.py:925} INFO - DAG(s) 'snowflake_hook' retrieved from /opt/airflow/dags/snowflake_hook.py
[2025-04-25T01:12:07.741+0000] {logging_mixin.py:190} INFO - [2025-04-25T01:12:07.741+0000] {dag.py:3239} INFO - Sync 1 DAGs
[2025-04-25T01:12:07.759+0000] {logging_mixin.py:190} INFO - [2025-04-25T01:12:07.759+0000] {dag.py:4180} INFO - Setting next_dagrun for snowflake_hook to None, run_after=None
[2025-04-25T01:12:07.776+0000] {processor.py:208} INFO - Processing /opt/airflow/dags/snowflake_hook.py took 0.088 seconds
[2025-04-25T01:12:38.017+0000] {processor.py:186} INFO - Started process (PID=25226) to work on /opt/airflow/dags/snowflake_hook.py
[2025-04-25T01:12:38.018+0000] {processor.py:914} INFO - Processing file /opt/airflow/dags/snowflake_hook.py for tasks to queue
[2025-04-25T01:12:38.020+0000] {logging_mixin.py:190} INFO - [2025-04-25T01:12:38.020+0000] {dagbag.py:588} INFO - Filling up the DagBag from /opt/airflow/dags/snowflake_hook.py
[2025-04-25T01:12:38.030+0000] {processor.py:925} INFO - DAG(s) 'snowflake_hook' retrieved from /opt/airflow/dags/snowflake_hook.py
[2025-04-25T01:12:38.048+0000] {logging_mixin.py:190} INFO - [2025-04-25T01:12:38.048+0000] {dag.py:3239} INFO - Sync 1 DAGs
[2025-04-25T01:12:38.062+0000] {logging_mixin.py:190} INFO - [2025-04-25T01:12:38.062+0000] {dag.py:4180} INFO - Setting next_dagrun for snowflake_hook to None, run_after=None
[2025-04-25T01:12:38.073+0000] {processor.py:208} INFO - Processing /opt/airflow/dags/snowflake_hook.py took 0.060 seconds
[2025-04-25T01:13:08.391+0000] {processor.py:186} INFO - Started process (PID=25247) to work on /opt/airflow/dags/snowflake_hook.py
[2025-04-25T01:13:08.392+0000] {processor.py:914} INFO - Processing file /opt/airflow/dags/snowflake_hook.py for tasks to queue
[2025-04-25T01:13:08.397+0000] {logging_mixin.py:190} INFO - [2025-04-25T01:13:08.397+0000] {dagbag.py:588} INFO - Filling up the DagBag from /opt/airflow/dags/snowflake_hook.py
[2025-04-25T01:13:08.418+0000] {processor.py:925} INFO - DAG(s) 'snowflake_hook' retrieved from /opt/airflow/dags/snowflake_hook.py
[2025-04-25T01:13:08.431+0000] {logging_mixin.py:190} INFO - [2025-04-25T01:13:08.431+0000] {dag.py:3239} INFO - Sync 1 DAGs
[2025-04-25T01:13:08.446+0000] {logging_mixin.py:190} INFO - [2025-04-25T01:13:08.446+0000] {dag.py:4180} INFO - Setting next_dagrun for snowflake_hook to None, run_after=None
[2025-04-25T01:13:08.458+0000] {processor.py:208} INFO - Processing /opt/airflow/dags/snowflake_hook.py took 0.072 seconds
[2025-04-25T01:13:38.739+0000] {processor.py:186} INFO - Started process (PID=25268) to work on /opt/airflow/dags/snowflake_hook.py
[2025-04-25T01:13:38.740+0000] {processor.py:914} INFO - Processing file /opt/airflow/dags/snowflake_hook.py for tasks to queue
[2025-04-25T01:13:38.742+0000] {logging_mixin.py:190} INFO - [2025-04-25T01:13:38.742+0000] {dagbag.py:588} INFO - Filling up the DagBag from /opt/airflow/dags/snowflake_hook.py
[2025-04-25T01:13:38.753+0000] {processor.py:925} INFO - DAG(s) 'snowflake_hook' retrieved from /opt/airflow/dags/snowflake_hook.py
[2025-04-25T01:13:38.766+0000] {logging_mixin.py:190} INFO - [2025-04-25T01:13:38.766+0000] {dag.py:3239} INFO - Sync 1 DAGs
[2025-04-25T01:13:38.779+0000] {logging_mixin.py:190} INFO - [2025-04-25T01:13:38.779+0000] {dag.py:4180} INFO - Setting next_dagrun for snowflake_hook to None, run_after=None
[2025-04-25T01:13:38.789+0000] {processor.py:208} INFO - Processing /opt/airflow/dags/snowflake_hook.py took 0.054 seconds
[2025-04-25T01:14:09.061+0000] {processor.py:186} INFO - Started process (PID=25289) to work on /opt/airflow/dags/snowflake_hook.py
[2025-04-25T01:14:09.062+0000] {processor.py:914} INFO - Processing file /opt/airflow/dags/snowflake_hook.py for tasks to queue
[2025-04-25T01:14:09.064+0000] {logging_mixin.py:190} INFO - [2025-04-25T01:14:09.063+0000] {dagbag.py:588} INFO - Filling up the DagBag from /opt/airflow/dags/snowflake_hook.py
[2025-04-25T01:14:09.080+0000] {processor.py:925} INFO - DAG(s) 'snowflake_hook' retrieved from /opt/airflow/dags/snowflake_hook.py
[2025-04-25T01:14:09.097+0000] {logging_mixin.py:190} INFO - [2025-04-25T01:14:09.097+0000] {dag.py:3239} INFO - Sync 1 DAGs
[2025-04-25T01:14:09.113+0000] {logging_mixin.py:190} INFO - [2025-04-25T01:14:09.113+0000] {dag.py:4180} INFO - Setting next_dagrun for snowflake_hook to None, run_after=None
[2025-04-25T01:14:09.127+0000] {processor.py:208} INFO - Processing /opt/airflow/dags/snowflake_hook.py took 0.069 seconds
[2025-04-25T01:14:39.428+0000] {processor.py:186} INFO - Started process (PID=25310) to work on /opt/airflow/dags/snowflake_hook.py
[2025-04-25T01:14:39.430+0000] {processor.py:914} INFO - Processing file /opt/airflow/dags/snowflake_hook.py for tasks to queue
[2025-04-25T01:14:39.432+0000] {logging_mixin.py:190} INFO - [2025-04-25T01:14:39.431+0000] {dagbag.py:588} INFO - Filling up the DagBag from /opt/airflow/dags/snowflake_hook.py
[2025-04-25T01:14:39.444+0000] {processor.py:925} INFO - DAG(s) 'snowflake_hook' retrieved from /opt/airflow/dags/snowflake_hook.py
[2025-04-25T01:14:39.461+0000] {logging_mixin.py:190} INFO - [2025-04-25T01:14:39.460+0000] {dag.py:3239} INFO - Sync 1 DAGs
[2025-04-25T01:14:39.475+0000] {logging_mixin.py:190} INFO - [2025-04-25T01:14:39.475+0000] {dag.py:4180} INFO - Setting next_dagrun for snowflake_hook to None, run_after=None
[2025-04-25T01:14:39.488+0000] {processor.py:208} INFO - Processing /opt/airflow/dags/snowflake_hook.py took 0.064 seconds
[2025-04-25T01:15:09.775+0000] {processor.py:186} INFO - Started process (PID=25331) to work on /opt/airflow/dags/snowflake_hook.py
[2025-04-25T01:15:09.776+0000] {processor.py:914} INFO - Processing file /opt/airflow/dags/snowflake_hook.py for tasks to queue
[2025-04-25T01:15:09.778+0000] {logging_mixin.py:190} INFO - [2025-04-25T01:15:09.778+0000] {dagbag.py:588} INFO - Filling up the DagBag from /opt/airflow/dags/snowflake_hook.py
[2025-04-25T01:15:09.810+0000] {processor.py:925} INFO - DAG(s) 'snowflake_hook' retrieved from /opt/airflow/dags/snowflake_hook.py
[2025-04-25T01:15:09.826+0000] {logging_mixin.py:190} INFO - [2025-04-25T01:15:09.826+0000] {dag.py:3239} INFO - Sync 1 DAGs
[2025-04-25T01:15:09.840+0000] {logging_mixin.py:190} INFO - [2025-04-25T01:15:09.840+0000] {dag.py:4180} INFO - Setting next_dagrun for snowflake_hook to None, run_after=None
[2025-04-25T01:15:09.853+0000] {processor.py:208} INFO - Processing /opt/airflow/dags/snowflake_hook.py took 0.081 seconds
[2025-04-25T01:15:40.132+0000] {processor.py:186} INFO - Started process (PID=25352) to work on /opt/airflow/dags/snowflake_hook.py
[2025-04-25T01:15:40.132+0000] {processor.py:914} INFO - Processing file /opt/airflow/dags/snowflake_hook.py for tasks to queue
[2025-04-25T01:15:40.134+0000] {logging_mixin.py:190} INFO - [2025-04-25T01:15:40.134+0000] {dagbag.py:588} INFO - Filling up the DagBag from /opt/airflow/dags/snowflake_hook.py
[2025-04-25T01:15:40.144+0000] {processor.py:925} INFO - DAG(s) 'snowflake_hook' retrieved from /opt/airflow/dags/snowflake_hook.py
[2025-04-25T01:15:40.158+0000] {logging_mixin.py:190} INFO - [2025-04-25T01:15:40.158+0000] {dag.py:3239} INFO - Sync 1 DAGs
[2025-04-25T01:15:40.171+0000] {logging_mixin.py:190} INFO - [2025-04-25T01:15:40.171+0000] {dag.py:4180} INFO - Setting next_dagrun for snowflake_hook to None, run_after=None
[2025-04-25T01:15:40.182+0000] {processor.py:208} INFO - Processing /opt/airflow/dags/snowflake_hook.py took 0.053 seconds
[2025-04-25T01:16:10.467+0000] {processor.py:186} INFO - Started process (PID=25373) to work on /opt/airflow/dags/snowflake_hook.py
[2025-04-25T01:16:10.468+0000] {processor.py:914} INFO - Processing file /opt/airflow/dags/snowflake_hook.py for tasks to queue
[2025-04-25T01:16:10.471+0000] {logging_mixin.py:190} INFO - [2025-04-25T01:16:10.471+0000] {dagbag.py:588} INFO - Filling up the DagBag from /opt/airflow/dags/snowflake_hook.py
[2025-04-25T01:16:10.496+0000] {processor.py:925} INFO - DAG(s) 'snowflake_hook' retrieved from /opt/airflow/dags/snowflake_hook.py
[2025-04-25T01:16:10.511+0000] {logging_mixin.py:190} INFO - [2025-04-25T01:16:10.511+0000] {dag.py:3239} INFO - Sync 1 DAGs
[2025-04-25T01:16:10.524+0000] {logging_mixin.py:190} INFO - [2025-04-25T01:16:10.524+0000] {dag.py:4180} INFO - Setting next_dagrun for snowflake_hook to None, run_after=None
[2025-04-25T01:16:10.535+0000] {processor.py:208} INFO - Processing /opt/airflow/dags/snowflake_hook.py took 0.072 seconds
[2025-04-25T01:16:40.818+0000] {processor.py:186} INFO - Started process (PID=25394) to work on /opt/airflow/dags/snowflake_hook.py
[2025-04-25T01:16:40.820+0000] {processor.py:914} INFO - Processing file /opt/airflow/dags/snowflake_hook.py for tasks to queue
[2025-04-25T01:16:40.822+0000] {logging_mixin.py:190} INFO - [2025-04-25T01:16:40.822+0000] {dagbag.py:588} INFO - Filling up the DagBag from /opt/airflow/dags/snowflake_hook.py
[2025-04-25T01:16:40.857+0000] {processor.py:925} INFO - DAG(s) 'snowflake_hook' retrieved from /opt/airflow/dags/snowflake_hook.py
[2025-04-25T01:16:40.891+0000] {logging_mixin.py:190} INFO - [2025-04-25T01:16:40.890+0000] {dag.py:3239} INFO - Sync 1 DAGs
[2025-04-25T01:16:40.915+0000] {logging_mixin.py:190} INFO - [2025-04-25T01:16:40.914+0000] {dag.py:4180} INFO - Setting next_dagrun for snowflake_hook to None, run_after=None
[2025-04-25T01:16:40.926+0000] {processor.py:208} INFO - Processing /opt/airflow/dags/snowflake_hook.py took 0.112 seconds
[2025-04-25T01:17:11.202+0000] {processor.py:186} INFO - Started process (PID=25415) to work on /opt/airflow/dags/snowflake_hook.py
[2025-04-25T01:17:11.204+0000] {processor.py:914} INFO - Processing file /opt/airflow/dags/snowflake_hook.py for tasks to queue
[2025-04-25T01:17:11.206+0000] {logging_mixin.py:190} INFO - [2025-04-25T01:17:11.206+0000] {dagbag.py:588} INFO - Filling up the DagBag from /opt/airflow/dags/snowflake_hook.py
[2025-04-25T01:17:11.229+0000] {processor.py:925} INFO - DAG(s) 'snowflake_hook' retrieved from /opt/airflow/dags/snowflake_hook.py
[2025-04-25T01:17:11.246+0000] {logging_mixin.py:190} INFO - [2025-04-25T01:17:11.245+0000] {dag.py:3239} INFO - Sync 1 DAGs
[2025-04-25T01:17:11.261+0000] {logging_mixin.py:190} INFO - [2025-04-25T01:17:11.261+0000] {dag.py:4180} INFO - Setting next_dagrun for snowflake_hook to None, run_after=None
[2025-04-25T01:17:11.275+0000] {processor.py:208} INFO - Processing /opt/airflow/dags/snowflake_hook.py took 0.076 seconds
[2025-04-25T01:17:41.563+0000] {processor.py:186} INFO - Started process (PID=25436) to work on /opt/airflow/dags/snowflake_hook.py
[2025-04-25T01:17:41.565+0000] {processor.py:914} INFO - Processing file /opt/airflow/dags/snowflake_hook.py for tasks to queue
[2025-04-25T01:17:41.568+0000] {logging_mixin.py:190} INFO - [2025-04-25T01:17:41.568+0000] {dagbag.py:588} INFO - Filling up the DagBag from /opt/airflow/dags/snowflake_hook.py
[2025-04-25T01:17:41.600+0000] {processor.py:925} INFO - DAG(s) 'snowflake_hook' retrieved from /opt/airflow/dags/snowflake_hook.py
[2025-04-25T01:17:41.614+0000] {logging_mixin.py:190} INFO - [2025-04-25T01:17:41.614+0000] {dag.py:3239} INFO - Sync 1 DAGs
[2025-04-25T01:17:41.628+0000] {logging_mixin.py:190} INFO - [2025-04-25T01:17:41.628+0000] {dag.py:4180} INFO - Setting next_dagrun for snowflake_hook to None, run_after=None
[2025-04-25T01:17:41.640+0000] {processor.py:208} INFO - Processing /opt/airflow/dags/snowflake_hook.py took 0.087 seconds
[2025-04-25T01:18:11.889+0000] {processor.py:186} INFO - Started process (PID=25457) to work on /opt/airflow/dags/snowflake_hook.py
[2025-04-25T01:18:11.890+0000] {processor.py:914} INFO - Processing file /opt/airflow/dags/snowflake_hook.py for tasks to queue
[2025-04-25T01:18:11.891+0000] {logging_mixin.py:190} INFO - [2025-04-25T01:18:11.891+0000] {dagbag.py:588} INFO - Filling up the DagBag from /opt/airflow/dags/snowflake_hook.py
[2025-04-25T01:18:11.900+0000] {processor.py:925} INFO - DAG(s) 'snowflake_hook' retrieved from /opt/airflow/dags/snowflake_hook.py
[2025-04-25T01:18:11.914+0000] {logging_mixin.py:190} INFO - [2025-04-25T01:18:11.913+0000] {dag.py:3239} INFO - Sync 1 DAGs
[2025-04-25T01:18:11.927+0000] {logging_mixin.py:190} INFO - [2025-04-25T01:18:11.927+0000] {dag.py:4180} INFO - Setting next_dagrun for snowflake_hook to None, run_after=None
[2025-04-25T01:18:11.938+0000] {processor.py:208} INFO - Processing /opt/airflow/dags/snowflake_hook.py took 0.053 seconds
[2025-04-25T01:18:42.226+0000] {processor.py:186} INFO - Started process (PID=25478) to work on /opt/airflow/dags/snowflake_hook.py
[2025-04-25T01:18:42.229+0000] {processor.py:914} INFO - Processing file /opt/airflow/dags/snowflake_hook.py for tasks to queue
[2025-04-25T01:18:42.233+0000] {logging_mixin.py:190} INFO - [2025-04-25T01:18:42.233+0000] {dagbag.py:588} INFO - Filling up the DagBag from /opt/airflow/dags/snowflake_hook.py
[2025-04-25T01:18:42.253+0000] {processor.py:925} INFO - DAG(s) 'snowflake_hook' retrieved from /opt/airflow/dags/snowflake_hook.py
[2025-04-25T01:18:42.267+0000] {logging_mixin.py:190} INFO - [2025-04-25T01:18:42.267+0000] {dag.py:3239} INFO - Sync 1 DAGs
[2025-04-25T01:18:42.282+0000] {logging_mixin.py:190} INFO - [2025-04-25T01:18:42.282+0000] {dag.py:4180} INFO - Setting next_dagrun for snowflake_hook to None, run_after=None
[2025-04-25T01:18:42.295+0000] {processor.py:208} INFO - Processing /opt/airflow/dags/snowflake_hook.py took 0.072 seconds
[2025-04-25T01:19:12.574+0000] {processor.py:186} INFO - Started process (PID=25499) to work on /opt/airflow/dags/snowflake_hook.py
[2025-04-25T01:19:12.575+0000] {processor.py:914} INFO - Processing file /opt/airflow/dags/snowflake_hook.py for tasks to queue
[2025-04-25T01:19:12.577+0000] {logging_mixin.py:190} INFO - [2025-04-25T01:19:12.577+0000] {dagbag.py:588} INFO - Filling up the DagBag from /opt/airflow/dags/snowflake_hook.py
[2025-04-25T01:19:12.585+0000] {processor.py:925} INFO - DAG(s) 'snowflake_hook' retrieved from /opt/airflow/dags/snowflake_hook.py
[2025-04-25T01:19:12.598+0000] {logging_mixin.py:190} INFO - [2025-04-25T01:19:12.597+0000] {dag.py:3239} INFO - Sync 1 DAGs
[2025-04-25T01:19:12.610+0000] {logging_mixin.py:190} INFO - [2025-04-25T01:19:12.610+0000] {dag.py:4180} INFO - Setting next_dagrun for snowflake_hook to None, run_after=None
[2025-04-25T01:19:12.622+0000] {processor.py:208} INFO - Processing /opt/airflow/dags/snowflake_hook.py took 0.052 seconds
[2025-04-25T01:19:42.951+0000] {processor.py:186} INFO - Started process (PID=25520) to work on /opt/airflow/dags/snowflake_hook.py
[2025-04-25T01:19:42.952+0000] {processor.py:914} INFO - Processing file /opt/airflow/dags/snowflake_hook.py for tasks to queue
[2025-04-25T01:19:42.954+0000] {logging_mixin.py:190} INFO - [2025-04-25T01:19:42.954+0000] {dagbag.py:588} INFO - Filling up the DagBag from /opt/airflow/dags/snowflake_hook.py
[2025-04-25T01:19:42.964+0000] {processor.py:925} INFO - DAG(s) 'snowflake_hook' retrieved from /opt/airflow/dags/snowflake_hook.py
[2025-04-25T01:19:42.977+0000] {logging_mixin.py:190} INFO - [2025-04-25T01:19:42.977+0000] {dag.py:3239} INFO - Sync 1 DAGs
[2025-04-25T01:19:42.991+0000] {logging_mixin.py:190} INFO - [2025-04-25T01:19:42.990+0000] {dag.py:4180} INFO - Setting next_dagrun for snowflake_hook to None, run_after=None
[2025-04-25T01:19:43.001+0000] {processor.py:208} INFO - Processing /opt/airflow/dags/snowflake_hook.py took 0.053 seconds
[2025-04-25T01:20:13.322+0000] {processor.py:186} INFO - Started process (PID=25541) to work on /opt/airflow/dags/snowflake_hook.py
[2025-04-25T01:20:13.323+0000] {processor.py:914} INFO - Processing file /opt/airflow/dags/snowflake_hook.py for tasks to queue
[2025-04-25T01:20:13.328+0000] {logging_mixin.py:190} INFO - [2025-04-25T01:20:13.327+0000] {dagbag.py:588} INFO - Filling up the DagBag from /opt/airflow/dags/snowflake_hook.py
[2025-04-25T01:20:13.354+0000] {processor.py:925} INFO - DAG(s) 'snowflake_hook' retrieved from /opt/airflow/dags/snowflake_hook.py
[2025-04-25T01:20:13.368+0000] {logging_mixin.py:190} INFO - [2025-04-25T01:20:13.367+0000] {dag.py:3239} INFO - Sync 1 DAGs
[2025-04-25T01:20:13.386+0000] {logging_mixin.py:190} INFO - [2025-04-25T01:20:13.385+0000] {dag.py:4180} INFO - Setting next_dagrun for snowflake_hook to None, run_after=None
[2025-04-25T01:20:13.399+0000] {processor.py:208} INFO - Processing /opt/airflow/dags/snowflake_hook.py took 0.081 seconds
[2025-04-25T01:20:43.700+0000] {processor.py:186} INFO - Started process (PID=25561) to work on /opt/airflow/dags/snowflake_hook.py
[2025-04-25T01:20:43.702+0000] {processor.py:914} INFO - Processing file /opt/airflow/dags/snowflake_hook.py for tasks to queue
[2025-04-25T01:20:43.706+0000] {logging_mixin.py:190} INFO - [2025-04-25T01:20:43.705+0000] {dagbag.py:588} INFO - Filling up the DagBag from /opt/airflow/dags/snowflake_hook.py
[2025-04-25T01:20:43.732+0000] {processor.py:925} INFO - DAG(s) 'snowflake_hook' retrieved from /opt/airflow/dags/snowflake_hook.py
[2025-04-25T01:20:43.748+0000] {logging_mixin.py:190} INFO - [2025-04-25T01:20:43.748+0000] {dag.py:3239} INFO - Sync 1 DAGs
[2025-04-25T01:20:43.766+0000] {logging_mixin.py:190} INFO - [2025-04-25T01:20:43.766+0000] {dag.py:4180} INFO - Setting next_dagrun for snowflake_hook to None, run_after=None
[2025-04-25T01:20:43.778+0000] {processor.py:208} INFO - Processing /opt/airflow/dags/snowflake_hook.py took 0.082 seconds
[2025-04-25T01:21:14.217+0000] {processor.py:186} INFO - Started process (PID=25582) to work on /opt/airflow/dags/snowflake_hook.py
[2025-04-25T01:21:14.221+0000] {processor.py:914} INFO - Processing file /opt/airflow/dags/snowflake_hook.py for tasks to queue
[2025-04-25T01:21:14.228+0000] {logging_mixin.py:190} INFO - [2025-04-25T01:21:14.227+0000] {dagbag.py:588} INFO - Filling up the DagBag from /opt/airflow/dags/snowflake_hook.py
[2025-04-25T01:21:14.272+0000] {processor.py:925} INFO - DAG(s) 'snowflake_hook' retrieved from /opt/airflow/dags/snowflake_hook.py
[2025-04-25T01:21:14.316+0000] {logging_mixin.py:190} INFO - [2025-04-25T01:21:14.315+0000] {dag.py:3239} INFO - Sync 1 DAGs
[2025-04-25T01:21:14.349+0000] {logging_mixin.py:190} INFO - [2025-04-25T01:21:14.349+0000] {dag.py:4180} INFO - Setting next_dagrun for snowflake_hook to None, run_after=None
[2025-04-25T01:21:14.378+0000] {processor.py:208} INFO - Processing /opt/airflow/dags/snowflake_hook.py took 0.174 seconds
[2025-04-25T01:21:44.830+0000] {processor.py:186} INFO - Started process (PID=25603) to work on /opt/airflow/dags/snowflake_hook.py
[2025-04-25T01:21:44.832+0000] {processor.py:914} INFO - Processing file /opt/airflow/dags/snowflake_hook.py for tasks to queue
[2025-04-25T01:21:44.838+0000] {logging_mixin.py:190} INFO - [2025-04-25T01:21:44.837+0000] {dagbag.py:588} INFO - Filling up the DagBag from /opt/airflow/dags/snowflake_hook.py
[2025-04-25T01:21:44.873+0000] {processor.py:925} INFO - DAG(s) 'snowflake_hook' retrieved from /opt/airflow/dags/snowflake_hook.py
[2025-04-25T01:21:44.909+0000] {logging_mixin.py:190} INFO - [2025-04-25T01:21:44.908+0000] {dag.py:3239} INFO - Sync 1 DAGs
[2025-04-25T01:21:44.937+0000] {logging_mixin.py:190} INFO - [2025-04-25T01:21:44.937+0000] {dag.py:4180} INFO - Setting next_dagrun for snowflake_hook to None, run_after=None
[2025-04-25T01:21:44.963+0000] {processor.py:208} INFO - Processing /opt/airflow/dags/snowflake_hook.py took 0.142 seconds
[2025-04-25T01:22:15.358+0000] {processor.py:186} INFO - Started process (PID=25624) to work on /opt/airflow/dags/snowflake_hook.py
[2025-04-25T01:22:15.361+0000] {processor.py:914} INFO - Processing file /opt/airflow/dags/snowflake_hook.py for tasks to queue
[2025-04-25T01:22:15.365+0000] {logging_mixin.py:190} INFO - [2025-04-25T01:22:15.364+0000] {dagbag.py:588} INFO - Filling up the DagBag from /opt/airflow/dags/snowflake_hook.py
[2025-04-25T01:22:15.385+0000] {processor.py:925} INFO - DAG(s) 'snowflake_hook' retrieved from /opt/airflow/dags/snowflake_hook.py
[2025-04-25T01:22:15.417+0000] {logging_mixin.py:190} INFO - [2025-04-25T01:22:15.416+0000] {dag.py:3239} INFO - Sync 1 DAGs
[2025-04-25T01:22:15.447+0000] {logging_mixin.py:190} INFO - [2025-04-25T01:22:15.446+0000] {dag.py:4180} INFO - Setting next_dagrun for snowflake_hook to None, run_after=None
[2025-04-25T01:22:15.476+0000] {processor.py:208} INFO - Processing /opt/airflow/dags/snowflake_hook.py took 0.129 seconds
[2025-04-25T01:22:45.866+0000] {processor.py:186} INFO - Started process (PID=25645) to work on /opt/airflow/dags/snowflake_hook.py
[2025-04-25T01:22:45.869+0000] {processor.py:914} INFO - Processing file /opt/airflow/dags/snowflake_hook.py for tasks to queue
[2025-04-25T01:22:45.875+0000] {logging_mixin.py:190} INFO - [2025-04-25T01:22:45.875+0000] {dagbag.py:588} INFO - Filling up the DagBag from /opt/airflow/dags/snowflake_hook.py
[2025-04-25T01:22:45.895+0000] {processor.py:925} INFO - DAG(s) 'snowflake_hook' retrieved from /opt/airflow/dags/snowflake_hook.py
[2025-04-25T01:22:45.924+0000] {logging_mixin.py:190} INFO - [2025-04-25T01:22:45.923+0000] {dag.py:3239} INFO - Sync 1 DAGs
[2025-04-25T01:22:45.957+0000] {logging_mixin.py:190} INFO - [2025-04-25T01:22:45.956+0000] {dag.py:4180} INFO - Setting next_dagrun for snowflake_hook to None, run_after=None
[2025-04-25T01:22:45.991+0000] {processor.py:208} INFO - Processing /opt/airflow/dags/snowflake_hook.py took 0.136 seconds
[2025-04-25T01:23:16.237+0000] {processor.py:186} INFO - Started process (PID=25666) to work on /opt/airflow/dags/snowflake_hook.py
[2025-04-25T01:23:16.240+0000] {processor.py:914} INFO - Processing file /opt/airflow/dags/snowflake_hook.py for tasks to queue
[2025-04-25T01:23:16.246+0000] {logging_mixin.py:190} INFO - [2025-04-25T01:23:16.245+0000] {dagbag.py:588} INFO - Filling up the DagBag from /opt/airflow/dags/snowflake_hook.py
[2025-04-25T01:23:16.273+0000] {processor.py:925} INFO - DAG(s) 'snowflake_hook' retrieved from /opt/airflow/dags/snowflake_hook.py
[2025-04-25T01:23:16.312+0000] {logging_mixin.py:190} INFO - [2025-04-25T01:23:16.311+0000] {dag.py:3239} INFO - Sync 1 DAGs
[2025-04-25T01:23:16.347+0000] {logging_mixin.py:190} INFO - [2025-04-25T01:23:16.347+0000] {dag.py:4180} INFO - Setting next_dagrun for snowflake_hook to None, run_after=None
[2025-04-25T01:23:16.377+0000] {processor.py:208} INFO - Processing /opt/airflow/dags/snowflake_hook.py took 0.149 seconds
[2025-04-25T01:23:46.809+0000] {processor.py:186} INFO - Started process (PID=25687) to work on /opt/airflow/dags/snowflake_hook.py
[2025-04-25T01:23:46.811+0000] {processor.py:914} INFO - Processing file /opt/airflow/dags/snowflake_hook.py for tasks to queue
[2025-04-25T01:23:46.816+0000] {logging_mixin.py:190} INFO - [2025-04-25T01:23:46.815+0000] {dagbag.py:588} INFO - Filling up the DagBag from /opt/airflow/dags/snowflake_hook.py
[2025-04-25T01:23:46.838+0000] {processor.py:925} INFO - DAG(s) 'snowflake_hook' retrieved from /opt/airflow/dags/snowflake_hook.py
[2025-04-25T01:23:46.872+0000] {logging_mixin.py:190} INFO - [2025-04-25T01:23:46.871+0000] {dag.py:3239} INFO - Sync 1 DAGs
[2025-04-25T01:23:46.903+0000] {logging_mixin.py:190} INFO - [2025-04-25T01:23:46.903+0000] {dag.py:4180} INFO - Setting next_dagrun for snowflake_hook to None, run_after=None
[2025-04-25T01:23:46.929+0000] {processor.py:208} INFO - Processing /opt/airflow/dags/snowflake_hook.py took 0.128 seconds
[2025-04-25T01:24:17.323+0000] {processor.py:186} INFO - Started process (PID=25708) to work on /opt/airflow/dags/snowflake_hook.py
[2025-04-25T01:24:17.326+0000] {processor.py:914} INFO - Processing file /opt/airflow/dags/snowflake_hook.py for tasks to queue
[2025-04-25T01:24:17.330+0000] {logging_mixin.py:190} INFO - [2025-04-25T01:24:17.330+0000] {dagbag.py:588} INFO - Filling up the DagBag from /opt/airflow/dags/snowflake_hook.py
[2025-04-25T01:24:17.350+0000] {processor.py:925} INFO - DAG(s) 'snowflake_hook' retrieved from /opt/airflow/dags/snowflake_hook.py
[2025-04-25T01:24:17.386+0000] {logging_mixin.py:190} INFO - [2025-04-25T01:24:17.385+0000] {dag.py:3239} INFO - Sync 1 DAGs
[2025-04-25T01:24:17.416+0000] {logging_mixin.py:190} INFO - [2025-04-25T01:24:17.416+0000] {dag.py:4180} INFO - Setting next_dagrun for snowflake_hook to None, run_after=None
[2025-04-25T01:24:17.443+0000] {processor.py:208} INFO - Processing /opt/airflow/dags/snowflake_hook.py took 0.129 seconds
[2025-04-25T01:24:47.847+0000] {processor.py:186} INFO - Started process (PID=25729) to work on /opt/airflow/dags/snowflake_hook.py
[2025-04-25T01:24:47.849+0000] {processor.py:914} INFO - Processing file /opt/airflow/dags/snowflake_hook.py for tasks to queue
[2025-04-25T01:24:47.855+0000] {logging_mixin.py:190} INFO - [2025-04-25T01:24:47.854+0000] {dagbag.py:588} INFO - Filling up the DagBag from /opt/airflow/dags/snowflake_hook.py
[2025-04-25T01:24:47.878+0000] {processor.py:925} INFO - DAG(s) 'snowflake_hook' retrieved from /opt/airflow/dags/snowflake_hook.py
[2025-04-25T01:24:47.909+0000] {logging_mixin.py:190} INFO - [2025-04-25T01:24:47.908+0000] {dag.py:3239} INFO - Sync 1 DAGs
[2025-04-25T01:24:47.937+0000] {logging_mixin.py:190} INFO - [2025-04-25T01:24:47.936+0000] {dag.py:4180} INFO - Setting next_dagrun for snowflake_hook to None, run_after=None
[2025-04-25T01:24:47.963+0000] {processor.py:208} INFO - Processing /opt/airflow/dags/snowflake_hook.py took 0.125 seconds
[2025-04-25T01:25:18.345+0000] {processor.py:186} INFO - Started process (PID=25749) to work on /opt/airflow/dags/snowflake_hook.py
[2025-04-25T01:25:18.348+0000] {processor.py:914} INFO - Processing file /opt/airflow/dags/snowflake_hook.py for tasks to queue
[2025-04-25T01:25:18.354+0000] {logging_mixin.py:190} INFO - [2025-04-25T01:25:18.353+0000] {dagbag.py:588} INFO - Filling up the DagBag from /opt/airflow/dags/snowflake_hook.py
[2025-04-25T01:25:18.376+0000] {processor.py:925} INFO - DAG(s) 'snowflake_hook' retrieved from /opt/airflow/dags/snowflake_hook.py
[2025-04-25T01:25:18.417+0000] {logging_mixin.py:190} INFO - [2025-04-25T01:25:18.416+0000] {dag.py:3239} INFO - Sync 1 DAGs
[2025-04-25T01:25:18.455+0000] {logging_mixin.py:190} INFO - [2025-04-25T01:25:18.455+0000] {dag.py:4180} INFO - Setting next_dagrun for snowflake_hook to None, run_after=None
[2025-04-25T01:25:18.486+0000] {processor.py:208} INFO - Processing /opt/airflow/dags/snowflake_hook.py took 0.152 seconds
[2025-04-25T01:25:48.891+0000] {processor.py:186} INFO - Started process (PID=25770) to work on /opt/airflow/dags/snowflake_hook.py
[2025-04-25T01:25:48.895+0000] {processor.py:914} INFO - Processing file /opt/airflow/dags/snowflake_hook.py for tasks to queue
[2025-04-25T01:25:48.903+0000] {logging_mixin.py:190} INFO - [2025-04-25T01:25:48.899+0000] {dagbag.py:588} INFO - Filling up the DagBag from /opt/airflow/dags/snowflake_hook.py
[2025-04-25T01:25:48.928+0000] {processor.py:925} INFO - DAG(s) 'snowflake_hook' retrieved from /opt/airflow/dags/snowflake_hook.py
[2025-04-25T01:25:48.964+0000] {logging_mixin.py:190} INFO - [2025-04-25T01:25:48.963+0000] {dag.py:3239} INFO - Sync 1 DAGs
[2025-04-25T01:25:49.006+0000] {logging_mixin.py:190} INFO - [2025-04-25T01:25:49.006+0000] {dag.py:4180} INFO - Setting next_dagrun for snowflake_hook to None, run_after=None
[2025-04-25T01:25:49.039+0000] {processor.py:208} INFO - Processing /opt/airflow/dags/snowflake_hook.py took 0.160 seconds
[2025-04-25T01:26:19.169+0000] {processor.py:186} INFO - Started process (PID=25790) to work on /opt/airflow/dags/snowflake_hook.py
[2025-04-25T01:26:19.170+0000] {processor.py:914} INFO - Processing file /opt/airflow/dags/snowflake_hook.py for tasks to queue
[2025-04-25T01:26:19.174+0000] {logging_mixin.py:190} INFO - [2025-04-25T01:26:19.174+0000] {dagbag.py:588} INFO - Filling up the DagBag from /opt/airflow/dags/snowflake_hook.py
[2025-04-25T01:26:19.189+0000] {processor.py:925} INFO - DAG(s) 'snowflake_hook' retrieved from /opt/airflow/dags/snowflake_hook.py
[2025-04-25T01:26:19.210+0000] {logging_mixin.py:190} INFO - [2025-04-25T01:26:19.209+0000] {dag.py:3239} INFO - Sync 1 DAGs
[2025-04-25T01:26:19.231+0000] {logging_mixin.py:190} INFO - [2025-04-25T01:26:19.231+0000] {dag.py:4180} INFO - Setting next_dagrun for snowflake_hook to None, run_after=None
[2025-04-25T01:26:19.251+0000] {processor.py:208} INFO - Processing /opt/airflow/dags/snowflake_hook.py took 0.088 seconds
[2025-04-25T01:26:49.618+0000] {processor.py:186} INFO - Started process (PID=25811) to work on /opt/airflow/dags/snowflake_hook.py
[2025-04-25T01:26:49.620+0000] {processor.py:914} INFO - Processing file /opt/airflow/dags/snowflake_hook.py for tasks to queue
[2025-04-25T01:26:49.623+0000] {logging_mixin.py:190} INFO - [2025-04-25T01:26:49.623+0000] {dagbag.py:588} INFO - Filling up the DagBag from /opt/airflow/dags/snowflake_hook.py
[2025-04-25T01:26:49.640+0000] {processor.py:925} INFO - DAG(s) 'snowflake_hook' retrieved from /opt/airflow/dags/snowflake_hook.py
[2025-04-25T01:26:49.662+0000] {logging_mixin.py:190} INFO - [2025-04-25T01:26:49.661+0000] {dag.py:3239} INFO - Sync 1 DAGs
[2025-04-25T01:26:49.681+0000] {logging_mixin.py:190} INFO - [2025-04-25T01:26:49.681+0000] {dag.py:4180} INFO - Setting next_dagrun for snowflake_hook to None, run_after=None
[2025-04-25T01:26:49.697+0000] {processor.py:208} INFO - Processing /opt/airflow/dags/snowflake_hook.py took 0.085 seconds
[2025-04-25T01:27:20.048+0000] {processor.py:186} INFO - Started process (PID=25832) to work on /opt/airflow/dags/snowflake_hook.py
[2025-04-25T01:27:20.051+0000] {processor.py:914} INFO - Processing file /opt/airflow/dags/snowflake_hook.py for tasks to queue
[2025-04-25T01:27:20.054+0000] {logging_mixin.py:190} INFO - [2025-04-25T01:27:20.054+0000] {dagbag.py:588} INFO - Filling up the DagBag from /opt/airflow/dags/snowflake_hook.py
[2025-04-25T01:27:20.071+0000] {processor.py:925} INFO - DAG(s) 'snowflake_hook' retrieved from /opt/airflow/dags/snowflake_hook.py
[2025-04-25T01:27:20.091+0000] {logging_mixin.py:190} INFO - [2025-04-25T01:27:20.091+0000] {dag.py:3239} INFO - Sync 1 DAGs
[2025-04-25T01:27:20.110+0000] {logging_mixin.py:190} INFO - [2025-04-25T01:27:20.110+0000] {dag.py:4180} INFO - Setting next_dagrun for snowflake_hook to None, run_after=None
[2025-04-25T01:27:20.127+0000] {processor.py:208} INFO - Processing /opt/airflow/dags/snowflake_hook.py took 0.084 seconds
[2025-04-25T01:27:50.473+0000] {processor.py:186} INFO - Started process (PID=25853) to work on /opt/airflow/dags/snowflake_hook.py
[2025-04-25T01:27:50.475+0000] {processor.py:914} INFO - Processing file /opt/airflow/dags/snowflake_hook.py for tasks to queue
[2025-04-25T01:27:50.478+0000] {logging_mixin.py:190} INFO - [2025-04-25T01:27:50.478+0000] {dagbag.py:588} INFO - Filling up the DagBag from /opt/airflow/dags/snowflake_hook.py
[2025-04-25T01:27:50.496+0000] {processor.py:925} INFO - DAG(s) 'snowflake_hook' retrieved from /opt/airflow/dags/snowflake_hook.py
[2025-04-25T01:27:50.516+0000] {logging_mixin.py:190} INFO - [2025-04-25T01:27:50.516+0000] {dag.py:3239} INFO - Sync 1 DAGs
[2025-04-25T01:27:50.536+0000] {logging_mixin.py:190} INFO - [2025-04-25T01:27:50.536+0000] {dag.py:4180} INFO - Setting next_dagrun for snowflake_hook to None, run_after=None
[2025-04-25T01:27:50.556+0000] {processor.py:208} INFO - Processing /opt/airflow/dags/snowflake_hook.py took 0.089 seconds
[2025-04-25T01:28:20.907+0000] {processor.py:186} INFO - Started process (PID=25874) to work on /opt/airflow/dags/snowflake_hook.py
[2025-04-25T01:28:20.910+0000] {processor.py:914} INFO - Processing file /opt/airflow/dags/snowflake_hook.py for tasks to queue
[2025-04-25T01:28:20.915+0000] {logging_mixin.py:190} INFO - [2025-04-25T01:28:20.914+0000] {dagbag.py:588} INFO - Filling up the DagBag from /opt/airflow/dags/snowflake_hook.py
[2025-04-25T01:28:20.944+0000] {processor.py:925} INFO - DAG(s) 'snowflake_hook' retrieved from /opt/airflow/dags/snowflake_hook.py
[2025-04-25T01:28:20.975+0000] {logging_mixin.py:190} INFO - [2025-04-25T01:28:20.974+0000] {dag.py:3239} INFO - Sync 1 DAGs
[2025-04-25T01:28:21.003+0000] {logging_mixin.py:190} INFO - [2025-04-25T01:28:21.003+0000] {dag.py:4180} INFO - Setting next_dagrun for snowflake_hook to None, run_after=None
[2025-04-25T01:28:21.028+0000] {processor.py:208} INFO - Processing /opt/airflow/dags/snowflake_hook.py took 0.131 seconds
[2025-04-25T01:28:51.420+0000] {processor.py:186} INFO - Started process (PID=25895) to work on /opt/airflow/dags/snowflake_hook.py
[2025-04-25T01:28:51.421+0000] {processor.py:914} INFO - Processing file /opt/airflow/dags/snowflake_hook.py for tasks to queue
[2025-04-25T01:28:51.426+0000] {logging_mixin.py:190} INFO - [2025-04-25T01:28:51.425+0000] {dagbag.py:588} INFO - Filling up the DagBag from /opt/airflow/dags/snowflake_hook.py
[2025-04-25T01:28:51.445+0000] {processor.py:925} INFO - DAG(s) 'snowflake_hook' retrieved from /opt/airflow/dags/snowflake_hook.py
[2025-04-25T01:28:51.494+0000] {logging_mixin.py:190} INFO - [2025-04-25T01:28:51.494+0000] {dag.py:3239} INFO - Sync 1 DAGs
[2025-04-25T01:28:51.523+0000] {logging_mixin.py:190} INFO - [2025-04-25T01:28:51.523+0000] {dag.py:4180} INFO - Setting next_dagrun for snowflake_hook to None, run_after=None
[2025-04-25T01:28:51.549+0000] {processor.py:208} INFO - Processing /opt/airflow/dags/snowflake_hook.py took 0.136 seconds
[2025-04-25T01:29:21.906+0000] {processor.py:186} INFO - Started process (PID=25916) to work on /opt/airflow/dags/snowflake_hook.py
[2025-04-25T01:29:21.908+0000] {processor.py:914} INFO - Processing file /opt/airflow/dags/snowflake_hook.py for tasks to queue
[2025-04-25T01:29:21.914+0000] {logging_mixin.py:190} INFO - [2025-04-25T01:29:21.913+0000] {dagbag.py:588} INFO - Filling up the DagBag from /opt/airflow/dags/snowflake_hook.py
[2025-04-25T01:29:21.941+0000] {processor.py:925} INFO - DAG(s) 'snowflake_hook' retrieved from /opt/airflow/dags/snowflake_hook.py
[2025-04-25T01:29:21.973+0000] {logging_mixin.py:190} INFO - [2025-04-25T01:29:21.972+0000] {dag.py:3239} INFO - Sync 1 DAGs
[2025-04-25T01:29:22.000+0000] {logging_mixin.py:190} INFO - [2025-04-25T01:29:22.000+0000] {dag.py:4180} INFO - Setting next_dagrun for snowflake_hook to None, run_after=None
[2025-04-25T01:29:22.026+0000] {processor.py:208} INFO - Processing /opt/airflow/dags/snowflake_hook.py took 0.130 seconds
[2025-04-25T01:29:52.453+0000] {processor.py:186} INFO - Started process (PID=25937) to work on /opt/airflow/dags/snowflake_hook.py
[2025-04-25T01:29:52.455+0000] {processor.py:914} INFO - Processing file /opt/airflow/dags/snowflake_hook.py for tasks to queue
[2025-04-25T01:29:52.461+0000] {logging_mixin.py:190} INFO - [2025-04-25T01:29:52.461+0000] {dagbag.py:588} INFO - Filling up the DagBag from /opt/airflow/dags/snowflake_hook.py
[2025-04-25T01:29:52.485+0000] {processor.py:925} INFO - DAG(s) 'snowflake_hook' retrieved from /opt/airflow/dags/snowflake_hook.py
[2025-04-25T01:29:52.515+0000] {logging_mixin.py:190} INFO - [2025-04-25T01:29:52.515+0000] {dag.py:3239} INFO - Sync 1 DAGs
[2025-04-25T01:29:52.552+0000] {logging_mixin.py:190} INFO - [2025-04-25T01:29:52.552+0000] {dag.py:4180} INFO - Setting next_dagrun for snowflake_hook to None, run_after=None
[2025-04-25T01:29:52.577+0000] {processor.py:208} INFO - Processing /opt/airflow/dags/snowflake_hook.py took 0.131 seconds
[2025-04-25T01:30:22.953+0000] {processor.py:186} INFO - Started process (PID=25958) to work on /opt/airflow/dags/snowflake_hook.py
[2025-04-25T01:30:22.954+0000] {processor.py:914} INFO - Processing file /opt/airflow/dags/snowflake_hook.py for tasks to queue
[2025-04-25T01:30:22.959+0000] {logging_mixin.py:190} INFO - [2025-04-25T01:30:22.958+0000] {dagbag.py:588} INFO - Filling up the DagBag from /opt/airflow/dags/snowflake_hook.py
[2025-04-25T01:30:22.989+0000] {processor.py:925} INFO - DAG(s) 'snowflake_hook' retrieved from /opt/airflow/dags/snowflake_hook.py
[2025-04-25T01:30:23.028+0000] {logging_mixin.py:190} INFO - [2025-04-25T01:30:23.027+0000] {dag.py:3239} INFO - Sync 1 DAGs
[2025-04-25T01:30:23.061+0000] {logging_mixin.py:190} INFO - [2025-04-25T01:30:23.060+0000] {dag.py:4180} INFO - Setting next_dagrun for snowflake_hook to None, run_after=None
[2025-04-25T01:30:23.095+0000] {processor.py:208} INFO - Processing /opt/airflow/dags/snowflake_hook.py took 0.150 seconds
[2025-04-25T01:30:53.315+0000] {processor.py:186} INFO - Started process (PID=25979) to work on /opt/airflow/dags/snowflake_hook.py
[2025-04-25T01:30:53.317+0000] {processor.py:914} INFO - Processing file /opt/airflow/dags/snowflake_hook.py for tasks to queue
[2025-04-25T01:30:53.322+0000] {logging_mixin.py:190} INFO - [2025-04-25T01:30:53.321+0000] {dagbag.py:588} INFO - Filling up the DagBag from /opt/airflow/dags/snowflake_hook.py
[2025-04-25T01:30:53.347+0000] {processor.py:925} INFO - DAG(s) 'snowflake_hook' retrieved from /opt/airflow/dags/snowflake_hook.py
[2025-04-25T01:30:53.379+0000] {logging_mixin.py:190} INFO - [2025-04-25T01:30:53.378+0000] {dag.py:3239} INFO - Sync 1 DAGs
[2025-04-25T01:30:53.407+0000] {logging_mixin.py:190} INFO - [2025-04-25T01:30:53.407+0000] {dag.py:4180} INFO - Setting next_dagrun for snowflake_hook to None, run_after=None
[2025-04-25T01:30:53.434+0000] {processor.py:208} INFO - Processing /opt/airflow/dags/snowflake_hook.py took 0.129 seconds
[2025-04-25T01:31:23.857+0000] {processor.py:186} INFO - Started process (PID=25999) to work on /opt/airflow/dags/snowflake_hook.py
[2025-04-25T01:31:23.861+0000] {processor.py:914} INFO - Processing file /opt/airflow/dags/snowflake_hook.py for tasks to queue
[2025-04-25T01:31:23.867+0000] {logging_mixin.py:190} INFO - [2025-04-25T01:31:23.866+0000] {dagbag.py:588} INFO - Filling up the DagBag from /opt/airflow/dags/snowflake_hook.py
[2025-04-25T01:31:23.894+0000] {processor.py:925} INFO - DAG(s) 'snowflake_hook' retrieved from /opt/airflow/dags/snowflake_hook.py
[2025-04-25T01:31:23.924+0000] {logging_mixin.py:190} INFO - [2025-04-25T01:31:23.924+0000] {dag.py:3239} INFO - Sync 1 DAGs
[2025-04-25T01:31:23.950+0000] {logging_mixin.py:190} INFO - [2025-04-25T01:31:23.950+0000] {dag.py:4180} INFO - Setting next_dagrun for snowflake_hook to None, run_after=None
[2025-04-25T01:31:23.975+0000] {processor.py:208} INFO - Processing /opt/airflow/dags/snowflake_hook.py took 0.127 seconds
[2025-04-25T01:31:54.375+0000] {processor.py:186} INFO - Started process (PID=26020) to work on /opt/airflow/dags/snowflake_hook.py
[2025-04-25T01:31:54.378+0000] {processor.py:914} INFO - Processing file /opt/airflow/dags/snowflake_hook.py for tasks to queue
[2025-04-25T01:31:54.382+0000] {logging_mixin.py:190} INFO - [2025-04-25T01:31:54.382+0000] {dagbag.py:588} INFO - Filling up the DagBag from /opt/airflow/dags/snowflake_hook.py
[2025-04-25T01:31:54.401+0000] {processor.py:925} INFO - DAG(s) 'snowflake_hook' retrieved from /opt/airflow/dags/snowflake_hook.py
[2025-04-25T01:31:54.432+0000] {logging_mixin.py:190} INFO - [2025-04-25T01:31:54.431+0000] {dag.py:3239} INFO - Sync 1 DAGs
[2025-04-25T01:31:54.459+0000] {logging_mixin.py:190} INFO - [2025-04-25T01:31:54.459+0000] {dag.py:4180} INFO - Setting next_dagrun for snowflake_hook to None, run_after=None
[2025-04-25T01:31:54.482+0000] {processor.py:208} INFO - Processing /opt/airflow/dags/snowflake_hook.py took 0.114 seconds
[2025-04-25T01:32:24.720+0000] {processor.py:186} INFO - Started process (PID=26041) to work on /opt/airflow/dags/snowflake_hook.py
[2025-04-25T01:32:24.723+0000] {processor.py:914} INFO - Processing file /opt/airflow/dags/snowflake_hook.py for tasks to queue
[2025-04-25T01:32:24.726+0000] {logging_mixin.py:190} INFO - [2025-04-25T01:32:24.726+0000] {dagbag.py:588} INFO - Filling up the DagBag from /opt/airflow/dags/snowflake_hook.py
[2025-04-25T01:32:24.754+0000] {processor.py:925} INFO - DAG(s) 'snowflake_hook' retrieved from /opt/airflow/dags/snowflake_hook.py
[2025-04-25T01:32:24.788+0000] {logging_mixin.py:190} INFO - [2025-04-25T01:32:24.787+0000] {dag.py:3239} INFO - Sync 1 DAGs
[2025-04-25T01:32:24.818+0000] {logging_mixin.py:190} INFO - [2025-04-25T01:32:24.818+0000] {dag.py:4180} INFO - Setting next_dagrun for snowflake_hook to None, run_after=None
[2025-04-25T01:32:24.845+0000] {processor.py:208} INFO - Processing /opt/airflow/dags/snowflake_hook.py took 0.134 seconds
[2025-04-25T01:32:55.233+0000] {processor.py:186} INFO - Started process (PID=26062) to work on /opt/airflow/dags/snowflake_hook.py
[2025-04-25T01:32:55.235+0000] {processor.py:914} INFO - Processing file /opt/airflow/dags/snowflake_hook.py for tasks to queue
[2025-04-25T01:32:55.239+0000] {logging_mixin.py:190} INFO - [2025-04-25T01:32:55.239+0000] {dagbag.py:588} INFO - Filling up the DagBag from /opt/airflow/dags/snowflake_hook.py
[2025-04-25T01:32:55.265+0000] {processor.py:925} INFO - DAG(s) 'snowflake_hook' retrieved from /opt/airflow/dags/snowflake_hook.py
[2025-04-25T01:32:55.297+0000] {logging_mixin.py:190} INFO - [2025-04-25T01:32:55.296+0000] {dag.py:3239} INFO - Sync 1 DAGs
[2025-04-25T01:32:55.331+0000] {logging_mixin.py:190} INFO - [2025-04-25T01:32:55.330+0000] {dag.py:4180} INFO - Setting next_dagrun for snowflake_hook to None, run_after=None
[2025-04-25T01:32:55.358+0000] {processor.py:208} INFO - Processing /opt/airflow/dags/snowflake_hook.py took 0.134 seconds
[2025-04-25T01:33:25.730+0000] {processor.py:186} INFO - Started process (PID=26083) to work on /opt/airflow/dags/snowflake_hook.py
[2025-04-25T01:33:25.732+0000] {processor.py:914} INFO - Processing file /opt/airflow/dags/snowflake_hook.py for tasks to queue
[2025-04-25T01:33:25.737+0000] {logging_mixin.py:190} INFO - [2025-04-25T01:33:25.736+0000] {dagbag.py:588} INFO - Filling up the DagBag from /opt/airflow/dags/snowflake_hook.py
[2025-04-25T01:33:25.760+0000] {processor.py:925} INFO - DAG(s) 'snowflake_hook' retrieved from /opt/airflow/dags/snowflake_hook.py
[2025-04-25T01:33:25.791+0000] {logging_mixin.py:190} INFO - [2025-04-25T01:33:25.790+0000] {dag.py:3239} INFO - Sync 1 DAGs
[2025-04-25T01:33:25.819+0000] {logging_mixin.py:190} INFO - [2025-04-25T01:33:25.819+0000] {dag.py:4180} INFO - Setting next_dagrun for snowflake_hook to None, run_after=None
[2025-04-25T01:33:25.844+0000] {processor.py:208} INFO - Processing /opt/airflow/dags/snowflake_hook.py took 0.123 seconds
[2025-04-25T01:33:56.216+0000] {processor.py:186} INFO - Started process (PID=26104) to work on /opt/airflow/dags/snowflake_hook.py
[2025-04-25T01:33:56.219+0000] {processor.py:914} INFO - Processing file /opt/airflow/dags/snowflake_hook.py for tasks to queue
[2025-04-25T01:33:56.224+0000] {logging_mixin.py:190} INFO - [2025-04-25T01:33:56.223+0000] {dagbag.py:588} INFO - Filling up the DagBag from /opt/airflow/dags/snowflake_hook.py
[2025-04-25T01:33:56.248+0000] {processor.py:925} INFO - DAG(s) 'snowflake_hook' retrieved from /opt/airflow/dags/snowflake_hook.py
[2025-04-25T01:33:56.280+0000] {logging_mixin.py:190} INFO - [2025-04-25T01:33:56.279+0000] {dag.py:3239} INFO - Sync 1 DAGs
[2025-04-25T01:33:56.309+0000] {logging_mixin.py:190} INFO - [2025-04-25T01:33:56.309+0000] {dag.py:4180} INFO - Setting next_dagrun for snowflake_hook to None, run_after=None
[2025-04-25T01:33:56.333+0000] {processor.py:208} INFO - Processing /opt/airflow/dags/snowflake_hook.py took 0.125 seconds
[2025-04-25T01:34:26.703+0000] {processor.py:186} INFO - Started process (PID=26125) to work on /opt/airflow/dags/snowflake_hook.py
[2025-04-25T01:34:26.705+0000] {processor.py:914} INFO - Processing file /opt/airflow/dags/snowflake_hook.py for tasks to queue
[2025-04-25T01:34:26.710+0000] {logging_mixin.py:190} INFO - [2025-04-25T01:34:26.709+0000] {dagbag.py:588} INFO - Filling up the DagBag from /opt/airflow/dags/snowflake_hook.py
[2025-04-25T01:34:26.734+0000] {processor.py:925} INFO - DAG(s) 'snowflake_hook' retrieved from /opt/airflow/dags/snowflake_hook.py
[2025-04-25T01:34:26.766+0000] {logging_mixin.py:190} INFO - [2025-04-25T01:34:26.765+0000] {dag.py:3239} INFO - Sync 1 DAGs
[2025-04-25T01:34:26.798+0000] {logging_mixin.py:190} INFO - [2025-04-25T01:34:26.798+0000] {dag.py:4180} INFO - Setting next_dagrun for snowflake_hook to None, run_after=None
[2025-04-25T01:34:26.822+0000] {processor.py:208} INFO - Processing /opt/airflow/dags/snowflake_hook.py took 0.127 seconds
[2025-04-25T01:34:57.345+0000] {processor.py:186} INFO - Started process (PID=26146) to work on /opt/airflow/dags/snowflake_hook.py
[2025-04-25T01:34:57.349+0000] {processor.py:914} INFO - Processing file /opt/airflow/dags/snowflake_hook.py for tasks to queue
[2025-04-25T01:34:57.354+0000] {logging_mixin.py:190} INFO - [2025-04-25T01:34:57.353+0000] {dagbag.py:588} INFO - Filling up the DagBag from /opt/airflow/dags/snowflake_hook.py
[2025-04-25T01:34:57.377+0000] {processor.py:925} INFO - DAG(s) 'snowflake_hook' retrieved from /opt/airflow/dags/snowflake_hook.py
[2025-04-25T01:34:57.406+0000] {logging_mixin.py:190} INFO - [2025-04-25T01:34:57.405+0000] {dag.py:3239} INFO - Sync 1 DAGs
[2025-04-25T01:34:57.435+0000] {logging_mixin.py:190} INFO - [2025-04-25T01:34:57.434+0000] {dag.py:4180} INFO - Setting next_dagrun for snowflake_hook to None, run_after=None
[2025-04-25T01:34:57.460+0000] {processor.py:208} INFO - Processing /opt/airflow/dags/snowflake_hook.py took 0.125 seconds
[2025-04-25T01:35:27.843+0000] {processor.py:186} INFO - Started process (PID=26173) to work on /opt/airflow/dags/snowflake_hook.py
[2025-04-25T01:35:27.846+0000] {processor.py:914} INFO - Processing file /opt/airflow/dags/snowflake_hook.py for tasks to queue
[2025-04-25T01:35:27.850+0000] {logging_mixin.py:190} INFO - [2025-04-25T01:35:27.849+0000] {dagbag.py:588} INFO - Filling up the DagBag from /opt/airflow/dags/snowflake_hook.py
[2025-04-25T01:35:27.873+0000] {processor.py:925} INFO - DAG(s) 'snowflake_hook' retrieved from /opt/airflow/dags/snowflake_hook.py
[2025-04-25T01:35:27.912+0000] {logging_mixin.py:190} INFO - [2025-04-25T01:35:27.911+0000] {dag.py:3239} INFO - Sync 1 DAGs
[2025-04-25T01:35:27.945+0000] {logging_mixin.py:190} INFO - [2025-04-25T01:35:27.945+0000] {dag.py:4180} INFO - Setting next_dagrun for snowflake_hook to None, run_after=None
[2025-04-25T01:35:27.972+0000] {processor.py:208} INFO - Processing /opt/airflow/dags/snowflake_hook.py took 0.138 seconds
[2025-04-25T01:35:58.370+0000] {processor.py:186} INFO - Started process (PID=26194) to work on /opt/airflow/dags/snowflake_hook.py
[2025-04-25T01:35:58.372+0000] {processor.py:914} INFO - Processing file /opt/airflow/dags/snowflake_hook.py for tasks to queue
[2025-04-25T01:35:58.377+0000] {logging_mixin.py:190} INFO - [2025-04-25T01:35:58.377+0000] {dagbag.py:588} INFO - Filling up the DagBag from /opt/airflow/dags/snowflake_hook.py
[2025-04-25T01:35:58.400+0000] {processor.py:925} INFO - DAG(s) 'snowflake_hook' retrieved from /opt/airflow/dags/snowflake_hook.py
[2025-04-25T01:35:58.437+0000] {logging_mixin.py:190} INFO - [2025-04-25T01:35:58.436+0000] {dag.py:3239} INFO - Sync 1 DAGs
[2025-04-25T01:35:58.467+0000] {logging_mixin.py:190} INFO - [2025-04-25T01:35:58.466+0000] {dag.py:4180} INFO - Setting next_dagrun for snowflake_hook to None, run_after=None
[2025-04-25T01:35:58.490+0000] {processor.py:208} INFO - Processing /opt/airflow/dags/snowflake_hook.py took 0.129 seconds
[2025-04-25T01:36:28.863+0000] {processor.py:186} INFO - Started process (PID=26215) to work on /opt/airflow/dags/snowflake_hook.py
[2025-04-25T01:36:28.865+0000] {processor.py:914} INFO - Processing file /opt/airflow/dags/snowflake_hook.py for tasks to queue
[2025-04-25T01:36:28.871+0000] {logging_mixin.py:190} INFO - [2025-04-25T01:36:28.870+0000] {dagbag.py:588} INFO - Filling up the DagBag from /opt/airflow/dags/snowflake_hook.py
[2025-04-25T01:36:28.897+0000] {processor.py:925} INFO - DAG(s) 'snowflake_hook' retrieved from /opt/airflow/dags/snowflake_hook.py
[2025-04-25T01:36:28.933+0000] {logging_mixin.py:190} INFO - [2025-04-25T01:36:28.932+0000] {dag.py:3239} INFO - Sync 1 DAGs
[2025-04-25T01:36:28.966+0000] {logging_mixin.py:190} INFO - [2025-04-25T01:36:28.966+0000] {dag.py:4180} INFO - Setting next_dagrun for snowflake_hook to None, run_after=None
[2025-04-25T01:36:28.997+0000] {processor.py:208} INFO - Processing /opt/airflow/dags/snowflake_hook.py took 0.143 seconds
[2025-04-25T01:36:59.399+0000] {processor.py:186} INFO - Started process (PID=26236) to work on /opt/airflow/dags/snowflake_hook.py
[2025-04-25T01:36:59.402+0000] {processor.py:914} INFO - Processing file /opt/airflow/dags/snowflake_hook.py for tasks to queue
[2025-04-25T01:36:59.407+0000] {logging_mixin.py:190} INFO - [2025-04-25T01:36:59.406+0000] {dagbag.py:588} INFO - Filling up the DagBag from /opt/airflow/dags/snowflake_hook.py
[2025-04-25T01:36:59.428+0000] {processor.py:925} INFO - DAG(s) 'snowflake_hook' retrieved from /opt/airflow/dags/snowflake_hook.py
[2025-04-25T01:36:59.467+0000] {logging_mixin.py:190} INFO - [2025-04-25T01:36:59.466+0000] {dag.py:3239} INFO - Sync 1 DAGs
[2025-04-25T01:36:59.500+0000] {logging_mixin.py:190} INFO - [2025-04-25T01:36:59.500+0000] {dag.py:4180} INFO - Setting next_dagrun for snowflake_hook to None, run_after=None
[2025-04-25T01:36:59.536+0000] {processor.py:208} INFO - Processing /opt/airflow/dags/snowflake_hook.py took 0.148 seconds
[2025-04-25T01:37:29.913+0000] {processor.py:186} INFO - Started process (PID=26257) to work on /opt/airflow/dags/snowflake_hook.py
[2025-04-25T01:37:29.915+0000] {processor.py:914} INFO - Processing file /opt/airflow/dags/snowflake_hook.py for tasks to queue
[2025-04-25T01:37:29.921+0000] {logging_mixin.py:190} INFO - [2025-04-25T01:37:29.920+0000] {dagbag.py:588} INFO - Filling up the DagBag from /opt/airflow/dags/snowflake_hook.py
[2025-04-25T01:37:29.944+0000] {processor.py:925} INFO - DAG(s) 'snowflake_hook' retrieved from /opt/airflow/dags/snowflake_hook.py
[2025-04-25T01:37:29.976+0000] {logging_mixin.py:190} INFO - [2025-04-25T01:37:29.975+0000] {dag.py:3239} INFO - Sync 1 DAGs
[2025-04-25T01:37:30.009+0000] {logging_mixin.py:190} INFO - [2025-04-25T01:37:30.009+0000] {dag.py:4180} INFO - Setting next_dagrun for snowflake_hook to None, run_after=None
[2025-04-25T01:37:30.034+0000] {processor.py:208} INFO - Processing /opt/airflow/dags/snowflake_hook.py took 0.129 seconds
[2025-04-25T01:38:00.382+0000] {processor.py:186} INFO - Started process (PID=26278) to work on /opt/airflow/dags/snowflake_hook.py
[2025-04-25T01:38:00.383+0000] {processor.py:914} INFO - Processing file /opt/airflow/dags/snowflake_hook.py for tasks to queue
[2025-04-25T01:38:00.386+0000] {logging_mixin.py:190} INFO - [2025-04-25T01:38:00.386+0000] {dagbag.py:588} INFO - Filling up the DagBag from /opt/airflow/dags/snowflake_hook.py
[2025-04-25T01:38:00.400+0000] {processor.py:925} INFO - DAG(s) 'snowflake_hook' retrieved from /opt/airflow/dags/snowflake_hook.py
[2025-04-25T01:38:00.420+0000] {logging_mixin.py:190} INFO - [2025-04-25T01:38:00.420+0000] {dag.py:3239} INFO - Sync 1 DAGs
[2025-04-25T01:38:00.439+0000] {logging_mixin.py:190} INFO - [2025-04-25T01:38:00.439+0000] {dag.py:4180} INFO - Setting next_dagrun for snowflake_hook to None, run_after=None
[2025-04-25T01:38:00.456+0000] {processor.py:208} INFO - Processing /opt/airflow/dags/snowflake_hook.py took 0.079 seconds
[2025-04-25T01:38:30.791+0000] {processor.py:186} INFO - Started process (PID=26299) to work on /opt/airflow/dags/snowflake_hook.py
[2025-04-25T01:38:30.793+0000] {processor.py:914} INFO - Processing file /opt/airflow/dags/snowflake_hook.py for tasks to queue
[2025-04-25T01:38:30.797+0000] {logging_mixin.py:190} INFO - [2025-04-25T01:38:30.797+0000] {dagbag.py:588} INFO - Filling up the DagBag from /opt/airflow/dags/snowflake_hook.py
[2025-04-25T01:38:30.814+0000] {processor.py:925} INFO - DAG(s) 'snowflake_hook' retrieved from /opt/airflow/dags/snowflake_hook.py
[2025-04-25T01:38:30.838+0000] {logging_mixin.py:190} INFO - [2025-04-25T01:38:30.838+0000] {dag.py:3239} INFO - Sync 1 DAGs
[2025-04-25T01:38:30.857+0000] {logging_mixin.py:190} INFO - [2025-04-25T01:38:30.857+0000] {dag.py:4180} INFO - Setting next_dagrun for snowflake_hook to None, run_after=None
[2025-04-25T01:38:30.874+0000] {processor.py:208} INFO - Processing /opt/airflow/dags/snowflake_hook.py took 0.088 seconds
[2025-04-25T01:39:01.242+0000] {processor.py:186} INFO - Started process (PID=26320) to work on /opt/airflow/dags/snowflake_hook.py
[2025-04-25T01:39:01.244+0000] {processor.py:914} INFO - Processing file /opt/airflow/dags/snowflake_hook.py for tasks to queue
[2025-04-25T01:39:01.247+0000] {logging_mixin.py:190} INFO - [2025-04-25T01:39:01.246+0000] {dagbag.py:588} INFO - Filling up the DagBag from /opt/airflow/dags/snowflake_hook.py
[2025-04-25T01:39:01.265+0000] {processor.py:925} INFO - DAG(s) 'snowflake_hook' retrieved from /opt/airflow/dags/snowflake_hook.py
[2025-04-25T01:39:01.287+0000] {logging_mixin.py:190} INFO - [2025-04-25T01:39:01.287+0000] {dag.py:3239} INFO - Sync 1 DAGs
[2025-04-25T01:39:01.307+0000] {logging_mixin.py:190} INFO - [2025-04-25T01:39:01.307+0000] {dag.py:4180} INFO - Setting next_dagrun for snowflake_hook to None, run_after=None
[2025-04-25T01:39:01.322+0000] {processor.py:208} INFO - Processing /opt/airflow/dags/snowflake_hook.py took 0.086 seconds
[2025-04-25T01:39:31.678+0000] {processor.py:186} INFO - Started process (PID=26341) to work on /opt/airflow/dags/snowflake_hook.py
[2025-04-25T01:39:31.680+0000] {processor.py:914} INFO - Processing file /opt/airflow/dags/snowflake_hook.py for tasks to queue
[2025-04-25T01:39:31.685+0000] {logging_mixin.py:190} INFO - [2025-04-25T01:39:31.684+0000] {dagbag.py:588} INFO - Filling up the DagBag from /opt/airflow/dags/snowflake_hook.py
[2025-04-25T01:39:31.706+0000] {processor.py:925} INFO - DAG(s) 'snowflake_hook' retrieved from /opt/airflow/dags/snowflake_hook.py
[2025-04-25T01:39:31.746+0000] {logging_mixin.py:190} INFO - [2025-04-25T01:39:31.745+0000] {dag.py:3239} INFO - Sync 1 DAGs
[2025-04-25T01:39:31.785+0000] {logging_mixin.py:190} INFO - [2025-04-25T01:39:31.785+0000] {dag.py:4180} INFO - Setting next_dagrun for snowflake_hook to None, run_after=None
[2025-04-25T01:39:31.818+0000] {processor.py:208} INFO - Processing /opt/airflow/dags/snowflake_hook.py took 0.149 seconds
[2025-04-25T01:40:02.238+0000] {processor.py:186} INFO - Started process (PID=26362) to work on /opt/airflow/dags/snowflake_hook.py
[2025-04-25T01:40:02.241+0000] {processor.py:914} INFO - Processing file /opt/airflow/dags/snowflake_hook.py for tasks to queue
[2025-04-25T01:40:02.245+0000] {logging_mixin.py:190} INFO - [2025-04-25T01:40:02.244+0000] {dagbag.py:588} INFO - Filling up the DagBag from /opt/airflow/dags/snowflake_hook.py
[2025-04-25T01:40:02.268+0000] {processor.py:925} INFO - DAG(s) 'snowflake_hook' retrieved from /opt/airflow/dags/snowflake_hook.py
[2025-04-25T01:40:02.301+0000] {logging_mixin.py:190} INFO - [2025-04-25T01:40:02.300+0000] {dag.py:3239} INFO - Sync 1 DAGs
[2025-04-25T01:40:02.339+0000] {logging_mixin.py:190} INFO - [2025-04-25T01:40:02.338+0000] {dag.py:4180} INFO - Setting next_dagrun for snowflake_hook to None, run_after=None
[2025-04-25T01:40:02.367+0000] {processor.py:208} INFO - Processing /opt/airflow/dags/snowflake_hook.py took 0.137 seconds
[2025-04-25T01:40:32.747+0000] {processor.py:186} INFO - Started process (PID=26383) to work on /opt/airflow/dags/snowflake_hook.py
[2025-04-25T01:40:32.750+0000] {processor.py:914} INFO - Processing file /opt/airflow/dags/snowflake_hook.py for tasks to queue
[2025-04-25T01:40:32.758+0000] {logging_mixin.py:190} INFO - [2025-04-25T01:40:32.756+0000] {dagbag.py:588} INFO - Filling up the DagBag from /opt/airflow/dags/snowflake_hook.py
[2025-04-25T01:40:32.789+0000] {processor.py:925} INFO - DAG(s) 'snowflake_hook' retrieved from /opt/airflow/dags/snowflake_hook.py
[2025-04-25T01:40:32.837+0000] {logging_mixin.py:190} INFO - [2025-04-25T01:40:32.836+0000] {dag.py:3239} INFO - Sync 1 DAGs
[2025-04-25T01:40:32.903+0000] {logging_mixin.py:190} INFO - [2025-04-25T01:40:32.903+0000] {dag.py:4180} INFO - Setting next_dagrun for snowflake_hook to None, run_after=None
[2025-04-25T01:40:32.936+0000] {processor.py:208} INFO - Processing /opt/airflow/dags/snowflake_hook.py took 0.197 seconds
[2025-04-25T01:41:03.332+0000] {processor.py:186} INFO - Started process (PID=26404) to work on /opt/airflow/dags/snowflake_hook.py
[2025-04-25T01:41:03.334+0000] {processor.py:914} INFO - Processing file /opt/airflow/dags/snowflake_hook.py for tasks to queue
[2025-04-25T01:41:03.340+0000] {logging_mixin.py:190} INFO - [2025-04-25T01:41:03.340+0000] {dagbag.py:588} INFO - Filling up the DagBag from /opt/airflow/dags/snowflake_hook.py
[2025-04-25T01:41:03.366+0000] {processor.py:925} INFO - DAG(s) 'snowflake_hook' retrieved from /opt/airflow/dags/snowflake_hook.py
[2025-04-25T01:41:03.403+0000] {logging_mixin.py:190} INFO - [2025-04-25T01:41:03.402+0000] {dag.py:3239} INFO - Sync 1 DAGs
[2025-04-25T01:41:03.441+0000] {logging_mixin.py:190} INFO - [2025-04-25T01:41:03.440+0000] {dag.py:4180} INFO - Setting next_dagrun for snowflake_hook to None, run_after=None
[2025-04-25T01:41:03.474+0000] {processor.py:208} INFO - Processing /opt/airflow/dags/snowflake_hook.py took 0.151 seconds
[2025-04-25T01:41:33.847+0000] {processor.py:186} INFO - Started process (PID=26425) to work on /opt/airflow/dags/snowflake_hook.py
[2025-04-25T01:41:33.849+0000] {processor.py:914} INFO - Processing file /opt/airflow/dags/snowflake_hook.py for tasks to queue
[2025-04-25T01:41:33.855+0000] {logging_mixin.py:190} INFO - [2025-04-25T01:41:33.854+0000] {dagbag.py:588} INFO - Filling up the DagBag from /opt/airflow/dags/snowflake_hook.py
[2025-04-25T01:41:33.877+0000] {processor.py:925} INFO - DAG(s) 'snowflake_hook' retrieved from /opt/airflow/dags/snowflake_hook.py
[2025-04-25T01:41:33.909+0000] {logging_mixin.py:190} INFO - [2025-04-25T01:41:33.908+0000] {dag.py:3239} INFO - Sync 1 DAGs
[2025-04-25T01:41:33.945+0000] {logging_mixin.py:190} INFO - [2025-04-25T01:41:33.944+0000] {dag.py:4180} INFO - Setting next_dagrun for snowflake_hook to None, run_after=None
[2025-04-25T01:41:33.975+0000] {processor.py:208} INFO - Processing /opt/airflow/dags/snowflake_hook.py took 0.138 seconds
[2025-04-25T01:42:04.344+0000] {processor.py:186} INFO - Started process (PID=26446) to work on /opt/airflow/dags/snowflake_hook.py
[2025-04-25T01:42:04.346+0000] {processor.py:914} INFO - Processing file /opt/airflow/dags/snowflake_hook.py for tasks to queue
[2025-04-25T01:42:04.349+0000] {logging_mixin.py:190} INFO - [2025-04-25T01:42:04.349+0000] {dagbag.py:588} INFO - Filling up the DagBag from /opt/airflow/dags/snowflake_hook.py
[2025-04-25T01:42:04.366+0000] {processor.py:925} INFO - DAG(s) 'snowflake_hook' retrieved from /opt/airflow/dags/snowflake_hook.py
[2025-04-25T01:42:04.389+0000] {logging_mixin.py:190} INFO - [2025-04-25T01:42:04.388+0000] {dag.py:3239} INFO - Sync 1 DAGs
[2025-04-25T01:42:04.412+0000] {logging_mixin.py:190} INFO - [2025-04-25T01:42:04.412+0000] {dag.py:4180} INFO - Setting next_dagrun for snowflake_hook to None, run_after=None
[2025-04-25T01:42:04.438+0000] {processor.py:208} INFO - Processing /opt/airflow/dags/snowflake_hook.py took 0.099 seconds
[2025-04-25T01:42:34.824+0000] {processor.py:186} INFO - Started process (PID=26467) to work on /opt/airflow/dags/snowflake_hook.py
[2025-04-25T01:42:34.827+0000] {processor.py:914} INFO - Processing file /opt/airflow/dags/snowflake_hook.py for tasks to queue
[2025-04-25T01:42:34.833+0000] {logging_mixin.py:190} INFO - [2025-04-25T01:42:34.832+0000] {dagbag.py:588} INFO - Filling up the DagBag from /opt/airflow/dags/snowflake_hook.py
[2025-04-25T01:42:34.855+0000] {processor.py:925} INFO - DAG(s) 'snowflake_hook' retrieved from /opt/airflow/dags/snowflake_hook.py
[2025-04-25T01:42:34.893+0000] {logging_mixin.py:190} INFO - [2025-04-25T01:42:34.892+0000] {dag.py:3239} INFO - Sync 1 DAGs
[2025-04-25T01:42:34.931+0000] {logging_mixin.py:190} INFO - [2025-04-25T01:42:34.931+0000] {dag.py:4180} INFO - Setting next_dagrun for snowflake_hook to None, run_after=None
[2025-04-25T01:42:34.961+0000] {processor.py:208} INFO - Processing /opt/airflow/dags/snowflake_hook.py took 0.147 seconds
[2025-04-25T01:43:05.366+0000] {processor.py:186} INFO - Started process (PID=26488) to work on /opt/airflow/dags/snowflake_hook.py
[2025-04-25T01:43:05.369+0000] {processor.py:914} INFO - Processing file /opt/airflow/dags/snowflake_hook.py for tasks to queue
[2025-04-25T01:43:05.375+0000] {logging_mixin.py:190} INFO - [2025-04-25T01:43:05.374+0000] {dagbag.py:588} INFO - Filling up the DagBag from /opt/airflow/dags/snowflake_hook.py
[2025-04-25T01:43:05.397+0000] {processor.py:925} INFO - DAG(s) 'snowflake_hook' retrieved from /opt/airflow/dags/snowflake_hook.py
[2025-04-25T01:43:05.428+0000] {logging_mixin.py:190} INFO - [2025-04-25T01:43:05.427+0000] {dag.py:3239} INFO - Sync 1 DAGs
[2025-04-25T01:43:05.457+0000] {logging_mixin.py:190} INFO - [2025-04-25T01:43:05.457+0000] {dag.py:4180} INFO - Setting next_dagrun for snowflake_hook to None, run_after=None
[2025-04-25T01:43:05.480+0000] {processor.py:208} INFO - Processing /opt/airflow/dags/snowflake_hook.py took 0.124 seconds
[2025-04-25T01:43:35.905+0000] {processor.py:186} INFO - Started process (PID=26509) to work on /opt/airflow/dags/snowflake_hook.py
[2025-04-25T01:43:35.908+0000] {processor.py:914} INFO - Processing file /opt/airflow/dags/snowflake_hook.py for tasks to queue
[2025-04-25T01:43:35.912+0000] {logging_mixin.py:190} INFO - [2025-04-25T01:43:35.912+0000] {dagbag.py:588} INFO - Filling up the DagBag from /opt/airflow/dags/snowflake_hook.py
[2025-04-25T01:43:35.936+0000] {processor.py:925} INFO - DAG(s) 'snowflake_hook' retrieved from /opt/airflow/dags/snowflake_hook.py
[2025-04-25T01:43:35.973+0000] {logging_mixin.py:190} INFO - [2025-04-25T01:43:35.972+0000] {dag.py:3239} INFO - Sync 1 DAGs
[2025-04-25T01:43:36.005+0000] {logging_mixin.py:190} INFO - [2025-04-25T01:43:36.005+0000] {dag.py:4180} INFO - Setting next_dagrun for snowflake_hook to None, run_after=None
[2025-04-25T01:43:36.038+0000] {processor.py:208} INFO - Processing /opt/airflow/dags/snowflake_hook.py took 0.143 seconds
[2025-04-25T01:44:06.452+0000] {processor.py:186} INFO - Started process (PID=26530) to work on /opt/airflow/dags/snowflake_hook.py
[2025-04-25T01:44:06.456+0000] {processor.py:914} INFO - Processing file /opt/airflow/dags/snowflake_hook.py for tasks to queue
[2025-04-25T01:44:06.462+0000] {logging_mixin.py:190} INFO - [2025-04-25T01:44:06.462+0000] {dagbag.py:588} INFO - Filling up the DagBag from /opt/airflow/dags/snowflake_hook.py
[2025-04-25T01:44:06.487+0000] {processor.py:925} INFO - DAG(s) 'snowflake_hook' retrieved from /opt/airflow/dags/snowflake_hook.py
[2025-04-25T01:44:06.535+0000] {logging_mixin.py:190} INFO - [2025-04-25T01:44:06.535+0000] {dag.py:3239} INFO - Sync 1 DAGs
[2025-04-25T01:44:06.566+0000] {logging_mixin.py:190} INFO - [2025-04-25T01:44:06.566+0000] {dag.py:4180} INFO - Setting next_dagrun for snowflake_hook to None, run_after=None
[2025-04-25T01:44:06.588+0000] {processor.py:208} INFO - Processing /opt/airflow/dags/snowflake_hook.py took 0.146 seconds
[2025-04-25T01:44:36.966+0000] {processor.py:186} INFO - Started process (PID=26551) to work on /opt/airflow/dags/snowflake_hook.py
[2025-04-25T01:44:36.968+0000] {processor.py:914} INFO - Processing file /opt/airflow/dags/snowflake_hook.py for tasks to queue
[2025-04-25T01:44:36.970+0000] {logging_mixin.py:190} INFO - [2025-04-25T01:44:36.970+0000] {dagbag.py:588} INFO - Filling up the DagBag from /opt/airflow/dags/snowflake_hook.py
[2025-04-25T01:44:36.986+0000] {processor.py:925} INFO - DAG(s) 'snowflake_hook' retrieved from /opt/airflow/dags/snowflake_hook.py
[2025-04-25T01:44:37.010+0000] {logging_mixin.py:190} INFO - [2025-04-25T01:44:37.009+0000] {dag.py:3239} INFO - Sync 1 DAGs
[2025-04-25T01:44:37.031+0000] {logging_mixin.py:190} INFO - [2025-04-25T01:44:37.030+0000] {dag.py:4180} INFO - Setting next_dagrun for snowflake_hook to None, run_after=None
[2025-04-25T01:44:37.050+0000] {processor.py:208} INFO - Processing /opt/airflow/dags/snowflake_hook.py took 0.089 seconds
[2025-04-25T01:45:07.437+0000] {processor.py:186} INFO - Started process (PID=26572) to work on /opt/airflow/dags/snowflake_hook.py
[2025-04-25T01:45:07.440+0000] {processor.py:914} INFO - Processing file /opt/airflow/dags/snowflake_hook.py for tasks to queue
[2025-04-25T01:45:07.445+0000] {logging_mixin.py:190} INFO - [2025-04-25T01:45:07.444+0000] {dagbag.py:588} INFO - Filling up the DagBag from /opt/airflow/dags/snowflake_hook.py
[2025-04-25T01:45:07.468+0000] {processor.py:925} INFO - DAG(s) 'snowflake_hook' retrieved from /opt/airflow/dags/snowflake_hook.py
[2025-04-25T01:45:07.503+0000] {logging_mixin.py:190} INFO - [2025-04-25T01:45:07.502+0000] {dag.py:3239} INFO - Sync 1 DAGs
[2025-04-25T01:45:07.533+0000] {logging_mixin.py:190} INFO - [2025-04-25T01:45:07.533+0000] {dag.py:4180} INFO - Setting next_dagrun for snowflake_hook to None, run_after=None
[2025-04-25T01:45:07.560+0000] {processor.py:208} INFO - Processing /opt/airflow/dags/snowflake_hook.py took 0.131 seconds
[2025-04-25T01:45:37.725+0000] {processor.py:186} INFO - Started process (PID=26593) to work on /opt/airflow/dags/snowflake_hook.py
[2025-04-25T01:45:37.726+0000] {processor.py:914} INFO - Processing file /opt/airflow/dags/snowflake_hook.py for tasks to queue
[2025-04-25T01:45:37.729+0000] {logging_mixin.py:190} INFO - [2025-04-25T01:45:37.729+0000] {dagbag.py:588} INFO - Filling up the DagBag from /opt/airflow/dags/snowflake_hook.py
[2025-04-25T01:45:37.745+0000] {processor.py:925} INFO - DAG(s) 'snowflake_hook' retrieved from /opt/airflow/dags/snowflake_hook.py
[2025-04-25T01:45:37.766+0000] {logging_mixin.py:190} INFO - [2025-04-25T01:45:37.765+0000] {dag.py:3239} INFO - Sync 1 DAGs
[2025-04-25T01:45:37.786+0000] {logging_mixin.py:190} INFO - [2025-04-25T01:45:37.786+0000] {dag.py:4180} INFO - Setting next_dagrun for snowflake_hook to None, run_after=None
[2025-04-25T01:45:37.801+0000] {processor.py:208} INFO - Processing /opt/airflow/dags/snowflake_hook.py took 0.082 seconds
[2025-04-25T01:46:08.200+0000] {processor.py:186} INFO - Started process (PID=26614) to work on /opt/airflow/dags/snowflake_hook.py
[2025-04-25T01:46:08.202+0000] {processor.py:914} INFO - Processing file /opt/airflow/dags/snowflake_hook.py for tasks to queue
[2025-04-25T01:46:08.208+0000] {logging_mixin.py:190} INFO - [2025-04-25T01:46:08.208+0000] {dagbag.py:588} INFO - Filling up the DagBag from /opt/airflow/dags/snowflake_hook.py
[2025-04-25T01:46:08.233+0000] {processor.py:925} INFO - DAG(s) 'snowflake_hook' retrieved from /opt/airflow/dags/snowflake_hook.py
[2025-04-25T01:46:08.268+0000] {logging_mixin.py:190} INFO - [2025-04-25T01:46:08.267+0000] {dag.py:3239} INFO - Sync 1 DAGs
[2025-04-25T01:46:08.301+0000] {logging_mixin.py:190} INFO - [2025-04-25T01:46:08.300+0000] {dag.py:4180} INFO - Setting next_dagrun for snowflake_hook to None, run_after=None
[2025-04-25T01:46:08.331+0000] {processor.py:208} INFO - Processing /opt/airflow/dags/snowflake_hook.py took 0.142 seconds
[2025-04-25T01:46:38.714+0000] {processor.py:186} INFO - Started process (PID=26635) to work on /opt/airflow/dags/snowflake_hook.py
[2025-04-25T01:46:38.719+0000] {processor.py:914} INFO - Processing file /opt/airflow/dags/snowflake_hook.py for tasks to queue
[2025-04-25T01:46:38.724+0000] {logging_mixin.py:190} INFO - [2025-04-25T01:46:38.723+0000] {dagbag.py:588} INFO - Filling up the DagBag from /opt/airflow/dags/snowflake_hook.py
[2025-04-25T01:46:38.747+0000] {processor.py:925} INFO - DAG(s) 'snowflake_hook' retrieved from /opt/airflow/dags/snowflake_hook.py
[2025-04-25T01:46:38.771+0000] {logging_mixin.py:190} INFO - [2025-04-25T01:46:38.770+0000] {dag.py:3239} INFO - Sync 1 DAGs
[2025-04-25T01:46:38.792+0000] {logging_mixin.py:190} INFO - [2025-04-25T01:46:38.791+0000] {dag.py:4180} INFO - Setting next_dagrun for snowflake_hook to None, run_after=None
[2025-04-25T01:46:38.812+0000] {processor.py:208} INFO - Processing /opt/airflow/dags/snowflake_hook.py took 0.104 seconds
[2025-04-25T01:47:09.172+0000] {processor.py:186} INFO - Started process (PID=26656) to work on /opt/airflow/dags/snowflake_hook.py
[2025-04-25T01:47:09.176+0000] {processor.py:914} INFO - Processing file /opt/airflow/dags/snowflake_hook.py for tasks to queue
[2025-04-25T01:47:09.182+0000] {logging_mixin.py:190} INFO - [2025-04-25T01:47:09.181+0000] {dagbag.py:588} INFO - Filling up the DagBag from /opt/airflow/dags/snowflake_hook.py
[2025-04-25T01:47:09.209+0000] {processor.py:925} INFO - DAG(s) 'snowflake_hook' retrieved from /opt/airflow/dags/snowflake_hook.py
[2025-04-25T01:47:09.244+0000] {logging_mixin.py:190} INFO - [2025-04-25T01:47:09.242+0000] {dag.py:3239} INFO - Sync 1 DAGs
[2025-04-25T01:47:09.279+0000] {logging_mixin.py:190} INFO - [2025-04-25T01:47:09.278+0000] {dag.py:4180} INFO - Setting next_dagrun for snowflake_hook to None, run_after=None
[2025-04-25T01:47:09.311+0000] {processor.py:208} INFO - Processing /opt/airflow/dags/snowflake_hook.py took 0.146 seconds
[2025-04-25T01:47:39.701+0000] {processor.py:186} INFO - Started process (PID=26677) to work on /opt/airflow/dags/snowflake_hook.py
[2025-04-25T01:47:39.703+0000] {processor.py:914} INFO - Processing file /opt/airflow/dags/snowflake_hook.py for tasks to queue
[2025-04-25T01:47:39.708+0000] {logging_mixin.py:190} INFO - [2025-04-25T01:47:39.707+0000] {dagbag.py:588} INFO - Filling up the DagBag from /opt/airflow/dags/snowflake_hook.py
[2025-04-25T01:47:39.730+0000] {processor.py:925} INFO - DAG(s) 'snowflake_hook' retrieved from /opt/airflow/dags/snowflake_hook.py
[2025-04-25T01:47:39.762+0000] {logging_mixin.py:190} INFO - [2025-04-25T01:47:39.761+0000] {dag.py:3239} INFO - Sync 1 DAGs
[2025-04-25T01:47:39.797+0000] {logging_mixin.py:190} INFO - [2025-04-25T01:47:39.797+0000] {dag.py:4180} INFO - Setting next_dagrun for snowflake_hook to None, run_after=None
[2025-04-25T01:47:39.821+0000] {processor.py:208} INFO - Processing /opt/airflow/dags/snowflake_hook.py took 0.128 seconds
[2025-04-25T01:48:10.236+0000] {processor.py:186} INFO - Started process (PID=26698) to work on /opt/airflow/dags/snowflake_hook.py
[2025-04-25T01:48:10.238+0000] {processor.py:914} INFO - Processing file /opt/airflow/dags/snowflake_hook.py for tasks to queue
[2025-04-25T01:48:10.242+0000] {logging_mixin.py:190} INFO - [2025-04-25T01:48:10.242+0000] {dagbag.py:588} INFO - Filling up the DagBag from /opt/airflow/dags/snowflake_hook.py
[2025-04-25T01:48:10.268+0000] {processor.py:925} INFO - DAG(s) 'snowflake_hook' retrieved from /opt/airflow/dags/snowflake_hook.py
[2025-04-25T01:48:10.310+0000] {logging_mixin.py:190} INFO - [2025-04-25T01:48:10.309+0000] {dag.py:3239} INFO - Sync 1 DAGs
[2025-04-25T01:48:10.352+0000] {logging_mixin.py:190} INFO - [2025-04-25T01:48:10.352+0000] {dag.py:4180} INFO - Setting next_dagrun for snowflake_hook to None, run_after=None
[2025-04-25T01:48:10.388+0000] {processor.py:208} INFO - Processing /opt/airflow/dags/snowflake_hook.py took 0.161 seconds
[2025-04-25T01:48:40.595+0000] {processor.py:186} INFO - Started process (PID=26719) to work on /opt/airflow/dags/snowflake_hook.py
[2025-04-25T01:48:40.597+0000] {processor.py:914} INFO - Processing file /opt/airflow/dags/snowflake_hook.py for tasks to queue
[2025-04-25T01:48:40.603+0000] {logging_mixin.py:190} INFO - [2025-04-25T01:48:40.602+0000] {dagbag.py:588} INFO - Filling up the DagBag from /opt/airflow/dags/snowflake_hook.py
[2025-04-25T01:48:40.624+0000] {processor.py:925} INFO - DAG(s) 'snowflake_hook' retrieved from /opt/airflow/dags/snowflake_hook.py
[2025-04-25T01:48:40.654+0000] {logging_mixin.py:190} INFO - [2025-04-25T01:48:40.653+0000] {dag.py:3239} INFO - Sync 1 DAGs
[2025-04-25T01:48:40.683+0000] {logging_mixin.py:190} INFO - [2025-04-25T01:48:40.683+0000] {dag.py:4180} INFO - Setting next_dagrun for snowflake_hook to None, run_after=None
[2025-04-25T01:48:40.708+0000] {processor.py:208} INFO - Processing /opt/airflow/dags/snowflake_hook.py took 0.123 seconds
[2025-04-25T01:49:11.123+0000] {processor.py:186} INFO - Started process (PID=26740) to work on /opt/airflow/dags/snowflake_hook.py
[2025-04-25T01:49:11.126+0000] {processor.py:914} INFO - Processing file /opt/airflow/dags/snowflake_hook.py for tasks to queue
[2025-04-25T01:49:11.132+0000] {logging_mixin.py:190} INFO - [2025-04-25T01:49:11.131+0000] {dagbag.py:588} INFO - Filling up the DagBag from /opt/airflow/dags/snowflake_hook.py
[2025-04-25T01:49:11.153+0000] {processor.py:925} INFO - DAG(s) 'snowflake_hook' retrieved from /opt/airflow/dags/snowflake_hook.py
[2025-04-25T01:49:11.192+0000] {logging_mixin.py:190} INFO - [2025-04-25T01:49:11.191+0000] {dag.py:3239} INFO - Sync 1 DAGs
[2025-04-25T01:49:11.225+0000] {logging_mixin.py:190} INFO - [2025-04-25T01:49:11.225+0000] {dag.py:4180} INFO - Setting next_dagrun for snowflake_hook to None, run_after=None
[2025-04-25T01:49:11.253+0000] {processor.py:208} INFO - Processing /opt/airflow/dags/snowflake_hook.py took 0.139 seconds
[2025-04-25T01:49:41.698+0000] {processor.py:186} INFO - Started process (PID=26761) to work on /opt/airflow/dags/snowflake_hook.py
[2025-04-25T01:49:41.701+0000] {processor.py:914} INFO - Processing file /opt/airflow/dags/snowflake_hook.py for tasks to queue
[2025-04-25T01:49:41.707+0000] {logging_mixin.py:190} INFO - [2025-04-25T01:49:41.706+0000] {dagbag.py:588} INFO - Filling up the DagBag from /opt/airflow/dags/snowflake_hook.py
[2025-04-25T01:49:41.728+0000] {processor.py:925} INFO - DAG(s) 'snowflake_hook' retrieved from /opt/airflow/dags/snowflake_hook.py
[2025-04-25T01:49:41.760+0000] {logging_mixin.py:190} INFO - [2025-04-25T01:49:41.759+0000] {dag.py:3239} INFO - Sync 1 DAGs
[2025-04-25T01:49:41.795+0000] {logging_mixin.py:190} INFO - [2025-04-25T01:49:41.795+0000] {dag.py:4180} INFO - Setting next_dagrun for snowflake_hook to None, run_after=None
[2025-04-25T01:49:41.827+0000] {processor.py:208} INFO - Processing /opt/airflow/dags/snowflake_hook.py took 0.140 seconds
[2025-04-25T01:50:12.265+0000] {processor.py:186} INFO - Started process (PID=26782) to work on /opt/airflow/dags/snowflake_hook.py
[2025-04-25T01:50:12.267+0000] {processor.py:914} INFO - Processing file /opt/airflow/dags/snowflake_hook.py for tasks to queue
[2025-04-25T01:50:12.273+0000] {logging_mixin.py:190} INFO - [2025-04-25T01:50:12.272+0000] {dagbag.py:588} INFO - Filling up the DagBag from /opt/airflow/dags/snowflake_hook.py
[2025-04-25T01:50:12.299+0000] {processor.py:925} INFO - DAG(s) 'snowflake_hook' retrieved from /opt/airflow/dags/snowflake_hook.py
[2025-04-25T01:50:12.339+0000] {logging_mixin.py:190} INFO - [2025-04-25T01:50:12.338+0000] {dag.py:3239} INFO - Sync 1 DAGs
[2025-04-25T01:50:12.378+0000] {logging_mixin.py:190} INFO - [2025-04-25T01:50:12.378+0000] {dag.py:4180} INFO - Setting next_dagrun for snowflake_hook to None, run_after=None
[2025-04-25T01:50:12.402+0000] {processor.py:208} INFO - Processing /opt/airflow/dags/snowflake_hook.py took 0.147 seconds
[2025-04-25T01:50:42.769+0000] {processor.py:186} INFO - Started process (PID=26803) to work on /opt/airflow/dags/snowflake_hook.py
[2025-04-25T01:50:42.772+0000] {processor.py:914} INFO - Processing file /opt/airflow/dags/snowflake_hook.py for tasks to queue
[2025-04-25T01:50:42.777+0000] {logging_mixin.py:190} INFO - [2025-04-25T01:50:42.777+0000] {dagbag.py:588} INFO - Filling up the DagBag from /opt/airflow/dags/snowflake_hook.py
[2025-04-25T01:50:42.804+0000] {processor.py:925} INFO - DAG(s) 'snowflake_hook' retrieved from /opt/airflow/dags/snowflake_hook.py
[2025-04-25T01:50:42.842+0000] {logging_mixin.py:190} INFO - [2025-04-25T01:50:42.841+0000] {dag.py:3239} INFO - Sync 1 DAGs
[2025-04-25T01:50:42.875+0000] {logging_mixin.py:190} INFO - [2025-04-25T01:50:42.875+0000] {dag.py:4180} INFO - Setting next_dagrun for snowflake_hook to None, run_after=None
[2025-04-25T01:50:42.901+0000] {processor.py:208} INFO - Processing /opt/airflow/dags/snowflake_hook.py took 0.143 seconds
[2025-04-25T01:51:13.280+0000] {processor.py:186} INFO - Started process (PID=26824) to work on /opt/airflow/dags/snowflake_hook.py
[2025-04-25T01:51:13.282+0000] {processor.py:914} INFO - Processing file /opt/airflow/dags/snowflake_hook.py for tasks to queue
[2025-04-25T01:51:13.286+0000] {logging_mixin.py:190} INFO - [2025-04-25T01:51:13.286+0000] {dagbag.py:588} INFO - Filling up the DagBag from /opt/airflow/dags/snowflake_hook.py
[2025-04-25T01:51:13.306+0000] {processor.py:925} INFO - DAG(s) 'snowflake_hook' retrieved from /opt/airflow/dags/snowflake_hook.py
[2025-04-25T01:51:13.334+0000] {logging_mixin.py:190} INFO - [2025-04-25T01:51:13.333+0000] {dag.py:3239} INFO - Sync 1 DAGs
[2025-04-25T01:51:13.361+0000] {logging_mixin.py:190} INFO - [2025-04-25T01:51:13.360+0000] {dag.py:4180} INFO - Setting next_dagrun for snowflake_hook to None, run_after=None
[2025-04-25T01:51:13.385+0000] {processor.py:208} INFO - Processing /opt/airflow/dags/snowflake_hook.py took 0.113 seconds
[2025-04-25T01:51:43.776+0000] {processor.py:186} INFO - Started process (PID=26846) to work on /opt/airflow/dags/snowflake_hook.py
[2025-04-25T01:51:43.778+0000] {processor.py:914} INFO - Processing file /opt/airflow/dags/snowflake_hook.py for tasks to queue
[2025-04-25T01:51:43.783+0000] {logging_mixin.py:190} INFO - [2025-04-25T01:51:43.783+0000] {dagbag.py:588} INFO - Filling up the DagBag from /opt/airflow/dags/snowflake_hook.py
[2025-04-25T01:51:43.804+0000] {processor.py:925} INFO - DAG(s) 'snowflake_hook' retrieved from /opt/airflow/dags/snowflake_hook.py
[2025-04-25T01:51:43.841+0000] {logging_mixin.py:190} INFO - [2025-04-25T01:51:43.840+0000] {dag.py:3239} INFO - Sync 1 DAGs
[2025-04-25T01:51:43.871+0000] {logging_mixin.py:190} INFO - [2025-04-25T01:51:43.871+0000] {dag.py:4180} INFO - Setting next_dagrun for snowflake_hook to None, run_after=None
[2025-04-25T01:51:43.897+0000] {processor.py:208} INFO - Processing /opt/airflow/dags/snowflake_hook.py took 0.130 seconds
[2025-04-25T01:52:14.283+0000] {processor.py:186} INFO - Started process (PID=26867) to work on /opt/airflow/dags/snowflake_hook.py
[2025-04-25T01:52:14.285+0000] {processor.py:914} INFO - Processing file /opt/airflow/dags/snowflake_hook.py for tasks to queue
[2025-04-25T01:52:14.291+0000] {logging_mixin.py:190} INFO - [2025-04-25T01:52:14.290+0000] {dagbag.py:588} INFO - Filling up the DagBag from /opt/airflow/dags/snowflake_hook.py
[2025-04-25T01:52:14.314+0000] {processor.py:925} INFO - DAG(s) 'snowflake_hook' retrieved from /opt/airflow/dags/snowflake_hook.py
[2025-04-25T01:52:14.348+0000] {logging_mixin.py:190} INFO - [2025-04-25T01:52:14.347+0000] {dag.py:3239} INFO - Sync 1 DAGs
[2025-04-25T01:52:14.379+0000] {logging_mixin.py:190} INFO - [2025-04-25T01:52:14.379+0000] {dag.py:4180} INFO - Setting next_dagrun for snowflake_hook to None, run_after=None
[2025-04-25T01:52:14.402+0000] {processor.py:208} INFO - Processing /opt/airflow/dags/snowflake_hook.py took 0.127 seconds
[2025-04-25T01:52:44.778+0000] {processor.py:186} INFO - Started process (PID=26888) to work on /opt/airflow/dags/snowflake_hook.py
[2025-04-25T01:52:44.780+0000] {processor.py:914} INFO - Processing file /opt/airflow/dags/snowflake_hook.py for tasks to queue
[2025-04-25T01:52:44.784+0000] {logging_mixin.py:190} INFO - [2025-04-25T01:52:44.783+0000] {dagbag.py:588} INFO - Filling up the DagBag from /opt/airflow/dags/snowflake_hook.py
[2025-04-25T01:52:44.806+0000] {processor.py:925} INFO - DAG(s) 'snowflake_hook' retrieved from /opt/airflow/dags/snowflake_hook.py
[2025-04-25T01:52:44.836+0000] {logging_mixin.py:190} INFO - [2025-04-25T01:52:44.835+0000] {dag.py:3239} INFO - Sync 1 DAGs
[2025-04-25T01:52:44.866+0000] {logging_mixin.py:190} INFO - [2025-04-25T01:52:44.866+0000] {dag.py:4180} INFO - Setting next_dagrun for snowflake_hook to None, run_after=None
[2025-04-25T01:52:44.894+0000] {processor.py:208} INFO - Processing /opt/airflow/dags/snowflake_hook.py took 0.125 seconds
[2025-04-25T01:53:15.278+0000] {processor.py:186} INFO - Started process (PID=26909) to work on /opt/airflow/dags/snowflake_hook.py
[2025-04-25T01:53:15.281+0000] {processor.py:914} INFO - Processing file /opt/airflow/dags/snowflake_hook.py for tasks to queue
[2025-04-25T01:53:15.288+0000] {logging_mixin.py:190} INFO - [2025-04-25T01:53:15.287+0000] {dagbag.py:588} INFO - Filling up the DagBag from /opt/airflow/dags/snowflake_hook.py
[2025-04-25T01:53:15.311+0000] {processor.py:925} INFO - DAG(s) 'snowflake_hook' retrieved from /opt/airflow/dags/snowflake_hook.py
[2025-04-25T01:53:15.346+0000] {logging_mixin.py:190} INFO - [2025-04-25T01:53:15.345+0000] {dag.py:3239} INFO - Sync 1 DAGs
[2025-04-25T01:53:15.381+0000] {logging_mixin.py:190} INFO - [2025-04-25T01:53:15.381+0000] {dag.py:4180} INFO - Setting next_dagrun for snowflake_hook to None, run_after=None
[2025-04-25T01:53:15.407+0000] {processor.py:208} INFO - Processing /opt/airflow/dags/snowflake_hook.py took 0.139 seconds
[2025-04-25T01:53:45.804+0000] {processor.py:186} INFO - Started process (PID=26930) to work on /opt/airflow/dags/snowflake_hook.py
[2025-04-25T01:53:45.806+0000] {processor.py:914} INFO - Processing file /opt/airflow/dags/snowflake_hook.py for tasks to queue
[2025-04-25T01:53:45.811+0000] {logging_mixin.py:190} INFO - [2025-04-25T01:53:45.810+0000] {dagbag.py:588} INFO - Filling up the DagBag from /opt/airflow/dags/snowflake_hook.py
[2025-04-25T01:53:45.835+0000] {processor.py:925} INFO - DAG(s) 'snowflake_hook' retrieved from /opt/airflow/dags/snowflake_hook.py
[2025-04-25T01:53:45.866+0000] {logging_mixin.py:190} INFO - [2025-04-25T01:53:45.865+0000] {dag.py:3239} INFO - Sync 1 DAGs
[2025-04-25T01:53:45.899+0000] {logging_mixin.py:190} INFO - [2025-04-25T01:53:45.898+0000] {dag.py:4180} INFO - Setting next_dagrun for snowflake_hook to None, run_after=None
[2025-04-25T01:53:45.922+0000] {processor.py:208} INFO - Processing /opt/airflow/dags/snowflake_hook.py took 0.126 seconds
[2025-04-25T01:54:16.289+0000] {processor.py:186} INFO - Started process (PID=26951) to work on /opt/airflow/dags/snowflake_hook.py
[2025-04-25T01:54:16.290+0000] {processor.py:914} INFO - Processing file /opt/airflow/dags/snowflake_hook.py for tasks to queue
[2025-04-25T01:54:16.295+0000] {logging_mixin.py:190} INFO - [2025-04-25T01:54:16.295+0000] {dagbag.py:588} INFO - Filling up the DagBag from /opt/airflow/dags/snowflake_hook.py
[2025-04-25T01:54:16.318+0000] {processor.py:925} INFO - DAG(s) 'snowflake_hook' retrieved from /opt/airflow/dags/snowflake_hook.py
[2025-04-25T01:54:16.351+0000] {logging_mixin.py:190} INFO - [2025-04-25T01:54:16.350+0000] {dag.py:3239} INFO - Sync 1 DAGs
[2025-04-25T01:54:16.383+0000] {logging_mixin.py:190} INFO - [2025-04-25T01:54:16.383+0000] {dag.py:4180} INFO - Setting next_dagrun for snowflake_hook to None, run_after=None
[2025-04-25T01:54:16.415+0000] {processor.py:208} INFO - Processing /opt/airflow/dags/snowflake_hook.py took 0.133 seconds
[2025-04-25T01:54:46.852+0000] {processor.py:186} INFO - Started process (PID=26972) to work on /opt/airflow/dags/snowflake_hook.py
[2025-04-25T01:54:46.854+0000] {processor.py:914} INFO - Processing file /opt/airflow/dags/snowflake_hook.py for tasks to queue
[2025-04-25T01:54:46.859+0000] {logging_mixin.py:190} INFO - [2025-04-25T01:54:46.858+0000] {dagbag.py:588} INFO - Filling up the DagBag from /opt/airflow/dags/snowflake_hook.py
[2025-04-25T01:54:46.878+0000] {processor.py:925} INFO - DAG(s) 'snowflake_hook' retrieved from /opt/airflow/dags/snowflake_hook.py
[2025-04-25T01:54:46.903+0000] {logging_mixin.py:190} INFO - [2025-04-25T01:54:46.903+0000] {dag.py:3239} INFO - Sync 1 DAGs
[2025-04-25T01:54:46.925+0000] {logging_mixin.py:190} INFO - [2025-04-25T01:54:46.924+0000] {dag.py:4180} INFO - Setting next_dagrun for snowflake_hook to None, run_after=None
[2025-04-25T01:54:46.946+0000] {processor.py:208} INFO - Processing /opt/airflow/dags/snowflake_hook.py took 0.099 seconds
[2025-04-25T01:55:17.343+0000] {processor.py:186} INFO - Started process (PID=26993) to work on /opt/airflow/dags/snowflake_hook.py
[2025-04-25T01:55:17.345+0000] {processor.py:914} INFO - Processing file /opt/airflow/dags/snowflake_hook.py for tasks to queue
[2025-04-25T01:55:17.349+0000] {logging_mixin.py:190} INFO - [2025-04-25T01:55:17.349+0000] {dagbag.py:588} INFO - Filling up the DagBag from /opt/airflow/dags/snowflake_hook.py
[2025-04-25T01:55:17.374+0000] {processor.py:925} INFO - DAG(s) 'snowflake_hook' retrieved from /opt/airflow/dags/snowflake_hook.py
[2025-04-25T01:55:17.404+0000] {logging_mixin.py:190} INFO - [2025-04-25T01:55:17.403+0000] {dag.py:3239} INFO - Sync 1 DAGs
[2025-04-25T01:55:17.435+0000] {logging_mixin.py:190} INFO - [2025-04-25T01:55:17.435+0000] {dag.py:4180} INFO - Setting next_dagrun for snowflake_hook to None, run_after=None
[2025-04-25T01:55:17.462+0000] {processor.py:208} INFO - Processing /opt/airflow/dags/snowflake_hook.py took 0.128 seconds
[2025-04-25T01:55:47.861+0000] {processor.py:186} INFO - Started process (PID=27014) to work on /opt/airflow/dags/snowflake_hook.py
[2025-04-25T01:55:47.865+0000] {processor.py:914} INFO - Processing file /opt/airflow/dags/snowflake_hook.py for tasks to queue
[2025-04-25T01:55:47.872+0000] {logging_mixin.py:190} INFO - [2025-04-25T01:55:47.871+0000] {dagbag.py:588} INFO - Filling up the DagBag from /opt/airflow/dags/snowflake_hook.py
[2025-04-25T01:55:47.912+0000] {processor.py:925} INFO - DAG(s) 'snowflake_hook' retrieved from /opt/airflow/dags/snowflake_hook.py
[2025-04-25T01:55:47.936+0000] {logging_mixin.py:190} INFO - [2025-04-25T01:55:47.936+0000] {dag.py:3239} INFO - Sync 1 DAGs
[2025-04-25T01:55:47.953+0000] {logging_mixin.py:190} INFO - [2025-04-25T01:55:47.953+0000] {dag.py:4180} INFO - Setting next_dagrun for snowflake_hook to None, run_after=None
[2025-04-25T01:55:47.969+0000] {processor.py:208} INFO - Processing /opt/airflow/dags/snowflake_hook.py took 0.116 seconds
[2025-04-25T01:56:18.333+0000] {processor.py:186} INFO - Started process (PID=27035) to work on /opt/airflow/dags/snowflake_hook.py
[2025-04-25T01:56:18.335+0000] {processor.py:914} INFO - Processing file /opt/airflow/dags/snowflake_hook.py for tasks to queue
[2025-04-25T01:56:18.341+0000] {logging_mixin.py:190} INFO - [2025-04-25T01:56:18.340+0000] {dagbag.py:588} INFO - Filling up the DagBag from /opt/airflow/dags/snowflake_hook.py
[2025-04-25T01:56:18.365+0000] {processor.py:925} INFO - DAG(s) 'snowflake_hook' retrieved from /opt/airflow/dags/snowflake_hook.py
[2025-04-25T01:56:18.400+0000] {logging_mixin.py:190} INFO - [2025-04-25T01:56:18.399+0000] {dag.py:3239} INFO - Sync 1 DAGs
[2025-04-25T01:56:18.431+0000] {logging_mixin.py:190} INFO - [2025-04-25T01:56:18.430+0000] {dag.py:4180} INFO - Setting next_dagrun for snowflake_hook to None, run_after=None
[2025-04-25T01:56:18.463+0000] {processor.py:208} INFO - Processing /opt/airflow/dags/snowflake_hook.py took 0.139 seconds
[2025-04-25T01:56:48.682+0000] {processor.py:186} INFO - Started process (PID=27056) to work on /opt/airflow/dags/snowflake_hook.py
[2025-04-25T01:56:48.685+0000] {processor.py:914} INFO - Processing file /opt/airflow/dags/snowflake_hook.py for tasks to queue
[2025-04-25T01:56:48.690+0000] {logging_mixin.py:190} INFO - [2025-04-25T01:56:48.689+0000] {dagbag.py:588} INFO - Filling up the DagBag from /opt/airflow/dags/snowflake_hook.py
[2025-04-25T01:56:48.715+0000] {processor.py:925} INFO - DAG(s) 'snowflake_hook' retrieved from /opt/airflow/dags/snowflake_hook.py
[2025-04-25T01:56:48.751+0000] {logging_mixin.py:190} INFO - [2025-04-25T01:56:48.750+0000] {dag.py:3239} INFO - Sync 1 DAGs
[2025-04-25T01:56:48.786+0000] {logging_mixin.py:190} INFO - [2025-04-25T01:56:48.786+0000] {dag.py:4180} INFO - Setting next_dagrun for snowflake_hook to None, run_after=None
[2025-04-25T01:56:48.816+0000] {processor.py:208} INFO - Processing /opt/airflow/dags/snowflake_hook.py took 0.143 seconds
[2025-04-25T01:57:19.214+0000] {processor.py:186} INFO - Started process (PID=27077) to work on /opt/airflow/dags/snowflake_hook.py
[2025-04-25T01:57:19.217+0000] {processor.py:914} INFO - Processing file /opt/airflow/dags/snowflake_hook.py for tasks to queue
[2025-04-25T01:57:19.221+0000] {logging_mixin.py:190} INFO - [2025-04-25T01:57:19.221+0000] {dagbag.py:588} INFO - Filling up the DagBag from /opt/airflow/dags/snowflake_hook.py
[2025-04-25T01:57:19.242+0000] {processor.py:925} INFO - DAG(s) 'snowflake_hook' retrieved from /opt/airflow/dags/snowflake_hook.py
[2025-04-25T01:57:19.275+0000] {logging_mixin.py:190} INFO - [2025-04-25T01:57:19.274+0000] {dag.py:3239} INFO - Sync 1 DAGs
[2025-04-25T01:57:19.305+0000] {logging_mixin.py:190} INFO - [2025-04-25T01:57:19.304+0000] {dag.py:4180} INFO - Setting next_dagrun for snowflake_hook to None, run_after=None
[2025-04-25T01:57:19.332+0000] {processor.py:208} INFO - Processing /opt/airflow/dags/snowflake_hook.py took 0.127 seconds
[2025-04-25T01:57:49.739+0000] {processor.py:186} INFO - Started process (PID=27098) to work on /opt/airflow/dags/snowflake_hook.py
[2025-04-25T01:57:49.741+0000] {processor.py:914} INFO - Processing file /opt/airflow/dags/snowflake_hook.py for tasks to queue
[2025-04-25T01:57:49.746+0000] {logging_mixin.py:190} INFO - [2025-04-25T01:57:49.746+0000] {dagbag.py:588} INFO - Filling up the DagBag from /opt/airflow/dags/snowflake_hook.py
[2025-04-25T01:57:49.767+0000] {processor.py:925} INFO - DAG(s) 'snowflake_hook' retrieved from /opt/airflow/dags/snowflake_hook.py
[2025-04-25T01:57:49.805+0000] {logging_mixin.py:190} INFO - [2025-04-25T01:57:49.803+0000] {dag.py:3239} INFO - Sync 1 DAGs
[2025-04-25T01:57:49.838+0000] {logging_mixin.py:190} INFO - [2025-04-25T01:57:49.838+0000] {dag.py:4180} INFO - Setting next_dagrun for snowflake_hook to None, run_after=None
[2025-04-25T01:57:49.866+0000] {processor.py:208} INFO - Processing /opt/airflow/dags/snowflake_hook.py took 0.136 seconds
[2025-04-25T01:58:20.273+0000] {processor.py:186} INFO - Started process (PID=27119) to work on /opt/airflow/dags/snowflake_hook.py
[2025-04-25T01:58:20.275+0000] {processor.py:914} INFO - Processing file /opt/airflow/dags/snowflake_hook.py for tasks to queue
[2025-04-25T01:58:20.281+0000] {logging_mixin.py:190} INFO - [2025-04-25T01:58:20.280+0000] {dagbag.py:588} INFO - Filling up the DagBag from /opt/airflow/dags/snowflake_hook.py
[2025-04-25T01:58:20.305+0000] {processor.py:925} INFO - DAG(s) 'snowflake_hook' retrieved from /opt/airflow/dags/snowflake_hook.py
[2025-04-25T01:58:20.340+0000] {logging_mixin.py:190} INFO - [2025-04-25T01:58:20.339+0000] {dag.py:3239} INFO - Sync 1 DAGs
[2025-04-25T01:58:20.386+0000] {logging_mixin.py:190} INFO - [2025-04-25T01:58:20.385+0000] {dag.py:4180} INFO - Setting next_dagrun for snowflake_hook to None, run_after=None
[2025-04-25T01:58:20.418+0000] {processor.py:208} INFO - Processing /opt/airflow/dags/snowflake_hook.py took 0.155 seconds
[2025-04-25T01:58:50.814+0000] {processor.py:186} INFO - Started process (PID=27140) to work on /opt/airflow/dags/snowflake_hook.py
[2025-04-25T01:58:50.817+0000] {processor.py:914} INFO - Processing file /opt/airflow/dags/snowflake_hook.py for tasks to queue
[2025-04-25T01:58:50.821+0000] {logging_mixin.py:190} INFO - [2025-04-25T01:58:50.821+0000] {dagbag.py:588} INFO - Filling up the DagBag from /opt/airflow/dags/snowflake_hook.py
[2025-04-25T01:58:50.847+0000] {processor.py:925} INFO - DAG(s) 'snowflake_hook' retrieved from /opt/airflow/dags/snowflake_hook.py
[2025-04-25T01:58:50.887+0000] {logging_mixin.py:190} INFO - [2025-04-25T01:58:50.886+0000] {dag.py:3239} INFO - Sync 1 DAGs
[2025-04-25T01:58:50.928+0000] {logging_mixin.py:190} INFO - [2025-04-25T01:58:50.927+0000] {dag.py:4180} INFO - Setting next_dagrun for snowflake_hook to None, run_after=None
[2025-04-25T01:58:50.959+0000] {processor.py:208} INFO - Processing /opt/airflow/dags/snowflake_hook.py took 0.156 seconds
[2025-04-25T01:59:21.208+0000] {processor.py:186} INFO - Started process (PID=27161) to work on /opt/airflow/dags/snowflake_hook.py
[2025-04-25T01:59:21.211+0000] {processor.py:914} INFO - Processing file /opt/airflow/dags/snowflake_hook.py for tasks to queue
[2025-04-25T01:59:21.216+0000] {logging_mixin.py:190} INFO - [2025-04-25T01:59:21.215+0000] {dagbag.py:588} INFO - Filling up the DagBag from /opt/airflow/dags/snowflake_hook.py
[2025-04-25T01:59:21.238+0000] {processor.py:925} INFO - DAG(s) 'snowflake_hook' retrieved from /opt/airflow/dags/snowflake_hook.py
[2025-04-25T01:59:21.273+0000] {logging_mixin.py:190} INFO - [2025-04-25T01:59:21.272+0000] {dag.py:3239} INFO - Sync 1 DAGs
[2025-04-25T01:59:21.305+0000] {logging_mixin.py:190} INFO - [2025-04-25T01:59:21.305+0000] {dag.py:4180} INFO - Setting next_dagrun for snowflake_hook to None, run_after=None
[2025-04-25T01:59:21.335+0000] {processor.py:208} INFO - Processing /opt/airflow/dags/snowflake_hook.py took 0.136 seconds
[2025-04-25T01:59:51.815+0000] {processor.py:186} INFO - Started process (PID=27182) to work on /opt/airflow/dags/snowflake_hook.py
[2025-04-25T01:59:51.817+0000] {processor.py:914} INFO - Processing file /opt/airflow/dags/snowflake_hook.py for tasks to queue
[2025-04-25T01:59:51.823+0000] {logging_mixin.py:190} INFO - [2025-04-25T01:59:51.822+0000] {dagbag.py:588} INFO - Filling up the DagBag from /opt/airflow/dags/snowflake_hook.py
[2025-04-25T01:59:51.846+0000] {processor.py:925} INFO - DAG(s) 'snowflake_hook' retrieved from /opt/airflow/dags/snowflake_hook.py
[2025-04-25T01:59:51.878+0000] {logging_mixin.py:190} INFO - [2025-04-25T01:59:51.877+0000] {dag.py:3239} INFO - Sync 1 DAGs
[2025-04-25T01:59:51.908+0000] {logging_mixin.py:190} INFO - [2025-04-25T01:59:51.907+0000] {dag.py:4180} INFO - Setting next_dagrun for snowflake_hook to None, run_after=None
[2025-04-25T01:59:51.933+0000] {processor.py:208} INFO - Processing /opt/airflow/dags/snowflake_hook.py took 0.127 seconds
[2025-04-25T02:00:22.322+0000] {processor.py:186} INFO - Started process (PID=27203) to work on /opt/airflow/dags/snowflake_hook.py
[2025-04-25T02:00:22.324+0000] {processor.py:914} INFO - Processing file /opt/airflow/dags/snowflake_hook.py for tasks to queue
[2025-04-25T02:00:22.329+0000] {logging_mixin.py:190} INFO - [2025-04-25T02:00:22.329+0000] {dagbag.py:588} INFO - Filling up the DagBag from /opt/airflow/dags/snowflake_hook.py
[2025-04-25T02:00:22.351+0000] {processor.py:925} INFO - DAG(s) 'snowflake_hook' retrieved from /opt/airflow/dags/snowflake_hook.py
[2025-04-25T02:00:22.384+0000] {logging_mixin.py:190} INFO - [2025-04-25T02:00:22.383+0000] {dag.py:3239} INFO - Sync 1 DAGs
[2025-04-25T02:00:22.413+0000] {logging_mixin.py:190} INFO - [2025-04-25T02:00:22.413+0000] {dag.py:4180} INFO - Setting next_dagrun for snowflake_hook to None, run_after=None
[2025-04-25T02:00:22.439+0000] {processor.py:208} INFO - Processing /opt/airflow/dags/snowflake_hook.py took 0.127 seconds
[2025-04-25T02:00:52.857+0000] {processor.py:186} INFO - Started process (PID=27224) to work on /opt/airflow/dags/snowflake_hook.py
[2025-04-25T02:00:52.860+0000] {processor.py:914} INFO - Processing file /opt/airflow/dags/snowflake_hook.py for tasks to queue
[2025-04-25T02:00:52.879+0000] {logging_mixin.py:190} INFO - [2025-04-25T02:00:52.877+0000] {dagbag.py:588} INFO - Filling up the DagBag from /opt/airflow/dags/snowflake_hook.py
[2025-04-25T02:00:52.905+0000] {processor.py:925} INFO - DAG(s) 'snowflake_hook' retrieved from /opt/airflow/dags/snowflake_hook.py
[2025-04-25T02:00:52.938+0000] {logging_mixin.py:190} INFO - [2025-04-25T02:00:52.937+0000] {dag.py:3239} INFO - Sync 1 DAGs
[2025-04-25T02:00:52.973+0000] {logging_mixin.py:190} INFO - [2025-04-25T02:00:52.972+0000] {dag.py:4180} INFO - Setting next_dagrun for snowflake_hook to None, run_after=None
[2025-04-25T02:00:53.004+0000] {processor.py:208} INFO - Processing /opt/airflow/dags/snowflake_hook.py took 0.158 seconds
[2025-04-25T02:01:23.349+0000] {processor.py:186} INFO - Started process (PID=27245) to work on /opt/airflow/dags/snowflake_hook.py
[2025-04-25T02:01:23.351+0000] {processor.py:914} INFO - Processing file /opt/airflow/dags/snowflake_hook.py for tasks to queue
[2025-04-25T02:01:23.354+0000] {logging_mixin.py:190} INFO - [2025-04-25T02:01:23.354+0000] {dagbag.py:588} INFO - Filling up the DagBag from /opt/airflow/dags/snowflake_hook.py
[2025-04-25T02:01:23.369+0000] {processor.py:925} INFO - DAG(s) 'snowflake_hook' retrieved from /opt/airflow/dags/snowflake_hook.py
[2025-04-25T02:01:23.396+0000] {logging_mixin.py:190} INFO - [2025-04-25T02:01:23.395+0000] {dag.py:3239} INFO - Sync 1 DAGs
[2025-04-25T02:01:23.419+0000] {logging_mixin.py:190} INFO - [2025-04-25T02:01:23.419+0000] {dag.py:4180} INFO - Setting next_dagrun for snowflake_hook to None, run_after=None
[2025-04-25T02:01:23.437+0000] {processor.py:208} INFO - Processing /opt/airflow/dags/snowflake_hook.py took 0.095 seconds
[2025-04-25T02:01:53.818+0000] {processor.py:186} INFO - Started process (PID=27266) to work on /opt/airflow/dags/snowflake_hook.py
[2025-04-25T02:01:53.820+0000] {processor.py:914} INFO - Processing file /opt/airflow/dags/snowflake_hook.py for tasks to queue
[2025-04-25T02:01:53.825+0000] {logging_mixin.py:190} INFO - [2025-04-25T02:01:53.824+0000] {dagbag.py:588} INFO - Filling up the DagBag from /opt/airflow/dags/snowflake_hook.py
[2025-04-25T02:01:53.846+0000] {processor.py:925} INFO - DAG(s) 'snowflake_hook' retrieved from /opt/airflow/dags/snowflake_hook.py
[2025-04-25T02:01:53.884+0000] {logging_mixin.py:190} INFO - [2025-04-25T02:01:53.883+0000] {dag.py:3239} INFO - Sync 1 DAGs
[2025-04-25T02:01:53.924+0000] {logging_mixin.py:190} INFO - [2025-04-25T02:01:53.924+0000] {dag.py:4180} INFO - Setting next_dagrun for snowflake_hook to None, run_after=None
[2025-04-25T02:01:53.955+0000] {processor.py:208} INFO - Processing /opt/airflow/dags/snowflake_hook.py took 0.145 seconds
[2025-04-25T02:02:24.181+0000] {processor.py:186} INFO - Started process (PID=27287) to work on /opt/airflow/dags/snowflake_hook.py
[2025-04-25T02:02:24.184+0000] {processor.py:914} INFO - Processing file /opt/airflow/dags/snowflake_hook.py for tasks to queue
[2025-04-25T02:02:24.190+0000] {logging_mixin.py:190} INFO - [2025-04-25T02:02:24.189+0000] {dagbag.py:588} INFO - Filling up the DagBag from /opt/airflow/dags/snowflake_hook.py
[2025-04-25T02:02:24.217+0000] {processor.py:925} INFO - DAG(s) 'snowflake_hook' retrieved from /opt/airflow/dags/snowflake_hook.py
[2025-04-25T02:02:24.254+0000] {logging_mixin.py:190} INFO - [2025-04-25T02:02:24.253+0000] {dag.py:3239} INFO - Sync 1 DAGs
[2025-04-25T02:02:24.285+0000] {logging_mixin.py:190} INFO - [2025-04-25T02:02:24.285+0000] {dag.py:4180} INFO - Setting next_dagrun for snowflake_hook to None, run_after=None
[2025-04-25T02:02:24.310+0000] {processor.py:208} INFO - Processing /opt/airflow/dags/snowflake_hook.py took 0.140 seconds
[2025-04-25T02:02:54.681+0000] {processor.py:186} INFO - Started process (PID=27308) to work on /opt/airflow/dags/snowflake_hook.py
[2025-04-25T02:02:54.684+0000] {processor.py:914} INFO - Processing file /opt/airflow/dags/snowflake_hook.py for tasks to queue
[2025-04-25T02:02:54.688+0000] {logging_mixin.py:190} INFO - [2025-04-25T02:02:54.688+0000] {dagbag.py:588} INFO - Filling up the DagBag from /opt/airflow/dags/snowflake_hook.py
[2025-04-25T02:02:54.708+0000] {processor.py:925} INFO - DAG(s) 'snowflake_hook' retrieved from /opt/airflow/dags/snowflake_hook.py
[2025-04-25T02:02:54.749+0000] {logging_mixin.py:190} INFO - [2025-04-25T02:02:54.748+0000] {dag.py:3239} INFO - Sync 1 DAGs
[2025-04-25T02:02:54.780+0000] {logging_mixin.py:190} INFO - [2025-04-25T02:02:54.780+0000] {dag.py:4180} INFO - Setting next_dagrun for snowflake_hook to None, run_after=None
[2025-04-25T02:02:54.809+0000] {processor.py:208} INFO - Processing /opt/airflow/dags/snowflake_hook.py took 0.135 seconds
[2025-04-25T02:03:25.173+0000] {processor.py:186} INFO - Started process (PID=27329) to work on /opt/airflow/dags/snowflake_hook.py
[2025-04-25T02:03:25.177+0000] {processor.py:914} INFO - Processing file /opt/airflow/dags/snowflake_hook.py for tasks to queue
[2025-04-25T02:03:25.183+0000] {logging_mixin.py:190} INFO - [2025-04-25T02:03:25.182+0000] {dagbag.py:588} INFO - Filling up the DagBag from /opt/airflow/dags/snowflake_hook.py
[2025-04-25T02:03:25.215+0000] {processor.py:925} INFO - DAG(s) 'snowflake_hook' retrieved from /opt/airflow/dags/snowflake_hook.py
[2025-04-25T02:03:25.251+0000] {logging_mixin.py:190} INFO - [2025-04-25T02:03:25.250+0000] {dag.py:3239} INFO - Sync 1 DAGs
[2025-04-25T02:03:25.280+0000] {logging_mixin.py:190} INFO - [2025-04-25T02:03:25.280+0000] {dag.py:4180} INFO - Setting next_dagrun for snowflake_hook to None, run_after=None
[2025-04-25T02:03:25.308+0000] {processor.py:208} INFO - Processing /opt/airflow/dags/snowflake_hook.py took 0.145 seconds
[2025-04-25T02:03:55.680+0000] {processor.py:186} INFO - Started process (PID=27350) to work on /opt/airflow/dags/snowflake_hook.py
[2025-04-25T02:03:55.682+0000] {processor.py:914} INFO - Processing file /opt/airflow/dags/snowflake_hook.py for tasks to queue
[2025-04-25T02:03:55.687+0000] {logging_mixin.py:190} INFO - [2025-04-25T02:03:55.687+0000] {dagbag.py:588} INFO - Filling up the DagBag from /opt/airflow/dags/snowflake_hook.py
[2025-04-25T02:03:55.712+0000] {processor.py:925} INFO - DAG(s) 'snowflake_hook' retrieved from /opt/airflow/dags/snowflake_hook.py
[2025-04-25T02:03:55.741+0000] {logging_mixin.py:190} INFO - [2025-04-25T02:03:55.740+0000] {dag.py:3239} INFO - Sync 1 DAGs
[2025-04-25T02:03:55.769+0000] {logging_mixin.py:190} INFO - [2025-04-25T02:03:55.769+0000] {dag.py:4180} INFO - Setting next_dagrun for snowflake_hook to None, run_after=None
[2025-04-25T02:03:55.795+0000] {processor.py:208} INFO - Processing /opt/airflow/dags/snowflake_hook.py took 0.124 seconds
[2025-04-25T02:04:26.170+0000] {processor.py:186} INFO - Started process (PID=27372) to work on /opt/airflow/dags/snowflake_hook.py
[2025-04-25T02:04:26.173+0000] {processor.py:914} INFO - Processing file /opt/airflow/dags/snowflake_hook.py for tasks to queue
[2025-04-25T02:04:26.179+0000] {logging_mixin.py:190} INFO - [2025-04-25T02:04:26.178+0000] {dagbag.py:588} INFO - Filling up the DagBag from /opt/airflow/dags/snowflake_hook.py
[2025-04-25T02:04:26.200+0000] {processor.py:925} INFO - DAG(s) 'snowflake_hook' retrieved from /opt/airflow/dags/snowflake_hook.py
[2025-04-25T02:04:26.231+0000] {logging_mixin.py:190} INFO - [2025-04-25T02:04:26.231+0000] {dag.py:3239} INFO - Sync 1 DAGs
[2025-04-25T02:04:26.259+0000] {logging_mixin.py:190} INFO - [2025-04-25T02:04:26.259+0000] {dag.py:4180} INFO - Setting next_dagrun for snowflake_hook to None, run_after=None
[2025-04-25T02:04:26.281+0000] {processor.py:208} INFO - Processing /opt/airflow/dags/snowflake_hook.py took 0.119 seconds
[2025-04-25T02:04:56.712+0000] {processor.py:186} INFO - Started process (PID=27393) to work on /opt/airflow/dags/snowflake_hook.py
[2025-04-25T02:04:56.714+0000] {processor.py:914} INFO - Processing file /opt/airflow/dags/snowflake_hook.py for tasks to queue
[2025-04-25T02:04:56.719+0000] {logging_mixin.py:190} INFO - [2025-04-25T02:04:56.719+0000] {dagbag.py:588} INFO - Filling up the DagBag from /opt/airflow/dags/snowflake_hook.py
[2025-04-25T02:04:56.746+0000] {processor.py:925} INFO - DAG(s) 'snowflake_hook' retrieved from /opt/airflow/dags/snowflake_hook.py
[2025-04-25T02:04:56.775+0000] {logging_mixin.py:190} INFO - [2025-04-25T02:04:56.774+0000] {dag.py:3239} INFO - Sync 1 DAGs
[2025-04-25T02:04:56.805+0000] {logging_mixin.py:190} INFO - [2025-04-25T02:04:56.805+0000] {dag.py:4180} INFO - Setting next_dagrun for snowflake_hook to None, run_after=None
[2025-04-25T02:04:56.832+0000] {processor.py:208} INFO - Processing /opt/airflow/dags/snowflake_hook.py took 0.129 seconds
[2025-04-25T02:05:27.209+0000] {processor.py:186} INFO - Started process (PID=27414) to work on /opt/airflow/dags/snowflake_hook.py
[2025-04-25T02:05:27.211+0000] {processor.py:914} INFO - Processing file /opt/airflow/dags/snowflake_hook.py for tasks to queue
[2025-04-25T02:05:27.218+0000] {logging_mixin.py:190} INFO - [2025-04-25T02:05:27.218+0000] {dagbag.py:588} INFO - Filling up the DagBag from /opt/airflow/dags/snowflake_hook.py
[2025-04-25T02:05:27.239+0000] {processor.py:925} INFO - DAG(s) 'snowflake_hook' retrieved from /opt/airflow/dags/snowflake_hook.py
[2025-04-25T02:05:27.270+0000] {logging_mixin.py:190} INFO - [2025-04-25T02:05:27.270+0000] {dag.py:3239} INFO - Sync 1 DAGs
[2025-04-25T02:05:27.299+0000] {logging_mixin.py:190} INFO - [2025-04-25T02:05:27.299+0000] {dag.py:4180} INFO - Setting next_dagrun for snowflake_hook to None, run_after=None
[2025-04-25T02:05:27.330+0000] {processor.py:208} INFO - Processing /opt/airflow/dags/snowflake_hook.py took 0.130 seconds
[2025-04-25T02:05:57.700+0000] {processor.py:186} INFO - Started process (PID=27435) to work on /opt/airflow/dags/snowflake_hook.py
[2025-04-25T02:05:57.703+0000] {processor.py:914} INFO - Processing file /opt/airflow/dags/snowflake_hook.py for tasks to queue
[2025-04-25T02:05:57.707+0000] {logging_mixin.py:190} INFO - [2025-04-25T02:05:57.706+0000] {dagbag.py:588} INFO - Filling up the DagBag from /opt/airflow/dags/snowflake_hook.py
[2025-04-25T02:05:57.726+0000] {processor.py:925} INFO - DAG(s) 'snowflake_hook' retrieved from /opt/airflow/dags/snowflake_hook.py
[2025-04-25T02:05:57.756+0000] {logging_mixin.py:190} INFO - [2025-04-25T02:05:57.755+0000] {dag.py:3239} INFO - Sync 1 DAGs
[2025-04-25T02:05:57.783+0000] {logging_mixin.py:190} INFO - [2025-04-25T02:05:57.783+0000] {dag.py:4180} INFO - Setting next_dagrun for snowflake_hook to None, run_after=None
[2025-04-25T02:05:57.809+0000] {processor.py:208} INFO - Processing /opt/airflow/dags/snowflake_hook.py took 0.117 seconds
[2025-04-25T02:06:28.206+0000] {processor.py:186} INFO - Started process (PID=27456) to work on /opt/airflow/dags/snowflake_hook.py
[2025-04-25T02:06:28.209+0000] {processor.py:914} INFO - Processing file /opt/airflow/dags/snowflake_hook.py for tasks to queue
[2025-04-25T02:06:28.214+0000] {logging_mixin.py:190} INFO - [2025-04-25T02:06:28.213+0000] {dagbag.py:588} INFO - Filling up the DagBag from /opt/airflow/dags/snowflake_hook.py
[2025-04-25T02:06:28.235+0000] {processor.py:925} INFO - DAG(s) 'snowflake_hook' retrieved from /opt/airflow/dags/snowflake_hook.py
[2025-04-25T02:06:28.268+0000] {logging_mixin.py:190} INFO - [2025-04-25T02:06:28.267+0000] {dag.py:3239} INFO - Sync 1 DAGs
[2025-04-25T02:06:28.295+0000] {logging_mixin.py:190} INFO - [2025-04-25T02:06:28.294+0000] {dag.py:4180} INFO - Setting next_dagrun for snowflake_hook to None, run_after=None
[2025-04-25T02:06:28.320+0000] {processor.py:208} INFO - Processing /opt/airflow/dags/snowflake_hook.py took 0.122 seconds
[2025-04-25T02:06:58.719+0000] {processor.py:186} INFO - Started process (PID=27477) to work on /opt/airflow/dags/snowflake_hook.py
[2025-04-25T02:06:58.721+0000] {processor.py:914} INFO - Processing file /opt/airflow/dags/snowflake_hook.py for tasks to queue
[2025-04-25T02:06:58.728+0000] {logging_mixin.py:190} INFO - [2025-04-25T02:06:58.728+0000] {dagbag.py:588} INFO - Filling up the DagBag from /opt/airflow/dags/snowflake_hook.py
[2025-04-25T02:06:58.754+0000] {processor.py:925} INFO - DAG(s) 'snowflake_hook' retrieved from /opt/airflow/dags/snowflake_hook.py
[2025-04-25T02:06:58.794+0000] {logging_mixin.py:190} INFO - [2025-04-25T02:06:58.793+0000] {dag.py:3239} INFO - Sync 1 DAGs
[2025-04-25T02:06:58.833+0000] {logging_mixin.py:190} INFO - [2025-04-25T02:06:58.832+0000] {dag.py:4180} INFO - Setting next_dagrun for snowflake_hook to None, run_after=None
[2025-04-25T02:06:58.866+0000] {processor.py:208} INFO - Processing /opt/airflow/dags/snowflake_hook.py took 0.157 seconds
[2025-04-25T02:07:29.229+0000] {processor.py:186} INFO - Started process (PID=27498) to work on /opt/airflow/dags/snowflake_hook.py
[2025-04-25T02:07:29.231+0000] {processor.py:914} INFO - Processing file /opt/airflow/dags/snowflake_hook.py for tasks to queue
[2025-04-25T02:07:29.237+0000] {logging_mixin.py:190} INFO - [2025-04-25T02:07:29.236+0000] {dagbag.py:588} INFO - Filling up the DagBag from /opt/airflow/dags/snowflake_hook.py
[2025-04-25T02:07:29.258+0000] {processor.py:925} INFO - DAG(s) 'snowflake_hook' retrieved from /opt/airflow/dags/snowflake_hook.py
[2025-04-25T02:07:29.314+0000] {logging_mixin.py:190} INFO - [2025-04-25T02:07:29.313+0000] {dag.py:3239} INFO - Sync 1 DAGs
[2025-04-25T02:07:29.342+0000] {logging_mixin.py:190} INFO - [2025-04-25T02:07:29.342+0000] {dag.py:4180} INFO - Setting next_dagrun for snowflake_hook to None, run_after=None
[2025-04-25T02:07:29.367+0000] {processor.py:208} INFO - Processing /opt/airflow/dags/snowflake_hook.py took 0.146 seconds
[2025-04-25T02:07:59.769+0000] {processor.py:186} INFO - Started process (PID=27519) to work on /opt/airflow/dags/snowflake_hook.py
[2025-04-25T02:07:59.772+0000] {processor.py:914} INFO - Processing file /opt/airflow/dags/snowflake_hook.py for tasks to queue
[2025-04-25T02:07:59.779+0000] {logging_mixin.py:190} INFO - [2025-04-25T02:07:59.779+0000] {dagbag.py:588} INFO - Filling up the DagBag from /opt/airflow/dags/snowflake_hook.py
[2025-04-25T02:07:59.806+0000] {processor.py:925} INFO - DAG(s) 'snowflake_hook' retrieved from /opt/airflow/dags/snowflake_hook.py
[2025-04-25T02:07:59.847+0000] {logging_mixin.py:190} INFO - [2025-04-25T02:07:59.846+0000] {dag.py:3239} INFO - Sync 1 DAGs
[2025-04-25T02:07:59.892+0000] {logging_mixin.py:190} INFO - [2025-04-25T02:07:59.892+0000] {dag.py:4180} INFO - Setting next_dagrun for snowflake_hook to None, run_after=None
[2025-04-25T02:07:59.928+0000] {processor.py:208} INFO - Processing /opt/airflow/dags/snowflake_hook.py took 0.169 seconds
[2025-04-25T02:08:30.374+0000] {processor.py:186} INFO - Started process (PID=27540) to work on /opt/airflow/dags/snowflake_hook.py
[2025-04-25T02:08:30.376+0000] {processor.py:914} INFO - Processing file /opt/airflow/dags/snowflake_hook.py for tasks to queue
[2025-04-25T02:08:30.381+0000] {logging_mixin.py:190} INFO - [2025-04-25T02:08:30.380+0000] {dagbag.py:588} INFO - Filling up the DagBag from /opt/airflow/dags/snowflake_hook.py
[2025-04-25T02:08:30.402+0000] {processor.py:925} INFO - DAG(s) 'snowflake_hook' retrieved from /opt/airflow/dags/snowflake_hook.py
[2025-04-25T02:08:30.442+0000] {logging_mixin.py:190} INFO - [2025-04-25T02:08:30.441+0000] {dag.py:3239} INFO - Sync 1 DAGs
[2025-04-25T02:08:30.480+0000] {logging_mixin.py:190} INFO - [2025-04-25T02:08:30.480+0000] {dag.py:4180} INFO - Setting next_dagrun for snowflake_hook to None, run_after=None
[2025-04-25T02:08:30.510+0000] {processor.py:208} INFO - Processing /opt/airflow/dags/snowflake_hook.py took 0.145 seconds
[2025-04-25T02:09:00.906+0000] {processor.py:186} INFO - Started process (PID=27561) to work on /opt/airflow/dags/snowflake_hook.py
[2025-04-25T02:09:00.910+0000] {processor.py:914} INFO - Processing file /opt/airflow/dags/snowflake_hook.py for tasks to queue
[2025-04-25T02:09:00.917+0000] {logging_mixin.py:190} INFO - [2025-04-25T02:09:00.916+0000] {dagbag.py:588} INFO - Filling up the DagBag from /opt/airflow/dags/snowflake_hook.py
[2025-04-25T02:09:00.939+0000] {processor.py:925} INFO - DAG(s) 'snowflake_hook' retrieved from /opt/airflow/dags/snowflake_hook.py
[2025-04-25T02:09:00.981+0000] {logging_mixin.py:190} INFO - [2025-04-25T02:09:00.980+0000] {dag.py:3239} INFO - Sync 1 DAGs
[2025-04-25T02:09:01.015+0000] {logging_mixin.py:190} INFO - [2025-04-25T02:09:01.015+0000] {dag.py:4180} INFO - Setting next_dagrun for snowflake_hook to None, run_after=None
[2025-04-25T02:09:01.046+0000] {processor.py:208} INFO - Processing /opt/airflow/dags/snowflake_hook.py took 0.151 seconds
[2025-04-25T02:09:31.451+0000] {processor.py:186} INFO - Started process (PID=27582) to work on /opt/airflow/dags/snowflake_hook.py
[2025-04-25T02:09:31.454+0000] {processor.py:914} INFO - Processing file /opt/airflow/dags/snowflake_hook.py for tasks to queue
[2025-04-25T02:09:31.459+0000] {logging_mixin.py:190} INFO - [2025-04-25T02:09:31.458+0000] {dagbag.py:588} INFO - Filling up the DagBag from /opt/airflow/dags/snowflake_hook.py
[2025-04-25T02:09:31.483+0000] {processor.py:925} INFO - DAG(s) 'snowflake_hook' retrieved from /opt/airflow/dags/snowflake_hook.py
[2025-04-25T02:09:31.517+0000] {logging_mixin.py:190} INFO - [2025-04-25T02:09:31.516+0000] {dag.py:3239} INFO - Sync 1 DAGs
[2025-04-25T02:09:31.555+0000] {logging_mixin.py:190} INFO - [2025-04-25T02:09:31.554+0000] {dag.py:4180} INFO - Setting next_dagrun for snowflake_hook to None, run_after=None
[2025-04-25T02:09:31.581+0000] {processor.py:208} INFO - Processing /opt/airflow/dags/snowflake_hook.py took 0.138 seconds
[2025-04-25T02:10:02.061+0000] {processor.py:186} INFO - Started process (PID=27603) to work on /opt/airflow/dags/snowflake_hook.py
[2025-04-25T02:10:02.065+0000] {processor.py:914} INFO - Processing file /opt/airflow/dags/snowflake_hook.py for tasks to queue
[2025-04-25T02:10:02.070+0000] {logging_mixin.py:190} INFO - [2025-04-25T02:10:02.069+0000] {dagbag.py:588} INFO - Filling up the DagBag from /opt/airflow/dags/snowflake_hook.py
[2025-04-25T02:10:02.094+0000] {processor.py:925} INFO - DAG(s) 'snowflake_hook' retrieved from /opt/airflow/dags/snowflake_hook.py
[2025-04-25T02:10:02.128+0000] {logging_mixin.py:190} INFO - [2025-04-25T02:10:02.127+0000] {dag.py:3239} INFO - Sync 1 DAGs
[2025-04-25T02:10:02.169+0000] {logging_mixin.py:190} INFO - [2025-04-25T02:10:02.169+0000] {dag.py:4180} INFO - Setting next_dagrun for snowflake_hook to None, run_after=None
[2025-04-25T02:10:02.199+0000] {processor.py:208} INFO - Processing /opt/airflow/dags/snowflake_hook.py took 0.147 seconds
[2025-04-25T02:10:32.555+0000] {processor.py:186} INFO - Started process (PID=27624) to work on /opt/airflow/dags/snowflake_hook.py
[2025-04-25T02:10:32.558+0000] {processor.py:914} INFO - Processing file /opt/airflow/dags/snowflake_hook.py for tasks to queue
[2025-04-25T02:10:32.564+0000] {logging_mixin.py:190} INFO - [2025-04-25T02:10:32.563+0000] {dagbag.py:588} INFO - Filling up the DagBag from /opt/airflow/dags/snowflake_hook.py
[2025-04-25T02:10:32.591+0000] {processor.py:925} INFO - DAG(s) 'snowflake_hook' retrieved from /opt/airflow/dags/snowflake_hook.py
[2025-04-25T02:10:32.626+0000] {logging_mixin.py:190} INFO - [2025-04-25T02:10:32.625+0000] {dag.py:3239} INFO - Sync 1 DAGs
[2025-04-25T02:10:32.659+0000] {logging_mixin.py:190} INFO - [2025-04-25T02:10:32.659+0000] {dag.py:4180} INFO - Setting next_dagrun for snowflake_hook to None, run_after=None
[2025-04-25T02:10:32.685+0000] {processor.py:208} INFO - Processing /opt/airflow/dags/snowflake_hook.py took 0.139 seconds
[2025-04-25T02:11:03.081+0000] {processor.py:186} INFO - Started process (PID=27651) to work on /opt/airflow/dags/snowflake_hook.py
[2025-04-25T02:11:03.084+0000] {processor.py:914} INFO - Processing file /opt/airflow/dags/snowflake_hook.py for tasks to queue
[2025-04-25T02:11:03.088+0000] {logging_mixin.py:190} INFO - [2025-04-25T02:11:03.088+0000] {dagbag.py:588} INFO - Filling up the DagBag from /opt/airflow/dags/snowflake_hook.py
[2025-04-25T02:11:03.109+0000] {processor.py:925} INFO - DAG(s) 'snowflake_hook' retrieved from /opt/airflow/dags/snowflake_hook.py
[2025-04-25T02:11:03.141+0000] {logging_mixin.py:190} INFO - [2025-04-25T02:11:03.140+0000] {dag.py:3239} INFO - Sync 1 DAGs
[2025-04-25T02:11:03.173+0000] {logging_mixin.py:190} INFO - [2025-04-25T02:11:03.173+0000] {dag.py:4180} INFO - Setting next_dagrun for snowflake_hook to None, run_after=None
[2025-04-25T02:11:03.212+0000] {processor.py:208} INFO - Processing /opt/airflow/dags/snowflake_hook.py took 0.139 seconds
[2025-04-25T02:11:33.636+0000] {processor.py:186} INFO - Started process (PID=27672) to work on /opt/airflow/dags/snowflake_hook.py
[2025-04-25T02:11:33.638+0000] {processor.py:914} INFO - Processing file /opt/airflow/dags/snowflake_hook.py for tasks to queue
[2025-04-25T02:11:33.643+0000] {logging_mixin.py:190} INFO - [2025-04-25T02:11:33.642+0000] {dagbag.py:588} INFO - Filling up the DagBag from /opt/airflow/dags/snowflake_hook.py
[2025-04-25T02:11:33.663+0000] {processor.py:925} INFO - DAG(s) 'snowflake_hook' retrieved from /opt/airflow/dags/snowflake_hook.py
[2025-04-25T02:11:33.696+0000] {logging_mixin.py:190} INFO - [2025-04-25T02:11:33.695+0000] {dag.py:3239} INFO - Sync 1 DAGs
[2025-04-25T02:11:33.733+0000] {logging_mixin.py:190} INFO - [2025-04-25T02:11:33.732+0000] {dag.py:4180} INFO - Setting next_dagrun for snowflake_hook to None, run_after=None
[2025-04-25T02:11:33.772+0000] {processor.py:208} INFO - Processing /opt/airflow/dags/snowflake_hook.py took 0.147 seconds
[2025-04-25T02:12:04.151+0000] {processor.py:186} INFO - Started process (PID=27693) to work on /opt/airflow/dags/snowflake_hook.py
[2025-04-25T02:12:04.154+0000] {processor.py:914} INFO - Processing file /opt/airflow/dags/snowflake_hook.py for tasks to queue
[2025-04-25T02:12:04.159+0000] {logging_mixin.py:190} INFO - [2025-04-25T02:12:04.159+0000] {dagbag.py:588} INFO - Filling up the DagBag from /opt/airflow/dags/snowflake_hook.py
[2025-04-25T02:12:04.180+0000] {processor.py:925} INFO - DAG(s) 'snowflake_hook' retrieved from /opt/airflow/dags/snowflake_hook.py
[2025-04-25T02:12:04.212+0000] {logging_mixin.py:190} INFO - [2025-04-25T02:12:04.211+0000] {dag.py:3239} INFO - Sync 1 DAGs
[2025-04-25T02:12:04.240+0000] {logging_mixin.py:190} INFO - [2025-04-25T02:12:04.240+0000] {dag.py:4180} INFO - Setting next_dagrun for snowflake_hook to None, run_after=None
[2025-04-25T02:12:04.263+0000] {processor.py:208} INFO - Processing /opt/airflow/dags/snowflake_hook.py took 0.120 seconds
[2025-04-25T02:12:34.632+0000] {processor.py:186} INFO - Started process (PID=27714) to work on /opt/airflow/dags/snowflake_hook.py
[2025-04-25T02:12:34.635+0000] {processor.py:914} INFO - Processing file /opt/airflow/dags/snowflake_hook.py for tasks to queue
[2025-04-25T02:12:34.640+0000] {logging_mixin.py:190} INFO - [2025-04-25T02:12:34.639+0000] {dagbag.py:588} INFO - Filling up the DagBag from /opt/airflow/dags/snowflake_hook.py
[2025-04-25T02:12:34.663+0000] {processor.py:925} INFO - DAG(s) 'snowflake_hook' retrieved from /opt/airflow/dags/snowflake_hook.py
[2025-04-25T02:12:34.698+0000] {logging_mixin.py:190} INFO - [2025-04-25T02:12:34.697+0000] {dag.py:3239} INFO - Sync 1 DAGs
[2025-04-25T02:12:34.732+0000] {logging_mixin.py:190} INFO - [2025-04-25T02:12:34.732+0000] {dag.py:4180} INFO - Setting next_dagrun for snowflake_hook to None, run_after=None
[2025-04-25T02:12:34.759+0000] {processor.py:208} INFO - Processing /opt/airflow/dags/snowflake_hook.py took 0.135 seconds
[2025-04-25T02:13:04.946+0000] {processor.py:186} INFO - Started process (PID=27735) to work on /opt/airflow/dags/snowflake_hook.py
[2025-04-25T02:13:04.948+0000] {processor.py:914} INFO - Processing file /opt/airflow/dags/snowflake_hook.py for tasks to queue
[2025-04-25T02:13:04.951+0000] {logging_mixin.py:190} INFO - [2025-04-25T02:13:04.951+0000] {dagbag.py:588} INFO - Filling up the DagBag from /opt/airflow/dags/snowflake_hook.py
[2025-04-25T02:13:04.966+0000] {processor.py:925} INFO - DAG(s) 'snowflake_hook' retrieved from /opt/airflow/dags/snowflake_hook.py
[2025-04-25T02:13:04.985+0000] {logging_mixin.py:190} INFO - [2025-04-25T02:13:04.985+0000] {dag.py:3239} INFO - Sync 1 DAGs
[2025-04-25T02:13:05.003+0000] {logging_mixin.py:190} INFO - [2025-04-25T02:13:05.003+0000] {dag.py:4180} INFO - Setting next_dagrun for snowflake_hook to None, run_after=None
[2025-04-25T02:13:05.021+0000] {processor.py:208} INFO - Processing /opt/airflow/dags/snowflake_hook.py took 0.081 seconds
[2025-04-25T02:13:35.366+0000] {processor.py:186} INFO - Started process (PID=27756) to work on /opt/airflow/dags/snowflake_hook.py
[2025-04-25T02:13:35.368+0000] {processor.py:914} INFO - Processing file /opt/airflow/dags/snowflake_hook.py for tasks to queue
[2025-04-25T02:13:35.371+0000] {logging_mixin.py:190} INFO - [2025-04-25T02:13:35.371+0000] {dagbag.py:588} INFO - Filling up the DagBag from /opt/airflow/dags/snowflake_hook.py
[2025-04-25T02:13:35.386+0000] {processor.py:925} INFO - DAG(s) 'snowflake_hook' retrieved from /opt/airflow/dags/snowflake_hook.py
[2025-04-25T02:13:35.406+0000] {logging_mixin.py:190} INFO - [2025-04-25T02:13:35.406+0000] {dag.py:3239} INFO - Sync 1 DAGs
[2025-04-25T02:13:35.426+0000] {logging_mixin.py:190} INFO - [2025-04-25T02:13:35.426+0000] {dag.py:4180} INFO - Setting next_dagrun for snowflake_hook to None, run_after=None
[2025-04-25T02:13:35.443+0000] {processor.py:208} INFO - Processing /opt/airflow/dags/snowflake_hook.py took 0.083 seconds
[2025-04-25T02:14:05.829+0000] {processor.py:186} INFO - Started process (PID=27776) to work on /opt/airflow/dags/snowflake_hook.py
[2025-04-25T02:14:05.831+0000] {processor.py:914} INFO - Processing file /opt/airflow/dags/snowflake_hook.py for tasks to queue
[2025-04-25T02:14:05.835+0000] {logging_mixin.py:190} INFO - [2025-04-25T02:14:05.834+0000] {dagbag.py:588} INFO - Filling up the DagBag from /opt/airflow/dags/snowflake_hook.py
[2025-04-25T02:14:05.858+0000] {processor.py:925} INFO - DAG(s) 'snowflake_hook' retrieved from /opt/airflow/dags/snowflake_hook.py
[2025-04-25T02:14:05.899+0000] {logging_mixin.py:190} INFO - [2025-04-25T02:14:05.898+0000] {dag.py:3239} INFO - Sync 1 DAGs
[2025-04-25T02:14:05.937+0000] {logging_mixin.py:190} INFO - [2025-04-25T02:14:05.937+0000] {dag.py:4180} INFO - Setting next_dagrun for snowflake_hook to None, run_after=None
[2025-04-25T02:14:05.962+0000] {processor.py:208} INFO - Processing /opt/airflow/dags/snowflake_hook.py took 0.142 seconds
[2025-04-25T02:14:36.353+0000] {processor.py:186} INFO - Started process (PID=27797) to work on /opt/airflow/dags/snowflake_hook.py
[2025-04-25T02:14:36.356+0000] {processor.py:914} INFO - Processing file /opt/airflow/dags/snowflake_hook.py for tasks to queue
[2025-04-25T02:14:36.361+0000] {logging_mixin.py:190} INFO - [2025-04-25T02:14:36.360+0000] {dagbag.py:588} INFO - Filling up the DagBag from /opt/airflow/dags/snowflake_hook.py
[2025-04-25T02:14:36.387+0000] {processor.py:925} INFO - DAG(s) 'snowflake_hook' retrieved from /opt/airflow/dags/snowflake_hook.py
[2025-04-25T02:14:36.417+0000] {logging_mixin.py:190} INFO - [2025-04-25T02:14:36.416+0000] {dag.py:3239} INFO - Sync 1 DAGs
[2025-04-25T02:14:36.445+0000] {logging_mixin.py:190} INFO - [2025-04-25T02:14:36.445+0000] {dag.py:4180} INFO - Setting next_dagrun for snowflake_hook to None, run_after=None
[2025-04-25T02:14:36.471+0000] {processor.py:208} INFO - Processing /opt/airflow/dags/snowflake_hook.py took 0.129 seconds
[2025-04-25T02:15:06.910+0000] {processor.py:186} INFO - Started process (PID=27818) to work on /opt/airflow/dags/snowflake_hook.py
[2025-04-25T02:15:06.912+0000] {processor.py:914} INFO - Processing file /opt/airflow/dags/snowflake_hook.py for tasks to queue
[2025-04-25T02:15:06.916+0000] {logging_mixin.py:190} INFO - [2025-04-25T02:15:06.915+0000] {dagbag.py:588} INFO - Filling up the DagBag from /opt/airflow/dags/snowflake_hook.py
[2025-04-25T02:15:06.931+0000] {processor.py:925} INFO - DAG(s) 'snowflake_hook' retrieved from /opt/airflow/dags/snowflake_hook.py
[2025-04-25T02:15:06.953+0000] {logging_mixin.py:190} INFO - [2025-04-25T02:15:06.953+0000] {dag.py:3239} INFO - Sync 1 DAGs
[2025-04-25T02:15:06.974+0000] {logging_mixin.py:190} INFO - [2025-04-25T02:15:06.974+0000] {dag.py:4180} INFO - Setting next_dagrun for snowflake_hook to None, run_after=None
[2025-04-25T02:15:06.997+0000] {processor.py:208} INFO - Processing /opt/airflow/dags/snowflake_hook.py took 0.094 seconds
[2025-04-25T02:15:37.341+0000] {processor.py:186} INFO - Started process (PID=27839) to work on /opt/airflow/dags/snowflake_hook.py
[2025-04-25T02:15:37.343+0000] {processor.py:914} INFO - Processing file /opt/airflow/dags/snowflake_hook.py for tasks to queue
[2025-04-25T02:15:37.347+0000] {logging_mixin.py:190} INFO - [2025-04-25T02:15:37.346+0000] {dagbag.py:588} INFO - Filling up the DagBag from /opt/airflow/dags/snowflake_hook.py
[2025-04-25T02:15:37.366+0000] {processor.py:925} INFO - DAG(s) 'snowflake_hook' retrieved from /opt/airflow/dags/snowflake_hook.py
[2025-04-25T02:15:37.394+0000] {logging_mixin.py:190} INFO - [2025-04-25T02:15:37.393+0000] {dag.py:3239} INFO - Sync 1 DAGs
[2025-04-25T02:15:37.420+0000] {logging_mixin.py:190} INFO - [2025-04-25T02:15:37.419+0000] {dag.py:4180} INFO - Setting next_dagrun for snowflake_hook to None, run_after=None
[2025-04-25T02:15:37.444+0000] {processor.py:208} INFO - Processing /opt/airflow/dags/snowflake_hook.py took 0.109 seconds
[2025-04-25T02:16:07.804+0000] {processor.py:186} INFO - Started process (PID=27860) to work on /opt/airflow/dags/snowflake_hook.py
[2025-04-25T02:16:07.807+0000] {processor.py:914} INFO - Processing file /opt/airflow/dags/snowflake_hook.py for tasks to queue
[2025-04-25T02:16:07.811+0000] {logging_mixin.py:190} INFO - [2025-04-25T02:16:07.810+0000] {dagbag.py:588} INFO - Filling up the DagBag from /opt/airflow/dags/snowflake_hook.py
[2025-04-25T02:16:07.833+0000] {processor.py:925} INFO - DAG(s) 'snowflake_hook' retrieved from /opt/airflow/dags/snowflake_hook.py
[2025-04-25T02:16:07.865+0000] {logging_mixin.py:190} INFO - [2025-04-25T02:16:07.864+0000] {dag.py:3239} INFO - Sync 1 DAGs
[2025-04-25T02:16:07.894+0000] {logging_mixin.py:190} INFO - [2025-04-25T02:16:07.894+0000] {dag.py:4180} INFO - Setting next_dagrun for snowflake_hook to None, run_after=None
[2025-04-25T02:16:07.918+0000] {processor.py:208} INFO - Processing /opt/airflow/dags/snowflake_hook.py took 0.124 seconds
[2025-04-25T02:16:38.274+0000] {processor.py:186} INFO - Started process (PID=27881) to work on /opt/airflow/dags/snowflake_hook.py
[2025-04-25T02:16:38.277+0000] {processor.py:914} INFO - Processing file /opt/airflow/dags/snowflake_hook.py for tasks to queue
[2025-04-25T02:16:38.281+0000] {logging_mixin.py:190} INFO - [2025-04-25T02:16:38.281+0000] {dagbag.py:588} INFO - Filling up the DagBag from /opt/airflow/dags/snowflake_hook.py
[2025-04-25T02:16:38.310+0000] {processor.py:925} INFO - DAG(s) 'snowflake_hook' retrieved from /opt/airflow/dags/snowflake_hook.py
[2025-04-25T02:16:38.337+0000] {logging_mixin.py:190} INFO - [2025-04-25T02:16:38.336+0000] {dag.py:3239} INFO - Sync 1 DAGs
[2025-04-25T02:16:38.355+0000] {logging_mixin.py:190} INFO - [2025-04-25T02:16:38.355+0000] {dag.py:4180} INFO - Setting next_dagrun for snowflake_hook to None, run_after=None
[2025-04-25T02:16:38.371+0000] {processor.py:208} INFO - Processing /opt/airflow/dags/snowflake_hook.py took 0.104 seconds
[2025-04-25T02:17:08.741+0000] {processor.py:186} INFO - Started process (PID=27902) to work on /opt/airflow/dags/snowflake_hook.py
[2025-04-25T02:17:08.743+0000] {processor.py:914} INFO - Processing file /opt/airflow/dags/snowflake_hook.py for tasks to queue
[2025-04-25T02:17:08.747+0000] {logging_mixin.py:190} INFO - [2025-04-25T02:17:08.746+0000] {dagbag.py:588} INFO - Filling up the DagBag from /opt/airflow/dags/snowflake_hook.py
[2025-04-25T02:17:08.770+0000] {processor.py:925} INFO - DAG(s) 'snowflake_hook' retrieved from /opt/airflow/dags/snowflake_hook.py
[2025-04-25T02:17:08.807+0000] {logging_mixin.py:190} INFO - [2025-04-25T02:17:08.805+0000] {dag.py:3239} INFO - Sync 1 DAGs
[2025-04-25T02:17:08.840+0000] {logging_mixin.py:190} INFO - [2025-04-25T02:17:08.840+0000] {dag.py:4180} INFO - Setting next_dagrun for snowflake_hook to None, run_after=None
[2025-04-25T02:17:08.864+0000] {processor.py:208} INFO - Processing /opt/airflow/dags/snowflake_hook.py took 0.132 seconds
[2025-04-25T02:17:39.249+0000] {processor.py:186} INFO - Started process (PID=27923) to work on /opt/airflow/dags/snowflake_hook.py
[2025-04-25T02:17:39.252+0000] {processor.py:914} INFO - Processing file /opt/airflow/dags/snowflake_hook.py for tasks to queue
[2025-04-25T02:17:39.260+0000] {logging_mixin.py:190} INFO - [2025-04-25T02:17:39.259+0000] {dagbag.py:588} INFO - Filling up the DagBag from /opt/airflow/dags/snowflake_hook.py
[2025-04-25T02:17:39.284+0000] {processor.py:925} INFO - DAG(s) 'snowflake_hook' retrieved from /opt/airflow/dags/snowflake_hook.py
[2025-04-25T02:17:39.320+0000] {logging_mixin.py:190} INFO - [2025-04-25T02:17:39.319+0000] {dag.py:3239} INFO - Sync 1 DAGs
[2025-04-25T02:17:39.355+0000] {logging_mixin.py:190} INFO - [2025-04-25T02:17:39.354+0000] {dag.py:4180} INFO - Setting next_dagrun for snowflake_hook to None, run_after=None
[2025-04-25T02:17:39.384+0000] {processor.py:208} INFO - Processing /opt/airflow/dags/snowflake_hook.py took 0.143 seconds
[2025-04-25T02:18:09.764+0000] {processor.py:186} INFO - Started process (PID=27944) to work on /opt/airflow/dags/snowflake_hook.py
[2025-04-25T02:18:09.765+0000] {processor.py:914} INFO - Processing file /opt/airflow/dags/snowflake_hook.py for tasks to queue
[2025-04-25T02:18:09.768+0000] {logging_mixin.py:190} INFO - [2025-04-25T02:18:09.768+0000] {dagbag.py:588} INFO - Filling up the DagBag from /opt/airflow/dags/snowflake_hook.py
[2025-04-25T02:18:09.786+0000] {processor.py:925} INFO - DAG(s) 'snowflake_hook' retrieved from /opt/airflow/dags/snowflake_hook.py
[2025-04-25T02:18:09.807+0000] {logging_mixin.py:190} INFO - [2025-04-25T02:18:09.806+0000] {dag.py:3239} INFO - Sync 1 DAGs
[2025-04-25T02:18:09.826+0000] {logging_mixin.py:190} INFO - [2025-04-25T02:18:09.826+0000] {dag.py:4180} INFO - Setting next_dagrun for snowflake_hook to None, run_after=None
[2025-04-25T02:18:09.843+0000] {processor.py:208} INFO - Processing /opt/airflow/dags/snowflake_hook.py took 0.085 seconds
[2025-04-25T02:18:40.175+0000] {processor.py:186} INFO - Started process (PID=27965) to work on /opt/airflow/dags/snowflake_hook.py
[2025-04-25T02:18:40.177+0000] {processor.py:914} INFO - Processing file /opt/airflow/dags/snowflake_hook.py for tasks to queue
[2025-04-25T02:18:40.181+0000] {logging_mixin.py:190} INFO - [2025-04-25T02:18:40.181+0000] {dagbag.py:588} INFO - Filling up the DagBag from /opt/airflow/dags/snowflake_hook.py
[2025-04-25T02:18:40.199+0000] {processor.py:925} INFO - DAG(s) 'snowflake_hook' retrieved from /opt/airflow/dags/snowflake_hook.py
[2025-04-25T02:18:40.225+0000] {logging_mixin.py:190} INFO - [2025-04-25T02:18:40.224+0000] {dag.py:3239} INFO - Sync 1 DAGs
[2025-04-25T02:18:40.244+0000] {logging_mixin.py:190} INFO - [2025-04-25T02:18:40.244+0000] {dag.py:4180} INFO - Setting next_dagrun for snowflake_hook to None, run_after=None
[2025-04-25T02:18:40.260+0000] {processor.py:208} INFO - Processing /opt/airflow/dags/snowflake_hook.py took 0.093 seconds
[2025-04-25T02:19:10.615+0000] {processor.py:186} INFO - Started process (PID=27986) to work on /opt/airflow/dags/snowflake_hook.py
[2025-04-25T02:19:10.617+0000] {processor.py:914} INFO - Processing file /opt/airflow/dags/snowflake_hook.py for tasks to queue
[2025-04-25T02:19:10.619+0000] {logging_mixin.py:190} INFO - [2025-04-25T02:19:10.619+0000] {dagbag.py:588} INFO - Filling up the DagBag from /opt/airflow/dags/snowflake_hook.py
[2025-04-25T02:19:10.635+0000] {processor.py:925} INFO - DAG(s) 'snowflake_hook' retrieved from /opt/airflow/dags/snowflake_hook.py
[2025-04-25T02:19:10.657+0000] {logging_mixin.py:190} INFO - [2025-04-25T02:19:10.656+0000] {dag.py:3239} INFO - Sync 1 DAGs
[2025-04-25T02:19:10.673+0000] {logging_mixin.py:190} INFO - [2025-04-25T02:19:10.673+0000] {dag.py:4180} INFO - Setting next_dagrun for snowflake_hook to None, run_after=None
[2025-04-25T02:19:10.690+0000] {processor.py:208} INFO - Processing /opt/airflow/dags/snowflake_hook.py took 0.081 seconds
[2025-04-25T02:19:41.116+0000] {processor.py:186} INFO - Started process (PID=28007) to work on /opt/airflow/dags/snowflake_hook.py
[2025-04-25T02:19:41.118+0000] {processor.py:914} INFO - Processing file /opt/airflow/dags/snowflake_hook.py for tasks to queue
[2025-04-25T02:19:41.124+0000] {logging_mixin.py:190} INFO - [2025-04-25T02:19:41.123+0000] {dagbag.py:588} INFO - Filling up the DagBag from /opt/airflow/dags/snowflake_hook.py
[2025-04-25T02:19:41.147+0000] {processor.py:925} INFO - DAG(s) 'snowflake_hook' retrieved from /opt/airflow/dags/snowflake_hook.py
[2025-04-25T02:19:41.189+0000] {logging_mixin.py:190} INFO - [2025-04-25T02:19:41.187+0000] {dag.py:3239} INFO - Sync 1 DAGs
[2025-04-25T02:19:41.226+0000] {logging_mixin.py:190} INFO - [2025-04-25T02:19:41.226+0000] {dag.py:4180} INFO - Setting next_dagrun for snowflake_hook to None, run_after=None
[2025-04-25T02:19:41.253+0000] {processor.py:208} INFO - Processing /opt/airflow/dags/snowflake_hook.py took 0.147 seconds
[2025-04-25T02:20:11.673+0000] {processor.py:186} INFO - Started process (PID=28027) to work on /opt/airflow/dags/snowflake_hook.py
[2025-04-25T02:20:11.676+0000] {processor.py:914} INFO - Processing file /opt/airflow/dags/snowflake_hook.py for tasks to queue
[2025-04-25T02:20:11.681+0000] {logging_mixin.py:190} INFO - [2025-04-25T02:20:11.681+0000] {dagbag.py:588} INFO - Filling up the DagBag from /opt/airflow/dags/snowflake_hook.py
[2025-04-25T02:20:11.708+0000] {processor.py:925} INFO - DAG(s) 'snowflake_hook' retrieved from /opt/airflow/dags/snowflake_hook.py
[2025-04-25T02:20:11.755+0000] {logging_mixin.py:190} INFO - [2025-04-25T02:20:11.754+0000] {dag.py:3239} INFO - Sync 1 DAGs
[2025-04-25T02:20:11.787+0000] {logging_mixin.py:190} INFO - [2025-04-25T02:20:11.786+0000] {dag.py:4180} INFO - Setting next_dagrun for snowflake_hook to None, run_after=None
[2025-04-25T02:20:11.816+0000] {processor.py:208} INFO - Processing /opt/airflow/dags/snowflake_hook.py took 0.153 seconds
[2025-04-25T02:20:42.234+0000] {processor.py:186} INFO - Started process (PID=28048) to work on /opt/airflow/dags/snowflake_hook.py
[2025-04-25T02:20:42.237+0000] {processor.py:914} INFO - Processing file /opt/airflow/dags/snowflake_hook.py for tasks to queue
[2025-04-25T02:20:42.241+0000] {logging_mixin.py:190} INFO - [2025-04-25T02:20:42.241+0000] {dagbag.py:588} INFO - Filling up the DagBag from /opt/airflow/dags/snowflake_hook.py
[2025-04-25T02:20:42.261+0000] {processor.py:925} INFO - DAG(s) 'snowflake_hook' retrieved from /opt/airflow/dags/snowflake_hook.py
[2025-04-25T02:20:42.293+0000] {logging_mixin.py:190} INFO - [2025-04-25T02:20:42.292+0000] {dag.py:3239} INFO - Sync 1 DAGs
[2025-04-25T02:20:42.324+0000] {logging_mixin.py:190} INFO - [2025-04-25T02:20:42.324+0000] {dag.py:4180} INFO - Setting next_dagrun for snowflake_hook to None, run_after=None
[2025-04-25T02:20:42.348+0000] {processor.py:208} INFO - Processing /opt/airflow/dags/snowflake_hook.py took 0.123 seconds
[2025-04-25T02:21:12.705+0000] {processor.py:186} INFO - Started process (PID=28069) to work on /opt/airflow/dags/snowflake_hook.py
[2025-04-25T02:21:12.707+0000] {processor.py:914} INFO - Processing file /opt/airflow/dags/snowflake_hook.py for tasks to queue
[2025-04-25T02:21:12.710+0000] {logging_mixin.py:190} INFO - [2025-04-25T02:21:12.709+0000] {dagbag.py:588} INFO - Filling up the DagBag from /opt/airflow/dags/snowflake_hook.py
[2025-04-25T02:21:12.725+0000] {processor.py:925} INFO - DAG(s) 'snowflake_hook' retrieved from /opt/airflow/dags/snowflake_hook.py
[2025-04-25T02:21:12.749+0000] {logging_mixin.py:190} INFO - [2025-04-25T02:21:12.748+0000] {dag.py:3239} INFO - Sync 1 DAGs
[2025-04-25T02:21:12.767+0000] {logging_mixin.py:190} INFO - [2025-04-25T02:21:12.767+0000] {dag.py:4180} INFO - Setting next_dagrun for snowflake_hook to None, run_after=None
[2025-04-25T02:21:12.785+0000] {processor.py:208} INFO - Processing /opt/airflow/dags/snowflake_hook.py took 0.086 seconds
[2025-04-25T02:21:43.164+0000] {processor.py:186} INFO - Started process (PID=28090) to work on /opt/airflow/dags/snowflake_hook.py
[2025-04-25T02:21:43.167+0000] {processor.py:914} INFO - Processing file /opt/airflow/dags/snowflake_hook.py for tasks to queue
[2025-04-25T02:21:43.173+0000] {logging_mixin.py:190} INFO - [2025-04-25T02:21:43.172+0000] {dagbag.py:588} INFO - Filling up the DagBag from /opt/airflow/dags/snowflake_hook.py
[2025-04-25T02:21:43.196+0000] {processor.py:925} INFO - DAG(s) 'snowflake_hook' retrieved from /opt/airflow/dags/snowflake_hook.py
[2025-04-25T02:21:43.235+0000] {logging_mixin.py:190} INFO - [2025-04-25T02:21:43.234+0000] {dag.py:3239} INFO - Sync 1 DAGs
[2025-04-25T02:21:43.273+0000] {logging_mixin.py:190} INFO - [2025-04-25T02:21:43.273+0000] {dag.py:4180} INFO - Setting next_dagrun for snowflake_hook to None, run_after=None
[2025-04-25T02:21:43.306+0000] {processor.py:208} INFO - Processing /opt/airflow/dags/snowflake_hook.py took 0.153 seconds
[2025-04-25T02:22:13.728+0000] {processor.py:186} INFO - Started process (PID=28110) to work on /opt/airflow/dags/snowflake_hook.py
[2025-04-25T02:22:13.732+0000] {processor.py:914} INFO - Processing file /opt/airflow/dags/snowflake_hook.py for tasks to queue
[2025-04-25T02:22:13.740+0000] {logging_mixin.py:190} INFO - [2025-04-25T02:22:13.739+0000] {dagbag.py:588} INFO - Filling up the DagBag from /opt/airflow/dags/snowflake_hook.py
[2025-04-25T02:22:13.777+0000] {processor.py:925} INFO - DAG(s) 'snowflake_hook' retrieved from /opt/airflow/dags/snowflake_hook.py
[2025-04-25T02:22:13.810+0000] {logging_mixin.py:190} INFO - [2025-04-25T02:22:13.809+0000] {dag.py:3239} INFO - Sync 1 DAGs
[2025-04-25T02:22:13.840+0000] {logging_mixin.py:190} INFO - [2025-04-25T02:22:13.839+0000] {dag.py:4180} INFO - Setting next_dagrun for snowflake_hook to None, run_after=None
[2025-04-25T02:22:13.864+0000] {processor.py:208} INFO - Processing /opt/airflow/dags/snowflake_hook.py took 0.142 seconds
