[2025-04-16T16:43:26.464+0000] {processor.py:186} INFO - Started process (PID=191) to work on /opt/airflow/dags/dag_with_python_operator.py
[2025-04-16T16:43:26.466+0000] {processor.py:914} INFO - Processing file /opt/airflow/dags/dag_with_python_operator.py for tasks to queue
[2025-04-16T16:43:26.469+0000] {logging_mixin.py:190} INFO - [2025-04-16T16:43:26.468+0000] {dagbag.py:588} INFO - Filling up the DagBag from /opt/airflow/dags/dag_with_python_operator.py
[2025-04-16T16:43:26.534+0000] {processor.py:925} INFO - DAG(s) 'first_with_python_v3' retrieved from /opt/airflow/dags/dag_with_python_operator.py
[2025-04-16T16:43:26.807+0000] {logging_mixin.py:190} INFO - [2025-04-16T16:43:26.806+0000] {dag.py:3239} INFO - Sync 1 DAGs
[2025-04-16T16:43:26.841+0000] {logging_mixin.py:190} INFO - [2025-04-16T16:43:26.841+0000] {dag.py:4180} INFO - Setting next_dagrun for first_with_python_v3 to 2025-02-28 00:00:00+00:00, run_after=2025-03-01 00:00:00+00:00
[2025-04-16T16:43:26.869+0000] {processor.py:208} INFO - Processing /opt/airflow/dags/dag_with_python_operator.py took 0.412 seconds
[2025-04-16T16:43:57.143+0000] {processor.py:186} INFO - Started process (PID=202) to work on /opt/airflow/dags/dag_with_python_operator.py
[2025-04-16T16:43:57.145+0000] {processor.py:914} INFO - Processing file /opt/airflow/dags/dag_with_python_operator.py for tasks to queue
[2025-04-16T16:43:57.154+0000] {logging_mixin.py:190} INFO - [2025-04-16T16:43:57.151+0000] {dagbag.py:588} INFO - Filling up the DagBag from /opt/airflow/dags/dag_with_python_operator.py
[2025-04-16T16:43:57.220+0000] {processor.py:925} INFO - DAG(s) 'first_with_python_v3' retrieved from /opt/airflow/dags/dag_with_python_operator.py
[2025-04-16T16:43:57.291+0000] {logging_mixin.py:190} INFO - [2025-04-16T16:43:57.290+0000] {dag.py:3239} INFO - Sync 1 DAGs
[2025-04-16T16:43:57.353+0000] {logging_mixin.py:190} INFO - [2025-04-16T16:43:57.352+0000] {dag.py:4180} INFO - Setting next_dagrun for first_with_python_v3 to 2025-02-28 00:00:00+00:00, run_after=2025-03-01 00:00:00+00:00
[2025-04-16T16:43:57.374+0000] {processor.py:208} INFO - Processing /opt/airflow/dags/dag_with_python_operator.py took 0.240 seconds
[2025-04-16T16:44:27.721+0000] {processor.py:186} INFO - Started process (PID=212) to work on /opt/airflow/dags/dag_with_python_operator.py
[2025-04-16T16:44:27.727+0000] {processor.py:914} INFO - Processing file /opt/airflow/dags/dag_with_python_operator.py for tasks to queue
[2025-04-16T16:44:27.744+0000] {logging_mixin.py:190} INFO - [2025-04-16T16:44:27.742+0000] {dagbag.py:588} INFO - Filling up the DagBag from /opt/airflow/dags/dag_with_python_operator.py
[2025-04-16T16:44:28.001+0000] {processor.py:925} INFO - DAG(s) 'first_with_python_v3' retrieved from /opt/airflow/dags/dag_with_python_operator.py
[2025-04-16T16:44:28.260+0000] {logging_mixin.py:190} INFO - [2025-04-16T16:44:28.259+0000] {dag.py:3239} INFO - Sync 1 DAGs
[2025-04-16T16:44:28.506+0000] {logging_mixin.py:190} INFO - [2025-04-16T16:44:28.504+0000] {dag.py:4180} INFO - Setting next_dagrun for first_with_python_v3 to 2025-02-28 00:00:00+00:00, run_after=2025-03-01 00:00:00+00:00
[2025-04-16T16:44:28.590+0000] {processor.py:208} INFO - Processing /opt/airflow/dags/dag_with_python_operator.py took 0.878 seconds
[2025-04-16T16:44:58.736+0000] {processor.py:186} INFO - Started process (PID=229) to work on /opt/airflow/dags/dag_with_python_operator.py
[2025-04-16T16:44:58.740+0000] {processor.py:914} INFO - Processing file /opt/airflow/dags/dag_with_python_operator.py for tasks to queue
[2025-04-16T16:44:58.745+0000] {logging_mixin.py:190} INFO - [2025-04-16T16:44:58.745+0000] {dagbag.py:588} INFO - Filling up the DagBag from /opt/airflow/dags/dag_with_python_operator.py
[2025-04-16T16:44:58.785+0000] {processor.py:925} INFO - DAG(s) 'first_with_python_v3' retrieved from /opt/airflow/dags/dag_with_python_operator.py
[2025-04-16T16:44:58.839+0000] {logging_mixin.py:190} INFO - [2025-04-16T16:44:58.838+0000] {dag.py:3239} INFO - Sync 1 DAGs
[2025-04-16T16:44:58.878+0000] {logging_mixin.py:190} INFO - [2025-04-16T16:44:58.878+0000] {dag.py:4180} INFO - Setting next_dagrun for first_with_python_v3 to 2025-02-28 00:00:00+00:00, run_after=2025-03-01 00:00:00+00:00
[2025-04-16T16:44:58.906+0000] {processor.py:208} INFO - Processing /opt/airflow/dags/dag_with_python_operator.py took 0.182 seconds
[2025-04-16T16:45:29.263+0000] {processor.py:186} INFO - Started process (PID=240) to work on /opt/airflow/dags/dag_with_python_operator.py
[2025-04-16T16:45:29.267+0000] {processor.py:914} INFO - Processing file /opt/airflow/dags/dag_with_python_operator.py for tasks to queue
[2025-04-16T16:45:29.272+0000] {logging_mixin.py:190} INFO - [2025-04-16T16:45:29.272+0000] {dagbag.py:588} INFO - Filling up the DagBag from /opt/airflow/dags/dag_with_python_operator.py
[2025-04-16T16:45:29.323+0000] {processor.py:925} INFO - DAG(s) 'first_with_python_v3' retrieved from /opt/airflow/dags/dag_with_python_operator.py
[2025-04-16T16:45:29.389+0000] {logging_mixin.py:190} INFO - [2025-04-16T16:45:29.389+0000] {dag.py:3239} INFO - Sync 1 DAGs
[2025-04-16T16:45:29.435+0000] {logging_mixin.py:190} INFO - [2025-04-16T16:45:29.435+0000] {dag.py:4180} INFO - Setting next_dagrun for first_with_python_v3 to 2025-02-28 00:00:00+00:00, run_after=2025-03-01 00:00:00+00:00
[2025-04-16T16:45:29.471+0000] {processor.py:208} INFO - Processing /opt/airflow/dags/dag_with_python_operator.py took 0.219 seconds
[2025-04-16T16:45:59.566+0000] {processor.py:186} INFO - Started process (PID=250) to work on /opt/airflow/dags/dag_with_python_operator.py
[2025-04-16T16:45:59.569+0000] {processor.py:914} INFO - Processing file /opt/airflow/dags/dag_with_python_operator.py for tasks to queue
[2025-04-16T16:45:59.573+0000] {logging_mixin.py:190} INFO - [2025-04-16T16:45:59.573+0000] {dagbag.py:588} INFO - Filling up the DagBag from /opt/airflow/dags/dag_with_python_operator.py
[2025-04-16T16:45:59.605+0000] {processor.py:925} INFO - DAG(s) 'first_with_python_v3' retrieved from /opt/airflow/dags/dag_with_python_operator.py
[2025-04-16T16:45:59.638+0000] {logging_mixin.py:190} INFO - [2025-04-16T16:45:59.638+0000] {dag.py:3239} INFO - Sync 1 DAGs
[2025-04-16T16:45:59.668+0000] {logging_mixin.py:190} INFO - [2025-04-16T16:45:59.668+0000] {dag.py:4180} INFO - Setting next_dagrun for first_with_python_v3 to 2025-02-28 00:00:00+00:00, run_after=2025-03-01 00:00:00+00:00
[2025-04-16T16:45:59.695+0000] {processor.py:208} INFO - Processing /opt/airflow/dags/dag_with_python_operator.py took 0.137 seconds
[2025-04-16T16:46:29.876+0000] {processor.py:186} INFO - Started process (PID=261) to work on /opt/airflow/dags/dag_with_python_operator.py
[2025-04-16T16:46:29.878+0000] {processor.py:914} INFO - Processing file /opt/airflow/dags/dag_with_python_operator.py for tasks to queue
[2025-04-16T16:46:29.883+0000] {logging_mixin.py:190} INFO - [2025-04-16T16:46:29.882+0000] {dagbag.py:588} INFO - Filling up the DagBag from /opt/airflow/dags/dag_with_python_operator.py
[2025-04-16T16:46:29.911+0000] {processor.py:925} INFO - DAG(s) 'first_with_python_v3' retrieved from /opt/airflow/dags/dag_with_python_operator.py
[2025-04-16T16:46:29.948+0000] {logging_mixin.py:190} INFO - [2025-04-16T16:46:29.947+0000] {dag.py:3239} INFO - Sync 1 DAGs
[2025-04-16T16:46:29.981+0000] {logging_mixin.py:190} INFO - [2025-04-16T16:46:29.981+0000] {dag.py:4180} INFO - Setting next_dagrun for first_with_python_v3 to 2025-02-28 00:00:00+00:00, run_after=2025-03-01 00:00:00+00:00
[2025-04-16T16:46:30.011+0000] {processor.py:208} INFO - Processing /opt/airflow/dags/dag_with_python_operator.py took 0.144 seconds
[2025-04-16T16:47:00.322+0000] {processor.py:186} INFO - Started process (PID=271) to work on /opt/airflow/dags/dag_with_python_operator.py
[2025-04-16T16:47:00.325+0000] {processor.py:914} INFO - Processing file /opt/airflow/dags/dag_with_python_operator.py for tasks to queue
[2025-04-16T16:47:00.330+0000] {logging_mixin.py:190} INFO - [2025-04-16T16:47:00.329+0000] {dagbag.py:588} INFO - Filling up the DagBag from /opt/airflow/dags/dag_with_python_operator.py
[2025-04-16T16:47:00.362+0000] {processor.py:925} INFO - DAG(s) 'first_with_python_v3' retrieved from /opt/airflow/dags/dag_with_python_operator.py
[2025-04-16T16:47:00.402+0000] {logging_mixin.py:190} INFO - [2025-04-16T16:47:00.402+0000] {dag.py:3239} INFO - Sync 1 DAGs
[2025-04-16T16:47:00.452+0000] {logging_mixin.py:190} INFO - [2025-04-16T16:47:00.451+0000] {dag.py:4180} INFO - Setting next_dagrun for first_with_python_v3 to 2025-02-28 00:00:00+00:00, run_after=2025-03-01 00:00:00+00:00
[2025-04-16T16:47:00.482+0000] {processor.py:208} INFO - Processing /opt/airflow/dags/dag_with_python_operator.py took 0.170 seconds
[2025-04-16T16:47:30.644+0000] {processor.py:186} INFO - Started process (PID=282) to work on /opt/airflow/dags/dag_with_python_operator.py
[2025-04-16T16:47:30.646+0000] {processor.py:914} INFO - Processing file /opt/airflow/dags/dag_with_python_operator.py for tasks to queue
[2025-04-16T16:47:30.652+0000] {logging_mixin.py:190} INFO - [2025-04-16T16:47:30.650+0000] {dagbag.py:588} INFO - Filling up the DagBag from /opt/airflow/dags/dag_with_python_operator.py
[2025-04-16T16:47:30.683+0000] {processor.py:925} INFO - DAG(s) 'first_with_python_v3' retrieved from /opt/airflow/dags/dag_with_python_operator.py
[2025-04-16T16:47:30.722+0000] {logging_mixin.py:190} INFO - [2025-04-16T16:47:30.722+0000] {dag.py:3239} INFO - Sync 1 DAGs
[2025-04-16T16:47:30.759+0000] {logging_mixin.py:190} INFO - [2025-04-16T16:47:30.758+0000] {dag.py:4180} INFO - Setting next_dagrun for first_with_python_v3 to 2025-02-28 00:00:00+00:00, run_after=2025-03-01 00:00:00+00:00
[2025-04-16T16:47:30.788+0000] {processor.py:208} INFO - Processing /opt/airflow/dags/dag_with_python_operator.py took 0.152 seconds
[2025-04-16T16:48:01.108+0000] {processor.py:186} INFO - Started process (PID=293) to work on /opt/airflow/dags/dag_with_python_operator.py
[2025-04-16T16:48:01.111+0000] {processor.py:914} INFO - Processing file /opt/airflow/dags/dag_with_python_operator.py for tasks to queue
[2025-04-16T16:48:01.116+0000] {logging_mixin.py:190} INFO - [2025-04-16T16:48:01.115+0000] {dagbag.py:588} INFO - Filling up the DagBag from /opt/airflow/dags/dag_with_python_operator.py
[2025-04-16T16:48:01.150+0000] {processor.py:925} INFO - DAG(s) 'first_with_python_v3' retrieved from /opt/airflow/dags/dag_with_python_operator.py
[2025-04-16T16:48:01.200+0000] {logging_mixin.py:190} INFO - [2025-04-16T16:48:01.199+0000] {dag.py:3239} INFO - Sync 1 DAGs
[2025-04-16T16:48:01.244+0000] {logging_mixin.py:190} INFO - [2025-04-16T16:48:01.243+0000] {dag.py:4180} INFO - Setting next_dagrun for first_with_python_v3 to 2025-02-28 00:00:00+00:00, run_after=2025-03-01 00:00:00+00:00
[2025-04-16T16:48:01.287+0000] {processor.py:208} INFO - Processing /opt/airflow/dags/dag_with_python_operator.py took 0.190 seconds
[2025-04-16T16:48:31.428+0000] {processor.py:186} INFO - Started process (PID=304) to work on /opt/airflow/dags/dag_with_python_operator.py
[2025-04-16T16:48:31.430+0000] {processor.py:914} INFO - Processing file /opt/airflow/dags/dag_with_python_operator.py for tasks to queue
[2025-04-16T16:48:31.434+0000] {logging_mixin.py:190} INFO - [2025-04-16T16:48:31.434+0000] {dagbag.py:588} INFO - Filling up the DagBag from /opt/airflow/dags/dag_with_python_operator.py
[2025-04-16T16:48:31.460+0000] {processor.py:925} INFO - DAG(s) 'first_with_python_v3' retrieved from /opt/airflow/dags/dag_with_python_operator.py
[2025-04-16T16:48:31.505+0000] {logging_mixin.py:190} INFO - [2025-04-16T16:48:31.504+0000] {dag.py:3239} INFO - Sync 1 DAGs
[2025-04-16T16:48:31.543+0000] {logging_mixin.py:190} INFO - [2025-04-16T16:48:31.543+0000] {dag.py:4180} INFO - Setting next_dagrun for first_with_python_v3 to 2025-02-28 00:00:00+00:00, run_after=2025-03-01 00:00:00+00:00
[2025-04-16T16:48:31.572+0000] {processor.py:208} INFO - Processing /opt/airflow/dags/dag_with_python_operator.py took 0.153 seconds
[2025-04-16T16:49:01.736+0000] {processor.py:186} INFO - Started process (PID=315) to work on /opt/airflow/dags/dag_with_python_operator.py
[2025-04-16T16:49:01.739+0000] {processor.py:914} INFO - Processing file /opt/airflow/dags/dag_with_python_operator.py for tasks to queue
[2025-04-16T16:49:01.744+0000] {logging_mixin.py:190} INFO - [2025-04-16T16:49:01.744+0000] {dagbag.py:588} INFO - Filling up the DagBag from /opt/airflow/dags/dag_with_python_operator.py
[2025-04-16T16:49:01.773+0000] {processor.py:925} INFO - DAG(s) 'first_with_python_v3' retrieved from /opt/airflow/dags/dag_with_python_operator.py
[2025-04-16T16:49:01.810+0000] {logging_mixin.py:190} INFO - [2025-04-16T16:49:01.810+0000] {dag.py:3239} INFO - Sync 1 DAGs
[2025-04-16T16:49:01.839+0000] {logging_mixin.py:190} INFO - [2025-04-16T16:49:01.838+0000] {dag.py:4180} INFO - Setting next_dagrun for first_with_python_v3 to 2025-02-28 00:00:00+00:00, run_after=2025-03-01 00:00:00+00:00
[2025-04-16T16:49:01.863+0000] {processor.py:208} INFO - Processing /opt/airflow/dags/dag_with_python_operator.py took 0.135 seconds
[2025-04-16T16:49:32.162+0000] {processor.py:186} INFO - Started process (PID=326) to work on /opt/airflow/dags/dag_with_python_operator.py
[2025-04-16T16:49:32.165+0000] {processor.py:914} INFO - Processing file /opt/airflow/dags/dag_with_python_operator.py for tasks to queue
[2025-04-16T16:49:32.170+0000] {logging_mixin.py:190} INFO - [2025-04-16T16:49:32.169+0000] {dagbag.py:588} INFO - Filling up the DagBag from /opt/airflow/dags/dag_with_python_operator.py
[2025-04-16T16:49:32.194+0000] {processor.py:925} INFO - DAG(s) 'first_with_python_v3' retrieved from /opt/airflow/dags/dag_with_python_operator.py
[2025-04-16T16:49:32.226+0000] {logging_mixin.py:190} INFO - [2025-04-16T16:49:32.226+0000] {dag.py:3239} INFO - Sync 1 DAGs
[2025-04-16T16:49:32.259+0000] {logging_mixin.py:190} INFO - [2025-04-16T16:49:32.259+0000] {dag.py:4180} INFO - Setting next_dagrun for first_with_python_v3 to 2025-02-28 00:00:00+00:00, run_after=2025-03-01 00:00:00+00:00
[2025-04-16T16:49:32.288+0000] {processor.py:208} INFO - Processing /opt/airflow/dags/dag_with_python_operator.py took 0.135 seconds
[2025-04-16T16:50:02.495+0000] {processor.py:186} INFO - Started process (PID=337) to work on /opt/airflow/dags/dag_with_python_operator.py
[2025-04-16T16:50:02.497+0000] {processor.py:914} INFO - Processing file /opt/airflow/dags/dag_with_python_operator.py for tasks to queue
[2025-04-16T16:50:02.501+0000] {logging_mixin.py:190} INFO - [2025-04-16T16:50:02.501+0000] {dagbag.py:588} INFO - Filling up the DagBag from /opt/airflow/dags/dag_with_python_operator.py
[2025-04-16T16:50:02.528+0000] {processor.py:925} INFO - DAG(s) 'first_with_python_v3' retrieved from /opt/airflow/dags/dag_with_python_operator.py
[2025-04-16T16:50:02.563+0000] {logging_mixin.py:190} INFO - [2025-04-16T16:50:02.563+0000] {dag.py:3239} INFO - Sync 1 DAGs
[2025-04-16T16:50:02.592+0000] {logging_mixin.py:190} INFO - [2025-04-16T16:50:02.592+0000] {dag.py:4180} INFO - Setting next_dagrun for first_with_python_v3 to 2025-02-28 00:00:00+00:00, run_after=2025-03-01 00:00:00+00:00
[2025-04-16T16:50:02.619+0000] {processor.py:208} INFO - Processing /opt/airflow/dags/dag_with_python_operator.py took 0.133 seconds
[2025-04-16T16:50:32.907+0000] {processor.py:186} INFO - Started process (PID=348) to work on /opt/airflow/dags/dag_with_python_operator.py
[2025-04-16T16:50:32.910+0000] {processor.py:914} INFO - Processing file /opt/airflow/dags/dag_with_python_operator.py for tasks to queue
[2025-04-16T16:50:32.915+0000] {logging_mixin.py:190} INFO - [2025-04-16T16:50:32.914+0000] {dagbag.py:588} INFO - Filling up the DagBag from /opt/airflow/dags/dag_with_python_operator.py
[2025-04-16T16:50:32.942+0000] {processor.py:925} INFO - DAG(s) 'first_with_python_v3' retrieved from /opt/airflow/dags/dag_with_python_operator.py
[2025-04-16T16:50:32.976+0000] {logging_mixin.py:190} INFO - [2025-04-16T16:50:32.976+0000] {dag.py:3239} INFO - Sync 1 DAGs
[2025-04-16T16:50:33.028+0000] {logging_mixin.py:190} INFO - [2025-04-16T16:50:33.027+0000] {dag.py:4180} INFO - Setting next_dagrun for first_with_python_v3 to 2025-02-28 00:00:00+00:00, run_after=2025-03-01 00:00:00+00:00
[2025-04-16T16:50:33.055+0000] {processor.py:208} INFO - Processing /opt/airflow/dags/dag_with_python_operator.py took 0.156 seconds
[2025-04-16T16:51:03.235+0000] {processor.py:186} INFO - Started process (PID=359) to work on /opt/airflow/dags/dag_with_python_operator.py
[2025-04-16T16:51:03.239+0000] {processor.py:914} INFO - Processing file /opt/airflow/dags/dag_with_python_operator.py for tasks to queue
[2025-04-16T16:51:03.245+0000] {logging_mixin.py:190} INFO - [2025-04-16T16:51:03.245+0000] {dagbag.py:588} INFO - Filling up the DagBag from /opt/airflow/dags/dag_with_python_operator.py
[2025-04-16T16:51:03.275+0000] {processor.py:925} INFO - DAG(s) 'first_with_python_v3' retrieved from /opt/airflow/dags/dag_with_python_operator.py
[2025-04-16T16:51:03.316+0000] {logging_mixin.py:190} INFO - [2025-04-16T16:51:03.316+0000] {dag.py:3239} INFO - Sync 1 DAGs
[2025-04-16T16:51:03.352+0000] {logging_mixin.py:190} INFO - [2025-04-16T16:51:03.352+0000] {dag.py:4180} INFO - Setting next_dagrun for first_with_python_v3 to 2025-02-28 00:00:00+00:00, run_after=2025-03-01 00:00:00+00:00
[2025-04-16T16:51:03.380+0000] {processor.py:208} INFO - Processing /opt/airflow/dags/dag_with_python_operator.py took 0.155 seconds
[2025-04-16T16:51:33.646+0000] {processor.py:186} INFO - Started process (PID=370) to work on /opt/airflow/dags/dag_with_python_operator.py
[2025-04-16T16:51:33.648+0000] {processor.py:914} INFO - Processing file /opt/airflow/dags/dag_with_python_operator.py for tasks to queue
[2025-04-16T16:51:33.654+0000] {logging_mixin.py:190} INFO - [2025-04-16T16:51:33.653+0000] {dagbag.py:588} INFO - Filling up the DagBag from /opt/airflow/dags/dag_with_python_operator.py
[2025-04-16T16:51:33.684+0000] {processor.py:925} INFO - DAG(s) 'first_with_python_v3' retrieved from /opt/airflow/dags/dag_with_python_operator.py
[2025-04-16T16:51:33.721+0000] {logging_mixin.py:190} INFO - [2025-04-16T16:51:33.720+0000] {dag.py:3239} INFO - Sync 1 DAGs
[2025-04-16T16:51:33.752+0000] {logging_mixin.py:190} INFO - [2025-04-16T16:51:33.752+0000] {dag.py:4180} INFO - Setting next_dagrun for first_with_python_v3 to 2025-02-28 00:00:00+00:00, run_after=2025-03-01 00:00:00+00:00
[2025-04-16T16:51:33.777+0000] {processor.py:208} INFO - Processing /opt/airflow/dags/dag_with_python_operator.py took 0.139 seconds
[2025-04-16T16:52:03.968+0000] {processor.py:186} INFO - Started process (PID=381) to work on /opt/airflow/dags/dag_with_python_operator.py
[2025-04-16T16:52:03.971+0000] {processor.py:914} INFO - Processing file /opt/airflow/dags/dag_with_python_operator.py for tasks to queue
[2025-04-16T16:52:03.975+0000] {logging_mixin.py:190} INFO - [2025-04-16T16:52:03.975+0000] {dagbag.py:588} INFO - Filling up the DagBag from /opt/airflow/dags/dag_with_python_operator.py
[2025-04-16T16:52:04.003+0000] {processor.py:925} INFO - DAG(s) 'first_with_python_v3' retrieved from /opt/airflow/dags/dag_with_python_operator.py
[2025-04-16T16:52:04.042+0000] {logging_mixin.py:190} INFO - [2025-04-16T16:52:04.041+0000] {dag.py:3239} INFO - Sync 1 DAGs
[2025-04-16T16:52:04.083+0000] {logging_mixin.py:190} INFO - [2025-04-16T16:52:04.082+0000] {dag.py:4180} INFO - Setting next_dagrun for first_with_python_v3 to 2025-02-28 00:00:00+00:00, run_after=2025-03-01 00:00:00+00:00
[2025-04-16T16:52:04.109+0000] {processor.py:208} INFO - Processing /opt/airflow/dags/dag_with_python_operator.py took 0.153 seconds
[2025-04-16T16:52:34.442+0000] {processor.py:186} INFO - Started process (PID=392) to work on /opt/airflow/dags/dag_with_python_operator.py
[2025-04-16T16:52:34.445+0000] {processor.py:914} INFO - Processing file /opt/airflow/dags/dag_with_python_operator.py for tasks to queue
[2025-04-16T16:52:34.452+0000] {logging_mixin.py:190} INFO - [2025-04-16T16:52:34.451+0000] {dagbag.py:588} INFO - Filling up the DagBag from /opt/airflow/dags/dag_with_python_operator.py
[2025-04-16T16:52:34.525+0000] {processor.py:925} INFO - DAG(s) 'first_with_python_v3' retrieved from /opt/airflow/dags/dag_with_python_operator.py
[2025-04-16T16:52:34.593+0000] {logging_mixin.py:190} INFO - [2025-04-16T16:52:34.593+0000] {dag.py:3239} INFO - Sync 1 DAGs
[2025-04-16T16:52:34.630+0000] {logging_mixin.py:190} INFO - [2025-04-16T16:52:34.629+0000] {dag.py:4180} INFO - Setting next_dagrun for first_with_python_v3 to 2025-02-28 00:00:00+00:00, run_after=2025-03-01 00:00:00+00:00
[2025-04-16T16:52:34.660+0000] {processor.py:208} INFO - Processing /opt/airflow/dags/dag_with_python_operator.py took 0.230 seconds
[2025-04-16T16:53:04.736+0000] {processor.py:186} INFO - Started process (PID=403) to work on /opt/airflow/dags/dag_with_python_operator.py
[2025-04-16T16:53:04.740+0000] {processor.py:914} INFO - Processing file /opt/airflow/dags/dag_with_python_operator.py for tasks to queue
[2025-04-16T16:53:04.744+0000] {logging_mixin.py:190} INFO - [2025-04-16T16:53:04.744+0000] {dagbag.py:588} INFO - Filling up the DagBag from /opt/airflow/dags/dag_with_python_operator.py
[2025-04-16T16:53:04.773+0000] {processor.py:925} INFO - DAG(s) 'first_with_python_v3' retrieved from /opt/airflow/dags/dag_with_python_operator.py
[2025-04-16T16:53:04.808+0000] {logging_mixin.py:190} INFO - [2025-04-16T16:53:04.807+0000] {dag.py:3239} INFO - Sync 1 DAGs
[2025-04-16T16:53:04.847+0000] {logging_mixin.py:190} INFO - [2025-04-16T16:53:04.847+0000] {dag.py:4180} INFO - Setting next_dagrun for first_with_python_v3 to 2025-02-28 00:00:00+00:00, run_after=2025-03-01 00:00:00+00:00
[2025-04-16T16:53:04.874+0000] {processor.py:208} INFO - Processing /opt/airflow/dags/dag_with_python_operator.py took 0.147 seconds
[2025-04-16T16:53:35.039+0000] {processor.py:186} INFO - Started process (PID=414) to work on /opt/airflow/dags/dag_with_python_operator.py
[2025-04-16T16:53:35.042+0000] {processor.py:914} INFO - Processing file /opt/airflow/dags/dag_with_python_operator.py for tasks to queue
[2025-04-16T16:53:35.050+0000] {logging_mixin.py:190} INFO - [2025-04-16T16:53:35.049+0000] {dagbag.py:588} INFO - Filling up the DagBag from /opt/airflow/dags/dag_with_python_operator.py
[2025-04-16T16:53:35.088+0000] {processor.py:925} INFO - DAG(s) 'first_with_python_v3' retrieved from /opt/airflow/dags/dag_with_python_operator.py
[2025-04-16T16:53:35.133+0000] {logging_mixin.py:190} INFO - [2025-04-16T16:53:35.132+0000] {dag.py:3239} INFO - Sync 1 DAGs
[2025-04-16T16:53:35.170+0000] {logging_mixin.py:190} INFO - [2025-04-16T16:53:35.170+0000] {dag.py:4180} INFO - Setting next_dagrun for first_with_python_v3 to 2025-02-28 00:00:00+00:00, run_after=2025-03-01 00:00:00+00:00
[2025-04-16T16:53:35.200+0000] {processor.py:208} INFO - Processing /opt/airflow/dags/dag_with_python_operator.py took 0.166 seconds
[2025-04-16T16:54:05.365+0000] {processor.py:186} INFO - Started process (PID=425) to work on /opt/airflow/dags/dag_with_python_operator.py
[2025-04-16T16:54:05.368+0000] {processor.py:914} INFO - Processing file /opt/airflow/dags/dag_with_python_operator.py for tasks to queue
[2025-04-16T16:54:05.378+0000] {logging_mixin.py:190} INFO - [2025-04-16T16:54:05.377+0000] {dagbag.py:588} INFO - Filling up the DagBag from /opt/airflow/dags/dag_with_python_operator.py
[2025-04-16T16:54:05.427+0000] {processor.py:925} INFO - DAG(s) 'first_with_python_v3' retrieved from /opt/airflow/dags/dag_with_python_operator.py
[2025-04-16T16:54:05.470+0000] {logging_mixin.py:190} INFO - [2025-04-16T16:54:05.469+0000] {dag.py:3239} INFO - Sync 1 DAGs
[2025-04-16T16:54:05.504+0000] {logging_mixin.py:190} INFO - [2025-04-16T16:54:05.504+0000] {dag.py:4180} INFO - Setting next_dagrun for first_with_python_v3 to 2025-02-28 00:00:00+00:00, run_after=2025-03-01 00:00:00+00:00
[2025-04-16T16:54:05.538+0000] {processor.py:208} INFO - Processing /opt/airflow/dags/dag_with_python_operator.py took 0.182 seconds
[2025-04-16T16:54:35.674+0000] {processor.py:186} INFO - Started process (PID=436) to work on /opt/airflow/dags/dag_with_python_operator.py
[2025-04-16T16:54:35.676+0000] {processor.py:914} INFO - Processing file /opt/airflow/dags/dag_with_python_operator.py for tasks to queue
[2025-04-16T16:54:35.680+0000] {logging_mixin.py:190} INFO - [2025-04-16T16:54:35.680+0000] {dagbag.py:588} INFO - Filling up the DagBag from /opt/airflow/dags/dag_with_python_operator.py
[2025-04-16T16:54:35.713+0000] {processor.py:925} INFO - DAG(s) 'first_with_python_v3' retrieved from /opt/airflow/dags/dag_with_python_operator.py
[2025-04-16T16:54:35.742+0000] {logging_mixin.py:190} INFO - [2025-04-16T16:54:35.742+0000] {dag.py:3239} INFO - Sync 1 DAGs
[2025-04-16T16:54:35.769+0000] {logging_mixin.py:190} INFO - [2025-04-16T16:54:35.768+0000] {dag.py:4180} INFO - Setting next_dagrun for first_with_python_v3 to 2025-02-28 00:00:00+00:00, run_after=2025-03-01 00:00:00+00:00
[2025-04-16T16:54:35.791+0000] {processor.py:208} INFO - Processing /opt/airflow/dags/dag_with_python_operator.py took 0.122 seconds
[2025-04-16T16:55:06.024+0000] {processor.py:186} INFO - Started process (PID=447) to work on /opt/airflow/dags/dag_with_python_operator.py
[2025-04-16T16:55:06.027+0000] {processor.py:914} INFO - Processing file /opt/airflow/dags/dag_with_python_operator.py for tasks to queue
[2025-04-16T16:55:06.031+0000] {logging_mixin.py:190} INFO - [2025-04-16T16:55:06.031+0000] {dagbag.py:588} INFO - Filling up the DagBag from /opt/airflow/dags/dag_with_python_operator.py
[2025-04-16T16:55:06.059+0000] {processor.py:925} INFO - DAG(s) 'first_with_python_v3' retrieved from /opt/airflow/dags/dag_with_python_operator.py
[2025-04-16T16:55:06.086+0000] {logging_mixin.py:190} INFO - [2025-04-16T16:55:06.086+0000] {dag.py:3239} INFO - Sync 1 DAGs
[2025-04-16T16:55:06.111+0000] {logging_mixin.py:190} INFO - [2025-04-16T16:55:06.111+0000] {dag.py:4180} INFO - Setting next_dagrun for first_with_python_v3 to 2025-02-28 00:00:00+00:00, run_after=2025-03-01 00:00:00+00:00
[2025-04-16T16:55:06.133+0000] {processor.py:208} INFO - Processing /opt/airflow/dags/dag_with_python_operator.py took 0.114 seconds
[2025-04-16T16:55:36.250+0000] {processor.py:186} INFO - Started process (PID=458) to work on /opt/airflow/dags/dag_with_python_operator.py
[2025-04-16T16:55:36.253+0000] {processor.py:914} INFO - Processing file /opt/airflow/dags/dag_with_python_operator.py for tasks to queue
[2025-04-16T16:55:36.257+0000] {logging_mixin.py:190} INFO - [2025-04-16T16:55:36.256+0000] {dagbag.py:588} INFO - Filling up the DagBag from /opt/airflow/dags/dag_with_python_operator.py
[2025-04-16T16:55:36.281+0000] {processor.py:925} INFO - DAG(s) 'first_with_python_v3' retrieved from /opt/airflow/dags/dag_with_python_operator.py
[2025-04-16T16:55:36.334+0000] {logging_mixin.py:190} INFO - [2025-04-16T16:55:36.334+0000] {dag.py:3239} INFO - Sync 1 DAGs
[2025-04-16T16:55:36.376+0000] {logging_mixin.py:190} INFO - [2025-04-16T16:55:36.376+0000] {dag.py:4180} INFO - Setting next_dagrun for first_with_python_v3 to 2025-02-28 00:00:00+00:00, run_after=2025-03-01 00:00:00+00:00
[2025-04-16T16:55:36.403+0000] {processor.py:208} INFO - Processing /opt/airflow/dags/dag_with_python_operator.py took 0.160 seconds
[2025-04-16T16:56:06.642+0000] {processor.py:186} INFO - Started process (PID=469) to work on /opt/airflow/dags/dag_with_python_operator.py
[2025-04-16T16:56:06.644+0000] {processor.py:914} INFO - Processing file /opt/airflow/dags/dag_with_python_operator.py for tasks to queue
[2025-04-16T16:56:06.650+0000] {logging_mixin.py:190} INFO - [2025-04-16T16:56:06.649+0000] {dagbag.py:588} INFO - Filling up the DagBag from /opt/airflow/dags/dag_with_python_operator.py
[2025-04-16T16:56:06.679+0000] {processor.py:925} INFO - DAG(s) 'first_with_python_v3' retrieved from /opt/airflow/dags/dag_with_python_operator.py
[2025-04-16T16:56:06.714+0000] {logging_mixin.py:190} INFO - [2025-04-16T16:56:06.714+0000] {dag.py:3239} INFO - Sync 1 DAGs
[2025-04-16T16:56:06.747+0000] {logging_mixin.py:190} INFO - [2025-04-16T16:56:06.746+0000] {dag.py:4180} INFO - Setting next_dagrun for first_with_python_v3 to 2025-02-28 00:00:00+00:00, run_after=2025-03-01 00:00:00+00:00
[2025-04-16T16:56:06.771+0000] {processor.py:208} INFO - Processing /opt/airflow/dags/dag_with_python_operator.py took 0.138 seconds
[2025-04-16T16:56:36.912+0000] {processor.py:186} INFO - Started process (PID=480) to work on /opt/airflow/dags/dag_with_python_operator.py
[2025-04-16T16:56:36.915+0000] {processor.py:914} INFO - Processing file /opt/airflow/dags/dag_with_python_operator.py for tasks to queue
[2025-04-16T16:56:36.921+0000] {logging_mixin.py:190} INFO - [2025-04-16T16:56:36.920+0000] {dagbag.py:588} INFO - Filling up the DagBag from /opt/airflow/dags/dag_with_python_operator.py
[2025-04-16T16:56:36.947+0000] {processor.py:925} INFO - DAG(s) 'first_with_python_v3' retrieved from /opt/airflow/dags/dag_with_python_operator.py
[2025-04-16T16:56:36.986+0000] {logging_mixin.py:190} INFO - [2025-04-16T16:56:36.985+0000] {dag.py:3239} INFO - Sync 1 DAGs
[2025-04-16T16:56:37.019+0000] {logging_mixin.py:190} INFO - [2025-04-16T16:56:37.018+0000] {dag.py:4180} INFO - Setting next_dagrun for first_with_python_v3 to 2025-02-28 00:00:00+00:00, run_after=2025-03-01 00:00:00+00:00
[2025-04-16T16:56:37.044+0000] {processor.py:208} INFO - Processing /opt/airflow/dags/dag_with_python_operator.py took 0.140 seconds
[2025-04-16T16:57:07.297+0000] {processor.py:186} INFO - Started process (PID=491) to work on /opt/airflow/dags/dag_with_python_operator.py
[2025-04-16T16:57:07.302+0000] {processor.py:914} INFO - Processing file /opt/airflow/dags/dag_with_python_operator.py for tasks to queue
[2025-04-16T16:57:07.309+0000] {logging_mixin.py:190} INFO - [2025-04-16T16:57:07.308+0000] {dagbag.py:588} INFO - Filling up the DagBag from /opt/airflow/dags/dag_with_python_operator.py
[2025-04-16T16:57:07.349+0000] {processor.py:925} INFO - DAG(s) 'first_with_python_v3' retrieved from /opt/airflow/dags/dag_with_python_operator.py
[2025-04-16T16:57:07.378+0000] {logging_mixin.py:190} INFO - [2025-04-16T16:57:07.378+0000] {dag.py:3239} INFO - Sync 1 DAGs
[2025-04-16T16:57:07.404+0000] {logging_mixin.py:190} INFO - [2025-04-16T16:57:07.404+0000] {dag.py:4180} INFO - Setting next_dagrun for first_with_python_v3 to 2025-02-28 00:00:00+00:00, run_after=2025-03-01 00:00:00+00:00
[2025-04-16T16:57:07.431+0000] {processor.py:208} INFO - Processing /opt/airflow/dags/dag_with_python_operator.py took 0.139 seconds
[2025-04-16T16:57:37.583+0000] {processor.py:186} INFO - Started process (PID=502) to work on /opt/airflow/dags/dag_with_python_operator.py
[2025-04-16T16:57:37.587+0000] {processor.py:914} INFO - Processing file /opt/airflow/dags/dag_with_python_operator.py for tasks to queue
[2025-04-16T16:57:37.595+0000] {logging_mixin.py:190} INFO - [2025-04-16T16:57:37.593+0000] {dagbag.py:588} INFO - Filling up the DagBag from /opt/airflow/dags/dag_with_python_operator.py
[2025-04-16T16:57:37.637+0000] {processor.py:925} INFO - DAG(s) 'first_with_python_v3' retrieved from /opt/airflow/dags/dag_with_python_operator.py
[2025-04-16T16:57:37.684+0000] {logging_mixin.py:190} INFO - [2025-04-16T16:57:37.684+0000] {dag.py:3239} INFO - Sync 1 DAGs
[2025-04-16T16:57:37.727+0000] {logging_mixin.py:190} INFO - [2025-04-16T16:57:37.726+0000] {dag.py:4180} INFO - Setting next_dagrun for first_with_python_v3 to 2025-02-28 00:00:00+00:00, run_after=2025-03-01 00:00:00+00:00
[2025-04-16T16:57:37.757+0000] {processor.py:208} INFO - Processing /opt/airflow/dags/dag_with_python_operator.py took 0.191 seconds
[2025-04-16T16:58:07.956+0000] {processor.py:186} INFO - Started process (PID=513) to work on /opt/airflow/dags/dag_with_python_operator.py
[2025-04-16T16:58:07.959+0000] {processor.py:914} INFO - Processing file /opt/airflow/dags/dag_with_python_operator.py for tasks to queue
[2025-04-16T16:58:07.962+0000] {logging_mixin.py:190} INFO - [2025-04-16T16:58:07.962+0000] {dagbag.py:588} INFO - Filling up the DagBag from /opt/airflow/dags/dag_with_python_operator.py
[2025-04-16T16:58:07.997+0000] {processor.py:925} INFO - DAG(s) 'first_with_python_v3' retrieved from /opt/airflow/dags/dag_with_python_operator.py
[2025-04-16T16:58:08.024+0000] {logging_mixin.py:190} INFO - [2025-04-16T16:58:08.023+0000] {dag.py:3239} INFO - Sync 1 DAGs
[2025-04-16T16:58:08.050+0000] {logging_mixin.py:190} INFO - [2025-04-16T16:58:08.050+0000] {dag.py:4180} INFO - Setting next_dagrun for first_with_python_v3 to 2025-02-28 00:00:00+00:00, run_after=2025-03-01 00:00:00+00:00
[2025-04-16T16:58:08.072+0000] {processor.py:208} INFO - Processing /opt/airflow/dags/dag_with_python_operator.py took 0.124 seconds
[2025-04-16T16:58:38.279+0000] {processor.py:186} INFO - Started process (PID=523) to work on /opt/airflow/dags/dag_with_python_operator.py
[2025-04-16T16:58:38.281+0000] {processor.py:914} INFO - Processing file /opt/airflow/dags/dag_with_python_operator.py for tasks to queue
[2025-04-16T16:58:38.287+0000] {logging_mixin.py:190} INFO - [2025-04-16T16:58:38.286+0000] {dagbag.py:588} INFO - Filling up the DagBag from /opt/airflow/dags/dag_with_python_operator.py
[2025-04-16T16:58:38.312+0000] {processor.py:925} INFO - DAG(s) 'first_with_python_v3' retrieved from /opt/airflow/dags/dag_with_python_operator.py
[2025-04-16T16:58:38.353+0000] {logging_mixin.py:190} INFO - [2025-04-16T16:58:38.352+0000] {dag.py:3239} INFO - Sync 1 DAGs
[2025-04-16T16:58:38.389+0000] {logging_mixin.py:190} INFO - [2025-04-16T16:58:38.389+0000] {dag.py:4180} INFO - Setting next_dagrun for first_with_python_v3 to 2025-02-28 00:00:00+00:00, run_after=2025-03-01 00:00:00+00:00
[2025-04-16T16:58:38.417+0000] {processor.py:208} INFO - Processing /opt/airflow/dags/dag_with_python_operator.py took 0.146 seconds
[2025-04-16T16:59:08.534+0000] {processor.py:186} INFO - Started process (PID=534) to work on /opt/airflow/dags/dag_with_python_operator.py
[2025-04-16T16:59:08.536+0000] {processor.py:914} INFO - Processing file /opt/airflow/dags/dag_with_python_operator.py for tasks to queue
[2025-04-16T16:59:08.541+0000] {logging_mixin.py:190} INFO - [2025-04-16T16:59:08.540+0000] {dagbag.py:588} INFO - Filling up the DagBag from /opt/airflow/dags/dag_with_python_operator.py
[2025-04-16T16:59:08.582+0000] {processor.py:925} INFO - DAG(s) 'first_with_python_v3' retrieved from /opt/airflow/dags/dag_with_python_operator.py
[2025-04-16T16:59:08.648+0000] {logging_mixin.py:190} INFO - [2025-04-16T16:59:08.646+0000] {dag.py:3239} INFO - Sync 1 DAGs
[2025-04-16T16:59:08.680+0000] {logging_mixin.py:190} INFO - [2025-04-16T16:59:08.679+0000] {dag.py:4180} INFO - Setting next_dagrun for first_with_python_v3 to 2025-02-28 00:00:00+00:00, run_after=2025-03-01 00:00:00+00:00
[2025-04-16T16:59:08.705+0000] {processor.py:208} INFO - Processing /opt/airflow/dags/dag_with_python_operator.py took 0.180 seconds
[2025-04-16T16:59:38.970+0000] {processor.py:186} INFO - Started process (PID=545) to work on /opt/airflow/dags/dag_with_python_operator.py
[2025-04-16T16:59:38.975+0000] {processor.py:914} INFO - Processing file /opt/airflow/dags/dag_with_python_operator.py for tasks to queue
[2025-04-16T16:59:38.981+0000] {logging_mixin.py:190} INFO - [2025-04-16T16:59:38.980+0000] {dagbag.py:588} INFO - Filling up the DagBag from /opt/airflow/dags/dag_with_python_operator.py
[2025-04-16T16:59:39.041+0000] {processor.py:925} INFO - DAG(s) 'first_with_python_v3' retrieved from /opt/airflow/dags/dag_with_python_operator.py
[2025-04-16T16:59:39.086+0000] {logging_mixin.py:190} INFO - [2025-04-16T16:59:39.085+0000] {dag.py:3239} INFO - Sync 1 DAGs
[2025-04-16T16:59:39.115+0000] {logging_mixin.py:190} INFO - [2025-04-16T16:59:39.114+0000] {dag.py:4180} INFO - Setting next_dagrun for first_with_python_v3 to 2025-02-28 00:00:00+00:00, run_after=2025-03-01 00:00:00+00:00
[2025-04-16T16:59:39.144+0000] {processor.py:208} INFO - Processing /opt/airflow/dags/dag_with_python_operator.py took 0.185 seconds
[2025-04-16T17:00:09.468+0000] {processor.py:186} INFO - Started process (PID=556) to work on /opt/airflow/dags/dag_with_python_operator.py
[2025-04-16T17:00:09.473+0000] {processor.py:914} INFO - Processing file /opt/airflow/dags/dag_with_python_operator.py for tasks to queue
[2025-04-16T17:00:09.481+0000] {logging_mixin.py:190} INFO - [2025-04-16T17:00:09.481+0000] {dagbag.py:588} INFO - Filling up the DagBag from /opt/airflow/dags/dag_with_python_operator.py
[2025-04-16T17:00:09.514+0000] {processor.py:925} INFO - DAG(s) 'first_with_python_v3' retrieved from /opt/airflow/dags/dag_with_python_operator.py
[2025-04-16T17:00:09.554+0000] {logging_mixin.py:190} INFO - [2025-04-16T17:00:09.553+0000] {dag.py:3239} INFO - Sync 1 DAGs
[2025-04-16T17:00:09.583+0000] {logging_mixin.py:190} INFO - [2025-04-16T17:00:09.582+0000] {dag.py:4180} INFO - Setting next_dagrun for first_with_python_v3 to 2025-02-28 00:00:00+00:00, run_after=2025-03-01 00:00:00+00:00
[2025-04-16T17:00:09.609+0000] {processor.py:208} INFO - Processing /opt/airflow/dags/dag_with_python_operator.py took 0.146 seconds
[2025-04-16T17:00:39.682+0000] {processor.py:186} INFO - Started process (PID=567) to work on /opt/airflow/dags/dag_with_python_operator.py
[2025-04-16T17:00:39.685+0000] {processor.py:914} INFO - Processing file /opt/airflow/dags/dag_with_python_operator.py for tasks to queue
[2025-04-16T17:00:39.689+0000] {logging_mixin.py:190} INFO - [2025-04-16T17:00:39.689+0000] {dagbag.py:588} INFO - Filling up the DagBag from /opt/airflow/dags/dag_with_python_operator.py
[2025-04-16T17:00:39.714+0000] {processor.py:925} INFO - DAG(s) 'first_with_python_v3' retrieved from /opt/airflow/dags/dag_with_python_operator.py
[2025-04-16T17:00:39.753+0000] {logging_mixin.py:190} INFO - [2025-04-16T17:00:39.753+0000] {dag.py:3239} INFO - Sync 1 DAGs
[2025-04-16T17:00:39.796+0000] {logging_mixin.py:190} INFO - [2025-04-16T17:00:39.796+0000] {dag.py:4180} INFO - Setting next_dagrun for first_with_python_v3 to 2025-02-28 00:00:00+00:00, run_after=2025-03-01 00:00:00+00:00
[2025-04-16T17:00:39.830+0000] {processor.py:208} INFO - Processing /opt/airflow/dags/dag_with_python_operator.py took 0.156 seconds
[2025-04-16T17:01:10.134+0000] {processor.py:186} INFO - Started process (PID=578) to work on /opt/airflow/dags/dag_with_python_operator.py
[2025-04-16T17:01:10.136+0000] {processor.py:914} INFO - Processing file /opt/airflow/dags/dag_with_python_operator.py for tasks to queue
[2025-04-16T17:01:10.142+0000] {logging_mixin.py:190} INFO - [2025-04-16T17:01:10.141+0000] {dagbag.py:588} INFO - Filling up the DagBag from /opt/airflow/dags/dag_with_python_operator.py
[2025-04-16T17:01:10.181+0000] {processor.py:925} INFO - DAG(s) 'first_with_python_v3' retrieved from /opt/airflow/dags/dag_with_python_operator.py
[2025-04-16T17:01:10.223+0000] {logging_mixin.py:190} INFO - [2025-04-16T17:01:10.222+0000] {dag.py:3239} INFO - Sync 1 DAGs
[2025-04-16T17:01:10.264+0000] {logging_mixin.py:190} INFO - [2025-04-16T17:01:10.264+0000] {dag.py:4180} INFO - Setting next_dagrun for first_with_python_v3 to 2025-02-28 00:00:00+00:00, run_after=2025-03-01 00:00:00+00:00
[2025-04-16T17:01:10.295+0000] {processor.py:208} INFO - Processing /opt/airflow/dags/dag_with_python_operator.py took 0.169 seconds
[2025-04-16T17:01:40.410+0000] {processor.py:186} INFO - Started process (PID=589) to work on /opt/airflow/dags/dag_with_python_operator.py
[2025-04-16T17:01:40.412+0000] {processor.py:914} INFO - Processing file /opt/airflow/dags/dag_with_python_operator.py for tasks to queue
[2025-04-16T17:01:40.416+0000] {logging_mixin.py:190} INFO - [2025-04-16T17:01:40.416+0000] {dagbag.py:588} INFO - Filling up the DagBag from /opt/airflow/dags/dag_with_python_operator.py
[2025-04-16T17:01:40.440+0000] {processor.py:925} INFO - DAG(s) 'first_with_python_v3' retrieved from /opt/airflow/dags/dag_with_python_operator.py
[2025-04-16T17:01:40.468+0000] {logging_mixin.py:190} INFO - [2025-04-16T17:01:40.467+0000] {dag.py:3239} INFO - Sync 1 DAGs
[2025-04-16T17:01:40.496+0000] {logging_mixin.py:190} INFO - [2025-04-16T17:01:40.496+0000] {dag.py:4180} INFO - Setting next_dagrun for first_with_python_v3 to 2025-02-28 00:00:00+00:00, run_after=2025-03-01 00:00:00+00:00
[2025-04-16T17:01:40.524+0000] {processor.py:208} INFO - Processing /opt/airflow/dags/dag_with_python_operator.py took 0.121 seconds
[2025-04-16T17:02:10.829+0000] {processor.py:186} INFO - Started process (PID=600) to work on /opt/airflow/dags/dag_with_python_operator.py
[2025-04-16T17:02:10.831+0000] {processor.py:914} INFO - Processing file /opt/airflow/dags/dag_with_python_operator.py for tasks to queue
[2025-04-16T17:02:10.837+0000] {logging_mixin.py:190} INFO - [2025-04-16T17:02:10.836+0000] {dagbag.py:588} INFO - Filling up the DagBag from /opt/airflow/dags/dag_with_python_operator.py
[2025-04-16T17:02:10.862+0000] {processor.py:925} INFO - DAG(s) 'first_with_python_v3' retrieved from /opt/airflow/dags/dag_with_python_operator.py
[2025-04-16T17:02:10.897+0000] {logging_mixin.py:190} INFO - [2025-04-16T17:02:10.897+0000] {dag.py:3239} INFO - Sync 1 DAGs
[2025-04-16T17:02:10.927+0000] {logging_mixin.py:190} INFO - [2025-04-16T17:02:10.927+0000] {dag.py:4180} INFO - Setting next_dagrun for first_with_python_v3 to 2025-02-28 00:00:00+00:00, run_after=2025-03-01 00:00:00+00:00
[2025-04-16T17:02:10.950+0000] {processor.py:208} INFO - Processing /opt/airflow/dags/dag_with_python_operator.py took 0.130 seconds
[2025-04-16T17:02:41.137+0000] {processor.py:186} INFO - Started process (PID=611) to work on /opt/airflow/dags/dag_with_python_operator.py
[2025-04-16T17:02:41.141+0000] {processor.py:914} INFO - Processing file /opt/airflow/dags/dag_with_python_operator.py for tasks to queue
[2025-04-16T17:02:41.148+0000] {logging_mixin.py:190} INFO - [2025-04-16T17:02:41.147+0000] {dagbag.py:588} INFO - Filling up the DagBag from /opt/airflow/dags/dag_with_python_operator.py
[2025-04-16T17:02:41.191+0000] {processor.py:925} INFO - DAG(s) 'first_with_python_v3' retrieved from /opt/airflow/dags/dag_with_python_operator.py
[2025-04-16T17:02:41.239+0000] {logging_mixin.py:190} INFO - [2025-04-16T17:02:41.239+0000] {dag.py:3239} INFO - Sync 1 DAGs
[2025-04-16T17:02:41.268+0000] {logging_mixin.py:190} INFO - [2025-04-16T17:02:41.268+0000] {dag.py:4180} INFO - Setting next_dagrun for first_with_python_v3 to 2025-02-28 00:00:00+00:00, run_after=2025-03-01 00:00:00+00:00
[2025-04-16T17:02:41.289+0000] {processor.py:208} INFO - Processing /opt/airflow/dags/dag_with_python_operator.py took 0.161 seconds
[2025-04-16T17:03:11.497+0000] {processor.py:186} INFO - Started process (PID=622) to work on /opt/airflow/dags/dag_with_python_operator.py
[2025-04-16T17:03:11.499+0000] {processor.py:914} INFO - Processing file /opt/airflow/dags/dag_with_python_operator.py for tasks to queue
[2025-04-16T17:03:11.502+0000] {logging_mixin.py:190} INFO - [2025-04-16T17:03:11.502+0000] {dagbag.py:588} INFO - Filling up the DagBag from /opt/airflow/dags/dag_with_python_operator.py
[2025-04-16T17:03:11.532+0000] {processor.py:925} INFO - DAG(s) 'first_with_python_v3' retrieved from /opt/airflow/dags/dag_with_python_operator.py
[2025-04-16T17:03:11.563+0000] {logging_mixin.py:190} INFO - [2025-04-16T17:03:11.563+0000] {dag.py:3239} INFO - Sync 1 DAGs
[2025-04-16T17:03:11.593+0000] {logging_mixin.py:190} INFO - [2025-04-16T17:03:11.593+0000] {dag.py:4180} INFO - Setting next_dagrun for first_with_python_v3 to 2025-02-28 00:00:00+00:00, run_after=2025-03-01 00:00:00+00:00
[2025-04-16T17:03:11.618+0000] {processor.py:208} INFO - Processing /opt/airflow/dags/dag_with_python_operator.py took 0.128 seconds
[2025-04-16T17:03:41.899+0000] {processor.py:186} INFO - Started process (PID=633) to work on /opt/airflow/dags/dag_with_python_operator.py
[2025-04-16T17:03:41.901+0000] {processor.py:914} INFO - Processing file /opt/airflow/dags/dag_with_python_operator.py for tasks to queue
[2025-04-16T17:03:41.906+0000] {logging_mixin.py:190} INFO - [2025-04-16T17:03:41.905+0000] {dagbag.py:588} INFO - Filling up the DagBag from /opt/airflow/dags/dag_with_python_operator.py
[2025-04-16T17:03:41.935+0000] {processor.py:925} INFO - DAG(s) 'first_with_python_v3' retrieved from /opt/airflow/dags/dag_with_python_operator.py
[2025-04-16T17:03:41.973+0000] {logging_mixin.py:190} INFO - [2025-04-16T17:03:41.972+0000] {dag.py:3239} INFO - Sync 1 DAGs
[2025-04-16T17:03:42.008+0000] {logging_mixin.py:190} INFO - [2025-04-16T17:03:42.008+0000] {dag.py:4180} INFO - Setting next_dagrun for first_with_python_v3 to 2025-02-28 00:00:00+00:00, run_after=2025-03-01 00:00:00+00:00
[2025-04-16T17:03:42.035+0000] {processor.py:208} INFO - Processing /opt/airflow/dags/dag_with_python_operator.py took 0.144 seconds
[2025-04-16T17:04:12.234+0000] {processor.py:186} INFO - Started process (PID=644) to work on /opt/airflow/dags/dag_with_python_operator.py
[2025-04-16T17:04:12.237+0000] {processor.py:914} INFO - Processing file /opt/airflow/dags/dag_with_python_operator.py for tasks to queue
[2025-04-16T17:04:12.241+0000] {logging_mixin.py:190} INFO - [2025-04-16T17:04:12.240+0000] {dagbag.py:588} INFO - Filling up the DagBag from /opt/airflow/dags/dag_with_python_operator.py
[2025-04-16T17:04:12.267+0000] {processor.py:925} INFO - DAG(s) 'first_with_python_v3' retrieved from /opt/airflow/dags/dag_with_python_operator.py
[2025-04-16T17:04:12.301+0000] {logging_mixin.py:190} INFO - [2025-04-16T17:04:12.300+0000] {dag.py:3239} INFO - Sync 1 DAGs
[2025-04-16T17:04:12.335+0000] {logging_mixin.py:190} INFO - [2025-04-16T17:04:12.335+0000] {dag.py:4180} INFO - Setting next_dagrun for first_with_python_v3 to 2025-02-28 00:00:00+00:00, run_after=2025-03-01 00:00:00+00:00
[2025-04-16T17:04:12.359+0000] {processor.py:208} INFO - Processing /opt/airflow/dags/dag_with_python_operator.py took 0.133 seconds
[2025-04-16T17:04:42.651+0000] {processor.py:186} INFO - Started process (PID=655) to work on /opt/airflow/dags/dag_with_python_operator.py
[2025-04-16T17:04:42.656+0000] {processor.py:914} INFO - Processing file /opt/airflow/dags/dag_with_python_operator.py for tasks to queue
[2025-04-16T17:04:42.660+0000] {logging_mixin.py:190} INFO - [2025-04-16T17:04:42.660+0000] {dagbag.py:588} INFO - Filling up the DagBag from /opt/airflow/dags/dag_with_python_operator.py
[2025-04-16T17:04:42.687+0000] {processor.py:925} INFO - DAG(s) 'first_with_python_v3' retrieved from /opt/airflow/dags/dag_with_python_operator.py
[2025-04-16T17:04:42.727+0000] {logging_mixin.py:190} INFO - [2025-04-16T17:04:42.726+0000] {dag.py:3239} INFO - Sync 1 DAGs
[2025-04-16T17:04:42.762+0000] {logging_mixin.py:190} INFO - [2025-04-16T17:04:42.762+0000] {dag.py:4180} INFO - Setting next_dagrun for first_with_python_v3 to 2025-02-28 00:00:00+00:00, run_after=2025-03-01 00:00:00+00:00
[2025-04-16T17:04:42.794+0000] {processor.py:208} INFO - Processing /opt/airflow/dags/dag_with_python_operator.py took 0.153 seconds
[2025-04-16T17:05:12.958+0000] {processor.py:186} INFO - Started process (PID=666) to work on /opt/airflow/dags/dag_with_python_operator.py
[2025-04-16T17:05:12.961+0000] {processor.py:914} INFO - Processing file /opt/airflow/dags/dag_with_python_operator.py for tasks to queue
[2025-04-16T17:05:12.966+0000] {logging_mixin.py:190} INFO - [2025-04-16T17:05:12.965+0000] {dagbag.py:588} INFO - Filling up the DagBag from /opt/airflow/dags/dag_with_python_operator.py
[2025-04-16T17:05:12.991+0000] {processor.py:925} INFO - DAG(s) 'first_with_python_v3' retrieved from /opt/airflow/dags/dag_with_python_operator.py
[2025-04-16T17:05:13.027+0000] {logging_mixin.py:190} INFO - [2025-04-16T17:05:13.027+0000] {dag.py:3239} INFO - Sync 1 DAGs
[2025-04-16T17:05:13.058+0000] {logging_mixin.py:190} INFO - [2025-04-16T17:05:13.058+0000] {dag.py:4180} INFO - Setting next_dagrun for first_with_python_v3 to 2025-02-28 00:00:00+00:00, run_after=2025-03-01 00:00:00+00:00
[2025-04-16T17:05:13.084+0000] {processor.py:208} INFO - Processing /opt/airflow/dags/dag_with_python_operator.py took 0.134 seconds
[2025-04-16T17:05:43.434+0000] {processor.py:186} INFO - Started process (PID=677) to work on /opt/airflow/dags/dag_with_python_operator.py
[2025-04-16T17:05:43.437+0000] {processor.py:914} INFO - Processing file /opt/airflow/dags/dag_with_python_operator.py for tasks to queue
[2025-04-16T17:05:43.442+0000] {logging_mixin.py:190} INFO - [2025-04-16T17:05:43.442+0000] {dagbag.py:588} INFO - Filling up the DagBag from /opt/airflow/dags/dag_with_python_operator.py
[2025-04-16T17:05:43.471+0000] {processor.py:925} INFO - DAG(s) 'first_with_python_v3' retrieved from /opt/airflow/dags/dag_with_python_operator.py
[2025-04-16T17:05:43.517+0000] {logging_mixin.py:190} INFO - [2025-04-16T17:05:43.517+0000] {dag.py:3239} INFO - Sync 1 DAGs
[2025-04-16T17:05:43.550+0000] {logging_mixin.py:190} INFO - [2025-04-16T17:05:43.549+0000] {dag.py:4180} INFO - Setting next_dagrun for first_with_python_v3 to 2025-02-28 00:00:00+00:00, run_after=2025-03-01 00:00:00+00:00
[2025-04-16T17:05:43.578+0000] {processor.py:208} INFO - Processing /opt/airflow/dags/dag_with_python_operator.py took 0.152 seconds
[2025-04-16T17:06:13.752+0000] {processor.py:186} INFO - Started process (PID=688) to work on /opt/airflow/dags/dag_with_python_operator.py
[2025-04-16T17:06:13.755+0000] {processor.py:914} INFO - Processing file /opt/airflow/dags/dag_with_python_operator.py for tasks to queue
[2025-04-16T17:06:13.760+0000] {logging_mixin.py:190} INFO - [2025-04-16T17:06:13.759+0000] {dagbag.py:588} INFO - Filling up the DagBag from /opt/airflow/dags/dag_with_python_operator.py
[2025-04-16T17:06:13.791+0000] {processor.py:925} INFO - DAG(s) 'first_with_python_v3' retrieved from /opt/airflow/dags/dag_with_python_operator.py
[2025-04-16T17:06:13.834+0000] {logging_mixin.py:190} INFO - [2025-04-16T17:06:13.834+0000] {dag.py:3239} INFO - Sync 1 DAGs
[2025-04-16T17:06:13.867+0000] {logging_mixin.py:190} INFO - [2025-04-16T17:06:13.867+0000] {dag.py:4180} INFO - Setting next_dagrun for first_with_python_v3 to 2025-02-28 00:00:00+00:00, run_after=2025-03-01 00:00:00+00:00
[2025-04-16T17:06:13.903+0000] {processor.py:208} INFO - Processing /opt/airflow/dags/dag_with_python_operator.py took 0.165 seconds
[2025-04-16T17:06:44.178+0000] {processor.py:186} INFO - Started process (PID=699) to work on /opt/airflow/dags/dag_with_python_operator.py
[2025-04-16T17:06:44.181+0000] {processor.py:914} INFO - Processing file /opt/airflow/dags/dag_with_python_operator.py for tasks to queue
[2025-04-16T17:06:44.186+0000] {logging_mixin.py:190} INFO - [2025-04-16T17:06:44.186+0000] {dagbag.py:588} INFO - Filling up the DagBag from /opt/airflow/dags/dag_with_python_operator.py
[2025-04-16T17:06:44.214+0000] {processor.py:925} INFO - DAG(s) 'first_with_python_v3' retrieved from /opt/airflow/dags/dag_with_python_operator.py
[2025-04-16T17:06:44.250+0000] {logging_mixin.py:190} INFO - [2025-04-16T17:06:44.250+0000] {dag.py:3239} INFO - Sync 1 DAGs
[2025-04-16T17:06:44.282+0000] {logging_mixin.py:190} INFO - [2025-04-16T17:06:44.282+0000] {dag.py:4180} INFO - Setting next_dagrun for first_with_python_v3 to 2025-02-28 00:00:00+00:00, run_after=2025-03-01 00:00:00+00:00
[2025-04-16T17:06:44.311+0000] {processor.py:208} INFO - Processing /opt/airflow/dags/dag_with_python_operator.py took 0.143 seconds
[2025-04-16T17:07:14.541+0000] {processor.py:186} INFO - Started process (PID=710) to work on /opt/airflow/dags/dag_with_python_operator.py
[2025-04-16T17:07:14.544+0000] {processor.py:914} INFO - Processing file /opt/airflow/dags/dag_with_python_operator.py for tasks to queue
[2025-04-16T17:07:14.549+0000] {logging_mixin.py:190} INFO - [2025-04-16T17:07:14.549+0000] {dagbag.py:588} INFO - Filling up the DagBag from /opt/airflow/dags/dag_with_python_operator.py
[2025-04-16T17:07:14.587+0000] {processor.py:925} INFO - DAG(s) 'first_with_python_v3' retrieved from /opt/airflow/dags/dag_with_python_operator.py
[2025-04-16T17:07:14.629+0000] {logging_mixin.py:190} INFO - [2025-04-16T17:07:14.629+0000] {dag.py:3239} INFO - Sync 1 DAGs
[2025-04-16T17:07:14.670+0000] {logging_mixin.py:190} INFO - [2025-04-16T17:07:14.670+0000] {dag.py:4180} INFO - Setting next_dagrun for first_with_python_v3 to 2025-02-28 00:00:00+00:00, run_after=2025-03-01 00:00:00+00:00
[2025-04-16T17:07:14.701+0000] {processor.py:208} INFO - Processing /opt/airflow/dags/dag_with_python_operator.py took 0.169 seconds
[2025-04-16T17:07:44.936+0000] {processor.py:186} INFO - Started process (PID=721) to work on /opt/airflow/dags/dag_with_python_operator.py
[2025-04-16T17:07:44.940+0000] {processor.py:914} INFO - Processing file /opt/airflow/dags/dag_with_python_operator.py for tasks to queue
[2025-04-16T17:07:44.945+0000] {logging_mixin.py:190} INFO - [2025-04-16T17:07:44.944+0000] {dagbag.py:588} INFO - Filling up the DagBag from /opt/airflow/dags/dag_with_python_operator.py
[2025-04-16T17:07:44.970+0000] {processor.py:925} INFO - DAG(s) 'first_with_python_v3' retrieved from /opt/airflow/dags/dag_with_python_operator.py
[2025-04-16T17:07:45.011+0000] {logging_mixin.py:190} INFO - [2025-04-16T17:07:45.011+0000] {dag.py:3239} INFO - Sync 1 DAGs
[2025-04-16T17:07:45.046+0000] {logging_mixin.py:190} INFO - [2025-04-16T17:07:45.046+0000] {dag.py:4180} INFO - Setting next_dagrun for first_with_python_v3 to 2025-02-28 00:00:00+00:00, run_after=2025-03-01 00:00:00+00:00
[2025-04-16T17:07:45.072+0000] {processor.py:208} INFO - Processing /opt/airflow/dags/dag_with_python_operator.py took 0.146 seconds
[2025-04-16T17:08:15.344+0000] {processor.py:186} INFO - Started process (PID=732) to work on /opt/airflow/dags/dag_with_python_operator.py
[2025-04-16T17:08:15.347+0000] {processor.py:914} INFO - Processing file /opt/airflow/dags/dag_with_python_operator.py for tasks to queue
[2025-04-16T17:08:15.351+0000] {logging_mixin.py:190} INFO - [2025-04-16T17:08:15.350+0000] {dagbag.py:588} INFO - Filling up the DagBag from /opt/airflow/dags/dag_with_python_operator.py
[2025-04-16T17:08:15.377+0000] {processor.py:925} INFO - DAG(s) 'first_with_python_v3' retrieved from /opt/airflow/dags/dag_with_python_operator.py
[2025-04-16T17:08:15.408+0000] {logging_mixin.py:190} INFO - [2025-04-16T17:08:15.408+0000] {dag.py:3239} INFO - Sync 1 DAGs
[2025-04-16T17:08:15.441+0000] {logging_mixin.py:190} INFO - [2025-04-16T17:08:15.440+0000] {dag.py:4180} INFO - Setting next_dagrun for first_with_python_v3 to 2025-02-28 00:00:00+00:00, run_after=2025-03-01 00:00:00+00:00
[2025-04-16T17:08:15.474+0000] {processor.py:208} INFO - Processing /opt/airflow/dags/dag_with_python_operator.py took 0.138 seconds
[2025-04-16T17:08:45.743+0000] {processor.py:186} INFO - Started process (PID=743) to work on /opt/airflow/dags/dag_with_python_operator.py
[2025-04-16T17:08:45.746+0000] {processor.py:914} INFO - Processing file /opt/airflow/dags/dag_with_python_operator.py for tasks to queue
[2025-04-16T17:08:45.751+0000] {logging_mixin.py:190} INFO - [2025-04-16T17:08:45.751+0000] {dagbag.py:588} INFO - Filling up the DagBag from /opt/airflow/dags/dag_with_python_operator.py
[2025-04-16T17:08:45.785+0000] {processor.py:925} INFO - DAG(s) 'first_with_python_v3' retrieved from /opt/airflow/dags/dag_with_python_operator.py
[2025-04-16T17:08:45.822+0000] {logging_mixin.py:190} INFO - [2025-04-16T17:08:45.822+0000] {dag.py:3239} INFO - Sync 1 DAGs
[2025-04-16T17:08:45.854+0000] {logging_mixin.py:190} INFO - [2025-04-16T17:08:45.854+0000] {dag.py:4180} INFO - Setting next_dagrun for first_with_python_v3 to 2025-02-28 00:00:00+00:00, run_after=2025-03-01 00:00:00+00:00
[2025-04-16T17:08:45.884+0000] {processor.py:208} INFO - Processing /opt/airflow/dags/dag_with_python_operator.py took 0.150 seconds
[2025-04-16T17:09:16.079+0000] {processor.py:186} INFO - Started process (PID=754) to work on /opt/airflow/dags/dag_with_python_operator.py
[2025-04-16T17:09:16.082+0000] {processor.py:914} INFO - Processing file /opt/airflow/dags/dag_with_python_operator.py for tasks to queue
[2025-04-16T17:09:16.086+0000] {logging_mixin.py:190} INFO - [2025-04-16T17:09:16.085+0000] {dagbag.py:588} INFO - Filling up the DagBag from /opt/airflow/dags/dag_with_python_operator.py
[2025-04-16T17:09:16.116+0000] {processor.py:925} INFO - DAG(s) 'first_with_python_v3' retrieved from /opt/airflow/dags/dag_with_python_operator.py
[2025-04-16T17:09:16.156+0000] {logging_mixin.py:190} INFO - [2025-04-16T17:09:16.155+0000] {dag.py:3239} INFO - Sync 1 DAGs
[2025-04-16T17:09:16.196+0000] {logging_mixin.py:190} INFO - [2025-04-16T17:09:16.195+0000] {dag.py:4180} INFO - Setting next_dagrun for first_with_python_v3 to 2025-02-28 00:00:00+00:00, run_after=2025-03-01 00:00:00+00:00
[2025-04-16T17:09:16.223+0000] {processor.py:208} INFO - Processing /opt/airflow/dags/dag_with_python_operator.py took 0.153 seconds
[2025-04-16T17:09:46.558+0000] {processor.py:186} INFO - Started process (PID=765) to work on /opt/airflow/dags/dag_with_python_operator.py
[2025-04-16T17:09:46.562+0000] {processor.py:914} INFO - Processing file /opt/airflow/dags/dag_with_python_operator.py for tasks to queue
[2025-04-16T17:09:46.573+0000] {logging_mixin.py:190} INFO - [2025-04-16T17:09:46.569+0000] {dagbag.py:588} INFO - Filling up the DagBag from /opt/airflow/dags/dag_with_python_operator.py
[2025-04-16T17:09:46.623+0000] {processor.py:925} INFO - DAG(s) 'first_with_python_v3' retrieved from /opt/airflow/dags/dag_with_python_operator.py
[2025-04-16T17:09:46.691+0000] {logging_mixin.py:190} INFO - [2025-04-16T17:09:46.691+0000] {dag.py:3239} INFO - Sync 1 DAGs
[2025-04-16T17:09:46.733+0000] {logging_mixin.py:190} INFO - [2025-04-16T17:09:46.733+0000] {dag.py:4180} INFO - Setting next_dagrun for first_with_python_v3 to 2025-02-28 00:00:00+00:00, run_after=2025-03-01 00:00:00+00:00
[2025-04-16T17:09:46.772+0000] {processor.py:208} INFO - Processing /opt/airflow/dags/dag_with_python_operator.py took 0.250 seconds
[2025-04-16T17:10:17.115+0000] {processor.py:186} INFO - Started process (PID=776) to work on /opt/airflow/dags/dag_with_python_operator.py
[2025-04-16T17:10:17.118+0000] {processor.py:914} INFO - Processing file /opt/airflow/dags/dag_with_python_operator.py for tasks to queue
[2025-04-16T17:10:17.125+0000] {logging_mixin.py:190} INFO - [2025-04-16T17:10:17.123+0000] {dagbag.py:588} INFO - Filling up the DagBag from /opt/airflow/dags/dag_with_python_operator.py
[2025-04-16T17:10:17.168+0000] {processor.py:925} INFO - DAG(s) 'first_with_python_v3' retrieved from /opt/airflow/dags/dag_with_python_operator.py
[2025-04-16T17:10:17.220+0000] {logging_mixin.py:190} INFO - [2025-04-16T17:10:17.219+0000] {dag.py:3239} INFO - Sync 1 DAGs
[2025-04-16T17:10:17.253+0000] {logging_mixin.py:190} INFO - [2025-04-16T17:10:17.253+0000] {dag.py:4180} INFO - Setting next_dagrun for first_with_python_v3 to 2025-02-28 00:00:00+00:00, run_after=2025-03-01 00:00:00+00:00
[2025-04-16T17:10:17.281+0000] {processor.py:208} INFO - Processing /opt/airflow/dags/dag_with_python_operator.py took 0.188 seconds
[2025-04-16T17:10:47.438+0000] {processor.py:186} INFO - Started process (PID=787) to work on /opt/airflow/dags/dag_with_python_operator.py
[2025-04-16T17:10:47.441+0000] {processor.py:914} INFO - Processing file /opt/airflow/dags/dag_with_python_operator.py for tasks to queue
[2025-04-16T17:10:47.446+0000] {logging_mixin.py:190} INFO - [2025-04-16T17:10:47.446+0000] {dagbag.py:588} INFO - Filling up the DagBag from /opt/airflow/dags/dag_with_python_operator.py
[2025-04-16T17:10:47.473+0000] {processor.py:925} INFO - DAG(s) 'first_with_python_v3' retrieved from /opt/airflow/dags/dag_with_python_operator.py
[2025-04-16T17:10:47.507+0000] {logging_mixin.py:190} INFO - [2025-04-16T17:10:47.507+0000] {dag.py:3239} INFO - Sync 1 DAGs
[2025-04-16T17:10:47.541+0000] {logging_mixin.py:190} INFO - [2025-04-16T17:10:47.541+0000] {dag.py:4180} INFO - Setting next_dagrun for first_with_python_v3 to 2025-02-28 00:00:00+00:00, run_after=2025-03-01 00:00:00+00:00
[2025-04-16T17:10:47.568+0000] {processor.py:208} INFO - Processing /opt/airflow/dags/dag_with_python_operator.py took 0.138 seconds
[2025-04-16T17:11:17.900+0000] {processor.py:186} INFO - Started process (PID=798) to work on /opt/airflow/dags/dag_with_python_operator.py
[2025-04-16T17:11:17.902+0000] {processor.py:914} INFO - Processing file /opt/airflow/dags/dag_with_python_operator.py for tasks to queue
[2025-04-16T17:11:17.906+0000] {logging_mixin.py:190} INFO - [2025-04-16T17:11:17.906+0000] {dagbag.py:588} INFO - Filling up the DagBag from /opt/airflow/dags/dag_with_python_operator.py
[2025-04-16T17:11:17.933+0000] {processor.py:925} INFO - DAG(s) 'first_with_python_v3' retrieved from /opt/airflow/dags/dag_with_python_operator.py
[2025-04-16T17:11:17.982+0000] {logging_mixin.py:190} INFO - [2025-04-16T17:11:17.982+0000] {dag.py:3239} INFO - Sync 1 DAGs
[2025-04-16T17:11:18.021+0000] {logging_mixin.py:190} INFO - [2025-04-16T17:11:18.021+0000] {dag.py:4180} INFO - Setting next_dagrun for first_with_python_v3 to 2025-02-28 00:00:00+00:00, run_after=2025-03-01 00:00:00+00:00
[2025-04-16T17:11:18.047+0000] {processor.py:208} INFO - Processing /opt/airflow/dags/dag_with_python_operator.py took 0.156 seconds
[2025-04-16T17:11:48.235+0000] {processor.py:186} INFO - Started process (PID=809) to work on /opt/airflow/dags/dag_with_python_operator.py
[2025-04-16T17:11:48.240+0000] {processor.py:914} INFO - Processing file /opt/airflow/dags/dag_with_python_operator.py for tasks to queue
[2025-04-16T17:11:48.246+0000] {logging_mixin.py:190} INFO - [2025-04-16T17:11:48.245+0000] {dagbag.py:588} INFO - Filling up the DagBag from /opt/airflow/dags/dag_with_python_operator.py
[2025-04-16T17:11:48.281+0000] {processor.py:925} INFO - DAG(s) 'first_with_python_v3' retrieved from /opt/airflow/dags/dag_with_python_operator.py
[2025-04-16T17:11:48.330+0000] {logging_mixin.py:190} INFO - [2025-04-16T17:11:48.330+0000] {dag.py:3239} INFO - Sync 1 DAGs
[2025-04-16T17:11:48.362+0000] {logging_mixin.py:190} INFO - [2025-04-16T17:11:48.362+0000] {dag.py:4180} INFO - Setting next_dagrun for first_with_python_v3 to 2025-02-28 00:00:00+00:00, run_after=2025-03-01 00:00:00+00:00
[2025-04-16T17:11:48.390+0000] {processor.py:208} INFO - Processing /opt/airflow/dags/dag_with_python_operator.py took 0.165 seconds
[2025-04-16T17:12:18.666+0000] {processor.py:186} INFO - Started process (PID=820) to work on /opt/airflow/dags/dag_with_python_operator.py
[2025-04-16T17:12:18.670+0000] {processor.py:914} INFO - Processing file /opt/airflow/dags/dag_with_python_operator.py for tasks to queue
[2025-04-16T17:12:18.675+0000] {logging_mixin.py:190} INFO - [2025-04-16T17:12:18.675+0000] {dagbag.py:588} INFO - Filling up the DagBag from /opt/airflow/dags/dag_with_python_operator.py
[2025-04-16T17:12:18.706+0000] {processor.py:925} INFO - DAG(s) 'first_with_python_v3' retrieved from /opt/airflow/dags/dag_with_python_operator.py
[2025-04-16T17:12:18.739+0000] {logging_mixin.py:190} INFO - [2025-04-16T17:12:18.739+0000] {dag.py:3239} INFO - Sync 1 DAGs
[2025-04-16T17:12:18.771+0000] {logging_mixin.py:190} INFO - [2025-04-16T17:12:18.770+0000] {dag.py:4180} INFO - Setting next_dagrun for first_with_python_v3 to 2025-02-28 00:00:00+00:00, run_after=2025-03-01 00:00:00+00:00
[2025-04-16T17:12:18.793+0000] {processor.py:208} INFO - Processing /opt/airflow/dags/dag_with_python_operator.py took 0.134 seconds
[2025-04-16T17:12:49.009+0000] {processor.py:186} INFO - Started process (PID=831) to work on /opt/airflow/dags/dag_with_python_operator.py
[2025-04-16T17:12:49.012+0000] {processor.py:914} INFO - Processing file /opt/airflow/dags/dag_with_python_operator.py for tasks to queue
[2025-04-16T17:12:49.016+0000] {logging_mixin.py:190} INFO - [2025-04-16T17:12:49.016+0000] {dagbag.py:588} INFO - Filling up the DagBag from /opt/airflow/dags/dag_with_python_operator.py
[2025-04-16T17:12:49.047+0000] {processor.py:925} INFO - DAG(s) 'first_with_python_v3' retrieved from /opt/airflow/dags/dag_with_python_operator.py
[2025-04-16T17:12:49.093+0000] {logging_mixin.py:190} INFO - [2025-04-16T17:12:49.092+0000] {dag.py:3239} INFO - Sync 1 DAGs
[2025-04-16T17:12:49.134+0000] {logging_mixin.py:190} INFO - [2025-04-16T17:12:49.134+0000] {dag.py:4180} INFO - Setting next_dagrun for first_with_python_v3 to 2025-02-28 00:00:00+00:00, run_after=2025-03-01 00:00:00+00:00
[2025-04-16T17:12:49.166+0000] {processor.py:208} INFO - Processing /opt/airflow/dags/dag_with_python_operator.py took 0.171 seconds
[2025-04-16T17:13:19.377+0000] {processor.py:186} INFO - Started process (PID=842) to work on /opt/airflow/dags/dag_with_python_operator.py
[2025-04-16T17:13:19.380+0000] {processor.py:914} INFO - Processing file /opt/airflow/dags/dag_with_python_operator.py for tasks to queue
[2025-04-16T17:13:19.385+0000] {logging_mixin.py:190} INFO - [2025-04-16T17:13:19.384+0000] {dagbag.py:588} INFO - Filling up the DagBag from /opt/airflow/dags/dag_with_python_operator.py
[2025-04-16T17:13:19.410+0000] {processor.py:925} INFO - DAG(s) 'first_with_python_v3' retrieved from /opt/airflow/dags/dag_with_python_operator.py
[2025-04-16T17:13:19.445+0000] {logging_mixin.py:190} INFO - [2025-04-16T17:13:19.445+0000] {dag.py:3239} INFO - Sync 1 DAGs
[2025-04-16T17:13:19.474+0000] {logging_mixin.py:190} INFO - [2025-04-16T17:13:19.474+0000] {dag.py:4180} INFO - Setting next_dagrun for first_with_python_v3 to 2025-02-28 00:00:00+00:00, run_after=2025-03-01 00:00:00+00:00
[2025-04-16T17:13:19.506+0000] {processor.py:208} INFO - Processing /opt/airflow/dags/dag_with_python_operator.py took 0.138 seconds
[2025-04-16T17:13:49.846+0000] {processor.py:186} INFO - Started process (PID=853) to work on /opt/airflow/dags/dag_with_python_operator.py
[2025-04-16T17:13:49.848+0000] {processor.py:914} INFO - Processing file /opt/airflow/dags/dag_with_python_operator.py for tasks to queue
[2025-04-16T17:13:49.852+0000] {logging_mixin.py:190} INFO - [2025-04-16T17:13:49.852+0000] {dagbag.py:588} INFO - Filling up the DagBag from /opt/airflow/dags/dag_with_python_operator.py
[2025-04-16T17:13:49.878+0000] {processor.py:925} INFO - DAG(s) 'first_with_python_v3' retrieved from /opt/airflow/dags/dag_with_python_operator.py
[2025-04-16T17:13:49.911+0000] {logging_mixin.py:190} INFO - [2025-04-16T17:13:49.911+0000] {dag.py:3239} INFO - Sync 1 DAGs
[2025-04-16T17:13:49.940+0000] {logging_mixin.py:190} INFO - [2025-04-16T17:13:49.940+0000] {dag.py:4180} INFO - Setting next_dagrun for first_with_python_v3 to 2025-02-28 00:00:00+00:00, run_after=2025-03-01 00:00:00+00:00
[2025-04-16T17:13:49.970+0000] {processor.py:208} INFO - Processing /opt/airflow/dags/dag_with_python_operator.py took 0.132 seconds
[2025-04-16T17:14:20.147+0000] {processor.py:186} INFO - Started process (PID=864) to work on /opt/airflow/dags/dag_with_python_operator.py
[2025-04-16T17:14:20.149+0000] {processor.py:914} INFO - Processing file /opt/airflow/dags/dag_with_python_operator.py for tasks to queue
[2025-04-16T17:14:20.155+0000] {logging_mixin.py:190} INFO - [2025-04-16T17:14:20.154+0000] {dagbag.py:588} INFO - Filling up the DagBag from /opt/airflow/dags/dag_with_python_operator.py
[2025-04-16T17:14:20.181+0000] {processor.py:925} INFO - DAG(s) 'first_with_python_v3' retrieved from /opt/airflow/dags/dag_with_python_operator.py
[2025-04-16T17:14:20.218+0000] {logging_mixin.py:190} INFO - [2025-04-16T17:14:20.217+0000] {dag.py:3239} INFO - Sync 1 DAGs
[2025-04-16T17:14:20.250+0000] {logging_mixin.py:190} INFO - [2025-04-16T17:14:20.250+0000] {dag.py:4180} INFO - Setting next_dagrun for first_with_python_v3 to 2025-02-28 00:00:00+00:00, run_after=2025-03-01 00:00:00+00:00
[2025-04-16T17:14:20.277+0000] {processor.py:208} INFO - Processing /opt/airflow/dags/dag_with_python_operator.py took 0.139 seconds
[2025-04-16T17:14:50.578+0000] {processor.py:186} INFO - Started process (PID=875) to work on /opt/airflow/dags/dag_with_python_operator.py
[2025-04-16T17:14:50.581+0000] {processor.py:914} INFO - Processing file /opt/airflow/dags/dag_with_python_operator.py for tasks to queue
[2025-04-16T17:14:50.586+0000] {logging_mixin.py:190} INFO - [2025-04-16T17:14:50.586+0000] {dagbag.py:588} INFO - Filling up the DagBag from /opt/airflow/dags/dag_with_python_operator.py
[2025-04-16T17:14:50.618+0000] {processor.py:925} INFO - DAG(s) 'first_with_python_v3' retrieved from /opt/airflow/dags/dag_with_python_operator.py
[2025-04-16T17:14:50.656+0000] {logging_mixin.py:190} INFO - [2025-04-16T17:14:50.655+0000] {dag.py:3239} INFO - Sync 1 DAGs
[2025-04-16T17:14:50.695+0000] {logging_mixin.py:190} INFO - [2025-04-16T17:14:50.695+0000] {dag.py:4180} INFO - Setting next_dagrun for first_with_python_v3 to 2025-02-28 00:00:00+00:00, run_after=2025-03-01 00:00:00+00:00
[2025-04-16T17:14:50.731+0000] {processor.py:208} INFO - Processing /opt/airflow/dags/dag_with_python_operator.py took 0.162 seconds
[2025-04-16T17:15:20.899+0000] {processor.py:186} INFO - Started process (PID=886) to work on /opt/airflow/dags/dag_with_python_operator.py
[2025-04-16T17:15:20.903+0000] {processor.py:914} INFO - Processing file /opt/airflow/dags/dag_with_python_operator.py for tasks to queue
[2025-04-16T17:15:20.908+0000] {logging_mixin.py:190} INFO - [2025-04-16T17:15:20.908+0000] {dagbag.py:588} INFO - Filling up the DagBag from /opt/airflow/dags/dag_with_python_operator.py
[2025-04-16T17:15:20.975+0000] {processor.py:925} INFO - DAG(s) 'first_with_python_v3' retrieved from /opt/airflow/dags/dag_with_python_operator.py
[2025-04-16T17:15:21.053+0000] {logging_mixin.py:190} INFO - [2025-04-16T17:15:21.053+0000] {dag.py:3239} INFO - Sync 1 DAGs
[2025-04-16T17:15:21.091+0000] {logging_mixin.py:190} INFO - [2025-04-16T17:15:21.091+0000] {dag.py:4180} INFO - Setting next_dagrun for first_with_python_v3 to 2025-02-28 00:00:00+00:00, run_after=2025-03-01 00:00:00+00:00
[2025-04-16T17:15:21.117+0000] {processor.py:208} INFO - Processing /opt/airflow/dags/dag_with_python_operator.py took 0.230 seconds
[2025-04-16T17:15:51.331+0000] {processor.py:186} INFO - Started process (PID=897) to work on /opt/airflow/dags/dag_with_python_operator.py
[2025-04-16T17:15:51.334+0000] {processor.py:914} INFO - Processing file /opt/airflow/dags/dag_with_python_operator.py for tasks to queue
[2025-04-16T17:15:51.340+0000] {logging_mixin.py:190} INFO - [2025-04-16T17:15:51.340+0000] {dagbag.py:588} INFO - Filling up the DagBag from /opt/airflow/dags/dag_with_python_operator.py
[2025-04-16T17:15:51.368+0000] {processor.py:925} INFO - DAG(s) 'first_with_python_v3' retrieved from /opt/airflow/dags/dag_with_python_operator.py
[2025-04-16T17:15:51.406+0000] {logging_mixin.py:190} INFO - [2025-04-16T17:15:51.406+0000] {dag.py:3239} INFO - Sync 1 DAGs
[2025-04-16T17:15:51.436+0000] {logging_mixin.py:190} INFO - [2025-04-16T17:15:51.436+0000] {dag.py:4180} INFO - Setting next_dagrun for first_with_python_v3 to 2025-02-28 00:00:00+00:00, run_after=2025-03-01 00:00:00+00:00
[2025-04-16T17:15:51.457+0000] {processor.py:208} INFO - Processing /opt/airflow/dags/dag_with_python_operator.py took 0.133 seconds
[2025-04-16T17:16:21.722+0000] {processor.py:186} INFO - Started process (PID=908) to work on /opt/airflow/dags/dag_with_python_operator.py
[2025-04-16T17:16:21.724+0000] {processor.py:914} INFO - Processing file /opt/airflow/dags/dag_with_python_operator.py for tasks to queue
[2025-04-16T17:16:21.729+0000] {logging_mixin.py:190} INFO - [2025-04-16T17:16:21.729+0000] {dagbag.py:588} INFO - Filling up the DagBag from /opt/airflow/dags/dag_with_python_operator.py
[2025-04-16T17:16:21.765+0000] {processor.py:925} INFO - DAG(s) 'first_with_python_v3' retrieved from /opt/airflow/dags/dag_with_python_operator.py
[2025-04-16T17:16:21.825+0000] {logging_mixin.py:190} INFO - [2025-04-16T17:16:21.824+0000] {dag.py:3239} INFO - Sync 1 DAGs
[2025-04-16T17:16:21.867+0000] {logging_mixin.py:190} INFO - [2025-04-16T17:16:21.866+0000] {dag.py:4180} INFO - Setting next_dagrun for first_with_python_v3 to 2025-02-28 00:00:00+00:00, run_after=2025-03-01 00:00:00+00:00
[2025-04-16T17:16:21.898+0000] {processor.py:208} INFO - Processing /opt/airflow/dags/dag_with_python_operator.py took 0.188 seconds
[2025-04-16T17:16:52.070+0000] {processor.py:186} INFO - Started process (PID=918) to work on /opt/airflow/dags/dag_with_python_operator.py
[2025-04-16T17:16:52.072+0000] {processor.py:914} INFO - Processing file /opt/airflow/dags/dag_with_python_operator.py for tasks to queue
[2025-04-16T17:16:52.076+0000] {logging_mixin.py:190} INFO - [2025-04-16T17:16:52.075+0000] {dagbag.py:588} INFO - Filling up the DagBag from /opt/airflow/dags/dag_with_python_operator.py
[2025-04-16T17:16:52.103+0000] {processor.py:925} INFO - DAG(s) 'first_with_python_v3' retrieved from /opt/airflow/dags/dag_with_python_operator.py
[2025-04-16T17:16:52.138+0000] {logging_mixin.py:190} INFO - [2025-04-16T17:16:52.137+0000] {dag.py:3239} INFO - Sync 1 DAGs
[2025-04-16T17:16:52.178+0000] {logging_mixin.py:190} INFO - [2025-04-16T17:16:52.177+0000] {dag.py:4180} INFO - Setting next_dagrun for first_with_python_v3 to 2025-02-28 00:00:00+00:00, run_after=2025-03-01 00:00:00+00:00
[2025-04-16T17:16:52.211+0000] {processor.py:208} INFO - Processing /opt/airflow/dags/dag_with_python_operator.py took 0.150 seconds
[2025-04-16T17:17:22.497+0000] {processor.py:186} INFO - Started process (PID=929) to work on /opt/airflow/dags/dag_with_python_operator.py
[2025-04-16T17:17:22.500+0000] {processor.py:914} INFO - Processing file /opt/airflow/dags/dag_with_python_operator.py for tasks to queue
[2025-04-16T17:17:22.504+0000] {logging_mixin.py:190} INFO - [2025-04-16T17:17:22.504+0000] {dagbag.py:588} INFO - Filling up the DagBag from /opt/airflow/dags/dag_with_python_operator.py
[2025-04-16T17:17:22.533+0000] {processor.py:925} INFO - DAG(s) 'first_with_python_v3' retrieved from /opt/airflow/dags/dag_with_python_operator.py
[2025-04-16T17:17:22.572+0000] {logging_mixin.py:190} INFO - [2025-04-16T17:17:22.571+0000] {dag.py:3239} INFO - Sync 1 DAGs
[2025-04-16T17:17:22.612+0000] {logging_mixin.py:190} INFO - [2025-04-16T17:17:22.611+0000] {dag.py:4180} INFO - Setting next_dagrun for first_with_python_v3 to 2025-02-28 00:00:00+00:00, run_after=2025-03-01 00:00:00+00:00
[2025-04-16T17:17:22.645+0000] {processor.py:208} INFO - Processing /opt/airflow/dags/dag_with_python_operator.py took 0.160 seconds
[2025-04-16T17:17:52.845+0000] {processor.py:186} INFO - Started process (PID=940) to work on /opt/airflow/dags/dag_with_python_operator.py
[2025-04-16T17:17:52.848+0000] {processor.py:914} INFO - Processing file /opt/airflow/dags/dag_with_python_operator.py for tasks to queue
[2025-04-16T17:17:52.852+0000] {logging_mixin.py:190} INFO - [2025-04-16T17:17:52.852+0000] {dagbag.py:588} INFO - Filling up the DagBag from /opt/airflow/dags/dag_with_python_operator.py
[2025-04-16T17:17:52.884+0000] {processor.py:925} INFO - DAG(s) 'first_with_python_v3' retrieved from /opt/airflow/dags/dag_with_python_operator.py
[2025-04-16T17:17:52.942+0000] {logging_mixin.py:190} INFO - [2025-04-16T17:17:52.942+0000] {dag.py:3239} INFO - Sync 1 DAGs
[2025-04-16T17:17:52.987+0000] {logging_mixin.py:190} INFO - [2025-04-16T17:17:52.986+0000] {dag.py:4180} INFO - Setting next_dagrun for first_with_python_v3 to 2025-02-28 00:00:00+00:00, run_after=2025-03-01 00:00:00+00:00
[2025-04-16T17:17:53.028+0000] {processor.py:208} INFO - Processing /opt/airflow/dags/dag_with_python_operator.py took 0.197 seconds
[2025-04-16T17:18:23.270+0000] {processor.py:186} INFO - Started process (PID=951) to work on /opt/airflow/dags/dag_with_python_operator.py
[2025-04-16T17:18:23.273+0000] {processor.py:914} INFO - Processing file /opt/airflow/dags/dag_with_python_operator.py for tasks to queue
[2025-04-16T17:18:23.277+0000] {logging_mixin.py:190} INFO - [2025-04-16T17:18:23.277+0000] {dagbag.py:588} INFO - Filling up the DagBag from /opt/airflow/dags/dag_with_python_operator.py
[2025-04-16T17:18:23.304+0000] {processor.py:925} INFO - DAG(s) 'first_with_python_v3' retrieved from /opt/airflow/dags/dag_with_python_operator.py
[2025-04-16T17:18:23.342+0000] {logging_mixin.py:190} INFO - [2025-04-16T17:18:23.342+0000] {dag.py:3239} INFO - Sync 1 DAGs
[2025-04-16T17:18:23.375+0000] {logging_mixin.py:190} INFO - [2025-04-16T17:18:23.374+0000] {dag.py:4180} INFO - Setting next_dagrun for first_with_python_v3 to 2025-02-28 00:00:00+00:00, run_after=2025-03-01 00:00:00+00:00
[2025-04-16T17:18:23.405+0000] {processor.py:208} INFO - Processing /opt/airflow/dags/dag_with_python_operator.py took 0.142 seconds
[2025-04-16T17:18:53.694+0000] {processor.py:186} INFO - Started process (PID=962) to work on /opt/airflow/dags/dag_with_python_operator.py
[2025-04-16T17:18:53.696+0000] {processor.py:914} INFO - Processing file /opt/airflow/dags/dag_with_python_operator.py for tasks to queue
[2025-04-16T17:18:53.702+0000] {logging_mixin.py:190} INFO - [2025-04-16T17:18:53.702+0000] {dagbag.py:588} INFO - Filling up the DagBag from /opt/airflow/dags/dag_with_python_operator.py
[2025-04-16T17:18:53.733+0000] {processor.py:925} INFO - DAG(s) 'first_with_python_v3' retrieved from /opt/airflow/dags/dag_with_python_operator.py
[2025-04-16T17:18:53.775+0000] {logging_mixin.py:190} INFO - [2025-04-16T17:18:53.775+0000] {dag.py:3239} INFO - Sync 1 DAGs
[2025-04-16T17:18:53.807+0000] {logging_mixin.py:190} INFO - [2025-04-16T17:18:53.806+0000] {dag.py:4180} INFO - Setting next_dagrun for first_with_python_v3 to 2025-02-28 00:00:00+00:00, run_after=2025-03-01 00:00:00+00:00
[2025-04-16T17:18:53.830+0000] {processor.py:208} INFO - Processing /opt/airflow/dags/dag_with_python_operator.py took 0.148 seconds
[2025-04-16T17:19:24.033+0000] {processor.py:186} INFO - Started process (PID=973) to work on /opt/airflow/dags/dag_with_python_operator.py
[2025-04-16T17:19:24.036+0000] {processor.py:914} INFO - Processing file /opt/airflow/dags/dag_with_python_operator.py for tasks to queue
[2025-04-16T17:19:24.046+0000] {logging_mixin.py:190} INFO - [2025-04-16T17:19:24.046+0000] {dagbag.py:588} INFO - Filling up the DagBag from /opt/airflow/dags/dag_with_python_operator.py
[2025-04-16T17:19:24.085+0000] {processor.py:925} INFO - DAG(s) 'first_with_python_v3' retrieved from /opt/airflow/dags/dag_with_python_operator.py
[2025-04-16T17:19:24.134+0000] {logging_mixin.py:190} INFO - [2025-04-16T17:19:24.134+0000] {dag.py:3239} INFO - Sync 1 DAGs
[2025-04-16T17:19:24.169+0000] {logging_mixin.py:190} INFO - [2025-04-16T17:19:24.168+0000] {dag.py:4180} INFO - Setting next_dagrun for first_with_python_v3 to 2025-02-28 00:00:00+00:00, run_after=2025-03-01 00:00:00+00:00
[2025-04-16T17:19:24.201+0000] {processor.py:208} INFO - Processing /opt/airflow/dags/dag_with_python_operator.py took 0.177 seconds
[2025-04-16T17:19:54.409+0000] {processor.py:186} INFO - Started process (PID=984) to work on /opt/airflow/dags/dag_with_python_operator.py
[2025-04-16T17:19:54.411+0000] {processor.py:914} INFO - Processing file /opt/airflow/dags/dag_with_python_operator.py for tasks to queue
[2025-04-16T17:19:54.415+0000] {logging_mixin.py:190} INFO - [2025-04-16T17:19:54.415+0000] {dagbag.py:588} INFO - Filling up the DagBag from /opt/airflow/dags/dag_with_python_operator.py
[2025-04-16T17:19:54.456+0000] {processor.py:925} INFO - DAG(s) 'first_with_python_v3' retrieved from /opt/airflow/dags/dag_with_python_operator.py
[2025-04-16T17:19:54.517+0000] {logging_mixin.py:190} INFO - [2025-04-16T17:19:54.516+0000] {dag.py:3239} INFO - Sync 1 DAGs
[2025-04-16T17:19:54.548+0000] {logging_mixin.py:190} INFO - [2025-04-16T17:19:54.548+0000] {dag.py:4180} INFO - Setting next_dagrun for first_with_python_v3 to 2025-02-28 00:00:00+00:00, run_after=2025-03-01 00:00:00+00:00
[2025-04-16T17:19:54.574+0000] {processor.py:208} INFO - Processing /opt/airflow/dags/dag_with_python_operator.py took 0.176 seconds
[2025-04-16T17:20:24.795+0000] {processor.py:186} INFO - Started process (PID=995) to work on /opt/airflow/dags/dag_with_python_operator.py
[2025-04-16T17:20:24.798+0000] {processor.py:914} INFO - Processing file /opt/airflow/dags/dag_with_python_operator.py for tasks to queue
[2025-04-16T17:20:24.802+0000] {logging_mixin.py:190} INFO - [2025-04-16T17:20:24.801+0000] {dagbag.py:588} INFO - Filling up the DagBag from /opt/airflow/dags/dag_with_python_operator.py
[2025-04-16T17:20:24.827+0000] {processor.py:925} INFO - DAG(s) 'first_with_python_v3' retrieved from /opt/airflow/dags/dag_with_python_operator.py
[2025-04-16T17:20:24.864+0000] {logging_mixin.py:190} INFO - [2025-04-16T17:20:24.864+0000] {dag.py:3239} INFO - Sync 1 DAGs
[2025-04-16T17:20:24.897+0000] {logging_mixin.py:190} INFO - [2025-04-16T17:20:24.897+0000] {dag.py:4180} INFO - Setting next_dagrun for first_with_python_v3 to 2025-02-28 00:00:00+00:00, run_after=2025-03-01 00:00:00+00:00
[2025-04-16T17:20:24.926+0000] {processor.py:208} INFO - Processing /opt/airflow/dags/dag_with_python_operator.py took 0.138 seconds
[2025-04-16T17:20:55.197+0000] {processor.py:186} INFO - Started process (PID=1006) to work on /opt/airflow/dags/dag_with_python_operator.py
[2025-04-16T17:20:55.200+0000] {processor.py:914} INFO - Processing file /opt/airflow/dags/dag_with_python_operator.py for tasks to queue
[2025-04-16T17:20:55.204+0000] {logging_mixin.py:190} INFO - [2025-04-16T17:20:55.204+0000] {dagbag.py:588} INFO - Filling up the DagBag from /opt/airflow/dags/dag_with_python_operator.py
[2025-04-16T17:20:55.234+0000] {processor.py:925} INFO - DAG(s) 'first_with_python_v3' retrieved from /opt/airflow/dags/dag_with_python_operator.py
[2025-04-16T17:20:55.270+0000] {logging_mixin.py:190} INFO - [2025-04-16T17:20:55.270+0000] {dag.py:3239} INFO - Sync 1 DAGs
[2025-04-16T17:20:55.301+0000] {logging_mixin.py:190} INFO - [2025-04-16T17:20:55.301+0000] {dag.py:4180} INFO - Setting next_dagrun for first_with_python_v3 to 2025-02-28 00:00:00+00:00, run_after=2025-03-01 00:00:00+00:00
[2025-04-16T17:20:55.327+0000] {processor.py:208} INFO - Processing /opt/airflow/dags/dag_with_python_operator.py took 0.136 seconds
[2025-04-16T17:21:25.531+0000] {processor.py:186} INFO - Started process (PID=1017) to work on /opt/airflow/dags/dag_with_python_operator.py
[2025-04-16T17:21:25.535+0000] {processor.py:914} INFO - Processing file /opt/airflow/dags/dag_with_python_operator.py for tasks to queue
[2025-04-16T17:21:25.539+0000] {logging_mixin.py:190} INFO - [2025-04-16T17:21:25.538+0000] {dagbag.py:588} INFO - Filling up the DagBag from /opt/airflow/dags/dag_with_python_operator.py
[2025-04-16T17:21:25.573+0000] {processor.py:925} INFO - DAG(s) 'first_with_python_v3' retrieved from /opt/airflow/dags/dag_with_python_operator.py
[2025-04-16T17:21:25.611+0000] {logging_mixin.py:190} INFO - [2025-04-16T17:21:25.610+0000] {dag.py:3239} INFO - Sync 1 DAGs
[2025-04-16T17:21:25.644+0000] {logging_mixin.py:190} INFO - [2025-04-16T17:21:25.643+0000] {dag.py:4180} INFO - Setting next_dagrun for first_with_python_v3 to 2025-02-28 00:00:00+00:00, run_after=2025-03-01 00:00:00+00:00
[2025-04-16T17:21:25.668+0000] {processor.py:208} INFO - Processing /opt/airflow/dags/dag_with_python_operator.py took 0.148 seconds
[2025-04-16T17:21:55.937+0000] {processor.py:186} INFO - Started process (PID=1028) to work on /opt/airflow/dags/dag_with_python_operator.py
[2025-04-16T17:21:55.940+0000] {processor.py:914} INFO - Processing file /opt/airflow/dags/dag_with_python_operator.py for tasks to queue
[2025-04-16T17:21:55.945+0000] {logging_mixin.py:190} INFO - [2025-04-16T17:21:55.945+0000] {dagbag.py:588} INFO - Filling up the DagBag from /opt/airflow/dags/dag_with_python_operator.py
[2025-04-16T17:21:55.972+0000] {processor.py:925} INFO - DAG(s) 'first_with_python_v3' retrieved from /opt/airflow/dags/dag_with_python_operator.py
[2025-04-16T17:21:56.013+0000] {logging_mixin.py:190} INFO - [2025-04-16T17:21:56.012+0000] {dag.py:3239} INFO - Sync 1 DAGs
[2025-04-16T17:21:56.044+0000] {logging_mixin.py:190} INFO - [2025-04-16T17:21:56.044+0000] {dag.py:4180} INFO - Setting next_dagrun for first_with_python_v3 to 2025-02-28 00:00:00+00:00, run_after=2025-03-01 00:00:00+00:00
[2025-04-16T17:21:56.069+0000] {processor.py:208} INFO - Processing /opt/airflow/dags/dag_with_python_operator.py took 0.144 seconds
[2025-04-16T17:22:26.289+0000] {processor.py:186} INFO - Started process (PID=1039) to work on /opt/airflow/dags/dag_with_python_operator.py
[2025-04-16T17:22:26.292+0000] {processor.py:914} INFO - Processing file /opt/airflow/dags/dag_with_python_operator.py for tasks to queue
[2025-04-16T17:22:26.296+0000] {logging_mixin.py:190} INFO - [2025-04-16T17:22:26.296+0000] {dagbag.py:588} INFO - Filling up the DagBag from /opt/airflow/dags/dag_with_python_operator.py
[2025-04-16T17:22:26.325+0000] {processor.py:925} INFO - DAG(s) 'first_with_python_v3' retrieved from /opt/airflow/dags/dag_with_python_operator.py
[2025-04-16T17:22:26.365+0000] {logging_mixin.py:190} INFO - [2025-04-16T17:22:26.364+0000] {dag.py:3239} INFO - Sync 1 DAGs
[2025-04-16T17:22:26.399+0000] {logging_mixin.py:190} INFO - [2025-04-16T17:22:26.398+0000] {dag.py:4180} INFO - Setting next_dagrun for first_with_python_v3 to 2025-02-28 00:00:00+00:00, run_after=2025-03-01 00:00:00+00:00
[2025-04-16T17:22:26.427+0000] {processor.py:208} INFO - Processing /opt/airflow/dags/dag_with_python_operator.py took 0.147 seconds
[2025-04-16T17:22:56.699+0000] {processor.py:186} INFO - Started process (PID=1050) to work on /opt/airflow/dags/dag_with_python_operator.py
[2025-04-16T17:22:56.702+0000] {processor.py:914} INFO - Processing file /opt/airflow/dags/dag_with_python_operator.py for tasks to queue
[2025-04-16T17:22:56.708+0000] {logging_mixin.py:190} INFO - [2025-04-16T17:22:56.707+0000] {dagbag.py:588} INFO - Filling up the DagBag from /opt/airflow/dags/dag_with_python_operator.py
[2025-04-16T17:22:56.737+0000] {processor.py:925} INFO - DAG(s) 'first_with_python_v3' retrieved from /opt/airflow/dags/dag_with_python_operator.py
[2025-04-16T17:22:56.771+0000] {logging_mixin.py:190} INFO - [2025-04-16T17:22:56.771+0000] {dag.py:3239} INFO - Sync 1 DAGs
[2025-04-16T17:22:56.813+0000] {logging_mixin.py:190} INFO - [2025-04-16T17:22:56.812+0000] {dag.py:4180} INFO - Setting next_dagrun for first_with_python_v3 to 2025-02-28 00:00:00+00:00, run_after=2025-03-01 00:00:00+00:00
[2025-04-16T17:22:56.836+0000] {processor.py:208} INFO - Processing /opt/airflow/dags/dag_with_python_operator.py took 0.150 seconds
[2025-04-16T17:23:27.042+0000] {processor.py:186} INFO - Started process (PID=1061) to work on /opt/airflow/dags/dag_with_python_operator.py
[2025-04-16T17:23:27.045+0000] {processor.py:914} INFO - Processing file /opt/airflow/dags/dag_with_python_operator.py for tasks to queue
[2025-04-16T17:23:27.048+0000] {logging_mixin.py:190} INFO - [2025-04-16T17:23:27.048+0000] {dagbag.py:588} INFO - Filling up the DagBag from /opt/airflow/dags/dag_with_python_operator.py
[2025-04-16T17:23:27.074+0000] {processor.py:925} INFO - DAG(s) 'first_with_python_v3' retrieved from /opt/airflow/dags/dag_with_python_operator.py
[2025-04-16T17:23:27.109+0000] {logging_mixin.py:190} INFO - [2025-04-16T17:23:27.108+0000] {dag.py:3239} INFO - Sync 1 DAGs
[2025-04-16T17:23:27.141+0000] {logging_mixin.py:190} INFO - [2025-04-16T17:23:27.140+0000] {dag.py:4180} INFO - Setting next_dagrun for first_with_python_v3 to 2025-02-28 00:00:00+00:00, run_after=2025-03-01 00:00:00+00:00
[2025-04-16T17:23:27.167+0000] {processor.py:208} INFO - Processing /opt/airflow/dags/dag_with_python_operator.py took 0.133 seconds
[2025-04-16T17:23:57.506+0000] {processor.py:186} INFO - Started process (PID=1072) to work on /opt/airflow/dags/dag_with_python_operator.py
[2025-04-16T17:23:57.508+0000] {processor.py:914} INFO - Processing file /opt/airflow/dags/dag_with_python_operator.py for tasks to queue
[2025-04-16T17:23:57.513+0000] {logging_mixin.py:190} INFO - [2025-04-16T17:23:57.513+0000] {dagbag.py:588} INFO - Filling up the DagBag from /opt/airflow/dags/dag_with_python_operator.py
[2025-04-16T17:23:57.539+0000] {processor.py:925} INFO - DAG(s) 'first_with_python_v3' retrieved from /opt/airflow/dags/dag_with_python_operator.py
[2025-04-16T17:23:57.580+0000] {logging_mixin.py:190} INFO - [2025-04-16T17:23:57.580+0000] {dag.py:3239} INFO - Sync 1 DAGs
[2025-04-16T17:23:57.613+0000] {logging_mixin.py:190} INFO - [2025-04-16T17:23:57.613+0000] {dag.py:4180} INFO - Setting next_dagrun for first_with_python_v3 to 2025-02-28 00:00:00+00:00, run_after=2025-03-01 00:00:00+00:00
[2025-04-16T17:23:57.638+0000] {processor.py:208} INFO - Processing /opt/airflow/dags/dag_with_python_operator.py took 0.140 seconds
[2025-04-16T17:24:27.813+0000] {processor.py:186} INFO - Started process (PID=1083) to work on /opt/airflow/dags/dag_with_python_operator.py
[2025-04-16T17:24:27.816+0000] {processor.py:914} INFO - Processing file /opt/airflow/dags/dag_with_python_operator.py for tasks to queue
[2025-04-16T17:24:27.821+0000] {logging_mixin.py:190} INFO - [2025-04-16T17:24:27.821+0000] {dagbag.py:588} INFO - Filling up the DagBag from /opt/airflow/dags/dag_with_python_operator.py
[2025-04-16T17:24:27.848+0000] {processor.py:925} INFO - DAG(s) 'first_with_python_v3' retrieved from /opt/airflow/dags/dag_with_python_operator.py
[2025-04-16T17:24:27.882+0000] {logging_mixin.py:190} INFO - [2025-04-16T17:24:27.882+0000] {dag.py:3239} INFO - Sync 1 DAGs
[2025-04-16T17:24:27.920+0000] {logging_mixin.py:190} INFO - [2025-04-16T17:24:27.920+0000] {dag.py:4180} INFO - Setting next_dagrun for first_with_python_v3 to 2025-02-28 00:00:00+00:00, run_after=2025-03-01 00:00:00+00:00
[2025-04-16T17:24:27.947+0000] {processor.py:208} INFO - Processing /opt/airflow/dags/dag_with_python_operator.py took 0.145 seconds
[2025-04-16T17:24:58.263+0000] {processor.py:186} INFO - Started process (PID=1094) to work on /opt/airflow/dags/dag_with_python_operator.py
[2025-04-16T17:24:58.266+0000] {processor.py:914} INFO - Processing file /opt/airflow/dags/dag_with_python_operator.py for tasks to queue
[2025-04-16T17:24:58.272+0000] {logging_mixin.py:190} INFO - [2025-04-16T17:24:58.271+0000] {dagbag.py:588} INFO - Filling up the DagBag from /opt/airflow/dags/dag_with_python_operator.py
[2025-04-16T17:24:58.296+0000] {processor.py:925} INFO - DAG(s) 'first_with_python_v3' retrieved from /opt/airflow/dags/dag_with_python_operator.py
[2025-04-16T17:24:58.326+0000] {logging_mixin.py:190} INFO - [2025-04-16T17:24:58.326+0000] {dag.py:3239} INFO - Sync 1 DAGs
[2025-04-16T17:24:58.354+0000] {logging_mixin.py:190} INFO - [2025-04-16T17:24:58.354+0000] {dag.py:4180} INFO - Setting next_dagrun for first_with_python_v3 to 2025-02-28 00:00:00+00:00, run_after=2025-03-01 00:00:00+00:00
[2025-04-16T17:24:58.378+0000] {processor.py:208} INFO - Processing /opt/airflow/dags/dag_with_python_operator.py took 0.123 seconds
[2025-04-16T17:25:28.601+0000] {processor.py:186} INFO - Started process (PID=1105) to work on /opt/airflow/dags/dag_with_python_operator.py
[2025-04-16T17:25:28.604+0000] {processor.py:914} INFO - Processing file /opt/airflow/dags/dag_with_python_operator.py for tasks to queue
[2025-04-16T17:25:28.609+0000] {logging_mixin.py:190} INFO - [2025-04-16T17:25:28.609+0000] {dagbag.py:588} INFO - Filling up the DagBag from /opt/airflow/dags/dag_with_python_operator.py
[2025-04-16T17:25:28.637+0000] {processor.py:925} INFO - DAG(s) 'first_with_python_v3' retrieved from /opt/airflow/dags/dag_with_python_operator.py
[2025-04-16T17:25:28.674+0000] {logging_mixin.py:190} INFO - [2025-04-16T17:25:28.674+0000] {dag.py:3239} INFO - Sync 1 DAGs
[2025-04-16T17:25:28.703+0000] {logging_mixin.py:190} INFO - [2025-04-16T17:25:28.703+0000] {dag.py:4180} INFO - Setting next_dagrun for first_with_python_v3 to 2025-02-28 00:00:00+00:00, run_after=2025-03-01 00:00:00+00:00
[2025-04-16T17:25:28.731+0000] {processor.py:208} INFO - Processing /opt/airflow/dags/dag_with_python_operator.py took 0.140 seconds
[2025-04-16T17:25:59.000+0000] {processor.py:186} INFO - Started process (PID=1116) to work on /opt/airflow/dags/dag_with_python_operator.py
[2025-04-16T17:25:59.003+0000] {processor.py:914} INFO - Processing file /opt/airflow/dags/dag_with_python_operator.py for tasks to queue
[2025-04-16T17:25:59.011+0000] {logging_mixin.py:190} INFO - [2025-04-16T17:25:59.010+0000] {dagbag.py:588} INFO - Filling up the DagBag from /opt/airflow/dags/dag_with_python_operator.py
[2025-04-16T17:25:59.044+0000] {processor.py:925} INFO - DAG(s) 'first_with_python_v3' retrieved from /opt/airflow/dags/dag_with_python_operator.py
[2025-04-16T17:25:59.079+0000] {logging_mixin.py:190} INFO - [2025-04-16T17:25:59.078+0000] {dag.py:3239} INFO - Sync 1 DAGs
[2025-04-16T17:25:59.117+0000] {logging_mixin.py:190} INFO - [2025-04-16T17:25:59.116+0000] {dag.py:4180} INFO - Setting next_dagrun for first_with_python_v3 to 2025-02-28 00:00:00+00:00, run_after=2025-03-01 00:00:00+00:00
[2025-04-16T17:25:59.145+0000] {processor.py:208} INFO - Processing /opt/airflow/dags/dag_with_python_operator.py took 0.158 seconds
[2025-04-16T17:26:29.357+0000] {processor.py:186} INFO - Started process (PID=1127) to work on /opt/airflow/dags/dag_with_python_operator.py
[2025-04-16T17:26:29.359+0000] {processor.py:914} INFO - Processing file /opt/airflow/dags/dag_with_python_operator.py for tasks to queue
[2025-04-16T17:26:29.364+0000] {logging_mixin.py:190} INFO - [2025-04-16T17:26:29.363+0000] {dagbag.py:588} INFO - Filling up the DagBag from /opt/airflow/dags/dag_with_python_operator.py
[2025-04-16T17:26:29.389+0000] {processor.py:925} INFO - DAG(s) 'first_with_python_v3' retrieved from /opt/airflow/dags/dag_with_python_operator.py
[2025-04-16T17:26:29.427+0000] {logging_mixin.py:190} INFO - [2025-04-16T17:26:29.426+0000] {dag.py:3239} INFO - Sync 1 DAGs
[2025-04-16T17:26:29.462+0000] {logging_mixin.py:190} INFO - [2025-04-16T17:26:29.461+0000] {dag.py:4180} INFO - Setting next_dagrun for first_with_python_v3 to 2025-02-28 00:00:00+00:00, run_after=2025-03-01 00:00:00+00:00
[2025-04-16T17:26:29.489+0000] {processor.py:208} INFO - Processing /opt/airflow/dags/dag_with_python_operator.py took 0.141 seconds
[2025-04-16T17:26:59.754+0000] {processor.py:186} INFO - Started process (PID=1138) to work on /opt/airflow/dags/dag_with_python_operator.py
[2025-04-16T17:26:59.757+0000] {processor.py:914} INFO - Processing file /opt/airflow/dags/dag_with_python_operator.py for tasks to queue
[2025-04-16T17:26:59.763+0000] {logging_mixin.py:190} INFO - [2025-04-16T17:26:59.762+0000] {dagbag.py:588} INFO - Filling up the DagBag from /opt/airflow/dags/dag_with_python_operator.py
[2025-04-16T17:26:59.788+0000] {processor.py:925} INFO - DAG(s) 'first_with_python_v3' retrieved from /opt/airflow/dags/dag_with_python_operator.py
[2025-04-16T17:26:59.828+0000] {logging_mixin.py:190} INFO - [2025-04-16T17:26:59.827+0000] {dag.py:3239} INFO - Sync 1 DAGs
[2025-04-16T17:26:59.860+0000] {logging_mixin.py:190} INFO - [2025-04-16T17:26:59.859+0000] {dag.py:4180} INFO - Setting next_dagrun for first_with_python_v3 to 2025-02-28 00:00:00+00:00, run_after=2025-03-01 00:00:00+00:00
[2025-04-16T17:26:59.886+0000] {processor.py:208} INFO - Processing /opt/airflow/dags/dag_with_python_operator.py took 0.139 seconds
[2025-04-16T17:27:30.092+0000] {processor.py:186} INFO - Started process (PID=1149) to work on /opt/airflow/dags/dag_with_python_operator.py
[2025-04-16T17:27:30.094+0000] {processor.py:914} INFO - Processing file /opt/airflow/dags/dag_with_python_operator.py for tasks to queue
[2025-04-16T17:27:30.099+0000] {logging_mixin.py:190} INFO - [2025-04-16T17:27:30.098+0000] {dagbag.py:588} INFO - Filling up the DagBag from /opt/airflow/dags/dag_with_python_operator.py
[2025-04-16T17:27:30.129+0000] {processor.py:925} INFO - DAG(s) 'first_with_python_v3' retrieved from /opt/airflow/dags/dag_with_python_operator.py
[2025-04-16T17:27:30.172+0000] {logging_mixin.py:190} INFO - [2025-04-16T17:27:30.172+0000] {dag.py:3239} INFO - Sync 1 DAGs
[2025-04-16T17:27:30.201+0000] {logging_mixin.py:190} INFO - [2025-04-16T17:27:30.201+0000] {dag.py:4180} INFO - Setting next_dagrun for first_with_python_v3 to 2025-02-28 00:00:00+00:00, run_after=2025-03-01 00:00:00+00:00
[2025-04-16T17:27:30.226+0000] {processor.py:208} INFO - Processing /opt/airflow/dags/dag_with_python_operator.py took 0.146 seconds
[2025-04-16T17:28:00.496+0000] {processor.py:186} INFO - Started process (PID=1160) to work on /opt/airflow/dags/dag_with_python_operator.py
[2025-04-16T17:28:00.498+0000] {processor.py:914} INFO - Processing file /opt/airflow/dags/dag_with_python_operator.py for tasks to queue
[2025-04-16T17:28:00.503+0000] {logging_mixin.py:190} INFO - [2025-04-16T17:28:00.502+0000] {dagbag.py:588} INFO - Filling up the DagBag from /opt/airflow/dags/dag_with_python_operator.py
[2025-04-16T17:28:00.531+0000] {processor.py:925} INFO - DAG(s) 'first_with_python_v3' retrieved from /opt/airflow/dags/dag_with_python_operator.py
[2025-04-16T17:28:00.568+0000] {logging_mixin.py:190} INFO - [2025-04-16T17:28:00.567+0000] {dag.py:3239} INFO - Sync 1 DAGs
[2025-04-16T17:28:00.604+0000] {logging_mixin.py:190} INFO - [2025-04-16T17:28:00.603+0000] {dag.py:4180} INFO - Setting next_dagrun for first_with_python_v3 to 2025-02-28 00:00:00+00:00, run_after=2025-03-01 00:00:00+00:00
[2025-04-16T17:28:00.632+0000] {processor.py:208} INFO - Processing /opt/airflow/dags/dag_with_python_operator.py took 0.144 seconds
[2025-04-16T17:28:30.835+0000] {processor.py:186} INFO - Started process (PID=1170) to work on /opt/airflow/dags/dag_with_python_operator.py
[2025-04-16T17:28:30.837+0000] {processor.py:914} INFO - Processing file /opt/airflow/dags/dag_with_python_operator.py for tasks to queue
[2025-04-16T17:28:30.842+0000] {logging_mixin.py:190} INFO - [2025-04-16T17:28:30.842+0000] {dagbag.py:588} INFO - Filling up the DagBag from /opt/airflow/dags/dag_with_python_operator.py
[2025-04-16T17:28:30.865+0000] {processor.py:925} INFO - DAG(s) 'first_with_python_v3' retrieved from /opt/airflow/dags/dag_with_python_operator.py
[2025-04-16T17:28:30.900+0000] {logging_mixin.py:190} INFO - [2025-04-16T17:28:30.900+0000] {dag.py:3239} INFO - Sync 1 DAGs
[2025-04-16T17:28:30.937+0000] {logging_mixin.py:190} INFO - [2025-04-16T17:28:30.937+0000] {dag.py:4180} INFO - Setting next_dagrun for first_with_python_v3 to 2025-02-28 00:00:00+00:00, run_after=2025-03-01 00:00:00+00:00
[2025-04-16T17:28:30.966+0000] {processor.py:208} INFO - Processing /opt/airflow/dags/dag_with_python_operator.py took 0.138 seconds
[2025-04-16T17:29:01.223+0000] {processor.py:186} INFO - Started process (PID=1181) to work on /opt/airflow/dags/dag_with_python_operator.py
[2025-04-16T17:29:01.225+0000] {processor.py:914} INFO - Processing file /opt/airflow/dags/dag_with_python_operator.py for tasks to queue
[2025-04-16T17:29:01.231+0000] {logging_mixin.py:190} INFO - [2025-04-16T17:29:01.230+0000] {dagbag.py:588} INFO - Filling up the DagBag from /opt/airflow/dags/dag_with_python_operator.py
[2025-04-16T17:29:01.260+0000] {processor.py:925} INFO - DAG(s) 'first_with_python_v3' retrieved from /opt/airflow/dags/dag_with_python_operator.py
[2025-04-16T17:29:01.297+0000] {logging_mixin.py:190} INFO - [2025-04-16T17:29:01.297+0000] {dag.py:3239} INFO - Sync 1 DAGs
[2025-04-16T17:29:01.330+0000] {logging_mixin.py:190} INFO - [2025-04-16T17:29:01.330+0000] {dag.py:4180} INFO - Setting next_dagrun for first_with_python_v3 to 2025-02-28 00:00:00+00:00, run_after=2025-03-01 00:00:00+00:00
[2025-04-16T17:29:01.355+0000] {processor.py:208} INFO - Processing /opt/airflow/dags/dag_with_python_operator.py took 0.141 seconds
[2025-04-16T17:29:31.548+0000] {processor.py:186} INFO - Started process (PID=1192) to work on /opt/airflow/dags/dag_with_python_operator.py
[2025-04-16T17:29:31.551+0000] {processor.py:914} INFO - Processing file /opt/airflow/dags/dag_with_python_operator.py for tasks to queue
[2025-04-16T17:29:31.555+0000] {logging_mixin.py:190} INFO - [2025-04-16T17:29:31.555+0000] {dagbag.py:588} INFO - Filling up the DagBag from /opt/airflow/dags/dag_with_python_operator.py
[2025-04-16T17:29:31.580+0000] {processor.py:925} INFO - DAG(s) 'first_with_python_v3' retrieved from /opt/airflow/dags/dag_with_python_operator.py
[2025-04-16T17:29:31.616+0000] {logging_mixin.py:190} INFO - [2025-04-16T17:29:31.616+0000] {dag.py:3239} INFO - Sync 1 DAGs
[2025-04-16T17:29:31.650+0000] {logging_mixin.py:190} INFO - [2025-04-16T17:29:31.649+0000] {dag.py:4180} INFO - Setting next_dagrun for first_with_python_v3 to 2025-02-28 00:00:00+00:00, run_after=2025-03-01 00:00:00+00:00
[2025-04-16T17:29:31.678+0000] {processor.py:208} INFO - Processing /opt/airflow/dags/dag_with_python_operator.py took 0.136 seconds
[2025-04-16T17:30:01.927+0000] {processor.py:186} INFO - Started process (PID=1203) to work on /opt/airflow/dags/dag_with_python_operator.py
[2025-04-16T17:30:01.929+0000] {processor.py:914} INFO - Processing file /opt/airflow/dags/dag_with_python_operator.py for tasks to queue
[2025-04-16T17:30:01.933+0000] {logging_mixin.py:190} INFO - [2025-04-16T17:30:01.933+0000] {dagbag.py:588} INFO - Filling up the DagBag from /opt/airflow/dags/dag_with_python_operator.py
[2025-04-16T17:30:01.959+0000] {processor.py:925} INFO - DAG(s) 'first_with_python_v3' retrieved from /opt/airflow/dags/dag_with_python_operator.py
[2025-04-16T17:30:02.007+0000] {logging_mixin.py:190} INFO - [2025-04-16T17:30:02.007+0000] {dag.py:3239} INFO - Sync 1 DAGs
[2025-04-16T17:30:02.046+0000] {logging_mixin.py:190} INFO - [2025-04-16T17:30:02.043+0000] {dag.py:4180} INFO - Setting next_dagrun for first_with_python_v3 to 2025-02-28 00:00:00+00:00, run_after=2025-03-01 00:00:00+00:00
[2025-04-16T17:30:02.075+0000] {processor.py:208} INFO - Processing /opt/airflow/dags/dag_with_python_operator.py took 0.156 seconds
[2025-04-16T17:30:32.285+0000] {processor.py:186} INFO - Started process (PID=1214) to work on /opt/airflow/dags/dag_with_python_operator.py
[2025-04-16T17:30:32.288+0000] {processor.py:914} INFO - Processing file /opt/airflow/dags/dag_with_python_operator.py for tasks to queue
[2025-04-16T17:30:32.291+0000] {logging_mixin.py:190} INFO - [2025-04-16T17:30:32.291+0000] {dagbag.py:588} INFO - Filling up the DagBag from /opt/airflow/dags/dag_with_python_operator.py
[2025-04-16T17:30:32.329+0000] {processor.py:925} INFO - DAG(s) 'first_with_python_v3' retrieved from /opt/airflow/dags/dag_with_python_operator.py
[2025-04-16T17:30:32.368+0000] {logging_mixin.py:190} INFO - [2025-04-16T17:30:32.368+0000] {dag.py:3239} INFO - Sync 1 DAGs
[2025-04-16T17:30:32.404+0000] {logging_mixin.py:190} INFO - [2025-04-16T17:30:32.404+0000] {dag.py:4180} INFO - Setting next_dagrun for first_with_python_v3 to 2025-02-28 00:00:00+00:00, run_after=2025-03-01 00:00:00+00:00
[2025-04-16T17:30:32.432+0000] {processor.py:208} INFO - Processing /opt/airflow/dags/dag_with_python_operator.py took 0.156 seconds
[2025-04-16T17:31:02.700+0000] {processor.py:186} INFO - Started process (PID=1225) to work on /opt/airflow/dags/dag_with_python_operator.py
[2025-04-16T17:31:02.703+0000] {processor.py:914} INFO - Processing file /opt/airflow/dags/dag_with_python_operator.py for tasks to queue
[2025-04-16T17:31:02.707+0000] {logging_mixin.py:190} INFO - [2025-04-16T17:31:02.707+0000] {dagbag.py:588} INFO - Filling up the DagBag from /opt/airflow/dags/dag_with_python_operator.py
[2025-04-16T17:31:02.742+0000] {processor.py:925} INFO - DAG(s) 'first_with_python_v3' retrieved from /opt/airflow/dags/dag_with_python_operator.py
[2025-04-16T17:31:02.782+0000] {logging_mixin.py:190} INFO - [2025-04-16T17:31:02.782+0000] {dag.py:3239} INFO - Sync 1 DAGs
[2025-04-16T17:31:02.823+0000] {logging_mixin.py:190} INFO - [2025-04-16T17:31:02.823+0000] {dag.py:4180} INFO - Setting next_dagrun for first_with_python_v3 to 2025-02-28 00:00:00+00:00, run_after=2025-03-01 00:00:00+00:00
[2025-04-16T17:31:02.852+0000] {processor.py:208} INFO - Processing /opt/airflow/dags/dag_with_python_operator.py took 0.165 seconds
[2025-04-16T17:31:32.985+0000] {processor.py:186} INFO - Started process (PID=1236) to work on /opt/airflow/dags/dag_with_python_operator.py
[2025-04-16T17:31:32.987+0000] {processor.py:914} INFO - Processing file /opt/airflow/dags/dag_with_python_operator.py for tasks to queue
[2025-04-16T17:31:32.991+0000] {logging_mixin.py:190} INFO - [2025-04-16T17:31:32.990+0000] {dagbag.py:588} INFO - Filling up the DagBag from /opt/airflow/dags/dag_with_python_operator.py
[2025-04-16T17:31:33.019+0000] {processor.py:925} INFO - DAG(s) 'first_with_python_v3' retrieved from /opt/airflow/dags/dag_with_python_operator.py
[2025-04-16T17:31:33.060+0000] {logging_mixin.py:190} INFO - [2025-04-16T17:31:33.059+0000] {dag.py:3239} INFO - Sync 1 DAGs
[2025-04-16T17:31:33.098+0000] {logging_mixin.py:190} INFO - [2025-04-16T17:31:33.098+0000] {dag.py:4180} INFO - Setting next_dagrun for first_with_python_v3 to 2025-02-28 00:00:00+00:00, run_after=2025-03-01 00:00:00+00:00
[2025-04-16T17:31:33.128+0000] {processor.py:208} INFO - Processing /opt/airflow/dags/dag_with_python_operator.py took 0.151 seconds
[2025-04-16T17:32:03.449+0000] {processor.py:186} INFO - Started process (PID=1247) to work on /opt/airflow/dags/dag_with_python_operator.py
[2025-04-16T17:32:03.451+0000] {processor.py:914} INFO - Processing file /opt/airflow/dags/dag_with_python_operator.py for tasks to queue
[2025-04-16T17:32:03.455+0000] {logging_mixin.py:190} INFO - [2025-04-16T17:32:03.455+0000] {dagbag.py:588} INFO - Filling up the DagBag from /opt/airflow/dags/dag_with_python_operator.py
[2025-04-16T17:32:03.481+0000] {processor.py:925} INFO - DAG(s) 'first_with_python_v3' retrieved from /opt/airflow/dags/dag_with_python_operator.py
[2025-04-16T17:32:03.518+0000] {logging_mixin.py:190} INFO - [2025-04-16T17:32:03.518+0000] {dag.py:3239} INFO - Sync 1 DAGs
[2025-04-16T17:32:03.551+0000] {logging_mixin.py:190} INFO - [2025-04-16T17:32:03.550+0000] {dag.py:4180} INFO - Setting next_dagrun for first_with_python_v3 to 2025-02-28 00:00:00+00:00, run_after=2025-03-01 00:00:00+00:00
[2025-04-16T17:32:03.578+0000] {processor.py:208} INFO - Processing /opt/airflow/dags/dag_with_python_operator.py took 0.138 seconds
[2025-04-16T17:32:33.779+0000] {processor.py:186} INFO - Started process (PID=1258) to work on /opt/airflow/dags/dag_with_python_operator.py
[2025-04-16T17:32:33.781+0000] {processor.py:914} INFO - Processing file /opt/airflow/dags/dag_with_python_operator.py for tasks to queue
[2025-04-16T17:32:33.787+0000] {logging_mixin.py:190} INFO - [2025-04-16T17:32:33.787+0000] {dagbag.py:588} INFO - Filling up the DagBag from /opt/airflow/dags/dag_with_python_operator.py
[2025-04-16T17:32:33.812+0000] {processor.py:925} INFO - DAG(s) 'first_with_python_v3' retrieved from /opt/airflow/dags/dag_with_python_operator.py
[2025-04-16T17:32:33.847+0000] {logging_mixin.py:190} INFO - [2025-04-16T17:32:33.847+0000] {dag.py:3239} INFO - Sync 1 DAGs
[2025-04-16T17:32:33.879+0000] {logging_mixin.py:190} INFO - [2025-04-16T17:32:33.878+0000] {dag.py:4180} INFO - Setting next_dagrun for first_with_python_v3 to 2025-02-28 00:00:00+00:00, run_after=2025-03-01 00:00:00+00:00
[2025-04-16T17:32:33.906+0000] {processor.py:208} INFO - Processing /opt/airflow/dags/dag_with_python_operator.py took 0.139 seconds
[2025-04-16T17:33:04.182+0000] {processor.py:186} INFO - Started process (PID=1269) to work on /opt/airflow/dags/dag_with_python_operator.py
[2025-04-16T17:33:04.185+0000] {processor.py:914} INFO - Processing file /opt/airflow/dags/dag_with_python_operator.py for tasks to queue
[2025-04-16T17:33:04.190+0000] {logging_mixin.py:190} INFO - [2025-04-16T17:33:04.189+0000] {dagbag.py:588} INFO - Filling up the DagBag from /opt/airflow/dags/dag_with_python_operator.py
[2025-04-16T17:33:04.221+0000] {processor.py:925} INFO - DAG(s) 'first_with_python_v3' retrieved from /opt/airflow/dags/dag_with_python_operator.py
[2025-04-16T17:33:04.253+0000] {logging_mixin.py:190} INFO - [2025-04-16T17:33:04.253+0000] {dag.py:3239} INFO - Sync 1 DAGs
[2025-04-16T17:33:04.282+0000] {logging_mixin.py:190} INFO - [2025-04-16T17:33:04.282+0000] {dag.py:4180} INFO - Setting next_dagrun for first_with_python_v3 to 2025-02-28 00:00:00+00:00, run_after=2025-03-01 00:00:00+00:00
[2025-04-16T17:33:04.309+0000] {processor.py:208} INFO - Processing /opt/airflow/dags/dag_with_python_operator.py took 0.135 seconds
[2025-04-16T17:33:34.544+0000] {processor.py:186} INFO - Started process (PID=1280) to work on /opt/airflow/dags/dag_with_python_operator.py
[2025-04-16T17:33:34.547+0000] {processor.py:914} INFO - Processing file /opt/airflow/dags/dag_with_python_operator.py for tasks to queue
[2025-04-16T17:33:34.551+0000] {logging_mixin.py:190} INFO - [2025-04-16T17:33:34.551+0000] {dagbag.py:588} INFO - Filling up the DagBag from /opt/airflow/dags/dag_with_python_operator.py
[2025-04-16T17:33:34.580+0000] {processor.py:925} INFO - DAG(s) 'first_with_python_v3' retrieved from /opt/airflow/dags/dag_with_python_operator.py
[2025-04-16T17:33:34.616+0000] {logging_mixin.py:190} INFO - [2025-04-16T17:33:34.616+0000] {dag.py:3239} INFO - Sync 1 DAGs
[2025-04-16T17:33:34.648+0000] {logging_mixin.py:190} INFO - [2025-04-16T17:33:34.648+0000] {dag.py:4180} INFO - Setting next_dagrun for first_with_python_v3 to 2025-02-28 00:00:00+00:00, run_after=2025-03-01 00:00:00+00:00
[2025-04-16T17:33:34.681+0000] {processor.py:208} INFO - Processing /opt/airflow/dags/dag_with_python_operator.py took 0.147 seconds
[2025-04-16T17:34:04.907+0000] {processor.py:186} INFO - Started process (PID=1291) to work on /opt/airflow/dags/dag_with_python_operator.py
[2025-04-16T17:34:04.910+0000] {processor.py:914} INFO - Processing file /opt/airflow/dags/dag_with_python_operator.py for tasks to queue
[2025-04-16T17:34:04.915+0000] {logging_mixin.py:190} INFO - [2025-04-16T17:34:04.915+0000] {dagbag.py:588} INFO - Filling up the DagBag from /opt/airflow/dags/dag_with_python_operator.py
[2025-04-16T17:34:04.944+0000] {processor.py:925} INFO - DAG(s) 'first_with_python_v3' retrieved from /opt/airflow/dags/dag_with_python_operator.py
[2025-04-16T17:34:04.977+0000] {logging_mixin.py:190} INFO - [2025-04-16T17:34:04.976+0000] {dag.py:3239} INFO - Sync 1 DAGs
[2025-04-16T17:34:05.003+0000] {logging_mixin.py:190} INFO - [2025-04-16T17:34:05.003+0000] {dag.py:4180} INFO - Setting next_dagrun for first_with_python_v3 to 2025-02-28 00:00:00+00:00, run_after=2025-03-01 00:00:00+00:00
[2025-04-16T17:34:05.027+0000] {processor.py:208} INFO - Processing /opt/airflow/dags/dag_with_python_operator.py took 0.133 seconds
[2025-04-16T17:34:35.281+0000] {processor.py:186} INFO - Started process (PID=1302) to work on /opt/airflow/dags/dag_with_python_operator.py
[2025-04-16T17:34:35.286+0000] {processor.py:914} INFO - Processing file /opt/airflow/dags/dag_with_python_operator.py for tasks to queue
[2025-04-16T17:34:35.293+0000] {logging_mixin.py:190} INFO - [2025-04-16T17:34:35.293+0000] {dagbag.py:588} INFO - Filling up the DagBag from /opt/airflow/dags/dag_with_python_operator.py
[2025-04-16T17:34:35.335+0000] {processor.py:925} INFO - DAG(s) 'first_with_python_v3' retrieved from /opt/airflow/dags/dag_with_python_operator.py
[2025-04-16T17:34:35.381+0000] {logging_mixin.py:190} INFO - [2025-04-16T17:34:35.380+0000] {dag.py:3239} INFO - Sync 1 DAGs
[2025-04-16T17:34:35.425+0000] {logging_mixin.py:190} INFO - [2025-04-16T17:34:35.424+0000] {dag.py:4180} INFO - Setting next_dagrun for first_with_python_v3 to 2025-02-28 00:00:00+00:00, run_after=2025-03-01 00:00:00+00:00
[2025-04-16T17:34:35.467+0000] {processor.py:208} INFO - Processing /opt/airflow/dags/dag_with_python_operator.py took 0.196 seconds
[2025-04-16T17:35:05.628+0000] {processor.py:186} INFO - Started process (PID=1313) to work on /opt/airflow/dags/dag_with_python_operator.py
[2025-04-16T17:35:05.630+0000] {processor.py:914} INFO - Processing file /opt/airflow/dags/dag_with_python_operator.py for tasks to queue
[2025-04-16T17:35:05.634+0000] {logging_mixin.py:190} INFO - [2025-04-16T17:35:05.634+0000] {dagbag.py:588} INFO - Filling up the DagBag from /opt/airflow/dags/dag_with_python_operator.py
[2025-04-16T17:35:05.662+0000] {processor.py:925} INFO - DAG(s) 'first_with_python_v3' retrieved from /opt/airflow/dags/dag_with_python_operator.py
[2025-04-16T17:35:05.712+0000] {logging_mixin.py:190} INFO - [2025-04-16T17:35:05.712+0000] {dag.py:3239} INFO - Sync 1 DAGs
[2025-04-16T17:35:05.749+0000] {logging_mixin.py:190} INFO - [2025-04-16T17:35:05.748+0000] {dag.py:4180} INFO - Setting next_dagrun for first_with_python_v3 to 2025-02-28 00:00:00+00:00, run_after=2025-03-01 00:00:00+00:00
[2025-04-16T17:35:05.775+0000] {processor.py:208} INFO - Processing /opt/airflow/dags/dag_with_python_operator.py took 0.156 seconds
[2025-04-16T17:35:36.098+0000] {processor.py:186} INFO - Started process (PID=1329) to work on /opt/airflow/dags/dag_with_python_operator.py
[2025-04-16T17:35:36.101+0000] {processor.py:914} INFO - Processing file /opt/airflow/dags/dag_with_python_operator.py for tasks to queue
[2025-04-16T17:35:36.105+0000] {logging_mixin.py:190} INFO - [2025-04-16T17:35:36.104+0000] {dagbag.py:588} INFO - Filling up the DagBag from /opt/airflow/dags/dag_with_python_operator.py
[2025-04-16T17:35:36.131+0000] {processor.py:925} INFO - DAG(s) 'first_with_python_v3' retrieved from /opt/airflow/dags/dag_with_python_operator.py
[2025-04-16T17:35:36.167+0000] {logging_mixin.py:190} INFO - [2025-04-16T17:35:36.167+0000] {dag.py:3239} INFO - Sync 1 DAGs
[2025-04-16T17:35:36.200+0000] {logging_mixin.py:190} INFO - [2025-04-16T17:35:36.199+0000] {dag.py:4180} INFO - Setting next_dagrun for first_with_python_v3 to 2025-02-28 00:00:00+00:00, run_after=2025-03-01 00:00:00+00:00
[2025-04-16T17:35:36.225+0000] {processor.py:208} INFO - Processing /opt/airflow/dags/dag_with_python_operator.py took 0.136 seconds
[2025-04-16T17:36:06.393+0000] {processor.py:186} INFO - Started process (PID=1340) to work on /opt/airflow/dags/dag_with_python_operator.py
[2025-04-16T17:36:06.396+0000] {processor.py:914} INFO - Processing file /opt/airflow/dags/dag_with_python_operator.py for tasks to queue
[2025-04-16T17:36:06.401+0000] {logging_mixin.py:190} INFO - [2025-04-16T17:36:06.401+0000] {dagbag.py:588} INFO - Filling up the DagBag from /opt/airflow/dags/dag_with_python_operator.py
[2025-04-16T17:36:06.432+0000] {processor.py:925} INFO - DAG(s) 'first_with_python_v3' retrieved from /opt/airflow/dags/dag_with_python_operator.py
[2025-04-16T17:36:06.476+0000] {logging_mixin.py:190} INFO - [2025-04-16T17:36:06.475+0000] {dag.py:3239} INFO - Sync 1 DAGs
[2025-04-16T17:36:06.512+0000] {logging_mixin.py:190} INFO - [2025-04-16T17:36:06.512+0000] {dag.py:4180} INFO - Setting next_dagrun for first_with_python_v3 to 2025-02-28 00:00:00+00:00, run_after=2025-03-01 00:00:00+00:00
[2025-04-16T17:36:06.538+0000] {processor.py:208} INFO - Processing /opt/airflow/dags/dag_with_python_operator.py took 0.152 seconds
[2025-04-16T17:36:36.825+0000] {processor.py:186} INFO - Started process (PID=1351) to work on /opt/airflow/dags/dag_with_python_operator.py
[2025-04-16T17:36:36.828+0000] {processor.py:914} INFO - Processing file /opt/airflow/dags/dag_with_python_operator.py for tasks to queue
[2025-04-16T17:36:36.833+0000] {logging_mixin.py:190} INFO - [2025-04-16T17:36:36.832+0000] {dagbag.py:588} INFO - Filling up the DagBag from /opt/airflow/dags/dag_with_python_operator.py
[2025-04-16T17:36:36.860+0000] {processor.py:925} INFO - DAG(s) 'first_with_python_v3' retrieved from /opt/airflow/dags/dag_with_python_operator.py
[2025-04-16T17:36:36.894+0000] {logging_mixin.py:190} INFO - [2025-04-16T17:36:36.894+0000] {dag.py:3239} INFO - Sync 1 DAGs
[2025-04-16T17:36:36.926+0000] {logging_mixin.py:190} INFO - [2025-04-16T17:36:36.926+0000] {dag.py:4180} INFO - Setting next_dagrun for first_with_python_v3 to 2025-02-28 00:00:00+00:00, run_after=2025-03-01 00:00:00+00:00
[2025-04-16T17:36:36.952+0000] {processor.py:208} INFO - Processing /opt/airflow/dags/dag_with_python_operator.py took 0.135 seconds
[2025-04-16T17:37:07.119+0000] {processor.py:186} INFO - Started process (PID=1362) to work on /opt/airflow/dags/dag_with_python_operator.py
[2025-04-16T17:37:07.121+0000] {processor.py:914} INFO - Processing file /opt/airflow/dags/dag_with_python_operator.py for tasks to queue
[2025-04-16T17:37:07.126+0000] {logging_mixin.py:190} INFO - [2025-04-16T17:37:07.126+0000] {dagbag.py:588} INFO - Filling up the DagBag from /opt/airflow/dags/dag_with_python_operator.py
[2025-04-16T17:37:07.156+0000] {processor.py:925} INFO - DAG(s) 'first_with_python_v3' retrieved from /opt/airflow/dags/dag_with_python_operator.py
[2025-04-16T17:37:07.194+0000] {logging_mixin.py:190} INFO - [2025-04-16T17:37:07.194+0000] {dag.py:3239} INFO - Sync 1 DAGs
[2025-04-16T17:37:07.228+0000] {logging_mixin.py:190} INFO - [2025-04-16T17:37:07.228+0000] {dag.py:4180} INFO - Setting next_dagrun for first_with_python_v3 to 2025-02-28 00:00:00+00:00, run_after=2025-03-01 00:00:00+00:00
[2025-04-16T17:37:07.255+0000] {processor.py:208} INFO - Processing /opt/airflow/dags/dag_with_python_operator.py took 0.144 seconds
[2025-04-16T17:37:37.518+0000] {processor.py:186} INFO - Started process (PID=1373) to work on /opt/airflow/dags/dag_with_python_operator.py
[2025-04-16T17:37:37.521+0000] {processor.py:914} INFO - Processing file /opt/airflow/dags/dag_with_python_operator.py for tasks to queue
[2025-04-16T17:37:37.525+0000] {logging_mixin.py:190} INFO - [2025-04-16T17:37:37.525+0000] {dagbag.py:588} INFO - Filling up the DagBag from /opt/airflow/dags/dag_with_python_operator.py
[2025-04-16T17:37:37.550+0000] {processor.py:925} INFO - DAG(s) 'first_with_python_v3' retrieved from /opt/airflow/dags/dag_with_python_operator.py
[2025-04-16T17:37:37.583+0000] {logging_mixin.py:190} INFO - [2025-04-16T17:37:37.582+0000] {dag.py:3239} INFO - Sync 1 DAGs
[2025-04-16T17:37:37.624+0000] {logging_mixin.py:190} INFO - [2025-04-16T17:37:37.624+0000] {dag.py:4180} INFO - Setting next_dagrun for first_with_python_v3 to 2025-02-28 00:00:00+00:00, run_after=2025-03-01 00:00:00+00:00
[2025-04-16T17:37:37.651+0000] {processor.py:208} INFO - Processing /opt/airflow/dags/dag_with_python_operator.py took 0.140 seconds
[2025-04-16T17:38:07.854+0000] {processor.py:186} INFO - Started process (PID=1384) to work on /opt/airflow/dags/dag_with_python_operator.py
[2025-04-16T17:38:07.857+0000] {processor.py:914} INFO - Processing file /opt/airflow/dags/dag_with_python_operator.py for tasks to queue
[2025-04-16T17:38:07.868+0000] {logging_mixin.py:190} INFO - [2025-04-16T17:38:07.867+0000] {dagbag.py:588} INFO - Filling up the DagBag from /opt/airflow/dags/dag_with_python_operator.py
[2025-04-16T17:38:07.901+0000] {processor.py:925} INFO - DAG(s) 'first_with_python_v3' retrieved from /opt/airflow/dags/dag_with_python_operator.py
[2025-04-16T17:38:07.942+0000] {logging_mixin.py:190} INFO - [2025-04-16T17:38:07.942+0000] {dag.py:3239} INFO - Sync 1 DAGs
[2025-04-16T17:38:07.973+0000] {logging_mixin.py:190} INFO - [2025-04-16T17:38:07.973+0000] {dag.py:4180} INFO - Setting next_dagrun for first_with_python_v3 to 2025-02-28 00:00:00+00:00, run_after=2025-03-01 00:00:00+00:00
[2025-04-16T17:38:07.994+0000] {processor.py:208} INFO - Processing /opt/airflow/dags/dag_with_python_operator.py took 0.151 seconds
[2025-04-16T17:38:38.259+0000] {processor.py:186} INFO - Started process (PID=1395) to work on /opt/airflow/dags/dag_with_python_operator.py
[2025-04-16T17:38:38.263+0000] {processor.py:914} INFO - Processing file /opt/airflow/dags/dag_with_python_operator.py for tasks to queue
[2025-04-16T17:38:38.267+0000] {logging_mixin.py:190} INFO - [2025-04-16T17:38:38.266+0000] {dagbag.py:588} INFO - Filling up the DagBag from /opt/airflow/dags/dag_with_python_operator.py
[2025-04-16T17:38:38.298+0000] {processor.py:925} INFO - DAG(s) 'first_with_python_v3' retrieved from /opt/airflow/dags/dag_with_python_operator.py
[2025-04-16T17:38:38.343+0000] {logging_mixin.py:190} INFO - [2025-04-16T17:38:38.342+0000] {dag.py:3239} INFO - Sync 1 DAGs
[2025-04-16T17:38:38.374+0000] {logging_mixin.py:190} INFO - [2025-04-16T17:38:38.374+0000] {dag.py:4180} INFO - Setting next_dagrun for first_with_python_v3 to 2025-02-28 00:00:00+00:00, run_after=2025-03-01 00:00:00+00:00
[2025-04-16T17:38:38.407+0000] {processor.py:208} INFO - Processing /opt/airflow/dags/dag_with_python_operator.py took 0.156 seconds
[2025-04-16T17:39:08.547+0000] {processor.py:186} INFO - Started process (PID=1406) to work on /opt/airflow/dags/dag_with_python_operator.py
[2025-04-16T17:39:08.550+0000] {processor.py:914} INFO - Processing file /opt/airflow/dags/dag_with_python_operator.py for tasks to queue
[2025-04-16T17:39:08.555+0000] {logging_mixin.py:190} INFO - [2025-04-16T17:39:08.554+0000] {dagbag.py:588} INFO - Filling up the DagBag from /opt/airflow/dags/dag_with_python_operator.py
[2025-04-16T17:39:08.584+0000] {processor.py:925} INFO - DAG(s) 'first_with_python_v3' retrieved from /opt/airflow/dags/dag_with_python_operator.py
[2025-04-16T17:39:08.618+0000] {logging_mixin.py:190} INFO - [2025-04-16T17:39:08.618+0000] {dag.py:3239} INFO - Sync 1 DAGs
[2025-04-16T17:39:08.652+0000] {logging_mixin.py:190} INFO - [2025-04-16T17:39:08.652+0000] {dag.py:4180} INFO - Setting next_dagrun for first_with_python_v3 to 2025-02-28 00:00:00+00:00, run_after=2025-03-01 00:00:00+00:00
[2025-04-16T17:39:08.683+0000] {processor.py:208} INFO - Processing /opt/airflow/dags/dag_with_python_operator.py took 0.143 seconds
[2025-04-16T17:39:39.032+0000] {processor.py:186} INFO - Started process (PID=1417) to work on /opt/airflow/dags/dag_with_python_operator.py
[2025-04-16T17:39:39.035+0000] {processor.py:914} INFO - Processing file /opt/airflow/dags/dag_with_python_operator.py for tasks to queue
[2025-04-16T17:39:39.040+0000] {logging_mixin.py:190} INFO - [2025-04-16T17:39:39.040+0000] {dagbag.py:588} INFO - Filling up the DagBag from /opt/airflow/dags/dag_with_python_operator.py
[2025-04-16T17:39:39.072+0000] {processor.py:925} INFO - DAG(s) 'first_with_python_v3' retrieved from /opt/airflow/dags/dag_with_python_operator.py
[2025-04-16T17:39:39.111+0000] {logging_mixin.py:190} INFO - [2025-04-16T17:39:39.111+0000] {dag.py:3239} INFO - Sync 1 DAGs
[2025-04-16T17:39:39.148+0000] {logging_mixin.py:190} INFO - [2025-04-16T17:39:39.148+0000] {dag.py:4180} INFO - Setting next_dagrun for first_with_python_v3 to 2025-02-28 00:00:00+00:00, run_after=2025-03-01 00:00:00+00:00
[2025-04-16T17:39:39.175+0000] {processor.py:208} INFO - Processing /opt/airflow/dags/dag_with_python_operator.py took 0.153 seconds
[2025-04-16T17:40:09.348+0000] {processor.py:186} INFO - Started process (PID=1428) to work on /opt/airflow/dags/dag_with_python_operator.py
[2025-04-16T17:40:09.351+0000] {processor.py:914} INFO - Processing file /opt/airflow/dags/dag_with_python_operator.py for tasks to queue
[2025-04-16T17:40:09.355+0000] {logging_mixin.py:190} INFO - [2025-04-16T17:40:09.354+0000] {dagbag.py:588} INFO - Filling up the DagBag from /opt/airflow/dags/dag_with_python_operator.py
[2025-04-16T17:40:09.379+0000] {processor.py:925} INFO - DAG(s) 'first_with_python_v3' retrieved from /opt/airflow/dags/dag_with_python_operator.py
[2025-04-16T17:40:09.415+0000] {logging_mixin.py:190} INFO - [2025-04-16T17:40:09.415+0000] {dag.py:3239} INFO - Sync 1 DAGs
[2025-04-16T17:40:09.451+0000] {logging_mixin.py:190} INFO - [2025-04-16T17:40:09.451+0000] {dag.py:4180} INFO - Setting next_dagrun for first_with_python_v3 to 2025-02-28 00:00:00+00:00, run_after=2025-03-01 00:00:00+00:00
[2025-04-16T17:40:09.486+0000] {processor.py:208} INFO - Processing /opt/airflow/dags/dag_with_python_operator.py took 0.147 seconds
[2025-04-16T17:40:39.765+0000] {processor.py:186} INFO - Started process (PID=1439) to work on /opt/airflow/dags/dag_with_python_operator.py
[2025-04-16T17:40:39.767+0000] {processor.py:914} INFO - Processing file /opt/airflow/dags/dag_with_python_operator.py for tasks to queue
[2025-04-16T17:40:39.772+0000] {logging_mixin.py:190} INFO - [2025-04-16T17:40:39.771+0000] {dagbag.py:588} INFO - Filling up the DagBag from /opt/airflow/dags/dag_with_python_operator.py
[2025-04-16T17:40:39.801+0000] {processor.py:925} INFO - DAG(s) 'first_with_python_v3' retrieved from /opt/airflow/dags/dag_with_python_operator.py
[2025-04-16T17:40:39.836+0000] {logging_mixin.py:190} INFO - [2025-04-16T17:40:39.836+0000] {dag.py:3239} INFO - Sync 1 DAGs
[2025-04-16T17:40:39.872+0000] {logging_mixin.py:190} INFO - [2025-04-16T17:40:39.871+0000] {dag.py:4180} INFO - Setting next_dagrun for first_with_python_v3 to 2025-02-28 00:00:00+00:00, run_after=2025-03-01 00:00:00+00:00
[2025-04-16T17:40:39.902+0000] {processor.py:208} INFO - Processing /opt/airflow/dags/dag_with_python_operator.py took 0.144 seconds
[2025-04-16T17:41:10.122+0000] {processor.py:186} INFO - Started process (PID=1450) to work on /opt/airflow/dags/dag_with_python_operator.py
[2025-04-16T17:41:10.125+0000] {processor.py:914} INFO - Processing file /opt/airflow/dags/dag_with_python_operator.py for tasks to queue
[2025-04-16T17:41:10.129+0000] {logging_mixin.py:190} INFO - [2025-04-16T17:41:10.128+0000] {dagbag.py:588} INFO - Filling up the DagBag from /opt/airflow/dags/dag_with_python_operator.py
[2025-04-16T17:41:10.152+0000] {processor.py:925} INFO - DAG(s) 'first_with_python_v3' retrieved from /opt/airflow/dags/dag_with_python_operator.py
[2025-04-16T17:41:10.187+0000] {logging_mixin.py:190} INFO - [2025-04-16T17:41:10.187+0000] {dag.py:3239} INFO - Sync 1 DAGs
[2025-04-16T17:41:10.220+0000] {logging_mixin.py:190} INFO - [2025-04-16T17:41:10.220+0000] {dag.py:4180} INFO - Setting next_dagrun for first_with_python_v3 to 2025-02-28 00:00:00+00:00, run_after=2025-03-01 00:00:00+00:00
[2025-04-16T17:41:10.251+0000] {processor.py:208} INFO - Processing /opt/airflow/dags/dag_with_python_operator.py took 0.137 seconds
[2025-04-16T17:41:40.539+0000] {processor.py:186} INFO - Started process (PID=1461) to work on /opt/airflow/dags/dag_with_python_operator.py
[2025-04-16T17:41:40.542+0000] {processor.py:914} INFO - Processing file /opt/airflow/dags/dag_with_python_operator.py for tasks to queue
[2025-04-16T17:41:40.548+0000] {logging_mixin.py:190} INFO - [2025-04-16T17:41:40.547+0000] {dagbag.py:588} INFO - Filling up the DagBag from /opt/airflow/dags/dag_with_python_operator.py
[2025-04-16T17:41:40.577+0000] {processor.py:925} INFO - DAG(s) 'first_with_python_v3' retrieved from /opt/airflow/dags/dag_with_python_operator.py
[2025-04-16T17:41:40.612+0000] {logging_mixin.py:190} INFO - [2025-04-16T17:41:40.612+0000] {dag.py:3239} INFO - Sync 1 DAGs
[2025-04-16T17:41:40.647+0000] {logging_mixin.py:190} INFO - [2025-04-16T17:41:40.647+0000] {dag.py:4180} INFO - Setting next_dagrun for first_with_python_v3 to 2025-02-28 00:00:00+00:00, run_after=2025-03-01 00:00:00+00:00
[2025-04-16T17:41:40.676+0000] {processor.py:208} INFO - Processing /opt/airflow/dags/dag_with_python_operator.py took 0.149 seconds
[2025-04-16T17:42:10.821+0000] {processor.py:186} INFO - Started process (PID=1472) to work on /opt/airflow/dags/dag_with_python_operator.py
[2025-04-16T17:42:10.823+0000] {processor.py:914} INFO - Processing file /opt/airflow/dags/dag_with_python_operator.py for tasks to queue
[2025-04-16T17:42:10.827+0000] {logging_mixin.py:190} INFO - [2025-04-16T17:42:10.826+0000] {dagbag.py:588} INFO - Filling up the DagBag from /opt/airflow/dags/dag_with_python_operator.py
[2025-04-16T17:42:10.850+0000] {processor.py:925} INFO - DAG(s) 'first_with_python_v3' retrieved from /opt/airflow/dags/dag_with_python_operator.py
[2025-04-16T17:42:10.890+0000] {logging_mixin.py:190} INFO - [2025-04-16T17:42:10.889+0000] {dag.py:3239} INFO - Sync 1 DAGs
[2025-04-16T17:42:10.923+0000] {logging_mixin.py:190} INFO - [2025-04-16T17:42:10.922+0000] {dag.py:4180} INFO - Setting next_dagrun for first_with_python_v3 to 2025-02-28 00:00:00+00:00, run_after=2025-03-01 00:00:00+00:00
[2025-04-16T17:42:10.952+0000] {processor.py:208} INFO - Processing /opt/airflow/dags/dag_with_python_operator.py took 0.139 seconds
[2025-04-16T17:42:41.287+0000] {processor.py:186} INFO - Started process (PID=1483) to work on /opt/airflow/dags/dag_with_python_operator.py
[2025-04-16T17:42:41.289+0000] {processor.py:914} INFO - Processing file /opt/airflow/dags/dag_with_python_operator.py for tasks to queue
[2025-04-16T17:42:41.295+0000] {logging_mixin.py:190} INFO - [2025-04-16T17:42:41.294+0000] {dagbag.py:588} INFO - Filling up the DagBag from /opt/airflow/dags/dag_with_python_operator.py
[2025-04-16T17:42:41.318+0000] {processor.py:925} INFO - DAG(s) 'first_with_python_v3' retrieved from /opt/airflow/dags/dag_with_python_operator.py
[2025-04-16T17:42:41.350+0000] {logging_mixin.py:190} INFO - [2025-04-16T17:42:41.349+0000] {dag.py:3239} INFO - Sync 1 DAGs
[2025-04-16T17:42:41.379+0000] {logging_mixin.py:190} INFO - [2025-04-16T17:42:41.378+0000] {dag.py:4180} INFO - Setting next_dagrun for first_with_python_v3 to 2025-02-28 00:00:00+00:00, run_after=2025-03-01 00:00:00+00:00
[2025-04-16T17:42:41.407+0000] {processor.py:208} INFO - Processing /opt/airflow/dags/dag_with_python_operator.py took 0.128 seconds
[2025-04-16T17:43:11.596+0000] {processor.py:186} INFO - Started process (PID=1494) to work on /opt/airflow/dags/dag_with_python_operator.py
[2025-04-16T17:43:11.598+0000] {processor.py:914} INFO - Processing file /opt/airflow/dags/dag_with_python_operator.py for tasks to queue
[2025-04-16T17:43:11.605+0000] {logging_mixin.py:190} INFO - [2025-04-16T17:43:11.604+0000] {dagbag.py:588} INFO - Filling up the DagBag from /opt/airflow/dags/dag_with_python_operator.py
[2025-04-16T17:43:11.630+0000] {processor.py:925} INFO - DAG(s) 'first_with_python_v3' retrieved from /opt/airflow/dags/dag_with_python_operator.py
[2025-04-16T17:43:11.665+0000] {logging_mixin.py:190} INFO - [2025-04-16T17:43:11.664+0000] {dag.py:3239} INFO - Sync 1 DAGs
[2025-04-16T17:43:11.700+0000] {logging_mixin.py:190} INFO - [2025-04-16T17:43:11.700+0000] {dag.py:4180} INFO - Setting next_dagrun for first_with_python_v3 to 2025-02-28 00:00:00+00:00, run_after=2025-03-01 00:00:00+00:00
[2025-04-16T17:43:11.729+0000] {processor.py:208} INFO - Processing /opt/airflow/dags/dag_with_python_operator.py took 0.142 seconds
[2025-04-16T17:43:42.047+0000] {processor.py:186} INFO - Started process (PID=1505) to work on /opt/airflow/dags/dag_with_python_operator.py
[2025-04-16T17:43:42.049+0000] {processor.py:914} INFO - Processing file /opt/airflow/dags/dag_with_python_operator.py for tasks to queue
[2025-04-16T17:43:42.054+0000] {logging_mixin.py:190} INFO - [2025-04-16T17:43:42.054+0000] {dagbag.py:588} INFO - Filling up the DagBag from /opt/airflow/dags/dag_with_python_operator.py
[2025-04-16T17:43:42.083+0000] {processor.py:925} INFO - DAG(s) 'first_with_python_v3' retrieved from /opt/airflow/dags/dag_with_python_operator.py
[2025-04-16T17:43:42.122+0000] {logging_mixin.py:190} INFO - [2025-04-16T17:43:42.121+0000] {dag.py:3239} INFO - Sync 1 DAGs
[2025-04-16T17:43:42.155+0000] {logging_mixin.py:190} INFO - [2025-04-16T17:43:42.155+0000] {dag.py:4180} INFO - Setting next_dagrun for first_with_python_v3 to 2025-02-28 00:00:00+00:00, run_after=2025-03-01 00:00:00+00:00
[2025-04-16T17:43:42.178+0000] {processor.py:208} INFO - Processing /opt/airflow/dags/dag_with_python_operator.py took 0.141 seconds
[2025-04-16T17:44:12.380+0000] {processor.py:186} INFO - Started process (PID=1516) to work on /opt/airflow/dags/dag_with_python_operator.py
[2025-04-16T17:44:12.383+0000] {processor.py:914} INFO - Processing file /opt/airflow/dags/dag_with_python_operator.py for tasks to queue
[2025-04-16T17:44:12.388+0000] {logging_mixin.py:190} INFO - [2025-04-16T17:44:12.387+0000] {dagbag.py:588} INFO - Filling up the DagBag from /opt/airflow/dags/dag_with_python_operator.py
[2025-04-16T17:44:12.446+0000] {processor.py:925} INFO - DAG(s) 'first_with_python_v3' retrieved from /opt/airflow/dags/dag_with_python_operator.py
[2025-04-16T17:44:12.502+0000] {logging_mixin.py:190} INFO - [2025-04-16T17:44:12.501+0000] {dag.py:3239} INFO - Sync 1 DAGs
[2025-04-16T17:44:12.534+0000] {logging_mixin.py:190} INFO - [2025-04-16T17:44:12.533+0000] {dag.py:4180} INFO - Setting next_dagrun for first_with_python_v3 to 2025-02-28 00:00:00+00:00, run_after=2025-03-01 00:00:00+00:00
[2025-04-16T17:44:12.557+0000] {processor.py:208} INFO - Processing /opt/airflow/dags/dag_with_python_operator.py took 0.191 seconds
[2025-04-16T17:44:42.750+0000] {processor.py:186} INFO - Started process (PID=1526) to work on /opt/airflow/dags/dag_with_python_operator.py
[2025-04-16T17:44:42.752+0000] {processor.py:914} INFO - Processing file /opt/airflow/dags/dag_with_python_operator.py for tasks to queue
[2025-04-16T17:44:42.756+0000] {logging_mixin.py:190} INFO - [2025-04-16T17:44:42.755+0000] {dagbag.py:588} INFO - Filling up the DagBag from /opt/airflow/dags/dag_with_python_operator.py
[2025-04-16T17:44:42.782+0000] {processor.py:925} INFO - DAG(s) 'first_with_python_v3' retrieved from /opt/airflow/dags/dag_with_python_operator.py
[2025-04-16T17:44:42.816+0000] {logging_mixin.py:190} INFO - [2025-04-16T17:44:42.815+0000] {dag.py:3239} INFO - Sync 1 DAGs
[2025-04-16T17:44:42.855+0000] {logging_mixin.py:190} INFO - [2025-04-16T17:44:42.855+0000] {dag.py:4180} INFO - Setting next_dagrun for first_with_python_v3 to 2025-02-28 00:00:00+00:00, run_after=2025-03-01 00:00:00+00:00
[2025-04-16T17:44:42.876+0000] {processor.py:208} INFO - Processing /opt/airflow/dags/dag_with_python_operator.py took 0.133 seconds
[2025-04-16T17:45:13.168+0000] {processor.py:186} INFO - Started process (PID=1537) to work on /opt/airflow/dags/dag_with_python_operator.py
[2025-04-16T17:45:13.170+0000] {processor.py:914} INFO - Processing file /opt/airflow/dags/dag_with_python_operator.py for tasks to queue
[2025-04-16T17:45:13.175+0000] {logging_mixin.py:190} INFO - [2025-04-16T17:45:13.175+0000] {dagbag.py:588} INFO - Filling up the DagBag from /opt/airflow/dags/dag_with_python_operator.py
[2025-04-16T17:45:13.202+0000] {processor.py:925} INFO - DAG(s) 'first_with_python_v3' retrieved from /opt/airflow/dags/dag_with_python_operator.py
[2025-04-16T17:45:13.241+0000] {logging_mixin.py:190} INFO - [2025-04-16T17:45:13.241+0000] {dag.py:3239} INFO - Sync 1 DAGs
[2025-04-16T17:45:13.280+0000] {logging_mixin.py:190} INFO - [2025-04-16T17:45:13.279+0000] {dag.py:4180} INFO - Setting next_dagrun for first_with_python_v3 to 2025-02-28 00:00:00+00:00, run_after=2025-03-01 00:00:00+00:00
[2025-04-16T17:45:13.313+0000] {processor.py:208} INFO - Processing /opt/airflow/dags/dag_with_python_operator.py took 0.153 seconds
[2025-04-16T17:45:43.500+0000] {processor.py:186} INFO - Started process (PID=1548) to work on /opt/airflow/dags/dag_with_python_operator.py
[2025-04-16T17:45:43.502+0000] {processor.py:914} INFO - Processing file /opt/airflow/dags/dag_with_python_operator.py for tasks to queue
[2025-04-16T17:45:43.507+0000] {logging_mixin.py:190} INFO - [2025-04-16T17:45:43.507+0000] {dagbag.py:588} INFO - Filling up the DagBag from /opt/airflow/dags/dag_with_python_operator.py
[2025-04-16T17:45:43.537+0000] {processor.py:925} INFO - DAG(s) 'first_with_python_v3' retrieved from /opt/airflow/dags/dag_with_python_operator.py
[2025-04-16T17:45:43.580+0000] {logging_mixin.py:190} INFO - [2025-04-16T17:45:43.579+0000] {dag.py:3239} INFO - Sync 1 DAGs
[2025-04-16T17:45:43.618+0000] {logging_mixin.py:190} INFO - [2025-04-16T17:45:43.618+0000] {dag.py:4180} INFO - Setting next_dagrun for first_with_python_v3 to 2025-02-28 00:00:00+00:00, run_after=2025-03-01 00:00:00+00:00
[2025-04-16T17:45:43.647+0000] {processor.py:208} INFO - Processing /opt/airflow/dags/dag_with_python_operator.py took 0.154 seconds
[2025-04-16T17:46:13.900+0000] {processor.py:186} INFO - Started process (PID=1558) to work on /opt/airflow/dags/dag_with_python_operator.py
[2025-04-16T17:46:13.902+0000] {processor.py:914} INFO - Processing file /opt/airflow/dags/dag_with_python_operator.py for tasks to queue
[2025-04-16T17:46:13.908+0000] {logging_mixin.py:190} INFO - [2025-04-16T17:46:13.907+0000] {dagbag.py:588} INFO - Filling up the DagBag from /opt/airflow/dags/dag_with_python_operator.py
[2025-04-16T17:46:13.937+0000] {processor.py:925} INFO - DAG(s) 'first_with_python_v3' retrieved from /opt/airflow/dags/dag_with_python_operator.py
[2025-04-16T17:46:13.976+0000] {logging_mixin.py:190} INFO - [2025-04-16T17:46:13.975+0000] {dag.py:3239} INFO - Sync 1 DAGs
[2025-04-16T17:46:14.009+0000] {logging_mixin.py:190} INFO - [2025-04-16T17:46:14.009+0000] {dag.py:4180} INFO - Setting next_dagrun for first_with_python_v3 to 2025-02-28 00:00:00+00:00, run_after=2025-03-01 00:00:00+00:00
[2025-04-16T17:46:14.043+0000] {processor.py:208} INFO - Processing /opt/airflow/dags/dag_with_python_operator.py took 0.150 seconds
[2025-04-16T17:46:44.210+0000] {processor.py:186} INFO - Started process (PID=1569) to work on /opt/airflow/dags/dag_with_python_operator.py
[2025-04-16T17:46:44.214+0000] {processor.py:914} INFO - Processing file /opt/airflow/dags/dag_with_python_operator.py for tasks to queue
[2025-04-16T17:46:44.220+0000] {logging_mixin.py:190} INFO - [2025-04-16T17:46:44.219+0000] {dagbag.py:588} INFO - Filling up the DagBag from /opt/airflow/dags/dag_with_python_operator.py
[2025-04-16T17:46:44.254+0000] {processor.py:925} INFO - DAG(s) 'first_with_python_v3' retrieved from /opt/airflow/dags/dag_with_python_operator.py
[2025-04-16T17:46:44.298+0000] {logging_mixin.py:190} INFO - [2025-04-16T17:46:44.298+0000] {dag.py:3239} INFO - Sync 1 DAGs
[2025-04-16T17:46:44.338+0000] {logging_mixin.py:190} INFO - [2025-04-16T17:46:44.338+0000] {dag.py:4180} INFO - Setting next_dagrun for first_with_python_v3 to 2025-02-28 00:00:00+00:00, run_after=2025-03-01 00:00:00+00:00
[2025-04-16T17:46:44.374+0000] {processor.py:208} INFO - Processing /opt/airflow/dags/dag_with_python_operator.py took 0.174 seconds
[2025-04-16T17:47:14.583+0000] {processor.py:186} INFO - Started process (PID=1580) to work on /opt/airflow/dags/dag_with_python_operator.py
[2025-04-16T17:47:14.585+0000] {processor.py:914} INFO - Processing file /opt/airflow/dags/dag_with_python_operator.py for tasks to queue
[2025-04-16T17:47:14.590+0000] {logging_mixin.py:190} INFO - [2025-04-16T17:47:14.590+0000] {dagbag.py:588} INFO - Filling up the DagBag from /opt/airflow/dags/dag_with_python_operator.py
[2025-04-16T17:47:14.616+0000] {processor.py:925} INFO - DAG(s) 'first_with_python_v3' retrieved from /opt/airflow/dags/dag_with_python_operator.py
[2025-04-16T17:47:14.652+0000] {logging_mixin.py:190} INFO - [2025-04-16T17:47:14.652+0000] {dag.py:3239} INFO - Sync 1 DAGs
[2025-04-16T17:47:14.686+0000] {logging_mixin.py:190} INFO - [2025-04-16T17:47:14.686+0000] {dag.py:4180} INFO - Setting next_dagrun for first_with_python_v3 to 2025-02-28 00:00:00+00:00, run_after=2025-03-01 00:00:00+00:00
[2025-04-16T17:47:14.716+0000] {processor.py:208} INFO - Processing /opt/airflow/dags/dag_with_python_operator.py took 0.140 seconds
[2025-04-16T17:47:44.918+0000] {processor.py:186} INFO - Started process (PID=1591) to work on /opt/airflow/dags/dag_with_python_operator.py
[2025-04-16T17:47:44.921+0000] {processor.py:914} INFO - Processing file /opt/airflow/dags/dag_with_python_operator.py for tasks to queue
[2025-04-16T17:47:44.926+0000] {logging_mixin.py:190} INFO - [2025-04-16T17:47:44.926+0000] {dagbag.py:588} INFO - Filling up the DagBag from /opt/airflow/dags/dag_with_python_operator.py
[2025-04-16T17:47:44.955+0000] {processor.py:925} INFO - DAG(s) 'first_with_python_v3' retrieved from /opt/airflow/dags/dag_with_python_operator.py
[2025-04-16T17:47:44.989+0000] {logging_mixin.py:190} INFO - [2025-04-16T17:47:44.988+0000] {dag.py:3239} INFO - Sync 1 DAGs
[2025-04-16T17:47:45.023+0000] {logging_mixin.py:190} INFO - [2025-04-16T17:47:45.022+0000] {dag.py:4180} INFO - Setting next_dagrun for first_with_python_v3 to 2025-02-28 00:00:00+00:00, run_after=2025-03-01 00:00:00+00:00
[2025-04-16T17:47:45.046+0000] {processor.py:208} INFO - Processing /opt/airflow/dags/dag_with_python_operator.py took 0.134 seconds
[2025-04-16T17:48:15.277+0000] {processor.py:186} INFO - Started process (PID=1601) to work on /opt/airflow/dags/dag_with_python_operator.py
[2025-04-16T17:48:15.279+0000] {processor.py:914} INFO - Processing file /opt/airflow/dags/dag_with_python_operator.py for tasks to queue
[2025-04-16T17:48:15.283+0000] {logging_mixin.py:190} INFO - [2025-04-16T17:48:15.282+0000] {dagbag.py:588} INFO - Filling up the DagBag from /opt/airflow/dags/dag_with_python_operator.py
[2025-04-16T17:48:15.309+0000] {processor.py:925} INFO - DAG(s) 'first_with_python_v3' retrieved from /opt/airflow/dags/dag_with_python_operator.py
[2025-04-16T17:48:15.348+0000] {logging_mixin.py:190} INFO - [2025-04-16T17:48:15.348+0000] {dag.py:3239} INFO - Sync 1 DAGs
[2025-04-16T17:48:15.379+0000] {logging_mixin.py:190} INFO - [2025-04-16T17:48:15.379+0000] {dag.py:4180} INFO - Setting next_dagrun for first_with_python_v3 to 2025-02-28 00:00:00+00:00, run_after=2025-03-01 00:00:00+00:00
[2025-04-16T17:48:15.409+0000] {processor.py:208} INFO - Processing /opt/airflow/dags/dag_with_python_operator.py took 0.139 seconds
[2025-04-16T17:48:45.629+0000] {processor.py:186} INFO - Started process (PID=1612) to work on /opt/airflow/dags/dag_with_python_operator.py
[2025-04-16T17:48:45.631+0000] {processor.py:914} INFO - Processing file /opt/airflow/dags/dag_with_python_operator.py for tasks to queue
[2025-04-16T17:48:45.635+0000] {logging_mixin.py:190} INFO - [2025-04-16T17:48:45.634+0000] {dagbag.py:588} INFO - Filling up the DagBag from /opt/airflow/dags/dag_with_python_operator.py
[2025-04-16T17:48:45.660+0000] {processor.py:925} INFO - DAG(s) 'first_with_python_v3' retrieved from /opt/airflow/dags/dag_with_python_operator.py
[2025-04-16T17:48:45.692+0000] {logging_mixin.py:190} INFO - [2025-04-16T17:48:45.691+0000] {dag.py:3239} INFO - Sync 1 DAGs
[2025-04-16T17:48:45.721+0000] {logging_mixin.py:190} INFO - [2025-04-16T17:48:45.721+0000] {dag.py:4180} INFO - Setting next_dagrun for first_with_python_v3 to 2025-02-28 00:00:00+00:00, run_after=2025-03-01 00:00:00+00:00
[2025-04-16T17:48:45.742+0000] {processor.py:208} INFO - Processing /opt/airflow/dags/dag_with_python_operator.py took 0.120 seconds
[2025-04-16T17:49:15.970+0000] {processor.py:186} INFO - Started process (PID=1623) to work on /opt/airflow/dags/dag_with_python_operator.py
[2025-04-16T17:49:15.975+0000] {processor.py:914} INFO - Processing file /opt/airflow/dags/dag_with_python_operator.py for tasks to queue
[2025-04-16T17:49:15.983+0000] {logging_mixin.py:190} INFO - [2025-04-16T17:49:15.982+0000] {dagbag.py:588} INFO - Filling up the DagBag from /opt/airflow/dags/dag_with_python_operator.py
[2025-04-16T17:49:16.015+0000] {processor.py:925} INFO - DAG(s) 'first_with_python_v3' retrieved from /opt/airflow/dags/dag_with_python_operator.py
[2025-04-16T17:49:16.060+0000] {logging_mixin.py:190} INFO - [2025-04-16T17:49:16.059+0000] {dag.py:3239} INFO - Sync 1 DAGs
[2025-04-16T17:49:16.099+0000] {logging_mixin.py:190} INFO - [2025-04-16T17:49:16.099+0000] {dag.py:4180} INFO - Setting next_dagrun for first_with_python_v3 to 2025-02-28 00:00:00+00:00, run_after=2025-03-01 00:00:00+00:00
[2025-04-16T17:49:16.127+0000] {processor.py:208} INFO - Processing /opt/airflow/dags/dag_with_python_operator.py took 0.169 seconds
[2025-04-16T17:49:46.311+0000] {processor.py:186} INFO - Started process (PID=1634) to work on /opt/airflow/dags/dag_with_python_operator.py
[2025-04-16T17:49:46.314+0000] {processor.py:914} INFO - Processing file /opt/airflow/dags/dag_with_python_operator.py for tasks to queue
[2025-04-16T17:49:46.319+0000] {logging_mixin.py:190} INFO - [2025-04-16T17:49:46.318+0000] {dagbag.py:588} INFO - Filling up the DagBag from /opt/airflow/dags/dag_with_python_operator.py
[2025-04-16T17:49:46.341+0000] {processor.py:925} INFO - DAG(s) 'first_with_python_v3' retrieved from /opt/airflow/dags/dag_with_python_operator.py
[2025-04-16T17:49:46.376+0000] {logging_mixin.py:190} INFO - [2025-04-16T17:49:46.375+0000] {dag.py:3239} INFO - Sync 1 DAGs
[2025-04-16T17:49:46.415+0000] {logging_mixin.py:190} INFO - [2025-04-16T17:49:46.414+0000] {dag.py:4180} INFO - Setting next_dagrun for first_with_python_v3 to 2025-02-28 00:00:00+00:00, run_after=2025-03-01 00:00:00+00:00
[2025-04-16T17:49:46.441+0000] {processor.py:208} INFO - Processing /opt/airflow/dags/dag_with_python_operator.py took 0.138 seconds
[2025-04-16T17:50:16.680+0000] {processor.py:186} INFO - Started process (PID=1645) to work on /opt/airflow/dags/dag_with_python_operator.py
[2025-04-16T17:50:16.683+0000] {processor.py:914} INFO - Processing file /opt/airflow/dags/dag_with_python_operator.py for tasks to queue
[2025-04-16T17:50:16.687+0000] {logging_mixin.py:190} INFO - [2025-04-16T17:50:16.687+0000] {dagbag.py:588} INFO - Filling up the DagBag from /opt/airflow/dags/dag_with_python_operator.py
[2025-04-16T17:50:16.712+0000] {processor.py:925} INFO - DAG(s) 'first_with_python_v3' retrieved from /opt/airflow/dags/dag_with_python_operator.py
[2025-04-16T17:50:16.754+0000] {logging_mixin.py:190} INFO - [2025-04-16T17:50:16.754+0000] {dag.py:3239} INFO - Sync 1 DAGs
[2025-04-16T17:50:16.787+0000] {logging_mixin.py:190} INFO - [2025-04-16T17:50:16.787+0000] {dag.py:4180} INFO - Setting next_dagrun for first_with_python_v3 to 2025-02-28 00:00:00+00:00, run_after=2025-03-01 00:00:00+00:00
[2025-04-16T17:50:16.811+0000] {processor.py:208} INFO - Processing /opt/airflow/dags/dag_with_python_operator.py took 0.146 seconds
[2025-04-16T17:50:46.988+0000] {processor.py:186} INFO - Started process (PID=1656) to work on /opt/airflow/dags/dag_with_python_operator.py
[2025-04-16T17:50:46.990+0000] {processor.py:914} INFO - Processing file /opt/airflow/dags/dag_with_python_operator.py for tasks to queue
[2025-04-16T17:50:46.994+0000] {logging_mixin.py:190} INFO - [2025-04-16T17:50:46.994+0000] {dagbag.py:588} INFO - Filling up the DagBag from /opt/airflow/dags/dag_with_python_operator.py
[2025-04-16T17:50:47.023+0000] {processor.py:925} INFO - DAG(s) 'first_with_python_v3' retrieved from /opt/airflow/dags/dag_with_python_operator.py
[2025-04-16T17:50:47.056+0000] {logging_mixin.py:190} INFO - [2025-04-16T17:50:47.056+0000] {dag.py:3239} INFO - Sync 1 DAGs
[2025-04-16T17:50:47.088+0000] {logging_mixin.py:190} INFO - [2025-04-16T17:50:47.088+0000] {dag.py:4180} INFO - Setting next_dagrun for first_with_python_v3 to 2025-02-28 00:00:00+00:00, run_after=2025-03-01 00:00:00+00:00
[2025-04-16T17:50:47.111+0000] {processor.py:208} INFO - Processing /opt/airflow/dags/dag_with_python_operator.py took 0.133 seconds
[2025-04-16T17:51:17.371+0000] {processor.py:186} INFO - Started process (PID=1667) to work on /opt/airflow/dags/dag_with_python_operator.py
[2025-04-16T17:51:17.373+0000] {processor.py:914} INFO - Processing file /opt/airflow/dags/dag_with_python_operator.py for tasks to queue
[2025-04-16T17:51:17.377+0000] {logging_mixin.py:190} INFO - [2025-04-16T17:51:17.376+0000] {dagbag.py:588} INFO - Filling up the DagBag from /opt/airflow/dags/dag_with_python_operator.py
[2025-04-16T17:51:17.402+0000] {processor.py:925} INFO - DAG(s) 'first_with_python_v3' retrieved from /opt/airflow/dags/dag_with_python_operator.py
[2025-04-16T17:51:17.440+0000] {logging_mixin.py:190} INFO - [2025-04-16T17:51:17.440+0000] {dag.py:3239} INFO - Sync 1 DAGs
[2025-04-16T17:51:17.477+0000] {logging_mixin.py:190} INFO - [2025-04-16T17:51:17.476+0000] {dag.py:4180} INFO - Setting next_dagrun for first_with_python_v3 to 2025-02-28 00:00:00+00:00, run_after=2025-03-01 00:00:00+00:00
[2025-04-16T17:51:17.506+0000] {processor.py:208} INFO - Processing /opt/airflow/dags/dag_with_python_operator.py took 0.143 seconds
[2025-04-16T17:51:47.654+0000] {processor.py:186} INFO - Started process (PID=1678) to work on /opt/airflow/dags/dag_with_python_operator.py
[2025-04-16T17:51:47.657+0000] {processor.py:914} INFO - Processing file /opt/airflow/dags/dag_with_python_operator.py for tasks to queue
[2025-04-16T17:51:47.661+0000] {logging_mixin.py:190} INFO - [2025-04-16T17:51:47.660+0000] {dagbag.py:588} INFO - Filling up the DagBag from /opt/airflow/dags/dag_with_python_operator.py
[2025-04-16T17:51:47.685+0000] {processor.py:925} INFO - DAG(s) 'first_with_python_v3' retrieved from /opt/airflow/dags/dag_with_python_operator.py
[2025-04-16T17:51:47.718+0000] {logging_mixin.py:190} INFO - [2025-04-16T17:51:47.717+0000] {dag.py:3239} INFO - Sync 1 DAGs
[2025-04-16T17:51:47.747+0000] {logging_mixin.py:190} INFO - [2025-04-16T17:51:47.747+0000] {dag.py:4180} INFO - Setting next_dagrun for first_with_python_v3 to 2025-02-28 00:00:00+00:00, run_after=2025-03-01 00:00:00+00:00
[2025-04-16T17:51:47.770+0000] {processor.py:208} INFO - Processing /opt/airflow/dags/dag_with_python_operator.py took 0.124 seconds
[2025-04-16T17:52:18.050+0000] {processor.py:186} INFO - Started process (PID=1689) to work on /opt/airflow/dags/dag_with_python_operator.py
[2025-04-16T17:52:18.053+0000] {processor.py:914} INFO - Processing file /opt/airflow/dags/dag_with_python_operator.py for tasks to queue
[2025-04-16T17:52:18.057+0000] {logging_mixin.py:190} INFO - [2025-04-16T17:52:18.056+0000] {dagbag.py:588} INFO - Filling up the DagBag from /opt/airflow/dags/dag_with_python_operator.py
[2025-04-16T17:52:18.079+0000] {processor.py:925} INFO - DAG(s) 'first_with_python_v3' retrieved from /opt/airflow/dags/dag_with_python_operator.py
[2025-04-16T17:52:18.110+0000] {logging_mixin.py:190} INFO - [2025-04-16T17:52:18.110+0000] {dag.py:3239} INFO - Sync 1 DAGs
[2025-04-16T17:52:18.140+0000] {logging_mixin.py:190} INFO - [2025-04-16T17:52:18.140+0000] {dag.py:4180} INFO - Setting next_dagrun for first_with_python_v3 to 2025-02-28 00:00:00+00:00, run_after=2025-03-01 00:00:00+00:00
[2025-04-16T17:52:18.163+0000] {processor.py:208} INFO - Processing /opt/airflow/dags/dag_with_python_operator.py took 0.119 seconds
[2025-04-16T17:52:48.329+0000] {processor.py:186} INFO - Started process (PID=1700) to work on /opt/airflow/dags/dag_with_python_operator.py
[2025-04-16T17:52:48.332+0000] {processor.py:914} INFO - Processing file /opt/airflow/dags/dag_with_python_operator.py for tasks to queue
[2025-04-16T17:52:48.336+0000] {logging_mixin.py:190} INFO - [2025-04-16T17:52:48.335+0000] {dagbag.py:588} INFO - Filling up the DagBag from /opt/airflow/dags/dag_with_python_operator.py
[2025-04-16T17:52:48.359+0000] {processor.py:925} INFO - DAG(s) 'first_with_python_v3' retrieved from /opt/airflow/dags/dag_with_python_operator.py
[2025-04-16T17:52:48.404+0000] {logging_mixin.py:190} INFO - [2025-04-16T17:52:48.404+0000] {dag.py:3239} INFO - Sync 1 DAGs
[2025-04-16T17:52:48.434+0000] {logging_mixin.py:190} INFO - [2025-04-16T17:52:48.434+0000] {dag.py:4180} INFO - Setting next_dagrun for first_with_python_v3 to 2025-02-28 00:00:00+00:00, run_after=2025-03-01 00:00:00+00:00
[2025-04-16T17:52:48.459+0000] {processor.py:208} INFO - Processing /opt/airflow/dags/dag_with_python_operator.py took 0.139 seconds
[2025-04-16T17:53:18.703+0000] {processor.py:186} INFO - Started process (PID=1711) to work on /opt/airflow/dags/dag_with_python_operator.py
[2025-04-16T17:53:18.705+0000] {processor.py:914} INFO - Processing file /opt/airflow/dags/dag_with_python_operator.py for tasks to queue
[2025-04-16T17:53:18.711+0000] {logging_mixin.py:190} INFO - [2025-04-16T17:53:18.711+0000] {dagbag.py:588} INFO - Filling up the DagBag from /opt/airflow/dags/dag_with_python_operator.py
[2025-04-16T17:53:18.736+0000] {processor.py:925} INFO - DAG(s) 'first_with_python_v3' retrieved from /opt/airflow/dags/dag_with_python_operator.py
[2025-04-16T17:53:18.767+0000] {logging_mixin.py:190} INFO - [2025-04-16T17:53:18.767+0000] {dag.py:3239} INFO - Sync 1 DAGs
[2025-04-16T17:53:18.796+0000] {logging_mixin.py:190} INFO - [2025-04-16T17:53:18.795+0000] {dag.py:4180} INFO - Setting next_dagrun for first_with_python_v3 to 2025-02-28 00:00:00+00:00, run_after=2025-03-01 00:00:00+00:00
[2025-04-16T17:53:18.820+0000] {processor.py:208} INFO - Processing /opt/airflow/dags/dag_with_python_operator.py took 0.124 seconds
[2025-04-16T17:53:49.043+0000] {processor.py:186} INFO - Started process (PID=1722) to work on /opt/airflow/dags/dag_with_python_operator.py
[2025-04-16T17:53:49.045+0000] {processor.py:914} INFO - Processing file /opt/airflow/dags/dag_with_python_operator.py for tasks to queue
[2025-04-16T17:53:49.049+0000] {logging_mixin.py:190} INFO - [2025-04-16T17:53:49.048+0000] {dagbag.py:588} INFO - Filling up the DagBag from /opt/airflow/dags/dag_with_python_operator.py
[2025-04-16T17:53:49.071+0000] {processor.py:925} INFO - DAG(s) 'first_with_python_v3' retrieved from /opt/airflow/dags/dag_with_python_operator.py
[2025-04-16T17:53:49.103+0000] {logging_mixin.py:190} INFO - [2025-04-16T17:53:49.102+0000] {dag.py:3239} INFO - Sync 1 DAGs
[2025-04-16T17:53:49.133+0000] {logging_mixin.py:190} INFO - [2025-04-16T17:53:49.133+0000] {dag.py:4180} INFO - Setting next_dagrun for first_with_python_v3 to 2025-02-28 00:00:00+00:00, run_after=2025-03-01 00:00:00+00:00
[2025-04-16T17:53:49.156+0000] {processor.py:208} INFO - Processing /opt/airflow/dags/dag_with_python_operator.py took 0.120 seconds
[2025-04-16T17:54:19.369+0000] {processor.py:186} INFO - Started process (PID=1733) to work on /opt/airflow/dags/dag_with_python_operator.py
[2025-04-16T17:54:19.372+0000] {processor.py:914} INFO - Processing file /opt/airflow/dags/dag_with_python_operator.py for tasks to queue
[2025-04-16T17:54:19.377+0000] {logging_mixin.py:190} INFO - [2025-04-16T17:54:19.376+0000] {dagbag.py:588} INFO - Filling up the DagBag from /opt/airflow/dags/dag_with_python_operator.py
[2025-04-16T17:54:19.407+0000] {processor.py:925} INFO - DAG(s) 'first_with_python_v3' retrieved from /opt/airflow/dags/dag_with_python_operator.py
[2025-04-16T17:54:19.445+0000] {logging_mixin.py:190} INFO - [2025-04-16T17:54:19.444+0000] {dag.py:3239} INFO - Sync 1 DAGs
[2025-04-16T17:54:19.483+0000] {logging_mixin.py:190} INFO - [2025-04-16T17:54:19.483+0000] {dag.py:4180} INFO - Setting next_dagrun for first_with_python_v3 to 2025-02-28 00:00:00+00:00, run_after=2025-03-01 00:00:00+00:00
[2025-04-16T17:54:19.516+0000] {processor.py:208} INFO - Processing /opt/airflow/dags/dag_with_python_operator.py took 0.157 seconds
[2025-04-16T17:54:49.732+0000] {processor.py:186} INFO - Started process (PID=1744) to work on /opt/airflow/dags/dag_with_python_operator.py
[2025-04-16T17:54:49.739+0000] {processor.py:914} INFO - Processing file /opt/airflow/dags/dag_with_python_operator.py for tasks to queue
[2025-04-16T17:54:49.745+0000] {logging_mixin.py:190} INFO - [2025-04-16T17:54:49.745+0000] {dagbag.py:588} INFO - Filling up the DagBag from /opt/airflow/dags/dag_with_python_operator.py
[2025-04-16T17:54:49.788+0000] {processor.py:925} INFO - DAG(s) 'first_with_python_v3' retrieved from /opt/airflow/dags/dag_with_python_operator.py
[2025-04-16T17:54:49.822+0000] {logging_mixin.py:190} INFO - [2025-04-16T17:54:49.822+0000] {dag.py:3239} INFO - Sync 1 DAGs
[2025-04-16T17:54:49.854+0000] {logging_mixin.py:190} INFO - [2025-04-16T17:54:49.854+0000] {dag.py:4180} INFO - Setting next_dagrun for first_with_python_v3 to 2025-02-28 00:00:00+00:00, run_after=2025-03-01 00:00:00+00:00
[2025-04-16T17:54:49.884+0000] {processor.py:208} INFO - Processing /opt/airflow/dags/dag_with_python_operator.py took 0.159 seconds
[2025-04-16T17:55:20.020+0000] {processor.py:186} INFO - Started process (PID=1755) to work on /opt/airflow/dags/dag_with_python_operator.py
[2025-04-16T17:55:20.022+0000] {processor.py:914} INFO - Processing file /opt/airflow/dags/dag_with_python_operator.py for tasks to queue
[2025-04-16T17:55:20.027+0000] {logging_mixin.py:190} INFO - [2025-04-16T17:55:20.026+0000] {dagbag.py:588} INFO - Filling up the DagBag from /opt/airflow/dags/dag_with_python_operator.py
[2025-04-16T17:55:20.056+0000] {processor.py:925} INFO - DAG(s) 'first_with_python_v3' retrieved from /opt/airflow/dags/dag_with_python_operator.py
[2025-04-16T17:55:20.093+0000] {logging_mixin.py:190} INFO - [2025-04-16T17:55:20.093+0000] {dag.py:3239} INFO - Sync 1 DAGs
[2025-04-16T17:55:20.125+0000] {logging_mixin.py:190} INFO - [2025-04-16T17:55:20.125+0000] {dag.py:4180} INFO - Setting next_dagrun for first_with_python_v3 to 2025-02-28 00:00:00+00:00, run_after=2025-03-01 00:00:00+00:00
[2025-04-16T17:55:20.158+0000] {processor.py:208} INFO - Processing /opt/airflow/dags/dag_with_python_operator.py took 0.147 seconds
[2025-04-16T17:55:50.416+0000] {processor.py:186} INFO - Started process (PID=1766) to work on /opt/airflow/dags/dag_with_python_operator.py
[2025-04-16T17:55:50.418+0000] {processor.py:914} INFO - Processing file /opt/airflow/dags/dag_with_python_operator.py for tasks to queue
[2025-04-16T17:55:50.423+0000] {logging_mixin.py:190} INFO - [2025-04-16T17:55:50.422+0000] {dagbag.py:588} INFO - Filling up the DagBag from /opt/airflow/dags/dag_with_python_operator.py
[2025-04-16T17:55:50.450+0000] {processor.py:925} INFO - DAG(s) 'first_with_python_v3' retrieved from /opt/airflow/dags/dag_with_python_operator.py
[2025-04-16T17:55:50.484+0000] {logging_mixin.py:190} INFO - [2025-04-16T17:55:50.483+0000] {dag.py:3239} INFO - Sync 1 DAGs
[2025-04-16T17:55:50.517+0000] {logging_mixin.py:190} INFO - [2025-04-16T17:55:50.516+0000] {dag.py:4180} INFO - Setting next_dagrun for first_with_python_v3 to 2025-02-28 00:00:00+00:00, run_after=2025-03-01 00:00:00+00:00
[2025-04-16T17:55:50.540+0000] {processor.py:208} INFO - Processing /opt/airflow/dags/dag_with_python_operator.py took 0.133 seconds
[2025-04-16T17:56:20.713+0000] {processor.py:186} INFO - Started process (PID=1777) to work on /opt/airflow/dags/dag_with_python_operator.py
[2025-04-16T17:56:20.724+0000] {processor.py:914} INFO - Processing file /opt/airflow/dags/dag_with_python_operator.py for tasks to queue
[2025-04-16T17:56:20.731+0000] {logging_mixin.py:190} INFO - [2025-04-16T17:56:20.731+0000] {dagbag.py:588} INFO - Filling up the DagBag from /opt/airflow/dags/dag_with_python_operator.py
[2025-04-16T17:56:20.779+0000] {processor.py:925} INFO - DAG(s) 'first_with_python_v3' retrieved from /opt/airflow/dags/dag_with_python_operator.py
[2025-04-16T17:56:20.822+0000] {logging_mixin.py:190} INFO - [2025-04-16T17:56:20.822+0000] {dag.py:3239} INFO - Sync 1 DAGs
[2025-04-16T17:56:20.852+0000] {logging_mixin.py:190} INFO - [2025-04-16T17:56:20.851+0000] {dag.py:4180} INFO - Setting next_dagrun for first_with_python_v3 to 2025-02-28 00:00:00+00:00, run_after=2025-03-01 00:00:00+00:00
[2025-04-16T17:56:20.874+0000] {processor.py:208} INFO - Processing /opt/airflow/dags/dag_with_python_operator.py took 0.166 seconds
[2025-04-16T17:56:51.100+0000] {processor.py:186} INFO - Started process (PID=1788) to work on /opt/airflow/dags/dag_with_python_operator.py
[2025-04-16T17:56:51.102+0000] {processor.py:914} INFO - Processing file /opt/airflow/dags/dag_with_python_operator.py for tasks to queue
[2025-04-16T17:56:51.106+0000] {logging_mixin.py:190} INFO - [2025-04-16T17:56:51.105+0000] {dagbag.py:588} INFO - Filling up the DagBag from /opt/airflow/dags/dag_with_python_operator.py
[2025-04-16T17:56:51.134+0000] {processor.py:925} INFO - DAG(s) 'first_with_python_v3' retrieved from /opt/airflow/dags/dag_with_python_operator.py
[2025-04-16T17:56:51.158+0000] {logging_mixin.py:190} INFO - [2025-04-16T17:56:51.158+0000] {dag.py:3239} INFO - Sync 1 DAGs
[2025-04-16T17:56:51.182+0000] {logging_mixin.py:190} INFO - [2025-04-16T17:56:51.182+0000] {dag.py:4180} INFO - Setting next_dagrun for first_with_python_v3 to 2025-02-28 00:00:00+00:00, run_after=2025-03-01 00:00:00+00:00
[2025-04-16T17:56:51.202+0000] {processor.py:208} INFO - Processing /opt/airflow/dags/dag_with_python_operator.py took 0.108 seconds
[2025-04-16T17:57:21.408+0000] {processor.py:186} INFO - Started process (PID=1799) to work on /opt/airflow/dags/dag_with_python_operator.py
[2025-04-16T17:57:21.411+0000] {processor.py:914} INFO - Processing file /opt/airflow/dags/dag_with_python_operator.py for tasks to queue
[2025-04-16T17:57:21.416+0000] {logging_mixin.py:190} INFO - [2025-04-16T17:57:21.415+0000] {dagbag.py:588} INFO - Filling up the DagBag from /opt/airflow/dags/dag_with_python_operator.py
[2025-04-16T17:57:21.449+0000] {processor.py:925} INFO - DAG(s) 'first_with_python_v3' retrieved from /opt/airflow/dags/dag_with_python_operator.py
[2025-04-16T17:57:21.490+0000] {logging_mixin.py:190} INFO - [2025-04-16T17:57:21.490+0000] {dag.py:3239} INFO - Sync 1 DAGs
[2025-04-16T17:57:21.528+0000] {logging_mixin.py:190} INFO - [2025-04-16T17:57:21.528+0000] {dag.py:4180} INFO - Setting next_dagrun for first_with_python_v3 to 2025-02-28 00:00:00+00:00, run_after=2025-03-01 00:00:00+00:00
[2025-04-16T17:57:21.556+0000] {processor.py:208} INFO - Processing /opt/airflow/dags/dag_with_python_operator.py took 0.158 seconds
[2025-04-16T17:57:51.706+0000] {processor.py:186} INFO - Started process (PID=1809) to work on /opt/airflow/dags/dag_with_python_operator.py
[2025-04-16T17:57:51.707+0000] {processor.py:914} INFO - Processing file /opt/airflow/dags/dag_with_python_operator.py for tasks to queue
[2025-04-16T17:57:51.712+0000] {logging_mixin.py:190} INFO - [2025-04-16T17:57:51.711+0000] {dagbag.py:588} INFO - Filling up the DagBag from /opt/airflow/dags/dag_with_python_operator.py
[2025-04-16T17:57:51.737+0000] {processor.py:925} INFO - DAG(s) 'first_with_python_v3' retrieved from /opt/airflow/dags/dag_with_python_operator.py
[2025-04-16T17:57:51.768+0000] {logging_mixin.py:190} INFO - [2025-04-16T17:57:51.768+0000] {dag.py:3239} INFO - Sync 1 DAGs
[2025-04-16T17:57:51.800+0000] {logging_mixin.py:190} INFO - [2025-04-16T17:57:51.799+0000] {dag.py:4180} INFO - Setting next_dagrun for first_with_python_v3 to 2025-02-28 00:00:00+00:00, run_after=2025-03-01 00:00:00+00:00
[2025-04-16T17:57:51.823+0000] {processor.py:208} INFO - Processing /opt/airflow/dags/dag_with_python_operator.py took 0.123 seconds
[2025-04-16T17:58:22.081+0000] {processor.py:186} INFO - Started process (PID=1820) to work on /opt/airflow/dags/dag_with_python_operator.py
[2025-04-16T17:58:22.083+0000] {processor.py:914} INFO - Processing file /opt/airflow/dags/dag_with_python_operator.py for tasks to queue
[2025-04-16T17:58:22.087+0000] {logging_mixin.py:190} INFO - [2025-04-16T17:58:22.086+0000] {dagbag.py:588} INFO - Filling up the DagBag from /opt/airflow/dags/dag_with_python_operator.py
[2025-04-16T17:58:22.111+0000] {processor.py:925} INFO - DAG(s) 'first_with_python_v3' retrieved from /opt/airflow/dags/dag_with_python_operator.py
[2025-04-16T17:58:22.154+0000] {logging_mixin.py:190} INFO - [2025-04-16T17:58:22.153+0000] {dag.py:3239} INFO - Sync 1 DAGs
[2025-04-16T17:58:22.194+0000] {logging_mixin.py:190} INFO - [2025-04-16T17:58:22.193+0000] {dag.py:4180} INFO - Setting next_dagrun for first_with_python_v3 to 2025-02-28 00:00:00+00:00, run_after=2025-03-01 00:00:00+00:00
[2025-04-16T17:58:22.222+0000] {processor.py:208} INFO - Processing /opt/airflow/dags/dag_with_python_operator.py took 0.150 seconds
[2025-04-16T17:58:52.416+0000] {processor.py:186} INFO - Started process (PID=1831) to work on /opt/airflow/dags/dag_with_python_operator.py
[2025-04-16T17:58:52.418+0000] {processor.py:914} INFO - Processing file /opt/airflow/dags/dag_with_python_operator.py for tasks to queue
[2025-04-16T17:58:52.423+0000] {logging_mixin.py:190} INFO - [2025-04-16T17:58:52.422+0000] {dagbag.py:588} INFO - Filling up the DagBag from /opt/airflow/dags/dag_with_python_operator.py
[2025-04-16T17:58:52.449+0000] {processor.py:925} INFO - DAG(s) 'first_with_python_v3' retrieved from /opt/airflow/dags/dag_with_python_operator.py
[2025-04-16T17:58:52.488+0000] {logging_mixin.py:190} INFO - [2025-04-16T17:58:52.488+0000] {dag.py:3239} INFO - Sync 1 DAGs
[2025-04-16T17:58:52.526+0000] {logging_mixin.py:190} INFO - [2025-04-16T17:58:52.525+0000] {dag.py:4180} INFO - Setting next_dagrun for first_with_python_v3 to 2025-02-28 00:00:00+00:00, run_after=2025-03-01 00:00:00+00:00
[2025-04-16T17:58:52.552+0000] {processor.py:208} INFO - Processing /opt/airflow/dags/dag_with_python_operator.py took 0.145 seconds
[2025-04-16T17:59:22.731+0000] {processor.py:186} INFO - Started process (PID=1842) to work on /opt/airflow/dags/dag_with_python_operator.py
[2025-04-16T17:59:22.733+0000] {processor.py:914} INFO - Processing file /opt/airflow/dags/dag_with_python_operator.py for tasks to queue
[2025-04-16T17:59:22.739+0000] {logging_mixin.py:190} INFO - [2025-04-16T17:59:22.738+0000] {dagbag.py:588} INFO - Filling up the DagBag from /opt/airflow/dags/dag_with_python_operator.py
[2025-04-16T17:59:22.766+0000] {processor.py:925} INFO - DAG(s) 'first_with_python_v3' retrieved from /opt/airflow/dags/dag_with_python_operator.py
[2025-04-16T17:59:22.807+0000] {logging_mixin.py:190} INFO - [2025-04-16T17:59:22.806+0000] {dag.py:3239} INFO - Sync 1 DAGs
[2025-04-16T17:59:22.843+0000] {logging_mixin.py:190} INFO - [2025-04-16T17:59:22.842+0000] {dag.py:4180} INFO - Setting next_dagrun for first_with_python_v3 to 2025-02-28 00:00:00+00:00, run_after=2025-03-01 00:00:00+00:00
[2025-04-16T17:59:22.872+0000] {processor.py:208} INFO - Processing /opt/airflow/dags/dag_with_python_operator.py took 0.150 seconds
[2025-04-16T17:59:53.065+0000] {processor.py:186} INFO - Started process (PID=1853) to work on /opt/airflow/dags/dag_with_python_operator.py
[2025-04-16T17:59:53.067+0000] {processor.py:914} INFO - Processing file /opt/airflow/dags/dag_with_python_operator.py for tasks to queue
[2025-04-16T17:59:53.071+0000] {logging_mixin.py:190} INFO - [2025-04-16T17:59:53.071+0000] {dagbag.py:588} INFO - Filling up the DagBag from /opt/airflow/dags/dag_with_python_operator.py
[2025-04-16T17:59:53.095+0000] {processor.py:925} INFO - DAG(s) 'first_with_python_v3' retrieved from /opt/airflow/dags/dag_with_python_operator.py
[2025-04-16T17:59:53.131+0000] {logging_mixin.py:190} INFO - [2025-04-16T17:59:53.131+0000] {dag.py:3239} INFO - Sync 1 DAGs
[2025-04-16T17:59:53.170+0000] {logging_mixin.py:190} INFO - [2025-04-16T17:59:53.169+0000] {dag.py:4180} INFO - Setting next_dagrun for first_with_python_v3 to 2025-02-28 00:00:00+00:00, run_after=2025-03-01 00:00:00+00:00
[2025-04-16T17:59:53.196+0000] {processor.py:208} INFO - Processing /opt/airflow/dags/dag_with_python_operator.py took 0.139 seconds
[2025-04-16T18:00:23.385+0000] {processor.py:186} INFO - Started process (PID=1864) to work on /opt/airflow/dags/dag_with_python_operator.py
[2025-04-16T18:00:23.388+0000] {processor.py:914} INFO - Processing file /opt/airflow/dags/dag_with_python_operator.py for tasks to queue
[2025-04-16T18:00:23.393+0000] {logging_mixin.py:190} INFO - [2025-04-16T18:00:23.393+0000] {dagbag.py:588} INFO - Filling up the DagBag from /opt/airflow/dags/dag_with_python_operator.py
[2025-04-16T18:00:23.431+0000] {processor.py:925} INFO - DAG(s) 'first_with_python_v3' retrieved from /opt/airflow/dags/dag_with_python_operator.py
[2025-04-16T18:00:23.466+0000] {logging_mixin.py:190} INFO - [2025-04-16T18:00:23.465+0000] {dag.py:3239} INFO - Sync 1 DAGs
[2025-04-16T18:00:23.502+0000] {logging_mixin.py:190} INFO - [2025-04-16T18:00:23.502+0000] {dag.py:4180} INFO - Setting next_dagrun for first_with_python_v3 to 2025-02-28 00:00:00+00:00, run_after=2025-03-01 00:00:00+00:00
[2025-04-16T18:00:23.529+0000] {processor.py:208} INFO - Processing /opt/airflow/dags/dag_with_python_operator.py took 0.151 seconds
[2025-04-16T18:00:53.720+0000] {processor.py:186} INFO - Started process (PID=1875) to work on /opt/airflow/dags/dag_with_python_operator.py
[2025-04-16T18:00:53.723+0000] {processor.py:914} INFO - Processing file /opt/airflow/dags/dag_with_python_operator.py for tasks to queue
[2025-04-16T18:00:53.729+0000] {logging_mixin.py:190} INFO - [2025-04-16T18:00:53.729+0000] {dagbag.py:588} INFO - Filling up the DagBag from /opt/airflow/dags/dag_with_python_operator.py
[2025-04-16T18:00:53.761+0000] {processor.py:925} INFO - DAG(s) 'first_with_python_v3' retrieved from /opt/airflow/dags/dag_with_python_operator.py
[2025-04-16T18:00:53.793+0000] {logging_mixin.py:190} INFO - [2025-04-16T18:00:53.793+0000] {dag.py:3239} INFO - Sync 1 DAGs
[2025-04-16T18:00:53.821+0000] {logging_mixin.py:190} INFO - [2025-04-16T18:00:53.821+0000] {dag.py:4180} INFO - Setting next_dagrun for first_with_python_v3 to 2025-02-28 00:00:00+00:00, run_after=2025-03-01 00:00:00+00:00
[2025-04-16T18:00:53.843+0000] {processor.py:208} INFO - Processing /opt/airflow/dags/dag_with_python_operator.py took 0.129 seconds
[2025-04-16T18:01:24.037+0000] {processor.py:186} INFO - Started process (PID=1886) to work on /opt/airflow/dags/dag_with_python_operator.py
[2025-04-16T18:01:24.041+0000] {processor.py:914} INFO - Processing file /opt/airflow/dags/dag_with_python_operator.py for tasks to queue
[2025-04-16T18:01:24.044+0000] {logging_mixin.py:190} INFO - [2025-04-16T18:01:24.044+0000] {dagbag.py:588} INFO - Filling up the DagBag from /opt/airflow/dags/dag_with_python_operator.py
[2025-04-16T18:01:24.077+0000] {processor.py:925} INFO - DAG(s) 'first_with_python_v3' retrieved from /opt/airflow/dags/dag_with_python_operator.py
[2025-04-16T18:01:24.103+0000] {logging_mixin.py:190} INFO - [2025-04-16T18:01:24.103+0000] {dag.py:3239} INFO - Sync 1 DAGs
[2025-04-16T18:01:24.136+0000] {logging_mixin.py:190} INFO - [2025-04-16T18:01:24.136+0000] {dag.py:4180} INFO - Setting next_dagrun for first_with_python_v3 to 2025-02-28 00:00:00+00:00, run_after=2025-03-01 00:00:00+00:00
[2025-04-16T18:01:24.179+0000] {processor.py:208} INFO - Processing /opt/airflow/dags/dag_with_python_operator.py took 0.151 seconds
[2025-04-16T18:01:54.300+0000] {processor.py:186} INFO - Started process (PID=1897) to work on /opt/airflow/dags/dag_with_python_operator.py
[2025-04-16T18:01:54.302+0000] {processor.py:914} INFO - Processing file /opt/airflow/dags/dag_with_python_operator.py for tasks to queue
[2025-04-16T18:01:54.306+0000] {logging_mixin.py:190} INFO - [2025-04-16T18:01:54.306+0000] {dagbag.py:588} INFO - Filling up the DagBag from /opt/airflow/dags/dag_with_python_operator.py
[2025-04-16T18:01:54.335+0000] {processor.py:925} INFO - DAG(s) 'first_with_python_v3' retrieved from /opt/airflow/dags/dag_with_python_operator.py
[2025-04-16T18:01:54.364+0000] {logging_mixin.py:190} INFO - [2025-04-16T18:01:54.364+0000] {dag.py:3239} INFO - Sync 1 DAGs
[2025-04-16T18:01:54.393+0000] {logging_mixin.py:190} INFO - [2025-04-16T18:01:54.392+0000] {dag.py:4180} INFO - Setting next_dagrun for first_with_python_v3 to 2025-02-28 00:00:00+00:00, run_after=2025-03-01 00:00:00+00:00
[2025-04-16T18:01:54.413+0000] {processor.py:208} INFO - Processing /opt/airflow/dags/dag_with_python_operator.py took 0.119 seconds
[2025-04-16T18:02:24.661+0000] {processor.py:186} INFO - Started process (PID=1908) to work on /opt/airflow/dags/dag_with_python_operator.py
[2025-04-16T18:02:24.664+0000] {processor.py:914} INFO - Processing file /opt/airflow/dags/dag_with_python_operator.py for tasks to queue
[2025-04-16T18:02:24.669+0000] {logging_mixin.py:190} INFO - [2025-04-16T18:02:24.668+0000] {dagbag.py:588} INFO - Filling up the DagBag from /opt/airflow/dags/dag_with_python_operator.py
[2025-04-16T18:02:24.714+0000] {processor.py:925} INFO - DAG(s) 'first_with_python_v3' retrieved from /opt/airflow/dags/dag_with_python_operator.py
[2025-04-16T18:02:24.771+0000] {logging_mixin.py:190} INFO - [2025-04-16T18:02:24.771+0000] {dag.py:3239} INFO - Sync 1 DAGs
[2025-04-16T18:02:24.811+0000] {logging_mixin.py:190} INFO - [2025-04-16T18:02:24.811+0000] {dag.py:4180} INFO - Setting next_dagrun for first_with_python_v3 to 2025-02-28 00:00:00+00:00, run_after=2025-03-01 00:00:00+00:00
[2025-04-16T18:02:24.830+0000] {processor.py:208} INFO - Processing /opt/airflow/dags/dag_with_python_operator.py took 0.175 seconds
[2025-04-16T18:02:55.077+0000] {processor.py:186} INFO - Started process (PID=1919) to work on /opt/airflow/dags/dag_with_python_operator.py
[2025-04-16T18:02:55.080+0000] {processor.py:914} INFO - Processing file /opt/airflow/dags/dag_with_python_operator.py for tasks to queue
[2025-04-16T18:02:55.085+0000] {logging_mixin.py:190} INFO - [2025-04-16T18:02:55.084+0000] {dagbag.py:588} INFO - Filling up the DagBag from /opt/airflow/dags/dag_with_python_operator.py
[2025-04-16T18:02:55.120+0000] {processor.py:925} INFO - DAG(s) 'first_with_python_v3' retrieved from /opt/airflow/dags/dag_with_python_operator.py
[2025-04-16T18:02:55.163+0000] {logging_mixin.py:190} INFO - [2025-04-16T18:02:55.163+0000] {dag.py:3239} INFO - Sync 1 DAGs
[2025-04-16T18:02:55.201+0000] {logging_mixin.py:190} INFO - [2025-04-16T18:02:55.201+0000] {dag.py:4180} INFO - Setting next_dagrun for first_with_python_v3 to 2025-02-28 00:00:00+00:00, run_after=2025-03-01 00:00:00+00:00
[2025-04-16T18:02:55.230+0000] {processor.py:208} INFO - Processing /opt/airflow/dags/dag_with_python_operator.py took 0.162 seconds
[2025-04-16T18:03:25.329+0000] {processor.py:186} INFO - Started process (PID=1930) to work on /opt/airflow/dags/dag_with_python_operator.py
[2025-04-16T18:03:25.333+0000] {processor.py:914} INFO - Processing file /opt/airflow/dags/dag_with_python_operator.py for tasks to queue
[2025-04-16T18:03:25.339+0000] {logging_mixin.py:190} INFO - [2025-04-16T18:03:25.339+0000] {dagbag.py:588} INFO - Filling up the DagBag from /opt/airflow/dags/dag_with_python_operator.py
[2025-04-16T18:03:25.369+0000] {processor.py:925} INFO - DAG(s) 'first_with_python_v3' retrieved from /opt/airflow/dags/dag_with_python_operator.py
[2025-04-16T18:03:25.395+0000] {logging_mixin.py:190} INFO - [2025-04-16T18:03:25.395+0000] {dag.py:3239} INFO - Sync 1 DAGs
[2025-04-16T18:03:25.421+0000] {logging_mixin.py:190} INFO - [2025-04-16T18:03:25.421+0000] {dag.py:4180} INFO - Setting next_dagrun for first_with_python_v3 to 2025-02-28 00:00:00+00:00, run_after=2025-03-01 00:00:00+00:00
[2025-04-16T18:03:25.442+0000] {processor.py:208} INFO - Processing /opt/airflow/dags/dag_with_python_operator.py took 0.124 seconds
[2025-04-16T18:03:55.739+0000] {processor.py:186} INFO - Started process (PID=1941) to work on /opt/airflow/dags/dag_with_python_operator.py
[2025-04-16T18:03:55.742+0000] {processor.py:914} INFO - Processing file /opt/airflow/dags/dag_with_python_operator.py for tasks to queue
[2025-04-16T18:03:55.748+0000] {logging_mixin.py:190} INFO - [2025-04-16T18:03:55.747+0000] {dagbag.py:588} INFO - Filling up the DagBag from /opt/airflow/dags/dag_with_python_operator.py
[2025-04-16T18:03:55.780+0000] {processor.py:925} INFO - DAG(s) 'first_with_python_v3' retrieved from /opt/airflow/dags/dag_with_python_operator.py
[2025-04-16T18:03:55.819+0000] {logging_mixin.py:190} INFO - [2025-04-16T18:03:55.819+0000] {dag.py:3239} INFO - Sync 1 DAGs
[2025-04-16T18:03:55.845+0000] {logging_mixin.py:190} INFO - [2025-04-16T18:03:55.845+0000] {dag.py:4180} INFO - Setting next_dagrun for first_with_python_v3 to 2025-02-28 00:00:00+00:00, run_after=2025-03-01 00:00:00+00:00
[2025-04-16T18:03:55.862+0000] {processor.py:208} INFO - Processing /opt/airflow/dags/dag_with_python_operator.py took 0.133 seconds
[2025-04-16T18:04:25.969+0000] {processor.py:186} INFO - Started process (PID=1952) to work on /opt/airflow/dags/dag_with_python_operator.py
[2025-04-16T18:04:25.971+0000] {processor.py:914} INFO - Processing file /opt/airflow/dags/dag_with_python_operator.py for tasks to queue
[2025-04-16T18:04:25.976+0000] {logging_mixin.py:190} INFO - [2025-04-16T18:04:25.976+0000] {dagbag.py:588} INFO - Filling up the DagBag from /opt/airflow/dags/dag_with_python_operator.py
[2025-04-16T18:04:26.005+0000] {processor.py:925} INFO - DAG(s) 'first_with_python_v3' retrieved from /opt/airflow/dags/dag_with_python_operator.py
[2025-04-16T18:04:26.048+0000] {logging_mixin.py:190} INFO - [2025-04-16T18:04:26.048+0000] {dag.py:3239} INFO - Sync 1 DAGs
[2025-04-16T18:04:26.090+0000] {logging_mixin.py:190} INFO - [2025-04-16T18:04:26.090+0000] {dag.py:4180} INFO - Setting next_dagrun for first_with_python_v3 to 2025-02-28 00:00:00+00:00, run_after=2025-03-01 00:00:00+00:00
[2025-04-16T18:04:26.120+0000] {processor.py:208} INFO - Processing /opt/airflow/dags/dag_with_python_operator.py took 0.160 seconds
[2025-04-16T18:04:56.318+0000] {processor.py:186} INFO - Started process (PID=1963) to work on /opt/airflow/dags/dag_with_python_operator.py
[2025-04-16T18:04:56.320+0000] {processor.py:914} INFO - Processing file /opt/airflow/dags/dag_with_python_operator.py for tasks to queue
[2025-04-16T18:04:56.323+0000] {logging_mixin.py:190} INFO - [2025-04-16T18:04:56.323+0000] {dagbag.py:588} INFO - Filling up the DagBag from /opt/airflow/dags/dag_with_python_operator.py
[2025-04-16T18:04:56.353+0000] {processor.py:925} INFO - DAG(s) 'first_with_python_v3' retrieved from /opt/airflow/dags/dag_with_python_operator.py
[2025-04-16T18:04:56.387+0000] {logging_mixin.py:190} INFO - [2025-04-16T18:04:56.387+0000] {dag.py:3239} INFO - Sync 1 DAGs
[2025-04-16T18:04:56.423+0000] {logging_mixin.py:190} INFO - [2025-04-16T18:04:56.423+0000] {dag.py:4180} INFO - Setting next_dagrun for first_with_python_v3 to 2025-02-28 00:00:00+00:00, run_after=2025-03-01 00:00:00+00:00
[2025-04-16T18:04:56.443+0000] {processor.py:208} INFO - Processing /opt/airflow/dags/dag_with_python_operator.py took 0.131 seconds
[2025-04-16T18:05:26.582+0000] {processor.py:186} INFO - Started process (PID=1974) to work on /opt/airflow/dags/dag_with_python_operator.py
[2025-04-16T18:05:26.585+0000] {processor.py:914} INFO - Processing file /opt/airflow/dags/dag_with_python_operator.py for tasks to queue
[2025-04-16T18:05:26.588+0000] {logging_mixin.py:190} INFO - [2025-04-16T18:05:26.587+0000] {dagbag.py:588} INFO - Filling up the DagBag from /opt/airflow/dags/dag_with_python_operator.py
[2025-04-16T18:05:26.629+0000] {processor.py:925} INFO - DAG(s) 'first_with_python_v3' retrieved from /opt/airflow/dags/dag_with_python_operator.py
[2025-04-16T18:05:26.672+0000] {logging_mixin.py:190} INFO - [2025-04-16T18:05:26.671+0000] {dag.py:3239} INFO - Sync 1 DAGs
[2025-04-16T18:05:26.710+0000] {logging_mixin.py:190} INFO - [2025-04-16T18:05:26.709+0000] {dag.py:4180} INFO - Setting next_dagrun for first_with_python_v3 to 2025-02-28 00:00:00+00:00, run_after=2025-03-01 00:00:00+00:00
[2025-04-16T18:05:26.745+0000] {processor.py:208} INFO - Processing /opt/airflow/dags/dag_with_python_operator.py took 0.168 seconds
[2025-04-16T18:05:56.883+0000] {processor.py:186} INFO - Started process (PID=1985) to work on /opt/airflow/dags/dag_with_python_operator.py
[2025-04-16T18:05:56.885+0000] {processor.py:914} INFO - Processing file /opt/airflow/dags/dag_with_python_operator.py for tasks to queue
[2025-04-16T18:05:56.888+0000] {logging_mixin.py:190} INFO - [2025-04-16T18:05:56.888+0000] {dagbag.py:588} INFO - Filling up the DagBag from /opt/airflow/dags/dag_with_python_operator.py
[2025-04-16T18:05:56.905+0000] {processor.py:925} INFO - DAG(s) 'first_with_python_v3' retrieved from /opt/airflow/dags/dag_with_python_operator.py
[2025-04-16T18:05:56.927+0000] {logging_mixin.py:190} INFO - [2025-04-16T18:05:56.927+0000] {dag.py:3239} INFO - Sync 1 DAGs
[2025-04-16T18:05:56.948+0000] {logging_mixin.py:190} INFO - [2025-04-16T18:05:56.948+0000] {dag.py:4180} INFO - Setting next_dagrun for first_with_python_v3 to 2025-02-28 00:00:00+00:00, run_after=2025-03-01 00:00:00+00:00
[2025-04-16T18:05:56.964+0000] {processor.py:208} INFO - Processing /opt/airflow/dags/dag_with_python_operator.py took 0.085 seconds
[2025-04-16T18:06:27.246+0000] {processor.py:186} INFO - Started process (PID=1996) to work on /opt/airflow/dags/dag_with_python_operator.py
[2025-04-16T18:06:27.249+0000] {processor.py:914} INFO - Processing file /opt/airflow/dags/dag_with_python_operator.py for tasks to queue
[2025-04-16T18:06:27.258+0000] {logging_mixin.py:190} INFO - [2025-04-16T18:06:27.258+0000] {dagbag.py:588} INFO - Filling up the DagBag from /opt/airflow/dags/dag_with_python_operator.py
[2025-04-16T18:06:27.297+0000] {processor.py:925} INFO - DAG(s) 'first_with_python_v3' retrieved from /opt/airflow/dags/dag_with_python_operator.py
[2025-04-16T18:06:27.327+0000] {logging_mixin.py:190} INFO - [2025-04-16T18:06:27.327+0000] {dag.py:3239} INFO - Sync 1 DAGs
[2025-04-16T18:06:27.351+0000] {logging_mixin.py:190} INFO - [2025-04-16T18:06:27.351+0000] {dag.py:4180} INFO - Setting next_dagrun for first_with_python_v3 to 2025-02-28 00:00:00+00:00, run_after=2025-03-01 00:00:00+00:00
[2025-04-16T18:06:27.372+0000] {processor.py:208} INFO - Processing /opt/airflow/dags/dag_with_python_operator.py took 0.137 seconds
[2025-04-16T18:06:57.514+0000] {processor.py:186} INFO - Started process (PID=2007) to work on /opt/airflow/dags/dag_with_python_operator.py
[2025-04-16T18:06:57.519+0000] {processor.py:914} INFO - Processing file /opt/airflow/dags/dag_with_python_operator.py for tasks to queue
[2025-04-16T18:06:57.530+0000] {logging_mixin.py:190} INFO - [2025-04-16T18:06:57.529+0000] {dagbag.py:588} INFO - Filling up the DagBag from /opt/airflow/dags/dag_with_python_operator.py
[2025-04-16T18:06:57.572+0000] {processor.py:925} INFO - DAG(s) 'first_with_python_v3' retrieved from /opt/airflow/dags/dag_with_python_operator.py
[2025-04-16T18:06:57.625+0000] {logging_mixin.py:190} INFO - [2025-04-16T18:06:57.625+0000] {dag.py:3239} INFO - Sync 1 DAGs
[2025-04-16T18:06:57.661+0000] {logging_mixin.py:190} INFO - [2025-04-16T18:06:57.661+0000] {dag.py:4180} INFO - Setting next_dagrun for first_with_python_v3 to 2025-02-28 00:00:00+00:00, run_after=2025-03-01 00:00:00+00:00
[2025-04-16T18:06:57.697+0000] {processor.py:208} INFO - Processing /opt/airflow/dags/dag_with_python_operator.py took 0.200 seconds
[2025-04-16T18:07:27.904+0000] {processor.py:186} INFO - Started process (PID=2018) to work on /opt/airflow/dags/dag_with_python_operator.py
[2025-04-16T18:07:27.911+0000] {processor.py:914} INFO - Processing file /opt/airflow/dags/dag_with_python_operator.py for tasks to queue
[2025-04-16T18:07:27.922+0000] {logging_mixin.py:190} INFO - [2025-04-16T18:07:27.921+0000] {dagbag.py:588} INFO - Filling up the DagBag from /opt/airflow/dags/dag_with_python_operator.py
[2025-04-16T18:07:27.956+0000] {processor.py:925} INFO - DAG(s) 'first_with_python_v3' retrieved from /opt/airflow/dags/dag_with_python_operator.py
[2025-04-16T18:07:27.987+0000] {logging_mixin.py:190} INFO - [2025-04-16T18:07:27.987+0000] {dag.py:3239} INFO - Sync 1 DAGs
[2025-04-16T18:07:28.026+0000] {logging_mixin.py:190} INFO - [2025-04-16T18:07:28.025+0000] {dag.py:4180} INFO - Setting next_dagrun for first_with_python_v3 to 2025-02-28 00:00:00+00:00, run_after=2025-03-01 00:00:00+00:00
[2025-04-16T18:07:28.051+0000] {processor.py:208} INFO - Processing /opt/airflow/dags/dag_with_python_operator.py took 0.158 seconds
[2025-04-16T18:07:58.145+0000] {processor.py:186} INFO - Started process (PID=2029) to work on /opt/airflow/dags/dag_with_python_operator.py
[2025-04-16T18:07:58.147+0000] {processor.py:914} INFO - Processing file /opt/airflow/dags/dag_with_python_operator.py for tasks to queue
[2025-04-16T18:07:58.150+0000] {logging_mixin.py:190} INFO - [2025-04-16T18:07:58.150+0000] {dagbag.py:588} INFO - Filling up the DagBag from /opt/airflow/dags/dag_with_python_operator.py
[2025-04-16T18:07:58.165+0000] {processor.py:925} INFO - DAG(s) 'first_with_python_v3' retrieved from /opt/airflow/dags/dag_with_python_operator.py
[2025-04-16T18:07:58.195+0000] {logging_mixin.py:190} INFO - [2025-04-16T18:07:58.194+0000] {dag.py:3239} INFO - Sync 1 DAGs
[2025-04-16T18:07:58.215+0000] {logging_mixin.py:190} INFO - [2025-04-16T18:07:58.215+0000] {dag.py:4180} INFO - Setting next_dagrun for first_with_python_v3 to 2025-02-28 00:00:00+00:00, run_after=2025-03-01 00:00:00+00:00
[2025-04-16T18:07:58.231+0000] {processor.py:208} INFO - Processing /opt/airflow/dags/dag_with_python_operator.py took 0.091 seconds
[2025-04-16T18:08:28.427+0000] {processor.py:186} INFO - Started process (PID=2040) to work on /opt/airflow/dags/dag_with_python_operator.py
[2025-04-16T18:08:28.430+0000] {processor.py:914} INFO - Processing file /opt/airflow/dags/dag_with_python_operator.py for tasks to queue
[2025-04-16T18:08:28.434+0000] {logging_mixin.py:190} INFO - [2025-04-16T18:08:28.433+0000] {dagbag.py:588} INFO - Filling up the DagBag from /opt/airflow/dags/dag_with_python_operator.py
[2025-04-16T18:08:28.453+0000] {processor.py:925} INFO - DAG(s) 'first_with_python_v3' retrieved from /opt/airflow/dags/dag_with_python_operator.py
[2025-04-16T18:08:28.478+0000] {logging_mixin.py:190} INFO - [2025-04-16T18:08:28.477+0000] {dag.py:3239} INFO - Sync 1 DAGs
[2025-04-16T18:08:28.498+0000] {logging_mixin.py:190} INFO - [2025-04-16T18:08:28.498+0000] {dag.py:4180} INFO - Setting next_dagrun for first_with_python_v3 to 2025-02-28 00:00:00+00:00, run_after=2025-03-01 00:00:00+00:00
[2025-04-16T18:08:28.515+0000] {processor.py:208} INFO - Processing /opt/airflow/dags/dag_with_python_operator.py took 0.096 seconds
[2025-04-16T18:08:58.756+0000] {processor.py:186} INFO - Started process (PID=2051) to work on /opt/airflow/dags/dag_with_python_operator.py
[2025-04-16T18:08:58.758+0000] {processor.py:914} INFO - Processing file /opt/airflow/dags/dag_with_python_operator.py for tasks to queue
[2025-04-16T18:08:58.761+0000] {logging_mixin.py:190} INFO - [2025-04-16T18:08:58.761+0000] {dagbag.py:588} INFO - Filling up the DagBag from /opt/airflow/dags/dag_with_python_operator.py
[2025-04-16T18:08:58.789+0000] {processor.py:925} INFO - DAG(s) 'first_with_python_v3' retrieved from /opt/airflow/dags/dag_with_python_operator.py
[2025-04-16T18:08:58.828+0000] {logging_mixin.py:190} INFO - [2025-04-16T18:08:58.827+0000] {dag.py:3239} INFO - Sync 1 DAGs
[2025-04-16T18:08:58.864+0000] {logging_mixin.py:190} INFO - [2025-04-16T18:08:58.864+0000] {dag.py:4180} INFO - Setting next_dagrun for first_with_python_v3 to 2025-02-28 00:00:00+00:00, run_after=2025-03-01 00:00:00+00:00
[2025-04-16T18:08:58.895+0000] {processor.py:208} INFO - Processing /opt/airflow/dags/dag_with_python_operator.py took 0.148 seconds
[2025-04-16T18:09:29.080+0000] {processor.py:186} INFO - Started process (PID=2062) to work on /opt/airflow/dags/dag_with_python_operator.py
[2025-04-16T18:09:29.082+0000] {processor.py:914} INFO - Processing file /opt/airflow/dags/dag_with_python_operator.py for tasks to queue
[2025-04-16T18:09:29.086+0000] {logging_mixin.py:190} INFO - [2025-04-16T18:09:29.086+0000] {dagbag.py:588} INFO - Filling up the DagBag from /opt/airflow/dags/dag_with_python_operator.py
[2025-04-16T18:09:29.110+0000] {processor.py:925} INFO - DAG(s) 'first_with_python_v3' retrieved from /opt/airflow/dags/dag_with_python_operator.py
[2025-04-16T18:09:29.133+0000] {logging_mixin.py:190} INFO - [2025-04-16T18:09:29.133+0000] {dag.py:3239} INFO - Sync 1 DAGs
[2025-04-16T18:09:29.154+0000] {logging_mixin.py:190} INFO - [2025-04-16T18:09:29.154+0000] {dag.py:4180} INFO - Setting next_dagrun for first_with_python_v3 to 2025-02-28 00:00:00+00:00, run_after=2025-03-01 00:00:00+00:00
[2025-04-16T18:09:29.171+0000] {processor.py:208} INFO - Processing /opt/airflow/dags/dag_with_python_operator.py took 0.100 seconds
[2025-04-16T18:09:59.426+0000] {processor.py:186} INFO - Started process (PID=2073) to work on /opt/airflow/dags/dag_with_python_operator.py
[2025-04-16T18:09:59.428+0000] {processor.py:914} INFO - Processing file /opt/airflow/dags/dag_with_python_operator.py for tasks to queue
[2025-04-16T18:09:59.434+0000] {logging_mixin.py:190} INFO - [2025-04-16T18:09:59.433+0000] {dagbag.py:588} INFO - Filling up the DagBag from /opt/airflow/dags/dag_with_python_operator.py
[2025-04-16T18:09:59.475+0000] {processor.py:925} INFO - DAG(s) 'first_with_python_v3' retrieved from /opt/airflow/dags/dag_with_python_operator.py
[2025-04-16T18:09:59.502+0000] {logging_mixin.py:190} INFO - [2025-04-16T18:09:59.501+0000] {dag.py:3239} INFO - Sync 1 DAGs
[2025-04-16T18:09:59.525+0000] {logging_mixin.py:190} INFO - [2025-04-16T18:09:59.525+0000] {dag.py:4180} INFO - Setting next_dagrun for first_with_python_v3 to 2025-02-28 00:00:00+00:00, run_after=2025-03-01 00:00:00+00:00
[2025-04-16T18:09:59.544+0000] {processor.py:208} INFO - Processing /opt/airflow/dags/dag_with_python_operator.py took 0.127 seconds
[2025-04-16T18:10:29.684+0000] {processor.py:186} INFO - Started process (PID=2084) to work on /opt/airflow/dags/dag_with_python_operator.py
[2025-04-16T18:10:29.687+0000] {processor.py:914} INFO - Processing file /opt/airflow/dags/dag_with_python_operator.py for tasks to queue
[2025-04-16T18:10:29.693+0000] {logging_mixin.py:190} INFO - [2025-04-16T18:10:29.691+0000] {dagbag.py:588} INFO - Filling up the DagBag from /opt/airflow/dags/dag_with_python_operator.py
[2025-04-16T18:10:29.794+0000] {processor.py:925} INFO - DAG(s) 'first_with_python_v3' retrieved from /opt/airflow/dags/dag_with_python_operator.py
[2025-04-16T18:10:29.845+0000] {logging_mixin.py:190} INFO - [2025-04-16T18:10:29.844+0000] {dag.py:3239} INFO - Sync 1 DAGs
[2025-04-16T18:10:29.892+0000] {logging_mixin.py:190} INFO - [2025-04-16T18:10:29.892+0000] {dag.py:4180} INFO - Setting next_dagrun for first_with_python_v3 to 2025-02-28 00:00:00+00:00, run_after=2025-03-01 00:00:00+00:00
[2025-04-16T18:10:29.919+0000] {processor.py:208} INFO - Processing /opt/airflow/dags/dag_with_python_operator.py took 0.244 seconds
[2025-04-16T18:11:00.075+0000] {processor.py:186} INFO - Started process (PID=2095) to work on /opt/airflow/dags/dag_with_python_operator.py
[2025-04-16T18:11:00.078+0000] {processor.py:914} INFO - Processing file /opt/airflow/dags/dag_with_python_operator.py for tasks to queue
[2025-04-16T18:11:00.087+0000] {logging_mixin.py:190} INFO - [2025-04-16T18:11:00.084+0000] {dagbag.py:588} INFO - Filling up the DagBag from /opt/airflow/dags/dag_with_python_operator.py
[2025-04-16T18:11:00.143+0000] {processor.py:925} INFO - DAG(s) 'first_with_python_v3' retrieved from /opt/airflow/dags/dag_with_python_operator.py
[2025-04-16T18:11:00.197+0000] {logging_mixin.py:190} INFO - [2025-04-16T18:11:00.197+0000] {dag.py:3239} INFO - Sync 1 DAGs
[2025-04-16T18:11:00.226+0000] {logging_mixin.py:190} INFO - [2025-04-16T18:11:00.226+0000] {dag.py:4180} INFO - Setting next_dagrun for first_with_python_v3 to 2025-02-28 00:00:00+00:00, run_after=2025-03-01 00:00:00+00:00
[2025-04-16T18:11:00.245+0000] {processor.py:208} INFO - Processing /opt/airflow/dags/dag_with_python_operator.py took 0.181 seconds
[2025-04-16T18:11:30.448+0000] {processor.py:186} INFO - Started process (PID=2105) to work on /opt/airflow/dags/dag_with_python_operator.py
[2025-04-16T18:11:30.449+0000] {processor.py:914} INFO - Processing file /opt/airflow/dags/dag_with_python_operator.py for tasks to queue
[2025-04-16T18:11:30.452+0000] {logging_mixin.py:190} INFO - [2025-04-16T18:11:30.452+0000] {dagbag.py:588} INFO - Filling up the DagBag from /opt/airflow/dags/dag_with_python_operator.py
[2025-04-16T18:11:30.476+0000] {processor.py:925} INFO - DAG(s) 'first_with_python_v3' retrieved from /opt/airflow/dags/dag_with_python_operator.py
[2025-04-16T18:11:30.551+0000] {logging_mixin.py:190} INFO - [2025-04-16T18:11:30.550+0000] {dag.py:3239} INFO - Sync 1 DAGs
[2025-04-16T18:11:30.588+0000] {logging_mixin.py:190} INFO - [2025-04-16T18:11:30.588+0000] {dag.py:4180} INFO - Setting next_dagrun for first_with_python_v3 to 2025-02-28 00:00:00+00:00, run_after=2025-03-01 00:00:00+00:00
[2025-04-16T18:11:30.626+0000] {processor.py:208} INFO - Processing /opt/airflow/dags/dag_with_python_operator.py took 0.184 seconds
[2025-04-16T18:12:00.748+0000] {processor.py:186} INFO - Started process (PID=2116) to work on /opt/airflow/dags/dag_with_python_operator.py
[2025-04-16T18:12:00.750+0000] {processor.py:914} INFO - Processing file /opt/airflow/dags/dag_with_python_operator.py for tasks to queue
[2025-04-16T18:12:00.753+0000] {logging_mixin.py:190} INFO - [2025-04-16T18:12:00.753+0000] {dagbag.py:588} INFO - Filling up the DagBag from /opt/airflow/dags/dag_with_python_operator.py
[2025-04-16T18:12:00.780+0000] {processor.py:925} INFO - DAG(s) 'first_with_python_v3' retrieved from /opt/airflow/dags/dag_with_python_operator.py
[2025-04-16T18:12:00.807+0000] {logging_mixin.py:190} INFO - [2025-04-16T18:12:00.807+0000] {dag.py:3239} INFO - Sync 1 DAGs
[2025-04-16T18:12:00.832+0000] {logging_mixin.py:190} INFO - [2025-04-16T18:12:00.832+0000] {dag.py:4180} INFO - Setting next_dagrun for first_with_python_v3 to 2025-02-28 00:00:00+00:00, run_after=2025-03-01 00:00:00+00:00
[2025-04-16T18:12:00.852+0000] {processor.py:208} INFO - Processing /opt/airflow/dags/dag_with_python_operator.py took 0.110 seconds
[2025-04-16T18:12:31.142+0000] {processor.py:186} INFO - Started process (PID=2127) to work on /opt/airflow/dags/dag_with_python_operator.py
[2025-04-16T18:12:31.143+0000] {processor.py:914} INFO - Processing file /opt/airflow/dags/dag_with_python_operator.py for tasks to queue
[2025-04-16T18:12:31.146+0000] {logging_mixin.py:190} INFO - [2025-04-16T18:12:31.146+0000] {dagbag.py:588} INFO - Filling up the DagBag from /opt/airflow/dags/dag_with_python_operator.py
[2025-04-16T18:12:31.182+0000] {processor.py:925} INFO - DAG(s) 'first_with_python_v3' retrieved from /opt/airflow/dags/dag_with_python_operator.py
[2025-04-16T18:12:31.228+0000] {logging_mixin.py:190} INFO - [2025-04-16T18:12:31.228+0000] {dag.py:3239} INFO - Sync 1 DAGs
[2025-04-16T18:12:31.267+0000] {logging_mixin.py:190} INFO - [2025-04-16T18:12:31.267+0000] {dag.py:4180} INFO - Setting next_dagrun for first_with_python_v3 to 2025-02-28 00:00:00+00:00, run_after=2025-03-01 00:00:00+00:00
[2025-04-16T18:12:31.299+0000] {processor.py:208} INFO - Processing /opt/airflow/dags/dag_with_python_operator.py took 0.164 seconds
[2025-04-16T18:13:01.442+0000] {processor.py:186} INFO - Started process (PID=2138) to work on /opt/airflow/dags/dag_with_python_operator.py
[2025-04-16T18:13:01.446+0000] {processor.py:914} INFO - Processing file /opt/airflow/dags/dag_with_python_operator.py for tasks to queue
[2025-04-16T18:13:01.457+0000] {logging_mixin.py:190} INFO - [2025-04-16T18:13:01.456+0000] {dagbag.py:588} INFO - Filling up the DagBag from /opt/airflow/dags/dag_with_python_operator.py
[2025-04-16T18:13:01.511+0000] {processor.py:925} INFO - DAG(s) 'first_with_python_v3' retrieved from /opt/airflow/dags/dag_with_python_operator.py
[2025-04-16T18:13:01.553+0000] {logging_mixin.py:190} INFO - [2025-04-16T18:13:01.553+0000] {dag.py:3239} INFO - Sync 1 DAGs
[2025-04-16T18:13:01.580+0000] {logging_mixin.py:190} INFO - [2025-04-16T18:13:01.580+0000] {dag.py:4180} INFO - Setting next_dagrun for first_with_python_v3 to 2025-02-28 00:00:00+00:00, run_after=2025-03-01 00:00:00+00:00
[2025-04-16T18:13:01.598+0000] {processor.py:208} INFO - Processing /opt/airflow/dags/dag_with_python_operator.py took 0.169 seconds
[2025-04-16T18:13:31.864+0000] {processor.py:186} INFO - Started process (PID=2149) to work on /opt/airflow/dags/dag_with_python_operator.py
[2025-04-16T18:13:31.867+0000] {processor.py:914} INFO - Processing file /opt/airflow/dags/dag_with_python_operator.py for tasks to queue
[2025-04-16T18:13:31.873+0000] {logging_mixin.py:190} INFO - [2025-04-16T18:13:31.872+0000] {dagbag.py:588} INFO - Filling up the DagBag from /opt/airflow/dags/dag_with_python_operator.py
[2025-04-16T18:13:31.922+0000] {processor.py:925} INFO - DAG(s) 'first_with_python_v3' retrieved from /opt/airflow/dags/dag_with_python_operator.py
[2025-04-16T18:13:31.957+0000] {logging_mixin.py:190} INFO - [2025-04-16T18:13:31.957+0000] {dag.py:3239} INFO - Sync 1 DAGs
[2025-04-16T18:13:31.995+0000] {logging_mixin.py:190} INFO - [2025-04-16T18:13:31.994+0000] {dag.py:4180} INFO - Setting next_dagrun for first_with_python_v3 to 2025-02-28 00:00:00+00:00, run_after=2025-03-01 00:00:00+00:00
[2025-04-16T18:13:32.025+0000] {processor.py:208} INFO - Processing /opt/airflow/dags/dag_with_python_operator.py took 0.175 seconds
[2025-04-16T18:14:02.212+0000] {processor.py:186} INFO - Started process (PID=2160) to work on /opt/airflow/dags/dag_with_python_operator.py
[2025-04-16T18:14:02.214+0000] {processor.py:914} INFO - Processing file /opt/airflow/dags/dag_with_python_operator.py for tasks to queue
[2025-04-16T18:14:02.218+0000] {logging_mixin.py:190} INFO - [2025-04-16T18:14:02.218+0000] {dagbag.py:588} INFO - Filling up the DagBag from /opt/airflow/dags/dag_with_python_operator.py
[2025-04-16T18:14:02.254+0000] {processor.py:925} INFO - DAG(s) 'first_with_python_v3' retrieved from /opt/airflow/dags/dag_with_python_operator.py
[2025-04-16T18:14:02.289+0000] {logging_mixin.py:190} INFO - [2025-04-16T18:14:02.289+0000] {dag.py:3239} INFO - Sync 1 DAGs
[2025-04-16T18:14:02.314+0000] {logging_mixin.py:190} INFO - [2025-04-16T18:14:02.313+0000] {dag.py:4180} INFO - Setting next_dagrun for first_with_python_v3 to 2025-02-28 00:00:00+00:00, run_after=2025-03-01 00:00:00+00:00
[2025-04-16T18:14:02.334+0000] {processor.py:208} INFO - Processing /opt/airflow/dags/dag_with_python_operator.py took 0.129 seconds
[2025-04-16T18:14:32.548+0000] {processor.py:186} INFO - Started process (PID=2171) to work on /opt/airflow/dags/dag_with_python_operator.py
[2025-04-16T18:14:32.550+0000] {processor.py:914} INFO - Processing file /opt/airflow/dags/dag_with_python_operator.py for tasks to queue
[2025-04-16T18:14:32.555+0000] {logging_mixin.py:190} INFO - [2025-04-16T18:14:32.555+0000] {dagbag.py:588} INFO - Filling up the DagBag from /opt/airflow/dags/dag_with_python_operator.py
[2025-04-16T18:14:32.619+0000] {processor.py:925} INFO - DAG(s) 'first_with_python_v3' retrieved from /opt/airflow/dags/dag_with_python_operator.py
[2025-04-16T18:14:32.684+0000] {logging_mixin.py:190} INFO - [2025-04-16T18:14:32.683+0000] {dag.py:3239} INFO - Sync 1 DAGs
[2025-04-16T18:14:32.730+0000] {logging_mixin.py:190} INFO - [2025-04-16T18:14:32.730+0000] {dag.py:4180} INFO - Setting next_dagrun for first_with_python_v3 to 2025-02-28 00:00:00+00:00, run_after=2025-03-01 00:00:00+00:00
[2025-04-16T18:14:32.759+0000] {processor.py:208} INFO - Processing /opt/airflow/dags/dag_with_python_operator.py took 0.223 seconds
[2025-04-16T18:15:02.812+0000] {processor.py:186} INFO - Started process (PID=2182) to work on /opt/airflow/dags/dag_with_python_operator.py
[2025-04-16T18:15:02.814+0000] {processor.py:914} INFO - Processing file /opt/airflow/dags/dag_with_python_operator.py for tasks to queue
[2025-04-16T18:15:02.817+0000] {logging_mixin.py:190} INFO - [2025-04-16T18:15:02.816+0000] {dagbag.py:588} INFO - Filling up the DagBag from /opt/airflow/dags/dag_with_python_operator.py
[2025-04-16T18:15:02.842+0000] {processor.py:925} INFO - DAG(s) 'first_with_python_v3' retrieved from /opt/airflow/dags/dag_with_python_operator.py
[2025-04-16T18:15:02.884+0000] {logging_mixin.py:190} INFO - [2025-04-16T18:15:02.883+0000] {dag.py:3239} INFO - Sync 1 DAGs
[2025-04-16T18:15:02.907+0000] {logging_mixin.py:190} INFO - [2025-04-16T18:15:02.907+0000] {dag.py:4180} INFO - Setting next_dagrun for first_with_python_v3 to 2025-02-28 00:00:00+00:00, run_after=2025-03-01 00:00:00+00:00
[2025-04-16T18:15:02.923+0000] {processor.py:208} INFO - Processing /opt/airflow/dags/dag_with_python_operator.py took 0.117 seconds
[2025-04-16T18:15:33.084+0000] {processor.py:186} INFO - Started process (PID=2193) to work on /opt/airflow/dags/dag_with_python_operator.py
[2025-04-16T18:15:33.086+0000] {processor.py:914} INFO - Processing file /opt/airflow/dags/dag_with_python_operator.py for tasks to queue
[2025-04-16T18:15:33.092+0000] {logging_mixin.py:190} INFO - [2025-04-16T18:15:33.090+0000] {dagbag.py:588} INFO - Filling up the DagBag from /opt/airflow/dags/dag_with_python_operator.py
[2025-04-16T18:15:33.123+0000] {processor.py:925} INFO - DAG(s) 'first_with_python_v3' retrieved from /opt/airflow/dags/dag_with_python_operator.py
[2025-04-16T18:15:33.153+0000] {logging_mixin.py:190} INFO - [2025-04-16T18:15:33.153+0000] {dag.py:3239} INFO - Sync 1 DAGs
[2025-04-16T18:15:33.177+0000] {logging_mixin.py:190} INFO - [2025-04-16T18:15:33.176+0000] {dag.py:4180} INFO - Setting next_dagrun for first_with_python_v3 to 2025-02-28 00:00:00+00:00, run_after=2025-03-01 00:00:00+00:00
[2025-04-16T18:15:33.194+0000] {processor.py:208} INFO - Processing /opt/airflow/dags/dag_with_python_operator.py took 0.122 seconds
[2025-04-16T18:16:03.422+0000] {processor.py:186} INFO - Started process (PID=2204) to work on /opt/airflow/dags/dag_with_python_operator.py
[2025-04-16T18:16:03.424+0000] {processor.py:914} INFO - Processing file /opt/airflow/dags/dag_with_python_operator.py for tasks to queue
[2025-04-16T18:16:03.427+0000] {logging_mixin.py:190} INFO - [2025-04-16T18:16:03.427+0000] {dagbag.py:588} INFO - Filling up the DagBag from /opt/airflow/dags/dag_with_python_operator.py
[2025-04-16T18:16:03.452+0000] {processor.py:925} INFO - DAG(s) 'first_with_python_v3' retrieved from /opt/airflow/dags/dag_with_python_operator.py
[2025-04-16T18:16:03.490+0000] {logging_mixin.py:190} INFO - [2025-04-16T18:16:03.490+0000] {dag.py:3239} INFO - Sync 1 DAGs
[2025-04-16T18:16:03.523+0000] {logging_mixin.py:190} INFO - [2025-04-16T18:16:03.523+0000] {dag.py:4180} INFO - Setting next_dagrun for first_with_python_v3 to 2025-02-28 00:00:00+00:00, run_after=2025-03-01 00:00:00+00:00
[2025-04-16T18:16:03.545+0000] {processor.py:208} INFO - Processing /opt/airflow/dags/dag_with_python_operator.py took 0.130 seconds
[2025-04-16T18:16:33.705+0000] {processor.py:186} INFO - Started process (PID=2215) to work on /opt/airflow/dags/dag_with_python_operator.py
[2025-04-16T18:16:33.708+0000] {processor.py:914} INFO - Processing file /opt/airflow/dags/dag_with_python_operator.py for tasks to queue
[2025-04-16T18:16:33.714+0000] {logging_mixin.py:190} INFO - [2025-04-16T18:16:33.714+0000] {dagbag.py:588} INFO - Filling up the DagBag from /opt/airflow/dags/dag_with_python_operator.py
[2025-04-16T18:16:33.770+0000] {processor.py:925} INFO - DAG(s) 'first_with_python_v3' retrieved from /opt/airflow/dags/dag_with_python_operator.py
[2025-04-16T18:16:33.824+0000] {logging_mixin.py:190} INFO - [2025-04-16T18:16:33.823+0000] {dag.py:3239} INFO - Sync 1 DAGs
[2025-04-16T18:16:33.860+0000] {logging_mixin.py:190} INFO - [2025-04-16T18:16:33.860+0000] {dag.py:4180} INFO - Setting next_dagrun for first_with_python_v3 to 2025-02-28 00:00:00+00:00, run_after=2025-03-01 00:00:00+00:00
[2025-04-16T18:16:33.884+0000] {processor.py:208} INFO - Processing /opt/airflow/dags/dag_with_python_operator.py took 0.190 seconds
[2025-04-16T18:17:04.063+0000] {processor.py:186} INFO - Started process (PID=2226) to work on /opt/airflow/dags/dag_with_python_operator.py
[2025-04-16T18:17:04.065+0000] {processor.py:914} INFO - Processing file /opt/airflow/dags/dag_with_python_operator.py for tasks to queue
[2025-04-16T18:17:04.069+0000] {logging_mixin.py:190} INFO - [2025-04-16T18:17:04.069+0000] {dagbag.py:588} INFO - Filling up the DagBag from /opt/airflow/dags/dag_with_python_operator.py
[2025-04-16T18:17:04.112+0000] {processor.py:925} INFO - DAG(s) 'first_with_python_v3' retrieved from /opt/airflow/dags/dag_with_python_operator.py
[2025-04-16T18:17:04.162+0000] {logging_mixin.py:190} INFO - [2025-04-16T18:17:04.161+0000] {dag.py:3239} INFO - Sync 1 DAGs
[2025-04-16T18:17:04.200+0000] {logging_mixin.py:190} INFO - [2025-04-16T18:17:04.199+0000] {dag.py:4180} INFO - Setting next_dagrun for first_with_python_v3 to 2025-02-28 00:00:00+00:00, run_after=2025-03-01 00:00:00+00:00
[2025-04-16T18:17:04.226+0000] {processor.py:208} INFO - Processing /opt/airflow/dags/dag_with_python_operator.py took 0.173 seconds
[2025-04-16T18:17:34.407+0000] {processor.py:186} INFO - Started process (PID=2237) to work on /opt/airflow/dags/dag_with_python_operator.py
[2025-04-16T18:17:34.410+0000] {processor.py:914} INFO - Processing file /opt/airflow/dags/dag_with_python_operator.py for tasks to queue
[2025-04-16T18:17:34.417+0000] {logging_mixin.py:190} INFO - [2025-04-16T18:17:34.416+0000] {dagbag.py:588} INFO - Filling up the DagBag from /opt/airflow/dags/dag_with_python_operator.py
[2025-04-16T18:17:34.470+0000] {processor.py:925} INFO - DAG(s) 'first_with_python_v3' retrieved from /opt/airflow/dags/dag_with_python_operator.py
[2025-04-16T18:17:34.524+0000] {logging_mixin.py:190} INFO - [2025-04-16T18:17:34.524+0000] {dag.py:3239} INFO - Sync 1 DAGs
[2025-04-16T18:17:34.565+0000] {logging_mixin.py:190} INFO - [2025-04-16T18:17:34.564+0000] {dag.py:4180} INFO - Setting next_dagrun for first_with_python_v3 to 2025-02-28 00:00:00+00:00, run_after=2025-03-01 00:00:00+00:00
[2025-04-16T18:17:34.597+0000] {processor.py:208} INFO - Processing /opt/airflow/dags/dag_with_python_operator.py took 0.202 seconds
[2025-04-16T18:18:04.729+0000] {processor.py:186} INFO - Started process (PID=2248) to work on /opt/airflow/dags/dag_with_python_operator.py
[2025-04-16T18:18:04.731+0000] {processor.py:914} INFO - Processing file /opt/airflow/dags/dag_with_python_operator.py for tasks to queue
[2025-04-16T18:18:04.738+0000] {logging_mixin.py:190} INFO - [2025-04-16T18:18:04.737+0000] {dagbag.py:588} INFO - Filling up the DagBag from /opt/airflow/dags/dag_with_python_operator.py
[2025-04-16T18:18:04.807+0000] {processor.py:925} INFO - DAG(s) 'first_with_python_v3' retrieved from /opt/airflow/dags/dag_with_python_operator.py
[2025-04-16T18:18:04.896+0000] {logging_mixin.py:190} INFO - [2025-04-16T18:18:04.895+0000] {dag.py:3239} INFO - Sync 1 DAGs
[2025-04-16T18:18:04.934+0000] {logging_mixin.py:190} INFO - [2025-04-16T18:18:04.933+0000] {dag.py:4180} INFO - Setting next_dagrun for first_with_python_v3 to 2025-02-28 00:00:00+00:00, run_after=2025-03-01 00:00:00+00:00
[2025-04-16T18:18:04.986+0000] {processor.py:208} INFO - Processing /opt/airflow/dags/dag_with_python_operator.py took 0.270 seconds
[2025-04-16T18:18:35.231+0000] {processor.py:186} INFO - Started process (PID=2259) to work on /opt/airflow/dags/dag_with_python_operator.py
[2025-04-16T18:18:35.233+0000] {processor.py:914} INFO - Processing file /opt/airflow/dags/dag_with_python_operator.py for tasks to queue
[2025-04-16T18:18:35.240+0000] {logging_mixin.py:190} INFO - [2025-04-16T18:18:35.239+0000] {dagbag.py:588} INFO - Filling up the DagBag from /opt/airflow/dags/dag_with_python_operator.py
[2025-04-16T18:18:35.281+0000] {processor.py:925} INFO - DAG(s) 'first_with_python_v3' retrieved from /opt/airflow/dags/dag_with_python_operator.py
[2025-04-16T18:18:35.327+0000] {logging_mixin.py:190} INFO - [2025-04-16T18:18:35.327+0000] {dag.py:3239} INFO - Sync 1 DAGs
[2025-04-16T18:18:35.357+0000] {logging_mixin.py:190} INFO - [2025-04-16T18:18:35.357+0000] {dag.py:4180} INFO - Setting next_dagrun for first_with_python_v3 to 2025-02-28 00:00:00+00:00, run_after=2025-03-01 00:00:00+00:00
[2025-04-16T18:18:35.378+0000] {processor.py:208} INFO - Processing /opt/airflow/dags/dag_with_python_operator.py took 0.155 seconds
[2025-04-16T18:19:05.515+0000] {processor.py:186} INFO - Started process (PID=2270) to work on /opt/airflow/dags/dag_with_python_operator.py
[2025-04-16T18:19:05.517+0000] {processor.py:914} INFO - Processing file /opt/airflow/dags/dag_with_python_operator.py for tasks to queue
[2025-04-16T18:19:05.523+0000] {logging_mixin.py:190} INFO - [2025-04-16T18:19:05.522+0000] {dagbag.py:588} INFO - Filling up the DagBag from /opt/airflow/dags/dag_with_python_operator.py
[2025-04-16T18:19:05.564+0000] {processor.py:925} INFO - DAG(s) 'first_with_python_v3' retrieved from /opt/airflow/dags/dag_with_python_operator.py
[2025-04-16T18:19:05.608+0000] {logging_mixin.py:190} INFO - [2025-04-16T18:19:05.607+0000] {dag.py:3239} INFO - Sync 1 DAGs
[2025-04-16T18:19:05.643+0000] {logging_mixin.py:190} INFO - [2025-04-16T18:19:05.643+0000] {dag.py:4180} INFO - Setting next_dagrun for first_with_python_v3 to 2025-02-28 00:00:00+00:00, run_after=2025-03-01 00:00:00+00:00
[2025-04-16T18:19:05.666+0000] {processor.py:208} INFO - Processing /opt/airflow/dags/dag_with_python_operator.py took 0.162 seconds
[2025-04-16T18:19:35.929+0000] {processor.py:186} INFO - Started process (PID=2281) to work on /opt/airflow/dags/dag_with_python_operator.py
[2025-04-16T18:19:35.932+0000] {processor.py:914} INFO - Processing file /opt/airflow/dags/dag_with_python_operator.py for tasks to queue
[2025-04-16T18:19:35.938+0000] {logging_mixin.py:190} INFO - [2025-04-16T18:19:35.938+0000] {dagbag.py:588} INFO - Filling up the DagBag from /opt/airflow/dags/dag_with_python_operator.py
[2025-04-16T18:19:35.984+0000] {processor.py:925} INFO - DAG(s) 'first_with_python_v3' retrieved from /opt/airflow/dags/dag_with_python_operator.py
[2025-04-16T18:19:36.040+0000] {logging_mixin.py:190} INFO - [2025-04-16T18:19:36.039+0000] {dag.py:3239} INFO - Sync 1 DAGs
[2025-04-16T18:19:36.083+0000] {logging_mixin.py:190} INFO - [2025-04-16T18:19:36.082+0000] {dag.py:4180} INFO - Setting next_dagrun for first_with_python_v3 to 2025-02-28 00:00:00+00:00, run_after=2025-03-01 00:00:00+00:00
[2025-04-16T18:19:36.118+0000] {processor.py:208} INFO - Processing /opt/airflow/dags/dag_with_python_operator.py took 0.200 seconds
[2025-04-16T18:20:06.411+0000] {processor.py:186} INFO - Started process (PID=2292) to work on /opt/airflow/dags/dag_with_python_operator.py
[2025-04-16T18:20:06.413+0000] {processor.py:914} INFO - Processing file /opt/airflow/dags/dag_with_python_operator.py for tasks to queue
[2025-04-16T18:20:06.417+0000] {logging_mixin.py:190} INFO - [2025-04-16T18:20:06.417+0000] {dagbag.py:588} INFO - Filling up the DagBag from /opt/airflow/dags/dag_with_python_operator.py
[2025-04-16T18:20:06.478+0000] {processor.py:925} INFO - DAG(s) 'first_with_python_v3' retrieved from /opt/airflow/dags/dag_with_python_operator.py
[2025-04-16T18:20:06.514+0000] {logging_mixin.py:190} INFO - [2025-04-16T18:20:06.514+0000] {dag.py:3239} INFO - Sync 1 DAGs
[2025-04-16T18:20:06.543+0000] {logging_mixin.py:190} INFO - [2025-04-16T18:20:06.542+0000] {dag.py:4180} INFO - Setting next_dagrun for first_with_python_v3 to 2025-02-28 00:00:00+00:00, run_after=2025-03-01 00:00:00+00:00
[2025-04-16T18:20:06.586+0000] {processor.py:208} INFO - Processing /opt/airflow/dags/dag_with_python_operator.py took 0.184 seconds
[2025-04-16T18:20:36.877+0000] {processor.py:186} INFO - Started process (PID=2303) to work on /opt/airflow/dags/dag_with_python_operator.py
[2025-04-16T18:20:36.880+0000] {processor.py:914} INFO - Processing file /opt/airflow/dags/dag_with_python_operator.py for tasks to queue
[2025-04-16T18:20:36.884+0000] {logging_mixin.py:190} INFO - [2025-04-16T18:20:36.883+0000] {dagbag.py:588} INFO - Filling up the DagBag from /opt/airflow/dags/dag_with_python_operator.py
[2025-04-16T18:20:36.934+0000] {processor.py:925} INFO - DAG(s) 'first_with_python_v3' retrieved from /opt/airflow/dags/dag_with_python_operator.py
[2025-04-16T18:20:36.987+0000] {logging_mixin.py:190} INFO - [2025-04-16T18:20:36.986+0000] {dag.py:3239} INFO - Sync 1 DAGs
[2025-04-16T18:20:37.025+0000] {logging_mixin.py:190} INFO - [2025-04-16T18:20:37.025+0000] {dag.py:4180} INFO - Setting next_dagrun for first_with_python_v3 to 2025-02-28 00:00:00+00:00, run_after=2025-03-01 00:00:00+00:00
[2025-04-16T18:20:37.055+0000] {processor.py:208} INFO - Processing /opt/airflow/dags/dag_with_python_operator.py took 0.190 seconds
[2025-04-16T18:21:07.181+0000] {processor.py:186} INFO - Started process (PID=2314) to work on /opt/airflow/dags/dag_with_python_operator.py
[2025-04-16T18:21:07.185+0000] {processor.py:914} INFO - Processing file /opt/airflow/dags/dag_with_python_operator.py for tasks to queue
[2025-04-16T18:21:07.194+0000] {logging_mixin.py:190} INFO - [2025-04-16T18:21:07.193+0000] {dagbag.py:588} INFO - Filling up the DagBag from /opt/airflow/dags/dag_with_python_operator.py
[2025-04-16T18:21:07.250+0000] {processor.py:925} INFO - DAG(s) 'first_with_python_v3' retrieved from /opt/airflow/dags/dag_with_python_operator.py
[2025-04-16T18:21:07.294+0000] {logging_mixin.py:190} INFO - [2025-04-16T18:21:07.294+0000] {dag.py:3239} INFO - Sync 1 DAGs
[2025-04-16T18:21:07.343+0000] {logging_mixin.py:190} INFO - [2025-04-16T18:21:07.342+0000] {dag.py:4180} INFO - Setting next_dagrun for first_with_python_v3 to 2025-02-28 00:00:00+00:00, run_after=2025-03-01 00:00:00+00:00
[2025-04-16T18:21:07.383+0000] {processor.py:208} INFO - Processing /opt/airflow/dags/dag_with_python_operator.py took 0.219 seconds
[2025-04-16T18:21:37.580+0000] {processor.py:186} INFO - Started process (PID=2325) to work on /opt/airflow/dags/dag_with_python_operator.py
[2025-04-16T18:21:37.582+0000] {processor.py:914} INFO - Processing file /opt/airflow/dags/dag_with_python_operator.py for tasks to queue
[2025-04-16T18:21:37.588+0000] {logging_mixin.py:190} INFO - [2025-04-16T18:21:37.588+0000] {dagbag.py:588} INFO - Filling up the DagBag from /opt/airflow/dags/dag_with_python_operator.py
[2025-04-16T18:21:37.639+0000] {processor.py:925} INFO - DAG(s) 'first_with_python_v3' retrieved from /opt/airflow/dags/dag_with_python_operator.py
[2025-04-16T18:21:37.691+0000] {logging_mixin.py:190} INFO - [2025-04-16T18:21:37.690+0000] {dag.py:3239} INFO - Sync 1 DAGs
[2025-04-16T18:21:37.730+0000] {logging_mixin.py:190} INFO - [2025-04-16T18:21:37.730+0000] {dag.py:4180} INFO - Setting next_dagrun for first_with_python_v3 to 2025-02-28 00:00:00+00:00, run_after=2025-03-01 00:00:00+00:00
[2025-04-16T18:21:37.755+0000] {processor.py:208} INFO - Processing /opt/airflow/dags/dag_with_python_operator.py took 0.187 seconds
[2025-04-16T18:22:07.947+0000] {processor.py:186} INFO - Started process (PID=2336) to work on /opt/airflow/dags/dag_with_python_operator.py
[2025-04-16T18:22:07.949+0000] {processor.py:914} INFO - Processing file /opt/airflow/dags/dag_with_python_operator.py for tasks to queue
[2025-04-16T18:22:07.951+0000] {logging_mixin.py:190} INFO - [2025-04-16T18:22:07.951+0000] {dagbag.py:588} INFO - Filling up the DagBag from /opt/airflow/dags/dag_with_python_operator.py
[2025-04-16T18:22:07.998+0000] {processor.py:925} INFO - DAG(s) 'first_with_python_v3' retrieved from /opt/airflow/dags/dag_with_python_operator.py
[2025-04-16T18:22:08.057+0000] {logging_mixin.py:190} INFO - [2025-04-16T18:22:08.057+0000] {dag.py:3239} INFO - Sync 1 DAGs
[2025-04-16T18:22:08.081+0000] {logging_mixin.py:190} INFO - [2025-04-16T18:22:08.081+0000] {dag.py:4180} INFO - Setting next_dagrun for first_with_python_v3 to 2025-02-28 00:00:00+00:00, run_after=2025-03-01 00:00:00+00:00
[2025-04-16T18:22:08.099+0000] {processor.py:208} INFO - Processing /opt/airflow/dags/dag_with_python_operator.py took 0.157 seconds
[2025-04-16T18:22:38.285+0000] {processor.py:186} INFO - Started process (PID=2347) to work on /opt/airflow/dags/dag_with_python_operator.py
[2025-04-16T18:22:38.287+0000] {processor.py:914} INFO - Processing file /opt/airflow/dags/dag_with_python_operator.py for tasks to queue
[2025-04-16T18:22:38.294+0000] {logging_mixin.py:190} INFO - [2025-04-16T18:22:38.293+0000] {dagbag.py:588} INFO - Filling up the DagBag from /opt/airflow/dags/dag_with_python_operator.py
[2025-04-16T18:22:38.353+0000] {processor.py:925} INFO - DAG(s) 'first_with_python_v3' retrieved from /opt/airflow/dags/dag_with_python_operator.py
[2025-04-16T18:22:38.433+0000] {logging_mixin.py:190} INFO - [2025-04-16T18:22:38.432+0000] {dag.py:3239} INFO - Sync 1 DAGs
[2025-04-16T18:22:38.512+0000] {logging_mixin.py:190} INFO - [2025-04-16T18:22:38.511+0000] {dag.py:4180} INFO - Setting next_dagrun for first_with_python_v3 to 2025-02-28 00:00:00+00:00, run_after=2025-03-01 00:00:00+00:00
[2025-04-16T18:22:38.559+0000] {processor.py:208} INFO - Processing /opt/airflow/dags/dag_with_python_operator.py took 0.284 seconds
[2025-04-16T18:23:08.868+0000] {processor.py:186} INFO - Started process (PID=2358) to work on /opt/airflow/dags/dag_with_python_operator.py
[2025-04-16T18:23:08.871+0000] {processor.py:914} INFO - Processing file /opt/airflow/dags/dag_with_python_operator.py for tasks to queue
[2025-04-16T18:23:08.878+0000] {logging_mixin.py:190} INFO - [2025-04-16T18:23:08.877+0000] {dagbag.py:588} INFO - Filling up the DagBag from /opt/airflow/dags/dag_with_python_operator.py
[2025-04-16T18:23:08.944+0000] {processor.py:925} INFO - DAG(s) 'first_with_python_v3' retrieved from /opt/airflow/dags/dag_with_python_operator.py
[2025-04-16T18:23:09.008+0000] {logging_mixin.py:190} INFO - [2025-04-16T18:23:09.007+0000] {dag.py:3239} INFO - Sync 1 DAGs
[2025-04-16T18:23:09.081+0000] {logging_mixin.py:190} INFO - [2025-04-16T18:23:09.081+0000] {dag.py:4180} INFO - Setting next_dagrun for first_with_python_v3 to 2025-02-28 00:00:00+00:00, run_after=2025-03-01 00:00:00+00:00
[2025-04-16T18:23:09.106+0000] {processor.py:208} INFO - Processing /opt/airflow/dags/dag_with_python_operator.py took 0.253 seconds
[2025-04-16T18:23:39.500+0000] {processor.py:186} INFO - Started process (PID=2369) to work on /opt/airflow/dags/dag_with_python_operator.py
[2025-04-16T18:23:39.503+0000] {processor.py:914} INFO - Processing file /opt/airflow/dags/dag_with_python_operator.py for tasks to queue
[2025-04-16T18:23:39.507+0000] {logging_mixin.py:190} INFO - [2025-04-16T18:23:39.506+0000] {dagbag.py:588} INFO - Filling up the DagBag from /opt/airflow/dags/dag_with_python_operator.py
[2025-04-16T18:23:39.587+0000] {processor.py:925} INFO - DAG(s) 'first_with_python_v3' retrieved from /opt/airflow/dags/dag_with_python_operator.py
[2025-04-16T18:23:39.689+0000] {logging_mixin.py:190} INFO - [2025-04-16T18:23:39.688+0000] {dag.py:3239} INFO - Sync 1 DAGs
[2025-04-16T18:23:39.721+0000] {logging_mixin.py:190} INFO - [2025-04-16T18:23:39.721+0000] {dag.py:4180} INFO - Setting next_dagrun for first_with_python_v3 to 2025-02-28 00:00:00+00:00, run_after=2025-03-01 00:00:00+00:00
[2025-04-16T18:23:39.741+0000] {processor.py:208} INFO - Processing /opt/airflow/dags/dag_with_python_operator.py took 0.256 seconds
[2025-04-16T18:24:10.041+0000] {processor.py:186} INFO - Started process (PID=2379) to work on /opt/airflow/dags/dag_with_python_operator.py
[2025-04-16T18:24:10.047+0000] {processor.py:914} INFO - Processing file /opt/airflow/dags/dag_with_python_operator.py for tasks to queue
[2025-04-16T18:24:10.055+0000] {logging_mixin.py:190} INFO - [2025-04-16T18:24:10.055+0000] {dagbag.py:588} INFO - Filling up the DagBag from /opt/airflow/dags/dag_with_python_operator.py
[2025-04-16T18:24:10.135+0000] {processor.py:925} INFO - DAG(s) 'first_with_python_v3' retrieved from /opt/airflow/dags/dag_with_python_operator.py
[2025-04-16T18:24:10.183+0000] {logging_mixin.py:190} INFO - [2025-04-16T18:24:10.183+0000] {dag.py:3239} INFO - Sync 1 DAGs
[2025-04-16T18:24:10.218+0000] {logging_mixin.py:190} INFO - [2025-04-16T18:24:10.218+0000] {dag.py:4180} INFO - Setting next_dagrun for first_with_python_v3 to 2025-02-28 00:00:00+00:00, run_after=2025-03-01 00:00:00+00:00
[2025-04-16T18:24:10.243+0000] {processor.py:208} INFO - Processing /opt/airflow/dags/dag_with_python_operator.py took 0.213 seconds
[2025-04-16T21:53:49.037+0000] {processor.py:186} INFO - Started process (PID=2390) to work on /opt/airflow/dags/dag_with_python_operator.py
[2025-04-16T21:53:49.039+0000] {processor.py:914} INFO - Processing file /opt/airflow/dags/dag_with_python_operator.py for tasks to queue
[2025-04-16T21:53:49.054+0000] {logging_mixin.py:190} INFO - [2025-04-16T21:53:49.054+0000] {dagbag.py:588} INFO - Filling up the DagBag from /opt/airflow/dags/dag_with_python_operator.py
[2025-04-16T21:53:49.088+0000] {processor.py:925} INFO - DAG(s) 'first_with_python_v3' retrieved from /opt/airflow/dags/dag_with_python_operator.py
[2025-04-16T21:53:49.122+0000] {logging_mixin.py:190} INFO - [2025-04-16T21:53:49.121+0000] {dag.py:3239} INFO - Sync 1 DAGs
[2025-04-16T21:53:49.141+0000] {logging_mixin.py:190} INFO - [2025-04-16T21:53:49.140+0000] {dag.py:4180} INFO - Setting next_dagrun for first_with_python_v3 to 2025-02-28 00:00:00+00:00, run_after=2025-03-01 00:00:00+00:00
[2025-04-16T21:53:49.160+0000] {processor.py:208} INFO - Processing /opt/airflow/dags/dag_with_python_operator.py took 0.126 seconds
[2025-04-16T23:15:23.861+0000] {processor.py:186} INFO - Started process (PID=2395) to work on /opt/airflow/dags/dag_with_python_operator.py
[2025-04-16T23:15:23.872+0000] {processor.py:914} INFO - Processing file /opt/airflow/dags/dag_with_python_operator.py for tasks to queue
[2025-04-16T23:15:23.877+0000] {logging_mixin.py:190} INFO - [2025-04-16T23:15:23.877+0000] {dagbag.py:588} INFO - Filling up the DagBag from /opt/airflow/dags/dag_with_python_operator.py
[2025-04-16T23:15:24.034+0000] {processor.py:925} INFO - DAG(s) 'first_with_python_v3' retrieved from /opt/airflow/dags/dag_with_python_operator.py
[2025-04-16T23:15:24.076+0000] {logging_mixin.py:190} INFO - [2025-04-16T23:15:24.076+0000] {dag.py:3239} INFO - Sync 1 DAGs
[2025-04-16T23:15:24.124+0000] {logging_mixin.py:190} INFO - [2025-04-16T23:15:24.123+0000] {dag.py:4180} INFO - Setting next_dagrun for first_with_python_v3 to 2025-02-28 00:00:00+00:00, run_after=2025-03-01 00:00:00+00:00
[2025-04-16T23:15:24.168+0000] {processor.py:208} INFO - Processing /opt/airflow/dags/dag_with_python_operator.py took 0.317 seconds
[2025-04-16T23:31:09.098+0000] {processor.py:186} INFO - Started process (PID=2406) to work on /opt/airflow/dags/dag_with_python_operator.py
[2025-04-16T23:31:09.100+0000] {processor.py:914} INFO - Processing file /opt/airflow/dags/dag_with_python_operator.py for tasks to queue
[2025-04-16T23:31:09.103+0000] {logging_mixin.py:190} INFO - [2025-04-16T23:31:09.103+0000] {dagbag.py:588} INFO - Filling up the DagBag from /opt/airflow/dags/dag_with_python_operator.py
[2025-04-16T23:31:09.125+0000] {processor.py:925} INFO - DAG(s) 'first_with_python_v3' retrieved from /opt/airflow/dags/dag_with_python_operator.py
[2025-04-16T23:31:09.192+0000] {logging_mixin.py:190} INFO - [2025-04-16T23:31:09.192+0000] {dag.py:3239} INFO - Sync 1 DAGs
[2025-04-16T23:31:09.222+0000] {logging_mixin.py:190} INFO - [2025-04-16T23:31:09.222+0000] {dag.py:4180} INFO - Setting next_dagrun for first_with_python_v3 to 2025-02-28 00:00:00+00:00, run_after=2025-03-01 00:00:00+00:00
[2025-04-16T23:31:09.261+0000] {processor.py:208} INFO - Processing /opt/airflow/dags/dag_with_python_operator.py took 0.168 seconds
