[2025-04-21T00:00:05.730+0000] {processor.py:186} INFO - Started process (PID=30253) to work on /opt/airflow/dags/my_dag.py
[2025-04-21T00:00:05.732+0000] {processor.py:914} INFO - Processing file /opt/airflow/dags/my_dag.py for tasks to queue
[2025-04-21T00:00:05.738+0000] {logging_mixin.py:190} INFO - [2025-04-21T00:00:05.736+0000] {dagbag.py:588} INFO - Filling up the DagBag from /opt/airflow/dags/my_dag.py
[2025-04-21T00:00:05.768+0000] {processor.py:925} INFO - DAG(s) 'TFL_DATA_DAG' retrieved from /opt/airflow/dags/my_dag.py
[2025-04-21T00:00:05.985+0000] {logging_mixin.py:190} INFO - [2025-04-21T00:00:05.985+0000] {dag.py:3239} INFO - Sync 1 DAGs
[2025-04-21T00:00:06.014+0000] {logging_mixin.py:190} INFO - [2025-04-21T00:00:06.014+0000] {dag.py:4180} INFO - Setting next_dagrun for TFL_DATA_DAG to 2025-04-21 00:00:00+00:00, run_after=2025-04-22 00:00:00+00:00
[2025-04-21T00:00:06.038+0000] {processor.py:208} INFO - Processing /opt/airflow/dags/my_dag.py took 0.318 seconds
[2025-04-21T00:00:36.253+0000] {processor.py:186} INFO - Started process (PID=30273) to work on /opt/airflow/dags/my_dag.py
[2025-04-21T00:00:36.255+0000] {processor.py:914} INFO - Processing file /opt/airflow/dags/my_dag.py for tasks to queue
[2025-04-21T00:00:36.257+0000] {logging_mixin.py:190} INFO - [2025-04-21T00:00:36.257+0000] {dagbag.py:588} INFO - Filling up the DagBag from /opt/airflow/dags/my_dag.py
[2025-04-21T00:00:36.286+0000] {processor.py:925} INFO - DAG(s) 'TFL_DATA_DAG' retrieved from /opt/airflow/dags/my_dag.py
[2025-04-21T00:00:36.315+0000] {logging_mixin.py:190} INFO - [2025-04-21T00:00:36.314+0000] {dag.py:3239} INFO - Sync 1 DAGs
[2025-04-21T00:00:36.343+0000] {logging_mixin.py:190} INFO - [2025-04-21T00:00:36.342+0000] {dag.py:4180} INFO - Setting next_dagrun for TFL_DATA_DAG to 2025-04-21 00:00:00+00:00, run_after=2025-04-22 00:00:00+00:00
[2025-04-21T00:00:36.367+0000] {processor.py:208} INFO - Processing /opt/airflow/dags/my_dag.py took 0.120 seconds
[2025-04-21T00:01:06.826+0000] {processor.py:186} INFO - Started process (PID=30298) to work on /opt/airflow/dags/my_dag.py
[2025-04-21T00:01:06.828+0000] {processor.py:914} INFO - Processing file /opt/airflow/dags/my_dag.py for tasks to queue
[2025-04-21T00:01:06.832+0000] {logging_mixin.py:190} INFO - [2025-04-21T00:01:06.831+0000] {dagbag.py:588} INFO - Filling up the DagBag from /opt/airflow/dags/my_dag.py
[2025-04-21T00:01:06.864+0000] {processor.py:925} INFO - DAG(s) 'TFL_DATA_DAG' retrieved from /opt/airflow/dags/my_dag.py
[2025-04-21T00:01:06.893+0000] {logging_mixin.py:190} INFO - [2025-04-21T00:01:06.892+0000] {dag.py:3239} INFO - Sync 1 DAGs
[2025-04-21T00:01:06.927+0000] {logging_mixin.py:190} INFO - [2025-04-21T00:01:06.925+0000] {dag.py:4180} INFO - Setting next_dagrun for TFL_DATA_DAG to 2025-04-21 00:00:00+00:00, run_after=2025-04-22 00:00:00+00:00
[2025-04-21T00:01:06.956+0000] {processor.py:208} INFO - Processing /opt/airflow/dags/my_dag.py took 0.140 seconds
[2025-04-21T00:01:37.276+0000] {processor.py:186} INFO - Started process (PID=30318) to work on /opt/airflow/dags/my_dag.py
[2025-04-21T00:01:37.279+0000] {processor.py:914} INFO - Processing file /opt/airflow/dags/my_dag.py for tasks to queue
[2025-04-21T00:01:37.282+0000] {logging_mixin.py:190} INFO - [2025-04-21T00:01:37.282+0000] {dagbag.py:588} INFO - Filling up the DagBag from /opt/airflow/dags/my_dag.py
[2025-04-21T00:01:37.316+0000] {processor.py:925} INFO - DAG(s) 'TFL_DATA_DAG' retrieved from /opt/airflow/dags/my_dag.py
[2025-04-21T00:01:37.350+0000] {logging_mixin.py:190} INFO - [2025-04-21T00:01:37.349+0000] {dag.py:3239} INFO - Sync 1 DAGs
[2025-04-21T00:01:37.388+0000] {logging_mixin.py:190} INFO - [2025-04-21T00:01:37.388+0000] {dag.py:4180} INFO - Setting next_dagrun for TFL_DATA_DAG to 2025-04-21 00:00:00+00:00, run_after=2025-04-22 00:00:00+00:00
[2025-04-21T00:01:37.416+0000] {processor.py:208} INFO - Processing /opt/airflow/dags/my_dag.py took 0.147 seconds
[2025-04-21T00:02:07.740+0000] {processor.py:186} INFO - Started process (PID=30338) to work on /opt/airflow/dags/my_dag.py
[2025-04-21T00:02:07.742+0000] {processor.py:914} INFO - Processing file /opt/airflow/dags/my_dag.py for tasks to queue
[2025-04-21T00:02:07.747+0000] {logging_mixin.py:190} INFO - [2025-04-21T00:02:07.746+0000] {dagbag.py:588} INFO - Filling up the DagBag from /opt/airflow/dags/my_dag.py
[2025-04-21T00:02:07.777+0000] {processor.py:925} INFO - DAG(s) 'TFL_DATA_DAG' retrieved from /opt/airflow/dags/my_dag.py
[2025-04-21T00:02:07.811+0000] {logging_mixin.py:190} INFO - [2025-04-21T00:02:07.811+0000] {dag.py:3239} INFO - Sync 1 DAGs
[2025-04-21T00:02:07.843+0000] {logging_mixin.py:190} INFO - [2025-04-21T00:02:07.843+0000] {dag.py:4180} INFO - Setting next_dagrun for TFL_DATA_DAG to 2025-04-21 00:00:00+00:00, run_after=2025-04-22 00:00:00+00:00
[2025-04-21T00:02:07.869+0000] {processor.py:208} INFO - Processing /opt/airflow/dags/my_dag.py took 0.138 seconds
[2025-04-21T00:02:38.203+0000] {processor.py:186} INFO - Started process (PID=30358) to work on /opt/airflow/dags/my_dag.py
[2025-04-21T00:02:38.205+0000] {processor.py:914} INFO - Processing file /opt/airflow/dags/my_dag.py for tasks to queue
[2025-04-21T00:02:38.209+0000] {logging_mixin.py:190} INFO - [2025-04-21T00:02:38.208+0000] {dagbag.py:588} INFO - Filling up the DagBag from /opt/airflow/dags/my_dag.py
[2025-04-21T00:02:38.244+0000] {processor.py:925} INFO - DAG(s) 'TFL_DATA_DAG' retrieved from /opt/airflow/dags/my_dag.py
[2025-04-21T00:02:38.278+0000] {logging_mixin.py:190} INFO - [2025-04-21T00:02:38.277+0000] {dag.py:3239} INFO - Sync 1 DAGs
[2025-04-21T00:02:38.313+0000] {logging_mixin.py:190} INFO - [2025-04-21T00:02:38.313+0000] {dag.py:4180} INFO - Setting next_dagrun for TFL_DATA_DAG to 2025-04-21 00:00:00+00:00, run_after=2025-04-22 00:00:00+00:00
[2025-04-21T00:02:38.341+0000] {processor.py:208} INFO - Processing /opt/airflow/dags/my_dag.py took 0.147 seconds
[2025-04-21T00:03:08.512+0000] {processor.py:186} INFO - Started process (PID=30378) to work on /opt/airflow/dags/my_dag.py
[2025-04-21T00:03:08.514+0000] {processor.py:914} INFO - Processing file /opt/airflow/dags/my_dag.py for tasks to queue
[2025-04-21T00:03:08.517+0000] {logging_mixin.py:190} INFO - [2025-04-21T00:03:08.517+0000] {dagbag.py:588} INFO - Filling up the DagBag from /opt/airflow/dags/my_dag.py
[2025-04-21T00:03:08.556+0000] {processor.py:925} INFO - DAG(s) 'TFL_DATA_DAG' retrieved from /opt/airflow/dags/my_dag.py
[2025-04-21T00:03:08.595+0000] {logging_mixin.py:190} INFO - [2025-04-21T00:03:08.594+0000] {dag.py:3239} INFO - Sync 1 DAGs
[2025-04-21T00:03:08.634+0000] {logging_mixin.py:190} INFO - [2025-04-21T00:03:08.633+0000] {dag.py:4180} INFO - Setting next_dagrun for TFL_DATA_DAG to 2025-04-21 00:00:00+00:00, run_after=2025-04-22 00:00:00+00:00
[2025-04-21T00:03:08.664+0000] {processor.py:208} INFO - Processing /opt/airflow/dags/my_dag.py took 0.159 seconds
[2025-04-21T00:03:38.986+0000] {processor.py:186} INFO - Started process (PID=30398) to work on /opt/airflow/dags/my_dag.py
[2025-04-21T00:03:38.988+0000] {processor.py:914} INFO - Processing file /opt/airflow/dags/my_dag.py for tasks to queue
[2025-04-21T00:03:38.991+0000] {logging_mixin.py:190} INFO - [2025-04-21T00:03:38.991+0000] {dagbag.py:588} INFO - Filling up the DagBag from /opt/airflow/dags/my_dag.py
[2025-04-21T00:03:39.033+0000] {processor.py:925} INFO - DAG(s) 'TFL_DATA_DAG' retrieved from /opt/airflow/dags/my_dag.py
[2025-04-21T00:03:39.062+0000] {logging_mixin.py:190} INFO - [2025-04-21T00:03:39.061+0000] {dag.py:3239} INFO - Sync 1 DAGs
[2025-04-21T00:03:39.094+0000] {logging_mixin.py:190} INFO - [2025-04-21T00:03:39.094+0000] {dag.py:4180} INFO - Setting next_dagrun for TFL_DATA_DAG to 2025-04-21 00:00:00+00:00, run_after=2025-04-22 00:00:00+00:00
[2025-04-21T00:03:39.122+0000] {processor.py:208} INFO - Processing /opt/airflow/dags/my_dag.py took 0.145 seconds
[2025-04-21T00:04:09.436+0000] {processor.py:186} INFO - Started process (PID=30418) to work on /opt/airflow/dags/my_dag.py
[2025-04-21T00:04:09.438+0000] {processor.py:914} INFO - Processing file /opt/airflow/dags/my_dag.py for tasks to queue
[2025-04-21T00:04:09.441+0000] {logging_mixin.py:190} INFO - [2025-04-21T00:04:09.440+0000] {dagbag.py:588} INFO - Filling up the DagBag from /opt/airflow/dags/my_dag.py
[2025-04-21T00:04:09.469+0000] {processor.py:925} INFO - DAG(s) 'TFL_DATA_DAG' retrieved from /opt/airflow/dags/my_dag.py
[2025-04-21T00:04:09.499+0000] {logging_mixin.py:190} INFO - [2025-04-21T00:04:09.498+0000] {dag.py:3239} INFO - Sync 1 DAGs
[2025-04-21T00:04:09.530+0000] {logging_mixin.py:190} INFO - [2025-04-21T00:04:09.530+0000] {dag.py:4180} INFO - Setting next_dagrun for TFL_DATA_DAG to 2025-04-21 00:00:00+00:00, run_after=2025-04-22 00:00:00+00:00
[2025-04-21T00:04:09.561+0000] {processor.py:208} INFO - Processing /opt/airflow/dags/my_dag.py took 0.131 seconds
[2025-04-21T00:04:39.861+0000] {processor.py:186} INFO - Started process (PID=30438) to work on /opt/airflow/dags/my_dag.py
[2025-04-21T00:04:39.863+0000] {processor.py:914} INFO - Processing file /opt/airflow/dags/my_dag.py for tasks to queue
[2025-04-21T00:04:39.865+0000] {logging_mixin.py:190} INFO - [2025-04-21T00:04:39.865+0000] {dagbag.py:588} INFO - Filling up the DagBag from /opt/airflow/dags/my_dag.py
[2025-04-21T00:04:39.895+0000] {processor.py:925} INFO - DAG(s) 'TFL_DATA_DAG' retrieved from /opt/airflow/dags/my_dag.py
[2025-04-21T00:04:39.930+0000] {logging_mixin.py:190} INFO - [2025-04-21T00:04:39.930+0000] {dag.py:3239} INFO - Sync 1 DAGs
[2025-04-21T00:04:39.966+0000] {logging_mixin.py:190} INFO - [2025-04-21T00:04:39.966+0000] {dag.py:4180} INFO - Setting next_dagrun for TFL_DATA_DAG to 2025-04-21 00:00:00+00:00, run_after=2025-04-22 00:00:00+00:00
[2025-04-21T00:04:39.994+0000] {processor.py:208} INFO - Processing /opt/airflow/dags/my_dag.py took 0.141 seconds
[2025-04-21T00:05:10.280+0000] {processor.py:186} INFO - Started process (PID=30458) to work on /opt/airflow/dags/my_dag.py
[2025-04-21T00:05:10.282+0000] {processor.py:914} INFO - Processing file /opt/airflow/dags/my_dag.py for tasks to queue
[2025-04-21T00:05:10.283+0000] {logging_mixin.py:190} INFO - [2025-04-21T00:05:10.283+0000] {dagbag.py:588} INFO - Filling up the DagBag from /opt/airflow/dags/my_dag.py
[2025-04-21T00:05:10.299+0000] {processor.py:925} INFO - DAG(s) 'TFL_DATA_DAG' retrieved from /opt/airflow/dags/my_dag.py
[2025-04-21T00:05:10.318+0000] {logging_mixin.py:190} INFO - [2025-04-21T00:05:10.318+0000] {dag.py:3239} INFO - Sync 1 DAGs
[2025-04-21T00:05:10.339+0000] {logging_mixin.py:190} INFO - [2025-04-21T00:05:10.339+0000] {dag.py:4180} INFO - Setting next_dagrun for TFL_DATA_DAG to 2025-04-21 00:00:00+00:00, run_after=2025-04-22 00:00:00+00:00
[2025-04-21T00:05:10.359+0000] {processor.py:208} INFO - Processing /opt/airflow/dags/my_dag.py took 0.083 seconds
[2025-04-21T00:05:40.682+0000] {processor.py:186} INFO - Started process (PID=30478) to work on /opt/airflow/dags/my_dag.py
[2025-04-21T00:05:40.685+0000] {processor.py:914} INFO - Processing file /opt/airflow/dags/my_dag.py for tasks to queue
[2025-04-21T00:05:40.688+0000] {logging_mixin.py:190} INFO - [2025-04-21T00:05:40.687+0000] {dagbag.py:588} INFO - Filling up the DagBag from /opt/airflow/dags/my_dag.py
[2025-04-21T00:05:40.716+0000] {processor.py:925} INFO - DAG(s) 'TFL_DATA_DAG' retrieved from /opt/airflow/dags/my_dag.py
[2025-04-21T00:05:40.747+0000] {logging_mixin.py:190} INFO - [2025-04-21T00:05:40.747+0000] {dag.py:3239} INFO - Sync 1 DAGs
[2025-04-21T00:05:40.778+0000] {logging_mixin.py:190} INFO - [2025-04-21T00:05:40.778+0000] {dag.py:4180} INFO - Setting next_dagrun for TFL_DATA_DAG to 2025-04-21 00:00:00+00:00, run_after=2025-04-22 00:00:00+00:00
[2025-04-21T00:05:40.801+0000] {processor.py:208} INFO - Processing /opt/airflow/dags/my_dag.py took 0.127 seconds
[2025-04-21T00:06:11.164+0000] {processor.py:186} INFO - Started process (PID=30498) to work on /opt/airflow/dags/my_dag.py
[2025-04-21T00:06:11.165+0000] {processor.py:914} INFO - Processing file /opt/airflow/dags/my_dag.py for tasks to queue
[2025-04-21T00:06:11.167+0000] {logging_mixin.py:190} INFO - [2025-04-21T00:06:11.167+0000] {dagbag.py:588} INFO - Filling up the DagBag from /opt/airflow/dags/my_dag.py
[2025-04-21T00:06:11.193+0000] {processor.py:925} INFO - DAG(s) 'TFL_DATA_DAG' retrieved from /opt/airflow/dags/my_dag.py
[2025-04-21T00:06:11.219+0000] {logging_mixin.py:190} INFO - [2025-04-21T00:06:11.219+0000] {dag.py:3239} INFO - Sync 1 DAGs
[2025-04-21T00:06:11.257+0000] {logging_mixin.py:190} INFO - [2025-04-21T00:06:11.257+0000] {dag.py:4180} INFO - Setting next_dagrun for TFL_DATA_DAG to 2025-04-21 00:00:00+00:00, run_after=2025-04-22 00:00:00+00:00
[2025-04-21T00:06:11.282+0000] {processor.py:208} INFO - Processing /opt/airflow/dags/my_dag.py took 0.124 seconds
[2025-04-21T00:06:41.589+0000] {processor.py:186} INFO - Started process (PID=30518) to work on /opt/airflow/dags/my_dag.py
[2025-04-21T00:06:41.591+0000] {processor.py:914} INFO - Processing file /opt/airflow/dags/my_dag.py for tasks to queue
[2025-04-21T00:06:41.594+0000] {logging_mixin.py:190} INFO - [2025-04-21T00:06:41.593+0000] {dagbag.py:588} INFO - Filling up the DagBag from /opt/airflow/dags/my_dag.py
[2025-04-21T00:06:41.626+0000] {processor.py:925} INFO - DAG(s) 'TFL_DATA_DAG' retrieved from /opt/airflow/dags/my_dag.py
[2025-04-21T00:06:41.654+0000] {logging_mixin.py:190} INFO - [2025-04-21T00:06:41.654+0000] {dag.py:3239} INFO - Sync 1 DAGs
[2025-04-21T00:06:41.687+0000] {logging_mixin.py:190} INFO - [2025-04-21T00:06:41.687+0000] {dag.py:4180} INFO - Setting next_dagrun for TFL_DATA_DAG to 2025-04-21 00:00:00+00:00, run_after=2025-04-22 00:00:00+00:00
[2025-04-21T00:06:41.712+0000] {processor.py:208} INFO - Processing /opt/airflow/dags/my_dag.py took 0.133 seconds
[2025-04-21T00:07:12.015+0000] {processor.py:186} INFO - Started process (PID=30538) to work on /opt/airflow/dags/my_dag.py
[2025-04-21T00:07:12.017+0000] {processor.py:914} INFO - Processing file /opt/airflow/dags/my_dag.py for tasks to queue
[2025-04-21T00:07:12.020+0000] {logging_mixin.py:190} INFO - [2025-04-21T00:07:12.020+0000] {dagbag.py:588} INFO - Filling up the DagBag from /opt/airflow/dags/my_dag.py
[2025-04-21T00:07:12.049+0000] {processor.py:925} INFO - DAG(s) 'TFL_DATA_DAG' retrieved from /opt/airflow/dags/my_dag.py
[2025-04-21T00:07:12.082+0000] {logging_mixin.py:190} INFO - [2025-04-21T00:07:12.082+0000] {dag.py:3239} INFO - Sync 1 DAGs
[2025-04-21T00:07:12.113+0000] {logging_mixin.py:190} INFO - [2025-04-21T00:07:12.112+0000] {dag.py:4180} INFO - Setting next_dagrun for TFL_DATA_DAG to 2025-04-21 00:00:00+00:00, run_after=2025-04-22 00:00:00+00:00
[2025-04-21T00:07:12.139+0000] {processor.py:208} INFO - Processing /opt/airflow/dags/my_dag.py took 0.133 seconds
[2025-04-21T00:07:42.443+0000] {processor.py:186} INFO - Started process (PID=30558) to work on /opt/airflow/dags/my_dag.py
[2025-04-21T00:07:42.445+0000] {processor.py:914} INFO - Processing file /opt/airflow/dags/my_dag.py for tasks to queue
[2025-04-21T00:07:42.448+0000] {logging_mixin.py:190} INFO - [2025-04-21T00:07:42.447+0000] {dagbag.py:588} INFO - Filling up the DagBag from /opt/airflow/dags/my_dag.py
[2025-04-21T00:07:42.475+0000] {processor.py:925} INFO - DAG(s) 'TFL_DATA_DAG' retrieved from /opt/airflow/dags/my_dag.py
[2025-04-21T00:07:42.505+0000] {logging_mixin.py:190} INFO - [2025-04-21T00:07:42.504+0000] {dag.py:3239} INFO - Sync 1 DAGs
[2025-04-21T00:07:42.536+0000] {logging_mixin.py:190} INFO - [2025-04-21T00:07:42.536+0000] {dag.py:4180} INFO - Setting next_dagrun for TFL_DATA_DAG to 2025-04-21 00:00:00+00:00, run_after=2025-04-22 00:00:00+00:00
[2025-04-21T00:07:42.563+0000] {processor.py:208} INFO - Processing /opt/airflow/dags/my_dag.py took 0.129 seconds
[2025-04-21T00:08:12.877+0000] {processor.py:186} INFO - Started process (PID=30578) to work on /opt/airflow/dags/my_dag.py
[2025-04-21T00:08:12.879+0000] {processor.py:914} INFO - Processing file /opt/airflow/dags/my_dag.py for tasks to queue
[2025-04-21T00:08:12.882+0000] {logging_mixin.py:190} INFO - [2025-04-21T00:08:12.881+0000] {dagbag.py:588} INFO - Filling up the DagBag from /opt/airflow/dags/my_dag.py
[2025-04-21T00:08:12.909+0000] {processor.py:925} INFO - DAG(s) 'TFL_DATA_DAG' retrieved from /opt/airflow/dags/my_dag.py
[2025-04-21T00:08:12.939+0000] {logging_mixin.py:190} INFO - [2025-04-21T00:08:12.939+0000] {dag.py:3239} INFO - Sync 1 DAGs
[2025-04-21T00:08:12.970+0000] {logging_mixin.py:190} INFO - [2025-04-21T00:08:12.970+0000] {dag.py:4180} INFO - Setting next_dagrun for TFL_DATA_DAG to 2025-04-21 00:00:00+00:00, run_after=2025-04-22 00:00:00+00:00
[2025-04-21T00:08:12.999+0000] {processor.py:208} INFO - Processing /opt/airflow/dags/my_dag.py took 0.130 seconds
[2025-04-21T00:08:43.329+0000] {processor.py:186} INFO - Started process (PID=30599) to work on /opt/airflow/dags/my_dag.py
[2025-04-21T00:08:43.332+0000] {processor.py:914} INFO - Processing file /opt/airflow/dags/my_dag.py for tasks to queue
[2025-04-21T00:08:43.334+0000] {logging_mixin.py:190} INFO - [2025-04-21T00:08:43.334+0000] {dagbag.py:588} INFO - Filling up the DagBag from /opt/airflow/dags/my_dag.py
[2025-04-21T00:08:43.362+0000] {processor.py:925} INFO - DAG(s) 'TFL_DATA_DAG' retrieved from /opt/airflow/dags/my_dag.py
[2025-04-21T00:08:43.394+0000] {logging_mixin.py:190} INFO - [2025-04-21T00:08:43.394+0000] {dag.py:3239} INFO - Sync 1 DAGs
[2025-04-21T00:08:43.426+0000] {logging_mixin.py:190} INFO - [2025-04-21T00:08:43.426+0000] {dag.py:4180} INFO - Setting next_dagrun for TFL_DATA_DAG to 2025-04-21 00:00:00+00:00, run_after=2025-04-22 00:00:00+00:00
[2025-04-21T00:08:43.456+0000] {processor.py:208} INFO - Processing /opt/airflow/dags/my_dag.py took 0.133 seconds
[2025-04-21T00:09:13.745+0000] {processor.py:186} INFO - Started process (PID=30619) to work on /opt/airflow/dags/my_dag.py
[2025-04-21T00:09:13.747+0000] {processor.py:914} INFO - Processing file /opt/airflow/dags/my_dag.py for tasks to queue
[2025-04-21T00:09:13.750+0000] {logging_mixin.py:190} INFO - [2025-04-21T00:09:13.749+0000] {dagbag.py:588} INFO - Filling up the DagBag from /opt/airflow/dags/my_dag.py
[2025-04-21T00:09:13.781+0000] {processor.py:925} INFO - DAG(s) 'TFL_DATA_DAG' retrieved from /opt/airflow/dags/my_dag.py
[2025-04-21T00:09:13.813+0000] {logging_mixin.py:190} INFO - [2025-04-21T00:09:13.812+0000] {dag.py:3239} INFO - Sync 1 DAGs
[2025-04-21T00:09:13.844+0000] {logging_mixin.py:190} INFO - [2025-04-21T00:09:13.843+0000] {dag.py:4180} INFO - Setting next_dagrun for TFL_DATA_DAG to 2025-04-21 00:00:00+00:00, run_after=2025-04-22 00:00:00+00:00
[2025-04-21T00:09:13.867+0000] {processor.py:208} INFO - Processing /opt/airflow/dags/my_dag.py took 0.130 seconds
[2025-04-21T00:09:44.182+0000] {processor.py:186} INFO - Started process (PID=30639) to work on /opt/airflow/dags/my_dag.py
[2025-04-21T00:09:44.184+0000] {processor.py:914} INFO - Processing file /opt/airflow/dags/my_dag.py for tasks to queue
[2025-04-21T00:09:44.187+0000] {logging_mixin.py:190} INFO - [2025-04-21T00:09:44.187+0000] {dagbag.py:588} INFO - Filling up the DagBag from /opt/airflow/dags/my_dag.py
[2025-04-21T00:09:44.216+0000] {processor.py:925} INFO - DAG(s) 'TFL_DATA_DAG' retrieved from /opt/airflow/dags/my_dag.py
[2025-04-21T00:09:44.256+0000] {logging_mixin.py:190} INFO - [2025-04-21T00:09:44.256+0000] {dag.py:3239} INFO - Sync 1 DAGs
[2025-04-21T00:09:44.302+0000] {logging_mixin.py:190} INFO - [2025-04-21T00:09:44.302+0000] {dag.py:4180} INFO - Setting next_dagrun for TFL_DATA_DAG to 2025-04-21 00:00:00+00:00, run_after=2025-04-22 00:00:00+00:00
[2025-04-21T00:09:44.334+0000] {processor.py:208} INFO - Processing /opt/airflow/dags/my_dag.py took 0.161 seconds
[2025-04-21T00:10:14.643+0000] {processor.py:186} INFO - Started process (PID=30659) to work on /opt/airflow/dags/my_dag.py
[2025-04-21T00:10:14.645+0000] {processor.py:914} INFO - Processing file /opt/airflow/dags/my_dag.py for tasks to queue
[2025-04-21T00:10:14.648+0000] {logging_mixin.py:190} INFO - [2025-04-21T00:10:14.647+0000] {dagbag.py:588} INFO - Filling up the DagBag from /opt/airflow/dags/my_dag.py
[2025-04-21T00:10:14.683+0000] {processor.py:925} INFO - DAG(s) 'TFL_DATA_DAG' retrieved from /opt/airflow/dags/my_dag.py
[2025-04-21T00:10:14.717+0000] {logging_mixin.py:190} INFO - [2025-04-21T00:10:14.717+0000] {dag.py:3239} INFO - Sync 1 DAGs
[2025-04-21T00:10:14.754+0000] {logging_mixin.py:190} INFO - [2025-04-21T00:10:14.754+0000] {dag.py:4180} INFO - Setting next_dagrun for TFL_DATA_DAG to 2025-04-21 00:00:00+00:00, run_after=2025-04-22 00:00:00+00:00
[2025-04-21T00:10:14.785+0000] {processor.py:208} INFO - Processing /opt/airflow/dags/my_dag.py took 0.151 seconds
[2025-04-21T00:10:45.111+0000] {processor.py:186} INFO - Started process (PID=30679) to work on /opt/airflow/dags/my_dag.py
[2025-04-21T00:10:45.113+0000] {processor.py:914} INFO - Processing file /opt/airflow/dags/my_dag.py for tasks to queue
[2025-04-21T00:10:45.116+0000] {logging_mixin.py:190} INFO - [2025-04-21T00:10:45.115+0000] {dagbag.py:588} INFO - Filling up the DagBag from /opt/airflow/dags/my_dag.py
[2025-04-21T00:10:45.146+0000] {processor.py:925} INFO - DAG(s) 'TFL_DATA_DAG' retrieved from /opt/airflow/dags/my_dag.py
[2025-04-21T00:10:45.179+0000] {logging_mixin.py:190} INFO - [2025-04-21T00:10:45.178+0000] {dag.py:3239} INFO - Sync 1 DAGs
[2025-04-21T00:10:45.212+0000] {logging_mixin.py:190} INFO - [2025-04-21T00:10:45.212+0000] {dag.py:4180} INFO - Setting next_dagrun for TFL_DATA_DAG to 2025-04-21 00:00:00+00:00, run_after=2025-04-22 00:00:00+00:00
[2025-04-21T00:10:45.235+0000] {processor.py:208} INFO - Processing /opt/airflow/dags/my_dag.py took 0.132 seconds
[2025-04-21T00:11:15.593+0000] {processor.py:186} INFO - Started process (PID=30699) to work on /opt/airflow/dags/my_dag.py
[2025-04-21T00:11:15.595+0000] {processor.py:914} INFO - Processing file /opt/airflow/dags/my_dag.py for tasks to queue
[2025-04-21T00:11:15.599+0000] {logging_mixin.py:190} INFO - [2025-04-21T00:11:15.598+0000] {dagbag.py:588} INFO - Filling up the DagBag from /opt/airflow/dags/my_dag.py
[2025-04-21T00:11:15.628+0000] {processor.py:925} INFO - DAG(s) 'TFL_DATA_DAG' retrieved from /opt/airflow/dags/my_dag.py
[2025-04-21T00:11:15.660+0000] {logging_mixin.py:190} INFO - [2025-04-21T00:11:15.660+0000] {dag.py:3239} INFO - Sync 1 DAGs
[2025-04-21T00:11:15.701+0000] {logging_mixin.py:190} INFO - [2025-04-21T00:11:15.700+0000] {dag.py:4180} INFO - Setting next_dagrun for TFL_DATA_DAG to 2025-04-21 00:00:00+00:00, run_after=2025-04-22 00:00:00+00:00
[2025-04-21T00:11:15.734+0000] {processor.py:208} INFO - Processing /opt/airflow/dags/my_dag.py took 0.149 seconds
[2025-04-21T00:11:46.057+0000] {processor.py:186} INFO - Started process (PID=30719) to work on /opt/airflow/dags/my_dag.py
[2025-04-21T00:11:46.059+0000] {processor.py:914} INFO - Processing file /opt/airflow/dags/my_dag.py for tasks to queue
[2025-04-21T00:11:46.062+0000] {logging_mixin.py:190} INFO - [2025-04-21T00:11:46.062+0000] {dagbag.py:588} INFO - Filling up the DagBag from /opt/airflow/dags/my_dag.py
[2025-04-21T00:11:46.092+0000] {processor.py:925} INFO - DAG(s) 'TFL_DATA_DAG' retrieved from /opt/airflow/dags/my_dag.py
[2025-04-21T00:11:46.120+0000] {logging_mixin.py:190} INFO - [2025-04-21T00:11:46.120+0000] {dag.py:3239} INFO - Sync 1 DAGs
[2025-04-21T00:11:46.156+0000] {logging_mixin.py:190} INFO - [2025-04-21T00:11:46.156+0000] {dag.py:4180} INFO - Setting next_dagrun for TFL_DATA_DAG to 2025-04-21 00:00:00+00:00, run_after=2025-04-22 00:00:00+00:00
[2025-04-21T00:11:46.188+0000] {processor.py:208} INFO - Processing /opt/airflow/dags/my_dag.py took 0.139 seconds
[2025-04-21T00:12:16.516+0000] {processor.py:186} INFO - Started process (PID=30738) to work on /opt/airflow/dags/my_dag.py
[2025-04-21T00:12:16.519+0000] {processor.py:914} INFO - Processing file /opt/airflow/dags/my_dag.py for tasks to queue
[2025-04-21T00:12:16.523+0000] {logging_mixin.py:190} INFO - [2025-04-21T00:12:16.522+0000] {dagbag.py:588} INFO - Filling up the DagBag from /opt/airflow/dags/my_dag.py
[2025-04-21T00:12:16.553+0000] {processor.py:925} INFO - DAG(s) 'TFL_DATA_DAG' retrieved from /opt/airflow/dags/my_dag.py
[2025-04-21T00:12:16.585+0000] {logging_mixin.py:190} INFO - [2025-04-21T00:12:16.584+0000] {dag.py:3239} INFO - Sync 1 DAGs
[2025-04-21T00:12:16.615+0000] {logging_mixin.py:190} INFO - [2025-04-21T00:12:16.615+0000] {dag.py:4180} INFO - Setting next_dagrun for TFL_DATA_DAG to 2025-04-21 00:00:00+00:00, run_after=2025-04-22 00:00:00+00:00
[2025-04-21T00:12:16.644+0000] {processor.py:208} INFO - Processing /opt/airflow/dags/my_dag.py took 0.135 seconds
[2025-04-21T00:12:46.971+0000] {processor.py:186} INFO - Started process (PID=30754) to work on /opt/airflow/dags/my_dag.py
[2025-04-21T00:12:46.974+0000] {processor.py:914} INFO - Processing file /opt/airflow/dags/my_dag.py for tasks to queue
[2025-04-21T00:12:46.977+0000] {logging_mixin.py:190} INFO - [2025-04-21T00:12:46.976+0000] {dagbag.py:588} INFO - Filling up the DagBag from /opt/airflow/dags/my_dag.py
[2025-04-21T00:12:47.011+0000] {processor.py:925} INFO - DAG(s) 'TFL_DATA_DAG' retrieved from /opt/airflow/dags/my_dag.py
[2025-04-21T00:12:47.053+0000] {logging_mixin.py:190} INFO - [2025-04-21T00:12:47.053+0000] {dag.py:3239} INFO - Sync 1 DAGs
[2025-04-21T00:12:47.092+0000] {logging_mixin.py:190} INFO - [2025-04-21T00:12:47.091+0000] {dag.py:4180} INFO - Setting next_dagrun for TFL_DATA_DAG to 2025-04-21 00:00:00+00:00, run_after=2025-04-22 00:00:00+00:00
[2025-04-21T00:12:47.123+0000] {processor.py:208} INFO - Processing /opt/airflow/dags/my_dag.py took 0.162 seconds
[2025-04-21T00:13:17.423+0000] {processor.py:186} INFO - Started process (PID=30773) to work on /opt/airflow/dags/my_dag.py
[2025-04-21T00:13:17.425+0000] {processor.py:914} INFO - Processing file /opt/airflow/dags/my_dag.py for tasks to queue
[2025-04-21T00:13:17.427+0000] {logging_mixin.py:190} INFO - [2025-04-21T00:13:17.427+0000] {dagbag.py:588} INFO - Filling up the DagBag from /opt/airflow/dags/my_dag.py
[2025-04-21T00:13:17.456+0000] {processor.py:925} INFO - DAG(s) 'TFL_DATA_DAG' retrieved from /opt/airflow/dags/my_dag.py
[2025-04-21T00:13:17.495+0000] {logging_mixin.py:190} INFO - [2025-04-21T00:13:17.495+0000] {dag.py:3239} INFO - Sync 1 DAGs
[2025-04-21T00:13:17.541+0000] {logging_mixin.py:190} INFO - [2025-04-21T00:13:17.541+0000] {dag.py:4180} INFO - Setting next_dagrun for TFL_DATA_DAG to 2025-04-21 00:00:00+00:00, run_after=2025-04-22 00:00:00+00:00
[2025-04-21T00:13:17.568+0000] {processor.py:208} INFO - Processing /opt/airflow/dags/my_dag.py took 0.151 seconds
[2025-04-21T00:13:47.883+0000] {processor.py:186} INFO - Started process (PID=30789) to work on /opt/airflow/dags/my_dag.py
[2025-04-21T00:13:47.885+0000] {processor.py:914} INFO - Processing file /opt/airflow/dags/my_dag.py for tasks to queue
[2025-04-21T00:13:47.888+0000] {logging_mixin.py:190} INFO - [2025-04-21T00:13:47.888+0000] {dagbag.py:588} INFO - Filling up the DagBag from /opt/airflow/dags/my_dag.py
[2025-04-21T00:13:47.921+0000] {processor.py:925} INFO - DAG(s) 'TFL_DATA_DAG' retrieved from /opt/airflow/dags/my_dag.py
[2025-04-21T00:13:47.959+0000] {logging_mixin.py:190} INFO - [2025-04-21T00:13:47.959+0000] {dag.py:3239} INFO - Sync 1 DAGs
[2025-04-21T00:13:48.018+0000] {logging_mixin.py:190} INFO - [2025-04-21T00:13:48.018+0000] {dag.py:4180} INFO - Setting next_dagrun for TFL_DATA_DAG to 2025-04-21 00:00:00+00:00, run_after=2025-04-22 00:00:00+00:00
[2025-04-21T00:13:48.044+0000] {processor.py:208} INFO - Processing /opt/airflow/dags/my_dag.py took 0.169 seconds
[2025-04-21T00:14:18.361+0000] {processor.py:186} INFO - Started process (PID=30808) to work on /opt/airflow/dags/my_dag.py
[2025-04-21T00:14:18.363+0000] {processor.py:914} INFO - Processing file /opt/airflow/dags/my_dag.py for tasks to queue
[2025-04-21T00:14:18.367+0000] {logging_mixin.py:190} INFO - [2025-04-21T00:14:18.366+0000] {dagbag.py:588} INFO - Filling up the DagBag from /opt/airflow/dags/my_dag.py
[2025-04-21T00:14:18.394+0000] {processor.py:925} INFO - DAG(s) 'TFL_DATA_DAG' retrieved from /opt/airflow/dags/my_dag.py
[2025-04-21T00:14:18.425+0000] {logging_mixin.py:190} INFO - [2025-04-21T00:14:18.425+0000] {dag.py:3239} INFO - Sync 1 DAGs
[2025-04-21T00:14:18.458+0000] {logging_mixin.py:190} INFO - [2025-04-21T00:14:18.458+0000] {dag.py:4180} INFO - Setting next_dagrun for TFL_DATA_DAG to 2025-04-21 00:00:00+00:00, run_after=2025-04-22 00:00:00+00:00
[2025-04-21T00:14:18.486+0000] {processor.py:208} INFO - Processing /opt/airflow/dags/my_dag.py took 0.133 seconds
[2025-04-21T00:14:48.802+0000] {processor.py:186} INFO - Started process (PID=30824) to work on /opt/airflow/dags/my_dag.py
[2025-04-21T00:14:48.804+0000] {processor.py:914} INFO - Processing file /opt/airflow/dags/my_dag.py for tasks to queue
[2025-04-21T00:14:48.807+0000] {logging_mixin.py:190} INFO - [2025-04-21T00:14:48.807+0000] {dagbag.py:588} INFO - Filling up the DagBag from /opt/airflow/dags/my_dag.py
[2025-04-21T00:14:48.836+0000] {processor.py:925} INFO - DAG(s) 'TFL_DATA_DAG' retrieved from /opt/airflow/dags/my_dag.py
[2025-04-21T00:14:48.867+0000] {logging_mixin.py:190} INFO - [2025-04-21T00:14:48.866+0000] {dag.py:3239} INFO - Sync 1 DAGs
[2025-04-21T00:14:48.898+0000] {logging_mixin.py:190} INFO - [2025-04-21T00:14:48.898+0000] {dag.py:4180} INFO - Setting next_dagrun for TFL_DATA_DAG to 2025-04-21 00:00:00+00:00, run_after=2025-04-22 00:00:00+00:00
[2025-04-21T00:14:48.921+0000] {processor.py:208} INFO - Processing /opt/airflow/dags/my_dag.py took 0.126 seconds
[2025-04-21T00:15:19.240+0000] {processor.py:186} INFO - Started process (PID=30843) to work on /opt/airflow/dags/my_dag.py
[2025-04-21T00:15:19.243+0000] {processor.py:914} INFO - Processing file /opt/airflow/dags/my_dag.py for tasks to queue
[2025-04-21T00:15:19.246+0000] {logging_mixin.py:190} INFO - [2025-04-21T00:15:19.245+0000] {dagbag.py:588} INFO - Filling up the DagBag from /opt/airflow/dags/my_dag.py
[2025-04-21T00:15:19.271+0000] {processor.py:925} INFO - DAG(s) 'TFL_DATA_DAG' retrieved from /opt/airflow/dags/my_dag.py
[2025-04-21T00:15:19.302+0000] {logging_mixin.py:190} INFO - [2025-04-21T00:15:19.302+0000] {dag.py:3239} INFO - Sync 1 DAGs
[2025-04-21T00:15:19.339+0000] {logging_mixin.py:190} INFO - [2025-04-21T00:15:19.339+0000] {dag.py:4180} INFO - Setting next_dagrun for TFL_DATA_DAG to 2025-04-21 00:00:00+00:00, run_after=2025-04-22 00:00:00+00:00
[2025-04-21T00:15:19.371+0000] {processor.py:208} INFO - Processing /opt/airflow/dags/my_dag.py took 0.140 seconds
[2025-04-21T00:15:49.685+0000] {processor.py:186} INFO - Started process (PID=30859) to work on /opt/airflow/dags/my_dag.py
[2025-04-21T00:15:49.687+0000] {processor.py:914} INFO - Processing file /opt/airflow/dags/my_dag.py for tasks to queue
[2025-04-21T00:15:49.690+0000] {logging_mixin.py:190} INFO - [2025-04-21T00:15:49.690+0000] {dagbag.py:588} INFO - Filling up the DagBag from /opt/airflow/dags/my_dag.py
[2025-04-21T00:15:49.720+0000] {processor.py:925} INFO - DAG(s) 'TFL_DATA_DAG' retrieved from /opt/airflow/dags/my_dag.py
[2025-04-21T00:15:49.749+0000] {logging_mixin.py:190} INFO - [2025-04-21T00:15:49.749+0000] {dag.py:3239} INFO - Sync 1 DAGs
[2025-04-21T00:15:49.780+0000] {logging_mixin.py:190} INFO - [2025-04-21T00:15:49.780+0000] {dag.py:4180} INFO - Setting next_dagrun for TFL_DATA_DAG to 2025-04-21 00:00:00+00:00, run_after=2025-04-22 00:00:00+00:00
[2025-04-21T00:15:49.804+0000] {processor.py:208} INFO - Processing /opt/airflow/dags/my_dag.py took 0.127 seconds
[2025-04-21T00:16:20.115+0000] {processor.py:186} INFO - Started process (PID=30875) to work on /opt/airflow/dags/my_dag.py
[2025-04-21T00:16:20.117+0000] {processor.py:914} INFO - Processing file /opt/airflow/dags/my_dag.py for tasks to queue
[2025-04-21T00:16:20.120+0000] {logging_mixin.py:190} INFO - [2025-04-21T00:16:20.119+0000] {dagbag.py:588} INFO - Filling up the DagBag from /opt/airflow/dags/my_dag.py
[2025-04-21T00:16:20.153+0000] {processor.py:925} INFO - DAG(s) 'TFL_DATA_DAG' retrieved from /opt/airflow/dags/my_dag.py
[2025-04-21T00:16:20.195+0000] {logging_mixin.py:190} INFO - [2025-04-21T00:16:20.195+0000] {dag.py:3239} INFO - Sync 1 DAGs
[2025-04-21T00:16:20.234+0000] {logging_mixin.py:190} INFO - [2025-04-21T00:16:20.234+0000] {dag.py:4180} INFO - Setting next_dagrun for TFL_DATA_DAG to 2025-04-21 00:00:00+00:00, run_after=2025-04-22 00:00:00+00:00
[2025-04-21T00:16:20.259+0000] {processor.py:208} INFO - Processing /opt/airflow/dags/my_dag.py took 0.151 seconds
[2025-04-21T00:16:50.561+0000] {processor.py:186} INFO - Started process (PID=30894) to work on /opt/airflow/dags/my_dag.py
[2025-04-21T00:16:50.564+0000] {processor.py:914} INFO - Processing file /opt/airflow/dags/my_dag.py for tasks to queue
[2025-04-21T00:16:50.567+0000] {logging_mixin.py:190} INFO - [2025-04-21T00:16:50.566+0000] {dagbag.py:588} INFO - Filling up the DagBag from /opt/airflow/dags/my_dag.py
[2025-04-21T00:16:50.600+0000] {processor.py:925} INFO - DAG(s) 'TFL_DATA_DAG' retrieved from /opt/airflow/dags/my_dag.py
[2025-04-21T00:16:50.639+0000] {logging_mixin.py:190} INFO - [2025-04-21T00:16:50.638+0000] {dag.py:3239} INFO - Sync 1 DAGs
[2025-04-21T00:16:50.679+0000] {logging_mixin.py:190} INFO - [2025-04-21T00:16:50.679+0000] {dag.py:4180} INFO - Setting next_dagrun for TFL_DATA_DAG to 2025-04-21 00:00:00+00:00, run_after=2025-04-22 00:00:00+00:00
[2025-04-21T00:16:50.706+0000] {processor.py:208} INFO - Processing /opt/airflow/dags/my_dag.py took 0.153 seconds
[2025-04-21T00:17:21.011+0000] {processor.py:186} INFO - Started process (PID=30910) to work on /opt/airflow/dags/my_dag.py
[2025-04-21T00:17:21.013+0000] {processor.py:914} INFO - Processing file /opt/airflow/dags/my_dag.py for tasks to queue
[2025-04-21T00:17:21.017+0000] {logging_mixin.py:190} INFO - [2025-04-21T00:17:21.016+0000] {dagbag.py:588} INFO - Filling up the DagBag from /opt/airflow/dags/my_dag.py
[2025-04-21T00:17:21.053+0000] {processor.py:925} INFO - DAG(s) 'TFL_DATA_DAG' retrieved from /opt/airflow/dags/my_dag.py
[2025-04-21T00:17:21.086+0000] {logging_mixin.py:190} INFO - [2025-04-21T00:17:21.086+0000] {dag.py:3239} INFO - Sync 1 DAGs
[2025-04-21T00:17:21.123+0000] {logging_mixin.py:190} INFO - [2025-04-21T00:17:21.122+0000] {dag.py:4180} INFO - Setting next_dagrun for TFL_DATA_DAG to 2025-04-21 00:00:00+00:00, run_after=2025-04-22 00:00:00+00:00
[2025-04-21T00:17:21.148+0000] {processor.py:208} INFO - Processing /opt/airflow/dags/my_dag.py took 0.144 seconds
[2025-04-21T00:17:51.463+0000] {processor.py:186} INFO - Started process (PID=30929) to work on /opt/airflow/dags/my_dag.py
[2025-04-21T00:17:51.465+0000] {processor.py:914} INFO - Processing file /opt/airflow/dags/my_dag.py for tasks to queue
[2025-04-21T00:17:51.467+0000] {logging_mixin.py:190} INFO - [2025-04-21T00:17:51.467+0000] {dagbag.py:588} INFO - Filling up the DagBag from /opt/airflow/dags/my_dag.py
[2025-04-21T00:17:51.494+0000] {processor.py:925} INFO - DAG(s) 'TFL_DATA_DAG' retrieved from /opt/airflow/dags/my_dag.py
[2025-04-21T00:17:51.523+0000] {logging_mixin.py:190} INFO - [2025-04-21T00:17:51.523+0000] {dag.py:3239} INFO - Sync 1 DAGs
[2025-04-21T00:17:51.554+0000] {logging_mixin.py:190} INFO - [2025-04-21T00:17:51.554+0000] {dag.py:4180} INFO - Setting next_dagrun for TFL_DATA_DAG to 2025-04-21 00:00:00+00:00, run_after=2025-04-22 00:00:00+00:00
[2025-04-21T00:17:51.576+0000] {processor.py:208} INFO - Processing /opt/airflow/dags/my_dag.py took 0.121 seconds
[2025-04-21T00:18:21.893+0000] {processor.py:186} INFO - Started process (PID=30945) to work on /opt/airflow/dags/my_dag.py
[2025-04-21T00:18:21.896+0000] {processor.py:914} INFO - Processing file /opt/airflow/dags/my_dag.py for tasks to queue
[2025-04-21T00:18:21.900+0000] {logging_mixin.py:190} INFO - [2025-04-21T00:18:21.900+0000] {dagbag.py:588} INFO - Filling up the DagBag from /opt/airflow/dags/my_dag.py
[2025-04-21T00:18:21.928+0000] {processor.py:925} INFO - DAG(s) 'TFL_DATA_DAG' retrieved from /opt/airflow/dags/my_dag.py
[2025-04-21T00:18:21.965+0000] {logging_mixin.py:190} INFO - [2025-04-21T00:18:21.965+0000] {dag.py:3239} INFO - Sync 1 DAGs
[2025-04-21T00:18:21.999+0000] {logging_mixin.py:190} INFO - [2025-04-21T00:18:21.998+0000] {dag.py:4180} INFO - Setting next_dagrun for TFL_DATA_DAG to 2025-04-21 00:00:00+00:00, run_after=2025-04-22 00:00:00+00:00
[2025-04-21T00:18:22.028+0000] {processor.py:208} INFO - Processing /opt/airflow/dags/my_dag.py took 0.141 seconds
[2025-04-21T00:18:52.355+0000] {processor.py:186} INFO - Started process (PID=30961) to work on /opt/airflow/dags/my_dag.py
[2025-04-21T00:18:52.357+0000] {processor.py:914} INFO - Processing file /opt/airflow/dags/my_dag.py for tasks to queue
[2025-04-21T00:18:52.362+0000] {logging_mixin.py:190} INFO - [2025-04-21T00:18:52.361+0000] {dagbag.py:588} INFO - Filling up the DagBag from /opt/airflow/dags/my_dag.py
[2025-04-21T00:18:52.395+0000] {processor.py:925} INFO - DAG(s) 'TFL_DATA_DAG' retrieved from /opt/airflow/dags/my_dag.py
[2025-04-21T00:18:52.433+0000] {logging_mixin.py:190} INFO - [2025-04-21T00:18:52.432+0000] {dag.py:3239} INFO - Sync 1 DAGs
[2025-04-21T00:18:52.465+0000] {logging_mixin.py:190} INFO - [2025-04-21T00:18:52.464+0000] {dag.py:4180} INFO - Setting next_dagrun for TFL_DATA_DAG to 2025-04-21 00:00:00+00:00, run_after=2025-04-22 00:00:00+00:00
[2025-04-21T00:18:52.650+0000] {processor.py:208} INFO - Processing /opt/airflow/dags/my_dag.py took 0.302 seconds
[2025-04-21T00:19:22.953+0000] {processor.py:186} INFO - Started process (PID=30977) to work on /opt/airflow/dags/my_dag.py
[2025-04-21T00:19:22.956+0000] {processor.py:914} INFO - Processing file /opt/airflow/dags/my_dag.py for tasks to queue
[2025-04-21T00:19:22.958+0000] {logging_mixin.py:190} INFO - [2025-04-21T00:19:22.958+0000] {dagbag.py:588} INFO - Filling up the DagBag from /opt/airflow/dags/my_dag.py
[2025-04-21T00:19:22.987+0000] {processor.py:925} INFO - DAG(s) 'TFL_DATA_DAG' retrieved from /opt/airflow/dags/my_dag.py
[2025-04-21T00:19:23.018+0000] {logging_mixin.py:190} INFO - [2025-04-21T00:19:23.017+0000] {dag.py:3239} INFO - Sync 1 DAGs
[2025-04-21T00:19:23.046+0000] {logging_mixin.py:190} INFO - [2025-04-21T00:19:23.046+0000] {dag.py:4180} INFO - Setting next_dagrun for TFL_DATA_DAG to 2025-04-21 00:00:00+00:00, run_after=2025-04-22 00:00:00+00:00
[2025-04-21T00:19:23.070+0000] {processor.py:208} INFO - Processing /opt/airflow/dags/my_dag.py took 0.125 seconds
[2025-04-21T00:19:53.406+0000] {processor.py:186} INFO - Started process (PID=30993) to work on /opt/airflow/dags/my_dag.py
[2025-04-21T00:19:53.408+0000] {processor.py:914} INFO - Processing file /opt/airflow/dags/my_dag.py for tasks to queue
[2025-04-21T00:19:53.411+0000] {logging_mixin.py:190} INFO - [2025-04-21T00:19:53.411+0000] {dagbag.py:588} INFO - Filling up the DagBag from /opt/airflow/dags/my_dag.py
[2025-04-21T00:19:53.443+0000] {processor.py:925} INFO - DAG(s) 'TFL_DATA_DAG' retrieved from /opt/airflow/dags/my_dag.py
[2025-04-21T00:19:53.476+0000] {logging_mixin.py:190} INFO - [2025-04-21T00:19:53.476+0000] {dag.py:3239} INFO - Sync 1 DAGs
[2025-04-21T00:19:53.510+0000] {logging_mixin.py:190} INFO - [2025-04-21T00:19:53.509+0000] {dag.py:4180} INFO - Setting next_dagrun for TFL_DATA_DAG to 2025-04-21 00:00:00+00:00, run_after=2025-04-22 00:00:00+00:00
[2025-04-21T00:19:53.537+0000] {processor.py:208} INFO - Processing /opt/airflow/dags/my_dag.py took 0.138 seconds
[2025-04-21T00:20:23.847+0000] {processor.py:186} INFO - Started process (PID=31009) to work on /opt/airflow/dags/my_dag.py
[2025-04-21T00:20:23.850+0000] {processor.py:914} INFO - Processing file /opt/airflow/dags/my_dag.py for tasks to queue
[2025-04-21T00:20:23.853+0000] {logging_mixin.py:190} INFO - [2025-04-21T00:20:23.853+0000] {dagbag.py:588} INFO - Filling up the DagBag from /opt/airflow/dags/my_dag.py
[2025-04-21T00:20:23.886+0000] {processor.py:925} INFO - DAG(s) 'TFL_DATA_DAG' retrieved from /opt/airflow/dags/my_dag.py
[2025-04-21T00:20:23.921+0000] {logging_mixin.py:190} INFO - [2025-04-21T00:20:23.921+0000] {dag.py:3239} INFO - Sync 1 DAGs
[2025-04-21T00:20:23.955+0000] {logging_mixin.py:190} INFO - [2025-04-21T00:20:23.955+0000] {dag.py:4180} INFO - Setting next_dagrun for TFL_DATA_DAG to 2025-04-21 00:00:00+00:00, run_after=2025-04-22 00:00:00+00:00
[2025-04-21T00:20:23.986+0000] {processor.py:208} INFO - Processing /opt/airflow/dags/my_dag.py took 0.148 seconds
[2025-04-21T00:20:54.293+0000] {processor.py:186} INFO - Started process (PID=31025) to work on /opt/airflow/dags/my_dag.py
[2025-04-21T00:20:54.295+0000] {processor.py:914} INFO - Processing file /opt/airflow/dags/my_dag.py for tasks to queue
[2025-04-21T00:20:54.298+0000] {logging_mixin.py:190} INFO - [2025-04-21T00:20:54.297+0000] {dagbag.py:588} INFO - Filling up the DagBag from /opt/airflow/dags/my_dag.py
[2025-04-21T00:20:54.324+0000] {processor.py:925} INFO - DAG(s) 'TFL_DATA_DAG' retrieved from /opt/airflow/dags/my_dag.py
[2025-04-21T00:20:54.353+0000] {logging_mixin.py:190} INFO - [2025-04-21T00:20:54.353+0000] {dag.py:3239} INFO - Sync 1 DAGs
[2025-04-21T00:20:54.387+0000] {logging_mixin.py:190} INFO - [2025-04-21T00:20:54.387+0000] {dag.py:4180} INFO - Setting next_dagrun for TFL_DATA_DAG to 2025-04-21 00:00:00+00:00, run_after=2025-04-22 00:00:00+00:00
[2025-04-21T00:20:54.572+0000] {processor.py:208} INFO - Processing /opt/airflow/dags/my_dag.py took 0.286 seconds
[2025-04-21T00:21:24.881+0000] {processor.py:186} INFO - Started process (PID=31041) to work on /opt/airflow/dags/my_dag.py
[2025-04-21T00:21:24.883+0000] {processor.py:914} INFO - Processing file /opt/airflow/dags/my_dag.py for tasks to queue
[2025-04-21T00:21:24.886+0000] {logging_mixin.py:190} INFO - [2025-04-21T00:21:24.885+0000] {dagbag.py:588} INFO - Filling up the DagBag from /opt/airflow/dags/my_dag.py
[2025-04-21T00:21:24.915+0000] {processor.py:925} INFO - DAG(s) 'TFL_DATA_DAG' retrieved from /opt/airflow/dags/my_dag.py
[2025-04-21T00:21:24.954+0000] {logging_mixin.py:190} INFO - [2025-04-21T00:21:24.953+0000] {dag.py:3239} INFO - Sync 1 DAGs
[2025-04-21T00:21:25.195+0000] {logging_mixin.py:190} INFO - [2025-04-21T00:21:25.194+0000] {dag.py:4180} INFO - Setting next_dagrun for TFL_DATA_DAG to 2025-04-21 00:00:00+00:00, run_after=2025-04-22 00:00:00+00:00
[2025-04-21T00:21:25.222+0000] {processor.py:208} INFO - Processing /opt/airflow/dags/my_dag.py took 0.352 seconds
[2025-04-21T00:21:55.545+0000] {processor.py:186} INFO - Started process (PID=31057) to work on /opt/airflow/dags/my_dag.py
[2025-04-21T00:21:55.549+0000] {processor.py:914} INFO - Processing file /opt/airflow/dags/my_dag.py for tasks to queue
[2025-04-21T00:21:55.553+0000] {logging_mixin.py:190} INFO - [2025-04-21T00:21:55.552+0000] {dagbag.py:588} INFO - Filling up the DagBag from /opt/airflow/dags/my_dag.py
[2025-04-21T00:21:55.591+0000] {processor.py:925} INFO - DAG(s) 'TFL_DATA_DAG' retrieved from /opt/airflow/dags/my_dag.py
[2025-04-21T00:21:55.785+0000] {logging_mixin.py:190} INFO - [2025-04-21T00:21:55.785+0000] {dag.py:3239} INFO - Sync 1 DAGs
[2025-04-21T00:21:55.817+0000] {logging_mixin.py:190} INFO - [2025-04-21T00:21:55.817+0000] {dag.py:4180} INFO - Setting next_dagrun for TFL_DATA_DAG to 2025-04-21 00:00:00+00:00, run_after=2025-04-22 00:00:00+00:00
[2025-04-21T00:21:55.841+0000] {processor.py:208} INFO - Processing /opt/airflow/dags/my_dag.py took 0.306 seconds
[2025-04-21T00:22:26.154+0000] {processor.py:186} INFO - Started process (PID=31073) to work on /opt/airflow/dags/my_dag.py
[2025-04-21T00:22:26.158+0000] {processor.py:914} INFO - Processing file /opt/airflow/dags/my_dag.py for tasks to queue
[2025-04-21T00:22:26.161+0000] {logging_mixin.py:190} INFO - [2025-04-21T00:22:26.160+0000] {dagbag.py:588} INFO - Filling up the DagBag from /opt/airflow/dags/my_dag.py
[2025-04-21T00:22:26.193+0000] {processor.py:925} INFO - DAG(s) 'TFL_DATA_DAG' retrieved from /opt/airflow/dags/my_dag.py
[2025-04-21T00:22:26.232+0000] {logging_mixin.py:190} INFO - [2025-04-21T00:22:26.231+0000] {dag.py:3239} INFO - Sync 1 DAGs
[2025-04-21T00:22:26.275+0000] {logging_mixin.py:190} INFO - [2025-04-21T00:22:26.275+0000] {dag.py:4180} INFO - Setting next_dagrun for TFL_DATA_DAG to 2025-04-21 00:00:00+00:00, run_after=2025-04-22 00:00:00+00:00
[2025-04-21T00:22:26.316+0000] {processor.py:208} INFO - Processing /opt/airflow/dags/my_dag.py took 0.171 seconds
[2025-04-21T00:22:56.640+0000] {processor.py:186} INFO - Started process (PID=31089) to work on /opt/airflow/dags/my_dag.py
[2025-04-21T00:22:56.643+0000] {processor.py:914} INFO - Processing file /opt/airflow/dags/my_dag.py for tasks to queue
[2025-04-21T00:22:56.646+0000] {logging_mixin.py:190} INFO - [2025-04-21T00:22:56.645+0000] {dagbag.py:588} INFO - Filling up the DagBag from /opt/airflow/dags/my_dag.py
[2025-04-21T00:22:56.677+0000] {processor.py:925} INFO - DAG(s) 'TFL_DATA_DAG' retrieved from /opt/airflow/dags/my_dag.py
[2025-04-21T00:22:56.719+0000] {logging_mixin.py:190} INFO - [2025-04-21T00:22:56.719+0000] {dag.py:3239} INFO - Sync 1 DAGs
[2025-04-21T00:22:56.759+0000] {logging_mixin.py:190} INFO - [2025-04-21T00:22:56.758+0000] {dag.py:4180} INFO - Setting next_dagrun for TFL_DATA_DAG to 2025-04-21 00:00:00+00:00, run_after=2025-04-22 00:00:00+00:00
[2025-04-21T00:22:56.789+0000] {processor.py:208} INFO - Processing /opt/airflow/dags/my_dag.py took 0.159 seconds
[2025-04-21T00:23:27.115+0000] {processor.py:186} INFO - Started process (PID=31105) to work on /opt/airflow/dags/my_dag.py
[2025-04-21T00:23:27.117+0000] {processor.py:914} INFO - Processing file /opt/airflow/dags/my_dag.py for tasks to queue
[2025-04-21T00:23:27.121+0000] {logging_mixin.py:190} INFO - [2025-04-21T00:23:27.120+0000] {dagbag.py:588} INFO - Filling up the DagBag from /opt/airflow/dags/my_dag.py
[2025-04-21T00:23:27.157+0000] {processor.py:925} INFO - DAG(s) 'TFL_DATA_DAG' retrieved from /opt/airflow/dags/my_dag.py
[2025-04-21T00:23:27.192+0000] {logging_mixin.py:190} INFO - [2025-04-21T00:23:27.191+0000] {dag.py:3239} INFO - Sync 1 DAGs
[2025-04-21T00:23:27.240+0000] {logging_mixin.py:190} INFO - [2025-04-21T00:23:27.240+0000] {dag.py:4180} INFO - Setting next_dagrun for TFL_DATA_DAG to 2025-04-21 00:00:00+00:00, run_after=2025-04-22 00:00:00+00:00
[2025-04-21T00:23:27.269+0000] {processor.py:208} INFO - Processing /opt/airflow/dags/my_dag.py took 0.165 seconds
[2025-04-21T00:23:57.584+0000] {processor.py:186} INFO - Started process (PID=31121) to work on /opt/airflow/dags/my_dag.py
[2025-04-21T00:23:57.586+0000] {processor.py:914} INFO - Processing file /opt/airflow/dags/my_dag.py for tasks to queue
[2025-04-21T00:23:57.589+0000] {logging_mixin.py:190} INFO - [2025-04-21T00:23:57.588+0000] {dagbag.py:588} INFO - Filling up the DagBag from /opt/airflow/dags/my_dag.py
[2025-04-21T00:23:57.615+0000] {processor.py:925} INFO - DAG(s) 'TFL_DATA_DAG' retrieved from /opt/airflow/dags/my_dag.py
[2025-04-21T00:23:57.644+0000] {logging_mixin.py:190} INFO - [2025-04-21T00:23:57.643+0000] {dag.py:3239} INFO - Sync 1 DAGs
[2025-04-21T00:23:57.674+0000] {logging_mixin.py:190} INFO - [2025-04-21T00:23:57.674+0000] {dag.py:4180} INFO - Setting next_dagrun for TFL_DATA_DAG to 2025-04-21 00:00:00+00:00, run_after=2025-04-22 00:00:00+00:00
[2025-04-21T00:23:57.700+0000] {processor.py:208} INFO - Processing /opt/airflow/dags/my_dag.py took 0.124 seconds
[2025-04-21T00:24:28.029+0000] {processor.py:186} INFO - Started process (PID=31137) to work on /opt/airflow/dags/my_dag.py
[2025-04-21T00:24:28.031+0000] {processor.py:914} INFO - Processing file /opt/airflow/dags/my_dag.py for tasks to queue
[2025-04-21T00:24:28.034+0000] {logging_mixin.py:190} INFO - [2025-04-21T00:24:28.033+0000] {dagbag.py:588} INFO - Filling up the DagBag from /opt/airflow/dags/my_dag.py
[2025-04-21T00:24:28.064+0000] {processor.py:925} INFO - DAG(s) 'TFL_DATA_DAG' retrieved from /opt/airflow/dags/my_dag.py
[2025-04-21T00:24:28.093+0000] {logging_mixin.py:190} INFO - [2025-04-21T00:24:28.093+0000] {dag.py:3239} INFO - Sync 1 DAGs
[2025-04-21T00:24:28.125+0000] {logging_mixin.py:190} INFO - [2025-04-21T00:24:28.125+0000] {dag.py:4180} INFO - Setting next_dagrun for TFL_DATA_DAG to 2025-04-21 00:00:00+00:00, run_after=2025-04-22 00:00:00+00:00
[2025-04-21T00:24:28.150+0000] {processor.py:208} INFO - Processing /opt/airflow/dags/my_dag.py took 0.130 seconds
[2025-04-21T00:24:58.462+0000] {processor.py:186} INFO - Started process (PID=31153) to work on /opt/airflow/dags/my_dag.py
[2025-04-21T00:24:58.464+0000] {processor.py:914} INFO - Processing file /opt/airflow/dags/my_dag.py for tasks to queue
[2025-04-21T00:24:58.467+0000] {logging_mixin.py:190} INFO - [2025-04-21T00:24:58.466+0000] {dagbag.py:588} INFO - Filling up the DagBag from /opt/airflow/dags/my_dag.py
[2025-04-21T00:24:58.503+0000] {processor.py:925} INFO - DAG(s) 'TFL_DATA_DAG' retrieved from /opt/airflow/dags/my_dag.py
[2025-04-21T00:24:58.544+0000] {logging_mixin.py:190} INFO - [2025-04-21T00:24:58.543+0000] {dag.py:3239} INFO - Sync 1 DAGs
[2025-04-21T00:24:58.575+0000] {logging_mixin.py:190} INFO - [2025-04-21T00:24:58.575+0000] {dag.py:4180} INFO - Setting next_dagrun for TFL_DATA_DAG to 2025-04-21 00:00:00+00:00, run_after=2025-04-22 00:00:00+00:00
[2025-04-21T00:24:58.604+0000] {processor.py:208} INFO - Processing /opt/airflow/dags/my_dag.py took 0.150 seconds
[2025-04-21T00:25:28.939+0000] {processor.py:186} INFO - Started process (PID=31169) to work on /opt/airflow/dags/my_dag.py
[2025-04-21T00:25:28.941+0000] {processor.py:914} INFO - Processing file /opt/airflow/dags/my_dag.py for tasks to queue
[2025-04-21T00:25:28.944+0000] {logging_mixin.py:190} INFO - [2025-04-21T00:25:28.944+0000] {dagbag.py:588} INFO - Filling up the DagBag from /opt/airflow/dags/my_dag.py
[2025-04-21T00:25:28.974+0000] {processor.py:925} INFO - DAG(s) 'TFL_DATA_DAG' retrieved from /opt/airflow/dags/my_dag.py
[2025-04-21T00:25:29.010+0000] {logging_mixin.py:190} INFO - [2025-04-21T00:25:29.009+0000] {dag.py:3239} INFO - Sync 1 DAGs
[2025-04-21T00:25:29.041+0000] {logging_mixin.py:190} INFO - [2025-04-21T00:25:29.041+0000] {dag.py:4180} INFO - Setting next_dagrun for TFL_DATA_DAG to 2025-04-21 00:00:00+00:00, run_after=2025-04-22 00:00:00+00:00
[2025-04-21T00:25:29.070+0000] {processor.py:208} INFO - Processing /opt/airflow/dags/my_dag.py took 0.139 seconds
[2025-04-21T00:25:59.367+0000] {processor.py:186} INFO - Started process (PID=31185) to work on /opt/airflow/dags/my_dag.py
[2025-04-21T00:25:59.369+0000] {processor.py:914} INFO - Processing file /opt/airflow/dags/my_dag.py for tasks to queue
[2025-04-21T00:25:59.372+0000] {logging_mixin.py:190} INFO - [2025-04-21T00:25:59.371+0000] {dagbag.py:588} INFO - Filling up the DagBag from /opt/airflow/dags/my_dag.py
[2025-04-21T00:25:59.400+0000] {processor.py:925} INFO - DAG(s) 'TFL_DATA_DAG' retrieved from /opt/airflow/dags/my_dag.py
[2025-04-21T00:25:59.429+0000] {logging_mixin.py:190} INFO - [2025-04-21T00:25:59.429+0000] {dag.py:3239} INFO - Sync 1 DAGs
[2025-04-21T00:25:59.459+0000] {logging_mixin.py:190} INFO - [2025-04-21T00:25:59.459+0000] {dag.py:4180} INFO - Setting next_dagrun for TFL_DATA_DAG to 2025-04-21 00:00:00+00:00, run_after=2025-04-22 00:00:00+00:00
[2025-04-21T00:25:59.487+0000] {processor.py:208} INFO - Processing /opt/airflow/dags/my_dag.py took 0.129 seconds
[2025-04-21T00:26:29.846+0000] {processor.py:186} INFO - Started process (PID=31201) to work on /opt/airflow/dags/my_dag.py
[2025-04-21T00:26:29.849+0000] {processor.py:914} INFO - Processing file /opt/airflow/dags/my_dag.py for tasks to queue
[2025-04-21T00:26:29.851+0000] {logging_mixin.py:190} INFO - [2025-04-21T00:26:29.851+0000] {dagbag.py:588} INFO - Filling up the DagBag from /opt/airflow/dags/my_dag.py
[2025-04-21T00:26:29.882+0000] {processor.py:925} INFO - DAG(s) 'TFL_DATA_DAG' retrieved from /opt/airflow/dags/my_dag.py
[2025-04-21T00:26:29.912+0000] {logging_mixin.py:190} INFO - [2025-04-21T00:26:29.912+0000] {dag.py:3239} INFO - Sync 1 DAGs
[2025-04-21T00:26:29.945+0000] {logging_mixin.py:190} INFO - [2025-04-21T00:26:29.945+0000] {dag.py:4180} INFO - Setting next_dagrun for TFL_DATA_DAG to 2025-04-21 00:00:00+00:00, run_after=2025-04-22 00:00:00+00:00
[2025-04-21T00:26:29.967+0000] {processor.py:208} INFO - Processing /opt/airflow/dags/my_dag.py took 0.128 seconds
[2025-04-21T00:27:00.273+0000] {processor.py:186} INFO - Started process (PID=31217) to work on /opt/airflow/dags/my_dag.py
[2025-04-21T00:27:00.275+0000] {processor.py:914} INFO - Processing file /opt/airflow/dags/my_dag.py for tasks to queue
[2025-04-21T00:27:00.278+0000] {logging_mixin.py:190} INFO - [2025-04-21T00:27:00.278+0000] {dagbag.py:588} INFO - Filling up the DagBag from /opt/airflow/dags/my_dag.py
[2025-04-21T00:27:00.306+0000] {processor.py:925} INFO - DAG(s) 'TFL_DATA_DAG' retrieved from /opt/airflow/dags/my_dag.py
[2025-04-21T00:27:00.337+0000] {logging_mixin.py:190} INFO - [2025-04-21T00:27:00.336+0000] {dag.py:3239} INFO - Sync 1 DAGs
[2025-04-21T00:27:00.371+0000] {logging_mixin.py:190} INFO - [2025-04-21T00:27:00.370+0000] {dag.py:4180} INFO - Setting next_dagrun for TFL_DATA_DAG to 2025-04-21 00:00:00+00:00, run_after=2025-04-22 00:00:00+00:00
[2025-04-21T00:27:00.396+0000] {processor.py:208} INFO - Processing /opt/airflow/dags/my_dag.py took 0.132 seconds
[2025-04-21T00:27:30.719+0000] {processor.py:186} INFO - Started process (PID=31233) to work on /opt/airflow/dags/my_dag.py
[2025-04-21T00:27:30.721+0000] {processor.py:914} INFO - Processing file /opt/airflow/dags/my_dag.py for tasks to queue
[2025-04-21T00:27:30.724+0000] {logging_mixin.py:190} INFO - [2025-04-21T00:27:30.723+0000] {dagbag.py:588} INFO - Filling up the DagBag from /opt/airflow/dags/my_dag.py
[2025-04-21T00:27:30.757+0000] {processor.py:925} INFO - DAG(s) 'TFL_DATA_DAG' retrieved from /opt/airflow/dags/my_dag.py
[2025-04-21T00:27:30.795+0000] {logging_mixin.py:190} INFO - [2025-04-21T00:27:30.794+0000] {dag.py:3239} INFO - Sync 1 DAGs
[2025-04-21T00:27:30.838+0000] {logging_mixin.py:190} INFO - [2025-04-21T00:27:30.837+0000] {dag.py:4180} INFO - Setting next_dagrun for TFL_DATA_DAG to 2025-04-21 00:00:00+00:00, run_after=2025-04-22 00:00:00+00:00
[2025-04-21T00:27:30.869+0000] {processor.py:208} INFO - Processing /opt/airflow/dags/my_dag.py took 0.157 seconds
[2025-04-21T00:28:01.203+0000] {processor.py:186} INFO - Started process (PID=31249) to work on /opt/airflow/dags/my_dag.py
[2025-04-21T00:28:01.205+0000] {processor.py:914} INFO - Processing file /opt/airflow/dags/my_dag.py for tasks to queue
[2025-04-21T00:28:01.208+0000] {logging_mixin.py:190} INFO - [2025-04-21T00:28:01.208+0000] {dagbag.py:588} INFO - Filling up the DagBag from /opt/airflow/dags/my_dag.py
[2025-04-21T00:28:01.241+0000] {processor.py:925} INFO - DAG(s) 'TFL_DATA_DAG' retrieved from /opt/airflow/dags/my_dag.py
[2025-04-21T00:28:01.270+0000] {logging_mixin.py:190} INFO - [2025-04-21T00:28:01.270+0000] {dag.py:3239} INFO - Sync 1 DAGs
[2025-04-21T00:28:01.303+0000] {logging_mixin.py:190} INFO - [2025-04-21T00:28:01.302+0000] {dag.py:4180} INFO - Setting next_dagrun for TFL_DATA_DAG to 2025-04-21 00:00:00+00:00, run_after=2025-04-22 00:00:00+00:00
[2025-04-21T00:28:01.333+0000] {processor.py:208} INFO - Processing /opt/airflow/dags/my_dag.py took 0.137 seconds
[2025-04-21T00:28:31.638+0000] {processor.py:186} INFO - Started process (PID=31265) to work on /opt/airflow/dags/my_dag.py
[2025-04-21T00:28:31.641+0000] {processor.py:914} INFO - Processing file /opt/airflow/dags/my_dag.py for tasks to queue
[2025-04-21T00:28:31.644+0000] {logging_mixin.py:190} INFO - [2025-04-21T00:28:31.643+0000] {dagbag.py:588} INFO - Filling up the DagBag from /opt/airflow/dags/my_dag.py
[2025-04-21T00:28:31.677+0000] {processor.py:925} INFO - DAG(s) 'TFL_DATA_DAG' retrieved from /opt/airflow/dags/my_dag.py
[2025-04-21T00:28:31.711+0000] {logging_mixin.py:190} INFO - [2025-04-21T00:28:31.711+0000] {dag.py:3239} INFO - Sync 1 DAGs
[2025-04-21T00:28:31.742+0000] {logging_mixin.py:190} INFO - [2025-04-21T00:28:31.742+0000] {dag.py:4180} INFO - Setting next_dagrun for TFL_DATA_DAG to 2025-04-21 00:00:00+00:00, run_after=2025-04-22 00:00:00+00:00
[2025-04-21T00:28:31.765+0000] {processor.py:208} INFO - Processing /opt/airflow/dags/my_dag.py took 0.137 seconds
[2025-04-21T00:29:02.105+0000] {processor.py:186} INFO - Started process (PID=31281) to work on /opt/airflow/dags/my_dag.py
[2025-04-21T00:29:02.108+0000] {processor.py:914} INFO - Processing file /opt/airflow/dags/my_dag.py for tasks to queue
[2025-04-21T00:29:02.110+0000] {logging_mixin.py:190} INFO - [2025-04-21T00:29:02.110+0000] {dagbag.py:588} INFO - Filling up the DagBag from /opt/airflow/dags/my_dag.py
[2025-04-21T00:29:02.141+0000] {processor.py:925} INFO - DAG(s) 'TFL_DATA_DAG' retrieved from /opt/airflow/dags/my_dag.py
[2025-04-21T00:29:02.169+0000] {logging_mixin.py:190} INFO - [2025-04-21T00:29:02.169+0000] {dag.py:3239} INFO - Sync 1 DAGs
[2025-04-21T00:29:02.202+0000] {logging_mixin.py:190} INFO - [2025-04-21T00:29:02.202+0000] {dag.py:4180} INFO - Setting next_dagrun for TFL_DATA_DAG to 2025-04-21 00:00:00+00:00, run_after=2025-04-22 00:00:00+00:00
[2025-04-21T00:29:02.229+0000] {processor.py:208} INFO - Processing /opt/airflow/dags/my_dag.py took 0.132 seconds
[2025-04-21T00:29:32.574+0000] {processor.py:186} INFO - Started process (PID=31297) to work on /opt/airflow/dags/my_dag.py
[2025-04-21T00:29:32.576+0000] {processor.py:914} INFO - Processing file /opt/airflow/dags/my_dag.py for tasks to queue
[2025-04-21T00:29:32.579+0000] {logging_mixin.py:190} INFO - [2025-04-21T00:29:32.579+0000] {dagbag.py:588} INFO - Filling up the DagBag from /opt/airflow/dags/my_dag.py
[2025-04-21T00:29:32.617+0000] {processor.py:925} INFO - DAG(s) 'TFL_DATA_DAG' retrieved from /opt/airflow/dags/my_dag.py
[2025-04-21T00:29:32.650+0000] {logging_mixin.py:190} INFO - [2025-04-21T00:29:32.650+0000] {dag.py:3239} INFO - Sync 1 DAGs
[2025-04-21T00:29:32.686+0000] {logging_mixin.py:190} INFO - [2025-04-21T00:29:32.685+0000] {dag.py:4180} INFO - Setting next_dagrun for TFL_DATA_DAG to 2025-04-21 00:00:00+00:00, run_after=2025-04-22 00:00:00+00:00
[2025-04-21T00:29:32.712+0000] {processor.py:208} INFO - Processing /opt/airflow/dags/my_dag.py took 0.146 seconds
[2025-04-21T00:30:03.036+0000] {processor.py:186} INFO - Started process (PID=31313) to work on /opt/airflow/dags/my_dag.py
[2025-04-21T00:30:03.038+0000] {processor.py:914} INFO - Processing file /opt/airflow/dags/my_dag.py for tasks to queue
[2025-04-21T00:30:03.042+0000] {logging_mixin.py:190} INFO - [2025-04-21T00:30:03.041+0000] {dagbag.py:588} INFO - Filling up the DagBag from /opt/airflow/dags/my_dag.py
[2025-04-21T00:30:03.072+0000] {processor.py:925} INFO - DAG(s) 'TFL_DATA_DAG' retrieved from /opt/airflow/dags/my_dag.py
[2025-04-21T00:30:03.105+0000] {logging_mixin.py:190} INFO - [2025-04-21T00:30:03.105+0000] {dag.py:3239} INFO - Sync 1 DAGs
[2025-04-21T00:30:03.149+0000] {logging_mixin.py:190} INFO - [2025-04-21T00:30:03.149+0000] {dag.py:4180} INFO - Setting next_dagrun for TFL_DATA_DAG to 2025-04-21 00:00:00+00:00, run_after=2025-04-22 00:00:00+00:00
[2025-04-21T00:30:03.175+0000] {processor.py:208} INFO - Processing /opt/airflow/dags/my_dag.py took 0.146 seconds
[2025-04-21T00:30:33.529+0000] {processor.py:186} INFO - Started process (PID=31329) to work on /opt/airflow/dags/my_dag.py
[2025-04-21T00:30:33.532+0000] {processor.py:914} INFO - Processing file /opt/airflow/dags/my_dag.py for tasks to queue
[2025-04-21T00:30:33.537+0000] {logging_mixin.py:190} INFO - [2025-04-21T00:30:33.536+0000] {dagbag.py:588} INFO - Filling up the DagBag from /opt/airflow/dags/my_dag.py
[2025-04-21T00:30:33.583+0000] {processor.py:925} INFO - DAG(s) 'TFL_DATA_DAG' retrieved from /opt/airflow/dags/my_dag.py
[2025-04-21T00:30:33.620+0000] {logging_mixin.py:190} INFO - [2025-04-21T00:30:33.619+0000] {dag.py:3239} INFO - Sync 1 DAGs
[2025-04-21T00:30:33.656+0000] {logging_mixin.py:190} INFO - [2025-04-21T00:30:33.656+0000] {dag.py:4180} INFO - Setting next_dagrun for TFL_DATA_DAG to 2025-04-21 00:00:00+00:00, run_after=2025-04-22 00:00:00+00:00
[2025-04-21T00:30:33.689+0000] {processor.py:208} INFO - Processing /opt/airflow/dags/my_dag.py took 0.172 seconds
[2025-04-21T00:31:04.111+0000] {processor.py:186} INFO - Started process (PID=31345) to work on /opt/airflow/dags/my_dag.py
[2025-04-21T00:31:04.113+0000] {processor.py:914} INFO - Processing file /opt/airflow/dags/my_dag.py for tasks to queue
[2025-04-21T00:31:04.116+0000] {logging_mixin.py:190} INFO - [2025-04-21T00:31:04.115+0000] {dagbag.py:588} INFO - Filling up the DagBag from /opt/airflow/dags/my_dag.py
[2025-04-21T00:31:04.148+0000] {processor.py:925} INFO - DAG(s) 'TFL_DATA_DAG' retrieved from /opt/airflow/dags/my_dag.py
[2025-04-21T00:31:04.186+0000] {logging_mixin.py:190} INFO - [2025-04-21T00:31:04.186+0000] {dag.py:3239} INFO - Sync 1 DAGs
[2025-04-21T00:31:04.225+0000] {logging_mixin.py:190} INFO - [2025-04-21T00:31:04.224+0000] {dag.py:4180} INFO - Setting next_dagrun for TFL_DATA_DAG to 2025-04-21 00:00:00+00:00, run_after=2025-04-22 00:00:00+00:00
[2025-04-21T00:31:04.268+0000] {processor.py:208} INFO - Processing /opt/airflow/dags/my_dag.py took 0.166 seconds
[2025-04-21T00:31:34.632+0000] {processor.py:186} INFO - Started process (PID=31361) to work on /opt/airflow/dags/my_dag.py
[2025-04-21T00:31:34.635+0000] {processor.py:914} INFO - Processing file /opt/airflow/dags/my_dag.py for tasks to queue
[2025-04-21T00:31:34.638+0000] {logging_mixin.py:190} INFO - [2025-04-21T00:31:34.637+0000] {dagbag.py:588} INFO - Filling up the DagBag from /opt/airflow/dags/my_dag.py
[2025-04-21T00:31:34.672+0000] {processor.py:925} INFO - DAG(s) 'TFL_DATA_DAG' retrieved from /opt/airflow/dags/my_dag.py
[2025-04-21T00:31:34.710+0000] {logging_mixin.py:190} INFO - [2025-04-21T00:31:34.709+0000] {dag.py:3239} INFO - Sync 1 DAGs
[2025-04-21T00:31:34.752+0000] {logging_mixin.py:190} INFO - [2025-04-21T00:31:34.752+0000] {dag.py:4180} INFO - Setting next_dagrun for TFL_DATA_DAG to 2025-04-21 00:00:00+00:00, run_after=2025-04-22 00:00:00+00:00
[2025-04-21T00:31:34.783+0000] {processor.py:208} INFO - Processing /opt/airflow/dags/my_dag.py took 0.167 seconds
[2025-04-21T00:32:05.105+0000] {processor.py:186} INFO - Started process (PID=31377) to work on /opt/airflow/dags/my_dag.py
[2025-04-21T00:32:05.108+0000] {processor.py:914} INFO - Processing file /opt/airflow/dags/my_dag.py for tasks to queue
[2025-04-21T00:32:05.111+0000] {logging_mixin.py:190} INFO - [2025-04-21T00:32:05.110+0000] {dagbag.py:588} INFO - Filling up the DagBag from /opt/airflow/dags/my_dag.py
[2025-04-21T00:32:05.138+0000] {processor.py:925} INFO - DAG(s) 'TFL_DATA_DAG' retrieved from /opt/airflow/dags/my_dag.py
[2025-04-21T00:32:05.168+0000] {logging_mixin.py:190} INFO - [2025-04-21T00:32:05.167+0000] {dag.py:3239} INFO - Sync 1 DAGs
[2025-04-21T00:32:05.199+0000] {logging_mixin.py:190} INFO - [2025-04-21T00:32:05.199+0000] {dag.py:4180} INFO - Setting next_dagrun for TFL_DATA_DAG to 2025-04-21 00:00:00+00:00, run_after=2025-04-22 00:00:00+00:00
[2025-04-21T00:32:05.230+0000] {processor.py:208} INFO - Processing /opt/airflow/dags/my_dag.py took 0.131 seconds
[2025-04-21T00:32:35.571+0000] {processor.py:186} INFO - Started process (PID=31393) to work on /opt/airflow/dags/my_dag.py
[2025-04-21T00:32:35.573+0000] {processor.py:914} INFO - Processing file /opt/airflow/dags/my_dag.py for tasks to queue
[2025-04-21T00:32:35.575+0000] {logging_mixin.py:190} INFO - [2025-04-21T00:32:35.575+0000] {dagbag.py:588} INFO - Filling up the DagBag from /opt/airflow/dags/my_dag.py
[2025-04-21T00:32:35.608+0000] {processor.py:925} INFO - DAG(s) 'TFL_DATA_DAG' retrieved from /opt/airflow/dags/my_dag.py
[2025-04-21T00:32:35.642+0000] {logging_mixin.py:190} INFO - [2025-04-21T00:32:35.642+0000] {dag.py:3239} INFO - Sync 1 DAGs
[2025-04-21T00:32:35.679+0000] {logging_mixin.py:190} INFO - [2025-04-21T00:32:35.678+0000] {dag.py:4180} INFO - Setting next_dagrun for TFL_DATA_DAG to 2025-04-21 00:00:00+00:00, run_after=2025-04-22 00:00:00+00:00
[2025-04-21T00:32:35.709+0000] {processor.py:208} INFO - Processing /opt/airflow/dags/my_dag.py took 0.148 seconds
[2025-04-21T00:33:06.041+0000] {processor.py:186} INFO - Started process (PID=31409) to work on /opt/airflow/dags/my_dag.py
[2025-04-21T00:33:06.044+0000] {processor.py:914} INFO - Processing file /opt/airflow/dags/my_dag.py for tasks to queue
[2025-04-21T00:33:06.048+0000] {logging_mixin.py:190} INFO - [2025-04-21T00:33:06.047+0000] {dagbag.py:588} INFO - Filling up the DagBag from /opt/airflow/dags/my_dag.py
[2025-04-21T00:33:06.088+0000] {processor.py:925} INFO - DAG(s) 'TFL_DATA_DAG' retrieved from /opt/airflow/dags/my_dag.py
[2025-04-21T00:33:06.130+0000] {logging_mixin.py:190} INFO - [2025-04-21T00:33:06.130+0000] {dag.py:3239} INFO - Sync 1 DAGs
[2025-04-21T00:33:06.168+0000] {logging_mixin.py:190} INFO - [2025-04-21T00:33:06.168+0000] {dag.py:4180} INFO - Setting next_dagrun for TFL_DATA_DAG to 2025-04-21 00:00:00+00:00, run_after=2025-04-22 00:00:00+00:00
[2025-04-21T00:33:06.203+0000] {processor.py:208} INFO - Processing /opt/airflow/dags/my_dag.py took 0.171 seconds
[2025-04-21T00:33:36.534+0000] {processor.py:186} INFO - Started process (PID=31425) to work on /opt/airflow/dags/my_dag.py
[2025-04-21T00:33:36.536+0000] {processor.py:914} INFO - Processing file /opt/airflow/dags/my_dag.py for tasks to queue
[2025-04-21T00:33:36.539+0000] {logging_mixin.py:190} INFO - [2025-04-21T00:33:36.539+0000] {dagbag.py:588} INFO - Filling up the DagBag from /opt/airflow/dags/my_dag.py
[2025-04-21T00:33:36.571+0000] {processor.py:925} INFO - DAG(s) 'TFL_DATA_DAG' retrieved from /opt/airflow/dags/my_dag.py
[2025-04-21T00:33:36.602+0000] {logging_mixin.py:190} INFO - [2025-04-21T00:33:36.602+0000] {dag.py:3239} INFO - Sync 1 DAGs
[2025-04-21T00:33:36.646+0000] {logging_mixin.py:190} INFO - [2025-04-21T00:33:36.646+0000] {dag.py:4180} INFO - Setting next_dagrun for TFL_DATA_DAG to 2025-04-21 00:00:00+00:00, run_after=2025-04-22 00:00:00+00:00
[2025-04-21T00:33:36.673+0000] {processor.py:208} INFO - Processing /opt/airflow/dags/my_dag.py took 0.149 seconds
[2025-04-21T00:34:07.005+0000] {processor.py:186} INFO - Started process (PID=31440) to work on /opt/airflow/dags/my_dag.py
[2025-04-21T00:34:07.007+0000] {processor.py:914} INFO - Processing file /opt/airflow/dags/my_dag.py for tasks to queue
[2025-04-21T00:34:07.010+0000] {logging_mixin.py:190} INFO - [2025-04-21T00:34:07.009+0000] {dagbag.py:588} INFO - Filling up the DagBag from /opt/airflow/dags/my_dag.py
[2025-04-21T00:34:07.036+0000] {processor.py:925} INFO - DAG(s) 'TFL_DATA_DAG' retrieved from /opt/airflow/dags/my_dag.py
[2025-04-21T00:34:07.066+0000] {logging_mixin.py:190} INFO - [2025-04-21T00:34:07.065+0000] {dag.py:3239} INFO - Sync 1 DAGs
[2025-04-21T00:34:07.100+0000] {logging_mixin.py:190} INFO - [2025-04-21T00:34:07.100+0000] {dag.py:4180} INFO - Setting next_dagrun for TFL_DATA_DAG to 2025-04-21 00:00:00+00:00, run_after=2025-04-22 00:00:00+00:00
[2025-04-21T00:34:07.125+0000] {processor.py:208} INFO - Processing /opt/airflow/dags/my_dag.py took 0.129 seconds
[2025-04-21T00:34:37.484+0000] {processor.py:186} INFO - Started process (PID=31456) to work on /opt/airflow/dags/my_dag.py
[2025-04-21T00:34:37.488+0000] {processor.py:914} INFO - Processing file /opt/airflow/dags/my_dag.py for tasks to queue
[2025-04-21T00:34:37.491+0000] {logging_mixin.py:190} INFO - [2025-04-21T00:34:37.491+0000] {dagbag.py:588} INFO - Filling up the DagBag from /opt/airflow/dags/my_dag.py
[2025-04-21T00:34:37.530+0000] {processor.py:925} INFO - DAG(s) 'TFL_DATA_DAG' retrieved from /opt/airflow/dags/my_dag.py
[2025-04-21T00:34:37.576+0000] {logging_mixin.py:190} INFO - [2025-04-21T00:34:37.575+0000] {dag.py:3239} INFO - Sync 1 DAGs
[2025-04-21T00:34:37.647+0000] {logging_mixin.py:190} INFO - [2025-04-21T00:34:37.647+0000] {dag.py:4180} INFO - Setting next_dagrun for TFL_DATA_DAG to 2025-04-21 00:00:00+00:00, run_after=2025-04-22 00:00:00+00:00
[2025-04-21T00:34:37.715+0000] {processor.py:208} INFO - Processing /opt/airflow/dags/my_dag.py took 0.240 seconds
[2025-04-21T00:35:07.886+0000] {processor.py:186} INFO - Started process (PID=31472) to work on /opt/airflow/dags/my_dag.py
[2025-04-21T00:35:07.889+0000] {processor.py:914} INFO - Processing file /opt/airflow/dags/my_dag.py for tasks to queue
[2025-04-21T00:35:07.893+0000] {logging_mixin.py:190} INFO - [2025-04-21T00:35:07.892+0000] {dagbag.py:588} INFO - Filling up the DagBag from /opt/airflow/dags/my_dag.py
[2025-04-21T00:35:07.945+0000] {processor.py:925} INFO - DAG(s) 'TFL_DATA_DAG' retrieved from /opt/airflow/dags/my_dag.py
[2025-04-21T00:35:07.997+0000] {logging_mixin.py:190} INFO - [2025-04-21T00:35:07.996+0000] {dag.py:3239} INFO - Sync 1 DAGs
[2025-04-21T00:35:08.032+0000] {logging_mixin.py:190} INFO - [2025-04-21T00:35:08.032+0000] {dag.py:4180} INFO - Setting next_dagrun for TFL_DATA_DAG to 2025-04-21 00:00:00+00:00, run_after=2025-04-22 00:00:00+00:00
[2025-04-21T00:35:08.060+0000] {processor.py:208} INFO - Processing /opt/airflow/dags/my_dag.py took 0.182 seconds
[2025-04-21T00:35:32.336+0000] {processor.py:186} INFO - Started process (PID=31488) to work on /opt/airflow/dags/my_dag.py
[2025-04-21T00:35:32.339+0000] {processor.py:914} INFO - Processing file /opt/airflow/dags/my_dag.py for tasks to queue
[2025-04-21T00:35:32.343+0000] {logging_mixin.py:190} INFO - [2025-04-21T00:35:32.342+0000] {dagbag.py:588} INFO - Filling up the DagBag from /opt/airflow/dags/my_dag.py
[2025-04-21T00:35:32.398+0000] {processor.py:925} INFO - DAG(s) 'TFL_DATA_DAG' retrieved from /opt/airflow/dags/my_dag.py
[2025-04-21T00:35:32.427+0000] {logging_mixin.py:190} INFO - [2025-04-21T00:35:32.427+0000] {dag.py:3239} INFO - Sync 1 DAGs
[2025-04-21T00:35:32.459+0000] {logging_mixin.py:190} INFO - [2025-04-21T00:35:32.458+0000] {dag.py:4180} INFO - Setting next_dagrun for TFL_DATA_DAG to 2025-04-21 00:00:00+00:00, run_after=2025-04-22 00:00:00+00:00
[2025-04-21T00:35:32.491+0000] {processor.py:208} INFO - Processing /opt/airflow/dags/my_dag.py took 0.162 seconds
[2025-04-21T00:36:02.880+0000] {processor.py:186} INFO - Started process (PID=31504) to work on /opt/airflow/dags/my_dag.py
[2025-04-21T00:36:02.883+0000] {processor.py:914} INFO - Processing file /opt/airflow/dags/my_dag.py for tasks to queue
[2025-04-21T00:36:02.886+0000] {logging_mixin.py:190} INFO - [2025-04-21T00:36:02.886+0000] {dagbag.py:588} INFO - Filling up the DagBag from /opt/airflow/dags/my_dag.py
[2025-04-21T00:36:02.919+0000] {processor.py:925} INFO - DAG(s) 'TFL_DATA_DAG' retrieved from /opt/airflow/dags/my_dag.py
[2025-04-21T00:36:02.952+0000] {logging_mixin.py:190} INFO - [2025-04-21T00:36:02.952+0000] {dag.py:3239} INFO - Sync 1 DAGs
[2025-04-21T00:36:02.985+0000] {logging_mixin.py:190} INFO - [2025-04-21T00:36:02.985+0000] {dag.py:4180} INFO - Setting next_dagrun for TFL_DATA_DAG to 2025-04-21 00:00:00+00:00, run_after=2025-04-22 00:00:00+00:00
[2025-04-21T00:36:03.012+0000] {processor.py:208} INFO - Processing /opt/airflow/dags/my_dag.py took 0.142 seconds
[2025-04-21T00:36:33.360+0000] {processor.py:186} INFO - Started process (PID=31520) to work on /opt/airflow/dags/my_dag.py
[2025-04-21T00:36:33.363+0000] {processor.py:914} INFO - Processing file /opt/airflow/dags/my_dag.py for tasks to queue
[2025-04-21T00:36:33.365+0000] {logging_mixin.py:190} INFO - [2025-04-21T00:36:33.365+0000] {dagbag.py:588} INFO - Filling up the DagBag from /opt/airflow/dags/my_dag.py
[2025-04-21T00:36:33.403+0000] {processor.py:925} INFO - DAG(s) 'TFL_DATA_DAG' retrieved from /opt/airflow/dags/my_dag.py
[2025-04-21T00:36:33.437+0000] {logging_mixin.py:190} INFO - [2025-04-21T00:36:33.436+0000] {dag.py:3239} INFO - Sync 1 DAGs
[2025-04-21T00:36:33.476+0000] {logging_mixin.py:190} INFO - [2025-04-21T00:36:33.476+0000] {dag.py:4180} INFO - Setting next_dagrun for TFL_DATA_DAG to 2025-04-21 00:00:00+00:00, run_after=2025-04-22 00:00:00+00:00
[2025-04-21T00:36:33.514+0000] {processor.py:208} INFO - Processing /opt/airflow/dags/my_dag.py took 0.163 seconds
[2025-04-21T00:37:03.849+0000] {processor.py:186} INFO - Started process (PID=31536) to work on /opt/airflow/dags/my_dag.py
[2025-04-21T00:37:03.851+0000] {processor.py:914} INFO - Processing file /opt/airflow/dags/my_dag.py for tasks to queue
[2025-04-21T00:37:03.854+0000] {logging_mixin.py:190} INFO - [2025-04-21T00:37:03.854+0000] {dagbag.py:588} INFO - Filling up the DagBag from /opt/airflow/dags/my_dag.py
[2025-04-21T00:37:03.884+0000] {processor.py:925} INFO - DAG(s) 'TFL_DATA_DAG' retrieved from /opt/airflow/dags/my_dag.py
[2025-04-21T00:37:03.913+0000] {logging_mixin.py:190} INFO - [2025-04-21T00:37:03.913+0000] {dag.py:3239} INFO - Sync 1 DAGs
[2025-04-21T00:37:03.963+0000] {logging_mixin.py:190} INFO - [2025-04-21T00:37:03.963+0000] {dag.py:4180} INFO - Setting next_dagrun for TFL_DATA_DAG to 2025-04-21 00:00:00+00:00, run_after=2025-04-22 00:00:00+00:00
[2025-04-21T00:37:03.990+0000] {processor.py:208} INFO - Processing /opt/airflow/dags/my_dag.py took 0.149 seconds
[2025-04-21T00:37:34.336+0000] {processor.py:186} INFO - Started process (PID=31552) to work on /opt/airflow/dags/my_dag.py
[2025-04-21T00:37:34.339+0000] {processor.py:914} INFO - Processing file /opt/airflow/dags/my_dag.py for tasks to queue
[2025-04-21T00:37:34.342+0000] {logging_mixin.py:190} INFO - [2025-04-21T00:37:34.342+0000] {dagbag.py:588} INFO - Filling up the DagBag from /opt/airflow/dags/my_dag.py
[2025-04-21T00:37:34.372+0000] {processor.py:925} INFO - DAG(s) 'TFL_DATA_DAG' retrieved from /opt/airflow/dags/my_dag.py
[2025-04-21T00:37:34.406+0000] {logging_mixin.py:190} INFO - [2025-04-21T00:37:34.406+0000] {dag.py:3239} INFO - Sync 1 DAGs
[2025-04-21T00:37:34.442+0000] {logging_mixin.py:190} INFO - [2025-04-21T00:37:34.442+0000] {dag.py:4180} INFO - Setting next_dagrun for TFL_DATA_DAG to 2025-04-21 00:00:00+00:00, run_after=2025-04-22 00:00:00+00:00
[2025-04-21T00:37:34.469+0000] {processor.py:208} INFO - Processing /opt/airflow/dags/my_dag.py took 0.144 seconds
[2025-04-21T00:38:04.790+0000] {processor.py:186} INFO - Started process (PID=31568) to work on /opt/airflow/dags/my_dag.py
[2025-04-21T00:38:04.792+0000] {processor.py:914} INFO - Processing file /opt/airflow/dags/my_dag.py for tasks to queue
[2025-04-21T00:38:04.796+0000] {logging_mixin.py:190} INFO - [2025-04-21T00:38:04.795+0000] {dagbag.py:588} INFO - Filling up the DagBag from /opt/airflow/dags/my_dag.py
[2025-04-21T00:38:04.829+0000] {processor.py:925} INFO - DAG(s) 'TFL_DATA_DAG' retrieved from /opt/airflow/dags/my_dag.py
[2025-04-21T00:38:04.862+0000] {logging_mixin.py:190} INFO - [2025-04-21T00:38:04.861+0000] {dag.py:3239} INFO - Sync 1 DAGs
[2025-04-21T00:38:04.894+0000] {logging_mixin.py:190} INFO - [2025-04-21T00:38:04.894+0000] {dag.py:4180} INFO - Setting next_dagrun for TFL_DATA_DAG to 2025-04-21 00:00:00+00:00, run_after=2025-04-22 00:00:00+00:00
[2025-04-21T00:38:04.920+0000] {processor.py:208} INFO - Processing /opt/airflow/dags/my_dag.py took 0.137 seconds
[2025-04-21T00:38:35.253+0000] {processor.py:186} INFO - Started process (PID=31584) to work on /opt/airflow/dags/my_dag.py
[2025-04-21T00:38:35.256+0000] {processor.py:914} INFO - Processing file /opt/airflow/dags/my_dag.py for tasks to queue
[2025-04-21T00:38:35.259+0000] {logging_mixin.py:190} INFO - [2025-04-21T00:38:35.259+0000] {dagbag.py:588} INFO - Filling up the DagBag from /opt/airflow/dags/my_dag.py
[2025-04-21T00:38:35.291+0000] {processor.py:925} INFO - DAG(s) 'TFL_DATA_DAG' retrieved from /opt/airflow/dags/my_dag.py
[2025-04-21T00:38:35.325+0000] {logging_mixin.py:190} INFO - [2025-04-21T00:38:35.325+0000] {dag.py:3239} INFO - Sync 1 DAGs
[2025-04-21T00:38:35.359+0000] {logging_mixin.py:190} INFO - [2025-04-21T00:38:35.359+0000] {dag.py:4180} INFO - Setting next_dagrun for TFL_DATA_DAG to 2025-04-21 00:00:00+00:00, run_after=2025-04-22 00:00:00+00:00
[2025-04-21T00:38:35.388+0000] {processor.py:208} INFO - Processing /opt/airflow/dags/my_dag.py took 0.142 seconds
[2025-04-21T00:39:05.755+0000] {processor.py:186} INFO - Started process (PID=31600) to work on /opt/airflow/dags/my_dag.py
[2025-04-21T00:39:05.758+0000] {processor.py:914} INFO - Processing file /opt/airflow/dags/my_dag.py for tasks to queue
[2025-04-21T00:39:05.763+0000] {logging_mixin.py:190} INFO - [2025-04-21T00:39:05.762+0000] {dagbag.py:588} INFO - Filling up the DagBag from /opt/airflow/dags/my_dag.py
[2025-04-21T00:39:05.795+0000] {processor.py:925} INFO - DAG(s) 'TFL_DATA_DAG' retrieved from /opt/airflow/dags/my_dag.py
[2025-04-21T00:39:05.831+0000] {logging_mixin.py:190} INFO - [2025-04-21T00:39:05.830+0000] {dag.py:3239} INFO - Sync 1 DAGs
[2025-04-21T00:39:05.869+0000] {logging_mixin.py:190} INFO - [2025-04-21T00:39:05.869+0000] {dag.py:4180} INFO - Setting next_dagrun for TFL_DATA_DAG to 2025-04-21 00:00:00+00:00, run_after=2025-04-22 00:00:00+00:00
[2025-04-21T00:39:05.899+0000] {processor.py:208} INFO - Processing /opt/airflow/dags/my_dag.py took 0.153 seconds
[2025-04-21T00:39:36.205+0000] {processor.py:186} INFO - Started process (PID=31616) to work on /opt/airflow/dags/my_dag.py
[2025-04-21T00:39:36.207+0000] {processor.py:914} INFO - Processing file /opt/airflow/dags/my_dag.py for tasks to queue
[2025-04-21T00:39:36.210+0000] {logging_mixin.py:190} INFO - [2025-04-21T00:39:36.209+0000] {dagbag.py:588} INFO - Filling up the DagBag from /opt/airflow/dags/my_dag.py
[2025-04-21T00:39:36.238+0000] {processor.py:925} INFO - DAG(s) 'TFL_DATA_DAG' retrieved from /opt/airflow/dags/my_dag.py
[2025-04-21T00:39:36.272+0000] {logging_mixin.py:190} INFO - [2025-04-21T00:39:36.271+0000] {dag.py:3239} INFO - Sync 1 DAGs
[2025-04-21T00:39:36.309+0000] {logging_mixin.py:190} INFO - [2025-04-21T00:39:36.309+0000] {dag.py:4180} INFO - Setting next_dagrun for TFL_DATA_DAG to 2025-04-21 00:00:00+00:00, run_after=2025-04-22 00:00:00+00:00
[2025-04-21T00:39:36.334+0000] {processor.py:208} INFO - Processing /opt/airflow/dags/my_dag.py took 0.136 seconds
[2025-04-21T00:40:06.659+0000] {processor.py:186} INFO - Started process (PID=31632) to work on /opt/airflow/dags/my_dag.py
[2025-04-21T00:40:06.662+0000] {processor.py:914} INFO - Processing file /opt/airflow/dags/my_dag.py for tasks to queue
[2025-04-21T00:40:06.664+0000] {logging_mixin.py:190} INFO - [2025-04-21T00:40:06.664+0000] {dagbag.py:588} INFO - Filling up the DagBag from /opt/airflow/dags/my_dag.py
[2025-04-21T00:40:06.693+0000] {processor.py:925} INFO - DAG(s) 'TFL_DATA_DAG' retrieved from /opt/airflow/dags/my_dag.py
[2025-04-21T00:40:06.730+0000] {logging_mixin.py:190} INFO - [2025-04-21T00:40:06.730+0000] {dag.py:3239} INFO - Sync 1 DAGs
[2025-04-21T00:40:06.768+0000] {logging_mixin.py:190} INFO - [2025-04-21T00:40:06.767+0000] {dag.py:4180} INFO - Setting next_dagrun for TFL_DATA_DAG to 2025-04-21 00:00:00+00:00, run_after=2025-04-22 00:00:00+00:00
[2025-04-21T00:40:06.796+0000] {processor.py:208} INFO - Processing /opt/airflow/dags/my_dag.py took 0.145 seconds
[2025-04-21T00:40:37.143+0000] {processor.py:186} INFO - Started process (PID=31648) to work on /opt/airflow/dags/my_dag.py
[2025-04-21T00:40:37.146+0000] {processor.py:914} INFO - Processing file /opt/airflow/dags/my_dag.py for tasks to queue
[2025-04-21T00:40:37.149+0000] {logging_mixin.py:190} INFO - [2025-04-21T00:40:37.148+0000] {dagbag.py:588} INFO - Filling up the DagBag from /opt/airflow/dags/my_dag.py
[2025-04-21T00:40:37.181+0000] {processor.py:925} INFO - DAG(s) 'TFL_DATA_DAG' retrieved from /opt/airflow/dags/my_dag.py
[2025-04-21T00:40:37.219+0000] {logging_mixin.py:190} INFO - [2025-04-21T00:40:37.218+0000] {dag.py:3239} INFO - Sync 1 DAGs
[2025-04-21T00:40:37.258+0000] {logging_mixin.py:190} INFO - [2025-04-21T00:40:37.257+0000] {dag.py:4180} INFO - Setting next_dagrun for TFL_DATA_DAG to 2025-04-21 00:00:00+00:00, run_after=2025-04-22 00:00:00+00:00
[2025-04-21T00:40:37.291+0000] {processor.py:208} INFO - Processing /opt/airflow/dags/my_dag.py took 0.157 seconds
[2025-04-21T00:41:07.671+0000] {processor.py:186} INFO - Started process (PID=31664) to work on /opt/airflow/dags/my_dag.py
[2025-04-21T00:41:07.674+0000] {processor.py:914} INFO - Processing file /opt/airflow/dags/my_dag.py for tasks to queue
[2025-04-21T00:41:07.677+0000] {logging_mixin.py:190} INFO - [2025-04-21T00:41:07.676+0000] {dagbag.py:588} INFO - Filling up the DagBag from /opt/airflow/dags/my_dag.py
[2025-04-21T00:41:07.715+0000] {processor.py:925} INFO - DAG(s) 'TFL_DATA_DAG' retrieved from /opt/airflow/dags/my_dag.py
[2025-04-21T00:41:07.758+0000] {logging_mixin.py:190} INFO - [2025-04-21T00:41:07.758+0000] {dag.py:3239} INFO - Sync 1 DAGs
[2025-04-21T00:41:07.790+0000] {logging_mixin.py:190} INFO - [2025-04-21T00:41:07.790+0000] {dag.py:4180} INFO - Setting next_dagrun for TFL_DATA_DAG to 2025-04-21 00:00:00+00:00, run_after=2025-04-22 00:00:00+00:00
[2025-04-21T00:41:07.820+0000] {processor.py:208} INFO - Processing /opt/airflow/dags/my_dag.py took 0.160 seconds
[2025-04-21T00:41:38.171+0000] {processor.py:186} INFO - Started process (PID=31680) to work on /opt/airflow/dags/my_dag.py
[2025-04-21T00:41:38.174+0000] {processor.py:914} INFO - Processing file /opt/airflow/dags/my_dag.py for tasks to queue
[2025-04-21T00:41:38.178+0000] {logging_mixin.py:190} INFO - [2025-04-21T00:41:38.177+0000] {dagbag.py:588} INFO - Filling up the DagBag from /opt/airflow/dags/my_dag.py
[2025-04-21T00:41:38.216+0000] {processor.py:925} INFO - DAG(s) 'TFL_DATA_DAG' retrieved from /opt/airflow/dags/my_dag.py
[2025-04-21T00:41:38.248+0000] {logging_mixin.py:190} INFO - [2025-04-21T00:41:38.248+0000] {dag.py:3239} INFO - Sync 1 DAGs
[2025-04-21T00:41:38.292+0000] {logging_mixin.py:190} INFO - [2025-04-21T00:41:38.291+0000] {dag.py:4180} INFO - Setting next_dagrun for TFL_DATA_DAG to 2025-04-21 00:00:00+00:00, run_after=2025-04-22 00:00:00+00:00
[2025-04-21T00:41:38.325+0000] {processor.py:208} INFO - Processing /opt/airflow/dags/my_dag.py took 0.164 seconds
[2025-04-21T00:42:08.690+0000] {processor.py:186} INFO - Started process (PID=31696) to work on /opt/airflow/dags/my_dag.py
[2025-04-21T00:42:08.693+0000] {processor.py:914} INFO - Processing file /opt/airflow/dags/my_dag.py for tasks to queue
[2025-04-21T00:42:08.696+0000] {logging_mixin.py:190} INFO - [2025-04-21T00:42:08.696+0000] {dagbag.py:588} INFO - Filling up the DagBag from /opt/airflow/dags/my_dag.py
[2025-04-21T00:42:08.732+0000] {processor.py:925} INFO - DAG(s) 'TFL_DATA_DAG' retrieved from /opt/airflow/dags/my_dag.py
[2025-04-21T00:42:08.771+0000] {logging_mixin.py:190} INFO - [2025-04-21T00:42:08.770+0000] {dag.py:3239} INFO - Sync 1 DAGs
[2025-04-21T00:42:08.807+0000] {logging_mixin.py:190} INFO - [2025-04-21T00:42:08.807+0000] {dag.py:4180} INFO - Setting next_dagrun for TFL_DATA_DAG to 2025-04-21 00:00:00+00:00, run_after=2025-04-22 00:00:00+00:00
[2025-04-21T00:42:08.834+0000] {processor.py:208} INFO - Processing /opt/airflow/dags/my_dag.py took 0.152 seconds
[2025-04-21T00:42:39.193+0000] {processor.py:186} INFO - Started process (PID=31712) to work on /opt/airflow/dags/my_dag.py
[2025-04-21T00:42:39.196+0000] {processor.py:914} INFO - Processing file /opt/airflow/dags/my_dag.py for tasks to queue
[2025-04-21T00:42:39.199+0000] {logging_mixin.py:190} INFO - [2025-04-21T00:42:39.198+0000] {dagbag.py:588} INFO - Filling up the DagBag from /opt/airflow/dags/my_dag.py
[2025-04-21T00:42:39.235+0000] {processor.py:925} INFO - DAG(s) 'TFL_DATA_DAG' retrieved from /opt/airflow/dags/my_dag.py
[2025-04-21T00:42:39.264+0000] {logging_mixin.py:190} INFO - [2025-04-21T00:42:39.264+0000] {dag.py:3239} INFO - Sync 1 DAGs
[2025-04-21T00:42:39.312+0000] {logging_mixin.py:190} INFO - [2025-04-21T00:42:39.312+0000] {dag.py:4180} INFO - Setting next_dagrun for TFL_DATA_DAG to 2025-04-21 00:00:00+00:00, run_after=2025-04-22 00:00:00+00:00
[2025-04-21T00:42:39.339+0000] {processor.py:208} INFO - Processing /opt/airflow/dags/my_dag.py took 0.157 seconds
[2025-04-21T00:43:09.669+0000] {processor.py:186} INFO - Started process (PID=31728) to work on /opt/airflow/dags/my_dag.py
[2025-04-21T00:43:09.671+0000] {processor.py:914} INFO - Processing file /opt/airflow/dags/my_dag.py for tasks to queue
[2025-04-21T00:43:09.673+0000] {logging_mixin.py:190} INFO - [2025-04-21T00:43:09.672+0000] {dagbag.py:588} INFO - Filling up the DagBag from /opt/airflow/dags/my_dag.py
[2025-04-21T00:43:09.710+0000] {processor.py:925} INFO - DAG(s) 'TFL_DATA_DAG' retrieved from /opt/airflow/dags/my_dag.py
[2025-04-21T00:43:09.736+0000] {logging_mixin.py:190} INFO - [2025-04-21T00:43:09.736+0000] {dag.py:3239} INFO - Sync 1 DAGs
[2025-04-21T00:43:09.763+0000] {logging_mixin.py:190} INFO - [2025-04-21T00:43:09.763+0000] {dag.py:4180} INFO - Setting next_dagrun for TFL_DATA_DAG to 2025-04-21 00:00:00+00:00, run_after=2025-04-22 00:00:00+00:00
[2025-04-21T00:43:09.788+0000] {processor.py:208} INFO - Processing /opt/airflow/dags/my_dag.py took 0.125 seconds
[2025-04-21T00:43:40.178+0000] {processor.py:186} INFO - Started process (PID=31744) to work on /opt/airflow/dags/my_dag.py
[2025-04-21T00:43:40.185+0000] {processor.py:914} INFO - Processing file /opt/airflow/dags/my_dag.py for tasks to queue
[2025-04-21T00:43:40.191+0000] {logging_mixin.py:190} INFO - [2025-04-21T00:43:40.190+0000] {dagbag.py:588} INFO - Filling up the DagBag from /opt/airflow/dags/my_dag.py
[2025-04-21T00:43:40.261+0000] {processor.py:925} INFO - DAG(s) 'TFL_DATA_DAG' retrieved from /opt/airflow/dags/my_dag.py
[2025-04-21T00:43:40.292+0000] {logging_mixin.py:190} INFO - [2025-04-21T00:43:40.292+0000] {dag.py:3239} INFO - Sync 1 DAGs
[2025-04-21T00:43:40.324+0000] {logging_mixin.py:190} INFO - [2025-04-21T00:43:40.324+0000] {dag.py:4180} INFO - Setting next_dagrun for TFL_DATA_DAG to 2025-04-21 00:00:00+00:00, run_after=2025-04-22 00:00:00+00:00
[2025-04-21T00:43:40.349+0000] {processor.py:208} INFO - Processing /opt/airflow/dags/my_dag.py took 0.185 seconds
[2025-04-21T00:44:10.663+0000] {processor.py:186} INFO - Started process (PID=31760) to work on /opt/airflow/dags/my_dag.py
[2025-04-21T00:44:10.666+0000] {processor.py:914} INFO - Processing file /opt/airflow/dags/my_dag.py for tasks to queue
[2025-04-21T00:44:10.669+0000] {logging_mixin.py:190} INFO - [2025-04-21T00:44:10.668+0000] {dagbag.py:588} INFO - Filling up the DagBag from /opt/airflow/dags/my_dag.py
[2025-04-21T00:44:10.695+0000] {processor.py:925} INFO - DAG(s) 'TFL_DATA_DAG' retrieved from /opt/airflow/dags/my_dag.py
[2025-04-21T00:44:10.725+0000] {logging_mixin.py:190} INFO - [2025-04-21T00:44:10.724+0000] {dag.py:3239} INFO - Sync 1 DAGs
[2025-04-21T00:44:10.759+0000] {logging_mixin.py:190} INFO - [2025-04-21T00:44:10.758+0000] {dag.py:4180} INFO - Setting next_dagrun for TFL_DATA_DAG to 2025-04-21 00:00:00+00:00, run_after=2025-04-22 00:00:00+00:00
[2025-04-21T00:44:10.783+0000] {processor.py:208} INFO - Processing /opt/airflow/dags/my_dag.py took 0.126 seconds
[2025-04-21T00:44:41.119+0000] {processor.py:186} INFO - Started process (PID=31776) to work on /opt/airflow/dags/my_dag.py
[2025-04-21T00:44:41.122+0000] {processor.py:914} INFO - Processing file /opt/airflow/dags/my_dag.py for tasks to queue
[2025-04-21T00:44:41.125+0000] {logging_mixin.py:190} INFO - [2025-04-21T00:44:41.125+0000] {dagbag.py:588} INFO - Filling up the DagBag from /opt/airflow/dags/my_dag.py
[2025-04-21T00:44:41.159+0000] {processor.py:925} INFO - DAG(s) 'TFL_DATA_DAG' retrieved from /opt/airflow/dags/my_dag.py
[2025-04-21T00:44:41.193+0000] {logging_mixin.py:190} INFO - [2025-04-21T00:44:41.193+0000] {dag.py:3239} INFO - Sync 1 DAGs
[2025-04-21T00:44:41.225+0000] {logging_mixin.py:190} INFO - [2025-04-21T00:44:41.225+0000] {dag.py:4180} INFO - Setting next_dagrun for TFL_DATA_DAG to 2025-04-21 00:00:00+00:00, run_after=2025-04-22 00:00:00+00:00
[2025-04-21T00:44:41.253+0000] {processor.py:208} INFO - Processing /opt/airflow/dags/my_dag.py took 0.141 seconds
[2025-04-21T00:45:11.581+0000] {processor.py:186} INFO - Started process (PID=31792) to work on /opt/airflow/dags/my_dag.py
[2025-04-21T00:45:11.583+0000] {processor.py:914} INFO - Processing file /opt/airflow/dags/my_dag.py for tasks to queue
[2025-04-21T00:45:11.586+0000] {logging_mixin.py:190} INFO - [2025-04-21T00:45:11.585+0000] {dagbag.py:588} INFO - Filling up the DagBag from /opt/airflow/dags/my_dag.py
[2025-04-21T00:45:11.620+0000] {processor.py:925} INFO - DAG(s) 'TFL_DATA_DAG' retrieved from /opt/airflow/dags/my_dag.py
[2025-04-21T00:45:11.649+0000] {logging_mixin.py:190} INFO - [2025-04-21T00:45:11.648+0000] {dag.py:3239} INFO - Sync 1 DAGs
[2025-04-21T00:45:11.679+0000] {logging_mixin.py:190} INFO - [2025-04-21T00:45:11.678+0000] {dag.py:4180} INFO - Setting next_dagrun for TFL_DATA_DAG to 2025-04-21 00:00:00+00:00, run_after=2025-04-22 00:00:00+00:00
[2025-04-21T00:45:11.708+0000] {processor.py:208} INFO - Processing /opt/airflow/dags/my_dag.py took 0.136 seconds
[2025-04-21T00:45:42.060+0000] {processor.py:186} INFO - Started process (PID=31808) to work on /opt/airflow/dags/my_dag.py
[2025-04-21T00:45:42.063+0000] {processor.py:914} INFO - Processing file /opt/airflow/dags/my_dag.py for tasks to queue
[2025-04-21T00:45:42.067+0000] {logging_mixin.py:190} INFO - [2025-04-21T00:45:42.066+0000] {dagbag.py:588} INFO - Filling up the DagBag from /opt/airflow/dags/my_dag.py
[2025-04-21T00:45:42.103+0000] {processor.py:925} INFO - DAG(s) 'TFL_DATA_DAG' retrieved from /opt/airflow/dags/my_dag.py
[2025-04-21T00:45:42.137+0000] {logging_mixin.py:190} INFO - [2025-04-21T00:45:42.137+0000] {dag.py:3239} INFO - Sync 1 DAGs
[2025-04-21T00:45:42.178+0000] {logging_mixin.py:190} INFO - [2025-04-21T00:45:42.178+0000] {dag.py:4180} INFO - Setting next_dagrun for TFL_DATA_DAG to 2025-04-21 00:00:00+00:00, run_after=2025-04-22 00:00:00+00:00
[2025-04-21T00:45:42.214+0000] {processor.py:208} INFO - Processing /opt/airflow/dags/my_dag.py took 0.164 seconds
[2025-04-21T00:46:12.550+0000] {processor.py:186} INFO - Started process (PID=31824) to work on /opt/airflow/dags/my_dag.py
[2025-04-21T00:46:12.553+0000] {processor.py:914} INFO - Processing file /opt/airflow/dags/my_dag.py for tasks to queue
[2025-04-21T00:46:12.556+0000] {logging_mixin.py:190} INFO - [2025-04-21T00:46:12.556+0000] {dagbag.py:588} INFO - Filling up the DagBag from /opt/airflow/dags/my_dag.py
[2025-04-21T00:46:12.590+0000] {processor.py:925} INFO - DAG(s) 'TFL_DATA_DAG' retrieved from /opt/airflow/dags/my_dag.py
[2025-04-21T00:46:12.626+0000] {logging_mixin.py:190} INFO - [2025-04-21T00:46:12.626+0000] {dag.py:3239} INFO - Sync 1 DAGs
[2025-04-21T00:46:12.659+0000] {logging_mixin.py:190} INFO - [2025-04-21T00:46:12.659+0000] {dag.py:4180} INFO - Setting next_dagrun for TFL_DATA_DAG to 2025-04-21 00:00:00+00:00, run_after=2025-04-22 00:00:00+00:00
[2025-04-21T00:46:12.694+0000] {processor.py:208} INFO - Processing /opt/airflow/dags/my_dag.py took 0.152 seconds
[2025-04-21T00:46:42.887+0000] {processor.py:186} INFO - Started process (PID=31840) to work on /opt/airflow/dags/my_dag.py
[2025-04-21T00:46:42.891+0000] {processor.py:914} INFO - Processing file /opt/airflow/dags/my_dag.py for tasks to queue
[2025-04-21T00:46:42.895+0000] {logging_mixin.py:190} INFO - [2025-04-21T00:46:42.894+0000] {dagbag.py:588} INFO - Filling up the DagBag from /opt/airflow/dags/my_dag.py
[2025-04-21T00:46:42.933+0000] {processor.py:925} INFO - DAG(s) 'TFL_DATA_DAG' retrieved from /opt/airflow/dags/my_dag.py
[2025-04-21T00:46:42.969+0000] {logging_mixin.py:190} INFO - [2025-04-21T00:46:42.968+0000] {dag.py:3239} INFO - Sync 1 DAGs
[2025-04-21T00:46:43.005+0000] {logging_mixin.py:190} INFO - [2025-04-21T00:46:43.005+0000] {dag.py:4180} INFO - Setting next_dagrun for TFL_DATA_DAG to 2025-04-21 00:00:00+00:00, run_after=2025-04-22 00:00:00+00:00
[2025-04-21T00:46:43.036+0000] {processor.py:208} INFO - Processing /opt/airflow/dags/my_dag.py took 0.159 seconds
[2025-04-21T00:47:13.366+0000] {processor.py:186} INFO - Started process (PID=31862) to work on /opt/airflow/dags/my_dag.py
[2025-04-21T00:47:13.369+0000] {processor.py:914} INFO - Processing file /opt/airflow/dags/my_dag.py for tasks to queue
[2025-04-21T00:47:13.372+0000] {logging_mixin.py:190} INFO - [2025-04-21T00:47:13.372+0000] {dagbag.py:588} INFO - Filling up the DagBag from /opt/airflow/dags/my_dag.py
[2025-04-21T00:47:13.406+0000] {processor.py:925} INFO - DAG(s) 'TFL_DATA_DAG' retrieved from /opt/airflow/dags/my_dag.py
[2025-04-21T00:47:13.441+0000] {logging_mixin.py:190} INFO - [2025-04-21T00:47:13.441+0000] {dag.py:3239} INFO - Sync 1 DAGs
[2025-04-21T00:47:13.475+0000] {logging_mixin.py:190} INFO - [2025-04-21T00:47:13.475+0000] {dag.py:4180} INFO - Setting next_dagrun for TFL_DATA_DAG to 2025-04-21 00:00:00+00:00, run_after=2025-04-22 00:00:00+00:00
[2025-04-21T00:47:13.510+0000] {processor.py:208} INFO - Processing /opt/airflow/dags/my_dag.py took 0.152 seconds
[2025-04-21T00:47:43.880+0000] {processor.py:186} INFO - Started process (PID=31878) to work on /opt/airflow/dags/my_dag.py
[2025-04-21T00:47:43.883+0000] {processor.py:914} INFO - Processing file /opt/airflow/dags/my_dag.py for tasks to queue
[2025-04-21T00:47:43.888+0000] {logging_mixin.py:190} INFO - [2025-04-21T00:47:43.887+0000] {dagbag.py:588} INFO - Filling up the DagBag from /opt/airflow/dags/my_dag.py
[2025-04-21T00:47:43.929+0000] {processor.py:925} INFO - DAG(s) 'TFL_DATA_DAG' retrieved from /opt/airflow/dags/my_dag.py
[2025-04-21T00:47:43.975+0000] {logging_mixin.py:190} INFO - [2025-04-21T00:47:43.974+0000] {dag.py:3239} INFO - Sync 1 DAGs
[2025-04-21T00:47:44.012+0000] {logging_mixin.py:190} INFO - [2025-04-21T00:47:44.011+0000] {dag.py:4180} INFO - Setting next_dagrun for TFL_DATA_DAG to 2025-04-21 00:00:00+00:00, run_after=2025-04-22 00:00:00+00:00
[2025-04-21T00:47:44.048+0000] {processor.py:208} INFO - Processing /opt/airflow/dags/my_dag.py took 0.180 seconds
[2025-04-21T00:48:14.380+0000] {processor.py:186} INFO - Started process (PID=31894) to work on /opt/airflow/dags/my_dag.py
[2025-04-21T00:48:14.383+0000] {processor.py:914} INFO - Processing file /opt/airflow/dags/my_dag.py for tasks to queue
[2025-04-21T00:48:14.386+0000] {logging_mixin.py:190} INFO - [2025-04-21T00:48:14.385+0000] {dagbag.py:588} INFO - Filling up the DagBag from /opt/airflow/dags/my_dag.py
[2025-04-21T00:48:14.414+0000] {processor.py:925} INFO - DAG(s) 'TFL_DATA_DAG' retrieved from /opt/airflow/dags/my_dag.py
[2025-04-21T00:48:14.448+0000] {logging_mixin.py:190} INFO - [2025-04-21T00:48:14.448+0000] {dag.py:3239} INFO - Sync 1 DAGs
[2025-04-21T00:48:14.485+0000] {logging_mixin.py:190} INFO - [2025-04-21T00:48:14.485+0000] {dag.py:4180} INFO - Setting next_dagrun for TFL_DATA_DAG to 2025-04-21 00:00:00+00:00, run_after=2025-04-22 00:00:00+00:00
[2025-04-21T00:48:14.516+0000] {processor.py:208} INFO - Processing /opt/airflow/dags/my_dag.py took 0.146 seconds
[2025-04-21T00:48:44.883+0000] {processor.py:186} INFO - Started process (PID=31910) to work on /opt/airflow/dags/my_dag.py
[2025-04-21T00:48:44.887+0000] {processor.py:914} INFO - Processing file /opt/airflow/dags/my_dag.py for tasks to queue
[2025-04-21T00:48:44.893+0000] {logging_mixin.py:190} INFO - [2025-04-21T00:48:44.891+0000] {dagbag.py:588} INFO - Filling up the DagBag from /opt/airflow/dags/my_dag.py
[2025-04-21T00:48:44.963+0000] {processor.py:925} INFO - DAG(s) 'TFL_DATA_DAG' retrieved from /opt/airflow/dags/my_dag.py
[2025-04-21T00:48:45.011+0000] {logging_mixin.py:190} INFO - [2025-04-21T00:48:45.011+0000] {dag.py:3239} INFO - Sync 1 DAGs
[2025-04-21T00:48:45.062+0000] {logging_mixin.py:190} INFO - [2025-04-21T00:48:45.062+0000] {dag.py:4180} INFO - Setting next_dagrun for TFL_DATA_DAG to 2025-04-21 00:00:00+00:00, run_after=2025-04-22 00:00:00+00:00
[2025-04-21T00:48:45.097+0000] {processor.py:208} INFO - Processing /opt/airflow/dags/my_dag.py took 0.222 seconds
[2025-04-21T00:49:15.528+0000] {processor.py:186} INFO - Started process (PID=31926) to work on /opt/airflow/dags/my_dag.py
[2025-04-21T00:49:15.531+0000] {processor.py:914} INFO - Processing file /opt/airflow/dags/my_dag.py for tasks to queue
[2025-04-21T00:49:15.535+0000] {logging_mixin.py:190} INFO - [2025-04-21T00:49:15.534+0000] {dagbag.py:588} INFO - Filling up the DagBag from /opt/airflow/dags/my_dag.py
[2025-04-21T00:49:15.581+0000] {processor.py:925} INFO - DAG(s) 'TFL_DATA_DAG' retrieved from /opt/airflow/dags/my_dag.py
[2025-04-21T00:49:15.632+0000] {logging_mixin.py:190} INFO - [2025-04-21T00:49:15.632+0000] {dag.py:3239} INFO - Sync 1 DAGs
[2025-04-21T00:49:15.672+0000] {logging_mixin.py:190} INFO - [2025-04-21T00:49:15.671+0000] {dag.py:4180} INFO - Setting next_dagrun for TFL_DATA_DAG to 2025-04-21 00:00:00+00:00, run_after=2025-04-22 00:00:00+00:00
[2025-04-21T00:49:15.711+0000] {processor.py:208} INFO - Processing /opt/airflow/dags/my_dag.py took 0.191 seconds
[2025-04-21T00:49:46.034+0000] {processor.py:186} INFO - Started process (PID=31942) to work on /opt/airflow/dags/my_dag.py
[2025-04-21T00:49:46.036+0000] {processor.py:914} INFO - Processing file /opt/airflow/dags/my_dag.py for tasks to queue
[2025-04-21T00:49:46.039+0000] {logging_mixin.py:190} INFO - [2025-04-21T00:49:46.039+0000] {dagbag.py:588} INFO - Filling up the DagBag from /opt/airflow/dags/my_dag.py
[2025-04-21T00:49:46.070+0000] {processor.py:925} INFO - DAG(s) 'TFL_DATA_DAG' retrieved from /opt/airflow/dags/my_dag.py
[2025-04-21T00:49:46.103+0000] {logging_mixin.py:190} INFO - [2025-04-21T00:49:46.103+0000] {dag.py:3239} INFO - Sync 1 DAGs
[2025-04-21T00:49:46.137+0000] {logging_mixin.py:190} INFO - [2025-04-21T00:49:46.136+0000] {dag.py:4180} INFO - Setting next_dagrun for TFL_DATA_DAG to 2025-04-21 00:00:00+00:00, run_after=2025-04-22 00:00:00+00:00
[2025-04-21T00:49:46.160+0000] {processor.py:208} INFO - Processing /opt/airflow/dags/my_dag.py took 0.132 seconds
[2025-04-21T00:50:16.483+0000] {processor.py:186} INFO - Started process (PID=31958) to work on /opt/airflow/dags/my_dag.py
[2025-04-21T00:50:16.486+0000] {processor.py:914} INFO - Processing file /opt/airflow/dags/my_dag.py for tasks to queue
[2025-04-21T00:50:16.489+0000] {logging_mixin.py:190} INFO - [2025-04-21T00:50:16.489+0000] {dagbag.py:588} INFO - Filling up the DagBag from /opt/airflow/dags/my_dag.py
[2025-04-21T00:50:16.517+0000] {processor.py:925} INFO - DAG(s) 'TFL_DATA_DAG' retrieved from /opt/airflow/dags/my_dag.py
[2025-04-21T00:50:16.549+0000] {logging_mixin.py:190} INFO - [2025-04-21T00:50:16.549+0000] {dag.py:3239} INFO - Sync 1 DAGs
[2025-04-21T00:50:16.589+0000] {logging_mixin.py:190} INFO - [2025-04-21T00:50:16.589+0000] {dag.py:4180} INFO - Setting next_dagrun for TFL_DATA_DAG to 2025-04-21 00:00:00+00:00, run_after=2025-04-22 00:00:00+00:00
[2025-04-21T00:50:16.620+0000] {processor.py:208} INFO - Processing /opt/airflow/dags/my_dag.py took 0.148 seconds
[2025-04-21T00:50:46.926+0000] {processor.py:186} INFO - Started process (PID=31974) to work on /opt/airflow/dags/my_dag.py
[2025-04-21T00:50:46.928+0000] {processor.py:914} INFO - Processing file /opt/airflow/dags/my_dag.py for tasks to queue
[2025-04-21T00:50:46.930+0000] {logging_mixin.py:190} INFO - [2025-04-21T00:50:46.929+0000] {dagbag.py:588} INFO - Filling up the DagBag from /opt/airflow/dags/my_dag.py
[2025-04-21T00:50:46.951+0000] {processor.py:925} INFO - DAG(s) 'TFL_DATA_DAG' retrieved from /opt/airflow/dags/my_dag.py
[2025-04-21T00:50:46.973+0000] {logging_mixin.py:190} INFO - [2025-04-21T00:50:46.972+0000] {dag.py:3239} INFO - Sync 1 DAGs
[2025-04-21T00:50:46.997+0000] {logging_mixin.py:190} INFO - [2025-04-21T00:50:46.996+0000] {dag.py:4180} INFO - Setting next_dagrun for TFL_DATA_DAG to 2025-04-21 00:00:00+00:00, run_after=2025-04-22 00:00:00+00:00
[2025-04-21T00:50:47.018+0000] {processor.py:208} INFO - Processing /opt/airflow/dags/my_dag.py took 0.097 seconds
[2025-04-21T00:51:17.374+0000] {processor.py:186} INFO - Started process (PID=31990) to work on /opt/airflow/dags/my_dag.py
[2025-04-21T00:51:17.376+0000] {processor.py:914} INFO - Processing file /opt/airflow/dags/my_dag.py for tasks to queue
[2025-04-21T00:51:17.379+0000] {logging_mixin.py:190} INFO - [2025-04-21T00:51:17.379+0000] {dagbag.py:588} INFO - Filling up the DagBag from /opt/airflow/dags/my_dag.py
[2025-04-21T00:51:17.408+0000] {processor.py:925} INFO - DAG(s) 'TFL_DATA_DAG' retrieved from /opt/airflow/dags/my_dag.py
[2025-04-21T00:51:17.443+0000] {logging_mixin.py:190} INFO - [2025-04-21T00:51:17.443+0000] {dag.py:3239} INFO - Sync 1 DAGs
[2025-04-21T00:51:17.479+0000] {logging_mixin.py:190} INFO - [2025-04-21T00:51:17.478+0000] {dag.py:4180} INFO - Setting next_dagrun for TFL_DATA_DAG to 2025-04-21 00:00:00+00:00, run_after=2025-04-22 00:00:00+00:00
[2025-04-21T00:51:17.507+0000] {processor.py:208} INFO - Processing /opt/airflow/dags/my_dag.py took 0.141 seconds
[2025-04-21T00:51:47.835+0000] {processor.py:186} INFO - Started process (PID=32005) to work on /opt/airflow/dags/my_dag.py
[2025-04-21T00:51:47.839+0000] {processor.py:914} INFO - Processing file /opt/airflow/dags/my_dag.py for tasks to queue
[2025-04-21T00:51:47.843+0000] {logging_mixin.py:190} INFO - [2025-04-21T00:51:47.842+0000] {dagbag.py:588} INFO - Filling up the DagBag from /opt/airflow/dags/my_dag.py
[2025-04-21T00:51:47.879+0000] {processor.py:925} INFO - DAG(s) 'TFL_DATA_DAG' retrieved from /opt/airflow/dags/my_dag.py
[2025-04-21T00:51:47.917+0000] {logging_mixin.py:190} INFO - [2025-04-21T00:51:47.917+0000] {dag.py:3239} INFO - Sync 1 DAGs
[2025-04-21T00:51:47.956+0000] {logging_mixin.py:190} INFO - [2025-04-21T00:51:47.956+0000] {dag.py:4180} INFO - Setting next_dagrun for TFL_DATA_DAG to 2025-04-21 00:00:00+00:00, run_after=2025-04-22 00:00:00+00:00
[2025-04-21T00:51:47.991+0000] {processor.py:208} INFO - Processing /opt/airflow/dags/my_dag.py took 0.164 seconds
[2025-04-21T00:52:18.335+0000] {processor.py:186} INFO - Started process (PID=32021) to work on /opt/airflow/dags/my_dag.py
[2025-04-21T00:52:18.338+0000] {processor.py:914} INFO - Processing file /opt/airflow/dags/my_dag.py for tasks to queue
[2025-04-21T00:52:18.342+0000] {logging_mixin.py:190} INFO - [2025-04-21T00:52:18.341+0000] {dagbag.py:588} INFO - Filling up the DagBag from /opt/airflow/dags/my_dag.py
[2025-04-21T00:52:18.380+0000] {processor.py:925} INFO - DAG(s) 'TFL_DATA_DAG' retrieved from /opt/airflow/dags/my_dag.py
[2025-04-21T00:52:18.426+0000] {logging_mixin.py:190} INFO - [2025-04-21T00:52:18.425+0000] {dag.py:3239} INFO - Sync 1 DAGs
[2025-04-21T00:52:18.464+0000] {logging_mixin.py:190} INFO - [2025-04-21T00:52:18.463+0000] {dag.py:4180} INFO - Setting next_dagrun for TFL_DATA_DAG to 2025-04-21 00:00:00+00:00, run_after=2025-04-22 00:00:00+00:00
[2025-04-21T00:52:18.494+0000] {processor.py:208} INFO - Processing /opt/airflow/dags/my_dag.py took 0.168 seconds
[2025-04-21T00:52:48.825+0000] {processor.py:186} INFO - Started process (PID=32037) to work on /opt/airflow/dags/my_dag.py
[2025-04-21T00:52:48.827+0000] {processor.py:914} INFO - Processing file /opt/airflow/dags/my_dag.py for tasks to queue
[2025-04-21T00:52:48.830+0000] {logging_mixin.py:190} INFO - [2025-04-21T00:52:48.829+0000] {dagbag.py:588} INFO - Filling up the DagBag from /opt/airflow/dags/my_dag.py
[2025-04-21T00:52:48.860+0000] {processor.py:925} INFO - DAG(s) 'TFL_DATA_DAG' retrieved from /opt/airflow/dags/my_dag.py
[2025-04-21T00:52:48.889+0000] {logging_mixin.py:190} INFO - [2025-04-21T00:52:48.889+0000] {dag.py:3239} INFO - Sync 1 DAGs
[2025-04-21T00:52:48.920+0000] {logging_mixin.py:190} INFO - [2025-04-21T00:52:48.920+0000] {dag.py:4180} INFO - Setting next_dagrun for TFL_DATA_DAG to 2025-04-21 00:00:00+00:00, run_after=2025-04-22 00:00:00+00:00
[2025-04-21T00:52:48.945+0000] {processor.py:208} INFO - Processing /opt/airflow/dags/my_dag.py took 0.129 seconds
[2025-04-21T00:53:19.280+0000] {processor.py:186} INFO - Started process (PID=32060) to work on /opt/airflow/dags/my_dag.py
[2025-04-21T00:53:19.283+0000] {processor.py:914} INFO - Processing file /opt/airflow/dags/my_dag.py for tasks to queue
[2025-04-21T00:53:19.287+0000] {logging_mixin.py:190} INFO - [2025-04-21T00:53:19.286+0000] {dagbag.py:588} INFO - Filling up the DagBag from /opt/airflow/dags/my_dag.py
[2025-04-21T00:53:19.324+0000] {processor.py:925} INFO - DAG(s) 'TFL_DATA_DAG' retrieved from /opt/airflow/dags/my_dag.py
[2025-04-21T00:53:19.360+0000] {logging_mixin.py:190} INFO - [2025-04-21T00:53:19.359+0000] {dag.py:3239} INFO - Sync 1 DAGs
[2025-04-21T00:53:19.397+0000] {logging_mixin.py:190} INFO - [2025-04-21T00:53:19.397+0000] {dag.py:4180} INFO - Setting next_dagrun for TFL_DATA_DAG to 2025-04-21 00:00:00+00:00, run_after=2025-04-22 00:00:00+00:00
[2025-04-21T00:53:19.423+0000] {processor.py:208} INFO - Processing /opt/airflow/dags/my_dag.py took 0.150 seconds
[2025-04-21T00:53:49.828+0000] {processor.py:186} INFO - Started process (PID=32080) to work on /opt/airflow/dags/my_dag.py
[2025-04-21T00:53:49.834+0000] {processor.py:914} INFO - Processing file /opt/airflow/dags/my_dag.py for tasks to queue
[2025-04-21T00:53:49.840+0000] {logging_mixin.py:190} INFO - [2025-04-21T00:53:49.839+0000] {dagbag.py:588} INFO - Filling up the DagBag from /opt/airflow/dags/my_dag.py
[2025-04-21T00:53:49.884+0000] {processor.py:925} INFO - DAG(s) 'TFL_DATA_DAG' retrieved from /opt/airflow/dags/my_dag.py
[2025-04-21T00:53:49.914+0000] {logging_mixin.py:190} INFO - [2025-04-21T00:53:49.914+0000] {dag.py:3239} INFO - Sync 1 DAGs
[2025-04-21T00:53:49.946+0000] {logging_mixin.py:190} INFO - [2025-04-21T00:53:49.945+0000] {dag.py:4180} INFO - Setting next_dagrun for TFL_DATA_DAG to 2025-04-21 00:00:00+00:00, run_after=2025-04-22 00:00:00+00:00
[2025-04-21T00:53:49.972+0000] {processor.py:208} INFO - Processing /opt/airflow/dags/my_dag.py took 0.168 seconds
[2025-04-21T00:54:20.092+0000] {processor.py:186} INFO - Started process (PID=32100) to work on /opt/airflow/dags/my_dag.py
[2025-04-21T00:54:20.094+0000] {processor.py:914} INFO - Processing file /opt/airflow/dags/my_dag.py for tasks to queue
[2025-04-21T00:54:20.097+0000] {logging_mixin.py:190} INFO - [2025-04-21T00:54:20.097+0000] {dagbag.py:588} INFO - Filling up the DagBag from /opt/airflow/dags/my_dag.py
[2025-04-21T00:54:20.129+0000] {processor.py:925} INFO - DAG(s) 'TFL_DATA_DAG' retrieved from /opt/airflow/dags/my_dag.py
[2025-04-21T00:54:20.169+0000] {logging_mixin.py:190} INFO - [2025-04-21T00:54:20.168+0000] {dag.py:3239} INFO - Sync 1 DAGs
[2025-04-21T00:54:20.213+0000] {logging_mixin.py:190} INFO - [2025-04-21T00:54:20.212+0000] {dag.py:4180} INFO - Setting next_dagrun for TFL_DATA_DAG to 2025-04-21 00:00:00+00:00, run_after=2025-04-22 00:00:00+00:00
[2025-04-21T00:54:20.237+0000] {processor.py:208} INFO - Processing /opt/airflow/dags/my_dag.py took 0.154 seconds
[2025-04-21T00:54:50.546+0000] {processor.py:186} INFO - Started process (PID=32120) to work on /opt/airflow/dags/my_dag.py
[2025-04-21T00:54:50.548+0000] {processor.py:914} INFO - Processing file /opt/airflow/dags/my_dag.py for tasks to queue
[2025-04-21T00:54:50.551+0000] {logging_mixin.py:190} INFO - [2025-04-21T00:54:50.550+0000] {dagbag.py:588} INFO - Filling up the DagBag from /opt/airflow/dags/my_dag.py
[2025-04-21T00:54:50.584+0000] {processor.py:925} INFO - DAG(s) 'TFL_DATA_DAG' retrieved from /opt/airflow/dags/my_dag.py
[2025-04-21T00:54:50.617+0000] {logging_mixin.py:190} INFO - [2025-04-21T00:54:50.617+0000] {dag.py:3239} INFO - Sync 1 DAGs
[2025-04-21T00:54:50.652+0000] {logging_mixin.py:190} INFO - [2025-04-21T00:54:50.652+0000] {dag.py:4180} INFO - Setting next_dagrun for TFL_DATA_DAG to 2025-04-21 00:00:00+00:00, run_after=2025-04-22 00:00:00+00:00
[2025-04-21T00:54:50.678+0000] {processor.py:208} INFO - Processing /opt/airflow/dags/my_dag.py took 0.138 seconds
[2025-04-21T00:55:21.037+0000] {processor.py:186} INFO - Started process (PID=32140) to work on /opt/airflow/dags/my_dag.py
[2025-04-21T00:55:21.040+0000] {processor.py:914} INFO - Processing file /opt/airflow/dags/my_dag.py for tasks to queue
[2025-04-21T00:55:21.042+0000] {logging_mixin.py:190} INFO - [2025-04-21T00:55:21.042+0000] {dagbag.py:588} INFO - Filling up the DagBag from /opt/airflow/dags/my_dag.py
[2025-04-21T00:55:21.072+0000] {processor.py:925} INFO - DAG(s) 'TFL_DATA_DAG' retrieved from /opt/airflow/dags/my_dag.py
[2025-04-21T00:55:21.103+0000] {logging_mixin.py:190} INFO - [2025-04-21T00:55:21.103+0000] {dag.py:3239} INFO - Sync 1 DAGs
[2025-04-21T00:55:21.144+0000] {logging_mixin.py:190} INFO - [2025-04-21T00:55:21.144+0000] {dag.py:4180} INFO - Setting next_dagrun for TFL_DATA_DAG to 2025-04-21 00:00:00+00:00, run_after=2025-04-22 00:00:00+00:00
[2025-04-21T00:55:21.174+0000] {processor.py:208} INFO - Processing /opt/airflow/dags/my_dag.py took 0.152 seconds
[2025-04-21T00:55:51.506+0000] {processor.py:186} INFO - Started process (PID=32159) to work on /opt/airflow/dags/my_dag.py
[2025-04-21T00:55:51.509+0000] {processor.py:914} INFO - Processing file /opt/airflow/dags/my_dag.py for tasks to queue
[2025-04-21T00:55:51.512+0000] {logging_mixin.py:190} INFO - [2025-04-21T00:55:51.512+0000] {dagbag.py:588} INFO - Filling up the DagBag from /opt/airflow/dags/my_dag.py
[2025-04-21T00:55:51.552+0000] {processor.py:925} INFO - DAG(s) 'TFL_DATA_DAG' retrieved from /opt/airflow/dags/my_dag.py
[2025-04-21T00:55:51.589+0000] {logging_mixin.py:190} INFO - [2025-04-21T00:55:51.589+0000] {dag.py:3239} INFO - Sync 1 DAGs
[2025-04-21T00:55:51.635+0000] {logging_mixin.py:190} INFO - [2025-04-21T00:55:51.634+0000] {dag.py:4180} INFO - Setting next_dagrun for TFL_DATA_DAG to 2025-04-21 00:00:00+00:00, run_after=2025-04-22 00:00:00+00:00
[2025-04-21T00:55:51.666+0000] {processor.py:208} INFO - Processing /opt/airflow/dags/my_dag.py took 0.169 seconds
[2025-04-21T00:56:22.063+0000] {processor.py:186} INFO - Started process (PID=32179) to work on /opt/airflow/dags/my_dag.py
[2025-04-21T00:56:22.066+0000] {processor.py:914} INFO - Processing file /opt/airflow/dags/my_dag.py for tasks to queue
[2025-04-21T00:56:22.069+0000] {logging_mixin.py:190} INFO - [2025-04-21T00:56:22.068+0000] {dagbag.py:588} INFO - Filling up the DagBag from /opt/airflow/dags/my_dag.py
[2025-04-21T00:56:22.105+0000] {processor.py:925} INFO - DAG(s) 'TFL_DATA_DAG' retrieved from /opt/airflow/dags/my_dag.py
[2025-04-21T00:56:22.143+0000] {logging_mixin.py:190} INFO - [2025-04-21T00:56:22.143+0000] {dag.py:3239} INFO - Sync 1 DAGs
[2025-04-21T00:56:22.178+0000] {logging_mixin.py:190} INFO - [2025-04-21T00:56:22.178+0000] {dag.py:4180} INFO - Setting next_dagrun for TFL_DATA_DAG to 2025-04-21 00:00:00+00:00, run_after=2025-04-22 00:00:00+00:00
[2025-04-21T00:56:22.209+0000] {processor.py:208} INFO - Processing /opt/airflow/dags/my_dag.py took 0.154 seconds
[2025-04-21T00:56:52.568+0000] {processor.py:186} INFO - Started process (PID=32195) to work on /opt/airflow/dags/my_dag.py
[2025-04-21T00:56:52.571+0000] {processor.py:914} INFO - Processing file /opt/airflow/dags/my_dag.py for tasks to queue
[2025-04-21T00:56:52.575+0000] {logging_mixin.py:190} INFO - [2025-04-21T00:56:52.574+0000] {dagbag.py:588} INFO - Filling up the DagBag from /opt/airflow/dags/my_dag.py
[2025-04-21T00:56:52.609+0000] {processor.py:925} INFO - DAG(s) 'TFL_DATA_DAG' retrieved from /opt/airflow/dags/my_dag.py
[2025-04-21T00:56:52.643+0000] {logging_mixin.py:190} INFO - [2025-04-21T00:56:52.643+0000] {dag.py:3239} INFO - Sync 1 DAGs
[2025-04-21T00:56:52.677+0000] {logging_mixin.py:190} INFO - [2025-04-21T00:56:52.676+0000] {dag.py:4180} INFO - Setting next_dagrun for TFL_DATA_DAG to 2025-04-21 00:00:00+00:00, run_after=2025-04-22 00:00:00+00:00
[2025-04-21T00:56:52.710+0000] {processor.py:208} INFO - Processing /opt/airflow/dags/my_dag.py took 0.155 seconds
[2025-04-21T00:57:23.065+0000] {processor.py:186} INFO - Started process (PID=32215) to work on /opt/airflow/dags/my_dag.py
[2025-04-21T00:57:23.068+0000] {processor.py:914} INFO - Processing file /opt/airflow/dags/my_dag.py for tasks to queue
[2025-04-21T00:57:23.071+0000] {logging_mixin.py:190} INFO - [2025-04-21T00:57:23.071+0000] {dagbag.py:588} INFO - Filling up the DagBag from /opt/airflow/dags/my_dag.py
[2025-04-21T00:57:23.104+0000] {processor.py:925} INFO - DAG(s) 'TFL_DATA_DAG' retrieved from /opt/airflow/dags/my_dag.py
[2025-04-21T00:57:23.139+0000] {logging_mixin.py:190} INFO - [2025-04-21T00:57:23.139+0000] {dag.py:3239} INFO - Sync 1 DAGs
[2025-04-21T00:57:23.177+0000] {logging_mixin.py:190} INFO - [2025-04-21T00:57:23.177+0000] {dag.py:4180} INFO - Setting next_dagrun for TFL_DATA_DAG to 2025-04-21 00:00:00+00:00, run_after=2025-04-22 00:00:00+00:00
[2025-04-21T00:57:23.210+0000] {processor.py:208} INFO - Processing /opt/airflow/dags/my_dag.py took 0.154 seconds
[2025-04-21T00:57:53.555+0000] {processor.py:186} INFO - Started process (PID=32235) to work on /opt/airflow/dags/my_dag.py
[2025-04-21T00:57:53.558+0000] {processor.py:914} INFO - Processing file /opt/airflow/dags/my_dag.py for tasks to queue
[2025-04-21T00:57:53.560+0000] {logging_mixin.py:190} INFO - [2025-04-21T00:57:53.560+0000] {dagbag.py:588} INFO - Filling up the DagBag from /opt/airflow/dags/my_dag.py
[2025-04-21T00:57:53.595+0000] {processor.py:925} INFO - DAG(s) 'TFL_DATA_DAG' retrieved from /opt/airflow/dags/my_dag.py
[2025-04-21T00:57:53.632+0000] {logging_mixin.py:190} INFO - [2025-04-21T00:57:53.632+0000] {dag.py:3239} INFO - Sync 1 DAGs
[2025-04-21T00:57:53.668+0000] {logging_mixin.py:190} INFO - [2025-04-21T00:57:53.668+0000] {dag.py:4180} INFO - Setting next_dagrun for TFL_DATA_DAG to 2025-04-21 00:00:00+00:00, run_after=2025-04-22 00:00:00+00:00
[2025-04-21T00:57:53.705+0000] {processor.py:208} INFO - Processing /opt/airflow/dags/my_dag.py took 0.162 seconds
[2025-04-21T00:58:32.492+0000] {processor.py:186} INFO - Started process (PID=193) to work on /opt/airflow/dags/my_dag.py
[2025-04-21T00:58:32.494+0000] {processor.py:914} INFO - Processing file /opt/airflow/dags/my_dag.py for tasks to queue
[2025-04-21T00:58:32.500+0000] {logging_mixin.py:190} INFO - [2025-04-21T00:58:32.500+0000] {dagbag.py:588} INFO - Filling up the DagBag from /opt/airflow/dags/my_dag.py
[2025-04-21T00:58:32.530+0000] {logging_mixin.py:190} INFO - [2025-04-21T00:58:32.522+0000] {dagbag.py:387} ERROR - Failed to import: /opt/airflow/dags/my_dag.py
Traceback (most recent call last):
  File "/home/airflow/.local/lib/python3.12/site-packages/airflow/models/dagbag.py", line 383, in parse
    loader.exec_module(new_module)
  File "<frozen importlib._bootstrap_external>", line 999, in exec_module
  File "<frozen importlib._bootstrap>", line 488, in _call_with_frames_removed
  File "/opt/airflow/dags/my_dag.py", line 8, in <module>
    from airflow_ingestion import get_stop_point_metadata, get_timetable, get_stops_for_line
ImportError: cannot import name 'get_stop_point_metadata' from 'airflow_ingestion' (/opt/airflow/plugins/airflow_ingestion.py)
[2025-04-21T00:58:32.533+0000] {processor.py:927} WARNING - No viable dags retrieved from /opt/airflow/dags/my_dag.py
[2025-04-21T00:58:32.565+0000] {processor.py:208} INFO - Processing /opt/airflow/dags/my_dag.py took 0.080 seconds
[2025-04-21T00:59:02.948+0000] {processor.py:186} INFO - Started process (PID=215) to work on /opt/airflow/dags/my_dag.py
[2025-04-21T00:59:02.950+0000] {processor.py:914} INFO - Processing file /opt/airflow/dags/my_dag.py for tasks to queue
[2025-04-21T00:59:02.955+0000] {logging_mixin.py:190} INFO - [2025-04-21T00:59:02.955+0000] {dagbag.py:588} INFO - Filling up the DagBag from /opt/airflow/dags/my_dag.py
[2025-04-21T00:59:02.983+0000] {logging_mixin.py:190} INFO - [2025-04-21T00:59:02.977+0000] {dagbag.py:387} ERROR - Failed to import: /opt/airflow/dags/my_dag.py
Traceback (most recent call last):
  File "/home/airflow/.local/lib/python3.12/site-packages/airflow/models/dagbag.py", line 383, in parse
    loader.exec_module(new_module)
  File "<frozen importlib._bootstrap_external>", line 999, in exec_module
  File "<frozen importlib._bootstrap>", line 488, in _call_with_frames_removed
  File "/opt/airflow/dags/my_dag.py", line 8, in <module>
    from airflow_ingestion import get_stop_point_metadata, get_timetable, get_stops_for_line
ImportError: cannot import name 'get_stop_point_metadata' from 'airflow_ingestion' (/opt/airflow/plugins/airflow_ingestion.py)
[2025-04-21T00:59:02.985+0000] {processor.py:927} WARNING - No viable dags retrieved from /opt/airflow/dags/my_dag.py
[2025-04-21T00:59:03.021+0000] {processor.py:208} INFO - Processing /opt/airflow/dags/my_dag.py took 0.079 seconds
[2025-04-21T00:59:33.414+0000] {processor.py:186} INFO - Started process (PID=231) to work on /opt/airflow/dags/my_dag.py
[2025-04-21T00:59:33.417+0000] {processor.py:914} INFO - Processing file /opt/airflow/dags/my_dag.py for tasks to queue
[2025-04-21T00:59:33.420+0000] {logging_mixin.py:190} INFO - [2025-04-21T00:59:33.419+0000] {dagbag.py:588} INFO - Filling up the DagBag from /opt/airflow/dags/my_dag.py
[2025-04-21T00:59:33.447+0000] {logging_mixin.py:190} INFO - [2025-04-21T00:59:33.441+0000] {dagbag.py:387} ERROR - Failed to import: /opt/airflow/dags/my_dag.py
Traceback (most recent call last):
  File "/home/airflow/.local/lib/python3.12/site-packages/airflow/models/dagbag.py", line 383, in parse
    loader.exec_module(new_module)
  File "<frozen importlib._bootstrap_external>", line 999, in exec_module
  File "<frozen importlib._bootstrap>", line 488, in _call_with_frames_removed
  File "/opt/airflow/dags/my_dag.py", line 8, in <module>
    from airflow_ingestion import get_stop_point_metadata, get_timetable, get_stops_for_line
ImportError: cannot import name 'get_stop_point_metadata' from 'airflow_ingestion' (/opt/airflow/plugins/airflow_ingestion.py)
[2025-04-21T00:59:33.450+0000] {processor.py:927} WARNING - No viable dags retrieved from /opt/airflow/dags/my_dag.py
[2025-04-21T00:59:33.481+0000] {processor.py:208} INFO - Processing /opt/airflow/dags/my_dag.py took 0.075 seconds
[2025-04-21T01:00:03.861+0000] {processor.py:186} INFO - Started process (PID=247) to work on /opt/airflow/dags/my_dag.py
[2025-04-21T01:00:03.863+0000] {processor.py:914} INFO - Processing file /opt/airflow/dags/my_dag.py for tasks to queue
[2025-04-21T01:00:03.867+0000] {logging_mixin.py:190} INFO - [2025-04-21T01:00:03.866+0000] {dagbag.py:588} INFO - Filling up the DagBag from /opt/airflow/dags/my_dag.py
[2025-04-21T01:00:03.888+0000] {logging_mixin.py:190} INFO - [2025-04-21T01:00:03.882+0000] {dagbag.py:387} ERROR - Failed to import: /opt/airflow/dags/my_dag.py
Traceback (most recent call last):
  File "/home/airflow/.local/lib/python3.12/site-packages/airflow/models/dagbag.py", line 383, in parse
    loader.exec_module(new_module)
  File "<frozen importlib._bootstrap_external>", line 999, in exec_module
  File "<frozen importlib._bootstrap>", line 488, in _call_with_frames_removed
  File "/opt/airflow/dags/my_dag.py", line 8, in <module>
    from airflow_ingestion import get_stop_point_metadata, get_timetable, get_stops_for_line
ImportError: cannot import name 'get_stop_point_metadata' from 'airflow_ingestion' (/opt/airflow/plugins/airflow_ingestion.py)
[2025-04-21T01:00:03.891+0000] {processor.py:927} WARNING - No viable dags retrieved from /opt/airflow/dags/my_dag.py
[2025-04-21T01:00:03.921+0000] {processor.py:208} INFO - Processing /opt/airflow/dags/my_dag.py took 0.069 seconds
[2025-04-21T01:00:34.306+0000] {processor.py:186} INFO - Started process (PID=263) to work on /opt/airflow/dags/my_dag.py
[2025-04-21T01:00:34.309+0000] {processor.py:914} INFO - Processing file /opt/airflow/dags/my_dag.py for tasks to queue
[2025-04-21T01:00:34.312+0000] {logging_mixin.py:190} INFO - [2025-04-21T01:00:34.311+0000] {dagbag.py:588} INFO - Filling up the DagBag from /opt/airflow/dags/my_dag.py
[2025-04-21T01:00:34.337+0000] {logging_mixin.py:190} INFO - [2025-04-21T01:00:34.329+0000] {dagbag.py:387} ERROR - Failed to import: /opt/airflow/dags/my_dag.py
Traceback (most recent call last):
  File "/home/airflow/.local/lib/python3.12/site-packages/airflow/models/dagbag.py", line 383, in parse
    loader.exec_module(new_module)
  File "<frozen importlib._bootstrap_external>", line 999, in exec_module
  File "<frozen importlib._bootstrap>", line 488, in _call_with_frames_removed
  File "/opt/airflow/dags/my_dag.py", line 8, in <module>
    from airflow_ingestion import get_stop_point_metadata, get_timetable, get_stops_for_line
ImportError: cannot import name 'get_stop_point_metadata' from 'airflow_ingestion' (/opt/airflow/plugins/airflow_ingestion.py)
[2025-04-21T01:00:34.339+0000] {processor.py:927} WARNING - No viable dags retrieved from /opt/airflow/dags/my_dag.py
[2025-04-21T01:00:34.370+0000] {processor.py:208} INFO - Processing /opt/airflow/dags/my_dag.py took 0.072 seconds
[2025-04-21T01:01:04.764+0000] {processor.py:186} INFO - Started process (PID=279) to work on /opt/airflow/dags/my_dag.py
[2025-04-21T01:01:04.769+0000] {processor.py:914} INFO - Processing file /opt/airflow/dags/my_dag.py for tasks to queue
[2025-04-21T01:01:04.773+0000] {logging_mixin.py:190} INFO - [2025-04-21T01:01:04.772+0000] {dagbag.py:588} INFO - Filling up the DagBag from /opt/airflow/dags/my_dag.py
[2025-04-21T01:01:04.794+0000] {logging_mixin.py:190} INFO - [2025-04-21T01:01:04.789+0000] {dagbag.py:387} ERROR - Failed to import: /opt/airflow/dags/my_dag.py
Traceback (most recent call last):
  File "/home/airflow/.local/lib/python3.12/site-packages/airflow/models/dagbag.py", line 383, in parse
    loader.exec_module(new_module)
  File "<frozen importlib._bootstrap_external>", line 999, in exec_module
  File "<frozen importlib._bootstrap>", line 488, in _call_with_frames_removed
  File "/opt/airflow/dags/my_dag.py", line 8, in <module>
    from airflow_ingestion import get_stop_point_metadata, get_timetable, get_stops_for_line
ImportError: cannot import name 'get_stop_point_metadata' from 'airflow_ingestion' (/opt/airflow/plugins/airflow_ingestion.py)
[2025-04-21T01:01:04.796+0000] {processor.py:927} WARNING - No viable dags retrieved from /opt/airflow/dags/my_dag.py
[2025-04-21T01:01:04.837+0000] {processor.py:208} INFO - Processing /opt/airflow/dags/my_dag.py took 0.085 seconds
[2025-04-21T01:01:35.230+0000] {processor.py:186} INFO - Started process (PID=294) to work on /opt/airflow/dags/my_dag.py
[2025-04-21T01:01:35.234+0000] {processor.py:914} INFO - Processing file /opt/airflow/dags/my_dag.py for tasks to queue
[2025-04-21T01:01:35.237+0000] {logging_mixin.py:190} INFO - [2025-04-21T01:01:35.236+0000] {dagbag.py:588} INFO - Filling up the DagBag from /opt/airflow/dags/my_dag.py
[2025-04-21T01:01:35.259+0000] {logging_mixin.py:190} INFO - [2025-04-21T01:01:35.254+0000] {dagbag.py:387} ERROR - Failed to import: /opt/airflow/dags/my_dag.py
Traceback (most recent call last):
  File "/home/airflow/.local/lib/python3.12/site-packages/airflow/models/dagbag.py", line 383, in parse
    loader.exec_module(new_module)
  File "<frozen importlib._bootstrap_external>", line 999, in exec_module
  File "<frozen importlib._bootstrap>", line 488, in _call_with_frames_removed
  File "/opt/airflow/dags/my_dag.py", line 8, in <module>
    from airflow_ingestion import get_stop_point_metadata, get_timetable, get_stops_for_line
ImportError: cannot import name 'get_stop_point_metadata' from 'airflow_ingestion' (/opt/airflow/plugins/airflow_ingestion.py)
[2025-04-21T01:01:35.261+0000] {processor.py:927} WARNING - No viable dags retrieved from /opt/airflow/dags/my_dag.py
[2025-04-21T01:01:35.293+0000] {processor.py:208} INFO - Processing /opt/airflow/dags/my_dag.py took 0.073 seconds
[2025-04-21T01:02:08.331+0000] {processor.py:186} INFO - Started process (PID=191) to work on /opt/airflow/dags/my_dag.py
[2025-04-21T01:02:08.335+0000] {processor.py:914} INFO - Processing file /opt/airflow/dags/my_dag.py for tasks to queue
[2025-04-21T01:02:08.344+0000] {logging_mixin.py:190} INFO - [2025-04-21T01:02:08.343+0000] {dagbag.py:588} INFO - Filling up the DagBag from /opt/airflow/dags/my_dag.py
[2025-04-21T01:02:08.389+0000] {logging_mixin.py:190} INFO - [2025-04-21T01:02:08.381+0000] {dagbag.py:387} ERROR - Failed to import: /opt/airflow/dags/my_dag.py
Traceback (most recent call last):
  File "/home/airflow/.local/lib/python3.12/site-packages/airflow/models/dagbag.py", line 383, in parse
    loader.exec_module(new_module)
  File "<frozen importlib._bootstrap_external>", line 999, in exec_module
  File "<frozen importlib._bootstrap>", line 488, in _call_with_frames_removed
  File "/opt/airflow/dags/my_dag.py", line 8, in <module>
    from airflow_ingestion import get_stop_point_metadata, get_timetable, get_stops_for_line
ImportError: cannot import name 'get_stops_for_line' from 'airflow_ingestion' (/opt/airflow/plugins/airflow_ingestion.py)
[2025-04-21T01:02:08.394+0000] {processor.py:927} WARNING - No viable dags retrieved from /opt/airflow/dags/my_dag.py
[2025-04-21T01:02:08.422+0000] {processor.py:208} INFO - Processing /opt/airflow/dags/my_dag.py took 0.101 seconds
[2025-04-21T01:02:38.826+0000] {processor.py:186} INFO - Started process (PID=207) to work on /opt/airflow/dags/my_dag.py
[2025-04-21T01:02:38.828+0000] {processor.py:914} INFO - Processing file /opt/airflow/dags/my_dag.py for tasks to queue
[2025-04-21T01:02:38.832+0000] {logging_mixin.py:190} INFO - [2025-04-21T01:02:38.831+0000] {dagbag.py:588} INFO - Filling up the DagBag from /opt/airflow/dags/my_dag.py
[2025-04-21T01:02:38.860+0000] {logging_mixin.py:190} INFO - [2025-04-21T01:02:38.854+0000] {dagbag.py:387} ERROR - Failed to import: /opt/airflow/dags/my_dag.py
Traceback (most recent call last):
  File "/home/airflow/.local/lib/python3.12/site-packages/airflow/models/dagbag.py", line 383, in parse
    loader.exec_module(new_module)
  File "<frozen importlib._bootstrap_external>", line 999, in exec_module
  File "<frozen importlib._bootstrap>", line 488, in _call_with_frames_removed
  File "/opt/airflow/dags/my_dag.py", line 8, in <module>
    from airflow_ingestion import get_stop_point_metadata, get_timetable, get_stops_for_line
ImportError: cannot import name 'get_stops_for_line' from 'airflow_ingestion' (/opt/airflow/plugins/airflow_ingestion.py)
[2025-04-21T01:02:38.863+0000] {processor.py:927} WARNING - No viable dags retrieved from /opt/airflow/dags/my_dag.py
[2025-04-21T01:02:38.899+0000] {processor.py:208} INFO - Processing /opt/airflow/dags/my_dag.py took 0.080 seconds
[2025-04-21T01:03:09.251+0000] {processor.py:186} INFO - Started process (PID=223) to work on /opt/airflow/dags/my_dag.py
[2025-04-21T01:03:09.253+0000] {processor.py:914} INFO - Processing file /opt/airflow/dags/my_dag.py for tasks to queue
[2025-04-21T01:03:09.259+0000] {logging_mixin.py:190} INFO - [2025-04-21T01:03:09.259+0000] {dagbag.py:588} INFO - Filling up the DagBag from /opt/airflow/dags/my_dag.py
[2025-04-21T01:03:09.282+0000] {logging_mixin.py:190} INFO - [2025-04-21T01:03:09.276+0000] {dagbag.py:387} ERROR - Failed to import: /opt/airflow/dags/my_dag.py
Traceback (most recent call last):
  File "/home/airflow/.local/lib/python3.12/site-packages/airflow/models/dagbag.py", line 383, in parse
    loader.exec_module(new_module)
  File "<frozen importlib._bootstrap_external>", line 999, in exec_module
  File "<frozen importlib._bootstrap>", line 488, in _call_with_frames_removed
  File "/opt/airflow/dags/my_dag.py", line 8, in <module>
    from airflow_ingestion import get_stop_point_metadata, get_timetable, get_stops_for_line
ImportError: cannot import name 'get_stops_for_line' from 'airflow_ingestion' (/opt/airflow/plugins/airflow_ingestion.py)
[2025-04-21T01:03:09.285+0000] {processor.py:927} WARNING - No viable dags retrieved from /opt/airflow/dags/my_dag.py
[2025-04-21T01:03:09.315+0000] {processor.py:208} INFO - Processing /opt/airflow/dags/my_dag.py took 0.077 seconds
[2025-04-21T01:03:39.681+0000] {processor.py:186} INFO - Started process (PID=239) to work on /opt/airflow/dags/my_dag.py
[2025-04-21T01:03:39.683+0000] {processor.py:914} INFO - Processing file /opt/airflow/dags/my_dag.py for tasks to queue
[2025-04-21T01:03:39.688+0000] {logging_mixin.py:190} INFO - [2025-04-21T01:03:39.688+0000] {dagbag.py:588} INFO - Filling up the DagBag from /opt/airflow/dags/my_dag.py
[2025-04-21T01:03:39.711+0000] {logging_mixin.py:190} INFO - [2025-04-21T01:03:39.706+0000] {dagbag.py:387} ERROR - Failed to import: /opt/airflow/dags/my_dag.py
Traceback (most recent call last):
  File "/home/airflow/.local/lib/python3.12/site-packages/airflow/models/dagbag.py", line 383, in parse
    loader.exec_module(new_module)
  File "<frozen importlib._bootstrap_external>", line 999, in exec_module
  File "<frozen importlib._bootstrap>", line 488, in _call_with_frames_removed
  File "/opt/airflow/dags/my_dag.py", line 8, in <module>
    from airflow_ingestion import get_stop_point_metadata, get_timetable, get_stops_for_line
ImportError: cannot import name 'get_stops_for_line' from 'airflow_ingestion' (/opt/airflow/plugins/airflow_ingestion.py)
[2025-04-21T01:03:39.714+0000] {processor.py:927} WARNING - No viable dags retrieved from /opt/airflow/dags/my_dag.py
[2025-04-21T01:03:39.746+0000] {processor.py:208} INFO - Processing /opt/airflow/dags/my_dag.py took 0.075 seconds
[2025-04-21T01:03:51.935+0000] {processor.py:186} INFO - Started process (PID=255) to work on /opt/airflow/dags/my_dag.py
[2025-04-21T01:03:51.937+0000] {processor.py:914} INFO - Processing file /opt/airflow/dags/my_dag.py for tasks to queue
[2025-04-21T01:03:51.941+0000] {logging_mixin.py:190} INFO - [2025-04-21T01:03:51.941+0000] {dagbag.py:588} INFO - Filling up the DagBag from /opt/airflow/dags/my_dag.py
[2025-04-21T01:03:52.015+0000] {processor.py:925} INFO - DAG(s) 'TFL_DATA_DAG' retrieved from /opt/airflow/dags/my_dag.py
[2025-04-21T01:03:52.434+0000] {logging_mixin.py:190} INFO - [2025-04-21T01:03:52.434+0000] {dag.py:3239} INFO - Sync 1 DAGs
[2025-04-21T01:03:52.458+0000] {logging_mixin.py:190} INFO - [2025-04-21T01:03:52.458+0000] {dag.py:4180} INFO - Setting next_dagrun for TFL_DATA_DAG to 2025-04-21 00:00:00+00:00, run_after=2025-04-22 00:00:00+00:00
[2025-04-21T01:03:52.502+0000] {processor.py:208} INFO - Processing /opt/airflow/dags/my_dag.py took 0.575 seconds
[2025-04-21T01:04:23.350+0000] {processor.py:186} INFO - Started process (PID=278) to work on /opt/airflow/dags/my_dag.py
[2025-04-21T01:04:23.353+0000] {processor.py:914} INFO - Processing file /opt/airflow/dags/my_dag.py for tasks to queue
[2025-04-21T01:04:23.360+0000] {logging_mixin.py:190} INFO - [2025-04-21T01:04:23.359+0000] {dagbag.py:588} INFO - Filling up the DagBag from /opt/airflow/dags/my_dag.py
[2025-04-21T01:04:23.400+0000] {processor.py:925} INFO - DAG(s) 'TFL_DATA_DAG' retrieved from /opt/airflow/dags/my_dag.py
[2025-04-21T01:04:23.438+0000] {logging_mixin.py:190} INFO - [2025-04-21T01:04:23.437+0000] {dag.py:3239} INFO - Sync 1 DAGs
[2025-04-21T01:04:23.475+0000] {logging_mixin.py:190} INFO - [2025-04-21T01:04:23.474+0000] {dag.py:4180} INFO - Setting next_dagrun for TFL_DATA_DAG to 2025-04-21 00:00:00+00:00, run_after=2025-04-22 00:00:00+00:00
[2025-04-21T01:04:23.508+0000] {processor.py:208} INFO - Processing /opt/airflow/dags/my_dag.py took 0.167 seconds
[2025-04-21T01:04:53.918+0000] {processor.py:186} INFO - Started process (PID=298) to work on /opt/airflow/dags/my_dag.py
[2025-04-21T01:04:53.921+0000] {processor.py:914} INFO - Processing file /opt/airflow/dags/my_dag.py for tasks to queue
[2025-04-21T01:04:53.925+0000] {logging_mixin.py:190} INFO - [2025-04-21T01:04:53.924+0000] {dagbag.py:588} INFO - Filling up the DagBag from /opt/airflow/dags/my_dag.py
[2025-04-21T01:04:53.958+0000] {processor.py:925} INFO - DAG(s) 'TFL_DATA_DAG' retrieved from /opt/airflow/dags/my_dag.py
[2025-04-21T01:04:53.994+0000] {logging_mixin.py:190} INFO - [2025-04-21T01:04:53.994+0000] {dag.py:3239} INFO - Sync 1 DAGs
[2025-04-21T01:04:54.032+0000] {logging_mixin.py:190} INFO - [2025-04-21T01:04:54.031+0000] {dag.py:4180} INFO - Setting next_dagrun for TFL_DATA_DAG to 2025-04-21 00:00:00+00:00, run_after=2025-04-22 00:00:00+00:00
[2025-04-21T01:04:54.065+0000] {processor.py:208} INFO - Processing /opt/airflow/dags/my_dag.py took 0.155 seconds
[2025-04-21T01:05:24.422+0000] {processor.py:186} INFO - Started process (PID=318) to work on /opt/airflow/dags/my_dag.py
[2025-04-21T01:05:24.425+0000] {processor.py:914} INFO - Processing file /opt/airflow/dags/my_dag.py for tasks to queue
[2025-04-21T01:05:24.430+0000] {logging_mixin.py:190} INFO - [2025-04-21T01:05:24.429+0000] {dagbag.py:588} INFO - Filling up the DagBag from /opt/airflow/dags/my_dag.py
[2025-04-21T01:05:24.462+0000] {processor.py:925} INFO - DAG(s) 'TFL_DATA_DAG' retrieved from /opt/airflow/dags/my_dag.py
[2025-04-21T01:05:24.504+0000] {logging_mixin.py:190} INFO - [2025-04-21T01:05:24.503+0000] {dag.py:3239} INFO - Sync 1 DAGs
[2025-04-21T01:05:24.787+0000] {logging_mixin.py:190} INFO - [2025-04-21T01:05:24.787+0000] {dag.py:4180} INFO - Setting next_dagrun for TFL_DATA_DAG to 2025-04-21 00:00:00+00:00, run_after=2025-04-22 00:00:00+00:00
[2025-04-21T01:05:24.834+0000] {processor.py:208} INFO - Processing /opt/airflow/dags/my_dag.py took 0.422 seconds
[2025-04-21T01:05:55.209+0000] {processor.py:186} INFO - Started process (PID=338) to work on /opt/airflow/dags/my_dag.py
[2025-04-21T01:05:55.212+0000] {processor.py:914} INFO - Processing file /opt/airflow/dags/my_dag.py for tasks to queue
[2025-04-21T01:05:55.219+0000] {logging_mixin.py:190} INFO - [2025-04-21T01:05:55.218+0000] {dagbag.py:588} INFO - Filling up the DagBag from /opt/airflow/dags/my_dag.py
[2025-04-21T01:05:55.256+0000] {processor.py:925} INFO - DAG(s) 'TFL_DATA_DAG' retrieved from /opt/airflow/dags/my_dag.py
[2025-04-21T01:05:55.307+0000] {logging_mixin.py:190} INFO - [2025-04-21T01:05:55.307+0000] {dag.py:3239} INFO - Sync 1 DAGs
[2025-04-21T01:05:55.340+0000] {logging_mixin.py:190} INFO - [2025-04-21T01:05:55.339+0000] {dag.py:4180} INFO - Setting next_dagrun for TFL_DATA_DAG to 2025-04-21 00:00:00+00:00, run_after=2025-04-22 00:00:00+00:00
[2025-04-21T01:05:55.368+0000] {processor.py:208} INFO - Processing /opt/airflow/dags/my_dag.py took 0.169 seconds
[2025-04-21T01:06:25.741+0000] {processor.py:186} INFO - Started process (PID=359) to work on /opt/airflow/dags/my_dag.py
[2025-04-21T01:06:25.744+0000] {processor.py:914} INFO - Processing file /opt/airflow/dags/my_dag.py for tasks to queue
[2025-04-21T01:06:25.750+0000] {logging_mixin.py:190} INFO - [2025-04-21T01:06:25.750+0000] {dagbag.py:588} INFO - Filling up the DagBag from /opt/airflow/dags/my_dag.py
[2025-04-21T01:06:25.784+0000] {processor.py:925} INFO - DAG(s) 'TFL_DATA_DAG' retrieved from /opt/airflow/dags/my_dag.py
[2025-04-21T01:06:25.817+0000] {logging_mixin.py:190} INFO - [2025-04-21T01:06:25.817+0000] {dag.py:3239} INFO - Sync 1 DAGs
[2025-04-21T01:06:25.860+0000] {logging_mixin.py:190} INFO - [2025-04-21T01:06:25.860+0000] {dag.py:4180} INFO - Setting next_dagrun for TFL_DATA_DAG to 2025-04-21 00:00:00+00:00, run_after=2025-04-22 00:00:00+00:00
[2025-04-21T01:06:25.899+0000] {processor.py:208} INFO - Processing /opt/airflow/dags/my_dag.py took 0.169 seconds
[2025-04-21T01:06:56.260+0000] {processor.py:186} INFO - Started process (PID=379) to work on /opt/airflow/dags/my_dag.py
[2025-04-21T01:06:56.263+0000] {processor.py:914} INFO - Processing file /opt/airflow/dags/my_dag.py for tasks to queue
[2025-04-21T01:06:56.268+0000] {logging_mixin.py:190} INFO - [2025-04-21T01:06:56.268+0000] {dagbag.py:588} INFO - Filling up the DagBag from /opt/airflow/dags/my_dag.py
[2025-04-21T01:06:56.303+0000] {processor.py:925} INFO - DAG(s) 'TFL_DATA_DAG' retrieved from /opt/airflow/dags/my_dag.py
[2025-04-21T01:06:56.338+0000] {logging_mixin.py:190} INFO - [2025-04-21T01:06:56.338+0000] {dag.py:3239} INFO - Sync 1 DAGs
[2025-04-21T01:06:56.372+0000] {logging_mixin.py:190} INFO - [2025-04-21T01:06:56.372+0000] {dag.py:4180} INFO - Setting next_dagrun for TFL_DATA_DAG to 2025-04-21 00:00:00+00:00, run_after=2025-04-22 00:00:00+00:00
[2025-04-21T01:06:56.402+0000] {processor.py:208} INFO - Processing /opt/airflow/dags/my_dag.py took 0.151 seconds
[2025-04-21T01:07:26.788+0000] {processor.py:186} INFO - Started process (PID=399) to work on /opt/airflow/dags/my_dag.py
[2025-04-21T01:07:26.792+0000] {processor.py:914} INFO - Processing file /opt/airflow/dags/my_dag.py for tasks to queue
[2025-04-21T01:07:26.798+0000] {logging_mixin.py:190} INFO - [2025-04-21T01:07:26.798+0000] {dagbag.py:588} INFO - Filling up the DagBag from /opt/airflow/dags/my_dag.py
[2025-04-21T01:07:26.839+0000] {processor.py:925} INFO - DAG(s) 'TFL_DATA_DAG' retrieved from /opt/airflow/dags/my_dag.py
[2025-04-21T01:07:26.874+0000] {logging_mixin.py:190} INFO - [2025-04-21T01:07:26.873+0000] {dag.py:3239} INFO - Sync 1 DAGs
[2025-04-21T01:07:27.075+0000] {logging_mixin.py:190} INFO - [2025-04-21T01:07:27.075+0000] {dag.py:4180} INFO - Setting next_dagrun for TFL_DATA_DAG to 2025-04-21 00:00:00+00:00, run_after=2025-04-22 00:00:00+00:00
[2025-04-21T01:07:27.102+0000] {processor.py:208} INFO - Processing /opt/airflow/dags/my_dag.py took 0.326 seconds
[2025-04-21T01:07:57.460+0000] {processor.py:186} INFO - Started process (PID=419) to work on /opt/airflow/dags/my_dag.py
[2025-04-21T01:07:57.463+0000] {processor.py:914} INFO - Processing file /opt/airflow/dags/my_dag.py for tasks to queue
[2025-04-21T01:07:57.466+0000] {logging_mixin.py:190} INFO - [2025-04-21T01:07:57.466+0000] {dagbag.py:588} INFO - Filling up the DagBag from /opt/airflow/dags/my_dag.py
[2025-04-21T01:07:57.493+0000] {processor.py:925} INFO - DAG(s) 'TFL_DATA_DAG' retrieved from /opt/airflow/dags/my_dag.py
[2025-04-21T01:07:57.525+0000] {logging_mixin.py:190} INFO - [2025-04-21T01:07:57.525+0000] {dag.py:3239} INFO - Sync 1 DAGs
[2025-04-21T01:07:57.553+0000] {logging_mixin.py:190} INFO - [2025-04-21T01:07:57.553+0000] {dag.py:4180} INFO - Setting next_dagrun for TFL_DATA_DAG to 2025-04-21 00:00:00+00:00, run_after=2025-04-22 00:00:00+00:00
[2025-04-21T01:07:57.577+0000] {processor.py:208} INFO - Processing /opt/airflow/dags/my_dag.py took 0.124 seconds
[2025-04-21T01:08:27.945+0000] {processor.py:186} INFO - Started process (PID=435) to work on /opt/airflow/dags/my_dag.py
[2025-04-21T01:08:27.947+0000] {processor.py:914} INFO - Processing file /opt/airflow/dags/my_dag.py for tasks to queue
[2025-04-21T01:08:27.952+0000] {logging_mixin.py:190} INFO - [2025-04-21T01:08:27.951+0000] {dagbag.py:588} INFO - Filling up the DagBag from /opt/airflow/dags/my_dag.py
[2025-04-21T01:08:27.979+0000] {processor.py:925} INFO - DAG(s) 'TFL_DATA_DAG' retrieved from /opt/airflow/dags/my_dag.py
[2025-04-21T01:08:28.010+0000] {logging_mixin.py:190} INFO - [2025-04-21T01:08:28.010+0000] {dag.py:3239} INFO - Sync 1 DAGs
[2025-04-21T01:08:28.042+0000] {logging_mixin.py:190} INFO - [2025-04-21T01:08:28.042+0000] {dag.py:4180} INFO - Setting next_dagrun for TFL_DATA_DAG to 2025-04-21 00:00:00+00:00, run_after=2025-04-22 00:00:00+00:00
[2025-04-21T01:08:28.069+0000] {processor.py:208} INFO - Processing /opt/airflow/dags/my_dag.py took 0.132 seconds
[2025-04-21T01:08:58.426+0000] {processor.py:186} INFO - Started process (PID=455) to work on /opt/airflow/dags/my_dag.py
[2025-04-21T01:08:58.428+0000] {processor.py:914} INFO - Processing file /opt/airflow/dags/my_dag.py for tasks to queue
[2025-04-21T01:08:58.432+0000] {logging_mixin.py:190} INFO - [2025-04-21T01:08:58.431+0000] {dagbag.py:588} INFO - Filling up the DagBag from /opt/airflow/dags/my_dag.py
[2025-04-21T01:08:58.460+0000] {processor.py:925} INFO - DAG(s) 'TFL_DATA_DAG' retrieved from /opt/airflow/dags/my_dag.py
[2025-04-21T01:08:58.489+0000] {logging_mixin.py:190} INFO - [2025-04-21T01:08:58.489+0000] {dag.py:3239} INFO - Sync 1 DAGs
[2025-04-21T01:08:58.518+0000] {logging_mixin.py:190} INFO - [2025-04-21T01:08:58.518+0000] {dag.py:4180} INFO - Setting next_dagrun for TFL_DATA_DAG to 2025-04-21 00:00:00+00:00, run_after=2025-04-22 00:00:00+00:00
[2025-04-21T01:08:58.548+0000] {processor.py:208} INFO - Processing /opt/airflow/dags/my_dag.py took 0.130 seconds
[2025-04-21T01:09:28.902+0000] {processor.py:186} INFO - Started process (PID=475) to work on /opt/airflow/dags/my_dag.py
[2025-04-21T01:09:28.904+0000] {processor.py:914} INFO - Processing file /opt/airflow/dags/my_dag.py for tasks to queue
[2025-04-21T01:09:28.909+0000] {logging_mixin.py:190} INFO - [2025-04-21T01:09:28.908+0000] {dagbag.py:588} INFO - Filling up the DagBag from /opt/airflow/dags/my_dag.py
[2025-04-21T01:09:28.937+0000] {processor.py:925} INFO - DAG(s) 'TFL_DATA_DAG' retrieved from /opt/airflow/dags/my_dag.py
[2025-04-21T01:09:28.970+0000] {logging_mixin.py:190} INFO - [2025-04-21T01:09:28.970+0000] {dag.py:3239} INFO - Sync 1 DAGs
[2025-04-21T01:09:29.168+0000] {logging_mixin.py:190} INFO - [2025-04-21T01:09:29.167+0000] {dag.py:4180} INFO - Setting next_dagrun for TFL_DATA_DAG to 2025-04-21 00:00:00+00:00, run_after=2025-04-22 00:00:00+00:00
[2025-04-21T01:09:29.193+0000] {processor.py:208} INFO - Processing /opt/airflow/dags/my_dag.py took 0.298 seconds
[2025-04-21T01:09:59.556+0000] {processor.py:186} INFO - Started process (PID=495) to work on /opt/airflow/dags/my_dag.py
[2025-04-21T01:09:59.559+0000] {processor.py:914} INFO - Processing file /opt/airflow/dags/my_dag.py for tasks to queue
[2025-04-21T01:09:59.564+0000] {logging_mixin.py:190} INFO - [2025-04-21T01:09:59.563+0000] {dagbag.py:588} INFO - Filling up the DagBag from /opt/airflow/dags/my_dag.py
[2025-04-21T01:09:59.595+0000] {processor.py:925} INFO - DAG(s) 'TFL_DATA_DAG' retrieved from /opt/airflow/dags/my_dag.py
[2025-04-21T01:09:59.631+0000] {logging_mixin.py:190} INFO - [2025-04-21T01:09:59.630+0000] {dag.py:3239} INFO - Sync 1 DAGs
[2025-04-21T01:09:59.666+0000] {logging_mixin.py:190} INFO - [2025-04-21T01:09:59.666+0000] {dag.py:4180} INFO - Setting next_dagrun for TFL_DATA_DAG to 2025-04-21 00:00:00+00:00, run_after=2025-04-22 00:00:00+00:00
[2025-04-21T01:09:59.698+0000] {processor.py:208} INFO - Processing /opt/airflow/dags/my_dag.py took 0.152 seconds
[2025-04-21T01:10:30.075+0000] {processor.py:186} INFO - Started process (PID=515) to work on /opt/airflow/dags/my_dag.py
[2025-04-21T01:10:30.079+0000] {processor.py:914} INFO - Processing file /opt/airflow/dags/my_dag.py for tasks to queue
[2025-04-21T01:10:30.084+0000] {logging_mixin.py:190} INFO - [2025-04-21T01:10:30.083+0000] {dagbag.py:588} INFO - Filling up the DagBag from /opt/airflow/dags/my_dag.py
[2025-04-21T01:10:30.118+0000] {processor.py:925} INFO - DAG(s) 'TFL_DATA_DAG' retrieved from /opt/airflow/dags/my_dag.py
[2025-04-21T01:10:30.152+0000] {logging_mixin.py:190} INFO - [2025-04-21T01:10:30.151+0000] {dag.py:3239} INFO - Sync 1 DAGs
[2025-04-21T01:10:30.185+0000] {logging_mixin.py:190} INFO - [2025-04-21T01:10:30.185+0000] {dag.py:4180} INFO - Setting next_dagrun for TFL_DATA_DAG to 2025-04-21 00:00:00+00:00, run_after=2025-04-22 00:00:00+00:00
[2025-04-21T01:10:30.213+0000] {processor.py:208} INFO - Processing /opt/airflow/dags/my_dag.py took 0.148 seconds
[2025-04-21T01:11:00.591+0000] {processor.py:186} INFO - Started process (PID=535) to work on /opt/airflow/dags/my_dag.py
[2025-04-21T01:11:00.594+0000] {processor.py:914} INFO - Processing file /opt/airflow/dags/my_dag.py for tasks to queue
[2025-04-21T01:11:00.600+0000] {logging_mixin.py:190} INFO - [2025-04-21T01:11:00.599+0000] {dagbag.py:588} INFO - Filling up the DagBag from /opt/airflow/dags/my_dag.py
[2025-04-21T01:11:00.639+0000] {processor.py:925} INFO - DAG(s) 'TFL_DATA_DAG' retrieved from /opt/airflow/dags/my_dag.py
[2025-04-21T01:11:00.673+0000] {logging_mixin.py:190} INFO - [2025-04-21T01:11:00.673+0000] {dag.py:3239} INFO - Sync 1 DAGs
[2025-04-21T01:11:00.708+0000] {logging_mixin.py:190} INFO - [2025-04-21T01:11:00.707+0000] {dag.py:4180} INFO - Setting next_dagrun for TFL_DATA_DAG to 2025-04-21 00:00:00+00:00, run_after=2025-04-22 00:00:00+00:00
[2025-04-21T01:11:00.736+0000] {processor.py:208} INFO - Processing /opt/airflow/dags/my_dag.py took 0.155 seconds
[2025-04-21T01:11:31.105+0000] {processor.py:186} INFO - Started process (PID=551) to work on /opt/airflow/dags/my_dag.py
[2025-04-21T01:11:31.109+0000] {processor.py:914} INFO - Processing file /opt/airflow/dags/my_dag.py for tasks to queue
[2025-04-21T01:11:31.115+0000] {logging_mixin.py:190} INFO - [2025-04-21T01:11:31.114+0000] {dagbag.py:588} INFO - Filling up the DagBag from /opt/airflow/dags/my_dag.py
[2025-04-21T01:11:31.155+0000] {processor.py:925} INFO - DAG(s) 'TFL_DATA_DAG' retrieved from /opt/airflow/dags/my_dag.py
[2025-04-21T01:11:31.193+0000] {logging_mixin.py:190} INFO - [2025-04-21T01:11:31.193+0000] {dag.py:3239} INFO - Sync 1 DAGs
[2025-04-21T01:11:31.431+0000] {logging_mixin.py:190} INFO - [2025-04-21T01:11:31.431+0000] {dag.py:4180} INFO - Setting next_dagrun for TFL_DATA_DAG to 2025-04-21 00:00:00+00:00, run_after=2025-04-22 00:00:00+00:00
[2025-04-21T01:11:31.470+0000] {processor.py:208} INFO - Processing /opt/airflow/dags/my_dag.py took 0.377 seconds
[2025-04-21T01:12:01.827+0000] {processor.py:186} INFO - Started process (PID=571) to work on /opt/airflow/dags/my_dag.py
[2025-04-21T01:12:01.829+0000] {processor.py:914} INFO - Processing file /opt/airflow/dags/my_dag.py for tasks to queue
[2025-04-21T01:12:01.833+0000] {logging_mixin.py:190} INFO - [2025-04-21T01:12:01.833+0000] {dagbag.py:588} INFO - Filling up the DagBag from /opt/airflow/dags/my_dag.py
[2025-04-21T01:12:01.864+0000] {processor.py:925} INFO - DAG(s) 'TFL_DATA_DAG' retrieved from /opt/airflow/dags/my_dag.py
[2025-04-21T01:12:01.897+0000] {logging_mixin.py:190} INFO - [2025-04-21T01:12:01.897+0000] {dag.py:3239} INFO - Sync 1 DAGs
[2025-04-21T01:12:01.930+0000] {logging_mixin.py:190} INFO - [2025-04-21T01:12:01.929+0000] {dag.py:4180} INFO - Setting next_dagrun for TFL_DATA_DAG to 2025-04-21 00:00:00+00:00, run_after=2025-04-22 00:00:00+00:00
[2025-04-21T01:12:01.957+0000] {processor.py:208} INFO - Processing /opt/airflow/dags/my_dag.py took 0.138 seconds
[2025-04-21T01:12:32.418+0000] {processor.py:186} INFO - Started process (PID=591) to work on /opt/airflow/dags/my_dag.py
[2025-04-21T01:12:32.421+0000] {processor.py:914} INFO - Processing file /opt/airflow/dags/my_dag.py for tasks to queue
[2025-04-21T01:12:32.426+0000] {logging_mixin.py:190} INFO - [2025-04-21T01:12:32.425+0000] {dagbag.py:588} INFO - Filling up the DagBag from /opt/airflow/dags/my_dag.py
[2025-04-21T01:12:32.462+0000] {processor.py:925} INFO - DAG(s) 'TFL_DATA_DAG' retrieved from /opt/airflow/dags/my_dag.py
[2025-04-21T01:12:32.498+0000] {logging_mixin.py:190} INFO - [2025-04-21T01:12:32.497+0000] {dag.py:3239} INFO - Sync 1 DAGs
[2025-04-21T01:12:32.530+0000] {logging_mixin.py:190} INFO - [2025-04-21T01:12:32.530+0000] {dag.py:4180} INFO - Setting next_dagrun for TFL_DATA_DAG to 2025-04-21 00:00:00+00:00, run_after=2025-04-22 00:00:00+00:00
[2025-04-21T01:12:32.560+0000] {processor.py:208} INFO - Processing /opt/airflow/dags/my_dag.py took 0.149 seconds
[2025-04-21T01:13:02.930+0000] {processor.py:186} INFO - Started process (PID=611) to work on /opt/airflow/dags/my_dag.py
[2025-04-21T01:13:02.935+0000] {processor.py:914} INFO - Processing file /opt/airflow/dags/my_dag.py for tasks to queue
[2025-04-21T01:13:02.942+0000] {logging_mixin.py:190} INFO - [2025-04-21T01:13:02.942+0000] {dagbag.py:588} INFO - Filling up the DagBag from /opt/airflow/dags/my_dag.py
[2025-04-21T01:13:02.980+0000] {processor.py:925} INFO - DAG(s) 'TFL_DATA_DAG' retrieved from /opt/airflow/dags/my_dag.py
[2025-04-21T01:13:03.011+0000] {logging_mixin.py:190} INFO - [2025-04-21T01:13:03.011+0000] {dag.py:3239} INFO - Sync 1 DAGs
[2025-04-21T01:13:03.043+0000] {logging_mixin.py:190} INFO - [2025-04-21T01:13:03.043+0000] {dag.py:4180} INFO - Setting next_dagrun for TFL_DATA_DAG to 2025-04-21 00:00:00+00:00, run_after=2025-04-22 00:00:00+00:00
[2025-04-21T01:13:03.071+0000] {processor.py:208} INFO - Processing /opt/airflow/dags/my_dag.py took 0.151 seconds
[2025-04-21T01:13:33.438+0000] {processor.py:186} INFO - Started process (PID=631) to work on /opt/airflow/dags/my_dag.py
[2025-04-21T01:13:33.441+0000] {processor.py:914} INFO - Processing file /opt/airflow/dags/my_dag.py for tasks to queue
[2025-04-21T01:13:33.447+0000] {logging_mixin.py:190} INFO - [2025-04-21T01:13:33.447+0000] {dagbag.py:588} INFO - Filling up the DagBag from /opt/airflow/dags/my_dag.py
[2025-04-21T01:13:33.489+0000] {processor.py:925} INFO - DAG(s) 'TFL_DATA_DAG' retrieved from /opt/airflow/dags/my_dag.py
[2025-04-21T01:13:33.535+0000] {logging_mixin.py:190} INFO - [2025-04-21T01:13:33.534+0000] {dag.py:3239} INFO - Sync 1 DAGs
[2025-04-21T01:13:33.802+0000] {logging_mixin.py:190} INFO - [2025-04-21T01:13:33.801+0000] {dag.py:4180} INFO - Setting next_dagrun for TFL_DATA_DAG to 2025-04-21 00:00:00+00:00, run_after=2025-04-22 00:00:00+00:00
[2025-04-21T01:13:33.843+0000] {processor.py:208} INFO - Processing /opt/airflow/dags/my_dag.py took 0.416 seconds
[2025-04-21T01:14:04.214+0000] {processor.py:186} INFO - Started process (PID=651) to work on /opt/airflow/dags/my_dag.py
[2025-04-21T01:14:04.218+0000] {processor.py:914} INFO - Processing file /opt/airflow/dags/my_dag.py for tasks to queue
[2025-04-21T01:14:04.224+0000] {logging_mixin.py:190} INFO - [2025-04-21T01:14:04.224+0000] {dagbag.py:588} INFO - Filling up the DagBag from /opt/airflow/dags/my_dag.py
[2025-04-21T01:14:04.261+0000] {processor.py:925} INFO - DAG(s) 'TFL_DATA_DAG' retrieved from /opt/airflow/dags/my_dag.py
[2025-04-21T01:14:04.297+0000] {logging_mixin.py:190} INFO - [2025-04-21T01:14:04.296+0000] {dag.py:3239} INFO - Sync 1 DAGs
[2025-04-21T01:14:04.329+0000] {logging_mixin.py:190} INFO - [2025-04-21T01:14:04.329+0000] {dag.py:4180} INFO - Setting next_dagrun for TFL_DATA_DAG to 2025-04-21 00:00:00+00:00, run_after=2025-04-22 00:00:00+00:00
[2025-04-21T01:14:04.359+0000] {processor.py:208} INFO - Processing /opt/airflow/dags/my_dag.py took 0.155 seconds
[2025-04-21T01:14:34.723+0000] {processor.py:186} INFO - Started process (PID=671) to work on /opt/airflow/dags/my_dag.py
[2025-04-21T01:14:34.726+0000] {processor.py:914} INFO - Processing file /opt/airflow/dags/my_dag.py for tasks to queue
[2025-04-21T01:14:34.732+0000] {logging_mixin.py:190} INFO - [2025-04-21T01:14:34.732+0000] {dagbag.py:588} INFO - Filling up the DagBag from /opt/airflow/dags/my_dag.py
[2025-04-21T01:14:34.768+0000] {processor.py:925} INFO - DAG(s) 'TFL_DATA_DAG' retrieved from /opt/airflow/dags/my_dag.py
[2025-04-21T01:14:34.802+0000] {logging_mixin.py:190} INFO - [2025-04-21T01:14:34.801+0000] {dag.py:3239} INFO - Sync 1 DAGs
[2025-04-21T01:14:34.839+0000] {logging_mixin.py:190} INFO - [2025-04-21T01:14:34.839+0000] {dag.py:4180} INFO - Setting next_dagrun for TFL_DATA_DAG to 2025-04-21 00:00:00+00:00, run_after=2025-04-22 00:00:00+00:00
[2025-04-21T01:14:34.869+0000] {processor.py:208} INFO - Processing /opt/airflow/dags/my_dag.py took 0.157 seconds
[2025-04-21T01:15:05.245+0000] {processor.py:186} INFO - Started process (PID=692) to work on /opt/airflow/dags/my_dag.py
[2025-04-21T01:15:05.248+0000] {processor.py:914} INFO - Processing file /opt/airflow/dags/my_dag.py for tasks to queue
[2025-04-21T01:15:05.255+0000] {logging_mixin.py:190} INFO - [2025-04-21T01:15:05.254+0000] {dagbag.py:588} INFO - Filling up the DagBag from /opt/airflow/dags/my_dag.py
[2025-04-21T01:15:05.323+0000] {processor.py:925} INFO - DAG(s) 'TFL_DATA_DAG' retrieved from /opt/airflow/dags/my_dag.py
[2025-04-21T01:15:05.360+0000] {logging_mixin.py:190} INFO - [2025-04-21T01:15:05.360+0000] {dag.py:3239} INFO - Sync 1 DAGs
[2025-04-21T01:15:05.395+0000] {logging_mixin.py:190} INFO - [2025-04-21T01:15:05.395+0000] {dag.py:4180} INFO - Setting next_dagrun for TFL_DATA_DAG to 2025-04-21 00:00:00+00:00, run_after=2025-04-22 00:00:00+00:00
[2025-04-21T01:15:05.431+0000] {processor.py:208} INFO - Processing /opt/airflow/dags/my_dag.py took 0.192 seconds
[2025-04-21T01:15:35.786+0000] {processor.py:186} INFO - Started process (PID=712) to work on /opt/airflow/dags/my_dag.py
[2025-04-21T01:15:35.788+0000] {processor.py:914} INFO - Processing file /opt/airflow/dags/my_dag.py for tasks to queue
[2025-04-21T01:15:35.792+0000] {logging_mixin.py:190} INFO - [2025-04-21T01:15:35.792+0000] {dagbag.py:588} INFO - Filling up the DagBag from /opt/airflow/dags/my_dag.py
[2025-04-21T01:15:35.821+0000] {processor.py:925} INFO - DAG(s) 'TFL_DATA_DAG' retrieved from /opt/airflow/dags/my_dag.py
[2025-04-21T01:15:35.854+0000] {logging_mixin.py:190} INFO - [2025-04-21T01:15:35.853+0000] {dag.py:3239} INFO - Sync 1 DAGs
[2025-04-21T01:15:36.057+0000] {logging_mixin.py:190} INFO - [2025-04-21T01:15:36.057+0000] {dag.py:4180} INFO - Setting next_dagrun for TFL_DATA_DAG to 2025-04-21 00:00:00+00:00, run_after=2025-04-22 00:00:00+00:00
[2025-04-21T01:15:36.082+0000] {processor.py:208} INFO - Processing /opt/airflow/dags/my_dag.py took 0.303 seconds
[2025-04-21T01:16:06.427+0000] {processor.py:186} INFO - Started process (PID=732) to work on /opt/airflow/dags/my_dag.py
[2025-04-21T01:16:06.429+0000] {processor.py:914} INFO - Processing file /opt/airflow/dags/my_dag.py for tasks to queue
[2025-04-21T01:16:06.434+0000] {logging_mixin.py:190} INFO - [2025-04-21T01:16:06.433+0000] {dagbag.py:588} INFO - Filling up the DagBag from /opt/airflow/dags/my_dag.py
[2025-04-21T01:16:06.467+0000] {processor.py:925} INFO - DAG(s) 'TFL_DATA_DAG' retrieved from /opt/airflow/dags/my_dag.py
[2025-04-21T01:16:06.499+0000] {logging_mixin.py:190} INFO - [2025-04-21T01:16:06.499+0000] {dag.py:3239} INFO - Sync 1 DAGs
[2025-04-21T01:16:06.530+0000] {logging_mixin.py:190} INFO - [2025-04-21T01:16:06.529+0000] {dag.py:4180} INFO - Setting next_dagrun for TFL_DATA_DAG to 2025-04-21 00:00:00+00:00, run_after=2025-04-22 00:00:00+00:00
[2025-04-21T01:16:06.556+0000] {processor.py:208} INFO - Processing /opt/airflow/dags/my_dag.py took 0.138 seconds
[2025-04-21T01:16:36.912+0000] {processor.py:186} INFO - Started process (PID=751) to work on /opt/airflow/dags/my_dag.py
[2025-04-21T01:16:36.914+0000] {processor.py:914} INFO - Processing file /opt/airflow/dags/my_dag.py for tasks to queue
[2025-04-21T01:16:36.917+0000] {logging_mixin.py:190} INFO - [2025-04-21T01:16:36.917+0000] {dagbag.py:588} INFO - Filling up the DagBag from /opt/airflow/dags/my_dag.py
[2025-04-21T01:16:36.946+0000] {processor.py:925} INFO - DAG(s) 'TFL_DATA_DAG' retrieved from /opt/airflow/dags/my_dag.py
[2025-04-21T01:16:36.980+0000] {logging_mixin.py:190} INFO - [2025-04-21T01:16:36.980+0000] {dag.py:3239} INFO - Sync 1 DAGs
[2025-04-21T01:16:37.013+0000] {logging_mixin.py:190} INFO - [2025-04-21T01:16:37.012+0000] {dag.py:4180} INFO - Setting next_dagrun for TFL_DATA_DAG to 2025-04-21 00:00:00+00:00, run_after=2025-04-22 00:00:00+00:00
[2025-04-21T01:16:37.040+0000] {processor.py:208} INFO - Processing /opt/airflow/dags/my_dag.py took 0.136 seconds
[2025-04-21T01:17:07.378+0000] {processor.py:186} INFO - Started process (PID=771) to work on /opt/airflow/dags/my_dag.py
[2025-04-21T01:17:07.381+0000] {processor.py:914} INFO - Processing file /opt/airflow/dags/my_dag.py for tasks to queue
[2025-04-21T01:17:07.385+0000] {logging_mixin.py:190} INFO - [2025-04-21T01:17:07.384+0000] {dagbag.py:588} INFO - Filling up the DagBag from /opt/airflow/dags/my_dag.py
[2025-04-21T01:17:07.414+0000] {processor.py:925} INFO - DAG(s) 'TFL_DATA_DAG' retrieved from /opt/airflow/dags/my_dag.py
[2025-04-21T01:17:07.442+0000] {logging_mixin.py:190} INFO - [2025-04-21T01:17:07.442+0000] {dag.py:3239} INFO - Sync 1 DAGs
[2025-04-21T01:17:07.476+0000] {logging_mixin.py:190} INFO - [2025-04-21T01:17:07.476+0000] {dag.py:4180} INFO - Setting next_dagrun for TFL_DATA_DAG to 2025-04-21 00:00:00+00:00, run_after=2025-04-22 00:00:00+00:00
[2025-04-21T01:17:07.505+0000] {processor.py:208} INFO - Processing /opt/airflow/dags/my_dag.py took 0.134 seconds
[2025-04-21T01:17:37.845+0000] {processor.py:186} INFO - Started process (PID=790) to work on /opt/airflow/dags/my_dag.py
[2025-04-21T01:17:37.847+0000] {processor.py:914} INFO - Processing file /opt/airflow/dags/my_dag.py for tasks to queue
[2025-04-21T01:17:37.851+0000] {logging_mixin.py:190} INFO - [2025-04-21T01:17:37.851+0000] {dagbag.py:588} INFO - Filling up the DagBag from /opt/airflow/dags/my_dag.py
[2025-04-21T01:17:37.881+0000] {processor.py:925} INFO - DAG(s) 'TFL_DATA_DAG' retrieved from /opt/airflow/dags/my_dag.py
[2025-04-21T01:17:37.913+0000] {logging_mixin.py:190} INFO - [2025-04-21T01:17:37.912+0000] {dag.py:3239} INFO - Sync 1 DAGs
[2025-04-21T01:17:38.126+0000] {logging_mixin.py:190} INFO - [2025-04-21T01:17:38.125+0000] {dag.py:4180} INFO - Setting next_dagrun for TFL_DATA_DAG to 2025-04-21 00:00:00+00:00, run_after=2025-04-22 00:00:00+00:00
[2025-04-21T01:17:38.149+0000] {processor.py:208} INFO - Processing /opt/airflow/dags/my_dag.py took 0.312 seconds
[2025-04-21T01:18:08.517+0000] {processor.py:186} INFO - Started process (PID=806) to work on /opt/airflow/dags/my_dag.py
[2025-04-21T01:18:08.521+0000] {processor.py:914} INFO - Processing file /opt/airflow/dags/my_dag.py for tasks to queue
[2025-04-21T01:18:08.526+0000] {logging_mixin.py:190} INFO - [2025-04-21T01:18:08.526+0000] {dagbag.py:588} INFO - Filling up the DagBag from /opt/airflow/dags/my_dag.py
[2025-04-21T01:18:08.558+0000] {processor.py:925} INFO - DAG(s) 'TFL_DATA_DAG' retrieved from /opt/airflow/dags/my_dag.py
[2025-04-21T01:18:08.587+0000] {logging_mixin.py:190} INFO - [2025-04-21T01:18:08.587+0000] {dag.py:3239} INFO - Sync 1 DAGs
[2025-04-21T01:18:08.622+0000] {logging_mixin.py:190} INFO - [2025-04-21T01:18:08.622+0000] {dag.py:4180} INFO - Setting next_dagrun for TFL_DATA_DAG to 2025-04-21 00:00:00+00:00, run_after=2025-04-22 00:00:00+00:00
[2025-04-21T01:18:08.657+0000] {processor.py:208} INFO - Processing /opt/airflow/dags/my_dag.py took 0.148 seconds
[2025-04-21T01:18:39.027+0000] {processor.py:186} INFO - Started process (PID=825) to work on /opt/airflow/dags/my_dag.py
[2025-04-21T01:18:39.029+0000] {processor.py:914} INFO - Processing file /opt/airflow/dags/my_dag.py for tasks to queue
[2025-04-21T01:18:39.033+0000] {logging_mixin.py:190} INFO - [2025-04-21T01:18:39.033+0000] {dagbag.py:588} INFO - Filling up the DagBag from /opt/airflow/dags/my_dag.py
[2025-04-21T01:18:39.063+0000] {processor.py:925} INFO - DAG(s) 'TFL_DATA_DAG' retrieved from /opt/airflow/dags/my_dag.py
[2025-04-21T01:18:39.098+0000] {logging_mixin.py:190} INFO - [2025-04-21T01:18:39.098+0000] {dag.py:3239} INFO - Sync 1 DAGs
[2025-04-21T01:18:39.131+0000] {logging_mixin.py:190} INFO - [2025-04-21T01:18:39.130+0000] {dag.py:4180} INFO - Setting next_dagrun for TFL_DATA_DAG to 2025-04-21 00:00:00+00:00, run_after=2025-04-22 00:00:00+00:00
[2025-04-21T01:18:39.163+0000] {processor.py:208} INFO - Processing /opt/airflow/dags/my_dag.py took 0.145 seconds
[2025-04-21T01:19:09.505+0000] {processor.py:186} INFO - Started process (PID=841) to work on /opt/airflow/dags/my_dag.py
[2025-04-21T01:19:09.508+0000] {processor.py:914} INFO - Processing file /opt/airflow/dags/my_dag.py for tasks to queue
[2025-04-21T01:19:09.513+0000] {logging_mixin.py:190} INFO - [2025-04-21T01:19:09.512+0000] {dagbag.py:588} INFO - Filling up the DagBag from /opt/airflow/dags/my_dag.py
[2025-04-21T01:19:09.548+0000] {processor.py:925} INFO - DAG(s) 'TFL_DATA_DAG' retrieved from /opt/airflow/dags/my_dag.py
[2025-04-21T01:19:09.585+0000] {logging_mixin.py:190} INFO - [2025-04-21T01:19:09.585+0000] {dag.py:3239} INFO - Sync 1 DAGs
[2025-04-21T01:19:09.621+0000] {logging_mixin.py:190} INFO - [2025-04-21T01:19:09.621+0000] {dag.py:4180} INFO - Setting next_dagrun for TFL_DATA_DAG to 2025-04-21 00:00:00+00:00, run_after=2025-04-22 00:00:00+00:00
[2025-04-21T01:19:09.656+0000] {processor.py:208} INFO - Processing /opt/airflow/dags/my_dag.py took 0.159 seconds
[2025-04-21T01:19:40.022+0000] {processor.py:186} INFO - Started process (PID=860) to work on /opt/airflow/dags/my_dag.py
[2025-04-21T01:19:40.025+0000] {processor.py:914} INFO - Processing file /opt/airflow/dags/my_dag.py for tasks to queue
[2025-04-21T01:19:40.032+0000] {logging_mixin.py:190} INFO - [2025-04-21T01:19:40.032+0000] {dagbag.py:588} INFO - Filling up the DagBag from /opt/airflow/dags/my_dag.py
[2025-04-21T01:19:40.069+0000] {processor.py:925} INFO - DAG(s) 'TFL_DATA_DAG' retrieved from /opt/airflow/dags/my_dag.py
[2025-04-21T01:19:40.111+0000] {logging_mixin.py:190} INFO - [2025-04-21T01:19:40.111+0000] {dag.py:3239} INFO - Sync 1 DAGs
[2025-04-21T01:19:40.359+0000] {logging_mixin.py:190} INFO - [2025-04-21T01:19:40.358+0000] {dag.py:4180} INFO - Setting next_dagrun for TFL_DATA_DAG to 2025-04-21 00:00:00+00:00, run_after=2025-04-22 00:00:00+00:00
[2025-04-21T01:19:40.388+0000] {processor.py:208} INFO - Processing /opt/airflow/dags/my_dag.py took 0.374 seconds
[2025-04-21T01:20:10.732+0000] {processor.py:186} INFO - Started process (PID=875) to work on /opt/airflow/dags/my_dag.py
[2025-04-21T01:20:10.734+0000] {processor.py:914} INFO - Processing file /opt/airflow/dags/my_dag.py for tasks to queue
[2025-04-21T01:20:10.739+0000] {logging_mixin.py:190} INFO - [2025-04-21T01:20:10.739+0000] {dagbag.py:588} INFO - Filling up the DagBag from /opt/airflow/dags/my_dag.py
[2025-04-21T01:20:10.774+0000] {processor.py:925} INFO - DAG(s) 'TFL_DATA_DAG' retrieved from /opt/airflow/dags/my_dag.py
[2025-04-21T01:20:10.807+0000] {logging_mixin.py:190} INFO - [2025-04-21T01:20:10.806+0000] {dag.py:3239} INFO - Sync 1 DAGs
[2025-04-21T01:20:10.845+0000] {logging_mixin.py:190} INFO - [2025-04-21T01:20:10.845+0000] {dag.py:4180} INFO - Setting next_dagrun for TFL_DATA_DAG to 2025-04-21 00:00:00+00:00, run_after=2025-04-22 00:00:00+00:00
[2025-04-21T01:20:10.880+0000] {processor.py:208} INFO - Processing /opt/airflow/dags/my_dag.py took 0.156 seconds
[2025-04-21T01:20:40.231+0000] {processor.py:186} INFO - Started process (PID=894) to work on /opt/airflow/dags/my_dag.py
[2025-04-21T01:20:40.233+0000] {processor.py:914} INFO - Processing file /opt/airflow/dags/my_dag.py for tasks to queue
[2025-04-21T01:20:40.237+0000] {logging_mixin.py:190} INFO - [2025-04-21T01:20:40.237+0000] {dagbag.py:588} INFO - Filling up the DagBag from /opt/airflow/dags/my_dag.py
[2025-04-21T01:20:40.290+0000] {processor.py:925} INFO - DAG(s) 'TFL_DATA_DAG' retrieved from /opt/airflow/dags/my_dag.py
[2025-04-21T01:20:40.321+0000] {logging_mixin.py:190} INFO - [2025-04-21T01:20:40.321+0000] {dag.py:3239} INFO - Sync 1 DAGs
[2025-04-21T01:20:40.355+0000] {logging_mixin.py:190} INFO - [2025-04-21T01:20:40.354+0000] {dag.py:4180} INFO - Setting next_dagrun for TFL_DATA_DAG to 2025-04-21 00:00:00+00:00, run_after=2025-04-22 00:00:00+00:00
[2025-04-21T01:20:40.389+0000] {processor.py:208} INFO - Processing /opt/airflow/dags/my_dag.py took 0.166 seconds
[2025-04-21T01:21:10.735+0000] {processor.py:186} INFO - Started process (PID=913) to work on /opt/airflow/dags/my_dag.py
[2025-04-21T01:21:10.737+0000] {processor.py:914} INFO - Processing file /opt/airflow/dags/my_dag.py for tasks to queue
[2025-04-21T01:21:10.741+0000] {logging_mixin.py:190} INFO - [2025-04-21T01:21:10.740+0000] {dagbag.py:588} INFO - Filling up the DagBag from /opt/airflow/dags/my_dag.py
[2025-04-21T01:21:10.772+0000] {processor.py:925} INFO - DAG(s) 'TFL_DATA_DAG' retrieved from /opt/airflow/dags/my_dag.py
[2025-04-21T01:21:10.803+0000] {logging_mixin.py:190} INFO - [2025-04-21T01:21:10.803+0000] {dag.py:3239} INFO - Sync 1 DAGs
[2025-04-21T01:21:10.835+0000] {logging_mixin.py:190} INFO - [2025-04-21T01:21:10.834+0000] {dag.py:4180} INFO - Setting next_dagrun for TFL_DATA_DAG to 2025-04-21 00:00:00+00:00, run_after=2025-04-22 00:00:00+00:00
[2025-04-21T01:21:10.863+0000] {processor.py:208} INFO - Processing /opt/airflow/dags/my_dag.py took 0.136 seconds
[2025-04-21T01:21:41.234+0000] {processor.py:186} INFO - Started process (PID=929) to work on /opt/airflow/dags/my_dag.py
[2025-04-21T01:21:41.236+0000] {processor.py:914} INFO - Processing file /opt/airflow/dags/my_dag.py for tasks to queue
[2025-04-21T01:21:41.241+0000] {logging_mixin.py:190} INFO - [2025-04-21T01:21:41.240+0000] {dagbag.py:588} INFO - Filling up the DagBag from /opt/airflow/dags/my_dag.py
[2025-04-21T01:21:41.270+0000] {processor.py:925} INFO - DAG(s) 'TFL_DATA_DAG' retrieved from /opt/airflow/dags/my_dag.py
[2025-04-21T01:21:41.301+0000] {logging_mixin.py:190} INFO - [2025-04-21T01:21:41.300+0000] {dag.py:3239} INFO - Sync 1 DAGs
[2025-04-21T01:21:41.505+0000] {logging_mixin.py:190} INFO - [2025-04-21T01:21:41.504+0000] {dag.py:4180} INFO - Setting next_dagrun for TFL_DATA_DAG to 2025-04-21 00:00:00+00:00, run_after=2025-04-22 00:00:00+00:00
[2025-04-21T01:21:41.535+0000] {processor.py:208} INFO - Processing /opt/airflow/dags/my_dag.py took 0.310 seconds
[2025-04-21T01:22:11.970+0000] {processor.py:186} INFO - Started process (PID=948) to work on /opt/airflow/dags/my_dag.py
[2025-04-21T01:22:11.973+0000] {processor.py:914} INFO - Processing file /opt/airflow/dags/my_dag.py for tasks to queue
[2025-04-21T01:22:11.978+0000] {logging_mixin.py:190} INFO - [2025-04-21T01:22:11.977+0000] {dagbag.py:588} INFO - Filling up the DagBag from /opt/airflow/dags/my_dag.py
[2025-04-21T01:22:12.012+0000] {processor.py:925} INFO - DAG(s) 'TFL_DATA_DAG' retrieved from /opt/airflow/dags/my_dag.py
[2025-04-21T01:22:12.045+0000] {logging_mixin.py:190} INFO - [2025-04-21T01:22:12.045+0000] {dag.py:3239} INFO - Sync 1 DAGs
[2025-04-21T01:22:12.297+0000] {logging_mixin.py:190} INFO - [2025-04-21T01:22:12.296+0000] {dag.py:4180} INFO - Setting next_dagrun for TFL_DATA_DAG to 2025-04-21 00:00:00+00:00, run_after=2025-04-22 00:00:00+00:00
[2025-04-21T01:22:12.327+0000] {processor.py:208} INFO - Processing /opt/airflow/dags/my_dag.py took 0.366 seconds
[2025-04-21T01:22:42.728+0000] {processor.py:186} INFO - Started process (PID=963) to work on /opt/airflow/dags/my_dag.py
[2025-04-21T01:22:42.731+0000] {processor.py:914} INFO - Processing file /opt/airflow/dags/my_dag.py for tasks to queue
[2025-04-21T01:22:42.737+0000] {logging_mixin.py:190} INFO - [2025-04-21T01:22:42.736+0000] {dagbag.py:588} INFO - Filling up the DagBag from /opt/airflow/dags/my_dag.py
[2025-04-21T01:22:42.777+0000] {processor.py:925} INFO - DAG(s) 'TFL_DATA_DAG' retrieved from /opt/airflow/dags/my_dag.py
[2025-04-21T01:22:42.819+0000] {logging_mixin.py:190} INFO - [2025-04-21T01:22:42.819+0000] {dag.py:3239} INFO - Sync 1 DAGs
[2025-04-21T01:22:42.865+0000] {logging_mixin.py:190} INFO - [2025-04-21T01:22:42.865+0000] {dag.py:4180} INFO - Setting next_dagrun for TFL_DATA_DAG to 2025-04-21 00:00:00+00:00, run_after=2025-04-22 00:00:00+00:00
[2025-04-21T01:22:42.905+0000] {processor.py:208} INFO - Processing /opt/airflow/dags/my_dag.py took 0.184 seconds
[2025-04-21T01:23:13.280+0000] {processor.py:186} INFO - Started process (PID=982) to work on /opt/airflow/dags/my_dag.py
[2025-04-21T01:23:13.283+0000] {processor.py:914} INFO - Processing file /opt/airflow/dags/my_dag.py for tasks to queue
[2025-04-21T01:23:13.287+0000] {logging_mixin.py:190} INFO - [2025-04-21T01:23:13.287+0000] {dagbag.py:588} INFO - Filling up the DagBag from /opt/airflow/dags/my_dag.py
[2025-04-21T01:23:13.322+0000] {processor.py:925} INFO - DAG(s) 'TFL_DATA_DAG' retrieved from /opt/airflow/dags/my_dag.py
[2025-04-21T01:23:13.359+0000] {logging_mixin.py:190} INFO - [2025-04-21T01:23:13.358+0000] {dag.py:3239} INFO - Sync 1 DAGs
[2025-04-21T01:23:13.393+0000] {logging_mixin.py:190} INFO - [2025-04-21T01:23:13.392+0000] {dag.py:4180} INFO - Setting next_dagrun for TFL_DATA_DAG to 2025-04-21 00:00:00+00:00, run_after=2025-04-22 00:00:00+00:00
[2025-04-21T01:23:13.422+0000] {processor.py:208} INFO - Processing /opt/airflow/dags/my_dag.py took 0.151 seconds
[2025-04-21T01:23:40.746+0000] {processor.py:186} INFO - Started process (PID=998) to work on /opt/airflow/dags/my_dag.py
[2025-04-21T01:23:40.749+0000] {processor.py:914} INFO - Processing file /opt/airflow/dags/my_dag.py for tasks to queue
[2025-04-21T01:23:40.754+0000] {logging_mixin.py:190} INFO - [2025-04-21T01:23:40.753+0000] {dagbag.py:588} INFO - Filling up the DagBag from /opt/airflow/dags/my_dag.py
[2025-04-21T01:23:40.814+0000] {processor.py:925} INFO - DAG(s) 'TFL_DATA_DAG' retrieved from /opt/airflow/dags/my_dag.py
[2025-04-21T01:23:40.846+0000] {logging_mixin.py:190} INFO - [2025-04-21T01:23:40.846+0000] {dag.py:3239} INFO - Sync 1 DAGs
[2025-04-21T01:23:40.878+0000] {logging_mixin.py:190} INFO - [2025-04-21T01:23:40.877+0000] {dag.py:4180} INFO - Setting next_dagrun for TFL_DATA_DAG to 2025-04-21 00:00:00+00:00, run_after=2025-04-22 00:00:00+00:00
[2025-04-21T01:23:41.180+0000] {processor.py:208} INFO - Processing /opt/airflow/dags/my_dag.py took 0.444 seconds
[2025-04-21T01:24:11.552+0000] {processor.py:186} INFO - Started process (PID=1017) to work on /opt/airflow/dags/my_dag.py
[2025-04-21T01:24:11.556+0000] {processor.py:914} INFO - Processing file /opt/airflow/dags/my_dag.py for tasks to queue
[2025-04-21T01:24:11.561+0000] {logging_mixin.py:190} INFO - [2025-04-21T01:24:11.560+0000] {dagbag.py:588} INFO - Filling up the DagBag from /opt/airflow/dags/my_dag.py
[2025-04-21T01:24:11.607+0000] {processor.py:925} INFO - DAG(s) 'TFL_DATA_DAG' retrieved from /opt/airflow/dags/my_dag.py
[2025-04-21T01:24:11.649+0000] {logging_mixin.py:190} INFO - [2025-04-21T01:24:11.649+0000] {dag.py:3239} INFO - Sync 1 DAGs
[2025-04-21T01:24:11.997+0000] {logging_mixin.py:190} INFO - [2025-04-21T01:24:11.997+0000] {dag.py:4180} INFO - Setting next_dagrun for TFL_DATA_DAG to 2025-04-21 00:00:00+00:00, run_after=2025-04-22 00:00:00+00:00
[2025-04-21T01:24:12.029+0000] {processor.py:208} INFO - Processing /opt/airflow/dags/my_dag.py took 0.485 seconds
[2025-04-21T01:24:42.897+0000] {processor.py:186} INFO - Started process (PID=1036) to work on /opt/airflow/dags/my_dag.py
[2025-04-21T01:24:42.901+0000] {processor.py:914} INFO - Processing file /opt/airflow/dags/my_dag.py for tasks to queue
[2025-04-21T01:24:42.906+0000] {logging_mixin.py:190} INFO - [2025-04-21T01:24:42.906+0000] {dagbag.py:588} INFO - Filling up the DagBag from /opt/airflow/dags/my_dag.py
[2025-04-21T01:24:43.127+0000] {processor.py:925} INFO - DAG(s) 'TFL_DATA_DAG' retrieved from /opt/airflow/dags/my_dag.py
[2025-04-21T01:24:43.165+0000] {logging_mixin.py:190} INFO - [2025-04-21T01:24:43.165+0000] {dag.py:3239} INFO - Sync 1 DAGs
[2025-04-21T01:24:43.206+0000] {logging_mixin.py:190} INFO - [2025-04-21T01:24:43.206+0000] {dag.py:4180} INFO - Setting next_dagrun for TFL_DATA_DAG to 2025-04-21 00:00:00+00:00, run_after=2025-04-22 00:00:00+00:00
[2025-04-21T01:24:43.238+0000] {processor.py:208} INFO - Processing /opt/airflow/dags/my_dag.py took 0.350 seconds
[2025-04-21T01:25:13.614+0000] {processor.py:186} INFO - Started process (PID=1052) to work on /opt/airflow/dags/my_dag.py
[2025-04-21T01:25:13.616+0000] {processor.py:914} INFO - Processing file /opt/airflow/dags/my_dag.py for tasks to queue
[2025-04-21T01:25:13.621+0000] {logging_mixin.py:190} INFO - [2025-04-21T01:25:13.620+0000] {dagbag.py:588} INFO - Filling up the DagBag from /opt/airflow/dags/my_dag.py
[2025-04-21T01:25:13.654+0000] {processor.py:925} INFO - DAG(s) 'TFL_DATA_DAG' retrieved from /opt/airflow/dags/my_dag.py
[2025-04-21T01:25:13.688+0000] {logging_mixin.py:190} INFO - [2025-04-21T01:25:13.687+0000] {dag.py:3239} INFO - Sync 1 DAGs
[2025-04-21T01:25:13.720+0000] {logging_mixin.py:190} INFO - [2025-04-21T01:25:13.720+0000] {dag.py:4180} INFO - Setting next_dagrun for TFL_DATA_DAG to 2025-04-21 00:00:00+00:00, run_after=2025-04-22 00:00:00+00:00
[2025-04-21T01:25:13.755+0000] {processor.py:208} INFO - Processing /opt/airflow/dags/my_dag.py took 0.150 seconds
[2025-04-21T01:25:44.102+0000] {processor.py:186} INFO - Started process (PID=1077) to work on /opt/airflow/dags/my_dag.py
[2025-04-21T01:25:44.104+0000] {processor.py:914} INFO - Processing file /opt/airflow/dags/my_dag.py for tasks to queue
[2025-04-21T01:25:44.108+0000] {logging_mixin.py:190} INFO - [2025-04-21T01:25:44.108+0000] {dagbag.py:588} INFO - Filling up the DagBag from /opt/airflow/dags/my_dag.py
[2025-04-21T01:25:44.133+0000] {processor.py:925} INFO - DAG(s) 'TFL_DATA_DAG' retrieved from /opt/airflow/dags/my_dag.py
[2025-04-21T01:25:44.159+0000] {logging_mixin.py:190} INFO - [2025-04-21T01:25:44.159+0000] {dag.py:3239} INFO - Sync 1 DAGs
[2025-04-21T01:25:44.188+0000] {logging_mixin.py:190} INFO - [2025-04-21T01:25:44.188+0000] {dag.py:4180} INFO - Setting next_dagrun for TFL_DATA_DAG to 2025-04-21 00:00:00+00:00, run_after=2025-04-22 00:00:00+00:00
[2025-04-21T01:25:44.216+0000] {processor.py:208} INFO - Processing /opt/airflow/dags/my_dag.py took 0.122 seconds
[2025-04-21T01:26:14.586+0000] {processor.py:186} INFO - Started process (PID=1093) to work on /opt/airflow/dags/my_dag.py
[2025-04-21T01:26:14.590+0000] {processor.py:914} INFO - Processing file /opt/airflow/dags/my_dag.py for tasks to queue
[2025-04-21T01:26:14.595+0000] {logging_mixin.py:190} INFO - [2025-04-21T01:26:14.594+0000] {dagbag.py:588} INFO - Filling up the DagBag from /opt/airflow/dags/my_dag.py
[2025-04-21T01:26:14.629+0000] {processor.py:925} INFO - DAG(s) 'TFL_DATA_DAG' retrieved from /opt/airflow/dags/my_dag.py
[2025-04-21T01:26:14.669+0000] {logging_mixin.py:190} INFO - [2025-04-21T01:26:14.669+0000] {dag.py:3239} INFO - Sync 1 DAGs
[2025-04-21T01:26:14.711+0000] {logging_mixin.py:190} INFO - [2025-04-21T01:26:14.711+0000] {dag.py:4180} INFO - Setting next_dagrun for TFL_DATA_DAG to 2025-04-21 00:00:00+00:00, run_after=2025-04-22 00:00:00+00:00
[2025-04-21T01:26:14.741+0000] {processor.py:208} INFO - Processing /opt/airflow/dags/my_dag.py took 0.163 seconds
[2025-04-21T01:26:43.050+0000] {processor.py:186} INFO - Started process (PID=1106) to work on /opt/airflow/dags/my_dag.py
[2025-04-21T01:26:43.052+0000] {processor.py:914} INFO - Processing file /opt/airflow/dags/my_dag.py for tasks to queue
[2025-04-21T01:26:43.057+0000] {logging_mixin.py:190} INFO - [2025-04-21T01:26:43.057+0000] {dagbag.py:588} INFO - Filling up the DagBag from /opt/airflow/dags/my_dag.py
[2025-04-21T01:26:43.114+0000] {processor.py:925} INFO - DAG(s) 'TFL_DATA_DAG' retrieved from /opt/airflow/dags/my_dag.py
[2025-04-21T01:26:43.145+0000] {logging_mixin.py:190} INFO - [2025-04-21T01:26:43.144+0000] {dag.py:3239} INFO - Sync 1 DAGs
[2025-04-21T01:26:43.177+0000] {logging_mixin.py:190} INFO - [2025-04-21T01:26:43.177+0000] {dag.py:4180} INFO - Setting next_dagrun for TFL_DATA_DAG to 2025-04-21 00:00:00+00:00, run_after=2025-04-22 00:00:00+00:00
[2025-04-21T01:26:43.211+0000] {processor.py:208} INFO - Processing /opt/airflow/dags/my_dag.py took 0.168 seconds
[2025-04-21T01:26:44.112+0000] {processor.py:186} INFO - Started process (PID=1117) to work on /opt/airflow/dags/my_dag.py
[2025-04-21T01:26:44.115+0000] {processor.py:914} INFO - Processing file /opt/airflow/dags/my_dag.py for tasks to queue
[2025-04-21T01:26:44.120+0000] {logging_mixin.py:190} INFO - [2025-04-21T01:26:44.119+0000] {dagbag.py:588} INFO - Filling up the DagBag from /opt/airflow/dags/my_dag.py
[2025-04-21T01:26:44.188+0000] {processor.py:925} INFO - DAG(s) 'TFL_DATA_DAG' retrieved from /opt/airflow/dags/my_dag.py
[2025-04-21T01:26:44.222+0000] {logging_mixin.py:190} INFO - [2025-04-21T01:26:44.222+0000] {dag.py:3239} INFO - Sync 1 DAGs
[2025-04-21T01:26:44.252+0000] {logging_mixin.py:190} INFO - [2025-04-21T01:26:44.252+0000] {dag.py:4180} INFO - Setting next_dagrun for TFL_DATA_DAG to 2025-04-21 00:00:00+00:00, run_after=2025-04-22 00:00:00+00:00
[2025-04-21T01:26:44.291+0000] {processor.py:208} INFO - Processing /opt/airflow/dags/my_dag.py took 0.187 seconds
[2025-04-21T01:27:14.744+0000] {processor.py:186} INFO - Started process (PID=1136) to work on /opt/airflow/dags/my_dag.py
[2025-04-21T01:27:14.748+0000] {processor.py:914} INFO - Processing file /opt/airflow/dags/my_dag.py for tasks to queue
[2025-04-21T01:27:14.754+0000] {logging_mixin.py:190} INFO - [2025-04-21T01:27:14.753+0000] {dagbag.py:588} INFO - Filling up the DagBag from /opt/airflow/dags/my_dag.py
[2025-04-21T01:27:14.790+0000] {processor.py:925} INFO - DAG(s) 'TFL_DATA_DAG' retrieved from /opt/airflow/dags/my_dag.py
[2025-04-21T01:27:14.826+0000] {logging_mixin.py:190} INFO - [2025-04-21T01:27:14.826+0000] {dag.py:3239} INFO - Sync 1 DAGs
[2025-04-21T01:27:14.862+0000] {logging_mixin.py:190} INFO - [2025-04-21T01:27:14.862+0000] {dag.py:4180} INFO - Setting next_dagrun for TFL_DATA_DAG to 2025-04-21 00:00:00+00:00, run_after=2025-04-22 00:00:00+00:00
[2025-04-21T01:27:14.894+0000] {processor.py:208} INFO - Processing /opt/airflow/dags/my_dag.py took 0.163 seconds
[2025-04-21T01:27:45.234+0000] {processor.py:186} INFO - Started process (PID=1155) to work on /opt/airflow/dags/my_dag.py
[2025-04-21T01:27:45.236+0000] {processor.py:914} INFO - Processing file /opt/airflow/dags/my_dag.py for tasks to queue
[2025-04-21T01:27:45.241+0000] {logging_mixin.py:190} INFO - [2025-04-21T01:27:45.240+0000] {dagbag.py:588} INFO - Filling up the DagBag from /opt/airflow/dags/my_dag.py
[2025-04-21T01:27:45.273+0000] {processor.py:925} INFO - DAG(s) 'TFL_DATA_DAG' retrieved from /opt/airflow/dags/my_dag.py
[2025-04-21T01:27:45.307+0000] {logging_mixin.py:190} INFO - [2025-04-21T01:27:45.307+0000] {dag.py:3239} INFO - Sync 1 DAGs
[2025-04-21T01:27:45.341+0000] {logging_mixin.py:190} INFO - [2025-04-21T01:27:45.341+0000] {dag.py:4180} INFO - Setting next_dagrun for TFL_DATA_DAG to 2025-04-21 00:00:00+00:00, run_after=2025-04-22 00:00:00+00:00
[2025-04-21T01:27:45.370+0000] {processor.py:208} INFO - Processing /opt/airflow/dags/my_dag.py took 0.143 seconds
[2025-04-21T01:28:15.712+0000] {processor.py:186} INFO - Started process (PID=1171) to work on /opt/airflow/dags/my_dag.py
[2025-04-21T01:28:15.714+0000] {processor.py:914} INFO - Processing file /opt/airflow/dags/my_dag.py for tasks to queue
[2025-04-21T01:28:15.717+0000] {logging_mixin.py:190} INFO - [2025-04-21T01:28:15.717+0000] {dagbag.py:588} INFO - Filling up the DagBag from /opt/airflow/dags/my_dag.py
[2025-04-21T01:28:15.746+0000] {processor.py:925} INFO - DAG(s) 'TFL_DATA_DAG' retrieved from /opt/airflow/dags/my_dag.py
[2025-04-21T01:28:15.776+0000] {logging_mixin.py:190} INFO - [2025-04-21T01:28:15.776+0000] {dag.py:3239} INFO - Sync 1 DAGs
[2025-04-21T01:28:15.816+0000] {logging_mixin.py:190} INFO - [2025-04-21T01:28:15.816+0000] {dag.py:4180} INFO - Setting next_dagrun for TFL_DATA_DAG to 2025-04-21 00:00:00+00:00, run_after=2025-04-22 00:00:00+00:00
[2025-04-21T01:28:15.848+0000] {processor.py:208} INFO - Processing /opt/airflow/dags/my_dag.py took 0.143 seconds
[2025-04-21T01:28:46.210+0000] {processor.py:186} INFO - Started process (PID=1190) to work on /opt/airflow/dags/my_dag.py
[2025-04-21T01:28:46.213+0000] {processor.py:914} INFO - Processing file /opt/airflow/dags/my_dag.py for tasks to queue
[2025-04-21T01:28:46.218+0000] {logging_mixin.py:190} INFO - [2025-04-21T01:28:46.218+0000] {dagbag.py:588} INFO - Filling up the DagBag from /opt/airflow/dags/my_dag.py
[2025-04-21T01:28:46.258+0000] {processor.py:925} INFO - DAG(s) 'TFL_DATA_DAG' retrieved from /opt/airflow/dags/my_dag.py
[2025-04-21T01:28:46.291+0000] {logging_mixin.py:190} INFO - [2025-04-21T01:28:46.291+0000] {dag.py:3239} INFO - Sync 1 DAGs
[2025-04-21T01:28:46.325+0000] {logging_mixin.py:190} INFO - [2025-04-21T01:28:46.325+0000] {dag.py:4180} INFO - Setting next_dagrun for TFL_DATA_DAG to 2025-04-21 00:00:00+00:00, run_after=2025-04-22 00:00:00+00:00
[2025-04-21T01:28:46.352+0000] {processor.py:208} INFO - Processing /opt/airflow/dags/my_dag.py took 0.153 seconds
[2025-04-21T01:29:16.706+0000] {processor.py:186} INFO - Started process (PID=1206) to work on /opt/airflow/dags/my_dag.py
[2025-04-21T01:29:16.709+0000] {processor.py:914} INFO - Processing file /opt/airflow/dags/my_dag.py for tasks to queue
[2025-04-21T01:29:16.715+0000] {logging_mixin.py:190} INFO - [2025-04-21T01:29:16.714+0000] {dagbag.py:588} INFO - Filling up the DagBag from /opt/airflow/dags/my_dag.py
[2025-04-21T01:29:16.748+0000] {processor.py:925} INFO - DAG(s) 'TFL_DATA_DAG' retrieved from /opt/airflow/dags/my_dag.py
[2025-04-21T01:29:16.782+0000] {logging_mixin.py:190} INFO - [2025-04-21T01:29:16.782+0000] {dag.py:3239} INFO - Sync 1 DAGs
[2025-04-21T01:29:16.817+0000] {logging_mixin.py:190} INFO - [2025-04-21T01:29:16.817+0000] {dag.py:4180} INFO - Setting next_dagrun for TFL_DATA_DAG to 2025-04-21 00:00:00+00:00, run_after=2025-04-22 00:00:00+00:00
[2025-04-21T01:29:16.851+0000] {processor.py:208} INFO - Processing /opt/airflow/dags/my_dag.py took 0.157 seconds
[2025-04-21T01:29:47.200+0000] {processor.py:186} INFO - Started process (PID=1225) to work on /opt/airflow/dags/my_dag.py
[2025-04-21T01:29:47.202+0000] {processor.py:914} INFO - Processing file /opt/airflow/dags/my_dag.py for tasks to queue
[2025-04-21T01:29:47.207+0000] {logging_mixin.py:190} INFO - [2025-04-21T01:29:47.206+0000] {dagbag.py:588} INFO - Filling up the DagBag from /opt/airflow/dags/my_dag.py
[2025-04-21T01:29:47.240+0000] {processor.py:925} INFO - DAG(s) 'TFL_DATA_DAG' retrieved from /opt/airflow/dags/my_dag.py
[2025-04-21T01:29:47.269+0000] {logging_mixin.py:190} INFO - [2025-04-21T01:29:47.269+0000] {dag.py:3239} INFO - Sync 1 DAGs
[2025-04-21T01:29:47.303+0000] {logging_mixin.py:190} INFO - [2025-04-21T01:29:47.303+0000] {dag.py:4180} INFO - Setting next_dagrun for TFL_DATA_DAG to 2025-04-21 00:00:00+00:00, run_after=2025-04-22 00:00:00+00:00
[2025-04-21T01:29:47.332+0000] {processor.py:208} INFO - Processing /opt/airflow/dags/my_dag.py took 0.143 seconds
[2025-04-21T01:30:17.675+0000] {processor.py:186} INFO - Started process (PID=1241) to work on /opt/airflow/dags/my_dag.py
[2025-04-21T01:30:17.678+0000] {processor.py:914} INFO - Processing file /opt/airflow/dags/my_dag.py for tasks to queue
[2025-04-21T01:30:17.686+0000] {logging_mixin.py:190} INFO - [2025-04-21T01:30:17.684+0000] {dagbag.py:588} INFO - Filling up the DagBag from /opt/airflow/dags/my_dag.py
[2025-04-21T01:30:17.717+0000] {processor.py:925} INFO - DAG(s) 'TFL_DATA_DAG' retrieved from /opt/airflow/dags/my_dag.py
[2025-04-21T01:30:17.748+0000] {logging_mixin.py:190} INFO - [2025-04-21T01:30:17.747+0000] {dag.py:3239} INFO - Sync 1 DAGs
[2025-04-21T01:30:17.784+0000] {logging_mixin.py:190} INFO - [2025-04-21T01:30:17.783+0000] {dag.py:4180} INFO - Setting next_dagrun for TFL_DATA_DAG to 2025-04-21 00:00:00+00:00, run_after=2025-04-22 00:00:00+00:00
[2025-04-21T01:30:17.814+0000] {processor.py:208} INFO - Processing /opt/airflow/dags/my_dag.py took 0.147 seconds
[2025-04-21T01:30:37.972+0000] {processor.py:186} INFO - Started process (PID=1246) to work on /opt/airflow/dags/my_dag.py
[2025-04-21T01:30:37.976+0000] {processor.py:914} INFO - Processing file /opt/airflow/dags/my_dag.py for tasks to queue
[2025-04-21T01:30:37.982+0000] {logging_mixin.py:190} INFO - [2025-04-21T01:30:37.982+0000] {dagbag.py:588} INFO - Filling up the DagBag from /opt/airflow/dags/my_dag.py
[2025-04-21T01:30:38.061+0000] {processor.py:925} INFO - DAG(s) 'TFL_DATA_DAG' retrieved from /opt/airflow/dags/my_dag.py
[2025-04-21T01:30:38.102+0000] {logging_mixin.py:190} INFO - [2025-04-21T01:30:38.102+0000] {dag.py:3239} INFO - Sync 1 DAGs
[2025-04-21T01:30:38.146+0000] {logging_mixin.py:190} INFO - [2025-04-21T01:30:38.146+0000] {dag.py:4180} INFO - Setting next_dagrun for TFL_DATA_DAG to 2025-04-21 00:00:00+00:00, run_after=2025-04-22 00:00:00+00:00
[2025-04-21T01:30:38.198+0000] {processor.py:208} INFO - Processing /opt/airflow/dags/my_dag.py took 0.238 seconds
[2025-04-21T01:31:08.356+0000] {processor.py:186} INFO - Started process (PID=1292) to work on /opt/airflow/dags/my_dag.py
[2025-04-21T01:31:08.359+0000] {processor.py:914} INFO - Processing file /opt/airflow/dags/my_dag.py for tasks to queue
[2025-04-21T01:31:08.362+0000] {logging_mixin.py:190} INFO - [2025-04-21T01:31:08.362+0000] {dagbag.py:588} INFO - Filling up the DagBag from /opt/airflow/dags/my_dag.py
[2025-04-21T01:31:08.395+0000] {processor.py:925} INFO - DAG(s) 'TFL_DATA_DAG' retrieved from /opt/airflow/dags/my_dag.py
[2025-04-21T01:31:08.429+0000] {logging_mixin.py:190} INFO - [2025-04-21T01:31:08.429+0000] {dag.py:3239} INFO - Sync 1 DAGs
[2025-04-21T01:31:08.459+0000] {logging_mixin.py:190} INFO - [2025-04-21T01:31:08.459+0000] {dag.py:4180} INFO - Setting next_dagrun for TFL_DATA_DAG to 2025-04-21 00:00:00+00:00, run_after=2025-04-22 00:00:00+00:00
[2025-04-21T01:31:08.488+0000] {processor.py:208} INFO - Processing /opt/airflow/dags/my_dag.py took 0.139 seconds
[2025-04-21T01:31:38.874+0000] {processor.py:186} INFO - Started process (PID=1308) to work on /opt/airflow/dags/my_dag.py
[2025-04-21T01:31:38.877+0000] {processor.py:914} INFO - Processing file /opt/airflow/dags/my_dag.py for tasks to queue
[2025-04-21T01:31:38.883+0000] {logging_mixin.py:190} INFO - [2025-04-21T01:31:38.882+0000] {dagbag.py:588} INFO - Filling up the DagBag from /opt/airflow/dags/my_dag.py
[2025-04-21T01:31:38.925+0000] {processor.py:925} INFO - DAG(s) 'TFL_DATA_DAG' retrieved from /opt/airflow/dags/my_dag.py
[2025-04-21T01:31:38.974+0000] {logging_mixin.py:190} INFO - [2025-04-21T01:31:38.973+0000] {dag.py:3239} INFO - Sync 1 DAGs
[2025-04-21T01:31:39.019+0000] {logging_mixin.py:190} INFO - [2025-04-21T01:31:39.019+0000] {dag.py:4180} INFO - Setting next_dagrun for TFL_DATA_DAG to 2025-04-21 00:00:00+00:00, run_after=2025-04-22 00:00:00+00:00
[2025-04-21T01:31:39.061+0000] {processor.py:208} INFO - Processing /opt/airflow/dags/my_dag.py took 0.197 seconds
[2025-04-21T01:32:09.456+0000] {processor.py:186} INFO - Started process (PID=1339) to work on /opt/airflow/dags/my_dag.py
[2025-04-21T01:32:09.460+0000] {processor.py:914} INFO - Processing file /opt/airflow/dags/my_dag.py for tasks to queue
[2025-04-21T01:32:09.466+0000] {logging_mixin.py:190} INFO - [2025-04-21T01:32:09.466+0000] {dagbag.py:588} INFO - Filling up the DagBag from /opt/airflow/dags/my_dag.py
[2025-04-21T01:32:09.499+0000] {processor.py:925} INFO - DAG(s) 'TFL_DATA_DAG' retrieved from /opt/airflow/dags/my_dag.py
[2025-04-21T01:32:09.536+0000] {logging_mixin.py:190} INFO - [2025-04-21T01:32:09.536+0000] {dag.py:3239} INFO - Sync 1 DAGs
[2025-04-21T01:32:09.583+0000] {logging_mixin.py:190} INFO - [2025-04-21T01:32:09.583+0000] {dag.py:4180} INFO - Setting next_dagrun for TFL_DATA_DAG to 2025-04-21 00:00:00+00:00, run_after=2025-04-22 00:00:00+00:00
[2025-04-21T01:32:09.621+0000] {processor.py:208} INFO - Processing /opt/airflow/dags/my_dag.py took 0.175 seconds
[2025-04-21T01:32:39.752+0000] {processor.py:186} INFO - Started process (PID=1355) to work on /opt/airflow/dags/my_dag.py
[2025-04-21T01:32:39.754+0000] {processor.py:914} INFO - Processing file /opt/airflow/dags/my_dag.py for tasks to queue
[2025-04-21T01:32:39.758+0000] {logging_mixin.py:190} INFO - [2025-04-21T01:32:39.758+0000] {dagbag.py:588} INFO - Filling up the DagBag from /opt/airflow/dags/my_dag.py
[2025-04-21T01:32:39.787+0000] {processor.py:925} INFO - DAG(s) 'TFL_DATA_DAG' retrieved from /opt/airflow/dags/my_dag.py
[2025-04-21T01:32:39.819+0000] {logging_mixin.py:190} INFO - [2025-04-21T01:32:39.819+0000] {dag.py:3239} INFO - Sync 1 DAGs
[2025-04-21T01:32:39.853+0000] {logging_mixin.py:190} INFO - [2025-04-21T01:32:39.853+0000] {dag.py:4180} INFO - Setting next_dagrun for TFL_DATA_DAG to 2025-04-21 00:00:00+00:00, run_after=2025-04-22 00:00:00+00:00
[2025-04-21T01:32:39.889+0000] {processor.py:208} INFO - Processing /opt/airflow/dags/my_dag.py took 0.145 seconds
[2025-04-21T01:33:10.048+0000] {processor.py:186} INFO - Started process (PID=1386) to work on /opt/airflow/dags/my_dag.py
[2025-04-21T01:33:10.050+0000] {processor.py:914} INFO - Processing file /opt/airflow/dags/my_dag.py for tasks to queue
[2025-04-21T01:33:10.054+0000] {logging_mixin.py:190} INFO - [2025-04-21T01:33:10.053+0000] {dagbag.py:588} INFO - Filling up the DagBag from /opt/airflow/dags/my_dag.py
[2025-04-21T01:33:10.099+0000] {processor.py:925} INFO - DAG(s) 'TFL_DATA_DAG' retrieved from /opt/airflow/dags/my_dag.py
[2025-04-21T01:33:10.127+0000] {logging_mixin.py:190} INFO - [2025-04-21T01:33:10.127+0000] {dag.py:3239} INFO - Sync 1 DAGs
[2025-04-21T01:33:10.156+0000] {logging_mixin.py:190} INFO - [2025-04-21T01:33:10.156+0000] {dag.py:4180} INFO - Setting next_dagrun for TFL_DATA_DAG to 2025-04-21 00:00:00+00:00, run_after=2025-04-22 00:00:00+00:00
[2025-04-21T01:33:10.183+0000] {processor.py:208} INFO - Processing /opt/airflow/dags/my_dag.py took 0.141 seconds
[2025-04-21T01:33:40.558+0000] {processor.py:186} INFO - Started process (PID=1402) to work on /opt/airflow/dags/my_dag.py
[2025-04-21T01:33:40.561+0000] {processor.py:914} INFO - Processing file /opt/airflow/dags/my_dag.py for tasks to queue
[2025-04-21T01:33:40.566+0000] {logging_mixin.py:190} INFO - [2025-04-21T01:33:40.566+0000] {dagbag.py:588} INFO - Filling up the DagBag from /opt/airflow/dags/my_dag.py
[2025-04-21T01:33:40.604+0000] {processor.py:925} INFO - DAG(s) 'TFL_DATA_DAG' retrieved from /opt/airflow/dags/my_dag.py
[2025-04-21T01:33:40.642+0000] {logging_mixin.py:190} INFO - [2025-04-21T01:33:40.642+0000] {dag.py:3239} INFO - Sync 1 DAGs
[2025-04-21T01:33:40.675+0000] {logging_mixin.py:190} INFO - [2025-04-21T01:33:40.674+0000] {dag.py:4180} INFO - Setting next_dagrun for TFL_DATA_DAG to 2025-04-21 00:00:00+00:00, run_after=2025-04-22 00:00:00+00:00
[2025-04-21T01:33:40.709+0000] {processor.py:208} INFO - Processing /opt/airflow/dags/my_dag.py took 0.162 seconds
[2025-04-21T01:34:11.103+0000] {processor.py:186} INFO - Started process (PID=1433) to work on /opt/airflow/dags/my_dag.py
[2025-04-21T01:34:11.106+0000] {processor.py:914} INFO - Processing file /opt/airflow/dags/my_dag.py for tasks to queue
[2025-04-21T01:34:11.110+0000] {logging_mixin.py:190} INFO - [2025-04-21T01:34:11.110+0000] {dagbag.py:588} INFO - Filling up the DagBag from /opt/airflow/dags/my_dag.py
[2025-04-21T01:34:11.148+0000] {processor.py:925} INFO - DAG(s) 'TFL_DATA_DAG' retrieved from /opt/airflow/dags/my_dag.py
[2025-04-21T01:34:11.176+0000] {logging_mixin.py:190} INFO - [2025-04-21T01:34:11.176+0000] {dag.py:3239} INFO - Sync 1 DAGs
[2025-04-21T01:34:11.209+0000] {logging_mixin.py:190} INFO - [2025-04-21T01:34:11.209+0000] {dag.py:4180} INFO - Setting next_dagrun for TFL_DATA_DAG to 2025-04-21 00:00:00+00:00, run_after=2025-04-22 00:00:00+00:00
[2025-04-21T01:34:11.234+0000] {processor.py:208} INFO - Processing /opt/airflow/dags/my_dag.py took 0.139 seconds
[2025-04-21T01:34:41.601+0000] {processor.py:186} INFO - Started process (PID=1449) to work on /opt/airflow/dags/my_dag.py
[2025-04-21T01:34:41.603+0000] {processor.py:914} INFO - Processing file /opt/airflow/dags/my_dag.py for tasks to queue
[2025-04-21T01:34:41.608+0000] {logging_mixin.py:190} INFO - [2025-04-21T01:34:41.607+0000] {dagbag.py:588} INFO - Filling up the DagBag from /opt/airflow/dags/my_dag.py
[2025-04-21T01:34:41.641+0000] {processor.py:925} INFO - DAG(s) 'TFL_DATA_DAG' retrieved from /opt/airflow/dags/my_dag.py
[2025-04-21T01:34:41.672+0000] {logging_mixin.py:190} INFO - [2025-04-21T01:34:41.671+0000] {dag.py:3239} INFO - Sync 1 DAGs
[2025-04-21T01:34:41.704+0000] {logging_mixin.py:190} INFO - [2025-04-21T01:34:41.704+0000] {dag.py:4180} INFO - Setting next_dagrun for TFL_DATA_DAG to 2025-04-21 00:00:00+00:00, run_after=2025-04-22 00:00:00+00:00
[2025-04-21T01:34:41.731+0000] {processor.py:208} INFO - Processing /opt/airflow/dags/my_dag.py took 0.138 seconds
[2025-04-21T01:35:12.090+0000] {processor.py:186} INFO - Started process (PID=1480) to work on /opt/airflow/dags/my_dag.py
[2025-04-21T01:35:12.093+0000] {processor.py:914} INFO - Processing file /opt/airflow/dags/my_dag.py for tasks to queue
[2025-04-21T01:35:12.098+0000] {logging_mixin.py:190} INFO - [2025-04-21T01:35:12.097+0000] {dagbag.py:588} INFO - Filling up the DagBag from /opt/airflow/dags/my_dag.py
[2025-04-21T01:35:12.133+0000] {processor.py:925} INFO - DAG(s) 'TFL_DATA_DAG' retrieved from /opt/airflow/dags/my_dag.py
[2025-04-21T01:35:12.174+0000] {logging_mixin.py:190} INFO - [2025-04-21T01:35:12.174+0000] {dag.py:3239} INFO - Sync 1 DAGs
[2025-04-21T01:35:12.219+0000] {logging_mixin.py:190} INFO - [2025-04-21T01:35:12.218+0000] {dag.py:4180} INFO - Setting next_dagrun for TFL_DATA_DAG to 2025-04-21 00:00:00+00:00, run_after=2025-04-22 00:00:00+00:00
[2025-04-21T01:35:12.260+0000] {processor.py:208} INFO - Processing /opt/airflow/dags/my_dag.py took 0.178 seconds
[2025-04-21T01:35:42.428+0000] {processor.py:186} INFO - Started process (PID=1496) to work on /opt/airflow/dags/my_dag.py
[2025-04-21T01:35:42.431+0000] {processor.py:914} INFO - Processing file /opt/airflow/dags/my_dag.py for tasks to queue
[2025-04-21T01:35:42.436+0000] {logging_mixin.py:190} INFO - [2025-04-21T01:35:42.435+0000] {dagbag.py:588} INFO - Filling up the DagBag from /opt/airflow/dags/my_dag.py
[2025-04-21T01:35:42.469+0000] {processor.py:925} INFO - DAG(s) 'TFL_DATA_DAG' retrieved from /opt/airflow/dags/my_dag.py
[2025-04-21T01:35:42.502+0000] {logging_mixin.py:190} INFO - [2025-04-21T01:35:42.502+0000] {dag.py:3239} INFO - Sync 1 DAGs
[2025-04-21T01:35:42.537+0000] {logging_mixin.py:190} INFO - [2025-04-21T01:35:42.537+0000] {dag.py:4180} INFO - Setting next_dagrun for TFL_DATA_DAG to 2025-04-21 00:00:00+00:00, run_after=2025-04-22 00:00:00+00:00
[2025-04-21T01:35:42.574+0000] {processor.py:208} INFO - Processing /opt/airflow/dags/my_dag.py took 0.155 seconds
[2025-04-21T01:36:12.919+0000] {processor.py:186} INFO - Started process (PID=1527) to work on /opt/airflow/dags/my_dag.py
[2025-04-21T01:36:12.921+0000] {processor.py:914} INFO - Processing file /opt/airflow/dags/my_dag.py for tasks to queue
[2025-04-21T01:36:12.926+0000] {logging_mixin.py:190} INFO - [2025-04-21T01:36:12.925+0000] {dagbag.py:588} INFO - Filling up the DagBag from /opt/airflow/dags/my_dag.py
[2025-04-21T01:36:12.953+0000] {processor.py:925} INFO - DAG(s) 'TFL_DATA_DAG' retrieved from /opt/airflow/dags/my_dag.py
[2025-04-21T01:36:12.983+0000] {logging_mixin.py:190} INFO - [2025-04-21T01:36:12.982+0000] {dag.py:3239} INFO - Sync 1 DAGs
[2025-04-21T01:36:13.010+0000] {logging_mixin.py:190} INFO - [2025-04-21T01:36:13.010+0000] {dag.py:4180} INFO - Setting next_dagrun for TFL_DATA_DAG to 2025-04-21 00:00:00+00:00, run_after=2025-04-22 00:00:00+00:00
[2025-04-21T01:36:13.036+0000] {processor.py:208} INFO - Processing /opt/airflow/dags/my_dag.py took 0.125 seconds
[2025-04-21T01:36:43.427+0000] {processor.py:186} INFO - Started process (PID=1543) to work on /opt/airflow/dags/my_dag.py
[2025-04-21T01:36:43.431+0000] {processor.py:914} INFO - Processing file /opt/airflow/dags/my_dag.py for tasks to queue
[2025-04-21T01:36:43.437+0000] {logging_mixin.py:190} INFO - [2025-04-21T01:36:43.436+0000] {dagbag.py:588} INFO - Filling up the DagBag from /opt/airflow/dags/my_dag.py
[2025-04-21T01:36:43.482+0000] {processor.py:925} INFO - DAG(s) 'TFL_DATA_DAG' retrieved from /opt/airflow/dags/my_dag.py
[2025-04-21T01:36:43.530+0000] {logging_mixin.py:190} INFO - [2025-04-21T01:36:43.530+0000] {dag.py:3239} INFO - Sync 1 DAGs
[2025-04-21T01:36:43.579+0000] {logging_mixin.py:190} INFO - [2025-04-21T01:36:43.579+0000] {dag.py:4180} INFO - Setting next_dagrun for TFL_DATA_DAG to 2025-04-21 00:00:00+00:00, run_after=2025-04-22 00:00:00+00:00
[2025-04-21T01:36:43.625+0000] {processor.py:208} INFO - Processing /opt/airflow/dags/my_dag.py took 0.212 seconds
[2025-04-21T01:37:14.039+0000] {processor.py:186} INFO - Started process (PID=1559) to work on /opt/airflow/dags/my_dag.py
[2025-04-21T01:37:14.041+0000] {processor.py:914} INFO - Processing file /opt/airflow/dags/my_dag.py for tasks to queue
[2025-04-21T01:37:14.046+0000] {logging_mixin.py:190} INFO - [2025-04-21T01:37:14.046+0000] {dagbag.py:588} INFO - Filling up the DagBag from /opt/airflow/dags/my_dag.py
[2025-04-21T01:37:14.076+0000] {processor.py:925} INFO - DAG(s) 'TFL_DATA_DAG' retrieved from /opt/airflow/dags/my_dag.py
[2025-04-21T01:37:14.108+0000] {logging_mixin.py:190} INFO - [2025-04-21T01:37:14.108+0000] {dag.py:3239} INFO - Sync 1 DAGs
[2025-04-21T01:37:14.142+0000] {logging_mixin.py:190} INFO - [2025-04-21T01:37:14.142+0000] {dag.py:4180} INFO - Setting next_dagrun for TFL_DATA_DAG to 2025-04-21 00:00:00+00:00, run_after=2025-04-22 00:00:00+00:00
[2025-04-21T01:37:14.171+0000] {processor.py:208} INFO - Processing /opt/airflow/dags/my_dag.py took 0.140 seconds
[2025-04-21T01:37:44.551+0000] {processor.py:186} INFO - Started process (PID=1575) to work on /opt/airflow/dags/my_dag.py
[2025-04-21T01:37:44.554+0000] {processor.py:914} INFO - Processing file /opt/airflow/dags/my_dag.py for tasks to queue
[2025-04-21T01:37:44.560+0000] {logging_mixin.py:190} INFO - [2025-04-21T01:37:44.559+0000] {dagbag.py:588} INFO - Filling up the DagBag from /opt/airflow/dags/my_dag.py
[2025-04-21T01:37:44.598+0000] {processor.py:925} INFO - DAG(s) 'TFL_DATA_DAG' retrieved from /opt/airflow/dags/my_dag.py
[2025-04-21T01:37:44.637+0000] {logging_mixin.py:190} INFO - [2025-04-21T01:37:44.636+0000] {dag.py:3239} INFO - Sync 1 DAGs
[2025-04-21T01:37:44.678+0000] {logging_mixin.py:190} INFO - [2025-04-21T01:37:44.678+0000] {dag.py:4180} INFO - Setting next_dagrun for TFL_DATA_DAG to 2025-04-21 00:00:00+00:00, run_after=2025-04-22 00:00:00+00:00
[2025-04-21T01:37:44.714+0000] {processor.py:208} INFO - Processing /opt/airflow/dags/my_dag.py took 0.174 seconds
[2025-04-21T01:38:14.897+0000] {processor.py:186} INFO - Started process (PID=1591) to work on /opt/airflow/dags/my_dag.py
[2025-04-21T01:38:14.900+0000] {processor.py:914} INFO - Processing file /opt/airflow/dags/my_dag.py for tasks to queue
[2025-04-21T01:38:14.905+0000] {logging_mixin.py:190} INFO - [2025-04-21T01:38:14.905+0000] {dagbag.py:588} INFO - Filling up the DagBag from /opt/airflow/dags/my_dag.py
[2025-04-21T01:38:14.939+0000] {processor.py:925} INFO - DAG(s) 'TFL_DATA_DAG' retrieved from /opt/airflow/dags/my_dag.py
[2025-04-21T01:38:14.974+0000] {logging_mixin.py:190} INFO - [2025-04-21T01:38:14.974+0000] {dag.py:3239} INFO - Sync 1 DAGs
[2025-04-21T01:38:15.011+0000] {logging_mixin.py:190} INFO - [2025-04-21T01:38:15.011+0000] {dag.py:4180} INFO - Setting next_dagrun for TFL_DATA_DAG to 2025-04-21 00:00:00+00:00, run_after=2025-04-22 00:00:00+00:00
[2025-04-21T01:38:15.045+0000] {processor.py:208} INFO - Processing /opt/airflow/dags/my_dag.py took 0.158 seconds
[2025-04-21T01:38:45.457+0000] {processor.py:186} INFO - Started process (PID=1607) to work on /opt/airflow/dags/my_dag.py
[2025-04-21T01:38:45.460+0000] {processor.py:914} INFO - Processing file /opt/airflow/dags/my_dag.py for tasks to queue
[2025-04-21T01:38:45.466+0000] {logging_mixin.py:190} INFO - [2025-04-21T01:38:45.465+0000] {dagbag.py:588} INFO - Filling up the DagBag from /opt/airflow/dags/my_dag.py
[2025-04-21T01:38:45.502+0000] {processor.py:925} INFO - DAG(s) 'TFL_DATA_DAG' retrieved from /opt/airflow/dags/my_dag.py
[2025-04-21T01:38:45.539+0000] {logging_mixin.py:190} INFO - [2025-04-21T01:38:45.538+0000] {dag.py:3239} INFO - Sync 1 DAGs
[2025-04-21T01:38:45.572+0000] {logging_mixin.py:190} INFO - [2025-04-21T01:38:45.572+0000] {dag.py:4180} INFO - Setting next_dagrun for TFL_DATA_DAG to 2025-04-21 00:00:00+00:00, run_after=2025-04-22 00:00:00+00:00
[2025-04-21T01:38:45.599+0000] {processor.py:208} INFO - Processing /opt/airflow/dags/my_dag.py took 0.152 seconds
[2025-04-21T01:39:15.978+0000] {processor.py:186} INFO - Started process (PID=1629) to work on /opt/airflow/dags/my_dag.py
[2025-04-21T01:39:15.980+0000] {processor.py:914} INFO - Processing file /opt/airflow/dags/my_dag.py for tasks to queue
[2025-04-21T01:39:15.985+0000] {logging_mixin.py:190} INFO - [2025-04-21T01:39:15.985+0000] {dagbag.py:588} INFO - Filling up the DagBag from /opt/airflow/dags/my_dag.py
[2025-04-21T01:39:16.023+0000] {processor.py:925} INFO - DAG(s) 'TFL_DATA_DAG' retrieved from /opt/airflow/dags/my_dag.py
[2025-04-21T01:39:16.053+0000] {logging_mixin.py:190} INFO - [2025-04-21T01:39:16.052+0000] {dag.py:3239} INFO - Sync 1 DAGs
[2025-04-21T01:39:16.093+0000] {logging_mixin.py:190} INFO - [2025-04-21T01:39:16.093+0000] {dag.py:4180} INFO - Setting next_dagrun for TFL_DATA_DAG to 2025-04-21 00:00:00+00:00, run_after=2025-04-22 00:00:00+00:00
[2025-04-21T01:39:16.135+0000] {processor.py:208} INFO - Processing /opt/airflow/dags/my_dag.py took 0.164 seconds
[2025-04-21T01:39:46.311+0000] {processor.py:186} INFO - Started process (PID=1645) to work on /opt/airflow/dags/my_dag.py
[2025-04-21T01:39:46.313+0000] {processor.py:914} INFO - Processing file /opt/airflow/dags/my_dag.py for tasks to queue
[2025-04-21T01:39:46.319+0000] {logging_mixin.py:190} INFO - [2025-04-21T01:39:46.318+0000] {dagbag.py:588} INFO - Filling up the DagBag from /opt/airflow/dags/my_dag.py
[2025-04-21T01:39:46.364+0000] {processor.py:925} INFO - DAG(s) 'TFL_DATA_DAG' retrieved from /opt/airflow/dags/my_dag.py
[2025-04-21T01:39:46.399+0000] {logging_mixin.py:190} INFO - [2025-04-21T01:39:46.398+0000] {dag.py:3239} INFO - Sync 1 DAGs
[2025-04-21T01:39:46.443+0000] {logging_mixin.py:190} INFO - [2025-04-21T01:39:46.443+0000] {dag.py:4180} INFO - Setting next_dagrun for TFL_DATA_DAG to 2025-04-21 00:00:00+00:00, run_after=2025-04-22 00:00:00+00:00
[2025-04-21T01:39:46.468+0000] {processor.py:208} INFO - Processing /opt/airflow/dags/my_dag.py took 0.163 seconds
[2025-04-21T01:40:16.726+0000] {processor.py:186} INFO - Started process (PID=1661) to work on /opt/airflow/dags/my_dag.py
[2025-04-21T01:40:16.728+0000] {processor.py:914} INFO - Processing file /opt/airflow/dags/my_dag.py for tasks to queue
[2025-04-21T01:40:16.732+0000] {logging_mixin.py:190} INFO - [2025-04-21T01:40:16.732+0000] {dagbag.py:588} INFO - Filling up the DagBag from /opt/airflow/dags/my_dag.py
[2025-04-21T01:40:16.761+0000] {processor.py:925} INFO - DAG(s) 'TFL_DATA_DAG' retrieved from /opt/airflow/dags/my_dag.py
[2025-04-21T01:40:16.777+0000] {logging_mixin.py:190} INFO - [2025-04-21T01:40:16.777+0000] {dag.py:3239} INFO - Sync 1 DAGs
[2025-04-21T01:40:16.792+0000] {logging_mixin.py:190} INFO - [2025-04-21T01:40:16.792+0000] {dag.py:4180} INFO - Setting next_dagrun for TFL_DATA_DAG to 2025-04-21 00:00:00+00:00, run_after=2025-04-22 00:00:00+00:00
[2025-04-21T01:40:16.805+0000] {processor.py:208} INFO - Processing /opt/airflow/dags/my_dag.py took 0.083 seconds
[2025-04-21T01:40:47.023+0000] {processor.py:186} INFO - Started process (PID=1677) to work on /opt/airflow/dags/my_dag.py
[2025-04-21T01:40:47.024+0000] {processor.py:914} INFO - Processing file /opt/airflow/dags/my_dag.py for tasks to queue
[2025-04-21T01:40:47.026+0000] {logging_mixin.py:190} INFO - [2025-04-21T01:40:47.026+0000] {dagbag.py:588} INFO - Filling up the DagBag from /opt/airflow/dags/my_dag.py
[2025-04-21T01:40:47.051+0000] {processor.py:925} INFO - DAG(s) 'TFL_DATA_DAG' retrieved from /opt/airflow/dags/my_dag.py
[2025-04-21T01:40:47.064+0000] {logging_mixin.py:190} INFO - [2025-04-21T01:40:47.064+0000] {dag.py:3239} INFO - Sync 1 DAGs
[2025-04-21T01:40:47.078+0000] {logging_mixin.py:190} INFO - [2025-04-21T01:40:47.077+0000] {dag.py:4180} INFO - Setting next_dagrun for TFL_DATA_DAG to 2025-04-21 00:00:00+00:00, run_after=2025-04-22 00:00:00+00:00
[2025-04-21T01:40:47.088+0000] {processor.py:208} INFO - Processing /opt/airflow/dags/my_dag.py took 0.070 seconds
[2025-04-21T01:41:17.300+0000] {processor.py:186} INFO - Started process (PID=1693) to work on /opt/airflow/dags/my_dag.py
[2025-04-21T01:41:17.301+0000] {processor.py:914} INFO - Processing file /opt/airflow/dags/my_dag.py for tasks to queue
[2025-04-21T01:41:17.303+0000] {logging_mixin.py:190} INFO - [2025-04-21T01:41:17.303+0000] {dagbag.py:588} INFO - Filling up the DagBag from /opt/airflow/dags/my_dag.py
[2025-04-21T01:41:17.329+0000] {processor.py:925} INFO - DAG(s) 'TFL_DATA_DAG' retrieved from /opt/airflow/dags/my_dag.py
[2025-04-21T01:41:17.343+0000] {logging_mixin.py:190} INFO - [2025-04-21T01:41:17.343+0000] {dag.py:3239} INFO - Sync 1 DAGs
[2025-04-21T01:41:17.358+0000] {logging_mixin.py:190} INFO - [2025-04-21T01:41:17.358+0000] {dag.py:4180} INFO - Setting next_dagrun for TFL_DATA_DAG to 2025-04-21 00:00:00+00:00, run_after=2025-04-22 00:00:00+00:00
[2025-04-21T01:41:17.370+0000] {processor.py:208} INFO - Processing /opt/airflow/dags/my_dag.py took 0.073 seconds
[2025-04-21T01:41:47.492+0000] {processor.py:186} INFO - Started process (PID=1709) to work on /opt/airflow/dags/my_dag.py
[2025-04-21T01:41:47.495+0000] {processor.py:914} INFO - Processing file /opt/airflow/dags/my_dag.py for tasks to queue
[2025-04-21T01:41:47.498+0000] {logging_mixin.py:190} INFO - [2025-04-21T01:41:47.497+0000] {dagbag.py:588} INFO - Filling up the DagBag from /opt/airflow/dags/my_dag.py
[2025-04-21T01:41:47.532+0000] {processor.py:925} INFO - DAG(s) 'TFL_DATA_DAG' retrieved from /opt/airflow/dags/my_dag.py
[2025-04-21T01:41:47.547+0000] {logging_mixin.py:190} INFO - [2025-04-21T01:41:47.547+0000] {dag.py:3239} INFO - Sync 1 DAGs
[2025-04-21T01:41:47.562+0000] {logging_mixin.py:190} INFO - [2025-04-21T01:41:47.562+0000] {dag.py:4180} INFO - Setting next_dagrun for TFL_DATA_DAG to 2025-04-21 00:00:00+00:00, run_after=2025-04-22 00:00:00+00:00
[2025-04-21T01:41:47.575+0000] {processor.py:208} INFO - Processing /opt/airflow/dags/my_dag.py took 0.088 seconds
[2025-04-21T01:42:17.871+0000] {processor.py:186} INFO - Started process (PID=1725) to work on /opt/airflow/dags/my_dag.py
[2025-04-21T01:42:17.872+0000] {processor.py:914} INFO - Processing file /opt/airflow/dags/my_dag.py for tasks to queue
[2025-04-21T01:42:17.874+0000] {logging_mixin.py:190} INFO - [2025-04-21T01:42:17.874+0000] {dagbag.py:588} INFO - Filling up the DagBag from /opt/airflow/dags/my_dag.py
[2025-04-21T01:42:17.888+0000] {processor.py:925} INFO - DAG(s) 'TFL_DATA_DAG' retrieved from /opt/airflow/dags/my_dag.py
[2025-04-21T01:42:17.902+0000] {logging_mixin.py:190} INFO - [2025-04-21T01:42:17.902+0000] {dag.py:3239} INFO - Sync 1 DAGs
[2025-04-21T01:42:17.917+0000] {logging_mixin.py:190} INFO - [2025-04-21T01:42:17.917+0000] {dag.py:4180} INFO - Setting next_dagrun for TFL_DATA_DAG to 2025-04-21 00:00:00+00:00, run_after=2025-04-22 00:00:00+00:00
[2025-04-21T01:42:17.929+0000] {processor.py:208} INFO - Processing /opt/airflow/dags/my_dag.py took 0.062 seconds
[2025-04-21T01:42:48.252+0000] {processor.py:186} INFO - Started process (PID=1741) to work on /opt/airflow/dags/my_dag.py
[2025-04-21T01:42:48.257+0000] {processor.py:914} INFO - Processing file /opt/airflow/dags/my_dag.py for tasks to queue
[2025-04-21T01:42:48.263+0000] {logging_mixin.py:190} INFO - [2025-04-21T01:42:48.263+0000] {dagbag.py:588} INFO - Filling up the DagBag from /opt/airflow/dags/my_dag.py
[2025-04-21T01:42:48.298+0000] {processor.py:925} INFO - DAG(s) 'TFL_DATA_DAG' retrieved from /opt/airflow/dags/my_dag.py
[2025-04-21T01:42:48.316+0000] {logging_mixin.py:190} INFO - [2025-04-21T01:42:48.315+0000] {dag.py:3239} INFO - Sync 1 DAGs
[2025-04-21T01:42:48.333+0000] {logging_mixin.py:190} INFO - [2025-04-21T01:42:48.333+0000] {dag.py:4180} INFO - Setting next_dagrun for TFL_DATA_DAG to 2025-04-21 00:00:00+00:00, run_after=2025-04-22 00:00:00+00:00
[2025-04-21T01:42:48.347+0000] {processor.py:208} INFO - Processing /opt/airflow/dags/my_dag.py took 0.101 seconds
[2025-04-21T01:43:18.561+0000] {processor.py:186} INFO - Started process (PID=1756) to work on /opt/airflow/dags/my_dag.py
[2025-04-21T01:43:18.563+0000] {processor.py:914} INFO - Processing file /opt/airflow/dags/my_dag.py for tasks to queue
[2025-04-21T01:43:18.565+0000] {logging_mixin.py:190} INFO - [2025-04-21T01:43:18.565+0000] {dagbag.py:588} INFO - Filling up the DagBag from /opt/airflow/dags/my_dag.py
[2025-04-21T01:43:18.585+0000] {processor.py:925} INFO - DAG(s) 'TFL_DATA_DAG' retrieved from /opt/airflow/dags/my_dag.py
[2025-04-21T01:43:18.598+0000] {logging_mixin.py:190} INFO - [2025-04-21T01:43:18.598+0000] {dag.py:3239} INFO - Sync 1 DAGs
[2025-04-21T01:43:18.611+0000] {logging_mixin.py:190} INFO - [2025-04-21T01:43:18.611+0000] {dag.py:4180} INFO - Setting next_dagrun for TFL_DATA_DAG to 2025-04-21 00:00:00+00:00, run_after=2025-04-22 00:00:00+00:00
[2025-04-21T01:43:18.623+0000] {processor.py:208} INFO - Processing /opt/airflow/dags/my_dag.py took 0.065 seconds
[2025-04-21T01:43:48.865+0000] {processor.py:186} INFO - Started process (PID=1772) to work on /opt/airflow/dags/my_dag.py
[2025-04-21T01:43:48.867+0000] {processor.py:914} INFO - Processing file /opt/airflow/dags/my_dag.py for tasks to queue
[2025-04-21T01:43:48.869+0000] {logging_mixin.py:190} INFO - [2025-04-21T01:43:48.869+0000] {dagbag.py:588} INFO - Filling up the DagBag from /opt/airflow/dags/my_dag.py
[2025-04-21T01:43:48.897+0000] {processor.py:925} INFO - DAG(s) 'TFL_DATA_DAG' retrieved from /opt/airflow/dags/my_dag.py
[2025-04-21T01:43:48.912+0000] {logging_mixin.py:190} INFO - [2025-04-21T01:43:48.912+0000] {dag.py:3239} INFO - Sync 1 DAGs
[2025-04-21T01:43:48.927+0000] {logging_mixin.py:190} INFO - [2025-04-21T01:43:48.927+0000] {dag.py:4180} INFO - Setting next_dagrun for TFL_DATA_DAG to 2025-04-21 00:00:00+00:00, run_after=2025-04-22 00:00:00+00:00
[2025-04-21T01:43:48.939+0000] {processor.py:208} INFO - Processing /opt/airflow/dags/my_dag.py took 0.078 seconds
[2025-04-21T01:44:19.176+0000] {processor.py:186} INFO - Started process (PID=1788) to work on /opt/airflow/dags/my_dag.py
[2025-04-21T01:44:19.177+0000] {processor.py:914} INFO - Processing file /opt/airflow/dags/my_dag.py for tasks to queue
[2025-04-21T01:44:19.180+0000] {logging_mixin.py:190} INFO - [2025-04-21T01:44:19.179+0000] {dagbag.py:588} INFO - Filling up the DagBag from /opt/airflow/dags/my_dag.py
[2025-04-21T01:44:19.210+0000] {processor.py:925} INFO - DAG(s) 'TFL_DATA_DAG' retrieved from /opt/airflow/dags/my_dag.py
[2025-04-21T01:44:19.224+0000] {logging_mixin.py:190} INFO - [2025-04-21T01:44:19.224+0000] {dag.py:3239} INFO - Sync 1 DAGs
[2025-04-21T01:44:19.238+0000] {logging_mixin.py:190} INFO - [2025-04-21T01:44:19.238+0000] {dag.py:4180} INFO - Setting next_dagrun for TFL_DATA_DAG to 2025-04-21 00:00:00+00:00, run_after=2025-04-22 00:00:00+00:00
[2025-04-21T01:44:19.252+0000] {processor.py:208} INFO - Processing /opt/airflow/dags/my_dag.py took 0.080 seconds
[2025-04-21T01:44:49.527+0000] {processor.py:186} INFO - Started process (PID=1803) to work on /opt/airflow/dags/my_dag.py
[2025-04-21T01:44:49.529+0000] {processor.py:914} INFO - Processing file /opt/airflow/dags/my_dag.py for tasks to queue
[2025-04-21T01:44:49.531+0000] {logging_mixin.py:190} INFO - [2025-04-21T01:44:49.531+0000] {dagbag.py:588} INFO - Filling up the DagBag from /opt/airflow/dags/my_dag.py
[2025-04-21T01:44:49.566+0000] {processor.py:925} INFO - DAG(s) 'TFL_DATA_DAG' retrieved from /opt/airflow/dags/my_dag.py
[2025-04-21T01:44:49.580+0000] {logging_mixin.py:190} INFO - [2025-04-21T01:44:49.579+0000] {dag.py:3239} INFO - Sync 1 DAGs
[2025-04-21T01:44:49.597+0000] {logging_mixin.py:190} INFO - [2025-04-21T01:44:49.597+0000] {dag.py:4180} INFO - Setting next_dagrun for TFL_DATA_DAG to 2025-04-21 00:00:00+00:00, run_after=2025-04-22 00:00:00+00:00
[2025-04-21T01:44:49.613+0000] {processor.py:208} INFO - Processing /opt/airflow/dags/my_dag.py took 0.089 seconds
[2025-04-21T01:45:19.850+0000] {processor.py:186} INFO - Started process (PID=1819) to work on /opt/airflow/dags/my_dag.py
[2025-04-21T01:45:19.851+0000] {processor.py:914} INFO - Processing file /opt/airflow/dags/my_dag.py for tasks to queue
[2025-04-21T01:45:19.855+0000] {logging_mixin.py:190} INFO - [2025-04-21T01:45:19.855+0000] {dagbag.py:588} INFO - Filling up the DagBag from /opt/airflow/dags/my_dag.py
[2025-04-21T01:45:19.885+0000] {processor.py:925} INFO - DAG(s) 'TFL_DATA_DAG' retrieved from /opt/airflow/dags/my_dag.py
[2025-04-21T01:45:19.900+0000] {logging_mixin.py:190} INFO - [2025-04-21T01:45:19.900+0000] {dag.py:3239} INFO - Sync 1 DAGs
[2025-04-21T01:45:19.914+0000] {logging_mixin.py:190} INFO - [2025-04-21T01:45:19.914+0000] {dag.py:4180} INFO - Setting next_dagrun for TFL_DATA_DAG to 2025-04-21 00:00:00+00:00, run_after=2025-04-22 00:00:00+00:00
[2025-04-21T01:45:19.925+0000] {processor.py:208} INFO - Processing /opt/airflow/dags/my_dag.py took 0.078 seconds
[2025-04-21T01:45:50.143+0000] {processor.py:186} INFO - Started process (PID=1835) to work on /opt/airflow/dags/my_dag.py
[2025-04-21T01:45:50.145+0000] {processor.py:914} INFO - Processing file /opt/airflow/dags/my_dag.py for tasks to queue
[2025-04-21T01:45:50.147+0000] {logging_mixin.py:190} INFO - [2025-04-21T01:45:50.147+0000] {dagbag.py:588} INFO - Filling up the DagBag from /opt/airflow/dags/my_dag.py
[2025-04-21T01:45:50.163+0000] {processor.py:925} INFO - DAG(s) 'TFL_DATA_DAG' retrieved from /opt/airflow/dags/my_dag.py
[2025-04-21T01:45:50.177+0000] {logging_mixin.py:190} INFO - [2025-04-21T01:45:50.177+0000] {dag.py:3239} INFO - Sync 1 DAGs
[2025-04-21T01:45:50.192+0000] {logging_mixin.py:190} INFO - [2025-04-21T01:45:50.192+0000] {dag.py:4180} INFO - Setting next_dagrun for TFL_DATA_DAG to 2025-04-21 00:00:00+00:00, run_after=2025-04-22 00:00:00+00:00
[2025-04-21T01:45:50.204+0000] {processor.py:208} INFO - Processing /opt/airflow/dags/my_dag.py took 0.065 seconds
[2025-04-21T01:46:20.455+0000] {processor.py:186} INFO - Started process (PID=1851) to work on /opt/airflow/dags/my_dag.py
[2025-04-21T01:46:20.456+0000] {processor.py:914} INFO - Processing file /opt/airflow/dags/my_dag.py for tasks to queue
[2025-04-21T01:46:20.459+0000] {logging_mixin.py:190} INFO - [2025-04-21T01:46:20.459+0000] {dagbag.py:588} INFO - Filling up the DagBag from /opt/airflow/dags/my_dag.py
[2025-04-21T01:46:20.487+0000] {processor.py:925} INFO - DAG(s) 'TFL_DATA_DAG' retrieved from /opt/airflow/dags/my_dag.py
[2025-04-21T01:46:20.500+0000] {logging_mixin.py:190} INFO - [2025-04-21T01:46:20.500+0000] {dag.py:3239} INFO - Sync 1 DAGs
[2025-04-21T01:46:20.515+0000] {logging_mixin.py:190} INFO - [2025-04-21T01:46:20.515+0000] {dag.py:4180} INFO - Setting next_dagrun for TFL_DATA_DAG to 2025-04-21 00:00:00+00:00, run_after=2025-04-22 00:00:00+00:00
[2025-04-21T01:46:20.526+0000] {processor.py:208} INFO - Processing /opt/airflow/dags/my_dag.py took 0.075 seconds
[2025-04-21T01:46:50.783+0000] {processor.py:186} INFO - Started process (PID=1867) to work on /opt/airflow/dags/my_dag.py
[2025-04-21T01:46:50.784+0000] {processor.py:914} INFO - Processing file /opt/airflow/dags/my_dag.py for tasks to queue
[2025-04-21T01:46:50.787+0000] {logging_mixin.py:190} INFO - [2025-04-21T01:46:50.786+0000] {dagbag.py:588} INFO - Filling up the DagBag from /opt/airflow/dags/my_dag.py
[2025-04-21T01:46:50.813+0000] {processor.py:925} INFO - DAG(s) 'TFL_DATA_DAG' retrieved from /opt/airflow/dags/my_dag.py
[2025-04-21T01:46:50.828+0000] {logging_mixin.py:190} INFO - [2025-04-21T01:46:50.827+0000] {dag.py:3239} INFO - Sync 1 DAGs
[2025-04-21T01:46:50.844+0000] {logging_mixin.py:190} INFO - [2025-04-21T01:46:50.843+0000] {dag.py:4180} INFO - Setting next_dagrun for TFL_DATA_DAG to 2025-04-21 00:00:00+00:00, run_after=2025-04-22 00:00:00+00:00
[2025-04-21T01:46:50.856+0000] {processor.py:208} INFO - Processing /opt/airflow/dags/my_dag.py took 0.078 seconds
[2025-04-21T01:47:21.148+0000] {processor.py:186} INFO - Started process (PID=1883) to work on /opt/airflow/dags/my_dag.py
[2025-04-21T01:47:21.149+0000] {processor.py:914} INFO - Processing file /opt/airflow/dags/my_dag.py for tasks to queue
[2025-04-21T01:47:21.151+0000] {logging_mixin.py:190} INFO - [2025-04-21T01:47:21.151+0000] {dagbag.py:588} INFO - Filling up the DagBag from /opt/airflow/dags/my_dag.py
[2025-04-21T01:47:21.161+0000] {processor.py:925} INFO - DAG(s) 'TFL_DATA_DAG' retrieved from /opt/airflow/dags/my_dag.py
[2025-04-21T01:47:21.174+0000] {logging_mixin.py:190} INFO - [2025-04-21T01:47:21.173+0000] {dag.py:3239} INFO - Sync 1 DAGs
[2025-04-21T01:47:21.187+0000] {logging_mixin.py:190} INFO - [2025-04-21T01:47:21.187+0000] {dag.py:4180} INFO - Setting next_dagrun for TFL_DATA_DAG to 2025-04-21 00:00:00+00:00, run_after=2025-04-22 00:00:00+00:00
[2025-04-21T01:47:21.199+0000] {processor.py:208} INFO - Processing /opt/airflow/dags/my_dag.py took 0.054 seconds
[2025-04-21T01:47:51.459+0000] {processor.py:186} INFO - Started process (PID=1899) to work on /opt/airflow/dags/my_dag.py
[2025-04-21T01:47:51.460+0000] {processor.py:914} INFO - Processing file /opt/airflow/dags/my_dag.py for tasks to queue
[2025-04-21T01:47:51.462+0000] {logging_mixin.py:190} INFO - [2025-04-21T01:47:51.461+0000] {dagbag.py:588} INFO - Filling up the DagBag from /opt/airflow/dags/my_dag.py
[2025-04-21T01:47:51.475+0000] {processor.py:925} INFO - DAG(s) 'TFL_DATA_DAG' retrieved from /opt/airflow/dags/my_dag.py
[2025-04-21T01:47:51.488+0000] {logging_mixin.py:190} INFO - [2025-04-21T01:47:51.487+0000] {dag.py:3239} INFO - Sync 1 DAGs
[2025-04-21T01:47:51.503+0000] {logging_mixin.py:190} INFO - [2025-04-21T01:47:51.503+0000] {dag.py:4180} INFO - Setting next_dagrun for TFL_DATA_DAG to 2025-04-21 00:00:00+00:00, run_after=2025-04-22 00:00:00+00:00
[2025-04-21T01:47:51.524+0000] {processor.py:208} INFO - Processing /opt/airflow/dags/my_dag.py took 0.069 seconds
[2025-04-21T01:48:21.698+0000] {processor.py:186} INFO - Started process (PID=1915) to work on /opt/airflow/dags/my_dag.py
[2025-04-21T01:48:21.699+0000] {processor.py:914} INFO - Processing file /opt/airflow/dags/my_dag.py for tasks to queue
[2025-04-21T01:48:21.702+0000] {logging_mixin.py:190} INFO - [2025-04-21T01:48:21.702+0000] {dagbag.py:588} INFO - Filling up the DagBag from /opt/airflow/dags/my_dag.py
[2025-04-21T01:48:21.735+0000] {processor.py:925} INFO - DAG(s) 'TFL_DATA_DAG' retrieved from /opt/airflow/dags/my_dag.py
[2025-04-21T01:48:21.748+0000] {logging_mixin.py:190} INFO - [2025-04-21T01:48:21.748+0000] {dag.py:3239} INFO - Sync 1 DAGs
[2025-04-21T01:48:21.764+0000] {logging_mixin.py:190} INFO - [2025-04-21T01:48:21.764+0000] {dag.py:4180} INFO - Setting next_dagrun for TFL_DATA_DAG to 2025-04-21 00:00:00+00:00, run_after=2025-04-22 00:00:00+00:00
[2025-04-21T01:48:21.776+0000] {processor.py:208} INFO - Processing /opt/airflow/dags/my_dag.py took 0.081 seconds
[2025-04-21T01:48:52.000+0000] {processor.py:186} INFO - Started process (PID=1930) to work on /opt/airflow/dags/my_dag.py
[2025-04-21T01:48:52.001+0000] {processor.py:914} INFO - Processing file /opt/airflow/dags/my_dag.py for tasks to queue
[2025-04-21T01:48:52.003+0000] {logging_mixin.py:190} INFO - [2025-04-21T01:48:52.003+0000] {dagbag.py:588} INFO - Filling up the DagBag from /opt/airflow/dags/my_dag.py
[2025-04-21T01:48:52.019+0000] {processor.py:925} INFO - DAG(s) 'TFL_DATA_DAG' retrieved from /opt/airflow/dags/my_dag.py
[2025-04-21T01:48:52.034+0000] {logging_mixin.py:190} INFO - [2025-04-21T01:48:52.034+0000] {dag.py:3239} INFO - Sync 1 DAGs
[2025-04-21T01:48:52.047+0000] {logging_mixin.py:190} INFO - [2025-04-21T01:48:52.047+0000] {dag.py:4180} INFO - Setting next_dagrun for TFL_DATA_DAG to 2025-04-21 00:00:00+00:00, run_after=2025-04-22 00:00:00+00:00
[2025-04-21T01:48:52.058+0000] {processor.py:208} INFO - Processing /opt/airflow/dags/my_dag.py took 0.061 seconds
[2025-04-21T01:49:00.447+0000] {processor.py:186} INFO - Started process (PID=1940) to work on /opt/airflow/dags/my_dag.py
[2025-04-21T01:49:00.458+0000] {processor.py:914} INFO - Processing file /opt/airflow/dags/my_dag.py for tasks to queue
[2025-04-21T01:49:00.465+0000] {logging_mixin.py:190} INFO - [2025-04-21T01:49:00.465+0000] {dagbag.py:588} INFO - Filling up the DagBag from /opt/airflow/dags/my_dag.py
[2025-04-21T01:49:00.586+0000] {processor.py:925} INFO - DAG(s) 'TFL_DATA_DAG' retrieved from /opt/airflow/dags/my_dag.py
[2025-04-21T01:49:00.601+0000] {logging_mixin.py:190} INFO - [2025-04-21T01:49:00.600+0000] {dag.py:3239} INFO - Sync 1 DAGs
[2025-04-21T01:49:00.615+0000] {logging_mixin.py:190} INFO - [2025-04-21T01:49:00.615+0000] {dag.py:4180} INFO - Setting next_dagrun for TFL_DATA_DAG to 2025-04-21 00:00:00+00:00, run_after=2025-04-22 00:00:00+00:00
[2025-04-21T01:49:00.634+0000] {processor.py:208} INFO - Processing /opt/airflow/dags/my_dag.py took 0.190 seconds
[2025-04-21T01:49:31.529+0000] {processor.py:186} INFO - Started process (PID=1956) to work on /opt/airflow/dags/my_dag.py
[2025-04-21T01:49:31.531+0000] {processor.py:914} INFO - Processing file /opt/airflow/dags/my_dag.py for tasks to queue
[2025-04-21T01:49:31.537+0000] {logging_mixin.py:190} INFO - [2025-04-21T01:49:31.537+0000] {dagbag.py:588} INFO - Filling up the DagBag from /opt/airflow/dags/my_dag.py
[2025-04-21T01:49:31.560+0000] {processor.py:925} INFO - DAG(s) 'TFL_DATA_DAG' retrieved from /opt/airflow/dags/my_dag.py
[2025-04-21T01:49:31.572+0000] {logging_mixin.py:190} INFO - [2025-04-21T01:49:31.572+0000] {dag.py:3239} INFO - Sync 1 DAGs
[2025-04-21T01:49:31.585+0000] {logging_mixin.py:190} INFO - [2025-04-21T01:49:31.585+0000] {dag.py:4180} INFO - Setting next_dagrun for TFL_DATA_DAG to 2025-04-21 00:00:00+00:00, run_after=2025-04-22 00:00:00+00:00
[2025-04-21T01:49:31.597+0000] {processor.py:208} INFO - Processing /opt/airflow/dags/my_dag.py took 0.075 seconds
[2025-04-21T01:50:01.844+0000] {processor.py:186} INFO - Started process (PID=1972) to work on /opt/airflow/dags/my_dag.py
[2025-04-21T01:50:01.845+0000] {processor.py:914} INFO - Processing file /opt/airflow/dags/my_dag.py for tasks to queue
[2025-04-21T01:50:01.847+0000] {logging_mixin.py:190} INFO - [2025-04-21T01:50:01.847+0000] {dagbag.py:588} INFO - Filling up the DagBag from /opt/airflow/dags/my_dag.py
[2025-04-21T01:50:01.872+0000] {processor.py:925} INFO - DAG(s) 'TFL_DATA_DAG' retrieved from /opt/airflow/dags/my_dag.py
[2025-04-21T01:50:01.886+0000] {logging_mixin.py:190} INFO - [2025-04-21T01:50:01.886+0000] {dag.py:3239} INFO - Sync 1 DAGs
[2025-04-21T01:50:01.903+0000] {logging_mixin.py:190} INFO - [2025-04-21T01:50:01.903+0000] {dag.py:4180} INFO - Setting next_dagrun for TFL_DATA_DAG to 2025-04-21 00:00:00+00:00, run_after=2025-04-22 00:00:00+00:00
[2025-04-21T01:50:01.913+0000] {processor.py:208} INFO - Processing /opt/airflow/dags/my_dag.py took 0.073 seconds
[2025-04-21T01:50:32.117+0000] {processor.py:186} INFO - Started process (PID=1988) to work on /opt/airflow/dags/my_dag.py
[2025-04-21T01:50:32.118+0000] {processor.py:914} INFO - Processing file /opt/airflow/dags/my_dag.py for tasks to queue
[2025-04-21T01:50:32.121+0000] {logging_mixin.py:190} INFO - [2025-04-21T01:50:32.120+0000] {dagbag.py:588} INFO - Filling up the DagBag from /opt/airflow/dags/my_dag.py
[2025-04-21T01:50:32.148+0000] {processor.py:925} INFO - DAG(s) 'TFL_DATA_DAG' retrieved from /opt/airflow/dags/my_dag.py
[2025-04-21T01:50:32.161+0000] {logging_mixin.py:190} INFO - [2025-04-21T01:50:32.161+0000] {dag.py:3239} INFO - Sync 1 DAGs
[2025-04-21T01:50:32.175+0000] {logging_mixin.py:190} INFO - [2025-04-21T01:50:32.175+0000] {dag.py:4180} INFO - Setting next_dagrun for TFL_DATA_DAG to 2025-04-21 00:00:00+00:00, run_after=2025-04-22 00:00:00+00:00
[2025-04-21T01:50:32.185+0000] {processor.py:208} INFO - Processing /opt/airflow/dags/my_dag.py took 0.072 seconds
[2025-04-21T01:51:02.468+0000] {processor.py:186} INFO - Started process (PID=2004) to work on /opt/airflow/dags/my_dag.py
[2025-04-21T01:51:02.470+0000] {processor.py:914} INFO - Processing file /opt/airflow/dags/my_dag.py for tasks to queue
[2025-04-21T01:51:02.473+0000] {logging_mixin.py:190} INFO - [2025-04-21T01:51:02.473+0000] {dagbag.py:588} INFO - Filling up the DagBag from /opt/airflow/dags/my_dag.py
[2025-04-21T01:51:02.516+0000] {processor.py:925} INFO - DAG(s) 'TFL_DATA_DAG' retrieved from /opt/airflow/dags/my_dag.py
[2025-04-21T01:51:02.529+0000] {logging_mixin.py:190} INFO - [2025-04-21T01:51:02.529+0000] {dag.py:3239} INFO - Sync 1 DAGs
[2025-04-21T01:51:02.545+0000] {logging_mixin.py:190} INFO - [2025-04-21T01:51:02.545+0000] {dag.py:4180} INFO - Setting next_dagrun for TFL_DATA_DAG to 2025-04-21 00:00:00+00:00, run_after=2025-04-22 00:00:00+00:00
[2025-04-21T01:51:02.556+0000] {processor.py:208} INFO - Processing /opt/airflow/dags/my_dag.py took 0.096 seconds
[2025-04-21T01:51:04.480+0000] {processor.py:186} INFO - Started process (PID=2009) to work on /opt/airflow/dags/my_dag.py
[2025-04-21T01:51:04.482+0000] {processor.py:914} INFO - Processing file /opt/airflow/dags/my_dag.py for tasks to queue
[2025-04-21T01:51:04.484+0000] {logging_mixin.py:190} INFO - [2025-04-21T01:51:04.484+0000] {dagbag.py:588} INFO - Filling up the DagBag from /opt/airflow/dags/my_dag.py
[2025-04-21T01:51:04.553+0000] {processor.py:925} INFO - DAG(s) 'TFL_DATA_DAG' retrieved from /opt/airflow/dags/my_dag.py
[2025-04-21T01:51:04.565+0000] {logging_mixin.py:190} INFO - [2025-04-21T01:51:04.565+0000] {dag.py:3239} INFO - Sync 1 DAGs
[2025-04-21T01:51:04.587+0000] {logging_mixin.py:190} INFO - [2025-04-21T01:51:04.587+0000] {dag.py:4180} INFO - Setting next_dagrun for TFL_DATA_DAG to 2025-04-21 00:00:00+00:00, run_after=2025-04-22 00:00:00+00:00
[2025-04-21T01:51:04.603+0000] {processor.py:208} INFO - Processing /opt/airflow/dags/my_dag.py took 0.126 seconds
[2025-04-21T01:51:34.833+0000] {processor.py:186} INFO - Started process (PID=2040) to work on /opt/airflow/dags/my_dag.py
[2025-04-21T01:51:34.834+0000] {processor.py:914} INFO - Processing file /opt/airflow/dags/my_dag.py for tasks to queue
[2025-04-21T01:51:34.836+0000] {logging_mixin.py:190} INFO - [2025-04-21T01:51:34.836+0000] {dagbag.py:588} INFO - Filling up the DagBag from /opt/airflow/dags/my_dag.py
[2025-04-21T01:51:34.852+0000] {processor.py:925} INFO - DAG(s) 'TFL_DATA_DAG' retrieved from /opt/airflow/dags/my_dag.py
[2025-04-21T01:51:34.865+0000] {logging_mixin.py:190} INFO - [2025-04-21T01:51:34.865+0000] {dag.py:3239} INFO - Sync 1 DAGs
[2025-04-21T01:51:34.879+0000] {logging_mixin.py:190} INFO - [2025-04-21T01:51:34.879+0000] {dag.py:4180} INFO - Setting next_dagrun for TFL_DATA_DAG to 2025-04-21 00:00:00+00:00, run_after=2025-04-22 00:00:00+00:00
[2025-04-21T01:51:34.891+0000] {processor.py:208} INFO - Processing /opt/airflow/dags/my_dag.py took 0.061 seconds
[2025-04-21T01:52:05.124+0000] {processor.py:186} INFO - Started process (PID=2056) to work on /opt/airflow/dags/my_dag.py
[2025-04-21T01:52:05.129+0000] {processor.py:914} INFO - Processing file /opt/airflow/dags/my_dag.py for tasks to queue
[2025-04-21T01:52:05.133+0000] {logging_mixin.py:190} INFO - [2025-04-21T01:52:05.132+0000] {dagbag.py:588} INFO - Filling up the DagBag from /opt/airflow/dags/my_dag.py
[2025-04-21T01:52:05.174+0000] {processor.py:925} INFO - DAG(s) 'TFL_DATA_DAG' retrieved from /opt/airflow/dags/my_dag.py
[2025-04-21T01:52:05.191+0000] {logging_mixin.py:190} INFO - [2025-04-21T01:52:05.191+0000] {dag.py:3239} INFO - Sync 1 DAGs
[2025-04-21T01:52:05.207+0000] {logging_mixin.py:190} INFO - [2025-04-21T01:52:05.207+0000] {dag.py:4180} INFO - Setting next_dagrun for TFL_DATA_DAG to 2025-04-21 00:00:00+00:00, run_after=2025-04-22 00:00:00+00:00
[2025-04-21T01:52:05.220+0000] {processor.py:208} INFO - Processing /opt/airflow/dags/my_dag.py took 0.105 seconds
[2025-04-21T01:52:35.564+0000] {processor.py:186} INFO - Started process (PID=2087) to work on /opt/airflow/dags/my_dag.py
[2025-04-21T01:52:35.565+0000] {processor.py:914} INFO - Processing file /opt/airflow/dags/my_dag.py for tasks to queue
[2025-04-21T01:52:35.567+0000] {logging_mixin.py:190} INFO - [2025-04-21T01:52:35.567+0000] {dagbag.py:588} INFO - Filling up the DagBag from /opt/airflow/dags/my_dag.py
[2025-04-21T01:52:35.586+0000] {processor.py:925} INFO - DAG(s) 'TFL_DATA_DAG' retrieved from /opt/airflow/dags/my_dag.py
[2025-04-21T01:52:35.598+0000] {logging_mixin.py:190} INFO - [2025-04-21T01:52:35.598+0000] {dag.py:3239} INFO - Sync 1 DAGs
[2025-04-21T01:52:35.612+0000] {logging_mixin.py:190} INFO - [2025-04-21T01:52:35.611+0000] {dag.py:4180} INFO - Setting next_dagrun for TFL_DATA_DAG to 2025-04-21 00:00:00+00:00, run_after=2025-04-22 00:00:00+00:00
[2025-04-21T01:52:35.623+0000] {processor.py:208} INFO - Processing /opt/airflow/dags/my_dag.py took 0.062 seconds
[2025-04-21T01:53:05.852+0000] {processor.py:186} INFO - Started process (PID=2103) to work on /opt/airflow/dags/my_dag.py
[2025-04-21T01:53:05.857+0000] {processor.py:914} INFO - Processing file /opt/airflow/dags/my_dag.py for tasks to queue
[2025-04-21T01:53:05.863+0000] {logging_mixin.py:190} INFO - [2025-04-21T01:53:05.863+0000] {dagbag.py:588} INFO - Filling up the DagBag from /opt/airflow/dags/my_dag.py
[2025-04-21T01:53:05.886+0000] {processor.py:925} INFO - DAG(s) 'TFL_DATA_DAG' retrieved from /opt/airflow/dags/my_dag.py
[2025-04-21T01:53:05.899+0000] {logging_mixin.py:190} INFO - [2025-04-21T01:53:05.899+0000] {dag.py:3239} INFO - Sync 1 DAGs
[2025-04-21T01:53:05.918+0000] {logging_mixin.py:190} INFO - [2025-04-21T01:53:05.918+0000] {dag.py:4180} INFO - Setting next_dagrun for TFL_DATA_DAG to 2025-04-21 00:00:00+00:00, run_after=2025-04-22 00:00:00+00:00
[2025-04-21T01:53:05.940+0000] {processor.py:208} INFO - Processing /opt/airflow/dags/my_dag.py took 0.092 seconds
[2025-04-21T01:53:36.162+0000] {processor.py:186} INFO - Started process (PID=2134) to work on /opt/airflow/dags/my_dag.py
[2025-04-21T01:53:36.163+0000] {processor.py:914} INFO - Processing file /opt/airflow/dags/my_dag.py for tasks to queue
[2025-04-21T01:53:36.165+0000] {logging_mixin.py:190} INFO - [2025-04-21T01:53:36.165+0000] {dagbag.py:588} INFO - Filling up the DagBag from /opt/airflow/dags/my_dag.py
[2025-04-21T01:53:36.175+0000] {processor.py:925} INFO - DAG(s) 'TFL_DATA_DAG' retrieved from /opt/airflow/dags/my_dag.py
[2025-04-21T01:53:36.187+0000] {logging_mixin.py:190} INFO - [2025-04-21T01:53:36.187+0000] {dag.py:3239} INFO - Sync 1 DAGs
[2025-04-21T01:53:36.201+0000] {logging_mixin.py:190} INFO - [2025-04-21T01:53:36.201+0000] {dag.py:4180} INFO - Setting next_dagrun for TFL_DATA_DAG to 2025-04-21 00:00:00+00:00, run_after=2025-04-22 00:00:00+00:00
[2025-04-21T01:53:36.214+0000] {processor.py:208} INFO - Processing /opt/airflow/dags/my_dag.py took 0.055 seconds
[2025-04-21T01:54:06.451+0000] {processor.py:186} INFO - Started process (PID=2150) to work on /opt/airflow/dags/my_dag.py
[2025-04-21T01:54:06.452+0000] {processor.py:914} INFO - Processing file /opt/airflow/dags/my_dag.py for tasks to queue
[2025-04-21T01:54:06.454+0000] {logging_mixin.py:190} INFO - [2025-04-21T01:54:06.454+0000] {dagbag.py:588} INFO - Filling up the DagBag from /opt/airflow/dags/my_dag.py
[2025-04-21T01:54:06.472+0000] {processor.py:925} INFO - DAG(s) 'TFL_DATA_DAG' retrieved from /opt/airflow/dags/my_dag.py
[2025-04-21T01:54:06.487+0000] {logging_mixin.py:190} INFO - [2025-04-21T01:54:06.487+0000] {dag.py:3239} INFO - Sync 1 DAGs
[2025-04-21T01:54:06.500+0000] {logging_mixin.py:190} INFO - [2025-04-21T01:54:06.500+0000] {dag.py:4180} INFO - Setting next_dagrun for TFL_DATA_DAG to 2025-04-21 00:00:00+00:00, run_after=2025-04-22 00:00:00+00:00
[2025-04-21T01:54:06.512+0000] {processor.py:208} INFO - Processing /opt/airflow/dags/my_dag.py took 0.064 seconds
[2025-04-21T01:54:36.758+0000] {processor.py:186} INFO - Started process (PID=2181) to work on /opt/airflow/dags/my_dag.py
[2025-04-21T01:54:36.759+0000] {processor.py:914} INFO - Processing file /opt/airflow/dags/my_dag.py for tasks to queue
[2025-04-21T01:54:36.761+0000] {logging_mixin.py:190} INFO - [2025-04-21T01:54:36.761+0000] {dagbag.py:588} INFO - Filling up the DagBag from /opt/airflow/dags/my_dag.py
[2025-04-21T01:54:36.779+0000] {processor.py:925} INFO - DAG(s) 'TFL_DATA_DAG' retrieved from /opt/airflow/dags/my_dag.py
[2025-04-21T01:54:36.793+0000] {logging_mixin.py:190} INFO - [2025-04-21T01:54:36.793+0000] {dag.py:3239} INFO - Sync 1 DAGs
[2025-04-21T01:54:36.810+0000] {logging_mixin.py:190} INFO - [2025-04-21T01:54:36.810+0000] {dag.py:4180} INFO - Setting next_dagrun for TFL_DATA_DAG to 2025-04-21 00:00:00+00:00, run_after=2025-04-22 00:00:00+00:00
[2025-04-21T01:54:36.823+0000] {processor.py:208} INFO - Processing /opt/airflow/dags/my_dag.py took 0.069 seconds
[2025-04-21T01:55:07.094+0000] {processor.py:186} INFO - Started process (PID=2197) to work on /opt/airflow/dags/my_dag.py
[2025-04-21T01:55:07.097+0000] {processor.py:914} INFO - Processing file /opt/airflow/dags/my_dag.py for tasks to queue
[2025-04-21T01:55:07.102+0000] {logging_mixin.py:190} INFO - [2025-04-21T01:55:07.102+0000] {dagbag.py:588} INFO - Filling up the DagBag from /opt/airflow/dags/my_dag.py
[2025-04-21T01:55:07.136+0000] {processor.py:925} INFO - DAG(s) 'TFL_DATA_DAG' retrieved from /opt/airflow/dags/my_dag.py
[2025-04-21T01:55:07.152+0000] {logging_mixin.py:190} INFO - [2025-04-21T01:55:07.152+0000] {dag.py:3239} INFO - Sync 1 DAGs
[2025-04-21T01:55:07.171+0000] {logging_mixin.py:190} INFO - [2025-04-21T01:55:07.171+0000] {dag.py:4180} INFO - Setting next_dagrun for TFL_DATA_DAG to 2025-04-21 00:00:00+00:00, run_after=2025-04-22 00:00:00+00:00
[2025-04-21T01:55:07.186+0000] {processor.py:208} INFO - Processing /opt/airflow/dags/my_dag.py took 0.100 seconds
[2025-04-21T01:55:37.424+0000] {processor.py:186} INFO - Started process (PID=2228) to work on /opt/airflow/dags/my_dag.py
[2025-04-21T01:55:37.425+0000] {processor.py:914} INFO - Processing file /opt/airflow/dags/my_dag.py for tasks to queue
[2025-04-21T01:55:37.427+0000] {logging_mixin.py:190} INFO - [2025-04-21T01:55:37.427+0000] {dagbag.py:588} INFO - Filling up the DagBag from /opt/airflow/dags/my_dag.py
[2025-04-21T01:55:37.454+0000] {processor.py:925} INFO - DAG(s) 'TFL_DATA_DAG' retrieved from /opt/airflow/dags/my_dag.py
[2025-04-21T01:55:37.468+0000] {logging_mixin.py:190} INFO - [2025-04-21T01:55:37.468+0000] {dag.py:3239} INFO - Sync 1 DAGs
[2025-04-21T01:55:37.483+0000] {logging_mixin.py:190} INFO - [2025-04-21T01:55:37.483+0000] {dag.py:4180} INFO - Setting next_dagrun for TFL_DATA_DAG to 2025-04-21 00:00:00+00:00, run_after=2025-04-22 00:00:00+00:00
[2025-04-21T01:55:37.496+0000] {processor.py:208} INFO - Processing /opt/airflow/dags/my_dag.py took 0.076 seconds
[2025-04-21T01:56:07.721+0000] {processor.py:186} INFO - Started process (PID=2244) to work on /opt/airflow/dags/my_dag.py
[2025-04-21T01:56:07.725+0000] {processor.py:914} INFO - Processing file /opt/airflow/dags/my_dag.py for tasks to queue
[2025-04-21T01:56:07.727+0000] {logging_mixin.py:190} INFO - [2025-04-21T01:56:07.727+0000] {dagbag.py:588} INFO - Filling up the DagBag from /opt/airflow/dags/my_dag.py
[2025-04-21T01:56:07.764+0000] {processor.py:925} INFO - DAG(s) 'TFL_DATA_DAG' retrieved from /opt/airflow/dags/my_dag.py
[2025-04-21T01:56:07.776+0000] {logging_mixin.py:190} INFO - [2025-04-21T01:56:07.776+0000] {dag.py:3239} INFO - Sync 1 DAGs
[2025-04-21T01:56:07.791+0000] {logging_mixin.py:190} INFO - [2025-04-21T01:56:07.791+0000] {dag.py:4180} INFO - Setting next_dagrun for TFL_DATA_DAG to 2025-04-21 00:00:00+00:00, run_after=2025-04-22 00:00:00+00:00
[2025-04-21T01:56:07.804+0000] {processor.py:208} INFO - Processing /opt/airflow/dags/my_dag.py took 0.087 seconds
[2025-04-21T01:56:38.039+0000] {processor.py:186} INFO - Started process (PID=2275) to work on /opt/airflow/dags/my_dag.py
[2025-04-21T01:56:38.042+0000] {processor.py:914} INFO - Processing file /opt/airflow/dags/my_dag.py for tasks to queue
[2025-04-21T01:56:38.044+0000] {logging_mixin.py:190} INFO - [2025-04-21T01:56:38.044+0000] {dagbag.py:588} INFO - Filling up the DagBag from /opt/airflow/dags/my_dag.py
[2025-04-21T01:56:38.078+0000] {processor.py:925} INFO - DAG(s) 'TFL_DATA_DAG' retrieved from /opt/airflow/dags/my_dag.py
[2025-04-21T01:56:38.111+0000] {logging_mixin.py:190} INFO - [2025-04-21T01:56:38.111+0000] {dag.py:3239} INFO - Sync 1 DAGs
[2025-04-21T01:56:38.132+0000] {logging_mixin.py:190} INFO - [2025-04-21T01:56:38.132+0000] {dag.py:4180} INFO - Setting next_dagrun for TFL_DATA_DAG to 2025-04-21 00:00:00+00:00, run_after=2025-04-22 00:00:00+00:00
[2025-04-21T01:56:38.142+0000] {processor.py:208} INFO - Processing /opt/airflow/dags/my_dag.py took 0.107 seconds
[2025-04-21T01:57:08.327+0000] {processor.py:186} INFO - Started process (PID=2291) to work on /opt/airflow/dags/my_dag.py
[2025-04-21T01:57:08.328+0000] {processor.py:914} INFO - Processing file /opt/airflow/dags/my_dag.py for tasks to queue
[2025-04-21T01:57:08.331+0000] {logging_mixin.py:190} INFO - [2025-04-21T01:57:08.331+0000] {dagbag.py:588} INFO - Filling up the DagBag from /opt/airflow/dags/my_dag.py
[2025-04-21T01:57:08.360+0000] {processor.py:925} INFO - DAG(s) 'TFL_DATA_DAG' retrieved from /opt/airflow/dags/my_dag.py
[2025-04-21T01:57:08.374+0000] {logging_mixin.py:190} INFO - [2025-04-21T01:57:08.374+0000] {dag.py:3239} INFO - Sync 1 DAGs
[2025-04-21T01:57:08.389+0000] {logging_mixin.py:190} INFO - [2025-04-21T01:57:08.389+0000] {dag.py:4180} INFO - Setting next_dagrun for TFL_DATA_DAG to 2025-04-21 00:00:00+00:00, run_after=2025-04-22 00:00:00+00:00
[2025-04-21T01:57:08.402+0000] {processor.py:208} INFO - Processing /opt/airflow/dags/my_dag.py took 0.078 seconds
[2025-04-21T01:57:36.593+0000] {processor.py:186} INFO - Started process (PID=2307) to work on /opt/airflow/dags/my_dag.py
[2025-04-21T01:57:36.594+0000] {processor.py:914} INFO - Processing file /opt/airflow/dags/my_dag.py for tasks to queue
[2025-04-21T01:57:36.595+0000] {logging_mixin.py:190} INFO - [2025-04-21T01:57:36.595+0000] {dagbag.py:588} INFO - Filling up the DagBag from /opt/airflow/dags/my_dag.py
[2025-04-21T01:57:36.621+0000] {processor.py:925} INFO - DAG(s) 'TFL_DATA_DAG' retrieved from /opt/airflow/dags/my_dag.py
[2025-04-21T01:57:36.633+0000] {logging_mixin.py:190} INFO - [2025-04-21T01:57:36.633+0000] {dag.py:3239} INFO - Sync 1 DAGs
[2025-04-21T01:57:36.646+0000] {logging_mixin.py:190} INFO - [2025-04-21T01:57:36.646+0000] {dag.py:4180} INFO - Setting next_dagrun for TFL_DATA_DAG to 2025-04-21 00:00:00+00:00, run_after=2025-04-22 00:00:00+00:00
[2025-04-21T01:57:36.662+0000] {processor.py:208} INFO - Processing /opt/airflow/dags/my_dag.py took 0.073 seconds
[2025-04-21T01:58:06.859+0000] {processor.py:186} INFO - Started process (PID=2340) to work on /opt/airflow/dags/my_dag.py
[2025-04-21T01:58:06.861+0000] {processor.py:914} INFO - Processing file /opt/airflow/dags/my_dag.py for tasks to queue
[2025-04-21T01:58:06.864+0000] {logging_mixin.py:190} INFO - [2025-04-21T01:58:06.863+0000] {dagbag.py:588} INFO - Filling up the DagBag from /opt/airflow/dags/my_dag.py
[2025-04-21T01:58:06.895+0000] {processor.py:925} INFO - DAG(s) 'TFL_DATA_DAG' retrieved from /opt/airflow/dags/my_dag.py
[2025-04-21T01:58:06.908+0000] {logging_mixin.py:190} INFO - [2025-04-21T01:58:06.908+0000] {dag.py:3239} INFO - Sync 1 DAGs
[2025-04-21T01:58:06.929+0000] {logging_mixin.py:190} INFO - [2025-04-21T01:58:06.929+0000] {dag.py:4180} INFO - Setting next_dagrun for TFL_DATA_DAG to 2025-04-21 00:00:00+00:00, run_after=2025-04-22 00:00:00+00:00
[2025-04-21T01:58:06.942+0000] {processor.py:208} INFO - Processing /opt/airflow/dags/my_dag.py took 0.086 seconds
[2025-04-21T01:58:37.147+0000] {processor.py:186} INFO - Started process (PID=2356) to work on /opt/airflow/dags/my_dag.py
[2025-04-21T01:58:37.148+0000] {processor.py:914} INFO - Processing file /opt/airflow/dags/my_dag.py for tasks to queue
[2025-04-21T01:58:37.150+0000] {logging_mixin.py:190} INFO - [2025-04-21T01:58:37.150+0000] {dagbag.py:588} INFO - Filling up the DagBag from /opt/airflow/dags/my_dag.py
[2025-04-21T01:58:37.164+0000] {processor.py:925} INFO - DAG(s) 'TFL_DATA_DAG' retrieved from /opt/airflow/dags/my_dag.py
[2025-04-21T01:58:37.177+0000] {logging_mixin.py:190} INFO - [2025-04-21T01:58:37.177+0000] {dag.py:3239} INFO - Sync 1 DAGs
[2025-04-21T01:58:37.190+0000] {logging_mixin.py:190} INFO - [2025-04-21T01:58:37.190+0000] {dag.py:4180} INFO - Setting next_dagrun for TFL_DATA_DAG to 2025-04-21 00:00:00+00:00, run_after=2025-04-22 00:00:00+00:00
[2025-04-21T01:58:37.201+0000] {processor.py:208} INFO - Processing /opt/airflow/dags/my_dag.py took 0.058 seconds
[2025-04-21T01:59:07.419+0000] {processor.py:186} INFO - Started process (PID=2372) to work on /opt/airflow/dags/my_dag.py
[2025-04-21T01:59:07.420+0000] {processor.py:914} INFO - Processing file /opt/airflow/dags/my_dag.py for tasks to queue
[2025-04-21T01:59:07.422+0000] {logging_mixin.py:190} INFO - [2025-04-21T01:59:07.422+0000] {dagbag.py:588} INFO - Filling up the DagBag from /opt/airflow/dags/my_dag.py
[2025-04-21T01:59:07.444+0000] {processor.py:925} INFO - DAG(s) 'TFL_DATA_DAG' retrieved from /opt/airflow/dags/my_dag.py
[2025-04-21T01:59:07.458+0000] {logging_mixin.py:190} INFO - [2025-04-21T01:59:07.458+0000] {dag.py:3239} INFO - Sync 1 DAGs
[2025-04-21T01:59:07.473+0000] {logging_mixin.py:190} INFO - [2025-04-21T01:59:07.472+0000] {dag.py:4180} INFO - Setting next_dagrun for TFL_DATA_DAG to 2025-04-21 00:00:00+00:00, run_after=2025-04-22 00:00:00+00:00
[2025-04-21T01:59:07.483+0000] {processor.py:208} INFO - Processing /opt/airflow/dags/my_dag.py took 0.070 seconds
[2025-04-21T01:59:37.690+0000] {processor.py:186} INFO - Started process (PID=2388) to work on /opt/airflow/dags/my_dag.py
[2025-04-21T01:59:37.691+0000] {processor.py:914} INFO - Processing file /opt/airflow/dags/my_dag.py for tasks to queue
[2025-04-21T01:59:37.700+0000] {logging_mixin.py:190} INFO - [2025-04-21T01:59:37.700+0000] {dagbag.py:588} INFO - Filling up the DagBag from /opt/airflow/dags/my_dag.py
[2025-04-21T01:59:37.714+0000] {processor.py:925} INFO - DAG(s) 'TFL_DATA_DAG' retrieved from /opt/airflow/dags/my_dag.py
[2025-04-21T01:59:37.731+0000] {logging_mixin.py:190} INFO - [2025-04-21T01:59:37.731+0000] {dag.py:3239} INFO - Sync 1 DAGs
[2025-04-21T01:59:37.746+0000] {logging_mixin.py:190} INFO - [2025-04-21T01:59:37.745+0000] {dag.py:4180} INFO - Setting next_dagrun for TFL_DATA_DAG to 2025-04-21 00:00:00+00:00, run_after=2025-04-22 00:00:00+00:00
[2025-04-21T01:59:37.758+0000] {processor.py:208} INFO - Processing /opt/airflow/dags/my_dag.py took 0.071 seconds
[2025-04-21T02:00:08.000+0000] {processor.py:186} INFO - Started process (PID=2404) to work on /opt/airflow/dags/my_dag.py
[2025-04-21T02:00:08.002+0000] {processor.py:914} INFO - Processing file /opt/airflow/dags/my_dag.py for tasks to queue
[2025-04-21T02:00:08.004+0000] {logging_mixin.py:190} INFO - [2025-04-21T02:00:08.003+0000] {dagbag.py:588} INFO - Filling up the DagBag from /opt/airflow/dags/my_dag.py
[2025-04-21T02:00:08.018+0000] {processor.py:925} INFO - DAG(s) 'TFL_DATA_DAG' retrieved from /opt/airflow/dags/my_dag.py
[2025-04-21T02:00:08.031+0000] {logging_mixin.py:190} INFO - [2025-04-21T02:00:08.031+0000] {dag.py:3239} INFO - Sync 1 DAGs
[2025-04-21T02:00:08.047+0000] {logging_mixin.py:190} INFO - [2025-04-21T02:00:08.047+0000] {dag.py:4180} INFO - Setting next_dagrun for TFL_DATA_DAG to 2025-04-21 00:00:00+00:00, run_after=2025-04-22 00:00:00+00:00
[2025-04-21T02:00:08.060+0000] {processor.py:208} INFO - Processing /opt/airflow/dags/my_dag.py took 0.063 seconds
[2025-04-21T02:00:38.300+0000] {processor.py:186} INFO - Started process (PID=2420) to work on /opt/airflow/dags/my_dag.py
[2025-04-21T02:00:38.302+0000] {processor.py:914} INFO - Processing file /opt/airflow/dags/my_dag.py for tasks to queue
[2025-04-21T02:00:38.305+0000] {logging_mixin.py:190} INFO - [2025-04-21T02:00:38.304+0000] {dagbag.py:588} INFO - Filling up the DagBag from /opt/airflow/dags/my_dag.py
[2025-04-21T02:00:38.339+0000] {processor.py:925} INFO - DAG(s) 'TFL_DATA_DAG' retrieved from /opt/airflow/dags/my_dag.py
[2025-04-21T02:00:38.362+0000] {logging_mixin.py:190} INFO - [2025-04-21T02:00:38.362+0000] {dag.py:3239} INFO - Sync 1 DAGs
[2025-04-21T02:00:38.382+0000] {logging_mixin.py:190} INFO - [2025-04-21T02:00:38.381+0000] {dag.py:4180} INFO - Setting next_dagrun for TFL_DATA_DAG to 2025-04-21 00:00:00+00:00, run_after=2025-04-22 00:00:00+00:00
[2025-04-21T02:00:38.396+0000] {processor.py:208} INFO - Processing /opt/airflow/dags/my_dag.py took 0.099 seconds
[2025-04-21T02:00:50.380+0000] {processor.py:186} INFO - Started process (PID=2431) to work on /opt/airflow/dags/my_dag.py
[2025-04-21T02:00:50.384+0000] {processor.py:914} INFO - Processing file /opt/airflow/dags/my_dag.py for tasks to queue
[2025-04-21T02:00:50.387+0000] {logging_mixin.py:190} INFO - [2025-04-21T02:00:50.386+0000] {dagbag.py:588} INFO - Filling up the DagBag from /opt/airflow/dags/my_dag.py
[2025-04-21T02:00:50.454+0000] {processor.py:925} INFO - DAG(s) 'TFL_DATA_DAG' retrieved from /opt/airflow/dags/my_dag.py
[2025-04-21T02:00:50.469+0000] {logging_mixin.py:190} INFO - [2025-04-21T02:00:50.469+0000] {dag.py:3239} INFO - Sync 1 DAGs
[2025-04-21T02:00:50.484+0000] {logging_mixin.py:190} INFO - [2025-04-21T02:00:50.484+0000] {dag.py:4180} INFO - Setting next_dagrun for TFL_DATA_DAG to 2025-04-21 00:00:00+00:00, run_after=2025-04-22 00:00:00+00:00
[2025-04-21T02:00:50.499+0000] {processor.py:208} INFO - Processing /opt/airflow/dags/my_dag.py took 0.123 seconds
[2025-04-21T02:01:20.743+0000] {processor.py:186} INFO - Started process (PID=2464) to work on /opt/airflow/dags/my_dag.py
[2025-04-21T02:01:20.745+0000] {processor.py:914} INFO - Processing file /opt/airflow/dags/my_dag.py for tasks to queue
[2025-04-21T02:01:20.754+0000] {logging_mixin.py:190} INFO - [2025-04-21T02:01:20.753+0000] {dagbag.py:588} INFO - Filling up the DagBag from /opt/airflow/dags/my_dag.py
[2025-04-21T02:01:20.778+0000] {processor.py:925} INFO - DAG(s) 'TFL_DATA_DAG' retrieved from /opt/airflow/dags/my_dag.py
[2025-04-21T02:01:20.790+0000] {logging_mixin.py:190} INFO - [2025-04-21T02:01:20.790+0000] {dag.py:3239} INFO - Sync 1 DAGs
[2025-04-21T02:01:20.804+0000] {logging_mixin.py:190} INFO - [2025-04-21T02:01:20.804+0000] {dag.py:4180} INFO - Setting next_dagrun for TFL_DATA_DAG to 2025-04-21 00:00:00+00:00, run_after=2025-04-22 00:00:00+00:00
[2025-04-21T02:01:20.816+0000] {processor.py:208} INFO - Processing /opt/airflow/dags/my_dag.py took 0.079 seconds
[2025-04-21T02:01:51.058+0000] {processor.py:186} INFO - Started process (PID=2480) to work on /opt/airflow/dags/my_dag.py
[2025-04-21T02:01:51.059+0000] {processor.py:914} INFO - Processing file /opt/airflow/dags/my_dag.py for tasks to queue
[2025-04-21T02:01:51.061+0000] {logging_mixin.py:190} INFO - [2025-04-21T02:01:51.061+0000] {dagbag.py:588} INFO - Filling up the DagBag from /opt/airflow/dags/my_dag.py
[2025-04-21T02:01:51.077+0000] {processor.py:925} INFO - DAG(s) 'TFL_DATA_DAG' retrieved from /opt/airflow/dags/my_dag.py
[2025-04-21T02:01:51.089+0000] {logging_mixin.py:190} INFO - [2025-04-21T02:01:51.089+0000] {dag.py:3239} INFO - Sync 1 DAGs
[2025-04-21T02:01:51.102+0000] {logging_mixin.py:190} INFO - [2025-04-21T02:01:51.102+0000] {dag.py:4180} INFO - Setting next_dagrun for TFL_DATA_DAG to 2025-04-21 00:00:00+00:00, run_after=2025-04-22 00:00:00+00:00
[2025-04-21T02:01:51.114+0000] {processor.py:208} INFO - Processing /opt/airflow/dags/my_dag.py took 0.060 seconds
[2025-04-21T02:02:13.442+0000] {processor.py:186} INFO - Started process (PID=2490) to work on /opt/airflow/dags/my_dag.py
[2025-04-21T02:02:13.443+0000] {processor.py:914} INFO - Processing file /opt/airflow/dags/my_dag.py for tasks to queue
[2025-04-21T02:02:13.445+0000] {logging_mixin.py:190} INFO - [2025-04-21T02:02:13.444+0000] {dagbag.py:588} INFO - Filling up the DagBag from /opt/airflow/dags/my_dag.py
[2025-04-21T02:02:13.476+0000] {processor.py:925} INFO - DAG(s) 'TFL_DATA_DAG' retrieved from /opt/airflow/dags/my_dag.py
[2025-04-21T02:02:13.488+0000] {logging_mixin.py:190} INFO - [2025-04-21T02:02:13.488+0000] {dag.py:3239} INFO - Sync 1 DAGs
[2025-04-21T02:02:13.503+0000] {logging_mixin.py:190} INFO - [2025-04-21T02:02:13.502+0000] {dag.py:4180} INFO - Setting next_dagrun for TFL_DATA_DAG to 2025-04-21 00:00:00+00:00, run_after=2025-04-22 00:00:00+00:00
[2025-04-21T02:02:13.518+0000] {processor.py:208} INFO - Processing /opt/airflow/dags/my_dag.py took 0.080 seconds
[2025-04-21T02:02:43.738+0000] {processor.py:186} INFO - Started process (PID=2523) to work on /opt/airflow/dags/my_dag.py
[2025-04-21T02:02:43.739+0000] {processor.py:914} INFO - Processing file /opt/airflow/dags/my_dag.py for tasks to queue
[2025-04-21T02:02:43.741+0000] {logging_mixin.py:190} INFO - [2025-04-21T02:02:43.740+0000] {dagbag.py:588} INFO - Filling up the DagBag from /opt/airflow/dags/my_dag.py
[2025-04-21T02:02:43.755+0000] {processor.py:925} INFO - DAG(s) 'TFL_DATA_DAG' retrieved from /opt/airflow/dags/my_dag.py
[2025-04-21T02:02:43.768+0000] {logging_mixin.py:190} INFO - [2025-04-21T02:02:43.768+0000] {dag.py:3239} INFO - Sync 1 DAGs
[2025-04-21T02:02:43.781+0000] {logging_mixin.py:190} INFO - [2025-04-21T02:02:43.781+0000] {dag.py:4180} INFO - Setting next_dagrun for TFL_DATA_DAG to 2025-04-21 00:00:00+00:00, run_after=2025-04-22 00:00:00+00:00
[2025-04-21T02:02:43.793+0000] {processor.py:208} INFO - Processing /opt/airflow/dags/my_dag.py took 0.059 seconds
[2025-04-21T02:03:14.023+0000] {processor.py:186} INFO - Started process (PID=2539) to work on /opt/airflow/dags/my_dag.py
[2025-04-21T02:03:14.027+0000] {processor.py:914} INFO - Processing file /opt/airflow/dags/my_dag.py for tasks to queue
[2025-04-21T02:03:14.029+0000] {logging_mixin.py:190} INFO - [2025-04-21T02:03:14.029+0000] {dagbag.py:588} INFO - Filling up the DagBag from /opt/airflow/dags/my_dag.py
[2025-04-21T02:03:14.076+0000] {processor.py:925} INFO - DAG(s) 'TFL_DATA_DAG' retrieved from /opt/airflow/dags/my_dag.py
[2025-04-21T02:03:14.090+0000] {logging_mixin.py:190} INFO - [2025-04-21T02:03:14.090+0000] {dag.py:3239} INFO - Sync 1 DAGs
[2025-04-21T02:03:14.104+0000] {logging_mixin.py:190} INFO - [2025-04-21T02:03:14.104+0000] {dag.py:4180} INFO - Setting next_dagrun for TFL_DATA_DAG to 2025-04-21 00:00:00+00:00, run_after=2025-04-22 00:00:00+00:00
[2025-04-21T02:03:14.117+0000] {processor.py:208} INFO - Processing /opt/airflow/dags/my_dag.py took 0.097 seconds
[2025-04-21T02:03:20.040+0000] {processor.py:186} INFO - Started process (PID=2550) to work on /opt/airflow/dags/my_dag.py
[2025-04-21T02:03:20.041+0000] {processor.py:914} INFO - Processing file /opt/airflow/dags/my_dag.py for tasks to queue
[2025-04-21T02:03:20.044+0000] {logging_mixin.py:190} INFO - [2025-04-21T02:03:20.043+0000] {dagbag.py:588} INFO - Filling up the DagBag from /opt/airflow/dags/my_dag.py
[2025-04-21T02:03:20.071+0000] {processor.py:925} INFO - DAG(s) 'TFL_DATA_DAG' retrieved from /opt/airflow/dags/my_dag.py
[2025-04-21T02:03:20.083+0000] {logging_mixin.py:190} INFO - [2025-04-21T02:03:20.083+0000] {dag.py:3239} INFO - Sync 1 DAGs
[2025-04-21T02:03:20.096+0000] {logging_mixin.py:190} INFO - [2025-04-21T02:03:20.096+0000] {dag.py:4180} INFO - Setting next_dagrun for TFL_DATA_DAG to 2025-04-21 00:00:00+00:00, run_after=2025-04-22 00:00:00+00:00
[2025-04-21T02:03:20.111+0000] {processor.py:208} INFO - Processing /opt/airflow/dags/my_dag.py took 0.074 seconds
[2025-04-21T02:03:50.348+0000] {processor.py:186} INFO - Started process (PID=2583) to work on /opt/airflow/dags/my_dag.py
[2025-04-21T02:03:50.350+0000] {processor.py:914} INFO - Processing file /opt/airflow/dags/my_dag.py for tasks to queue
[2025-04-21T02:03:50.353+0000] {logging_mixin.py:190} INFO - [2025-04-21T02:03:50.353+0000] {dagbag.py:588} INFO - Filling up the DagBag from /opt/airflow/dags/my_dag.py
[2025-04-21T02:03:50.378+0000] {processor.py:925} INFO - DAG(s) 'TFL_DATA_DAG' retrieved from /opt/airflow/dags/my_dag.py
[2025-04-21T02:03:50.390+0000] {logging_mixin.py:190} INFO - [2025-04-21T02:03:50.390+0000] {dag.py:3239} INFO - Sync 1 DAGs
[2025-04-21T02:03:50.407+0000] {logging_mixin.py:190} INFO - [2025-04-21T02:03:50.407+0000] {dag.py:4180} INFO - Setting next_dagrun for TFL_DATA_DAG to 2025-04-21 00:00:00+00:00, run_after=2025-04-22 00:00:00+00:00
[2025-04-21T02:03:50.420+0000] {processor.py:208} INFO - Processing /opt/airflow/dags/my_dag.py took 0.075 seconds
[2025-04-21T02:04:12.573+0000] {processor.py:186} INFO - Started process (PID=2593) to work on /opt/airflow/dags/my_dag.py
[2025-04-21T02:04:12.574+0000] {processor.py:914} INFO - Processing file /opt/airflow/dags/my_dag.py for tasks to queue
[2025-04-21T02:04:12.577+0000] {logging_mixin.py:190} INFO - [2025-04-21T02:04:12.577+0000] {dagbag.py:588} INFO - Filling up the DagBag from /opt/airflow/dags/my_dag.py
[2025-04-21T02:04:12.602+0000] {processor.py:925} INFO - DAG(s) 'TFL_DATA_DAG' retrieved from /opt/airflow/dags/my_dag.py
[2025-04-21T02:04:12.614+0000] {logging_mixin.py:190} INFO - [2025-04-21T02:04:12.614+0000] {dag.py:3239} INFO - Sync 1 DAGs
[2025-04-21T02:04:12.628+0000] {logging_mixin.py:190} INFO - [2025-04-21T02:04:12.628+0000] {dag.py:4180} INFO - Setting next_dagrun for TFL_DATA_DAG to 2025-04-21 00:00:00+00:00, run_after=2025-04-22 00:00:00+00:00
[2025-04-21T02:04:12.641+0000] {processor.py:208} INFO - Processing /opt/airflow/dags/my_dag.py took 0.071 seconds
[2025-04-21T02:04:42.861+0000] {processor.py:186} INFO - Started process (PID=2626) to work on /opt/airflow/dags/my_dag.py
[2025-04-21T02:04:42.862+0000] {processor.py:914} INFO - Processing file /opt/airflow/dags/my_dag.py for tasks to queue
[2025-04-21T02:04:42.864+0000] {logging_mixin.py:190} INFO - [2025-04-21T02:04:42.864+0000] {dagbag.py:588} INFO - Filling up the DagBag from /opt/airflow/dags/my_dag.py
[2025-04-21T02:04:42.880+0000] {processor.py:925} INFO - DAG(s) 'TFL_DATA_DAG' retrieved from /opt/airflow/dags/my_dag.py
[2025-04-21T02:04:42.894+0000] {logging_mixin.py:190} INFO - [2025-04-21T02:04:42.894+0000] {dag.py:3239} INFO - Sync 1 DAGs
[2025-04-21T02:04:42.911+0000] {logging_mixin.py:190} INFO - [2025-04-21T02:04:42.911+0000] {dag.py:4180} INFO - Setting next_dagrun for TFL_DATA_DAG to 2025-04-21 00:00:00+00:00, run_after=2025-04-22 00:00:00+00:00
[2025-04-21T02:04:42.924+0000] {processor.py:208} INFO - Processing /opt/airflow/dags/my_dag.py took 0.068 seconds
[2025-04-21T02:05:13.157+0000] {processor.py:186} INFO - Started process (PID=2642) to work on /opt/airflow/dags/my_dag.py
[2025-04-21T02:05:13.160+0000] {processor.py:914} INFO - Processing file /opt/airflow/dags/my_dag.py for tasks to queue
[2025-04-21T02:05:13.162+0000] {logging_mixin.py:190} INFO - [2025-04-21T02:05:13.162+0000] {dagbag.py:588} INFO - Filling up the DagBag from /opt/airflow/dags/my_dag.py
[2025-04-21T02:05:13.197+0000] {processor.py:925} INFO - DAG(s) 'TFL_DATA_DAG' retrieved from /opt/airflow/dags/my_dag.py
[2025-04-21T02:05:13.211+0000] {logging_mixin.py:190} INFO - [2025-04-21T02:05:13.211+0000] {dag.py:3239} INFO - Sync 1 DAGs
[2025-04-21T02:05:13.226+0000] {logging_mixin.py:190} INFO - [2025-04-21T02:05:13.226+0000] {dag.py:4180} INFO - Setting next_dagrun for TFL_DATA_DAG to 2025-04-21 00:00:00+00:00, run_after=2025-04-22 00:00:00+00:00
[2025-04-21T02:05:13.238+0000] {processor.py:208} INFO - Processing /opt/airflow/dags/my_dag.py took 0.087 seconds
[2025-04-21T02:05:43.446+0000] {processor.py:186} INFO - Started process (PID=2658) to work on /opt/airflow/dags/my_dag.py
[2025-04-21T02:05:43.447+0000] {processor.py:914} INFO - Processing file /opt/airflow/dags/my_dag.py for tasks to queue
[2025-04-21T02:05:43.449+0000] {logging_mixin.py:190} INFO - [2025-04-21T02:05:43.449+0000] {dagbag.py:588} INFO - Filling up the DagBag from /opt/airflow/dags/my_dag.py
[2025-04-21T02:05:43.467+0000] {processor.py:925} INFO - DAG(s) 'TFL_DATA_DAG' retrieved from /opt/airflow/dags/my_dag.py
[2025-04-21T02:05:43.480+0000] {logging_mixin.py:190} INFO - [2025-04-21T02:05:43.480+0000] {dag.py:3239} INFO - Sync 1 DAGs
[2025-04-21T02:05:43.494+0000] {logging_mixin.py:190} INFO - [2025-04-21T02:05:43.494+0000] {dag.py:4180} INFO - Setting next_dagrun for TFL_DATA_DAG to 2025-04-21 00:00:00+00:00, run_after=2025-04-22 00:00:00+00:00
[2025-04-21T02:05:43.507+0000] {processor.py:208} INFO - Processing /opt/airflow/dags/my_dag.py took 0.064 seconds
[2025-04-21T02:06:13.728+0000] {processor.py:186} INFO - Started process (PID=2674) to work on /opt/airflow/dags/my_dag.py
[2025-04-21T02:06:13.730+0000] {processor.py:914} INFO - Processing file /opt/airflow/dags/my_dag.py for tasks to queue
[2025-04-21T02:06:13.732+0000] {logging_mixin.py:190} INFO - [2025-04-21T02:06:13.732+0000] {dagbag.py:588} INFO - Filling up the DagBag from /opt/airflow/dags/my_dag.py
[2025-04-21T02:06:13.747+0000] {processor.py:925} INFO - DAG(s) 'TFL_DATA_DAG' retrieved from /opt/airflow/dags/my_dag.py
[2025-04-21T02:06:13.760+0000] {logging_mixin.py:190} INFO - [2025-04-21T02:06:13.760+0000] {dag.py:3239} INFO - Sync 1 DAGs
[2025-04-21T02:06:13.774+0000] {logging_mixin.py:190} INFO - [2025-04-21T02:06:13.774+0000] {dag.py:4180} INFO - Setting next_dagrun for TFL_DATA_DAG to 2025-04-21 00:00:00+00:00, run_after=2025-04-22 00:00:00+00:00
[2025-04-21T02:06:13.786+0000] {processor.py:208} INFO - Processing /opt/airflow/dags/my_dag.py took 0.063 seconds
[2025-04-21T02:06:20.853+0000] {processor.py:186} INFO - Started process (PID=2685) to work on /opt/airflow/dags/my_dag.py
[2025-04-21T02:06:20.854+0000] {processor.py:914} INFO - Processing file /opt/airflow/dags/my_dag.py for tasks to queue
[2025-04-21T02:06:20.856+0000] {logging_mixin.py:190} INFO - [2025-04-21T02:06:20.856+0000] {dagbag.py:588} INFO - Filling up the DagBag from /opt/airflow/dags/my_dag.py
[2025-04-21T02:06:20.919+0000] {processor.py:925} INFO - DAG(s) 'TFL_DATA_DAG' retrieved from /opt/airflow/dags/my_dag.py
[2025-04-21T02:06:20.930+0000] {logging_mixin.py:190} INFO - [2025-04-21T02:06:20.930+0000] {dag.py:3239} INFO - Sync 1 DAGs
[2025-04-21T02:06:20.944+0000] {logging_mixin.py:190} INFO - [2025-04-21T02:06:20.944+0000] {dag.py:4180} INFO - Setting next_dagrun for TFL_DATA_DAG to 2025-04-21 00:00:00+00:00, run_after=2025-04-22 00:00:00+00:00
[2025-04-21T02:06:20.959+0000] {processor.py:208} INFO - Processing /opt/airflow/dags/my_dag.py took 0.109 seconds
[2025-04-21T02:06:51.066+0000] {processor.py:186} INFO - Started process (PID=2718) to work on /opt/airflow/dags/my_dag.py
[2025-04-21T02:06:51.067+0000] {processor.py:914} INFO - Processing file /opt/airflow/dags/my_dag.py for tasks to queue
[2025-04-21T02:06:51.069+0000] {logging_mixin.py:190} INFO - [2025-04-21T02:06:51.069+0000] {dagbag.py:588} INFO - Filling up the DagBag from /opt/airflow/dags/my_dag.py
[2025-04-21T02:06:51.087+0000] {processor.py:925} INFO - DAG(s) 'TFL_DATA_DAG' retrieved from /opt/airflow/dags/my_dag.py
[2025-04-21T02:06:51.102+0000] {logging_mixin.py:190} INFO - [2025-04-21T02:06:51.102+0000] {dag.py:3239} INFO - Sync 1 DAGs
[2025-04-21T02:06:51.115+0000] {logging_mixin.py:190} INFO - [2025-04-21T02:06:51.115+0000] {dag.py:4180} INFO - Setting next_dagrun for TFL_DATA_DAG to 2025-04-21 00:00:00+00:00, run_after=2025-04-22 00:00:00+00:00
[2025-04-21T02:06:51.128+0000] {processor.py:208} INFO - Processing /opt/airflow/dags/my_dag.py took 0.067 seconds
[2025-04-21T02:07:21.424+0000] {processor.py:186} INFO - Started process (PID=2734) to work on /opt/airflow/dags/my_dag.py
[2025-04-21T02:07:21.426+0000] {processor.py:914} INFO - Processing file /opt/airflow/dags/my_dag.py for tasks to queue
[2025-04-21T02:07:21.428+0000] {logging_mixin.py:190} INFO - [2025-04-21T02:07:21.428+0000] {dagbag.py:588} INFO - Filling up the DagBag from /opt/airflow/dags/my_dag.py
[2025-04-21T02:07:21.446+0000] {processor.py:925} INFO - DAG(s) 'TFL_DATA_DAG' retrieved from /opt/airflow/dags/my_dag.py
[2025-04-21T02:07:21.459+0000] {logging_mixin.py:190} INFO - [2025-04-21T02:07:21.459+0000] {dag.py:3239} INFO - Sync 1 DAGs
[2025-04-21T02:07:21.474+0000] {logging_mixin.py:190} INFO - [2025-04-21T02:07:21.473+0000] {dag.py:4180} INFO - Setting next_dagrun for TFL_DATA_DAG to 2025-04-21 00:00:00+00:00, run_after=2025-04-22 00:00:00+00:00
[2025-04-21T02:07:21.486+0000] {processor.py:208} INFO - Processing /opt/airflow/dags/my_dag.py took 0.067 seconds
[2025-04-21T02:07:51.792+0000] {processor.py:186} INFO - Started process (PID=2750) to work on /opt/airflow/dags/my_dag.py
[2025-04-21T02:07:51.797+0000] {processor.py:914} INFO - Processing file /opt/airflow/dags/my_dag.py for tasks to queue
[2025-04-21T02:07:51.801+0000] {logging_mixin.py:190} INFO - [2025-04-21T02:07:51.800+0000] {dagbag.py:588} INFO - Filling up the DagBag from /opt/airflow/dags/my_dag.py
[2025-04-21T02:07:51.889+0000] {processor.py:925} INFO - DAG(s) 'TFL_DATA_DAG' retrieved from /opt/airflow/dags/my_dag.py
[2025-04-21T02:07:51.901+0000] {logging_mixin.py:190} INFO - [2025-04-21T02:07:51.901+0000] {dag.py:3239} INFO - Sync 1 DAGs
[2025-04-21T02:07:51.915+0000] {logging_mixin.py:190} INFO - [2025-04-21T02:07:51.915+0000] {dag.py:4180} INFO - Setting next_dagrun for TFL_DATA_DAG to 2025-04-21 00:00:00+00:00, run_after=2025-04-22 00:00:00+00:00
[2025-04-21T02:07:51.926+0000] {processor.py:208} INFO - Processing /opt/airflow/dags/my_dag.py took 0.142 seconds
[2025-04-21T02:08:22.015+0000] {processor.py:186} INFO - Started process (PID=2766) to work on /opt/airflow/dags/my_dag.py
[2025-04-21T02:08:22.016+0000] {processor.py:914} INFO - Processing file /opt/airflow/dags/my_dag.py for tasks to queue
[2025-04-21T02:08:22.018+0000] {logging_mixin.py:190} INFO - [2025-04-21T02:08:22.018+0000] {dagbag.py:588} INFO - Filling up the DagBag from /opt/airflow/dags/my_dag.py
[2025-04-21T02:08:22.032+0000] {processor.py:925} INFO - DAG(s) 'TFL_DATA_DAG' retrieved from /opt/airflow/dags/my_dag.py
[2025-04-21T02:08:22.046+0000] {logging_mixin.py:190} INFO - [2025-04-21T02:08:22.046+0000] {dag.py:3239} INFO - Sync 1 DAGs
[2025-04-21T02:08:22.059+0000] {logging_mixin.py:190} INFO - [2025-04-21T02:08:22.059+0000] {dag.py:4180} INFO - Setting next_dagrun for TFL_DATA_DAG to 2025-04-21 00:00:00+00:00, run_after=2025-04-22 00:00:00+00:00
[2025-04-21T02:08:22.072+0000] {processor.py:208} INFO - Processing /opt/airflow/dags/my_dag.py took 0.060 seconds
[2025-04-21T02:08:52.339+0000] {processor.py:186} INFO - Started process (PID=2782) to work on /opt/airflow/dags/my_dag.py
[2025-04-21T02:08:52.341+0000] {processor.py:914} INFO - Processing file /opt/airflow/dags/my_dag.py for tasks to queue
[2025-04-21T02:08:52.343+0000] {logging_mixin.py:190} INFO - [2025-04-21T02:08:52.343+0000] {dagbag.py:588} INFO - Filling up the DagBag from /opt/airflow/dags/my_dag.py
[2025-04-21T02:08:52.373+0000] {processor.py:925} INFO - DAG(s) 'TFL_DATA_DAG' retrieved from /opt/airflow/dags/my_dag.py
[2025-04-21T02:08:52.387+0000] {logging_mixin.py:190} INFO - [2025-04-21T02:08:52.386+0000] {dag.py:3239} INFO - Sync 1 DAGs
[2025-04-21T02:08:52.401+0000] {logging_mixin.py:190} INFO - [2025-04-21T02:08:52.401+0000] {dag.py:4180} INFO - Setting next_dagrun for TFL_DATA_DAG to 2025-04-21 00:00:00+00:00, run_after=2025-04-22 00:00:00+00:00
[2025-04-21T02:08:52.413+0000] {processor.py:208} INFO - Processing /opt/airflow/dags/my_dag.py took 0.077 seconds
[2025-04-21T02:09:22.556+0000] {processor.py:186} INFO - Started process (PID=2798) to work on /opt/airflow/dags/my_dag.py
[2025-04-21T02:09:22.557+0000] {processor.py:914} INFO - Processing file /opt/airflow/dags/my_dag.py for tasks to queue
[2025-04-21T02:09:22.560+0000] {logging_mixin.py:190} INFO - [2025-04-21T02:09:22.560+0000] {dagbag.py:588} INFO - Filling up the DagBag from /opt/airflow/dags/my_dag.py
[2025-04-21T02:09:22.587+0000] {processor.py:925} INFO - DAG(s) 'TFL_DATA_DAG' retrieved from /opt/airflow/dags/my_dag.py
[2025-04-21T02:09:22.600+0000] {logging_mixin.py:190} INFO - [2025-04-21T02:09:22.600+0000] {dag.py:3239} INFO - Sync 1 DAGs
[2025-04-21T02:09:22.613+0000] {logging_mixin.py:190} INFO - [2025-04-21T02:09:22.613+0000] {dag.py:4180} INFO - Setting next_dagrun for TFL_DATA_DAG to 2025-04-21 00:00:00+00:00, run_after=2025-04-22 00:00:00+00:00
[2025-04-21T02:09:22.624+0000] {processor.py:208} INFO - Processing /opt/airflow/dags/my_dag.py took 0.072 seconds
[2025-04-21T02:09:52.872+0000] {processor.py:186} INFO - Started process (PID=2814) to work on /opt/airflow/dags/my_dag.py
[2025-04-21T02:09:52.873+0000] {processor.py:914} INFO - Processing file /opt/airflow/dags/my_dag.py for tasks to queue
[2025-04-21T02:09:52.876+0000] {logging_mixin.py:190} INFO - [2025-04-21T02:09:52.875+0000] {dagbag.py:588} INFO - Filling up the DagBag from /opt/airflow/dags/my_dag.py
[2025-04-21T02:09:52.900+0000] {processor.py:925} INFO - DAG(s) 'TFL_DATA_DAG' retrieved from /opt/airflow/dags/my_dag.py
[2025-04-21T02:09:52.916+0000] {logging_mixin.py:190} INFO - [2025-04-21T02:09:52.916+0000] {dag.py:3239} INFO - Sync 1 DAGs
[2025-04-21T02:09:52.931+0000] {logging_mixin.py:190} INFO - [2025-04-21T02:09:52.931+0000] {dag.py:4180} INFO - Setting next_dagrun for TFL_DATA_DAG to 2025-04-21 00:00:00+00:00, run_after=2025-04-22 00:00:00+00:00
[2025-04-21T02:09:52.943+0000] {processor.py:208} INFO - Processing /opt/airflow/dags/my_dag.py took 0.076 seconds
[2025-04-21T02:10:11.082+0000] {processor.py:186} INFO - Started process (PID=2824) to work on /opt/airflow/dags/my_dag.py
[2025-04-21T02:10:11.083+0000] {processor.py:914} INFO - Processing file /opt/airflow/dags/my_dag.py for tasks to queue
[2025-04-21T02:10:11.086+0000] {logging_mixin.py:190} INFO - [2025-04-21T02:10:11.085+0000] {dagbag.py:588} INFO - Filling up the DagBag from /opt/airflow/dags/my_dag.py
[2025-04-21T02:10:11.112+0000] {processor.py:925} INFO - DAG(s) 'TFL_DATA_DAG' retrieved from /opt/airflow/dags/my_dag.py
[2025-04-21T02:10:11.130+0000] {logging_mixin.py:190} INFO - [2025-04-21T02:10:11.130+0000] {dag.py:3239} INFO - Sync 1 DAGs
[2025-04-21T02:10:11.147+0000] {logging_mixin.py:190} INFO - [2025-04-21T02:10:11.147+0000] {dag.py:4180} INFO - Setting next_dagrun for TFL_DATA_DAG to 2025-04-21 00:00:00+00:00, run_after=2025-04-22 00:00:00+00:00
[2025-04-21T02:10:11.164+0000] {processor.py:208} INFO - Processing /opt/airflow/dags/my_dag.py took 0.085 seconds
[2025-04-21T02:10:41.374+0000] {processor.py:186} INFO - Started process (PID=2857) to work on /opt/airflow/dags/my_dag.py
[2025-04-21T02:10:41.376+0000] {processor.py:914} INFO - Processing file /opt/airflow/dags/my_dag.py for tasks to queue
[2025-04-21T02:10:41.378+0000] {logging_mixin.py:190} INFO - [2025-04-21T02:10:41.378+0000] {dagbag.py:588} INFO - Filling up the DagBag from /opt/airflow/dags/my_dag.py
[2025-04-21T02:10:41.410+0000] {processor.py:925} INFO - DAG(s) 'TFL_DATA_DAG' retrieved from /opt/airflow/dags/my_dag.py
[2025-04-21T02:10:41.423+0000] {logging_mixin.py:190} INFO - [2025-04-21T02:10:41.423+0000] {dag.py:3239} INFO - Sync 1 DAGs
[2025-04-21T02:10:41.437+0000] {logging_mixin.py:190} INFO - [2025-04-21T02:10:41.437+0000] {dag.py:4180} INFO - Setting next_dagrun for TFL_DATA_DAG to 2025-04-21 00:00:00+00:00, run_after=2025-04-22 00:00:00+00:00
[2025-04-21T02:10:41.448+0000] {processor.py:208} INFO - Processing /opt/airflow/dags/my_dag.py took 0.077 seconds
[2025-04-21T02:11:11.669+0000] {processor.py:186} INFO - Started process (PID=2873) to work on /opt/airflow/dags/my_dag.py
[2025-04-21T02:11:11.670+0000] {processor.py:914} INFO - Processing file /opt/airflow/dags/my_dag.py for tasks to queue
[2025-04-21T02:11:11.672+0000] {logging_mixin.py:190} INFO - [2025-04-21T02:11:11.672+0000] {dagbag.py:588} INFO - Filling up the DagBag from /opt/airflow/dags/my_dag.py
[2025-04-21T02:11:11.686+0000] {processor.py:925} INFO - DAG(s) 'TFL_DATA_DAG' retrieved from /opt/airflow/dags/my_dag.py
[2025-04-21T02:11:11.698+0000] {logging_mixin.py:190} INFO - [2025-04-21T02:11:11.698+0000] {dag.py:3239} INFO - Sync 1 DAGs
[2025-04-21T02:11:11.711+0000] {logging_mixin.py:190} INFO - [2025-04-21T02:11:11.711+0000] {dag.py:4180} INFO - Setting next_dagrun for TFL_DATA_DAG to 2025-04-21 00:00:00+00:00, run_after=2025-04-22 00:00:00+00:00
[2025-04-21T02:11:11.722+0000] {processor.py:208} INFO - Processing /opt/airflow/dags/my_dag.py took 0.056 seconds
[2025-04-21T02:11:41.965+0000] {processor.py:186} INFO - Started process (PID=2889) to work on /opt/airflow/dags/my_dag.py
[2025-04-21T02:11:41.967+0000] {processor.py:914} INFO - Processing file /opt/airflow/dags/my_dag.py for tasks to queue
[2025-04-21T02:11:41.969+0000] {logging_mixin.py:190} INFO - [2025-04-21T02:11:41.969+0000] {dagbag.py:588} INFO - Filling up the DagBag from /opt/airflow/dags/my_dag.py
[2025-04-21T02:11:41.994+0000] {processor.py:925} INFO - DAG(s) 'TFL_DATA_DAG' retrieved from /opt/airflow/dags/my_dag.py
[2025-04-21T02:11:42.006+0000] {logging_mixin.py:190} INFO - [2025-04-21T02:11:42.006+0000] {dag.py:3239} INFO - Sync 1 DAGs
[2025-04-21T02:11:42.020+0000] {logging_mixin.py:190} INFO - [2025-04-21T02:11:42.020+0000] {dag.py:4180} INFO - Setting next_dagrun for TFL_DATA_DAG to 2025-04-21 00:00:00+00:00, run_after=2025-04-22 00:00:00+00:00
[2025-04-21T02:11:42.032+0000] {processor.py:208} INFO - Processing /opt/airflow/dags/my_dag.py took 0.071 seconds
[2025-04-21T02:12:12.233+0000] {processor.py:186} INFO - Started process (PID=2905) to work on /opt/airflow/dags/my_dag.py
[2025-04-21T02:12:12.234+0000] {processor.py:914} INFO - Processing file /opt/airflow/dags/my_dag.py for tasks to queue
[2025-04-21T02:12:12.236+0000] {logging_mixin.py:190} INFO - [2025-04-21T02:12:12.236+0000] {dagbag.py:588} INFO - Filling up the DagBag from /opt/airflow/dags/my_dag.py
[2025-04-21T02:12:12.253+0000] {processor.py:925} INFO - DAG(s) 'TFL_DATA_DAG' retrieved from /opt/airflow/dags/my_dag.py
[2025-04-21T02:12:12.266+0000] {logging_mixin.py:190} INFO - [2025-04-21T02:12:12.266+0000] {dag.py:3239} INFO - Sync 1 DAGs
[2025-04-21T02:12:12.281+0000] {logging_mixin.py:190} INFO - [2025-04-21T02:12:12.281+0000] {dag.py:4180} INFO - Setting next_dagrun for TFL_DATA_DAG to 2025-04-21 00:00:00+00:00, run_after=2025-04-22 00:00:00+00:00
[2025-04-21T02:12:12.295+0000] {processor.py:208} INFO - Processing /opt/airflow/dags/my_dag.py took 0.066 seconds
[2025-04-21T02:12:42.457+0000] {processor.py:186} INFO - Started process (PID=2921) to work on /opt/airflow/dags/my_dag.py
[2025-04-21T02:12:42.460+0000] {processor.py:914} INFO - Processing file /opt/airflow/dags/my_dag.py for tasks to queue
[2025-04-21T02:12:42.463+0000] {logging_mixin.py:190} INFO - [2025-04-21T02:12:42.463+0000] {dagbag.py:588} INFO - Filling up the DagBag from /opt/airflow/dags/my_dag.py
[2025-04-21T02:12:42.491+0000] {processor.py:925} INFO - DAG(s) 'TFL_DATA_DAG' retrieved from /opt/airflow/dags/my_dag.py
[2025-04-21T02:12:42.505+0000] {logging_mixin.py:190} INFO - [2025-04-21T02:12:42.505+0000] {dag.py:3239} INFO - Sync 1 DAGs
[2025-04-21T02:12:42.521+0000] {logging_mixin.py:190} INFO - [2025-04-21T02:12:42.521+0000] {dag.py:4180} INFO - Setting next_dagrun for TFL_DATA_DAG to 2025-04-21 00:00:00+00:00, run_after=2025-04-22 00:00:00+00:00
[2025-04-21T02:12:42.533+0000] {processor.py:208} INFO - Processing /opt/airflow/dags/my_dag.py took 0.079 seconds
[2025-04-21T02:13:02.660+0000] {processor.py:186} INFO - Started process (PID=2932) to work on /opt/airflow/dags/my_dag.py
[2025-04-21T02:13:02.661+0000] {processor.py:914} INFO - Processing file /opt/airflow/dags/my_dag.py for tasks to queue
[2025-04-21T02:13:02.663+0000] {logging_mixin.py:190} INFO - [2025-04-21T02:13:02.662+0000] {dagbag.py:588} INFO - Filling up the DagBag from /opt/airflow/dags/my_dag.py
[2025-04-21T02:13:02.705+0000] {processor.py:925} INFO - DAG(s) 'TFL_DATA_DAG' retrieved from /opt/airflow/dags/my_dag.py
[2025-04-21T02:13:02.721+0000] {logging_mixin.py:190} INFO - [2025-04-21T02:13:02.721+0000] {dag.py:3239} INFO - Sync 1 DAGs
[2025-04-21T02:13:02.736+0000] {logging_mixin.py:190} INFO - [2025-04-21T02:13:02.736+0000] {dag.py:4180} INFO - Setting next_dagrun for TFL_DATA_DAG to 2025-04-21 00:00:00+00:00, run_after=2025-04-22 00:00:00+00:00
[2025-04-21T02:13:02.783+0000] {processor.py:208} INFO - Processing /opt/airflow/dags/my_dag.py took 0.128 seconds
[2025-04-21T02:13:32.859+0000] {processor.py:186} INFO - Started process (PID=2951) to work on /opt/airflow/dags/my_dag.py
[2025-04-21T02:13:32.861+0000] {processor.py:914} INFO - Processing file /opt/airflow/dags/my_dag.py for tasks to queue
[2025-04-21T02:13:32.862+0000] {logging_mixin.py:190} INFO - [2025-04-21T02:13:32.862+0000] {dagbag.py:588} INFO - Filling up the DagBag from /opt/airflow/dags/my_dag.py
[2025-04-21T02:13:32.874+0000] {processor.py:925} INFO - DAG(s) 'TFL_DATA_DAG' retrieved from /opt/airflow/dags/my_dag.py
[2025-04-21T02:13:32.888+0000] {logging_mixin.py:190} INFO - [2025-04-21T02:13:32.887+0000] {dag.py:3239} INFO - Sync 1 DAGs
[2025-04-21T02:13:32.903+0000] {logging_mixin.py:190} INFO - [2025-04-21T02:13:32.903+0000] {dag.py:4180} INFO - Setting next_dagrun for TFL_DATA_DAG to 2025-04-21 00:00:00+00:00, run_after=2025-04-22 00:00:00+00:00
[2025-04-21T02:13:32.914+0000] {processor.py:208} INFO - Processing /opt/airflow/dags/my_dag.py took 0.059 seconds
[2025-04-21T02:13:50.069+0000] {processor.py:186} INFO - Started process (PID=2967) to work on /opt/airflow/dags/my_dag.py
[2025-04-21T02:13:50.070+0000] {processor.py:914} INFO - Processing file /opt/airflow/dags/my_dag.py for tasks to queue
[2025-04-21T02:13:50.072+0000] {logging_mixin.py:190} INFO - [2025-04-21T02:13:50.072+0000] {dagbag.py:588} INFO - Filling up the DagBag from /opt/airflow/dags/my_dag.py
[2025-04-21T02:13:50.103+0000] {processor.py:925} INFO - DAG(s) 'TFL_DATA_DAG' retrieved from /opt/airflow/dags/my_dag.py
[2025-04-21T02:13:50.116+0000] {logging_mixin.py:190} INFO - [2025-04-21T02:13:50.115+0000] {dag.py:3239} INFO - Sync 1 DAGs
[2025-04-21T02:13:50.130+0000] {logging_mixin.py:190} INFO - [2025-04-21T02:13:50.130+0000] {dag.py:4180} INFO - Setting next_dagrun for TFL_DATA_DAG to 2025-04-21 00:00:00+00:00, run_after=2025-04-22 00:00:00+00:00
[2025-04-21T02:13:50.145+0000] {processor.py:208} INFO - Processing /opt/airflow/dags/my_dag.py took 0.080 seconds
[2025-04-21T02:14:20.358+0000] {processor.py:186} INFO - Started process (PID=2986) to work on /opt/airflow/dags/my_dag.py
[2025-04-21T02:14:20.360+0000] {processor.py:914} INFO - Processing file /opt/airflow/dags/my_dag.py for tasks to queue
[2025-04-21T02:14:20.363+0000] {logging_mixin.py:190} INFO - [2025-04-21T02:14:20.363+0000] {dagbag.py:588} INFO - Filling up the DagBag from /opt/airflow/dags/my_dag.py
[2025-04-21T02:14:20.385+0000] {processor.py:925} INFO - DAG(s) 'TFL_DATA_DAG' retrieved from /opt/airflow/dags/my_dag.py
[2025-04-21T02:14:20.399+0000] {logging_mixin.py:190} INFO - [2025-04-21T02:14:20.399+0000] {dag.py:3239} INFO - Sync 1 DAGs
[2025-04-21T02:14:20.413+0000] {logging_mixin.py:190} INFO - [2025-04-21T02:14:20.413+0000] {dag.py:4180} INFO - Setting next_dagrun for TFL_DATA_DAG to 2025-04-21 00:00:00+00:00, run_after=2025-04-22 00:00:00+00:00
[2025-04-21T02:14:20.425+0000] {processor.py:208} INFO - Processing /opt/airflow/dags/my_dag.py took 0.072 seconds
[2025-04-21T02:14:50.627+0000] {processor.py:186} INFO - Started process (PID=3002) to work on /opt/airflow/dags/my_dag.py
[2025-04-21T02:14:50.628+0000] {processor.py:914} INFO - Processing file /opt/airflow/dags/my_dag.py for tasks to queue
[2025-04-21T02:14:50.630+0000] {logging_mixin.py:190} INFO - [2025-04-21T02:14:50.630+0000] {dagbag.py:588} INFO - Filling up the DagBag from /opt/airflow/dags/my_dag.py
[2025-04-21T02:14:50.643+0000] {processor.py:925} INFO - DAG(s) 'TFL_DATA_DAG' retrieved from /opt/airflow/dags/my_dag.py
[2025-04-21T02:14:50.655+0000] {logging_mixin.py:190} INFO - [2025-04-21T02:14:50.655+0000] {dag.py:3239} INFO - Sync 1 DAGs
[2025-04-21T02:14:50.669+0000] {logging_mixin.py:190} INFO - [2025-04-21T02:14:50.668+0000] {dag.py:4180} INFO - Setting next_dagrun for TFL_DATA_DAG to 2025-04-21 00:00:00+00:00, run_after=2025-04-22 00:00:00+00:00
[2025-04-21T02:14:50.679+0000] {processor.py:208} INFO - Processing /opt/airflow/dags/my_dag.py took 0.055 seconds
[2025-04-21T02:15:20.906+0000] {processor.py:186} INFO - Started process (PID=3021) to work on /opt/airflow/dags/my_dag.py
[2025-04-21T02:15:20.907+0000] {processor.py:914} INFO - Processing file /opt/airflow/dags/my_dag.py for tasks to queue
[2025-04-21T02:15:20.909+0000] {logging_mixin.py:190} INFO - [2025-04-21T02:15:20.909+0000] {dagbag.py:588} INFO - Filling up the DagBag from /opt/airflow/dags/my_dag.py
[2025-04-21T02:15:20.926+0000] {processor.py:925} INFO - DAG(s) 'TFL_DATA_DAG' retrieved from /opt/airflow/dags/my_dag.py
[2025-04-21T02:15:20.939+0000] {logging_mixin.py:190} INFO - [2025-04-21T02:15:20.939+0000] {dag.py:3239} INFO - Sync 1 DAGs
[2025-04-21T02:15:20.952+0000] {logging_mixin.py:190} INFO - [2025-04-21T02:15:20.952+0000] {dag.py:4180} INFO - Setting next_dagrun for TFL_DATA_DAG to 2025-04-21 00:00:00+00:00, run_after=2025-04-22 00:00:00+00:00
[2025-04-21T02:15:20.964+0000] {processor.py:208} INFO - Processing /opt/airflow/dags/my_dag.py took 0.065 seconds
[2025-04-21T02:15:51.160+0000] {processor.py:186} INFO - Started process (PID=3037) to work on /opt/airflow/dags/my_dag.py
[2025-04-21T02:15:51.165+0000] {processor.py:914} INFO - Processing file /opt/airflow/dags/my_dag.py for tasks to queue
[2025-04-21T02:15:51.173+0000] {logging_mixin.py:190} INFO - [2025-04-21T02:15:51.172+0000] {dagbag.py:588} INFO - Filling up the DagBag from /opt/airflow/dags/my_dag.py
[2025-04-21T02:15:51.227+0000] {processor.py:925} INFO - DAG(s) 'TFL_DATA_DAG' retrieved from /opt/airflow/dags/my_dag.py
[2025-04-21T02:15:51.242+0000] {logging_mixin.py:190} INFO - [2025-04-21T02:15:51.242+0000] {dag.py:3239} INFO - Sync 1 DAGs
[2025-04-21T02:15:51.259+0000] {logging_mixin.py:190} INFO - [2025-04-21T02:15:51.259+0000] {dag.py:4180} INFO - Setting next_dagrun for TFL_DATA_DAG to 2025-04-21 00:00:00+00:00, run_after=2025-04-22 00:00:00+00:00
[2025-04-21T02:15:51.279+0000] {processor.py:208} INFO - Processing /opt/airflow/dags/my_dag.py took 0.122 seconds
[2025-04-21T02:16:20.481+0000] {processor.py:186} INFO - Started process (PID=3056) to work on /opt/airflow/dags/my_dag.py
[2025-04-21T02:16:20.482+0000] {processor.py:914} INFO - Processing file /opt/airflow/dags/my_dag.py for tasks to queue
[2025-04-21T02:16:20.484+0000] {logging_mixin.py:190} INFO - [2025-04-21T02:16:20.484+0000] {dagbag.py:588} INFO - Filling up the DagBag from /opt/airflow/dags/my_dag.py
[2025-04-21T02:16:20.533+0000] {processor.py:925} INFO - DAG(s) 'TFL_DATA_DAG' retrieved from /opt/airflow/dags/my_dag.py
[2025-04-21T02:16:20.545+0000] {logging_mixin.py:190} INFO - [2025-04-21T02:16:20.545+0000] {dag.py:3239} INFO - Sync 1 DAGs
[2025-04-21T02:16:20.560+0000] {logging_mixin.py:190} INFO - [2025-04-21T02:16:20.560+0000] {dag.py:4180} INFO - Setting next_dagrun for TFL_DATA_DAG to 2025-04-21 00:00:00+00:00, run_after=2025-04-22 00:00:00+00:00
[2025-04-21T02:16:20.574+0000] {processor.py:208} INFO - Processing /opt/airflow/dags/my_dag.py took 0.095 seconds
[2025-04-21T02:16:50.845+0000] {processor.py:186} INFO - Started process (PID=3113) to work on /opt/airflow/dags/my_dag.py
[2025-04-21T02:16:50.851+0000] {processor.py:914} INFO - Processing file /opt/airflow/dags/my_dag.py for tasks to queue
[2025-04-21T02:16:50.854+0000] {logging_mixin.py:190} INFO - [2025-04-21T02:16:50.854+0000] {dagbag.py:588} INFO - Filling up the DagBag from /opt/airflow/dags/my_dag.py
[2025-04-21T02:16:50.892+0000] {processor.py:925} INFO - DAG(s) 'TFL_DATA_DAG' retrieved from /opt/airflow/dags/my_dag.py
[2025-04-21T02:16:50.910+0000] {logging_mixin.py:190} INFO - [2025-04-21T02:16:50.910+0000] {dag.py:3239} INFO - Sync 1 DAGs
[2025-04-21T02:16:50.928+0000] {logging_mixin.py:190} INFO - [2025-04-21T02:16:50.928+0000] {dag.py:4180} INFO - Setting next_dagrun for TFL_DATA_DAG to 2025-04-21 00:00:00+00:00, run_after=2025-04-22 00:00:00+00:00
[2025-04-21T02:16:50.940+0000] {processor.py:208} INFO - Processing /opt/airflow/dags/my_dag.py took 0.100 seconds
[2025-04-21T02:17:21.057+0000] {processor.py:186} INFO - Started process (PID=3129) to work on /opt/airflow/dags/my_dag.py
[2025-04-21T02:17:21.058+0000] {processor.py:914} INFO - Processing file /opt/airflow/dags/my_dag.py for tasks to queue
[2025-04-21T02:17:21.060+0000] {logging_mixin.py:190} INFO - [2025-04-21T02:17:21.059+0000] {dagbag.py:588} INFO - Filling up the DagBag from /opt/airflow/dags/my_dag.py
[2025-04-21T02:17:21.079+0000] {processor.py:925} INFO - DAG(s) 'TFL_DATA_DAG' retrieved from /opt/airflow/dags/my_dag.py
[2025-04-21T02:17:21.093+0000] {logging_mixin.py:190} INFO - [2025-04-21T02:17:21.092+0000] {dag.py:3239} INFO - Sync 1 DAGs
[2025-04-21T02:17:21.109+0000] {logging_mixin.py:190} INFO - [2025-04-21T02:17:21.109+0000] {dag.py:4180} INFO - Setting next_dagrun for TFL_DATA_DAG to 2025-04-21 00:00:00+00:00, run_after=2025-04-22 00:00:00+00:00
[2025-04-21T02:17:21.121+0000] {processor.py:208} INFO - Processing /opt/airflow/dags/my_dag.py took 0.068 seconds
[2025-04-21T02:17:51.342+0000] {processor.py:186} INFO - Started process (PID=3145) to work on /opt/airflow/dags/my_dag.py
[2025-04-21T02:17:51.343+0000] {processor.py:914} INFO - Processing file /opt/airflow/dags/my_dag.py for tasks to queue
[2025-04-21T02:17:51.345+0000] {logging_mixin.py:190} INFO - [2025-04-21T02:17:51.345+0000] {dagbag.py:588} INFO - Filling up the DagBag from /opt/airflow/dags/my_dag.py
[2025-04-21T02:17:51.359+0000] {processor.py:925} INFO - DAG(s) 'TFL_DATA_DAG' retrieved from /opt/airflow/dags/my_dag.py
[2025-04-21T02:17:51.371+0000] {logging_mixin.py:190} INFO - [2025-04-21T02:17:51.371+0000] {dag.py:3239} INFO - Sync 1 DAGs
[2025-04-21T02:17:51.386+0000] {logging_mixin.py:190} INFO - [2025-04-21T02:17:51.386+0000] {dag.py:4180} INFO - Setting next_dagrun for TFL_DATA_DAG to 2025-04-21 00:00:00+00:00, run_after=2025-04-22 00:00:00+00:00
[2025-04-21T02:17:51.398+0000] {processor.py:208} INFO - Processing /opt/airflow/dags/my_dag.py took 0.060 seconds
[2025-04-21T02:18:21.577+0000] {processor.py:186} INFO - Started process (PID=3161) to work on /opt/airflow/dags/my_dag.py
[2025-04-21T02:18:21.579+0000] {processor.py:914} INFO - Processing file /opt/airflow/dags/my_dag.py for tasks to queue
[2025-04-21T02:18:21.581+0000] {logging_mixin.py:190} INFO - [2025-04-21T02:18:21.581+0000] {dagbag.py:588} INFO - Filling up the DagBag from /opt/airflow/dags/my_dag.py
[2025-04-21T02:18:21.595+0000] {processor.py:925} INFO - DAG(s) 'TFL_DATA_DAG' retrieved from /opt/airflow/dags/my_dag.py
[2025-04-21T02:18:21.608+0000] {logging_mixin.py:190} INFO - [2025-04-21T02:18:21.607+0000] {dag.py:3239} INFO - Sync 1 DAGs
[2025-04-21T02:18:21.622+0000] {logging_mixin.py:190} INFO - [2025-04-21T02:18:21.622+0000] {dag.py:4180} INFO - Setting next_dagrun for TFL_DATA_DAG to 2025-04-21 00:00:00+00:00, run_after=2025-04-22 00:00:00+00:00
[2025-04-21T02:18:21.632+0000] {processor.py:208} INFO - Processing /opt/airflow/dags/my_dag.py took 0.058 seconds
[2025-04-21T02:18:51.916+0000] {processor.py:186} INFO - Started process (PID=3177) to work on /opt/airflow/dags/my_dag.py
[2025-04-21T02:18:51.918+0000] {processor.py:914} INFO - Processing file /opt/airflow/dags/my_dag.py for tasks to queue
[2025-04-21T02:18:51.921+0000] {logging_mixin.py:190} INFO - [2025-04-21T02:18:51.920+0000] {dagbag.py:588} INFO - Filling up the DagBag from /opt/airflow/dags/my_dag.py
[2025-04-21T02:18:51.942+0000] {processor.py:925} INFO - DAG(s) 'TFL_DATA_DAG' retrieved from /opt/airflow/dags/my_dag.py
[2025-04-21T02:18:51.958+0000] {logging_mixin.py:190} INFO - [2025-04-21T02:18:51.957+0000] {dag.py:3239} INFO - Sync 1 DAGs
[2025-04-21T02:18:51.973+0000] {logging_mixin.py:190} INFO - [2025-04-21T02:18:51.973+0000] {dag.py:4180} INFO - Setting next_dagrun for TFL_DATA_DAG to 2025-04-21 00:00:00+00:00, run_after=2025-04-22 00:00:00+00:00
[2025-04-21T02:18:51.985+0000] {processor.py:208} INFO - Processing /opt/airflow/dags/my_dag.py took 0.074 seconds
[2025-04-21T02:19:22.099+0000] {processor.py:186} INFO - Started process (PID=3193) to work on /opt/airflow/dags/my_dag.py
[2025-04-21T02:19:22.101+0000] {processor.py:914} INFO - Processing file /opt/airflow/dags/my_dag.py for tasks to queue
[2025-04-21T02:19:22.103+0000] {logging_mixin.py:190} INFO - [2025-04-21T02:19:22.103+0000] {dagbag.py:588} INFO - Filling up the DagBag from /opt/airflow/dags/my_dag.py
[2025-04-21T02:19:22.121+0000] {processor.py:925} INFO - DAG(s) 'TFL_DATA_DAG' retrieved from /opt/airflow/dags/my_dag.py
[2025-04-21T02:19:22.134+0000] {logging_mixin.py:190} INFO - [2025-04-21T02:19:22.134+0000] {dag.py:3239} INFO - Sync 1 DAGs
[2025-04-21T02:19:22.148+0000] {logging_mixin.py:190} INFO - [2025-04-21T02:19:22.148+0000] {dag.py:4180} INFO - Setting next_dagrun for TFL_DATA_DAG to 2025-04-21 00:00:00+00:00, run_after=2025-04-22 00:00:00+00:00
[2025-04-21T02:19:22.159+0000] {processor.py:208} INFO - Processing /opt/airflow/dags/my_dag.py took 0.065 seconds
[2025-04-21T02:19:52.427+0000] {processor.py:186} INFO - Started process (PID=3209) to work on /opt/airflow/dags/my_dag.py
[2025-04-21T02:19:52.427+0000] {processor.py:914} INFO - Processing file /opt/airflow/dags/my_dag.py for tasks to queue
[2025-04-21T02:19:52.429+0000] {logging_mixin.py:190} INFO - [2025-04-21T02:19:52.429+0000] {dagbag.py:588} INFO - Filling up the DagBag from /opt/airflow/dags/my_dag.py
[2025-04-21T02:19:52.459+0000] {processor.py:925} INFO - DAG(s) 'TFL_DATA_DAG' retrieved from /opt/airflow/dags/my_dag.py
[2025-04-21T02:19:52.470+0000] {logging_mixin.py:190} INFO - [2025-04-21T02:19:52.470+0000] {dag.py:3239} INFO - Sync 1 DAGs
[2025-04-21T02:19:52.484+0000] {logging_mixin.py:190} INFO - [2025-04-21T02:19:52.484+0000] {dag.py:4180} INFO - Setting next_dagrun for TFL_DATA_DAG to 2025-04-21 00:00:00+00:00, run_after=2025-04-22 00:00:00+00:00
[2025-04-21T02:19:52.500+0000] {processor.py:208} INFO - Processing /opt/airflow/dags/my_dag.py took 0.077 seconds
[2025-04-21T02:20:10.602+0000] {processor.py:186} INFO - Started process (PID=3214) to work on /opt/airflow/dags/my_dag.py
[2025-04-21T02:20:10.605+0000] {processor.py:914} INFO - Processing file /opt/airflow/dags/my_dag.py for tasks to queue
[2025-04-21T02:20:10.610+0000] {logging_mixin.py:190} INFO - [2025-04-21T02:20:10.610+0000] {dagbag.py:588} INFO - Filling up the DagBag from /opt/airflow/dags/my_dag.py
[2025-04-21T02:20:10.687+0000] {processor.py:925} INFO - DAG(s) 'TFL_DATA_DAG' retrieved from /opt/airflow/dags/my_dag.py
[2025-04-21T02:20:10.699+0000] {logging_mixin.py:190} INFO - [2025-04-21T02:20:10.699+0000] {dag.py:3239} INFO - Sync 1 DAGs
[2025-04-21T02:20:10.716+0000] {logging_mixin.py:190} INFO - [2025-04-21T02:20:10.716+0000] {dag.py:4180} INFO - Setting next_dagrun for TFL_DATA_DAG to 2025-04-21 00:00:00+00:00, run_after=2025-04-22 00:00:00+00:00
[2025-04-21T02:20:10.734+0000] {processor.py:208} INFO - Processing /opt/airflow/dags/my_dag.py took 0.136 seconds
[2025-04-21T02:20:40.837+0000] {processor.py:186} INFO - Started process (PID=3230) to work on /opt/airflow/dags/my_dag.py
[2025-04-21T02:20:40.839+0000] {processor.py:914} INFO - Processing file /opt/airflow/dags/my_dag.py for tasks to queue
[2025-04-21T02:20:40.842+0000] {logging_mixin.py:190} INFO - [2025-04-21T02:20:40.841+0000] {dagbag.py:588} INFO - Filling up the DagBag from /opt/airflow/dags/my_dag.py
[2025-04-21T02:20:40.859+0000] {processor.py:925} INFO - DAG(s) 'TFL_DATA_DAG' retrieved from /opt/airflow/dags/my_dag.py
[2025-04-21T02:20:40.871+0000] {logging_mixin.py:190} INFO - [2025-04-21T02:20:40.871+0000] {dag.py:3239} INFO - Sync 1 DAGs
[2025-04-21T02:20:40.885+0000] {logging_mixin.py:190} INFO - [2025-04-21T02:20:40.884+0000] {dag.py:4180} INFO - Setting next_dagrun for TFL_DATA_DAG to 2025-04-21 00:00:00+00:00, run_after=2025-04-22 00:00:00+00:00
[2025-04-21T02:20:40.896+0000] {processor.py:208} INFO - Processing /opt/airflow/dags/my_dag.py took 0.063 seconds
[2025-04-21T02:21:11.158+0000] {processor.py:186} INFO - Started process (PID=3246) to work on /opt/airflow/dags/my_dag.py
[2025-04-21T02:21:11.160+0000] {processor.py:914} INFO - Processing file /opt/airflow/dags/my_dag.py for tasks to queue
[2025-04-21T02:21:11.164+0000] {logging_mixin.py:190} INFO - [2025-04-21T02:21:11.164+0000] {dagbag.py:588} INFO - Filling up the DagBag from /opt/airflow/dags/my_dag.py
[2025-04-21T02:21:11.194+0000] {processor.py:925} INFO - DAG(s) 'TFL_DATA_DAG' retrieved from /opt/airflow/dags/my_dag.py
[2025-04-21T02:21:11.208+0000] {logging_mixin.py:190} INFO - [2025-04-21T02:21:11.208+0000] {dag.py:3239} INFO - Sync 1 DAGs
[2025-04-21T02:21:11.227+0000] {logging_mixin.py:190} INFO - [2025-04-21T02:21:11.226+0000] {dag.py:4180} INFO - Setting next_dagrun for TFL_DATA_DAG to 2025-04-21 00:00:00+00:00, run_after=2025-04-22 00:00:00+00:00
[2025-04-21T02:21:11.239+0000] {processor.py:208} INFO - Processing /opt/airflow/dags/my_dag.py took 0.084 seconds
[2025-04-21T02:21:41.486+0000] {processor.py:186} INFO - Started process (PID=3262) to work on /opt/airflow/dags/my_dag.py
[2025-04-21T02:21:41.487+0000] {processor.py:914} INFO - Processing file /opt/airflow/dags/my_dag.py for tasks to queue
[2025-04-21T02:21:41.489+0000] {logging_mixin.py:190} INFO - [2025-04-21T02:21:41.489+0000] {dagbag.py:588} INFO - Filling up the DagBag from /opt/airflow/dags/my_dag.py
[2025-04-21T02:21:41.506+0000] {processor.py:925} INFO - DAG(s) 'TFL_DATA_DAG' retrieved from /opt/airflow/dags/my_dag.py
[2025-04-21T02:21:41.518+0000] {logging_mixin.py:190} INFO - [2025-04-21T02:21:41.518+0000] {dag.py:3239} INFO - Sync 1 DAGs
[2025-04-21T02:21:41.532+0000] {logging_mixin.py:190} INFO - [2025-04-21T02:21:41.532+0000] {dag.py:4180} INFO - Setting next_dagrun for TFL_DATA_DAG to 2025-04-21 00:00:00+00:00, run_after=2025-04-22 00:00:00+00:00
[2025-04-21T02:21:41.544+0000] {processor.py:208} INFO - Processing /opt/airflow/dags/my_dag.py took 0.061 seconds
[2025-04-21T02:22:11.791+0000] {processor.py:186} INFO - Started process (PID=3278) to work on /opt/airflow/dags/my_dag.py
[2025-04-21T02:22:11.792+0000] {processor.py:914} INFO - Processing file /opt/airflow/dags/my_dag.py for tasks to queue
[2025-04-21T02:22:11.794+0000] {logging_mixin.py:190} INFO - [2025-04-21T02:22:11.794+0000] {dagbag.py:588} INFO - Filling up the DagBag from /opt/airflow/dags/my_dag.py
[2025-04-21T02:22:11.810+0000] {processor.py:925} INFO - DAG(s) 'TFL_DATA_DAG' retrieved from /opt/airflow/dags/my_dag.py
[2025-04-21T02:22:11.825+0000] {logging_mixin.py:190} INFO - [2025-04-21T02:22:11.825+0000] {dag.py:3239} INFO - Sync 1 DAGs
[2025-04-21T02:22:11.840+0000] {logging_mixin.py:190} INFO - [2025-04-21T02:22:11.840+0000] {dag.py:4180} INFO - Setting next_dagrun for TFL_DATA_DAG to 2025-04-21 00:00:00+00:00, run_after=2025-04-22 00:00:00+00:00
[2025-04-21T02:22:11.854+0000] {processor.py:208} INFO - Processing /opt/airflow/dags/my_dag.py took 0.067 seconds
[2025-04-21T02:22:42.159+0000] {processor.py:186} INFO - Started process (PID=3294) to work on /opt/airflow/dags/my_dag.py
[2025-04-21T02:22:42.160+0000] {processor.py:914} INFO - Processing file /opt/airflow/dags/my_dag.py for tasks to queue
[2025-04-21T02:22:42.162+0000] {logging_mixin.py:190} INFO - [2025-04-21T02:22:42.162+0000] {dagbag.py:588} INFO - Filling up the DagBag from /opt/airflow/dags/my_dag.py
[2025-04-21T02:22:42.178+0000] {processor.py:925} INFO - DAG(s) 'TFL_DATA_DAG' retrieved from /opt/airflow/dags/my_dag.py
[2025-04-21T02:22:42.189+0000] {logging_mixin.py:190} INFO - [2025-04-21T02:22:42.189+0000] {dag.py:3239} INFO - Sync 1 DAGs
[2025-04-21T02:22:42.204+0000] {logging_mixin.py:190} INFO - [2025-04-21T02:22:42.204+0000] {dag.py:4180} INFO - Setting next_dagrun for TFL_DATA_DAG to 2025-04-21 00:00:00+00:00, run_after=2025-04-22 00:00:00+00:00
[2025-04-21T02:22:42.215+0000] {processor.py:208} INFO - Processing /opt/airflow/dags/my_dag.py took 0.060 seconds
[2025-04-21T02:22:48.310+0000] {processor.py:186} INFO - Started process (PID=3304) to work on /opt/airflow/dags/my_dag.py
[2025-04-21T02:22:48.312+0000] {processor.py:914} INFO - Processing file /opt/airflow/dags/my_dag.py for tasks to queue
[2025-04-21T02:22:48.314+0000] {logging_mixin.py:190} INFO - [2025-04-21T02:22:48.314+0000] {dagbag.py:588} INFO - Filling up the DagBag from /opt/airflow/dags/my_dag.py
[2025-04-21T02:22:48.364+0000] {processor.py:925} INFO - DAG(s) 'TFL_DATA_DAG' retrieved from /opt/airflow/dags/my_dag.py
[2025-04-21T02:22:48.380+0000] {logging_mixin.py:190} INFO - [2025-04-21T02:22:48.379+0000] {dag.py:3239} INFO - Sync 1 DAGs
[2025-04-21T02:22:48.396+0000] {logging_mixin.py:190} INFO - [2025-04-21T02:22:48.396+0000] {dag.py:4180} INFO - Setting next_dagrun for TFL_DATA_DAG to 2025-04-21 00:00:00+00:00, run_after=2025-04-22 00:00:00+00:00
[2025-04-21T02:22:48.414+0000] {processor.py:208} INFO - Processing /opt/airflow/dags/my_dag.py took 0.109 seconds
[2025-04-21T02:23:18.583+0000] {processor.py:186} INFO - Started process (PID=3320) to work on /opt/airflow/dags/my_dag.py
[2025-04-21T02:23:18.584+0000] {processor.py:914} INFO - Processing file /opt/airflow/dags/my_dag.py for tasks to queue
[2025-04-21T02:23:18.587+0000] {logging_mixin.py:190} INFO - [2025-04-21T02:23:18.587+0000] {dagbag.py:588} INFO - Filling up the DagBag from /opt/airflow/dags/my_dag.py
[2025-04-21T02:23:18.605+0000] {processor.py:925} INFO - DAG(s) 'TFL_DATA_DAG' retrieved from /opt/airflow/dags/my_dag.py
[2025-04-21T02:23:18.620+0000] {logging_mixin.py:190} INFO - [2025-04-21T02:23:18.619+0000] {dag.py:3239} INFO - Sync 1 DAGs
[2025-04-21T02:23:18.634+0000] {logging_mixin.py:190} INFO - [2025-04-21T02:23:18.634+0000] {dag.py:4180} INFO - Setting next_dagrun for TFL_DATA_DAG to 2025-04-21 00:00:00+00:00, run_after=2025-04-22 00:00:00+00:00
[2025-04-21T02:23:18.646+0000] {processor.py:208} INFO - Processing /opt/airflow/dags/my_dag.py took 0.066 seconds
[2025-04-21T02:23:48.837+0000] {processor.py:186} INFO - Started process (PID=3336) to work on /opt/airflow/dags/my_dag.py
[2025-04-21T02:23:48.843+0000] {processor.py:914} INFO - Processing file /opt/airflow/dags/my_dag.py for tasks to queue
[2025-04-21T02:23:48.845+0000] {logging_mixin.py:190} INFO - [2025-04-21T02:23:48.844+0000] {dagbag.py:588} INFO - Filling up the DagBag from /opt/airflow/dags/my_dag.py
[2025-04-21T02:23:48.859+0000] {processor.py:925} INFO - DAG(s) 'TFL_DATA_DAG' retrieved from /opt/airflow/dags/my_dag.py
[2025-04-21T02:23:48.871+0000] {logging_mixin.py:190} INFO - [2025-04-21T02:23:48.871+0000] {dag.py:3239} INFO - Sync 1 DAGs
[2025-04-21T02:23:48.885+0000] {logging_mixin.py:190} INFO - [2025-04-21T02:23:48.885+0000] {dag.py:4180} INFO - Setting next_dagrun for TFL_DATA_DAG to 2025-04-21 00:00:00+00:00, run_after=2025-04-22 00:00:00+00:00
[2025-04-21T02:23:48.897+0000] {processor.py:208} INFO - Processing /opt/airflow/dags/my_dag.py took 0.063 seconds
[2025-04-21T02:24:19.090+0000] {processor.py:186} INFO - Started process (PID=3352) to work on /opt/airflow/dags/my_dag.py
[2025-04-21T02:24:19.091+0000] {processor.py:914} INFO - Processing file /opt/airflow/dags/my_dag.py for tasks to queue
[2025-04-21T02:24:19.092+0000] {logging_mixin.py:190} INFO - [2025-04-21T02:24:19.092+0000] {dagbag.py:588} INFO - Filling up the DagBag from /opt/airflow/dags/my_dag.py
[2025-04-21T02:24:19.105+0000] {processor.py:925} INFO - DAG(s) 'TFL_DATA_DAG' retrieved from /opt/airflow/dags/my_dag.py
[2025-04-21T02:24:19.118+0000] {logging_mixin.py:190} INFO - [2025-04-21T02:24:19.118+0000] {dag.py:3239} INFO - Sync 1 DAGs
[2025-04-21T02:24:19.132+0000] {logging_mixin.py:190} INFO - [2025-04-21T02:24:19.131+0000] {dag.py:4180} INFO - Setting next_dagrun for TFL_DATA_DAG to 2025-04-21 00:00:00+00:00, run_after=2025-04-22 00:00:00+00:00
[2025-04-21T02:24:19.143+0000] {processor.py:208} INFO - Processing /opt/airflow/dags/my_dag.py took 0.056 seconds
[2025-04-21T02:24:49.378+0000] {processor.py:186} INFO - Started process (PID=3374) to work on /opt/airflow/dags/my_dag.py
[2025-04-21T02:24:49.379+0000] {processor.py:914} INFO - Processing file /opt/airflow/dags/my_dag.py for tasks to queue
[2025-04-21T02:24:49.382+0000] {logging_mixin.py:190} INFO - [2025-04-21T02:24:49.381+0000] {dagbag.py:588} INFO - Filling up the DagBag from /opt/airflow/dags/my_dag.py
[2025-04-21T02:24:49.398+0000] {processor.py:925} INFO - DAG(s) 'TFL_DATA_DAG' retrieved from /opt/airflow/dags/my_dag.py
[2025-04-21T02:24:49.413+0000] {logging_mixin.py:190} INFO - [2025-04-21T02:24:49.412+0000] {dag.py:3239} INFO - Sync 1 DAGs
[2025-04-21T02:24:49.428+0000] {logging_mixin.py:190} INFO - [2025-04-21T02:24:49.428+0000] {dag.py:4180} INFO - Setting next_dagrun for TFL_DATA_DAG to 2025-04-21 00:00:00+00:00, run_after=2025-04-22 00:00:00+00:00
[2025-04-21T02:24:49.440+0000] {processor.py:208} INFO - Processing /opt/airflow/dags/my_dag.py took 0.066 seconds
[2025-04-21T02:25:19.703+0000] {processor.py:186} INFO - Started process (PID=3390) to work on /opt/airflow/dags/my_dag.py
[2025-04-21T02:25:19.705+0000] {processor.py:914} INFO - Processing file /opt/airflow/dags/my_dag.py for tasks to queue
[2025-04-21T02:25:19.706+0000] {logging_mixin.py:190} INFO - [2025-04-21T02:25:19.706+0000] {dagbag.py:588} INFO - Filling up the DagBag from /opt/airflow/dags/my_dag.py
[2025-04-21T02:25:19.732+0000] {processor.py:925} INFO - DAG(s) 'TFL_DATA_DAG' retrieved from /opt/airflow/dags/my_dag.py
[2025-04-21T02:25:19.746+0000] {logging_mixin.py:190} INFO - [2025-04-21T02:25:19.746+0000] {dag.py:3239} INFO - Sync 1 DAGs
[2025-04-21T02:25:19.765+0000] {logging_mixin.py:190} INFO - [2025-04-21T02:25:19.765+0000] {dag.py:4180} INFO - Setting next_dagrun for TFL_DATA_DAG to 2025-04-21 00:00:00+00:00, run_after=2025-04-22 00:00:00+00:00
[2025-04-21T02:25:19.778+0000] {processor.py:208} INFO - Processing /opt/airflow/dags/my_dag.py took 0.078 seconds
[2025-04-21T02:25:50.102+0000] {processor.py:186} INFO - Started process (PID=3406) to work on /opt/airflow/dags/my_dag.py
[2025-04-21T02:25:50.113+0000] {processor.py:914} INFO - Processing file /opt/airflow/dags/my_dag.py for tasks to queue
[2025-04-21T02:25:50.119+0000] {logging_mixin.py:190} INFO - [2025-04-21T02:25:50.118+0000] {dagbag.py:588} INFO - Filling up the DagBag from /opt/airflow/dags/my_dag.py
[2025-04-21T02:25:50.161+0000] {processor.py:925} INFO - DAG(s) 'TFL_DATA_DAG' retrieved from /opt/airflow/dags/my_dag.py
[2025-04-21T02:25:50.179+0000] {logging_mixin.py:190} INFO - [2025-04-21T02:25:50.179+0000] {dag.py:3239} INFO - Sync 1 DAGs
[2025-04-21T02:25:50.194+0000] {logging_mixin.py:190} INFO - [2025-04-21T02:25:50.194+0000] {dag.py:4180} INFO - Setting next_dagrun for TFL_DATA_DAG to 2025-04-21 00:00:00+00:00, run_after=2025-04-22 00:00:00+00:00
[2025-04-21T02:25:50.205+0000] {processor.py:208} INFO - Processing /opt/airflow/dags/my_dag.py took 0.110 seconds
[2025-04-21T02:26:20.298+0000] {processor.py:186} INFO - Started process (PID=3422) to work on /opt/airflow/dags/my_dag.py
[2025-04-21T02:26:20.299+0000] {processor.py:914} INFO - Processing file /opt/airflow/dags/my_dag.py for tasks to queue
[2025-04-21T02:26:20.301+0000] {logging_mixin.py:190} INFO - [2025-04-21T02:26:20.300+0000] {dagbag.py:588} INFO - Filling up the DagBag from /opt/airflow/dags/my_dag.py
[2025-04-21T02:26:20.314+0000] {processor.py:925} INFO - DAG(s) 'TFL_DATA_DAG' retrieved from /opt/airflow/dags/my_dag.py
[2025-04-21T02:26:20.328+0000] {logging_mixin.py:190} INFO - [2025-04-21T02:26:20.328+0000] {dag.py:3239} INFO - Sync 1 DAGs
[2025-04-21T02:26:20.342+0000] {logging_mixin.py:190} INFO - [2025-04-21T02:26:20.341+0000] {dag.py:4180} INFO - Setting next_dagrun for TFL_DATA_DAG to 2025-04-21 00:00:00+00:00, run_after=2025-04-22 00:00:00+00:00
[2025-04-21T02:26:20.354+0000] {processor.py:208} INFO - Processing /opt/airflow/dags/my_dag.py took 0.060 seconds
[2025-04-21T02:26:50.540+0000] {processor.py:186} INFO - Started process (PID=3438) to work on /opt/airflow/dags/my_dag.py
[2025-04-21T02:26:50.541+0000] {processor.py:914} INFO - Processing file /opt/airflow/dags/my_dag.py for tasks to queue
[2025-04-21T02:26:50.543+0000] {logging_mixin.py:190} INFO - [2025-04-21T02:26:50.543+0000] {dagbag.py:588} INFO - Filling up the DagBag from /opt/airflow/dags/my_dag.py
[2025-04-21T02:26:50.561+0000] {processor.py:925} INFO - DAG(s) 'TFL_DATA_DAG' retrieved from /opt/airflow/dags/my_dag.py
[2025-04-21T02:26:50.578+0000] {logging_mixin.py:190} INFO - [2025-04-21T02:26:50.578+0000] {dag.py:3239} INFO - Sync 1 DAGs
[2025-04-21T02:26:50.596+0000] {logging_mixin.py:190} INFO - [2025-04-21T02:26:50.595+0000] {dag.py:4180} INFO - Setting next_dagrun for TFL_DATA_DAG to 2025-04-21 00:00:00+00:00, run_after=2025-04-22 00:00:00+00:00
[2025-04-21T02:26:50.608+0000] {processor.py:208} INFO - Processing /opt/airflow/dags/my_dag.py took 0.072 seconds
[2025-04-21T12:26:04.289+0000] {processor.py:186} INFO - Started process (PID=3443) to work on /opt/airflow/dags/my_dag.py
[2025-04-21T12:26:04.299+0000] {processor.py:914} INFO - Processing file /opt/airflow/dags/my_dag.py for tasks to queue
[2025-04-21T12:26:04.308+0000] {logging_mixin.py:190} INFO - [2025-04-21T12:26:04.307+0000] {dagbag.py:588} INFO - Filling up the DagBag from /opt/airflow/dags/my_dag.py
[2025-04-21T12:26:04.463+0000] {processor.py:925} INFO - DAG(s) 'TFL_DATA_DAG' retrieved from /opt/airflow/dags/my_dag.py
[2025-04-21T12:26:04.520+0000] {logging_mixin.py:190} INFO - [2025-04-21T12:26:04.519+0000] {dag.py:3239} INFO - Sync 1 DAGs
[2025-04-21T12:26:04.572+0000] {logging_mixin.py:190} INFO - [2025-04-21T12:26:04.572+0000] {dag.py:4180} INFO - Setting next_dagrun for TFL_DATA_DAG to 2025-04-21 00:00:00+00:00, run_after=2025-04-22 00:00:00+00:00
[2025-04-21T12:26:04.621+0000] {processor.py:208} INFO - Processing /opt/airflow/dags/my_dag.py took 0.342 seconds
[2025-04-21T12:26:34.938+0000] {processor.py:186} INFO - Started process (PID=3459) to work on /opt/airflow/dags/my_dag.py
[2025-04-21T12:26:34.941+0000] {processor.py:914} INFO - Processing file /opt/airflow/dags/my_dag.py for tasks to queue
[2025-04-21T12:26:34.945+0000] {logging_mixin.py:190} INFO - [2025-04-21T12:26:34.945+0000] {dagbag.py:588} INFO - Filling up the DagBag from /opt/airflow/dags/my_dag.py
[2025-04-21T12:26:34.976+0000] {processor.py:925} INFO - DAG(s) 'TFL_DATA_DAG' retrieved from /opt/airflow/dags/my_dag.py
[2025-04-21T12:26:35.005+0000] {logging_mixin.py:190} INFO - [2025-04-21T12:26:35.005+0000] {dag.py:3239} INFO - Sync 1 DAGs
[2025-04-21T12:26:35.036+0000] {logging_mixin.py:190} INFO - [2025-04-21T12:26:35.035+0000] {dag.py:4180} INFO - Setting next_dagrun for TFL_DATA_DAG to 2025-04-21 00:00:00+00:00, run_after=2025-04-22 00:00:00+00:00
[2025-04-21T12:26:35.066+0000] {processor.py:208} INFO - Processing /opt/airflow/dags/my_dag.py took 0.136 seconds
[2025-04-21T12:27:05.376+0000] {processor.py:186} INFO - Started process (PID=3475) to work on /opt/airflow/dags/my_dag.py
[2025-04-21T12:27:05.379+0000] {processor.py:914} INFO - Processing file /opt/airflow/dags/my_dag.py for tasks to queue
[2025-04-21T12:27:05.385+0000] {logging_mixin.py:190} INFO - [2025-04-21T12:27:05.385+0000] {dagbag.py:588} INFO - Filling up the DagBag from /opt/airflow/dags/my_dag.py
[2025-04-21T12:27:05.421+0000] {processor.py:925} INFO - DAG(s) 'TFL_DATA_DAG' retrieved from /opt/airflow/dags/my_dag.py
[2025-04-21T12:27:05.455+0000] {logging_mixin.py:190} INFO - [2025-04-21T12:27:05.455+0000] {dag.py:3239} INFO - Sync 1 DAGs
[2025-04-21T12:27:05.483+0000] {logging_mixin.py:190} INFO - [2025-04-21T12:27:05.483+0000] {dag.py:4180} INFO - Setting next_dagrun for TFL_DATA_DAG to 2025-04-21 00:00:00+00:00, run_after=2025-04-22 00:00:00+00:00
[2025-04-21T12:27:05.510+0000] {processor.py:208} INFO - Processing /opt/airflow/dags/my_dag.py took 0.141 seconds
[2025-04-21T12:27:35.708+0000] {processor.py:186} INFO - Started process (PID=3491) to work on /opt/airflow/dags/my_dag.py
[2025-04-21T12:27:35.712+0000] {processor.py:914} INFO - Processing file /opt/airflow/dags/my_dag.py for tasks to queue
[2025-04-21T12:27:35.717+0000] {logging_mixin.py:190} INFO - [2025-04-21T12:27:35.716+0000] {dagbag.py:588} INFO - Filling up the DagBag from /opt/airflow/dags/my_dag.py
[2025-04-21T12:27:35.752+0000] {processor.py:925} INFO - DAG(s) 'TFL_DATA_DAG' retrieved from /opt/airflow/dags/my_dag.py
[2025-04-21T12:27:35.783+0000] {logging_mixin.py:190} INFO - [2025-04-21T12:27:35.783+0000] {dag.py:3239} INFO - Sync 1 DAGs
[2025-04-21T12:27:35.817+0000] {logging_mixin.py:190} INFO - [2025-04-21T12:27:35.817+0000] {dag.py:4180} INFO - Setting next_dagrun for TFL_DATA_DAG to 2025-04-21 00:00:00+00:00, run_after=2025-04-22 00:00:00+00:00
[2025-04-21T12:27:35.842+0000] {processor.py:208} INFO - Processing /opt/airflow/dags/my_dag.py took 0.157 seconds
[2025-04-21T12:28:06.022+0000] {processor.py:186} INFO - Started process (PID=3507) to work on /opt/airflow/dags/my_dag.py
[2025-04-21T12:28:06.024+0000] {processor.py:914} INFO - Processing file /opt/airflow/dags/my_dag.py for tasks to queue
[2025-04-21T12:28:06.027+0000] {logging_mixin.py:190} INFO - [2025-04-21T12:28:06.026+0000] {dagbag.py:588} INFO - Filling up the DagBag from /opt/airflow/dags/my_dag.py
[2025-04-21T12:28:06.050+0000] {processor.py:925} INFO - DAG(s) 'TFL_DATA_DAG' retrieved from /opt/airflow/dags/my_dag.py
[2025-04-21T12:28:06.070+0000] {logging_mixin.py:190} INFO - [2025-04-21T12:28:06.070+0000] {dag.py:3239} INFO - Sync 1 DAGs
[2025-04-21T12:28:06.090+0000] {logging_mixin.py:190} INFO - [2025-04-21T12:28:06.090+0000] {dag.py:4180} INFO - Setting next_dagrun for TFL_DATA_DAG to 2025-04-21 00:00:00+00:00, run_after=2025-04-22 00:00:00+00:00
[2025-04-21T12:28:06.108+0000] {processor.py:208} INFO - Processing /opt/airflow/dags/my_dag.py took 0.091 seconds
[2025-04-21T12:28:36.412+0000] {processor.py:186} INFO - Started process (PID=3523) to work on /opt/airflow/dags/my_dag.py
[2025-04-21T12:28:36.414+0000] {processor.py:914} INFO - Processing file /opt/airflow/dags/my_dag.py for tasks to queue
[2025-04-21T12:28:36.418+0000] {logging_mixin.py:190} INFO - [2025-04-21T12:28:36.418+0000] {dagbag.py:588} INFO - Filling up the DagBag from /opt/airflow/dags/my_dag.py
[2025-04-21T12:28:36.448+0000] {processor.py:925} INFO - DAG(s) 'TFL_DATA_DAG' retrieved from /opt/airflow/dags/my_dag.py
[2025-04-21T12:28:36.479+0000] {logging_mixin.py:190} INFO - [2025-04-21T12:28:36.479+0000] {dag.py:3239} INFO - Sync 1 DAGs
[2025-04-21T12:28:36.514+0000] {logging_mixin.py:190} INFO - [2025-04-21T12:28:36.513+0000] {dag.py:4180} INFO - Setting next_dagrun for TFL_DATA_DAG to 2025-04-21 00:00:00+00:00, run_after=2025-04-22 00:00:00+00:00
[2025-04-21T12:28:36.538+0000] {processor.py:208} INFO - Processing /opt/airflow/dags/my_dag.py took 0.134 seconds
[2025-04-21T12:29:06.745+0000] {processor.py:186} INFO - Started process (PID=3539) to work on /opt/airflow/dags/my_dag.py
[2025-04-21T12:29:06.754+0000] {processor.py:914} INFO - Processing file /opt/airflow/dags/my_dag.py for tasks to queue
[2025-04-21T12:29:06.758+0000] {logging_mixin.py:190} INFO - [2025-04-21T12:29:06.758+0000] {dagbag.py:588} INFO - Filling up the DagBag from /opt/airflow/dags/my_dag.py
[2025-04-21T12:29:06.832+0000] {processor.py:925} INFO - DAG(s) 'TFL_DATA_DAG' retrieved from /opt/airflow/dags/my_dag.py
[2025-04-21T12:29:06.858+0000] {logging_mixin.py:190} INFO - [2025-04-21T12:29:06.858+0000] {dag.py:3239} INFO - Sync 1 DAGs
[2025-04-21T12:29:06.878+0000] {logging_mixin.py:190} INFO - [2025-04-21T12:29:06.878+0000] {dag.py:4180} INFO - Setting next_dagrun for TFL_DATA_DAG to 2025-04-21 00:00:00+00:00, run_after=2025-04-22 00:00:00+00:00
[2025-04-21T12:29:06.898+0000] {processor.py:208} INFO - Processing /opt/airflow/dags/my_dag.py took 0.157 seconds
[2025-04-21T12:29:37.177+0000] {processor.py:186} INFO - Started process (PID=3555) to work on /opt/airflow/dags/my_dag.py
[2025-04-21T12:29:37.178+0000] {processor.py:914} INFO - Processing file /opt/airflow/dags/my_dag.py for tasks to queue
[2025-04-21T12:29:37.181+0000] {logging_mixin.py:190} INFO - [2025-04-21T12:29:37.181+0000] {dagbag.py:588} INFO - Filling up the DagBag from /opt/airflow/dags/my_dag.py
[2025-04-21T12:29:37.199+0000] {processor.py:925} INFO - DAG(s) 'TFL_DATA_DAG' retrieved from /opt/airflow/dags/my_dag.py
[2025-04-21T12:29:37.221+0000] {logging_mixin.py:190} INFO - [2025-04-21T12:29:37.221+0000] {dag.py:3239} INFO - Sync 1 DAGs
[2025-04-21T12:29:37.247+0000] {logging_mixin.py:190} INFO - [2025-04-21T12:29:37.247+0000] {dag.py:4180} INFO - Setting next_dagrun for TFL_DATA_DAG to 2025-04-21 00:00:00+00:00, run_after=2025-04-22 00:00:00+00:00
[2025-04-21T12:29:37.266+0000] {processor.py:208} INFO - Processing /opt/airflow/dags/my_dag.py took 0.096 seconds
[2025-04-21T12:30:07.444+0000] {processor.py:186} INFO - Started process (PID=3571) to work on /opt/airflow/dags/my_dag.py
[2025-04-21T12:30:07.446+0000] {processor.py:914} INFO - Processing file /opt/airflow/dags/my_dag.py for tasks to queue
[2025-04-21T12:30:07.450+0000] {logging_mixin.py:190} INFO - [2025-04-21T12:30:07.449+0000] {dagbag.py:588} INFO - Filling up the DagBag from /opt/airflow/dags/my_dag.py
[2025-04-21T12:30:07.481+0000] {processor.py:925} INFO - DAG(s) 'TFL_DATA_DAG' retrieved from /opt/airflow/dags/my_dag.py
[2025-04-21T12:30:07.500+0000] {logging_mixin.py:190} INFO - [2025-04-21T12:30:07.500+0000] {dag.py:3239} INFO - Sync 1 DAGs
[2025-04-21T12:30:07.529+0000] {logging_mixin.py:190} INFO - [2025-04-21T12:30:07.529+0000] {dag.py:4180} INFO - Setting next_dagrun for TFL_DATA_DAG to 2025-04-21 00:00:00+00:00, run_after=2025-04-22 00:00:00+00:00
[2025-04-21T12:30:07.549+0000] {processor.py:208} INFO - Processing /opt/airflow/dags/my_dag.py took 0.110 seconds
[2025-04-21T12:30:37.865+0000] {processor.py:186} INFO - Started process (PID=3586) to work on /opt/airflow/dags/my_dag.py
[2025-04-21T12:30:37.867+0000] {processor.py:914} INFO - Processing file /opt/airflow/dags/my_dag.py for tasks to queue
[2025-04-21T12:30:37.871+0000] {logging_mixin.py:190} INFO - [2025-04-21T12:30:37.870+0000] {dagbag.py:588} INFO - Filling up the DagBag from /opt/airflow/dags/my_dag.py
[2025-04-21T12:30:37.893+0000] {processor.py:925} INFO - DAG(s) 'TFL_DATA_DAG' retrieved from /opt/airflow/dags/my_dag.py
[2025-04-21T12:30:37.917+0000] {logging_mixin.py:190} INFO - [2025-04-21T12:30:37.916+0000] {dag.py:3239} INFO - Sync 1 DAGs
[2025-04-21T12:30:37.945+0000] {logging_mixin.py:190} INFO - [2025-04-21T12:30:37.945+0000] {dag.py:4180} INFO - Setting next_dagrun for TFL_DATA_DAG to 2025-04-21 00:00:00+00:00, run_after=2025-04-22 00:00:00+00:00
[2025-04-21T12:30:37.964+0000] {processor.py:208} INFO - Processing /opt/airflow/dags/my_dag.py took 0.104 seconds
[2025-04-21T12:31:08.312+0000] {processor.py:186} INFO - Started process (PID=3602) to work on /opt/airflow/dags/my_dag.py
[2025-04-21T12:31:08.315+0000] {processor.py:914} INFO - Processing file /opt/airflow/dags/my_dag.py for tasks to queue
[2025-04-21T12:31:08.322+0000] {logging_mixin.py:190} INFO - [2025-04-21T12:31:08.322+0000] {dagbag.py:588} INFO - Filling up the DagBag from /opt/airflow/dags/my_dag.py
[2025-04-21T12:31:08.354+0000] {processor.py:925} INFO - DAG(s) 'TFL_DATA_DAG' retrieved from /opt/airflow/dags/my_dag.py
[2025-04-21T12:31:08.383+0000] {logging_mixin.py:190} INFO - [2025-04-21T12:31:08.383+0000] {dag.py:3239} INFO - Sync 1 DAGs
[2025-04-21T12:31:08.416+0000] {logging_mixin.py:190} INFO - [2025-04-21T12:31:08.416+0000] {dag.py:4180} INFO - Setting next_dagrun for TFL_DATA_DAG to 2025-04-21 00:00:00+00:00, run_after=2025-04-22 00:00:00+00:00
[2025-04-21T12:31:08.445+0000] {processor.py:208} INFO - Processing /opt/airflow/dags/my_dag.py took 0.144 seconds
[2025-04-21T12:31:38.725+0000] {processor.py:186} INFO - Started process (PID=3618) to work on /opt/airflow/dags/my_dag.py
[2025-04-21T12:31:38.727+0000] {processor.py:914} INFO - Processing file /opt/airflow/dags/my_dag.py for tasks to queue
[2025-04-21T12:31:38.731+0000] {logging_mixin.py:190} INFO - [2025-04-21T12:31:38.730+0000] {dagbag.py:588} INFO - Filling up the DagBag from /opt/airflow/dags/my_dag.py
[2025-04-21T12:31:38.755+0000] {processor.py:925} INFO - DAG(s) 'TFL_DATA_DAG' retrieved from /opt/airflow/dags/my_dag.py
[2025-04-21T12:31:38.780+0000] {logging_mixin.py:190} INFO - [2025-04-21T12:31:38.780+0000] {dag.py:3239} INFO - Sync 1 DAGs
[2025-04-21T12:31:38.803+0000] {logging_mixin.py:190} INFO - [2025-04-21T12:31:38.803+0000] {dag.py:4180} INFO - Setting next_dagrun for TFL_DATA_DAG to 2025-04-21 00:00:00+00:00, run_after=2025-04-22 00:00:00+00:00
[2025-04-21T12:31:38.822+0000] {processor.py:208} INFO - Processing /opt/airflow/dags/my_dag.py took 0.101 seconds
[2025-04-21T12:32:09.021+0000] {processor.py:186} INFO - Started process (PID=3634) to work on /opt/airflow/dags/my_dag.py
[2025-04-21T12:32:09.023+0000] {processor.py:914} INFO - Processing file /opt/airflow/dags/my_dag.py for tasks to queue
[2025-04-21T12:32:09.027+0000] {logging_mixin.py:190} INFO - [2025-04-21T12:32:09.027+0000] {dagbag.py:588} INFO - Filling up the DagBag from /opt/airflow/dags/my_dag.py
[2025-04-21T12:32:09.058+0000] {processor.py:925} INFO - DAG(s) 'TFL_DATA_DAG' retrieved from /opt/airflow/dags/my_dag.py
[2025-04-21T12:32:09.092+0000] {logging_mixin.py:190} INFO - [2025-04-21T12:32:09.092+0000] {dag.py:3239} INFO - Sync 1 DAGs
[2025-04-21T12:32:09.123+0000] {logging_mixin.py:190} INFO - [2025-04-21T12:32:09.123+0000] {dag.py:4180} INFO - Setting next_dagrun for TFL_DATA_DAG to 2025-04-21 00:00:00+00:00, run_after=2025-04-22 00:00:00+00:00
[2025-04-21T12:32:09.151+0000] {processor.py:208} INFO - Processing /opt/airflow/dags/my_dag.py took 0.139 seconds
[2025-04-21T12:32:39.460+0000] {processor.py:186} INFO - Started process (PID=3650) to work on /opt/airflow/dags/my_dag.py
[2025-04-21T12:32:39.462+0000] {processor.py:914} INFO - Processing file /opt/airflow/dags/my_dag.py for tasks to queue
[2025-04-21T12:32:39.467+0000] {logging_mixin.py:190} INFO - [2025-04-21T12:32:39.466+0000] {dagbag.py:588} INFO - Filling up the DagBag from /opt/airflow/dags/my_dag.py
[2025-04-21T12:32:39.496+0000] {processor.py:925} INFO - DAG(s) 'TFL_DATA_DAG' retrieved from /opt/airflow/dags/my_dag.py
[2025-04-21T12:32:39.529+0000] {logging_mixin.py:190} INFO - [2025-04-21T12:32:39.528+0000] {dag.py:3239} INFO - Sync 1 DAGs
[2025-04-21T12:32:39.560+0000] {logging_mixin.py:190} INFO - [2025-04-21T12:32:39.560+0000] {dag.py:4180} INFO - Setting next_dagrun for TFL_DATA_DAG to 2025-04-21 00:00:00+00:00, run_after=2025-04-22 00:00:00+00:00
[2025-04-21T12:32:39.589+0000] {processor.py:208} INFO - Processing /opt/airflow/dags/my_dag.py took 0.138 seconds
[2025-04-21T12:33:09.894+0000] {processor.py:186} INFO - Started process (PID=3666) to work on /opt/airflow/dags/my_dag.py
[2025-04-21T12:33:09.896+0000] {processor.py:914} INFO - Processing file /opt/airflow/dags/my_dag.py for tasks to queue
[2025-04-21T12:33:09.899+0000] {logging_mixin.py:190} INFO - [2025-04-21T12:33:09.898+0000] {dagbag.py:588} INFO - Filling up the DagBag from /opt/airflow/dags/my_dag.py
[2025-04-21T12:33:09.916+0000] {processor.py:925} INFO - DAG(s) 'TFL_DATA_DAG' retrieved from /opt/airflow/dags/my_dag.py
[2025-04-21T12:33:09.939+0000] {logging_mixin.py:190} INFO - [2025-04-21T12:33:09.938+0000] {dag.py:3239} INFO - Sync 1 DAGs
[2025-04-21T12:33:09.961+0000] {logging_mixin.py:190} INFO - [2025-04-21T12:33:09.961+0000] {dag.py:4180} INFO - Setting next_dagrun for TFL_DATA_DAG to 2025-04-21 00:00:00+00:00, run_after=2025-04-22 00:00:00+00:00
[2025-04-21T12:33:09.977+0000] {processor.py:208} INFO - Processing /opt/airflow/dags/my_dag.py took 0.087 seconds
[2025-04-21T12:33:40.285+0000] {processor.py:186} INFO - Started process (PID=3682) to work on /opt/airflow/dags/my_dag.py
[2025-04-21T12:33:40.288+0000] {processor.py:914} INFO - Processing file /opt/airflow/dags/my_dag.py for tasks to queue
[2025-04-21T12:33:40.293+0000] {logging_mixin.py:190} INFO - [2025-04-21T12:33:40.292+0000] {dagbag.py:588} INFO - Filling up the DagBag from /opt/airflow/dags/my_dag.py
[2025-04-21T12:33:40.329+0000] {processor.py:925} INFO - DAG(s) 'TFL_DATA_DAG' retrieved from /opt/airflow/dags/my_dag.py
[2025-04-21T12:33:40.372+0000] {logging_mixin.py:190} INFO - [2025-04-21T12:33:40.371+0000] {dag.py:3239} INFO - Sync 1 DAGs
[2025-04-21T12:33:40.395+0000] {logging_mixin.py:190} INFO - [2025-04-21T12:33:40.395+0000] {dag.py:4180} INFO - Setting next_dagrun for TFL_DATA_DAG to 2025-04-21 00:00:00+00:00, run_after=2025-04-22 00:00:00+00:00
[2025-04-21T12:33:40.413+0000] {processor.py:208} INFO - Processing /opt/airflow/dags/my_dag.py took 0.137 seconds
[2025-04-21T12:34:10.560+0000] {processor.py:186} INFO - Started process (PID=3697) to work on /opt/airflow/dags/my_dag.py
[2025-04-21T12:34:10.561+0000] {processor.py:914} INFO - Processing file /opt/airflow/dags/my_dag.py for tasks to queue
[2025-04-21T12:34:10.564+0000] {logging_mixin.py:190} INFO - [2025-04-21T12:34:10.563+0000] {dagbag.py:588} INFO - Filling up the DagBag from /opt/airflow/dags/my_dag.py
[2025-04-21T12:34:10.583+0000] {processor.py:925} INFO - DAG(s) 'TFL_DATA_DAG' retrieved from /opt/airflow/dags/my_dag.py
[2025-04-21T12:34:10.605+0000] {logging_mixin.py:190} INFO - [2025-04-21T12:34:10.605+0000] {dag.py:3239} INFO - Sync 1 DAGs
[2025-04-21T12:34:10.626+0000] {logging_mixin.py:190} INFO - [2025-04-21T12:34:10.626+0000] {dag.py:4180} INFO - Setting next_dagrun for TFL_DATA_DAG to 2025-04-21 00:00:00+00:00, run_after=2025-04-22 00:00:00+00:00
[2025-04-21T12:34:10.656+0000] {processor.py:208} INFO - Processing /opt/airflow/dags/my_dag.py took 0.103 seconds
[2025-04-21T12:34:40.976+0000] {processor.py:186} INFO - Started process (PID=3713) to work on /opt/airflow/dags/my_dag.py
[2025-04-21T12:34:40.978+0000] {processor.py:914} INFO - Processing file /opt/airflow/dags/my_dag.py for tasks to queue
[2025-04-21T12:34:40.982+0000] {logging_mixin.py:190} INFO - [2025-04-21T12:34:40.982+0000] {dagbag.py:588} INFO - Filling up the DagBag from /opt/airflow/dags/my_dag.py
[2025-04-21T12:34:41.010+0000] {processor.py:925} INFO - DAG(s) 'TFL_DATA_DAG' retrieved from /opt/airflow/dags/my_dag.py
[2025-04-21T12:34:41.042+0000] {logging_mixin.py:190} INFO - [2025-04-21T12:34:41.041+0000] {dag.py:3239} INFO - Sync 1 DAGs
[2025-04-21T12:34:41.073+0000] {logging_mixin.py:190} INFO - [2025-04-21T12:34:41.073+0000] {dag.py:4180} INFO - Setting next_dagrun for TFL_DATA_DAG to 2025-04-21 00:00:00+00:00, run_after=2025-04-22 00:00:00+00:00
[2025-04-21T12:34:41.099+0000] {processor.py:208} INFO - Processing /opt/airflow/dags/my_dag.py took 0.132 seconds
[2025-04-21T12:35:11.418+0000] {processor.py:186} INFO - Started process (PID=3729) to work on /opt/airflow/dags/my_dag.py
[2025-04-21T12:35:11.419+0000] {processor.py:914} INFO - Processing file /opt/airflow/dags/my_dag.py for tasks to queue
[2025-04-21T12:35:11.422+0000] {logging_mixin.py:190} INFO - [2025-04-21T12:35:11.422+0000] {dagbag.py:588} INFO - Filling up the DagBag from /opt/airflow/dags/my_dag.py
[2025-04-21T12:35:11.440+0000] {processor.py:925} INFO - DAG(s) 'TFL_DATA_DAG' retrieved from /opt/airflow/dags/my_dag.py
[2025-04-21T12:35:11.462+0000] {logging_mixin.py:190} INFO - [2025-04-21T12:35:11.461+0000] {dag.py:3239} INFO - Sync 1 DAGs
[2025-04-21T12:35:11.482+0000] {logging_mixin.py:190} INFO - [2025-04-21T12:35:11.482+0000] {dag.py:4180} INFO - Setting next_dagrun for TFL_DATA_DAG to 2025-04-21 00:00:00+00:00, run_after=2025-04-22 00:00:00+00:00
[2025-04-21T12:35:11.501+0000] {processor.py:208} INFO - Processing /opt/airflow/dags/my_dag.py took 0.090 seconds
[2025-04-21T12:35:41.680+0000] {processor.py:186} INFO - Started process (PID=3745) to work on /opt/airflow/dags/my_dag.py
[2025-04-21T12:35:41.682+0000] {processor.py:914} INFO - Processing file /opt/airflow/dags/my_dag.py for tasks to queue
[2025-04-21T12:35:41.685+0000] {logging_mixin.py:190} INFO - [2025-04-21T12:35:41.684+0000] {dagbag.py:588} INFO - Filling up the DagBag from /opt/airflow/dags/my_dag.py
[2025-04-21T12:35:41.706+0000] {processor.py:925} INFO - DAG(s) 'TFL_DATA_DAG' retrieved from /opt/airflow/dags/my_dag.py
[2025-04-21T12:35:41.738+0000] {logging_mixin.py:190} INFO - [2025-04-21T12:35:41.737+0000] {dag.py:3239} INFO - Sync 1 DAGs
[2025-04-21T12:35:41.769+0000] {logging_mixin.py:190} INFO - [2025-04-21T12:35:41.769+0000] {dag.py:4180} INFO - Setting next_dagrun for TFL_DATA_DAG to 2025-04-21 00:00:00+00:00, run_after=2025-04-22 00:00:00+00:00
[2025-04-21T12:35:41.795+0000] {processor.py:208} INFO - Processing /opt/airflow/dags/my_dag.py took 0.122 seconds
[2025-04-21T12:36:12.157+0000] {processor.py:186} INFO - Started process (PID=3761) to work on /opt/airflow/dags/my_dag.py
[2025-04-21T12:36:12.159+0000] {processor.py:914} INFO - Processing file /opt/airflow/dags/my_dag.py for tasks to queue
[2025-04-21T12:36:12.164+0000] {logging_mixin.py:190} INFO - [2025-04-21T12:36:12.163+0000] {dagbag.py:588} INFO - Filling up the DagBag from /opt/airflow/dags/my_dag.py
[2025-04-21T12:36:12.196+0000] {processor.py:925} INFO - DAG(s) 'TFL_DATA_DAG' retrieved from /opt/airflow/dags/my_dag.py
[2025-04-21T12:36:12.226+0000] {logging_mixin.py:190} INFO - [2025-04-21T12:36:12.225+0000] {dag.py:3239} INFO - Sync 1 DAGs
[2025-04-21T12:36:12.259+0000] {logging_mixin.py:190} INFO - [2025-04-21T12:36:12.259+0000] {dag.py:4180} INFO - Setting next_dagrun for TFL_DATA_DAG to 2025-04-21 00:00:00+00:00, run_after=2025-04-22 00:00:00+00:00
[2025-04-21T12:36:12.282+0000] {processor.py:208} INFO - Processing /opt/airflow/dags/my_dag.py took 0.133 seconds
[2025-04-21T12:36:42.450+0000] {processor.py:186} INFO - Started process (PID=3777) to work on /opt/airflow/dags/my_dag.py
[2025-04-21T12:36:42.453+0000] {processor.py:914} INFO - Processing file /opt/airflow/dags/my_dag.py for tasks to queue
[2025-04-21T12:36:42.458+0000] {logging_mixin.py:190} INFO - [2025-04-21T12:36:42.457+0000] {dagbag.py:588} INFO - Filling up the DagBag from /opt/airflow/dags/my_dag.py
[2025-04-21T12:36:42.481+0000] {processor.py:925} INFO - DAG(s) 'TFL_DATA_DAG' retrieved from /opt/airflow/dags/my_dag.py
[2025-04-21T12:36:42.502+0000] {logging_mixin.py:190} INFO - [2025-04-21T12:36:42.502+0000] {dag.py:3239} INFO - Sync 1 DAGs
[2025-04-21T12:36:42.523+0000] {logging_mixin.py:190} INFO - [2025-04-21T12:36:42.522+0000] {dag.py:4180} INFO - Setting next_dagrun for TFL_DATA_DAG to 2025-04-21 00:00:00+00:00, run_after=2025-04-22 00:00:00+00:00
[2025-04-21T12:36:42.542+0000] {processor.py:208} INFO - Processing /opt/airflow/dags/my_dag.py took 0.099 seconds
[2025-04-21T12:37:12.861+0000] {processor.py:186} INFO - Started process (PID=3793) to work on /opt/airflow/dags/my_dag.py
[2025-04-21T12:37:12.864+0000] {processor.py:914} INFO - Processing file /opt/airflow/dags/my_dag.py for tasks to queue
[2025-04-21T12:37:12.869+0000] {logging_mixin.py:190} INFO - [2025-04-21T12:37:12.868+0000] {dagbag.py:588} INFO - Filling up the DagBag from /opt/airflow/dags/my_dag.py
[2025-04-21T12:37:12.899+0000] {processor.py:925} INFO - DAG(s) 'TFL_DATA_DAG' retrieved from /opt/airflow/dags/my_dag.py
[2025-04-21T12:37:12.933+0000] {logging_mixin.py:190} INFO - [2025-04-21T12:37:12.933+0000] {dag.py:3239} INFO - Sync 1 DAGs
[2025-04-21T12:37:12.966+0000] {logging_mixin.py:190} INFO - [2025-04-21T12:37:12.965+0000] {dag.py:4180} INFO - Setting next_dagrun for TFL_DATA_DAG to 2025-04-21 00:00:00+00:00, run_after=2025-04-22 00:00:00+00:00
[2025-04-21T12:37:12.993+0000] {processor.py:208} INFO - Processing /opt/airflow/dags/my_dag.py took 0.141 seconds
[2025-04-21T12:37:43.113+0000] {processor.py:186} INFO - Started process (PID=3809) to work on /opt/airflow/dags/my_dag.py
[2025-04-21T12:37:43.115+0000] {processor.py:914} INFO - Processing file /opt/airflow/dags/my_dag.py for tasks to queue
[2025-04-21T12:37:43.118+0000] {logging_mixin.py:190} INFO - [2025-04-21T12:37:43.117+0000] {dagbag.py:588} INFO - Filling up the DagBag from /opt/airflow/dags/my_dag.py
[2025-04-21T12:37:43.138+0000] {processor.py:925} INFO - DAG(s) 'TFL_DATA_DAG' retrieved from /opt/airflow/dags/my_dag.py
[2025-04-21T12:37:43.159+0000] {logging_mixin.py:190} INFO - [2025-04-21T12:37:43.159+0000] {dag.py:3239} INFO - Sync 1 DAGs
[2025-04-21T12:37:43.180+0000] {logging_mixin.py:190} INFO - [2025-04-21T12:37:43.180+0000] {dag.py:4180} INFO - Setting next_dagrun for TFL_DATA_DAG to 2025-04-21 00:00:00+00:00, run_after=2025-04-22 00:00:00+00:00
[2025-04-21T12:37:43.198+0000] {processor.py:208} INFO - Processing /opt/airflow/dags/my_dag.py took 0.089 seconds
[2025-04-21T12:38:13.374+0000] {processor.py:186} INFO - Started process (PID=3825) to work on /opt/airflow/dags/my_dag.py
[2025-04-21T12:38:13.376+0000] {processor.py:914} INFO - Processing file /opt/airflow/dags/my_dag.py for tasks to queue
[2025-04-21T12:38:13.379+0000] {logging_mixin.py:190} INFO - [2025-04-21T12:38:13.379+0000] {dagbag.py:588} INFO - Filling up the DagBag from /opt/airflow/dags/my_dag.py
[2025-04-21T12:38:13.399+0000] {processor.py:925} INFO - DAG(s) 'TFL_DATA_DAG' retrieved from /opt/airflow/dags/my_dag.py
[2025-04-21T12:38:13.420+0000] {logging_mixin.py:190} INFO - [2025-04-21T12:38:13.419+0000] {dag.py:3239} INFO - Sync 1 DAGs
[2025-04-21T12:38:13.442+0000] {logging_mixin.py:190} INFO - [2025-04-21T12:38:13.442+0000] {dag.py:4180} INFO - Setting next_dagrun for TFL_DATA_DAG to 2025-04-21 00:00:00+00:00, run_after=2025-04-22 00:00:00+00:00
[2025-04-21T12:38:13.459+0000] {processor.py:208} INFO - Processing /opt/airflow/dags/my_dag.py took 0.091 seconds
[2025-04-21T12:38:43.795+0000] {processor.py:186} INFO - Started process (PID=3841) to work on /opt/airflow/dags/my_dag.py
[2025-04-21T12:38:43.798+0000] {processor.py:914} INFO - Processing file /opt/airflow/dags/my_dag.py for tasks to queue
[2025-04-21T12:38:43.801+0000] {logging_mixin.py:190} INFO - [2025-04-21T12:38:43.801+0000] {dagbag.py:588} INFO - Filling up the DagBag from /opt/airflow/dags/my_dag.py
[2025-04-21T12:38:43.832+0000] {processor.py:925} INFO - DAG(s) 'TFL_DATA_DAG' retrieved from /opt/airflow/dags/my_dag.py
[2025-04-21T12:38:43.868+0000] {logging_mixin.py:190} INFO - [2025-04-21T12:38:43.868+0000] {dag.py:3239} INFO - Sync 1 DAGs
[2025-04-21T12:38:43.901+0000] {logging_mixin.py:190} INFO - [2025-04-21T12:38:43.901+0000] {dag.py:4180} INFO - Setting next_dagrun for TFL_DATA_DAG to 2025-04-21 00:00:00+00:00, run_after=2025-04-22 00:00:00+00:00
[2025-04-21T12:38:43.928+0000] {processor.py:208} INFO - Processing /opt/airflow/dags/my_dag.py took 0.142 seconds
[2025-04-21T12:39:14.081+0000] {processor.py:186} INFO - Started process (PID=3857) to work on /opt/airflow/dags/my_dag.py
[2025-04-21T12:39:14.083+0000] {processor.py:914} INFO - Processing file /opt/airflow/dags/my_dag.py for tasks to queue
[2025-04-21T12:39:14.088+0000] {logging_mixin.py:190} INFO - [2025-04-21T12:39:14.087+0000] {dagbag.py:588} INFO - Filling up the DagBag from /opt/airflow/dags/my_dag.py
[2025-04-21T12:39:14.117+0000] {processor.py:925} INFO - DAG(s) 'TFL_DATA_DAG' retrieved from /opt/airflow/dags/my_dag.py
[2025-04-21T12:39:14.154+0000] {logging_mixin.py:190} INFO - [2025-04-21T12:39:14.154+0000] {dag.py:3239} INFO - Sync 1 DAGs
[2025-04-21T12:39:14.193+0000] {logging_mixin.py:190} INFO - [2025-04-21T12:39:14.193+0000] {dag.py:4180} INFO - Setting next_dagrun for TFL_DATA_DAG to 2025-04-21 00:00:00+00:00, run_after=2025-04-22 00:00:00+00:00
[2025-04-21T12:39:14.220+0000] {processor.py:208} INFO - Processing /opt/airflow/dags/my_dag.py took 0.147 seconds
[2025-04-21T12:39:44.436+0000] {processor.py:186} INFO - Started process (PID=3873) to work on /opt/airflow/dags/my_dag.py
[2025-04-21T12:39:44.438+0000] {processor.py:914} INFO - Processing file /opt/airflow/dags/my_dag.py for tasks to queue
[2025-04-21T12:39:44.443+0000] {logging_mixin.py:190} INFO - [2025-04-21T12:39:44.442+0000] {dagbag.py:588} INFO - Filling up the DagBag from /opt/airflow/dags/my_dag.py
[2025-04-21T12:39:44.472+0000] {processor.py:925} INFO - DAG(s) 'TFL_DATA_DAG' retrieved from /opt/airflow/dags/my_dag.py
[2025-04-21T12:39:44.506+0000] {logging_mixin.py:190} INFO - [2025-04-21T12:39:44.506+0000] {dag.py:3239} INFO - Sync 1 DAGs
[2025-04-21T12:39:44.535+0000] {logging_mixin.py:190} INFO - [2025-04-21T12:39:44.535+0000] {dag.py:4180} INFO - Setting next_dagrun for TFL_DATA_DAG to 2025-04-21 00:00:00+00:00, run_after=2025-04-22 00:00:00+00:00
[2025-04-21T12:39:44.561+0000] {processor.py:208} INFO - Processing /opt/airflow/dags/my_dag.py took 0.135 seconds
[2025-04-21T12:40:14.860+0000] {processor.py:186} INFO - Started process (PID=3889) to work on /opt/airflow/dags/my_dag.py
[2025-04-21T12:40:14.862+0000] {processor.py:914} INFO - Processing file /opt/airflow/dags/my_dag.py for tasks to queue
[2025-04-21T12:40:14.866+0000] {logging_mixin.py:190} INFO - [2025-04-21T12:40:14.866+0000] {dagbag.py:588} INFO - Filling up the DagBag from /opt/airflow/dags/my_dag.py
[2025-04-21T12:40:14.894+0000] {processor.py:925} INFO - DAG(s) 'TFL_DATA_DAG' retrieved from /opt/airflow/dags/my_dag.py
[2025-04-21T12:40:14.927+0000] {logging_mixin.py:190} INFO - [2025-04-21T12:40:14.927+0000] {dag.py:3239} INFO - Sync 1 DAGs
[2025-04-21T12:40:14.959+0000] {logging_mixin.py:190} INFO - [2025-04-21T12:40:14.959+0000] {dag.py:4180} INFO - Setting next_dagrun for TFL_DATA_DAG to 2025-04-21 00:00:00+00:00, run_after=2025-04-22 00:00:00+00:00
[2025-04-21T12:40:14.983+0000] {processor.py:208} INFO - Processing /opt/airflow/dags/my_dag.py took 0.133 seconds
[2025-04-21T12:40:45.119+0000] {processor.py:186} INFO - Started process (PID=3905) to work on /opt/airflow/dags/my_dag.py
[2025-04-21T12:40:45.120+0000] {processor.py:914} INFO - Processing file /opt/airflow/dags/my_dag.py for tasks to queue
[2025-04-21T12:40:45.123+0000] {logging_mixin.py:190} INFO - [2025-04-21T12:40:45.122+0000] {dagbag.py:588} INFO - Filling up the DagBag from /opt/airflow/dags/my_dag.py
[2025-04-21T12:40:45.141+0000] {processor.py:925} INFO - DAG(s) 'TFL_DATA_DAG' retrieved from /opt/airflow/dags/my_dag.py
[2025-04-21T12:40:45.160+0000] {logging_mixin.py:190} INFO - [2025-04-21T12:40:45.159+0000] {dag.py:3239} INFO - Sync 1 DAGs
[2025-04-21T12:40:45.178+0000] {logging_mixin.py:190} INFO - [2025-04-21T12:40:45.178+0000] {dag.py:4180} INFO - Setting next_dagrun for TFL_DATA_DAG to 2025-04-21 00:00:00+00:00, run_after=2025-04-22 00:00:00+00:00
[2025-04-21T12:40:45.195+0000] {processor.py:208} INFO - Processing /opt/airflow/dags/my_dag.py took 0.081 seconds
[2025-04-21T12:41:15.507+0000] {processor.py:186} INFO - Started process (PID=3920) to work on /opt/airflow/dags/my_dag.py
[2025-04-21T12:41:15.508+0000] {processor.py:914} INFO - Processing file /opt/airflow/dags/my_dag.py for tasks to queue
[2025-04-21T12:41:15.512+0000] {logging_mixin.py:190} INFO - [2025-04-21T12:41:15.511+0000] {dagbag.py:588} INFO - Filling up the DagBag from /opt/airflow/dags/my_dag.py
[2025-04-21T12:41:15.533+0000] {processor.py:925} INFO - DAG(s) 'TFL_DATA_DAG' retrieved from /opt/airflow/dags/my_dag.py
[2025-04-21T12:41:15.551+0000] {logging_mixin.py:190} INFO - [2025-04-21T12:41:15.551+0000] {dag.py:3239} INFO - Sync 1 DAGs
[2025-04-21T12:41:15.573+0000] {logging_mixin.py:190} INFO - [2025-04-21T12:41:15.573+0000] {dag.py:4180} INFO - Setting next_dagrun for TFL_DATA_DAG to 2025-04-21 00:00:00+00:00, run_after=2025-04-22 00:00:00+00:00
[2025-04-21T12:41:15.590+0000] {processor.py:208} INFO - Processing /opt/airflow/dags/my_dag.py took 0.089 seconds
[2025-04-21T12:41:45.873+0000] {processor.py:186} INFO - Started process (PID=3936) to work on /opt/airflow/dags/my_dag.py
[2025-04-21T12:41:45.876+0000] {processor.py:914} INFO - Processing file /opt/airflow/dags/my_dag.py for tasks to queue
[2025-04-21T12:41:45.880+0000] {logging_mixin.py:190} INFO - [2025-04-21T12:41:45.879+0000] {dagbag.py:588} INFO - Filling up the DagBag from /opt/airflow/dags/my_dag.py
[2025-04-21T12:41:45.908+0000] {processor.py:925} INFO - DAG(s) 'TFL_DATA_DAG' retrieved from /opt/airflow/dags/my_dag.py
[2025-04-21T12:41:45.939+0000] {logging_mixin.py:190} INFO - [2025-04-21T12:41:45.938+0000] {dag.py:3239} INFO - Sync 1 DAGs
[2025-04-21T12:41:45.974+0000] {logging_mixin.py:190} INFO - [2025-04-21T12:41:45.974+0000] {dag.py:4180} INFO - Setting next_dagrun for TFL_DATA_DAG to 2025-04-21 00:00:00+00:00, run_after=2025-04-22 00:00:00+00:00
[2025-04-21T12:41:46.000+0000] {processor.py:208} INFO - Processing /opt/airflow/dags/my_dag.py took 0.136 seconds
[2025-04-21T12:42:16.141+0000] {processor.py:186} INFO - Started process (PID=3952) to work on /opt/airflow/dags/my_dag.py
[2025-04-21T12:42:16.142+0000] {processor.py:914} INFO - Processing file /opt/airflow/dags/my_dag.py for tasks to queue
[2025-04-21T12:42:16.145+0000] {logging_mixin.py:190} INFO - [2025-04-21T12:42:16.145+0000] {dagbag.py:588} INFO - Filling up the DagBag from /opt/airflow/dags/my_dag.py
[2025-04-21T12:42:16.164+0000] {processor.py:925} INFO - DAG(s) 'TFL_DATA_DAG' retrieved from /opt/airflow/dags/my_dag.py
[2025-04-21T12:42:16.187+0000] {logging_mixin.py:190} INFO - [2025-04-21T12:42:16.187+0000] {dag.py:3239} INFO - Sync 1 DAGs
[2025-04-21T12:42:16.210+0000] {logging_mixin.py:190} INFO - [2025-04-21T12:42:16.210+0000] {dag.py:4180} INFO - Setting next_dagrun for TFL_DATA_DAG to 2025-04-21 00:00:00+00:00, run_after=2025-04-22 00:00:00+00:00
[2025-04-21T12:42:16.227+0000] {processor.py:208} INFO - Processing /opt/airflow/dags/my_dag.py took 0.091 seconds
[2025-04-21T12:42:46.521+0000] {processor.py:186} INFO - Started process (PID=3968) to work on /opt/airflow/dags/my_dag.py
[2025-04-21T12:42:46.524+0000] {processor.py:914} INFO - Processing file /opt/airflow/dags/my_dag.py for tasks to queue
[2025-04-21T12:42:46.529+0000] {logging_mixin.py:190} INFO - [2025-04-21T12:42:46.528+0000] {dagbag.py:588} INFO - Filling up the DagBag from /opt/airflow/dags/my_dag.py
[2025-04-21T12:42:46.558+0000] {processor.py:925} INFO - DAG(s) 'TFL_DATA_DAG' retrieved from /opt/airflow/dags/my_dag.py
[2025-04-21T12:42:46.589+0000] {logging_mixin.py:190} INFO - [2025-04-21T12:42:46.589+0000] {dag.py:3239} INFO - Sync 1 DAGs
[2025-04-21T12:42:46.624+0000] {logging_mixin.py:190} INFO - [2025-04-21T12:42:46.623+0000] {dag.py:4180} INFO - Setting next_dagrun for TFL_DATA_DAG to 2025-04-21 00:00:00+00:00, run_after=2025-04-22 00:00:00+00:00
[2025-04-21T12:42:46.651+0000] {processor.py:208} INFO - Processing /opt/airflow/dags/my_dag.py took 0.140 seconds
[2025-04-21T12:43:16.943+0000] {processor.py:186} INFO - Started process (PID=3984) to work on /opt/airflow/dags/my_dag.py
[2025-04-21T12:43:16.945+0000] {processor.py:914} INFO - Processing file /opt/airflow/dags/my_dag.py for tasks to queue
[2025-04-21T12:43:16.950+0000] {logging_mixin.py:190} INFO - [2025-04-21T12:43:16.950+0000] {dagbag.py:588} INFO - Filling up the DagBag from /opt/airflow/dags/my_dag.py
[2025-04-21T12:43:16.977+0000] {processor.py:925} INFO - DAG(s) 'TFL_DATA_DAG' retrieved from /opt/airflow/dags/my_dag.py
[2025-04-21T12:43:17.008+0000] {logging_mixin.py:190} INFO - [2025-04-21T12:43:17.008+0000] {dag.py:3239} INFO - Sync 1 DAGs
[2025-04-21T12:43:17.043+0000] {logging_mixin.py:190} INFO - [2025-04-21T12:43:17.043+0000] {dag.py:4180} INFO - Setting next_dagrun for TFL_DATA_DAG to 2025-04-21 00:00:00+00:00, run_after=2025-04-22 00:00:00+00:00
[2025-04-21T12:43:17.072+0000] {processor.py:208} INFO - Processing /opt/airflow/dags/my_dag.py took 0.137 seconds
[2025-04-21T12:43:47.376+0000] {processor.py:186} INFO - Started process (PID=4000) to work on /opt/airflow/dags/my_dag.py
[2025-04-21T12:43:47.377+0000] {processor.py:914} INFO - Processing file /opt/airflow/dags/my_dag.py for tasks to queue
[2025-04-21T12:43:47.381+0000] {logging_mixin.py:190} INFO - [2025-04-21T12:43:47.380+0000] {dagbag.py:588} INFO - Filling up the DagBag from /opt/airflow/dags/my_dag.py
[2025-04-21T12:43:47.398+0000] {processor.py:925} INFO - DAG(s) 'TFL_DATA_DAG' retrieved from /opt/airflow/dags/my_dag.py
[2025-04-21T12:43:47.418+0000] {logging_mixin.py:190} INFO - [2025-04-21T12:43:47.418+0000] {dag.py:3239} INFO - Sync 1 DAGs
[2025-04-21T12:43:47.437+0000] {logging_mixin.py:190} INFO - [2025-04-21T12:43:47.437+0000] {dag.py:4180} INFO - Setting next_dagrun for TFL_DATA_DAG to 2025-04-21 00:00:00+00:00, run_after=2025-04-22 00:00:00+00:00
[2025-04-21T12:43:47.454+0000] {processor.py:208} INFO - Processing /opt/airflow/dags/my_dag.py took 0.084 seconds
[2025-04-21T12:44:17.737+0000] {processor.py:186} INFO - Started process (PID=4016) to work on /opt/airflow/dags/my_dag.py
[2025-04-21T12:44:17.740+0000] {processor.py:914} INFO - Processing file /opt/airflow/dags/my_dag.py for tasks to queue
[2025-04-21T12:44:17.744+0000] {logging_mixin.py:190} INFO - [2025-04-21T12:44:17.743+0000] {dagbag.py:588} INFO - Filling up the DagBag from /opt/airflow/dags/my_dag.py
[2025-04-21T12:44:17.771+0000] {processor.py:925} INFO - DAG(s) 'TFL_DATA_DAG' retrieved from /opt/airflow/dags/my_dag.py
[2025-04-21T12:44:17.802+0000] {logging_mixin.py:190} INFO - [2025-04-21T12:44:17.801+0000] {dag.py:3239} INFO - Sync 1 DAGs
[2025-04-21T12:44:17.840+0000] {logging_mixin.py:190} INFO - [2025-04-21T12:44:17.840+0000] {dag.py:4180} INFO - Setting next_dagrun for TFL_DATA_DAG to 2025-04-21 00:00:00+00:00, run_after=2025-04-22 00:00:00+00:00
[2025-04-21T12:44:17.863+0000] {processor.py:208} INFO - Processing /opt/airflow/dags/my_dag.py took 0.135 seconds
[2025-04-21T12:44:48.030+0000] {processor.py:186} INFO - Started process (PID=4032) to work on /opt/airflow/dags/my_dag.py
[2025-04-21T12:44:48.032+0000] {processor.py:914} INFO - Processing file /opt/airflow/dags/my_dag.py for tasks to queue
[2025-04-21T12:44:48.034+0000] {logging_mixin.py:190} INFO - [2025-04-21T12:44:48.034+0000] {dagbag.py:588} INFO - Filling up the DagBag from /opt/airflow/dags/my_dag.py
[2025-04-21T12:44:48.055+0000] {processor.py:925} INFO - DAG(s) 'TFL_DATA_DAG' retrieved from /opt/airflow/dags/my_dag.py
[2025-04-21T12:44:48.075+0000] {logging_mixin.py:190} INFO - [2025-04-21T12:44:48.075+0000] {dag.py:3239} INFO - Sync 1 DAGs
[2025-04-21T12:44:48.100+0000] {logging_mixin.py:190} INFO - [2025-04-21T12:44:48.100+0000] {dag.py:4180} INFO - Setting next_dagrun for TFL_DATA_DAG to 2025-04-21 00:00:00+00:00, run_after=2025-04-22 00:00:00+00:00
[2025-04-21T12:44:48.118+0000] {processor.py:208} INFO - Processing /opt/airflow/dags/my_dag.py took 0.095 seconds
[2025-04-21T12:45:18.385+0000] {processor.py:186} INFO - Started process (PID=4048) to work on /opt/airflow/dags/my_dag.py
[2025-04-21T12:45:18.387+0000] {processor.py:914} INFO - Processing file /opt/airflow/dags/my_dag.py for tasks to queue
[2025-04-21T12:45:18.392+0000] {logging_mixin.py:190} INFO - [2025-04-21T12:45:18.391+0000] {dagbag.py:588} INFO - Filling up the DagBag from /opt/airflow/dags/my_dag.py
[2025-04-21T12:45:18.421+0000] {processor.py:925} INFO - DAG(s) 'TFL_DATA_DAG' retrieved from /opt/airflow/dags/my_dag.py
[2025-04-21T12:45:18.457+0000] {logging_mixin.py:190} INFO - [2025-04-21T12:45:18.456+0000] {dag.py:3239} INFO - Sync 1 DAGs
[2025-04-21T12:45:18.492+0000] {logging_mixin.py:190} INFO - [2025-04-21T12:45:18.492+0000] {dag.py:4180} INFO - Setting next_dagrun for TFL_DATA_DAG to 2025-04-21 00:00:00+00:00, run_after=2025-04-22 00:00:00+00:00
[2025-04-21T12:45:18.519+0000] {processor.py:208} INFO - Processing /opt/airflow/dags/my_dag.py took 0.142 seconds
[2025-04-21T12:45:48.678+0000] {processor.py:186} INFO - Started process (PID=4064) to work on /opt/airflow/dags/my_dag.py
[2025-04-21T12:45:48.679+0000] {processor.py:914} INFO - Processing file /opt/airflow/dags/my_dag.py for tasks to queue
[2025-04-21T12:45:48.682+0000] {logging_mixin.py:190} INFO - [2025-04-21T12:45:48.681+0000] {dagbag.py:588} INFO - Filling up the DagBag from /opt/airflow/dags/my_dag.py
[2025-04-21T12:45:48.700+0000] {processor.py:925} INFO - DAG(s) 'TFL_DATA_DAG' retrieved from /opt/airflow/dags/my_dag.py
[2025-04-21T12:45:48.720+0000] {logging_mixin.py:190} INFO - [2025-04-21T12:45:48.720+0000] {dag.py:3239} INFO - Sync 1 DAGs
[2025-04-21T12:45:48.741+0000] {logging_mixin.py:190} INFO - [2025-04-21T12:45:48.741+0000] {dag.py:4180} INFO - Setting next_dagrun for TFL_DATA_DAG to 2025-04-21 00:00:00+00:00, run_after=2025-04-22 00:00:00+00:00
[2025-04-21T12:45:48.758+0000] {processor.py:208} INFO - Processing /opt/airflow/dags/my_dag.py took 0.084 seconds
[2025-04-21T12:46:19.079+0000] {processor.py:186} INFO - Started process (PID=4079) to work on /opt/airflow/dags/my_dag.py
[2025-04-21T12:46:19.080+0000] {processor.py:914} INFO - Processing file /opt/airflow/dags/my_dag.py for tasks to queue
[2025-04-21T12:46:19.082+0000] {logging_mixin.py:190} INFO - [2025-04-21T12:46:19.082+0000] {dagbag.py:588} INFO - Filling up the DagBag from /opt/airflow/dags/my_dag.py
[2025-04-21T12:46:19.103+0000] {processor.py:925} INFO - DAG(s) 'TFL_DATA_DAG' retrieved from /opt/airflow/dags/my_dag.py
[2025-04-21T12:46:19.123+0000] {logging_mixin.py:190} INFO - [2025-04-21T12:46:19.123+0000] {dag.py:3239} INFO - Sync 1 DAGs
[2025-04-21T12:46:19.147+0000] {logging_mixin.py:190} INFO - [2025-04-21T12:46:19.146+0000] {dag.py:4180} INFO - Setting next_dagrun for TFL_DATA_DAG to 2025-04-21 00:00:00+00:00, run_after=2025-04-22 00:00:00+00:00
[2025-04-21T12:46:19.166+0000] {processor.py:208} INFO - Processing /opt/airflow/dags/my_dag.py took 0.093 seconds
[2025-04-21T12:46:49.434+0000] {processor.py:186} INFO - Started process (PID=4094) to work on /opt/airflow/dags/my_dag.py
[2025-04-21T12:46:49.435+0000] {processor.py:914} INFO - Processing file /opt/airflow/dags/my_dag.py for tasks to queue
[2025-04-21T12:46:49.438+0000] {logging_mixin.py:190} INFO - [2025-04-21T12:46:49.438+0000] {dagbag.py:588} INFO - Filling up the DagBag from /opt/airflow/dags/my_dag.py
[2025-04-21T12:46:49.460+0000] {processor.py:925} INFO - DAG(s) 'TFL_DATA_DAG' retrieved from /opt/airflow/dags/my_dag.py
[2025-04-21T12:46:49.480+0000] {logging_mixin.py:190} INFO - [2025-04-21T12:46:49.480+0000] {dag.py:3239} INFO - Sync 1 DAGs
[2025-04-21T12:46:49.505+0000] {logging_mixin.py:190} INFO - [2025-04-21T12:46:49.505+0000] {dag.py:4180} INFO - Setting next_dagrun for TFL_DATA_DAG to 2025-04-21 00:00:00+00:00, run_after=2025-04-22 00:00:00+00:00
[2025-04-21T12:46:49.526+0000] {processor.py:208} INFO - Processing /opt/airflow/dags/my_dag.py took 0.096 seconds
[2025-04-21T12:47:19.741+0000] {processor.py:186} INFO - Started process (PID=4110) to work on /opt/airflow/dags/my_dag.py
[2025-04-21T12:47:19.743+0000] {processor.py:914} INFO - Processing file /opt/airflow/dags/my_dag.py for tasks to queue
[2025-04-21T12:47:19.748+0000] {logging_mixin.py:190} INFO - [2025-04-21T12:47:19.748+0000] {dagbag.py:588} INFO - Filling up the DagBag from /opt/airflow/dags/my_dag.py
[2025-04-21T12:47:19.778+0000] {processor.py:925} INFO - DAG(s) 'TFL_DATA_DAG' retrieved from /opt/airflow/dags/my_dag.py
[2025-04-21T12:47:19.810+0000] {logging_mixin.py:190} INFO - [2025-04-21T12:47:19.809+0000] {dag.py:3239} INFO - Sync 1 DAGs
[2025-04-21T12:47:19.845+0000] {logging_mixin.py:190} INFO - [2025-04-21T12:47:19.844+0000] {dag.py:4180} INFO - Setting next_dagrun for TFL_DATA_DAG to 2025-04-21 00:00:00+00:00, run_after=2025-04-22 00:00:00+00:00
[2025-04-21T12:47:19.869+0000] {processor.py:208} INFO - Processing /opt/airflow/dags/my_dag.py took 0.137 seconds
[2025-04-21T12:47:50.216+0000] {processor.py:186} INFO - Started process (PID=4126) to work on /opt/airflow/dags/my_dag.py
[2025-04-21T12:47:50.220+0000] {processor.py:914} INFO - Processing file /opt/airflow/dags/my_dag.py for tasks to queue
[2025-04-21T12:47:50.225+0000] {logging_mixin.py:190} INFO - [2025-04-21T12:47:50.225+0000] {dagbag.py:588} INFO - Filling up the DagBag from /opt/airflow/dags/my_dag.py
[2025-04-21T12:47:50.257+0000] {processor.py:925} INFO - DAG(s) 'TFL_DATA_DAG' retrieved from /opt/airflow/dags/my_dag.py
[2025-04-21T12:47:50.303+0000] {logging_mixin.py:190} INFO - [2025-04-21T12:47:50.302+0000] {dag.py:3239} INFO - Sync 1 DAGs
[2025-04-21T12:47:50.336+0000] {logging_mixin.py:190} INFO - [2025-04-21T12:47:50.336+0000] {dag.py:4180} INFO - Setting next_dagrun for TFL_DATA_DAG to 2025-04-21 00:00:00+00:00, run_after=2025-04-22 00:00:00+00:00
[2025-04-21T12:47:50.363+0000] {processor.py:208} INFO - Processing /opt/airflow/dags/my_dag.py took 0.156 seconds
[2025-04-21T12:48:20.534+0000] {processor.py:186} INFO - Started process (PID=4142) to work on /opt/airflow/dags/my_dag.py
[2025-04-21T12:48:20.536+0000] {processor.py:914} INFO - Processing file /opt/airflow/dags/my_dag.py for tasks to queue
[2025-04-21T12:48:20.540+0000] {logging_mixin.py:190} INFO - [2025-04-21T12:48:20.540+0000] {dagbag.py:588} INFO - Filling up the DagBag from /opt/airflow/dags/my_dag.py
[2025-04-21T12:48:20.570+0000] {processor.py:925} INFO - DAG(s) 'TFL_DATA_DAG' retrieved from /opt/airflow/dags/my_dag.py
[2025-04-21T12:48:20.599+0000] {logging_mixin.py:190} INFO - [2025-04-21T12:48:20.599+0000] {dag.py:3239} INFO - Sync 1 DAGs
[2025-04-21T12:48:20.632+0000] {logging_mixin.py:190} INFO - [2025-04-21T12:48:20.632+0000] {dag.py:4180} INFO - Setting next_dagrun for TFL_DATA_DAG to 2025-04-21 00:00:00+00:00, run_after=2025-04-22 00:00:00+00:00
[2025-04-21T12:48:20.672+0000] {processor.py:208} INFO - Processing /opt/airflow/dags/my_dag.py took 0.145 seconds
[2025-04-21T12:48:50.935+0000] {processor.py:186} INFO - Started process (PID=4158) to work on /opt/airflow/dags/my_dag.py
[2025-04-21T12:48:50.938+0000] {processor.py:914} INFO - Processing file /opt/airflow/dags/my_dag.py for tasks to queue
[2025-04-21T12:48:50.943+0000] {logging_mixin.py:190} INFO - [2025-04-21T12:48:50.942+0000] {dagbag.py:588} INFO - Filling up the DagBag from /opt/airflow/dags/my_dag.py
[2025-04-21T12:48:50.977+0000] {processor.py:925} INFO - DAG(s) 'TFL_DATA_DAG' retrieved from /opt/airflow/dags/my_dag.py
[2025-04-21T12:48:51.019+0000] {logging_mixin.py:190} INFO - [2025-04-21T12:48:51.018+0000] {dag.py:3239} INFO - Sync 1 DAGs
[2025-04-21T12:48:51.053+0000] {logging_mixin.py:190} INFO - [2025-04-21T12:48:51.052+0000] {dag.py:4180} INFO - Setting next_dagrun for TFL_DATA_DAG to 2025-04-21 00:00:00+00:00, run_after=2025-04-22 00:00:00+00:00
[2025-04-21T12:48:51.080+0000] {processor.py:208} INFO - Processing /opt/airflow/dags/my_dag.py took 0.153 seconds
[2025-04-21T12:49:21.222+0000] {processor.py:186} INFO - Started process (PID=4174) to work on /opt/airflow/dags/my_dag.py
[2025-04-21T12:49:21.224+0000] {processor.py:914} INFO - Processing file /opt/airflow/dags/my_dag.py for tasks to queue
[2025-04-21T12:49:21.228+0000] {logging_mixin.py:190} INFO - [2025-04-21T12:49:21.228+0000] {dagbag.py:588} INFO - Filling up the DagBag from /opt/airflow/dags/my_dag.py
[2025-04-21T12:49:21.260+0000] {processor.py:925} INFO - DAG(s) 'TFL_DATA_DAG' retrieved from /opt/airflow/dags/my_dag.py
[2025-04-21T12:49:21.303+0000] {logging_mixin.py:190} INFO - [2025-04-21T12:49:21.302+0000] {dag.py:3239} INFO - Sync 1 DAGs
[2025-04-21T12:49:21.337+0000] {logging_mixin.py:190} INFO - [2025-04-21T12:49:21.336+0000] {dag.py:4180} INFO - Setting next_dagrun for TFL_DATA_DAG to 2025-04-21 00:00:00+00:00, run_after=2025-04-22 00:00:00+00:00
[2025-04-21T12:49:21.363+0000] {processor.py:208} INFO - Processing /opt/airflow/dags/my_dag.py took 0.150 seconds
[2025-04-21T12:49:51.669+0000] {processor.py:186} INFO - Started process (PID=4190) to work on /opt/airflow/dags/my_dag.py
[2025-04-21T12:49:51.672+0000] {processor.py:914} INFO - Processing file /opt/airflow/dags/my_dag.py for tasks to queue
[2025-04-21T12:49:51.677+0000] {logging_mixin.py:190} INFO - [2025-04-21T12:49:51.677+0000] {dagbag.py:588} INFO - Filling up the DagBag from /opt/airflow/dags/my_dag.py
[2025-04-21T12:49:51.709+0000] {processor.py:925} INFO - DAG(s) 'TFL_DATA_DAG' retrieved from /opt/airflow/dags/my_dag.py
[2025-04-21T12:49:51.744+0000] {logging_mixin.py:190} INFO - [2025-04-21T12:49:51.744+0000] {dag.py:3239} INFO - Sync 1 DAGs
[2025-04-21T12:49:51.778+0000] {logging_mixin.py:190} INFO - [2025-04-21T12:49:51.778+0000] {dag.py:4180} INFO - Setting next_dagrun for TFL_DATA_DAG to 2025-04-21 00:00:00+00:00, run_after=2025-04-22 00:00:00+00:00
[2025-04-21T12:49:51.805+0000] {processor.py:208} INFO - Processing /opt/airflow/dags/my_dag.py took 0.144 seconds
[2025-04-21T12:50:22.041+0000] {processor.py:186} INFO - Started process (PID=4206) to work on /opt/airflow/dags/my_dag.py
[2025-04-21T12:50:22.047+0000] {processor.py:914} INFO - Processing file /opt/airflow/dags/my_dag.py for tasks to queue
[2025-04-21T12:50:22.058+0000] {logging_mixin.py:190} INFO - [2025-04-21T12:50:22.057+0000] {dagbag.py:588} INFO - Filling up the DagBag from /opt/airflow/dags/my_dag.py
[2025-04-21T12:50:22.130+0000] {processor.py:925} INFO - DAG(s) 'TFL_DATA_DAG' retrieved from /opt/airflow/dags/my_dag.py
[2025-04-21T12:50:22.183+0000] {logging_mixin.py:190} INFO - [2025-04-21T12:50:22.183+0000] {dag.py:3239} INFO - Sync 1 DAGs
[2025-04-21T12:50:22.241+0000] {logging_mixin.py:190} INFO - [2025-04-21T12:50:22.240+0000] {dag.py:4180} INFO - Setting next_dagrun for TFL_DATA_DAG to 2025-04-21 00:00:00+00:00, run_after=2025-04-22 00:00:00+00:00
[2025-04-21T12:50:22.296+0000] {processor.py:208} INFO - Processing /opt/airflow/dags/my_dag.py took 0.279 seconds
[2025-04-21T12:50:53.948+0000] {processor.py:186} INFO - Started process (PID=4222) to work on /opt/airflow/dags/my_dag.py
[2025-04-21T12:50:53.950+0000] {processor.py:914} INFO - Processing file /opt/airflow/dags/my_dag.py for tasks to queue
[2025-04-21T12:50:53.957+0000] {logging_mixin.py:190} INFO - [2025-04-21T12:50:53.956+0000] {dagbag.py:588} INFO - Filling up the DagBag from /opt/airflow/dags/my_dag.py
[2025-04-21T12:50:53.991+0000] {processor.py:925} INFO - DAG(s) 'TFL_DATA_DAG' retrieved from /opt/airflow/dags/my_dag.py
[2025-04-21T12:50:54.029+0000] {logging_mixin.py:190} INFO - [2025-04-21T12:50:54.028+0000] {dag.py:3239} INFO - Sync 1 DAGs
[2025-04-21T12:50:54.067+0000] {logging_mixin.py:190} INFO - [2025-04-21T12:50:54.067+0000] {dag.py:4180} INFO - Setting next_dagrun for TFL_DATA_DAG to 2025-04-21 00:00:00+00:00, run_after=2025-04-22 00:00:00+00:00
[2025-04-21T12:50:54.097+0000] {processor.py:208} INFO - Processing /opt/airflow/dags/my_dag.py took 0.157 seconds
[2025-04-21T12:51:24.292+0000] {processor.py:186} INFO - Started process (PID=4238) to work on /opt/airflow/dags/my_dag.py
[2025-04-21T12:51:24.294+0000] {processor.py:914} INFO - Processing file /opt/airflow/dags/my_dag.py for tasks to queue
[2025-04-21T12:51:24.299+0000] {logging_mixin.py:190} INFO - [2025-04-21T12:51:24.299+0000] {dagbag.py:588} INFO - Filling up the DagBag from /opt/airflow/dags/my_dag.py
[2025-04-21T12:51:24.333+0000] {processor.py:925} INFO - DAG(s) 'TFL_DATA_DAG' retrieved from /opt/airflow/dags/my_dag.py
[2025-04-21T12:51:24.374+0000] {logging_mixin.py:190} INFO - [2025-04-21T12:51:24.373+0000] {dag.py:3239} INFO - Sync 1 DAGs
[2025-04-21T12:51:24.426+0000] {logging_mixin.py:190} INFO - [2025-04-21T12:51:24.426+0000] {dag.py:4180} INFO - Setting next_dagrun for TFL_DATA_DAG to 2025-04-21 00:00:00+00:00, run_after=2025-04-22 00:00:00+00:00
[2025-04-21T12:51:24.458+0000] {processor.py:208} INFO - Processing /opt/airflow/dags/my_dag.py took 0.175 seconds
[2025-04-21T12:51:54.847+0000] {processor.py:186} INFO - Started process (PID=4254) to work on /opt/airflow/dags/my_dag.py
[2025-04-21T12:51:54.854+0000] {processor.py:914} INFO - Processing file /opt/airflow/dags/my_dag.py for tasks to queue
[2025-04-21T12:51:54.863+0000] {logging_mixin.py:190} INFO - [2025-04-21T12:51:54.862+0000] {dagbag.py:588} INFO - Filling up the DagBag from /opt/airflow/dags/my_dag.py
[2025-04-21T12:51:54.912+0000] {processor.py:925} INFO - DAG(s) 'TFL_DATA_DAG' retrieved from /opt/airflow/dags/my_dag.py
[2025-04-21T12:51:54.952+0000] {logging_mixin.py:190} INFO - [2025-04-21T12:51:54.952+0000] {dag.py:3239} INFO - Sync 1 DAGs
[2025-04-21T12:51:54.982+0000] {logging_mixin.py:190} INFO - [2025-04-21T12:51:54.982+0000] {dag.py:4180} INFO - Setting next_dagrun for TFL_DATA_DAG to 2025-04-21 00:00:00+00:00, run_after=2025-04-22 00:00:00+00:00
[2025-04-21T12:51:55.019+0000] {processor.py:208} INFO - Processing /opt/airflow/dags/my_dag.py took 0.180 seconds
[2025-04-21T12:52:25.365+0000] {processor.py:186} INFO - Started process (PID=4270) to work on /opt/airflow/dags/my_dag.py
[2025-04-21T12:52:25.369+0000] {processor.py:914} INFO - Processing file /opt/airflow/dags/my_dag.py for tasks to queue
[2025-04-21T12:52:25.373+0000] {logging_mixin.py:190} INFO - [2025-04-21T12:52:25.372+0000] {dagbag.py:588} INFO - Filling up the DagBag from /opt/airflow/dags/my_dag.py
[2025-04-21T12:52:25.403+0000] {processor.py:925} INFO - DAG(s) 'TFL_DATA_DAG' retrieved from /opt/airflow/dags/my_dag.py
[2025-04-21T12:52:25.439+0000] {logging_mixin.py:190} INFO - [2025-04-21T12:52:25.438+0000] {dag.py:3239} INFO - Sync 1 DAGs
[2025-04-21T12:52:25.475+0000] {logging_mixin.py:190} INFO - [2025-04-21T12:52:25.474+0000] {dag.py:4180} INFO - Setting next_dagrun for TFL_DATA_DAG to 2025-04-21 00:00:00+00:00, run_after=2025-04-22 00:00:00+00:00
[2025-04-21T12:52:25.507+0000] {processor.py:208} INFO - Processing /opt/airflow/dags/my_dag.py took 0.152 seconds
[2025-04-21T12:52:55.676+0000] {processor.py:186} INFO - Started process (PID=4286) to work on /opt/airflow/dags/my_dag.py
[2025-04-21T12:52:55.678+0000] {processor.py:914} INFO - Processing file /opt/airflow/dags/my_dag.py for tasks to queue
[2025-04-21T12:52:55.683+0000] {logging_mixin.py:190} INFO - [2025-04-21T12:52:55.682+0000] {dagbag.py:588} INFO - Filling up the DagBag from /opt/airflow/dags/my_dag.py
[2025-04-21T12:52:55.711+0000] {processor.py:925} INFO - DAG(s) 'TFL_DATA_DAG' retrieved from /opt/airflow/dags/my_dag.py
[2025-04-21T12:52:55.764+0000] {logging_mixin.py:190} INFO - [2025-04-21T12:52:55.763+0000] {dag.py:3239} INFO - Sync 1 DAGs
[2025-04-21T12:52:55.819+0000] {logging_mixin.py:190} INFO - [2025-04-21T12:52:55.818+0000] {dag.py:4180} INFO - Setting next_dagrun for TFL_DATA_DAG to 2025-04-21 00:00:00+00:00, run_after=2025-04-22 00:00:00+00:00
[2025-04-21T12:52:55.849+0000] {processor.py:208} INFO - Processing /opt/airflow/dags/my_dag.py took 0.182 seconds
[2025-04-21T12:53:26.191+0000] {processor.py:186} INFO - Started process (PID=4302) to work on /opt/airflow/dags/my_dag.py
[2025-04-21T12:53:26.193+0000] {processor.py:914} INFO - Processing file /opt/airflow/dags/my_dag.py for tasks to queue
[2025-04-21T12:53:26.198+0000] {logging_mixin.py:190} INFO - [2025-04-21T12:53:26.197+0000] {dagbag.py:588} INFO - Filling up the DagBag from /opt/airflow/dags/my_dag.py
[2025-04-21T12:53:26.227+0000] {processor.py:925} INFO - DAG(s) 'TFL_DATA_DAG' retrieved from /opt/airflow/dags/my_dag.py
[2025-04-21T12:53:26.263+0000] {logging_mixin.py:190} INFO - [2025-04-21T12:53:26.263+0000] {dag.py:3239} INFO - Sync 1 DAGs
[2025-04-21T12:53:26.298+0000] {logging_mixin.py:190} INFO - [2025-04-21T12:53:26.298+0000] {dag.py:4180} INFO - Setting next_dagrun for TFL_DATA_DAG to 2025-04-21 00:00:00+00:00, run_after=2025-04-22 00:00:00+00:00
[2025-04-21T12:53:26.329+0000] {processor.py:208} INFO - Processing /opt/airflow/dags/my_dag.py took 0.146 seconds
[2025-04-21T12:53:56.495+0000] {processor.py:186} INFO - Started process (PID=4317) to work on /opt/airflow/dags/my_dag.py
[2025-04-21T12:53:56.497+0000] {processor.py:914} INFO - Processing file /opt/airflow/dags/my_dag.py for tasks to queue
[2025-04-21T12:53:56.503+0000] {logging_mixin.py:190} INFO - [2025-04-21T12:53:56.502+0000] {dagbag.py:588} INFO - Filling up the DagBag from /opt/airflow/dags/my_dag.py
[2025-04-21T12:53:56.532+0000] {processor.py:925} INFO - DAG(s) 'TFL_DATA_DAG' retrieved from /opt/airflow/dags/my_dag.py
[2025-04-21T12:53:56.567+0000] {logging_mixin.py:190} INFO - [2025-04-21T12:53:56.566+0000] {dag.py:3239} INFO - Sync 1 DAGs
[2025-04-21T12:53:56.600+0000] {logging_mixin.py:190} INFO - [2025-04-21T12:53:56.599+0000] {dag.py:4180} INFO - Setting next_dagrun for TFL_DATA_DAG to 2025-04-21 00:00:00+00:00, run_after=2025-04-22 00:00:00+00:00
[2025-04-21T12:53:56.627+0000] {processor.py:208} INFO - Processing /opt/airflow/dags/my_dag.py took 0.140 seconds
[2025-04-21T12:54:26.972+0000] {processor.py:186} INFO - Started process (PID=4333) to work on /opt/airflow/dags/my_dag.py
[2025-04-21T12:54:26.973+0000] {processor.py:914} INFO - Processing file /opt/airflow/dags/my_dag.py for tasks to queue
[2025-04-21T12:54:26.976+0000] {logging_mixin.py:190} INFO - [2025-04-21T12:54:26.976+0000] {dagbag.py:588} INFO - Filling up the DagBag from /opt/airflow/dags/my_dag.py
[2025-04-21T12:54:26.997+0000] {processor.py:925} INFO - DAG(s) 'TFL_DATA_DAG' retrieved from /opt/airflow/dags/my_dag.py
[2025-04-21T12:54:27.019+0000] {logging_mixin.py:190} INFO - [2025-04-21T12:54:27.019+0000] {dag.py:3239} INFO - Sync 1 DAGs
[2025-04-21T12:54:27.041+0000] {logging_mixin.py:190} INFO - [2025-04-21T12:54:27.041+0000] {dag.py:4180} INFO - Setting next_dagrun for TFL_DATA_DAG to 2025-04-21 00:00:00+00:00, run_after=2025-04-22 00:00:00+00:00
[2025-04-21T12:54:27.060+0000] {processor.py:208} INFO - Processing /opt/airflow/dags/my_dag.py took 0.094 seconds
[2025-04-21T12:54:57.398+0000] {processor.py:186} INFO - Started process (PID=4349) to work on /opt/airflow/dags/my_dag.py
[2025-04-21T12:54:57.401+0000] {processor.py:914} INFO - Processing file /opt/airflow/dags/my_dag.py for tasks to queue
[2025-04-21T12:54:57.407+0000] {logging_mixin.py:190} INFO - [2025-04-21T12:54:57.406+0000] {dagbag.py:588} INFO - Filling up the DagBag from /opt/airflow/dags/my_dag.py
[2025-04-21T12:54:57.447+0000] {processor.py:925} INFO - DAG(s) 'TFL_DATA_DAG' retrieved from /opt/airflow/dags/my_dag.py
[2025-04-21T12:54:57.480+0000] {logging_mixin.py:190} INFO - [2025-04-21T12:54:57.480+0000] {dag.py:3239} INFO - Sync 1 DAGs
[2025-04-21T12:54:57.517+0000] {logging_mixin.py:190} INFO - [2025-04-21T12:54:57.517+0000] {dag.py:4180} INFO - Setting next_dagrun for TFL_DATA_DAG to 2025-04-21 00:00:00+00:00, run_after=2025-04-22 00:00:00+00:00
[2025-04-21T12:54:57.545+0000] {processor.py:208} INFO - Processing /opt/airflow/dags/my_dag.py took 0.159 seconds
[2025-04-21T12:55:27.867+0000] {processor.py:186} INFO - Started process (PID=4365) to work on /opt/airflow/dags/my_dag.py
[2025-04-21T12:55:27.868+0000] {processor.py:914} INFO - Processing file /opt/airflow/dags/my_dag.py for tasks to queue
[2025-04-21T12:55:27.871+0000] {logging_mixin.py:190} INFO - [2025-04-21T12:55:27.871+0000] {dagbag.py:588} INFO - Filling up the DagBag from /opt/airflow/dags/my_dag.py
[2025-04-21T12:55:27.892+0000] {processor.py:925} INFO - DAG(s) 'TFL_DATA_DAG' retrieved from /opt/airflow/dags/my_dag.py
[2025-04-21T12:55:27.913+0000] {logging_mixin.py:190} INFO - [2025-04-21T12:55:27.913+0000] {dag.py:3239} INFO - Sync 1 DAGs
[2025-04-21T12:55:27.933+0000] {logging_mixin.py:190} INFO - [2025-04-21T12:55:27.933+0000] {dag.py:4180} INFO - Setting next_dagrun for TFL_DATA_DAG to 2025-04-21 00:00:00+00:00, run_after=2025-04-22 00:00:00+00:00
[2025-04-21T12:55:27.951+0000] {processor.py:208} INFO - Processing /opt/airflow/dags/my_dag.py took 0.090 seconds
[2025-04-21T12:55:58.289+0000] {processor.py:186} INFO - Started process (PID=4380) to work on /opt/airflow/dags/my_dag.py
[2025-04-21T12:55:58.291+0000] {processor.py:914} INFO - Processing file /opt/airflow/dags/my_dag.py for tasks to queue
[2025-04-21T12:55:58.295+0000] {logging_mixin.py:190} INFO - [2025-04-21T12:55:58.294+0000] {dagbag.py:588} INFO - Filling up the DagBag from /opt/airflow/dags/my_dag.py
[2025-04-21T12:55:58.325+0000] {processor.py:925} INFO - DAG(s) 'TFL_DATA_DAG' retrieved from /opt/airflow/dags/my_dag.py
[2025-04-21T12:55:58.367+0000] {logging_mixin.py:190} INFO - [2025-04-21T12:55:58.366+0000] {dag.py:3239} INFO - Sync 1 DAGs
[2025-04-21T12:55:58.404+0000] {logging_mixin.py:190} INFO - [2025-04-21T12:55:58.404+0000] {dag.py:4180} INFO - Setting next_dagrun for TFL_DATA_DAG to 2025-04-21 00:00:00+00:00, run_after=2025-04-22 00:00:00+00:00
[2025-04-21T12:55:58.432+0000] {processor.py:208} INFO - Processing /opt/airflow/dags/my_dag.py took 0.156 seconds
[2025-04-21T12:56:28.664+0000] {processor.py:186} INFO - Started process (PID=4396) to work on /opt/airflow/dags/my_dag.py
[2025-04-21T12:56:28.666+0000] {processor.py:914} INFO - Processing file /opt/airflow/dags/my_dag.py for tasks to queue
[2025-04-21T12:56:28.670+0000] {logging_mixin.py:190} INFO - [2025-04-21T12:56:28.669+0000] {dagbag.py:588} INFO - Filling up the DagBag from /opt/airflow/dags/my_dag.py
[2025-04-21T12:56:28.694+0000] {processor.py:925} INFO - DAG(s) 'TFL_DATA_DAG' retrieved from /opt/airflow/dags/my_dag.py
[2025-04-21T12:56:28.716+0000] {logging_mixin.py:190} INFO - [2025-04-21T12:56:28.716+0000] {dag.py:3239} INFO - Sync 1 DAGs
[2025-04-21T12:56:28.738+0000] {logging_mixin.py:190} INFO - [2025-04-21T12:56:28.738+0000] {dag.py:4180} INFO - Setting next_dagrun for TFL_DATA_DAG to 2025-04-21 00:00:00+00:00, run_after=2025-04-22 00:00:00+00:00
[2025-04-21T12:56:28.760+0000] {processor.py:208} INFO - Processing /opt/airflow/dags/my_dag.py took 0.102 seconds
[2025-04-21T12:56:58.988+0000] {processor.py:186} INFO - Started process (PID=4412) to work on /opt/airflow/dags/my_dag.py
[2025-04-21T12:56:58.991+0000] {processor.py:914} INFO - Processing file /opt/airflow/dags/my_dag.py for tasks to queue
[2025-04-21T12:56:58.996+0000] {logging_mixin.py:190} INFO - [2025-04-21T12:56:58.996+0000] {dagbag.py:588} INFO - Filling up the DagBag from /opt/airflow/dags/my_dag.py
[2025-04-21T12:56:59.042+0000] {processor.py:925} INFO - DAG(s) 'TFL_DATA_DAG' retrieved from /opt/airflow/dags/my_dag.py
[2025-04-21T12:56:59.078+0000] {logging_mixin.py:190} INFO - [2025-04-21T12:56:59.077+0000] {dag.py:3239} INFO - Sync 1 DAGs
[2025-04-21T12:56:59.120+0000] {logging_mixin.py:190} INFO - [2025-04-21T12:56:59.119+0000] {dag.py:4180} INFO - Setting next_dagrun for TFL_DATA_DAG to 2025-04-21 00:00:00+00:00, run_after=2025-04-22 00:00:00+00:00
[2025-04-21T12:56:59.149+0000] {processor.py:208} INFO - Processing /opt/airflow/dags/my_dag.py took 0.169 seconds
[2025-04-21T12:57:29.296+0000] {processor.py:186} INFO - Started process (PID=4428) to work on /opt/airflow/dags/my_dag.py
[2025-04-21T12:57:29.297+0000] {processor.py:914} INFO - Processing file /opt/airflow/dags/my_dag.py for tasks to queue
[2025-04-21T12:57:29.301+0000] {logging_mixin.py:190} INFO - [2025-04-21T12:57:29.301+0000] {dagbag.py:588} INFO - Filling up the DagBag from /opt/airflow/dags/my_dag.py
[2025-04-21T12:57:29.329+0000] {processor.py:925} INFO - DAG(s) 'TFL_DATA_DAG' retrieved from /opt/airflow/dags/my_dag.py
[2025-04-21T12:57:29.368+0000] {logging_mixin.py:190} INFO - [2025-04-21T12:57:29.367+0000] {dag.py:3239} INFO - Sync 1 DAGs
[2025-04-21T12:57:29.404+0000] {logging_mixin.py:190} INFO - [2025-04-21T12:57:29.404+0000] {dag.py:4180} INFO - Setting next_dagrun for TFL_DATA_DAG to 2025-04-21 00:00:00+00:00, run_after=2025-04-22 00:00:00+00:00
[2025-04-21T12:57:29.431+0000] {processor.py:208} INFO - Processing /opt/airflow/dags/my_dag.py took 0.142 seconds
[2025-04-21T12:57:59.729+0000] {processor.py:186} INFO - Started process (PID=4444) to work on /opt/airflow/dags/my_dag.py
[2025-04-21T12:57:59.732+0000] {processor.py:914} INFO - Processing file /opt/airflow/dags/my_dag.py for tasks to queue
[2025-04-21T12:57:59.736+0000] {logging_mixin.py:190} INFO - [2025-04-21T12:57:59.735+0000] {dagbag.py:588} INFO - Filling up the DagBag from /opt/airflow/dags/my_dag.py
[2025-04-21T12:57:59.778+0000] {processor.py:925} INFO - DAG(s) 'TFL_DATA_DAG' retrieved from /opt/airflow/dags/my_dag.py
[2025-04-21T12:57:59.810+0000] {logging_mixin.py:190} INFO - [2025-04-21T12:57:59.810+0000] {dag.py:3239} INFO - Sync 1 DAGs
[2025-04-21T12:57:59.852+0000] {logging_mixin.py:190} INFO - [2025-04-21T12:57:59.851+0000] {dag.py:4180} INFO - Setting next_dagrun for TFL_DATA_DAG to 2025-04-21 00:00:00+00:00, run_after=2025-04-22 00:00:00+00:00
[2025-04-21T12:57:59.883+0000] {processor.py:208} INFO - Processing /opt/airflow/dags/my_dag.py took 0.164 seconds
[2025-04-21T12:58:30.074+0000] {processor.py:186} INFO - Started process (PID=4460) to work on /opt/airflow/dags/my_dag.py
[2025-04-21T12:58:30.076+0000] {processor.py:914} INFO - Processing file /opt/airflow/dags/my_dag.py for tasks to queue
[2025-04-21T12:58:30.083+0000] {logging_mixin.py:190} INFO - [2025-04-21T12:58:30.082+0000] {dagbag.py:588} INFO - Filling up the DagBag from /opt/airflow/dags/my_dag.py
[2025-04-21T12:58:30.115+0000] {processor.py:925} INFO - DAG(s) 'TFL_DATA_DAG' retrieved from /opt/airflow/dags/my_dag.py
[2025-04-21T12:58:30.152+0000] {logging_mixin.py:190} INFO - [2025-04-21T12:58:30.151+0000] {dag.py:3239} INFO - Sync 1 DAGs
[2025-04-21T12:58:30.188+0000] {logging_mixin.py:190} INFO - [2025-04-21T12:58:30.188+0000] {dag.py:4180} INFO - Setting next_dagrun for TFL_DATA_DAG to 2025-04-21 00:00:00+00:00, run_after=2025-04-22 00:00:00+00:00
[2025-04-21T12:58:30.221+0000] {processor.py:208} INFO - Processing /opt/airflow/dags/my_dag.py took 0.156 seconds
[2025-04-21T12:59:00.500+0000] {processor.py:186} INFO - Started process (PID=4476) to work on /opt/airflow/dags/my_dag.py
[2025-04-21T12:59:00.503+0000] {processor.py:914} INFO - Processing file /opt/airflow/dags/my_dag.py for tasks to queue
[2025-04-21T12:59:00.509+0000] {logging_mixin.py:190} INFO - [2025-04-21T12:59:00.508+0000] {dagbag.py:588} INFO - Filling up the DagBag from /opt/airflow/dags/my_dag.py
[2025-04-21T12:59:00.545+0000] {processor.py:925} INFO - DAG(s) 'TFL_DATA_DAG' retrieved from /opt/airflow/dags/my_dag.py
[2025-04-21T12:59:00.571+0000] {logging_mixin.py:190} INFO - [2025-04-21T12:59:00.571+0000] {dag.py:3239} INFO - Sync 1 DAGs
[2025-04-21T12:59:00.596+0000] {logging_mixin.py:190} INFO - [2025-04-21T12:59:00.595+0000] {dag.py:4180} INFO - Setting next_dagrun for TFL_DATA_DAG to 2025-04-21 00:00:00+00:00, run_after=2025-04-22 00:00:00+00:00
[2025-04-21T12:59:00.614+0000] {processor.py:208} INFO - Processing /opt/airflow/dags/my_dag.py took 0.125 seconds
[2025-04-21T12:59:30.865+0000] {processor.py:186} INFO - Started process (PID=4491) to work on /opt/airflow/dags/my_dag.py
[2025-04-21T12:59:30.868+0000] {processor.py:914} INFO - Processing file /opt/airflow/dags/my_dag.py for tasks to queue
[2025-04-21T12:59:30.873+0000] {logging_mixin.py:190} INFO - [2025-04-21T12:59:30.873+0000] {dagbag.py:588} INFO - Filling up the DagBag from /opt/airflow/dags/my_dag.py
[2025-04-21T12:59:30.908+0000] {processor.py:925} INFO - DAG(s) 'TFL_DATA_DAG' retrieved from /opt/airflow/dags/my_dag.py
[2025-04-21T12:59:30.943+0000] {logging_mixin.py:190} INFO - [2025-04-21T12:59:30.943+0000] {dag.py:3239} INFO - Sync 1 DAGs
[2025-04-21T12:59:30.985+0000] {logging_mixin.py:190} INFO - [2025-04-21T12:59:30.984+0000] {dag.py:4180} INFO - Setting next_dagrun for TFL_DATA_DAG to 2025-04-21 00:00:00+00:00, run_after=2025-04-22 00:00:00+00:00
[2025-04-21T12:59:31.015+0000] {processor.py:208} INFO - Processing /opt/airflow/dags/my_dag.py took 0.160 seconds
[2025-04-21T13:00:01.359+0000] {processor.py:186} INFO - Started process (PID=4507) to work on /opt/airflow/dags/my_dag.py
[2025-04-21T13:00:01.361+0000] {processor.py:914} INFO - Processing file /opt/airflow/dags/my_dag.py for tasks to queue
[2025-04-21T13:00:01.365+0000] {logging_mixin.py:190} INFO - [2025-04-21T13:00:01.364+0000] {dagbag.py:588} INFO - Filling up the DagBag from /opt/airflow/dags/my_dag.py
[2025-04-21T13:00:01.388+0000] {processor.py:925} INFO - DAG(s) 'TFL_DATA_DAG' retrieved from /opt/airflow/dags/my_dag.py
[2025-04-21T13:00:01.412+0000] {logging_mixin.py:190} INFO - [2025-04-21T13:00:01.412+0000] {dag.py:3239} INFO - Sync 1 DAGs
[2025-04-21T13:00:01.436+0000] {logging_mixin.py:190} INFO - [2025-04-21T13:00:01.435+0000] {dag.py:4180} INFO - Setting next_dagrun for TFL_DATA_DAG to 2025-04-21 00:00:00+00:00, run_after=2025-04-22 00:00:00+00:00
[2025-04-21T13:00:01.459+0000] {processor.py:208} INFO - Processing /opt/airflow/dags/my_dag.py took 0.105 seconds
[2025-04-21T13:00:31.828+0000] {processor.py:186} INFO - Started process (PID=4523) to work on /opt/airflow/dags/my_dag.py
[2025-04-21T13:00:31.831+0000] {processor.py:914} INFO - Processing file /opt/airflow/dags/my_dag.py for tasks to queue
[2025-04-21T13:00:31.837+0000] {logging_mixin.py:190} INFO - [2025-04-21T13:00:31.836+0000] {dagbag.py:588} INFO - Filling up the DagBag from /opt/airflow/dags/my_dag.py
[2025-04-21T13:00:31.870+0000] {processor.py:925} INFO - DAG(s) 'TFL_DATA_DAG' retrieved from /opt/airflow/dags/my_dag.py
[2025-04-21T13:00:31.905+0000] {logging_mixin.py:190} INFO - [2025-04-21T13:00:31.904+0000] {dag.py:3239} INFO - Sync 1 DAGs
[2025-04-21T13:00:31.940+0000] {logging_mixin.py:190} INFO - [2025-04-21T13:00:31.940+0000] {dag.py:4180} INFO - Setting next_dagrun for TFL_DATA_DAG to 2025-04-21 00:00:00+00:00, run_after=2025-04-22 00:00:00+00:00
[2025-04-21T13:00:31.968+0000] {processor.py:208} INFO - Processing /opt/airflow/dags/my_dag.py took 0.151 seconds
[2025-04-21T13:01:02.190+0000] {processor.py:186} INFO - Started process (PID=4538) to work on /opt/airflow/dags/my_dag.py
[2025-04-21T13:01:02.193+0000] {processor.py:914} INFO - Processing file /opt/airflow/dags/my_dag.py for tasks to queue
[2025-04-21T13:01:02.198+0000] {logging_mixin.py:190} INFO - [2025-04-21T13:01:02.198+0000] {dagbag.py:588} INFO - Filling up the DagBag from /opt/airflow/dags/my_dag.py
[2025-04-21T13:01:02.229+0000] {processor.py:925} INFO - DAG(s) 'TFL_DATA_DAG' retrieved from /opt/airflow/dags/my_dag.py
[2025-04-21T13:01:02.265+0000] {logging_mixin.py:190} INFO - [2025-04-21T13:01:02.264+0000] {dag.py:3239} INFO - Sync 1 DAGs
[2025-04-21T13:01:02.303+0000] {logging_mixin.py:190} INFO - [2025-04-21T13:01:02.302+0000] {dag.py:4180} INFO - Setting next_dagrun for TFL_DATA_DAG to 2025-04-21 00:00:00+00:00, run_after=2025-04-22 00:00:00+00:00
[2025-04-21T13:01:02.333+0000] {processor.py:208} INFO - Processing /opt/airflow/dags/my_dag.py took 0.152 seconds
[2025-04-21T13:01:32.746+0000] {processor.py:186} INFO - Started process (PID=4554) to work on /opt/airflow/dags/my_dag.py
[2025-04-21T13:01:32.748+0000] {processor.py:914} INFO - Processing file /opt/airflow/dags/my_dag.py for tasks to queue
[2025-04-21T13:01:32.752+0000] {logging_mixin.py:190} INFO - [2025-04-21T13:01:32.751+0000] {dagbag.py:588} INFO - Filling up the DagBag from /opt/airflow/dags/my_dag.py
[2025-04-21T13:01:32.782+0000] {processor.py:925} INFO - DAG(s) 'TFL_DATA_DAG' retrieved from /opt/airflow/dags/my_dag.py
[2025-04-21T13:01:32.812+0000] {logging_mixin.py:190} INFO - [2025-04-21T13:01:32.812+0000] {dag.py:3239} INFO - Sync 1 DAGs
[2025-04-21T13:01:32.849+0000] {logging_mixin.py:190} INFO - [2025-04-21T13:01:32.848+0000] {dag.py:4180} INFO - Setting next_dagrun for TFL_DATA_DAG to 2025-04-21 00:00:00+00:00, run_after=2025-04-22 00:00:00+00:00
[2025-04-21T13:01:32.882+0000] {processor.py:208} INFO - Processing /opt/airflow/dags/my_dag.py took 0.145 seconds
[2025-04-21T13:02:03.234+0000] {processor.py:186} INFO - Started process (PID=4570) to work on /opt/airflow/dags/my_dag.py
[2025-04-21T13:02:03.237+0000] {processor.py:914} INFO - Processing file /opt/airflow/dags/my_dag.py for tasks to queue
[2025-04-21T13:02:03.241+0000] {logging_mixin.py:190} INFO - [2025-04-21T13:02:03.241+0000] {dagbag.py:588} INFO - Filling up the DagBag from /opt/airflow/dags/my_dag.py
[2025-04-21T13:02:03.270+0000] {processor.py:925} INFO - DAG(s) 'TFL_DATA_DAG' retrieved from /opt/airflow/dags/my_dag.py
[2025-04-21T13:02:03.305+0000] {logging_mixin.py:190} INFO - [2025-04-21T13:02:03.305+0000] {dag.py:3239} INFO - Sync 1 DAGs
[2025-04-21T13:02:03.343+0000] {logging_mixin.py:190} INFO - [2025-04-21T13:02:03.342+0000] {dag.py:4180} INFO - Setting next_dagrun for TFL_DATA_DAG to 2025-04-21 00:00:00+00:00, run_after=2025-04-22 00:00:00+00:00
[2025-04-21T13:02:03.371+0000] {processor.py:208} INFO - Processing /opt/airflow/dags/my_dag.py took 0.145 seconds
[2025-04-21T13:02:33.588+0000] {processor.py:186} INFO - Started process (PID=4586) to work on /opt/airflow/dags/my_dag.py
[2025-04-21T13:02:33.590+0000] {processor.py:914} INFO - Processing file /opt/airflow/dags/my_dag.py for tasks to queue
[2025-04-21T13:02:33.595+0000] {logging_mixin.py:190} INFO - [2025-04-21T13:02:33.594+0000] {dagbag.py:588} INFO - Filling up the DagBag from /opt/airflow/dags/my_dag.py
[2025-04-21T13:02:33.628+0000] {processor.py:925} INFO - DAG(s) 'TFL_DATA_DAG' retrieved from /opt/airflow/dags/my_dag.py
[2025-04-21T13:02:33.662+0000] {logging_mixin.py:190} INFO - [2025-04-21T13:02:33.661+0000] {dag.py:3239} INFO - Sync 1 DAGs
[2025-04-21T13:02:33.694+0000] {logging_mixin.py:190} INFO - [2025-04-21T13:02:33.694+0000] {dag.py:4180} INFO - Setting next_dagrun for TFL_DATA_DAG to 2025-04-21 00:00:00+00:00, run_after=2025-04-22 00:00:00+00:00
[2025-04-21T13:02:33.724+0000] {processor.py:208} INFO - Processing /opt/airflow/dags/my_dag.py took 0.146 seconds
[2025-04-21T13:03:04.055+0000] {processor.py:186} INFO - Started process (PID=4602) to work on /opt/airflow/dags/my_dag.py
[2025-04-21T13:03:04.057+0000] {processor.py:914} INFO - Processing file /opt/airflow/dags/my_dag.py for tasks to queue
[2025-04-21T13:03:04.061+0000] {logging_mixin.py:190} INFO - [2025-04-21T13:03:04.061+0000] {dagbag.py:588} INFO - Filling up the DagBag from /opt/airflow/dags/my_dag.py
[2025-04-21T13:03:04.106+0000] {processor.py:925} INFO - DAG(s) 'TFL_DATA_DAG' retrieved from /opt/airflow/dags/my_dag.py
[2025-04-21T13:03:04.134+0000] {logging_mixin.py:190} INFO - [2025-04-21T13:03:04.134+0000] {dag.py:3239} INFO - Sync 1 DAGs
[2025-04-21T13:03:04.165+0000] {logging_mixin.py:190} INFO - [2025-04-21T13:03:04.164+0000] {dag.py:4180} INFO - Setting next_dagrun for TFL_DATA_DAG to 2025-04-21 00:00:00+00:00, run_after=2025-04-22 00:00:00+00:00
[2025-04-21T13:03:04.191+0000] {processor.py:208} INFO - Processing /opt/airflow/dags/my_dag.py took 0.142 seconds
[2025-04-21T13:03:34.516+0000] {processor.py:186} INFO - Started process (PID=4618) to work on /opt/airflow/dags/my_dag.py
[2025-04-21T13:03:34.517+0000] {processor.py:914} INFO - Processing file /opt/airflow/dags/my_dag.py for tasks to queue
[2025-04-21T13:03:34.520+0000] {logging_mixin.py:190} INFO - [2025-04-21T13:03:34.520+0000] {dagbag.py:588} INFO - Filling up the DagBag from /opt/airflow/dags/my_dag.py
[2025-04-21T13:03:34.544+0000] {processor.py:925} INFO - DAG(s) 'TFL_DATA_DAG' retrieved from /opt/airflow/dags/my_dag.py
[2025-04-21T13:03:34.566+0000] {logging_mixin.py:190} INFO - [2025-04-21T13:03:34.566+0000] {dag.py:3239} INFO - Sync 1 DAGs
[2025-04-21T13:03:34.589+0000] {logging_mixin.py:190} INFO - [2025-04-21T13:03:34.589+0000] {dag.py:4180} INFO - Setting next_dagrun for TFL_DATA_DAG to 2025-04-21 00:00:00+00:00, run_after=2025-04-22 00:00:00+00:00
[2025-04-21T13:03:34.612+0000] {processor.py:208} INFO - Processing /opt/airflow/dags/my_dag.py took 0.101 seconds
[2025-04-21T13:04:04.793+0000] {processor.py:186} INFO - Started process (PID=4634) to work on /opt/airflow/dags/my_dag.py
[2025-04-21T13:04:04.796+0000] {processor.py:914} INFO - Processing file /opt/airflow/dags/my_dag.py for tasks to queue
[2025-04-21T13:04:04.801+0000] {logging_mixin.py:190} INFO - [2025-04-21T13:04:04.800+0000] {dagbag.py:588} INFO - Filling up the DagBag from /opt/airflow/dags/my_dag.py
[2025-04-21T13:04:04.827+0000] {processor.py:925} INFO - DAG(s) 'TFL_DATA_DAG' retrieved from /opt/airflow/dags/my_dag.py
[2025-04-21T13:04:04.854+0000] {logging_mixin.py:190} INFO - [2025-04-21T13:04:04.854+0000] {dag.py:3239} INFO - Sync 1 DAGs
[2025-04-21T13:04:04.892+0000] {logging_mixin.py:190} INFO - [2025-04-21T13:04:04.892+0000] {dag.py:4180} INFO - Setting next_dagrun for TFL_DATA_DAG to 2025-04-21 00:00:00+00:00, run_after=2025-04-22 00:00:00+00:00
[2025-04-21T13:04:04.923+0000] {processor.py:208} INFO - Processing /opt/airflow/dags/my_dag.py took 0.137 seconds
[2025-04-21T13:04:35.306+0000] {processor.py:186} INFO - Started process (PID=4650) to work on /opt/airflow/dags/my_dag.py
[2025-04-21T13:04:35.309+0000] {processor.py:914} INFO - Processing file /opt/airflow/dags/my_dag.py for tasks to queue
[2025-04-21T13:04:35.314+0000] {logging_mixin.py:190} INFO - [2025-04-21T13:04:35.314+0000] {dagbag.py:588} INFO - Filling up the DagBag from /opt/airflow/dags/my_dag.py
[2025-04-21T13:04:35.352+0000] {processor.py:925} INFO - DAG(s) 'TFL_DATA_DAG' retrieved from /opt/airflow/dags/my_dag.py
[2025-04-21T13:04:35.388+0000] {logging_mixin.py:190} INFO - [2025-04-21T13:04:35.388+0000] {dag.py:3239} INFO - Sync 1 DAGs
[2025-04-21T13:04:35.424+0000] {logging_mixin.py:190} INFO - [2025-04-21T13:04:35.423+0000] {dag.py:4180} INFO - Setting next_dagrun for TFL_DATA_DAG to 2025-04-21 00:00:00+00:00, run_after=2025-04-22 00:00:00+00:00
[2025-04-21T13:04:35.452+0000] {processor.py:208} INFO - Processing /opt/airflow/dags/my_dag.py took 0.158 seconds
[2025-04-21T13:05:05.826+0000] {processor.py:186} INFO - Started process (PID=4672) to work on /opt/airflow/dags/my_dag.py
[2025-04-21T13:05:05.828+0000] {processor.py:914} INFO - Processing file /opt/airflow/dags/my_dag.py for tasks to queue
[2025-04-21T13:05:05.832+0000] {logging_mixin.py:190} INFO - [2025-04-21T13:05:05.832+0000] {dagbag.py:588} INFO - Filling up the DagBag from /opt/airflow/dags/my_dag.py
[2025-04-21T13:05:05.864+0000] {processor.py:925} INFO - DAG(s) 'TFL_DATA_DAG' retrieved from /opt/airflow/dags/my_dag.py
[2025-04-21T13:05:05.897+0000] {logging_mixin.py:190} INFO - [2025-04-21T13:05:05.897+0000] {dag.py:3239} INFO - Sync 1 DAGs
[2025-04-21T13:05:05.930+0000] {logging_mixin.py:190} INFO - [2025-04-21T13:05:05.930+0000] {dag.py:4180} INFO - Setting next_dagrun for TFL_DATA_DAG to 2025-04-21 00:00:00+00:00, run_after=2025-04-22 00:00:00+00:00
[2025-04-21T13:05:05.959+0000] {processor.py:208} INFO - Processing /opt/airflow/dags/my_dag.py took 0.142 seconds
[2025-04-21T13:05:36.334+0000] {processor.py:186} INFO - Started process (PID=4688) to work on /opt/airflow/dags/my_dag.py
[2025-04-21T13:05:36.337+0000] {processor.py:914} INFO - Processing file /opt/airflow/dags/my_dag.py for tasks to queue
[2025-04-21T13:05:36.342+0000] {logging_mixin.py:190} INFO - [2025-04-21T13:05:36.342+0000] {dagbag.py:588} INFO - Filling up the DagBag from /opt/airflow/dags/my_dag.py
[2025-04-21T13:05:36.376+0000] {processor.py:925} INFO - DAG(s) 'TFL_DATA_DAG' retrieved from /opt/airflow/dags/my_dag.py
[2025-04-21T13:05:36.410+0000] {logging_mixin.py:190} INFO - [2025-04-21T13:05:36.409+0000] {dag.py:3239} INFO - Sync 1 DAGs
[2025-04-21T13:05:36.442+0000] {logging_mixin.py:190} INFO - [2025-04-21T13:05:36.442+0000] {dag.py:4180} INFO - Setting next_dagrun for TFL_DATA_DAG to 2025-04-21 00:00:00+00:00, run_after=2025-04-22 00:00:00+00:00
[2025-04-21T13:05:36.470+0000] {processor.py:208} INFO - Processing /opt/airflow/dags/my_dag.py took 0.146 seconds
[2025-04-21T13:06:06.756+0000] {processor.py:186} INFO - Started process (PID=4704) to work on /opt/airflow/dags/my_dag.py
[2025-04-21T13:06:06.758+0000] {processor.py:914} INFO - Processing file /opt/airflow/dags/my_dag.py for tasks to queue
[2025-04-21T13:06:06.763+0000] {logging_mixin.py:190} INFO - [2025-04-21T13:06:06.762+0000] {dagbag.py:588} INFO - Filling up the DagBag from /opt/airflow/dags/my_dag.py
[2025-04-21T13:06:06.797+0000] {processor.py:925} INFO - DAG(s) 'TFL_DATA_DAG' retrieved from /opt/airflow/dags/my_dag.py
[2025-04-21T13:06:06.834+0000] {logging_mixin.py:190} INFO - [2025-04-21T13:06:06.834+0000] {dag.py:3239} INFO - Sync 1 DAGs
[2025-04-21T13:06:06.875+0000] {logging_mixin.py:190} INFO - [2025-04-21T13:06:06.875+0000] {dag.py:4180} INFO - Setting next_dagrun for TFL_DATA_DAG to 2025-04-21 00:00:00+00:00, run_after=2025-04-22 00:00:00+00:00
[2025-04-21T13:06:06.906+0000] {processor.py:208} INFO - Processing /opt/airflow/dags/my_dag.py took 0.159 seconds
[2025-04-21T13:06:37.080+0000] {processor.py:186} INFO - Started process (PID=4720) to work on /opt/airflow/dags/my_dag.py
[2025-04-21T13:06:37.081+0000] {processor.py:914} INFO - Processing file /opt/airflow/dags/my_dag.py for tasks to queue
[2025-04-21T13:06:37.084+0000] {logging_mixin.py:190} INFO - [2025-04-21T13:06:37.084+0000] {dagbag.py:588} INFO - Filling up the DagBag from /opt/airflow/dags/my_dag.py
[2025-04-21T13:06:37.104+0000] {processor.py:925} INFO - DAG(s) 'TFL_DATA_DAG' retrieved from /opt/airflow/dags/my_dag.py
[2025-04-21T13:06:37.126+0000] {logging_mixin.py:190} INFO - [2025-04-21T13:06:37.126+0000] {dag.py:3239} INFO - Sync 1 DAGs
[2025-04-21T13:06:37.152+0000] {logging_mixin.py:190} INFO - [2025-04-21T13:06:37.152+0000] {dag.py:4180} INFO - Setting next_dagrun for TFL_DATA_DAG to 2025-04-21 00:00:00+00:00, run_after=2025-04-22 00:00:00+00:00
[2025-04-21T13:06:37.170+0000] {processor.py:208} INFO - Processing /opt/airflow/dags/my_dag.py took 0.095 seconds
[2025-04-21T13:07:07.415+0000] {processor.py:186} INFO - Started process (PID=4736) to work on /opt/airflow/dags/my_dag.py
[2025-04-21T13:07:07.417+0000] {processor.py:914} INFO - Processing file /opt/airflow/dags/my_dag.py for tasks to queue
[2025-04-21T13:07:07.421+0000] {logging_mixin.py:190} INFO - [2025-04-21T13:07:07.421+0000] {dagbag.py:588} INFO - Filling up the DagBag from /opt/airflow/dags/my_dag.py
[2025-04-21T13:07:07.451+0000] {processor.py:925} INFO - DAG(s) 'TFL_DATA_DAG' retrieved from /opt/airflow/dags/my_dag.py
[2025-04-21T13:07:07.488+0000] {logging_mixin.py:190} INFO - [2025-04-21T13:07:07.487+0000] {dag.py:3239} INFO - Sync 1 DAGs
[2025-04-21T13:07:07.529+0000] {logging_mixin.py:190} INFO - [2025-04-21T13:07:07.529+0000] {dag.py:4180} INFO - Setting next_dagrun for TFL_DATA_DAG to 2025-04-21 00:00:00+00:00, run_after=2025-04-22 00:00:00+00:00
[2025-04-21T13:07:07.558+0000] {processor.py:208} INFO - Processing /opt/airflow/dags/my_dag.py took 0.151 seconds
[2025-04-21T13:07:37.901+0000] {processor.py:186} INFO - Started process (PID=4752) to work on /opt/airflow/dags/my_dag.py
[2025-04-21T13:07:37.903+0000] {processor.py:914} INFO - Processing file /opt/airflow/dags/my_dag.py for tasks to queue
[2025-04-21T13:07:37.907+0000] {logging_mixin.py:190} INFO - [2025-04-21T13:07:37.907+0000] {dagbag.py:588} INFO - Filling up the DagBag from /opt/airflow/dags/my_dag.py
[2025-04-21T13:07:37.937+0000] {processor.py:925} INFO - DAG(s) 'TFL_DATA_DAG' retrieved from /opt/airflow/dags/my_dag.py
[2025-04-21T13:07:37.975+0000] {logging_mixin.py:190} INFO - [2025-04-21T13:07:37.975+0000] {dag.py:3239} INFO - Sync 1 DAGs
[2025-04-21T13:07:38.013+0000] {logging_mixin.py:190} INFO - [2025-04-21T13:07:38.012+0000] {dag.py:4180} INFO - Setting next_dagrun for TFL_DATA_DAG to 2025-04-21 00:00:00+00:00, run_after=2025-04-22 00:00:00+00:00
[2025-04-21T13:07:38.042+0000] {processor.py:208} INFO - Processing /opt/airflow/dags/my_dag.py took 0.151 seconds
[2025-04-21T13:08:08.201+0000] {processor.py:186} INFO - Started process (PID=4768) to work on /opt/airflow/dags/my_dag.py
[2025-04-21T13:08:08.203+0000] {processor.py:914} INFO - Processing file /opt/airflow/dags/my_dag.py for tasks to queue
[2025-04-21T13:08:08.209+0000] {logging_mixin.py:190} INFO - [2025-04-21T13:08:08.208+0000] {dagbag.py:588} INFO - Filling up the DagBag from /opt/airflow/dags/my_dag.py
[2025-04-21T13:08:08.240+0000] {processor.py:925} INFO - DAG(s) 'TFL_DATA_DAG' retrieved from /opt/airflow/dags/my_dag.py
[2025-04-21T13:08:08.275+0000] {logging_mixin.py:190} INFO - [2025-04-21T13:08:08.275+0000] {dag.py:3239} INFO - Sync 1 DAGs
[2025-04-21T13:08:08.312+0000] {logging_mixin.py:190} INFO - [2025-04-21T13:08:08.312+0000] {dag.py:4180} INFO - Setting next_dagrun for TFL_DATA_DAG to 2025-04-21 00:00:00+00:00, run_after=2025-04-22 00:00:00+00:00
[2025-04-21T13:08:08.337+0000] {processor.py:208} INFO - Processing /opt/airflow/dags/my_dag.py took 0.145 seconds
[2025-04-21T13:08:38.684+0000] {processor.py:186} INFO - Started process (PID=4784) to work on /opt/airflow/dags/my_dag.py
[2025-04-21T13:08:38.686+0000] {processor.py:914} INFO - Processing file /opt/airflow/dags/my_dag.py for tasks to queue
[2025-04-21T13:08:38.691+0000] {logging_mixin.py:190} INFO - [2025-04-21T13:08:38.690+0000] {dagbag.py:588} INFO - Filling up the DagBag from /opt/airflow/dags/my_dag.py
[2025-04-21T13:08:38.722+0000] {processor.py:925} INFO - DAG(s) 'TFL_DATA_DAG' retrieved from /opt/airflow/dags/my_dag.py
[2025-04-21T13:08:38.758+0000] {logging_mixin.py:190} INFO - [2025-04-21T13:08:38.758+0000] {dag.py:3239} INFO - Sync 1 DAGs
[2025-04-21T13:08:38.794+0000] {logging_mixin.py:190} INFO - [2025-04-21T13:08:38.794+0000] {dag.py:4180} INFO - Setting next_dagrun for TFL_DATA_DAG to 2025-04-21 00:00:00+00:00, run_after=2025-04-22 00:00:00+00:00
[2025-04-21T13:08:38.822+0000] {processor.py:208} INFO - Processing /opt/airflow/dags/my_dag.py took 0.147 seconds
[2025-04-21T13:09:08.998+0000] {processor.py:186} INFO - Started process (PID=4800) to work on /opt/airflow/dags/my_dag.py
[2025-04-21T13:09:09.001+0000] {processor.py:914} INFO - Processing file /opt/airflow/dags/my_dag.py for tasks to queue
[2025-04-21T13:09:09.006+0000] {logging_mixin.py:190} INFO - [2025-04-21T13:09:09.005+0000] {dagbag.py:588} INFO - Filling up the DagBag from /opt/airflow/dags/my_dag.py
[2025-04-21T13:09:09.045+0000] {processor.py:925} INFO - DAG(s) 'TFL_DATA_DAG' retrieved from /opt/airflow/dags/my_dag.py
[2025-04-21T13:09:09.082+0000] {logging_mixin.py:190} INFO - [2025-04-21T13:09:09.081+0000] {dag.py:3239} INFO - Sync 1 DAGs
[2025-04-21T13:09:09.124+0000] {logging_mixin.py:190} INFO - [2025-04-21T13:09:09.124+0000] {dag.py:4180} INFO - Setting next_dagrun for TFL_DATA_DAG to 2025-04-21 00:00:00+00:00, run_after=2025-04-22 00:00:00+00:00
[2025-04-21T13:09:09.159+0000] {processor.py:208} INFO - Processing /opt/airflow/dags/my_dag.py took 0.172 seconds
[2025-04-21T13:09:39.551+0000] {processor.py:186} INFO - Started process (PID=4816) to work on /opt/airflow/dags/my_dag.py
[2025-04-21T13:09:39.554+0000] {processor.py:914} INFO - Processing file /opt/airflow/dags/my_dag.py for tasks to queue
[2025-04-21T13:09:39.560+0000] {logging_mixin.py:190} INFO - [2025-04-21T13:09:39.559+0000] {dagbag.py:588} INFO - Filling up the DagBag from /opt/airflow/dags/my_dag.py
[2025-04-21T13:09:39.587+0000] {processor.py:925} INFO - DAG(s) 'TFL_DATA_DAG' retrieved from /opt/airflow/dags/my_dag.py
[2025-04-21T13:09:39.610+0000] {logging_mixin.py:190} INFO - [2025-04-21T13:09:39.610+0000] {dag.py:3239} INFO - Sync 1 DAGs
[2025-04-21T13:09:39.638+0000] {logging_mixin.py:190} INFO - [2025-04-21T13:09:39.638+0000] {dag.py:4180} INFO - Setting next_dagrun for TFL_DATA_DAG to 2025-04-21 00:00:00+00:00, run_after=2025-04-22 00:00:00+00:00
[2025-04-21T13:09:39.659+0000] {processor.py:208} INFO - Processing /opt/airflow/dags/my_dag.py took 0.118 seconds
[2025-04-21T13:10:09.850+0000] {processor.py:186} INFO - Started process (PID=4832) to work on /opt/airflow/dags/my_dag.py
[2025-04-21T13:10:09.852+0000] {processor.py:914} INFO - Processing file /opt/airflow/dags/my_dag.py for tasks to queue
[2025-04-21T13:10:09.857+0000] {logging_mixin.py:190} INFO - [2025-04-21T13:10:09.856+0000] {dagbag.py:588} INFO - Filling up the DagBag from /opt/airflow/dags/my_dag.py
[2025-04-21T13:10:09.892+0000] {processor.py:925} INFO - DAG(s) 'TFL_DATA_DAG' retrieved from /opt/airflow/dags/my_dag.py
[2025-04-21T13:10:09.925+0000] {logging_mixin.py:190} INFO - [2025-04-21T13:10:09.924+0000] {dag.py:3239} INFO - Sync 1 DAGs
[2025-04-21T13:10:09.954+0000] {logging_mixin.py:190} INFO - [2025-04-21T13:10:09.954+0000] {dag.py:4180} INFO - Setting next_dagrun for TFL_DATA_DAG to 2025-04-21 00:00:00+00:00, run_after=2025-04-22 00:00:00+00:00
[2025-04-21T13:10:09.983+0000] {processor.py:208} INFO - Processing /opt/airflow/dags/my_dag.py took 0.142 seconds
[2025-04-21T13:10:40.362+0000] {processor.py:186} INFO - Started process (PID=4848) to work on /opt/airflow/dags/my_dag.py
[2025-04-21T13:10:40.365+0000] {processor.py:914} INFO - Processing file /opt/airflow/dags/my_dag.py for tasks to queue
[2025-04-21T13:10:40.370+0000] {logging_mixin.py:190} INFO - [2025-04-21T13:10:40.370+0000] {dagbag.py:588} INFO - Filling up the DagBag from /opt/airflow/dags/my_dag.py
[2025-04-21T13:10:40.403+0000] {processor.py:925} INFO - DAG(s) 'TFL_DATA_DAG' retrieved from /opt/airflow/dags/my_dag.py
[2025-04-21T13:10:40.442+0000] {logging_mixin.py:190} INFO - [2025-04-21T13:10:40.442+0000] {dag.py:3239} INFO - Sync 1 DAGs
[2025-04-21T13:10:40.477+0000] {logging_mixin.py:190} INFO - [2025-04-21T13:10:40.476+0000] {dag.py:4180} INFO - Setting next_dagrun for TFL_DATA_DAG to 2025-04-21 00:00:00+00:00, run_after=2025-04-22 00:00:00+00:00
[2025-04-21T13:10:40.508+0000] {processor.py:208} INFO - Processing /opt/airflow/dags/my_dag.py took 0.155 seconds
[2025-04-21T13:11:10.719+0000] {processor.py:186} INFO - Started process (PID=4864) to work on /opt/airflow/dags/my_dag.py
[2025-04-21T13:11:10.722+0000] {processor.py:914} INFO - Processing file /opt/airflow/dags/my_dag.py for tasks to queue
[2025-04-21T13:11:10.730+0000] {logging_mixin.py:190} INFO - [2025-04-21T13:11:10.730+0000] {dagbag.py:588} INFO - Filling up the DagBag from /opt/airflow/dags/my_dag.py
[2025-04-21T13:11:10.769+0000] {processor.py:925} INFO - DAG(s) 'TFL_DATA_DAG' retrieved from /opt/airflow/dags/my_dag.py
[2025-04-21T13:11:10.801+0000] {logging_mixin.py:190} INFO - [2025-04-21T13:11:10.801+0000] {dag.py:3239} INFO - Sync 1 DAGs
[2025-04-21T13:11:10.835+0000] {logging_mixin.py:190} INFO - [2025-04-21T13:11:10.835+0000] {dag.py:4180} INFO - Setting next_dagrun for TFL_DATA_DAG to 2025-04-21 00:00:00+00:00, run_after=2025-04-22 00:00:00+00:00
[2025-04-21T13:11:10.863+0000] {processor.py:208} INFO - Processing /opt/airflow/dags/my_dag.py took 0.155 seconds
[2025-04-21T13:11:41.177+0000] {processor.py:186} INFO - Started process (PID=4880) to work on /opt/airflow/dags/my_dag.py
[2025-04-21T13:11:41.179+0000] {processor.py:914} INFO - Processing file /opt/airflow/dags/my_dag.py for tasks to queue
[2025-04-21T13:11:41.184+0000] {logging_mixin.py:190} INFO - [2025-04-21T13:11:41.184+0000] {dagbag.py:588} INFO - Filling up the DagBag from /opt/airflow/dags/my_dag.py
[2025-04-21T13:11:41.217+0000] {processor.py:925} INFO - DAG(s) 'TFL_DATA_DAG' retrieved from /opt/airflow/dags/my_dag.py
[2025-04-21T13:11:41.253+0000] {logging_mixin.py:190} INFO - [2025-04-21T13:11:41.252+0000] {dag.py:3239} INFO - Sync 1 DAGs
[2025-04-21T13:11:41.287+0000] {logging_mixin.py:190} INFO - [2025-04-21T13:11:41.286+0000] {dag.py:4180} INFO - Setting next_dagrun for TFL_DATA_DAG to 2025-04-21 00:00:00+00:00, run_after=2025-04-22 00:00:00+00:00
[2025-04-21T13:11:41.314+0000] {processor.py:208} INFO - Processing /opt/airflow/dags/my_dag.py took 0.146 seconds
[2025-04-21T13:12:11.462+0000] {processor.py:186} INFO - Started process (PID=4896) to work on /opt/airflow/dags/my_dag.py
[2025-04-21T13:12:11.465+0000] {processor.py:914} INFO - Processing file /opt/airflow/dags/my_dag.py for tasks to queue
[2025-04-21T13:12:11.469+0000] {logging_mixin.py:190} INFO - [2025-04-21T13:12:11.468+0000] {dagbag.py:588} INFO - Filling up the DagBag from /opt/airflow/dags/my_dag.py
[2025-04-21T13:12:11.497+0000] {processor.py:925} INFO - DAG(s) 'TFL_DATA_DAG' retrieved from /opt/airflow/dags/my_dag.py
[2025-04-21T13:12:11.531+0000] {logging_mixin.py:190} INFO - [2025-04-21T13:12:11.530+0000] {dag.py:3239} INFO - Sync 1 DAGs
[2025-04-21T13:12:11.570+0000] {logging_mixin.py:190} INFO - [2025-04-21T13:12:11.569+0000] {dag.py:4180} INFO - Setting next_dagrun for TFL_DATA_DAG to 2025-04-21 00:00:00+00:00, run_after=2025-04-22 00:00:00+00:00
[2025-04-21T13:12:11.598+0000] {processor.py:208} INFO - Processing /opt/airflow/dags/my_dag.py took 0.144 seconds
[2025-04-21T13:12:41.888+0000] {processor.py:186} INFO - Started process (PID=4912) to work on /opt/airflow/dags/my_dag.py
[2025-04-21T13:12:41.890+0000] {processor.py:914} INFO - Processing file /opt/airflow/dags/my_dag.py for tasks to queue
[2025-04-21T13:12:41.894+0000] {logging_mixin.py:190} INFO - [2025-04-21T13:12:41.894+0000] {dagbag.py:588} INFO - Filling up the DagBag from /opt/airflow/dags/my_dag.py
[2025-04-21T13:12:41.925+0000] {processor.py:925} INFO - DAG(s) 'TFL_DATA_DAG' retrieved from /opt/airflow/dags/my_dag.py
[2025-04-21T13:12:41.956+0000] {logging_mixin.py:190} INFO - [2025-04-21T13:12:41.955+0000] {dag.py:3239} INFO - Sync 1 DAGs
[2025-04-21T13:12:41.994+0000] {logging_mixin.py:190} INFO - [2025-04-21T13:12:41.993+0000] {dag.py:4180} INFO - Setting next_dagrun for TFL_DATA_DAG to 2025-04-21 00:00:00+00:00, run_after=2025-04-22 00:00:00+00:00
[2025-04-21T13:12:42.021+0000] {processor.py:208} INFO - Processing /opt/airflow/dags/my_dag.py took 0.140 seconds
[2025-04-21T13:13:12.366+0000] {processor.py:186} INFO - Started process (PID=4928) to work on /opt/airflow/dags/my_dag.py
[2025-04-21T13:13:12.369+0000] {processor.py:914} INFO - Processing file /opt/airflow/dags/my_dag.py for tasks to queue
[2025-04-21T13:13:12.374+0000] {logging_mixin.py:190} INFO - [2025-04-21T13:13:12.373+0000] {dagbag.py:588} INFO - Filling up the DagBag from /opt/airflow/dags/my_dag.py
[2025-04-21T13:13:12.407+0000] {processor.py:925} INFO - DAG(s) 'TFL_DATA_DAG' retrieved from /opt/airflow/dags/my_dag.py
[2025-04-21T13:13:12.445+0000] {logging_mixin.py:190} INFO - [2025-04-21T13:13:12.444+0000] {dag.py:3239} INFO - Sync 1 DAGs
[2025-04-21T13:13:12.479+0000] {logging_mixin.py:190} INFO - [2025-04-21T13:13:12.479+0000] {dag.py:4180} INFO - Setting next_dagrun for TFL_DATA_DAG to 2025-04-21 00:00:00+00:00, run_after=2025-04-22 00:00:00+00:00
[2025-04-21T13:13:12.506+0000] {processor.py:208} INFO - Processing /opt/airflow/dags/my_dag.py took 0.147 seconds
[2025-04-21T13:13:42.852+0000] {processor.py:186} INFO - Started process (PID=4944) to work on /opt/airflow/dags/my_dag.py
[2025-04-21T13:13:42.855+0000] {processor.py:914} INFO - Processing file /opt/airflow/dags/my_dag.py for tasks to queue
[2025-04-21T13:13:42.858+0000] {logging_mixin.py:190} INFO - [2025-04-21T13:13:42.858+0000] {dagbag.py:588} INFO - Filling up the DagBag from /opt/airflow/dags/my_dag.py
[2025-04-21T13:13:42.889+0000] {processor.py:925} INFO - DAG(s) 'TFL_DATA_DAG' retrieved from /opt/airflow/dags/my_dag.py
[2025-04-21T13:13:42.927+0000] {logging_mixin.py:190} INFO - [2025-04-21T13:13:42.927+0000] {dag.py:3239} INFO - Sync 1 DAGs
[2025-04-21T13:13:42.972+0000] {logging_mixin.py:190} INFO - [2025-04-21T13:13:42.971+0000] {dag.py:4180} INFO - Setting next_dagrun for TFL_DATA_DAG to 2025-04-21 00:00:00+00:00, run_after=2025-04-22 00:00:00+00:00
[2025-04-21T13:13:43.002+0000] {processor.py:208} INFO - Processing /opt/airflow/dags/my_dag.py took 0.158 seconds
[2025-04-21T13:14:13.164+0000] {processor.py:186} INFO - Started process (PID=4960) to work on /opt/airflow/dags/my_dag.py
[2025-04-21T13:14:13.167+0000] {processor.py:914} INFO - Processing file /opt/airflow/dags/my_dag.py for tasks to queue
[2025-04-21T13:14:13.172+0000] {logging_mixin.py:190} INFO - [2025-04-21T13:14:13.171+0000] {dagbag.py:588} INFO - Filling up the DagBag from /opt/airflow/dags/my_dag.py
[2025-04-21T13:14:13.208+0000] {processor.py:925} INFO - DAG(s) 'TFL_DATA_DAG' retrieved from /opt/airflow/dags/my_dag.py
[2025-04-21T13:14:13.244+0000] {logging_mixin.py:190} INFO - [2025-04-21T13:14:13.244+0000] {dag.py:3239} INFO - Sync 1 DAGs
[2025-04-21T13:14:13.276+0000] {logging_mixin.py:190} INFO - [2025-04-21T13:14:13.276+0000] {dag.py:4180} INFO - Setting next_dagrun for TFL_DATA_DAG to 2025-04-21 00:00:00+00:00, run_after=2025-04-22 00:00:00+00:00
[2025-04-21T13:14:13.304+0000] {processor.py:208} INFO - Processing /opt/airflow/dags/my_dag.py took 0.149 seconds
[2025-04-21T13:14:43.645+0000] {processor.py:186} INFO - Started process (PID=4976) to work on /opt/airflow/dags/my_dag.py
[2025-04-21T13:14:43.647+0000] {processor.py:914} INFO - Processing file /opt/airflow/dags/my_dag.py for tasks to queue
[2025-04-21T13:14:43.653+0000] {logging_mixin.py:190} INFO - [2025-04-21T13:14:43.652+0000] {dagbag.py:588} INFO - Filling up the DagBag from /opt/airflow/dags/my_dag.py
[2025-04-21T13:14:43.687+0000] {processor.py:925} INFO - DAG(s) 'TFL_DATA_DAG' retrieved from /opt/airflow/dags/my_dag.py
[2025-04-21T13:14:43.725+0000] {logging_mixin.py:190} INFO - [2025-04-21T13:14:43.724+0000] {dag.py:3239} INFO - Sync 1 DAGs
[2025-04-21T13:14:43.760+0000] {logging_mixin.py:190} INFO - [2025-04-21T13:14:43.760+0000] {dag.py:4180} INFO - Setting next_dagrun for TFL_DATA_DAG to 2025-04-21 00:00:00+00:00, run_after=2025-04-22 00:00:00+00:00
[2025-04-21T13:14:43.791+0000] {processor.py:208} INFO - Processing /opt/airflow/dags/my_dag.py took 0.155 seconds
[2025-04-21T13:15:13.950+0000] {processor.py:186} INFO - Started process (PID=4992) to work on /opt/airflow/dags/my_dag.py
[2025-04-21T13:15:13.952+0000] {processor.py:914} INFO - Processing file /opt/airflow/dags/my_dag.py for tasks to queue
[2025-04-21T13:15:13.955+0000] {logging_mixin.py:190} INFO - [2025-04-21T13:15:13.955+0000] {dagbag.py:588} INFO - Filling up the DagBag from /opt/airflow/dags/my_dag.py
[2025-04-21T13:15:13.980+0000] {processor.py:925} INFO - DAG(s) 'TFL_DATA_DAG' retrieved from /opt/airflow/dags/my_dag.py
[2025-04-21T13:15:14.010+0000] {logging_mixin.py:190} INFO - [2025-04-21T13:15:14.009+0000] {dag.py:3239} INFO - Sync 1 DAGs
[2025-04-21T13:15:14.038+0000] {logging_mixin.py:190} INFO - [2025-04-21T13:15:14.037+0000] {dag.py:4180} INFO - Setting next_dagrun for TFL_DATA_DAG to 2025-04-21 00:00:00+00:00, run_after=2025-04-22 00:00:00+00:00
[2025-04-21T13:15:14.060+0000] {processor.py:208} INFO - Processing /opt/airflow/dags/my_dag.py took 0.117 seconds
[2025-04-21T13:15:44.384+0000] {processor.py:186} INFO - Started process (PID=5008) to work on /opt/airflow/dags/my_dag.py
[2025-04-21T13:15:44.385+0000] {processor.py:914} INFO - Processing file /opt/airflow/dags/my_dag.py for tasks to queue
[2025-04-21T13:15:44.390+0000] {logging_mixin.py:190} INFO - [2025-04-21T13:15:44.389+0000] {dagbag.py:588} INFO - Filling up the DagBag from /opt/airflow/dags/my_dag.py
[2025-04-21T13:15:44.421+0000] {processor.py:925} INFO - DAG(s) 'TFL_DATA_DAG' retrieved from /opt/airflow/dags/my_dag.py
[2025-04-21T13:15:44.458+0000] {logging_mixin.py:190} INFO - [2025-04-21T13:15:44.458+0000] {dag.py:3239} INFO - Sync 1 DAGs
[2025-04-21T13:15:44.489+0000] {logging_mixin.py:190} INFO - [2025-04-21T13:15:44.489+0000] {dag.py:4180} INFO - Setting next_dagrun for TFL_DATA_DAG to 2025-04-21 00:00:00+00:00, run_after=2025-04-22 00:00:00+00:00
[2025-04-21T13:15:44.520+0000] {processor.py:208} INFO - Processing /opt/airflow/dags/my_dag.py took 0.145 seconds
[2025-04-21T13:16:14.910+0000] {processor.py:186} INFO - Started process (PID=5024) to work on /opt/airflow/dags/my_dag.py
[2025-04-21T13:16:14.913+0000] {processor.py:914} INFO - Processing file /opt/airflow/dags/my_dag.py for tasks to queue
[2025-04-21T13:16:14.917+0000] {logging_mixin.py:190} INFO - [2025-04-21T13:16:14.916+0000] {dagbag.py:588} INFO - Filling up the DagBag from /opt/airflow/dags/my_dag.py
[2025-04-21T13:16:14.944+0000] {processor.py:925} INFO - DAG(s) 'TFL_DATA_DAG' retrieved from /opt/airflow/dags/my_dag.py
[2025-04-21T13:16:14.979+0000] {logging_mixin.py:190} INFO - [2025-04-21T13:16:14.979+0000] {dag.py:3239} INFO - Sync 1 DAGs
[2025-04-21T13:16:15.014+0000] {logging_mixin.py:190} INFO - [2025-04-21T13:16:15.014+0000] {dag.py:4180} INFO - Setting next_dagrun for TFL_DATA_DAG to 2025-04-21 00:00:00+00:00, run_after=2025-04-22 00:00:00+00:00
[2025-04-21T13:16:15.041+0000] {processor.py:208} INFO - Processing /opt/airflow/dags/my_dag.py took 0.139 seconds
[2025-04-21T13:16:45.392+0000] {processor.py:186} INFO - Started process (PID=5040) to work on /opt/airflow/dags/my_dag.py
[2025-04-21T13:16:45.395+0000] {processor.py:914} INFO - Processing file /opt/airflow/dags/my_dag.py for tasks to queue
[2025-04-21T13:16:45.398+0000] {logging_mixin.py:190} INFO - [2025-04-21T13:16:45.398+0000] {dagbag.py:588} INFO - Filling up the DagBag from /opt/airflow/dags/my_dag.py
[2025-04-21T13:16:45.430+0000] {processor.py:925} INFO - DAG(s) 'TFL_DATA_DAG' retrieved from /opt/airflow/dags/my_dag.py
[2025-04-21T13:16:45.461+0000] {logging_mixin.py:190} INFO - [2025-04-21T13:16:45.461+0000] {dag.py:3239} INFO - Sync 1 DAGs
[2025-04-21T13:16:45.495+0000] {logging_mixin.py:190} INFO - [2025-04-21T13:16:45.494+0000] {dag.py:4180} INFO - Setting next_dagrun for TFL_DATA_DAG to 2025-04-21 00:00:00+00:00, run_after=2025-04-22 00:00:00+00:00
[2025-04-21T13:16:45.519+0000] {processor.py:208} INFO - Processing /opt/airflow/dags/my_dag.py took 0.137 seconds
[2025-04-21T13:17:15.706+0000] {processor.py:186} INFO - Started process (PID=5056) to work on /opt/airflow/dags/my_dag.py
[2025-04-21T13:17:15.708+0000] {processor.py:914} INFO - Processing file /opt/airflow/dags/my_dag.py for tasks to queue
[2025-04-21T13:17:15.712+0000] {logging_mixin.py:190} INFO - [2025-04-21T13:17:15.712+0000] {dagbag.py:588} INFO - Filling up the DagBag from /opt/airflow/dags/my_dag.py
[2025-04-21T13:17:15.742+0000] {processor.py:925} INFO - DAG(s) 'TFL_DATA_DAG' retrieved from /opt/airflow/dags/my_dag.py
[2025-04-21T13:17:15.772+0000] {logging_mixin.py:190} INFO - [2025-04-21T13:17:15.772+0000] {dag.py:3239} INFO - Sync 1 DAGs
[2025-04-21T13:17:15.802+0000] {logging_mixin.py:190} INFO - [2025-04-21T13:17:15.802+0000] {dag.py:4180} INFO - Setting next_dagrun for TFL_DATA_DAG to 2025-04-21 00:00:00+00:00, run_after=2025-04-22 00:00:00+00:00
[2025-04-21T13:17:15.828+0000] {processor.py:208} INFO - Processing /opt/airflow/dags/my_dag.py took 0.134 seconds
[2025-04-21T13:17:46.216+0000] {processor.py:186} INFO - Started process (PID=5072) to work on /opt/airflow/dags/my_dag.py
[2025-04-21T13:17:46.219+0000] {processor.py:914} INFO - Processing file /opt/airflow/dags/my_dag.py for tasks to queue
[2025-04-21T13:17:46.224+0000] {logging_mixin.py:190} INFO - [2025-04-21T13:17:46.223+0000] {dagbag.py:588} INFO - Filling up the DagBag from /opt/airflow/dags/my_dag.py
[2025-04-21T13:17:46.259+0000] {processor.py:925} INFO - DAG(s) 'TFL_DATA_DAG' retrieved from /opt/airflow/dags/my_dag.py
[2025-04-21T13:17:46.293+0000] {logging_mixin.py:190} INFO - [2025-04-21T13:17:46.293+0000] {dag.py:3239} INFO - Sync 1 DAGs
[2025-04-21T13:17:46.328+0000] {logging_mixin.py:190} INFO - [2025-04-21T13:17:46.328+0000] {dag.py:4180} INFO - Setting next_dagrun for TFL_DATA_DAG to 2025-04-21 00:00:00+00:00, run_after=2025-04-22 00:00:00+00:00
[2025-04-21T13:17:46.359+0000] {processor.py:208} INFO - Processing /opt/airflow/dags/my_dag.py took 0.152 seconds
[2025-04-21T13:18:16.544+0000] {processor.py:186} INFO - Started process (PID=5088) to work on /opt/airflow/dags/my_dag.py
[2025-04-21T13:18:16.547+0000] {processor.py:914} INFO - Processing file /opt/airflow/dags/my_dag.py for tasks to queue
[2025-04-21T13:18:16.554+0000] {logging_mixin.py:190} INFO - [2025-04-21T13:18:16.553+0000] {dagbag.py:588} INFO - Filling up the DagBag from /opt/airflow/dags/my_dag.py
[2025-04-21T13:18:16.586+0000] {processor.py:925} INFO - DAG(s) 'TFL_DATA_DAG' retrieved from /opt/airflow/dags/my_dag.py
[2025-04-21T13:18:16.621+0000] {logging_mixin.py:190} INFO - [2025-04-21T13:18:16.621+0000] {dag.py:3239} INFO - Sync 1 DAGs
[2025-04-21T13:18:16.656+0000] {logging_mixin.py:190} INFO - [2025-04-21T13:18:16.655+0000] {dag.py:4180} INFO - Setting next_dagrun for TFL_DATA_DAG to 2025-04-21 00:00:00+00:00, run_after=2025-04-22 00:00:00+00:00
[2025-04-21T13:18:16.685+0000] {processor.py:208} INFO - Processing /opt/airflow/dags/my_dag.py took 0.150 seconds
[2025-04-21T13:18:47.067+0000] {processor.py:186} INFO - Started process (PID=5104) to work on /opt/airflow/dags/my_dag.py
[2025-04-21T13:18:47.070+0000] {processor.py:914} INFO - Processing file /opt/airflow/dags/my_dag.py for tasks to queue
[2025-04-21T13:18:47.075+0000] {logging_mixin.py:190} INFO - [2025-04-21T13:18:47.075+0000] {dagbag.py:588} INFO - Filling up the DagBag from /opt/airflow/dags/my_dag.py
[2025-04-21T13:18:47.107+0000] {processor.py:925} INFO - DAG(s) 'TFL_DATA_DAG' retrieved from /opt/airflow/dags/my_dag.py
[2025-04-21T13:18:47.145+0000] {logging_mixin.py:190} INFO - [2025-04-21T13:18:47.144+0000] {dag.py:3239} INFO - Sync 1 DAGs
[2025-04-21T13:18:47.180+0000] {logging_mixin.py:190} INFO - [2025-04-21T13:18:47.180+0000] {dag.py:4180} INFO - Setting next_dagrun for TFL_DATA_DAG to 2025-04-21 00:00:00+00:00, run_after=2025-04-22 00:00:00+00:00
[2025-04-21T13:18:47.209+0000] {processor.py:208} INFO - Processing /opt/airflow/dags/my_dag.py took 0.154 seconds
[2025-04-21T13:19:17.554+0000] {processor.py:186} INFO - Started process (PID=5120) to work on /opt/airflow/dags/my_dag.py
[2025-04-21T13:19:17.557+0000] {processor.py:914} INFO - Processing file /opt/airflow/dags/my_dag.py for tasks to queue
[2025-04-21T13:19:17.561+0000] {logging_mixin.py:190} INFO - [2025-04-21T13:19:17.561+0000] {dagbag.py:588} INFO - Filling up the DagBag from /opt/airflow/dags/my_dag.py
[2025-04-21T13:19:17.592+0000] {processor.py:925} INFO - DAG(s) 'TFL_DATA_DAG' retrieved from /opt/airflow/dags/my_dag.py
[2025-04-21T13:19:17.627+0000] {logging_mixin.py:190} INFO - [2025-04-21T13:19:17.627+0000] {dag.py:3239} INFO - Sync 1 DAGs
[2025-04-21T13:19:17.662+0000] {logging_mixin.py:190} INFO - [2025-04-21T13:19:17.662+0000] {dag.py:4180} INFO - Setting next_dagrun for TFL_DATA_DAG to 2025-04-21 00:00:00+00:00, run_after=2025-04-22 00:00:00+00:00
[2025-04-21T13:19:17.689+0000] {processor.py:208} INFO - Processing /opt/airflow/dags/my_dag.py took 0.144 seconds
[2025-04-21T13:19:47.908+0000] {processor.py:186} INFO - Started process (PID=5136) to work on /opt/airflow/dags/my_dag.py
[2025-04-21T13:19:47.911+0000] {processor.py:914} INFO - Processing file /opt/airflow/dags/my_dag.py for tasks to queue
[2025-04-21T13:19:47.916+0000] {logging_mixin.py:190} INFO - [2025-04-21T13:19:47.915+0000] {dagbag.py:588} INFO - Filling up the DagBag from /opt/airflow/dags/my_dag.py
[2025-04-21T13:19:47.949+0000] {processor.py:925} INFO - DAG(s) 'TFL_DATA_DAG' retrieved from /opt/airflow/dags/my_dag.py
[2025-04-21T13:19:47.985+0000] {logging_mixin.py:190} INFO - [2025-04-21T13:19:47.985+0000] {dag.py:3239} INFO - Sync 1 DAGs
[2025-04-21T13:19:48.019+0000] {logging_mixin.py:190} INFO - [2025-04-21T13:19:48.019+0000] {dag.py:4180} INFO - Setting next_dagrun for TFL_DATA_DAG to 2025-04-21 00:00:00+00:00, run_after=2025-04-22 00:00:00+00:00
[2025-04-21T13:19:48.049+0000] {processor.py:208} INFO - Processing /opt/airflow/dags/my_dag.py took 0.150 seconds
[2025-04-21T13:20:18.398+0000] {processor.py:186} INFO - Started process (PID=5152) to work on /opt/airflow/dags/my_dag.py
[2025-04-21T13:20:18.401+0000] {processor.py:914} INFO - Processing file /opt/airflow/dags/my_dag.py for tasks to queue
[2025-04-21T13:20:18.404+0000] {logging_mixin.py:190} INFO - [2025-04-21T13:20:18.404+0000] {dagbag.py:588} INFO - Filling up the DagBag from /opt/airflow/dags/my_dag.py
[2025-04-21T13:20:18.433+0000] {processor.py:925} INFO - DAG(s) 'TFL_DATA_DAG' retrieved from /opt/airflow/dags/my_dag.py
[2025-04-21T13:20:18.470+0000] {logging_mixin.py:190} INFO - [2025-04-21T13:20:18.469+0000] {dag.py:3239} INFO - Sync 1 DAGs
[2025-04-21T13:20:18.513+0000] {logging_mixin.py:190} INFO - [2025-04-21T13:20:18.513+0000] {dag.py:4180} INFO - Setting next_dagrun for TFL_DATA_DAG to 2025-04-21 00:00:00+00:00, run_after=2025-04-22 00:00:00+00:00
[2025-04-21T13:20:18.544+0000] {processor.py:208} INFO - Processing /opt/airflow/dags/my_dag.py took 0.156 seconds
[2025-04-21T13:20:48.724+0000] {processor.py:186} INFO - Started process (PID=5168) to work on /opt/airflow/dags/my_dag.py
[2025-04-21T13:20:48.727+0000] {processor.py:914} INFO - Processing file /opt/airflow/dags/my_dag.py for tasks to queue
[2025-04-21T13:20:48.733+0000] {logging_mixin.py:190} INFO - [2025-04-21T13:20:48.733+0000] {dagbag.py:588} INFO - Filling up the DagBag from /opt/airflow/dags/my_dag.py
[2025-04-21T13:20:48.763+0000] {processor.py:925} INFO - DAG(s) 'TFL_DATA_DAG' retrieved from /opt/airflow/dags/my_dag.py
[2025-04-21T13:20:48.801+0000] {logging_mixin.py:190} INFO - [2025-04-21T13:20:48.800+0000] {dag.py:3239} INFO - Sync 1 DAGs
[2025-04-21T13:20:48.837+0000] {logging_mixin.py:190} INFO - [2025-04-21T13:20:48.836+0000] {dag.py:4180} INFO - Setting next_dagrun for TFL_DATA_DAG to 2025-04-21 00:00:00+00:00, run_after=2025-04-22 00:00:00+00:00
[2025-04-21T13:20:48.866+0000] {processor.py:208} INFO - Processing /opt/airflow/dags/my_dag.py took 0.152 seconds
[2025-04-21T13:21:19.173+0000] {processor.py:186} INFO - Started process (PID=5184) to work on /opt/airflow/dags/my_dag.py
[2025-04-21T13:21:19.174+0000] {processor.py:914} INFO - Processing file /opt/airflow/dags/my_dag.py for tasks to queue
[2025-04-21T13:21:19.177+0000] {logging_mixin.py:190} INFO - [2025-04-21T13:21:19.177+0000] {dagbag.py:588} INFO - Filling up the DagBag from /opt/airflow/dags/my_dag.py
[2025-04-21T13:21:19.197+0000] {processor.py:925} INFO - DAG(s) 'TFL_DATA_DAG' retrieved from /opt/airflow/dags/my_dag.py
[2025-04-21T13:21:19.218+0000] {logging_mixin.py:190} INFO - [2025-04-21T13:21:19.218+0000] {dag.py:3239} INFO - Sync 1 DAGs
[2025-04-21T13:21:19.241+0000] {logging_mixin.py:190} INFO - [2025-04-21T13:21:19.241+0000] {dag.py:4180} INFO - Setting next_dagrun for TFL_DATA_DAG to 2025-04-21 00:00:00+00:00, run_after=2025-04-22 00:00:00+00:00
[2025-04-21T13:21:19.261+0000] {processor.py:208} INFO - Processing /opt/airflow/dags/my_dag.py took 0.094 seconds
[2025-04-21T13:21:49.615+0000] {processor.py:186} INFO - Started process (PID=5200) to work on /opt/airflow/dags/my_dag.py
[2025-04-21T13:21:49.618+0000] {processor.py:914} INFO - Processing file /opt/airflow/dags/my_dag.py for tasks to queue
[2025-04-21T13:21:49.625+0000] {logging_mixin.py:190} INFO - [2025-04-21T13:21:49.624+0000] {dagbag.py:588} INFO - Filling up the DagBag from /opt/airflow/dags/my_dag.py
[2025-04-21T13:21:49.658+0000] {processor.py:925} INFO - DAG(s) 'TFL_DATA_DAG' retrieved from /opt/airflow/dags/my_dag.py
[2025-04-21T13:21:49.690+0000] {logging_mixin.py:190} INFO - [2025-04-21T13:21:49.690+0000] {dag.py:3239} INFO - Sync 1 DAGs
[2025-04-21T13:21:49.724+0000] {logging_mixin.py:190} INFO - [2025-04-21T13:21:49.723+0000] {dag.py:4180} INFO - Setting next_dagrun for TFL_DATA_DAG to 2025-04-21 00:00:00+00:00, run_after=2025-04-22 00:00:00+00:00
[2025-04-21T13:21:49.752+0000] {processor.py:208} INFO - Processing /opt/airflow/dags/my_dag.py took 0.146 seconds
[2025-04-21T13:22:20.105+0000] {processor.py:186} INFO - Started process (PID=5216) to work on /opt/airflow/dags/my_dag.py
[2025-04-21T13:22:20.108+0000] {processor.py:914} INFO - Processing file /opt/airflow/dags/my_dag.py for tasks to queue
[2025-04-21T13:22:20.112+0000] {logging_mixin.py:190} INFO - [2025-04-21T13:22:20.111+0000] {dagbag.py:588} INFO - Filling up the DagBag from /opt/airflow/dags/my_dag.py
[2025-04-21T13:22:20.149+0000] {processor.py:925} INFO - DAG(s) 'TFL_DATA_DAG' retrieved from /opt/airflow/dags/my_dag.py
[2025-04-21T13:22:20.182+0000] {logging_mixin.py:190} INFO - [2025-04-21T13:22:20.182+0000] {dag.py:3239} INFO - Sync 1 DAGs
[2025-04-21T13:22:20.215+0000] {logging_mixin.py:190} INFO - [2025-04-21T13:22:20.215+0000] {dag.py:4180} INFO - Setting next_dagrun for TFL_DATA_DAG to 2025-04-21 00:00:00+00:00, run_after=2025-04-22 00:00:00+00:00
[2025-04-21T13:22:20.244+0000] {processor.py:208} INFO - Processing /opt/airflow/dags/my_dag.py took 0.149 seconds
[2025-04-21T13:22:50.423+0000] {processor.py:186} INFO - Started process (PID=5232) to work on /opt/airflow/dags/my_dag.py
[2025-04-21T13:22:50.425+0000] {processor.py:914} INFO - Processing file /opt/airflow/dags/my_dag.py for tasks to queue
[2025-04-21T13:22:50.430+0000] {logging_mixin.py:190} INFO - [2025-04-21T13:22:50.429+0000] {dagbag.py:588} INFO - Filling up the DagBag from /opt/airflow/dags/my_dag.py
[2025-04-21T13:22:50.463+0000] {processor.py:925} INFO - DAG(s) 'TFL_DATA_DAG' retrieved from /opt/airflow/dags/my_dag.py
[2025-04-21T13:22:50.495+0000] {logging_mixin.py:190} INFO - [2025-04-21T13:22:50.494+0000] {dag.py:3239} INFO - Sync 1 DAGs
[2025-04-21T13:22:50.530+0000] {logging_mixin.py:190} INFO - [2025-04-21T13:22:50.530+0000] {dag.py:4180} INFO - Setting next_dagrun for TFL_DATA_DAG to 2025-04-21 00:00:00+00:00, run_after=2025-04-22 00:00:00+00:00
[2025-04-21T13:22:50.560+0000] {processor.py:208} INFO - Processing /opt/airflow/dags/my_dag.py took 0.146 seconds
[2025-04-21T13:23:20.816+0000] {processor.py:186} INFO - Started process (PID=5248) to work on /opt/airflow/dags/my_dag.py
[2025-04-21T13:23:20.818+0000] {processor.py:914} INFO - Processing file /opt/airflow/dags/my_dag.py for tasks to queue
[2025-04-21T13:23:20.821+0000] {logging_mixin.py:190} INFO - [2025-04-21T13:23:20.821+0000] {dagbag.py:588} INFO - Filling up the DagBag from /opt/airflow/dags/my_dag.py
[2025-04-21T13:23:20.849+0000] {processor.py:925} INFO - DAG(s) 'TFL_DATA_DAG' retrieved from /opt/airflow/dags/my_dag.py
[2025-04-21T13:23:20.883+0000] {logging_mixin.py:190} INFO - [2025-04-21T13:23:20.883+0000] {dag.py:3239} INFO - Sync 1 DAGs
[2025-04-21T13:23:20.916+0000] {logging_mixin.py:190} INFO - [2025-04-21T13:23:20.915+0000] {dag.py:4180} INFO - Setting next_dagrun for TFL_DATA_DAG to 2025-04-21 00:00:00+00:00, run_after=2025-04-22 00:00:00+00:00
[2025-04-21T13:23:20.946+0000] {processor.py:208} INFO - Processing /opt/airflow/dags/my_dag.py took 0.139 seconds
[2025-04-21T13:23:51.279+0000] {processor.py:186} INFO - Started process (PID=5264) to work on /opt/airflow/dags/my_dag.py
[2025-04-21T13:23:51.282+0000] {processor.py:914} INFO - Processing file /opt/airflow/dags/my_dag.py for tasks to queue
[2025-04-21T13:23:51.288+0000] {logging_mixin.py:190} INFO - [2025-04-21T13:23:51.287+0000] {dagbag.py:588} INFO - Filling up the DagBag from /opt/airflow/dags/my_dag.py
[2025-04-21T13:23:51.323+0000] {processor.py:925} INFO - DAG(s) 'TFL_DATA_DAG' retrieved from /opt/airflow/dags/my_dag.py
[2025-04-21T13:23:51.368+0000] {logging_mixin.py:190} INFO - [2025-04-21T13:23:51.367+0000] {dag.py:3239} INFO - Sync 1 DAGs
[2025-04-21T13:23:51.407+0000] {logging_mixin.py:190} INFO - [2025-04-21T13:23:51.407+0000] {dag.py:4180} INFO - Setting next_dagrun for TFL_DATA_DAG to 2025-04-21 00:00:00+00:00, run_after=2025-04-22 00:00:00+00:00
[2025-04-21T13:23:51.439+0000] {processor.py:208} INFO - Processing /opt/airflow/dags/my_dag.py took 0.168 seconds
[2025-04-21T13:24:21.621+0000] {processor.py:186} INFO - Started process (PID=5280) to work on /opt/airflow/dags/my_dag.py
[2025-04-21T13:24:21.624+0000] {processor.py:914} INFO - Processing file /opt/airflow/dags/my_dag.py for tasks to queue
[2025-04-21T13:24:21.629+0000] {logging_mixin.py:190} INFO - [2025-04-21T13:24:21.628+0000] {dagbag.py:588} INFO - Filling up the DagBag from /opt/airflow/dags/my_dag.py
[2025-04-21T13:24:21.670+0000] {processor.py:925} INFO - DAG(s) 'TFL_DATA_DAG' retrieved from /opt/airflow/dags/my_dag.py
[2025-04-21T13:24:21.703+0000] {logging_mixin.py:190} INFO - [2025-04-21T13:24:21.702+0000] {dag.py:3239} INFO - Sync 1 DAGs
[2025-04-21T13:24:21.733+0000] {logging_mixin.py:190} INFO - [2025-04-21T13:24:21.733+0000] {dag.py:4180} INFO - Setting next_dagrun for TFL_DATA_DAG to 2025-04-21 00:00:00+00:00, run_after=2025-04-22 00:00:00+00:00
[2025-04-21T13:24:21.759+0000] {processor.py:208} INFO - Processing /opt/airflow/dags/my_dag.py took 0.144 seconds
[2025-04-21T13:24:52.093+0000] {processor.py:186} INFO - Started process (PID=5296) to work on /opt/airflow/dags/my_dag.py
[2025-04-21T13:24:52.096+0000] {processor.py:914} INFO - Processing file /opt/airflow/dags/my_dag.py for tasks to queue
[2025-04-21T13:24:52.100+0000] {logging_mixin.py:190} INFO - [2025-04-21T13:24:52.100+0000] {dagbag.py:588} INFO - Filling up the DagBag from /opt/airflow/dags/my_dag.py
[2025-04-21T13:24:52.130+0000] {processor.py:925} INFO - DAG(s) 'TFL_DATA_DAG' retrieved from /opt/airflow/dags/my_dag.py
[2025-04-21T13:24:52.163+0000] {logging_mixin.py:190} INFO - [2025-04-21T13:24:52.163+0000] {dag.py:3239} INFO - Sync 1 DAGs
[2025-04-21T13:24:52.199+0000] {logging_mixin.py:190} INFO - [2025-04-21T13:24:52.199+0000] {dag.py:4180} INFO - Setting next_dagrun for TFL_DATA_DAG to 2025-04-21 00:00:00+00:00, run_after=2025-04-22 00:00:00+00:00
[2025-04-21T13:24:52.229+0000] {processor.py:208} INFO - Processing /opt/airflow/dags/my_dag.py took 0.144 seconds
[2025-04-21T13:25:22.602+0000] {processor.py:186} INFO - Started process (PID=5312) to work on /opt/airflow/dags/my_dag.py
[2025-04-21T13:25:22.616+0000] {processor.py:914} INFO - Processing file /opt/airflow/dags/my_dag.py for tasks to queue
[2025-04-21T13:25:22.624+0000] {logging_mixin.py:190} INFO - [2025-04-21T13:25:22.623+0000] {dagbag.py:588} INFO - Filling up the DagBag from /opt/airflow/dags/my_dag.py
[2025-04-21T13:25:22.656+0000] {processor.py:925} INFO - DAG(s) 'TFL_DATA_DAG' retrieved from /opt/airflow/dags/my_dag.py
[2025-04-21T13:25:22.685+0000] {logging_mixin.py:190} INFO - [2025-04-21T13:25:22.684+0000] {dag.py:3239} INFO - Sync 1 DAGs
[2025-04-21T13:25:22.717+0000] {logging_mixin.py:190} INFO - [2025-04-21T13:25:22.717+0000] {dag.py:4180} INFO - Setting next_dagrun for TFL_DATA_DAG to 2025-04-21 00:00:00+00:00, run_after=2025-04-22 00:00:00+00:00
[2025-04-21T13:25:22.746+0000] {processor.py:208} INFO - Processing /opt/airflow/dags/my_dag.py took 0.150 seconds
[2025-04-21T13:25:53.118+0000] {processor.py:186} INFO - Started process (PID=5328) to work on /opt/airflow/dags/my_dag.py
[2025-04-21T13:25:53.120+0000] {processor.py:914} INFO - Processing file /opt/airflow/dags/my_dag.py for tasks to queue
[2025-04-21T13:25:53.124+0000] {logging_mixin.py:190} INFO - [2025-04-21T13:25:53.123+0000] {dagbag.py:588} INFO - Filling up the DagBag from /opt/airflow/dags/my_dag.py
[2025-04-21T13:25:53.153+0000] {processor.py:925} INFO - DAG(s) 'TFL_DATA_DAG' retrieved from /opt/airflow/dags/my_dag.py
[2025-04-21T13:25:53.189+0000] {logging_mixin.py:190} INFO - [2025-04-21T13:25:53.188+0000] {dag.py:3239} INFO - Sync 1 DAGs
[2025-04-21T13:25:53.224+0000] {logging_mixin.py:190} INFO - [2025-04-21T13:25:53.224+0000] {dag.py:4180} INFO - Setting next_dagrun for TFL_DATA_DAG to 2025-04-21 00:00:00+00:00, run_after=2025-04-22 00:00:00+00:00
[2025-04-21T13:25:53.252+0000] {processor.py:208} INFO - Processing /opt/airflow/dags/my_dag.py took 0.143 seconds
[2025-04-21T13:26:23.495+0000] {processor.py:186} INFO - Started process (PID=5344) to work on /opt/airflow/dags/my_dag.py
[2025-04-21T13:26:23.497+0000] {processor.py:914} INFO - Processing file /opt/airflow/dags/my_dag.py for tasks to queue
[2025-04-21T13:26:23.503+0000] {logging_mixin.py:190} INFO - [2025-04-21T13:26:23.502+0000] {dagbag.py:588} INFO - Filling up the DagBag from /opt/airflow/dags/my_dag.py
[2025-04-21T13:26:23.534+0000] {processor.py:925} INFO - DAG(s) 'TFL_DATA_DAG' retrieved from /opt/airflow/dags/my_dag.py
[2025-04-21T13:26:23.573+0000] {logging_mixin.py:190} INFO - [2025-04-21T13:26:23.572+0000] {dag.py:3239} INFO - Sync 1 DAGs
[2025-04-21T13:26:23.609+0000] {logging_mixin.py:190} INFO - [2025-04-21T13:26:23.609+0000] {dag.py:4180} INFO - Setting next_dagrun for TFL_DATA_DAG to 2025-04-21 00:00:00+00:00, run_after=2025-04-22 00:00:00+00:00
[2025-04-21T13:26:23.637+0000] {processor.py:208} INFO - Processing /opt/airflow/dags/my_dag.py took 0.149 seconds
[2025-04-21T13:26:53.857+0000] {processor.py:186} INFO - Started process (PID=5360) to work on /opt/airflow/dags/my_dag.py
[2025-04-21T13:26:53.859+0000] {processor.py:914} INFO - Processing file /opt/airflow/dags/my_dag.py for tasks to queue
[2025-04-21T13:26:53.863+0000] {logging_mixin.py:190} INFO - [2025-04-21T13:26:53.862+0000] {dagbag.py:588} INFO - Filling up the DagBag from /opt/airflow/dags/my_dag.py
[2025-04-21T13:26:53.892+0000] {processor.py:925} INFO - DAG(s) 'TFL_DATA_DAG' retrieved from /opt/airflow/dags/my_dag.py
[2025-04-21T13:26:53.924+0000] {logging_mixin.py:190} INFO - [2025-04-21T13:26:53.923+0000] {dag.py:3239} INFO - Sync 1 DAGs
[2025-04-21T13:26:53.960+0000] {logging_mixin.py:190} INFO - [2025-04-21T13:26:53.959+0000] {dag.py:4180} INFO - Setting next_dagrun for TFL_DATA_DAG to 2025-04-21 00:00:00+00:00, run_after=2025-04-22 00:00:00+00:00
[2025-04-21T13:26:53.994+0000] {processor.py:208} INFO - Processing /opt/airflow/dags/my_dag.py took 0.146 seconds
[2025-04-21T13:27:24.348+0000] {processor.py:186} INFO - Started process (PID=5376) to work on /opt/airflow/dags/my_dag.py
[2025-04-21T13:27:24.351+0000] {processor.py:914} INFO - Processing file /opt/airflow/dags/my_dag.py for tasks to queue
[2025-04-21T13:27:24.360+0000] {logging_mixin.py:190} INFO - [2025-04-21T13:27:24.358+0000] {dagbag.py:588} INFO - Filling up the DagBag from /opt/airflow/dags/my_dag.py
[2025-04-21T13:27:24.391+0000] {processor.py:925} INFO - DAG(s) 'TFL_DATA_DAG' retrieved from /opt/airflow/dags/my_dag.py
[2025-04-21T13:27:24.427+0000] {logging_mixin.py:190} INFO - [2025-04-21T13:27:24.426+0000] {dag.py:3239} INFO - Sync 1 DAGs
[2025-04-21T13:27:24.461+0000] {logging_mixin.py:190} INFO - [2025-04-21T13:27:24.461+0000] {dag.py:4180} INFO - Setting next_dagrun for TFL_DATA_DAG to 2025-04-21 00:00:00+00:00, run_after=2025-04-22 00:00:00+00:00
[2025-04-21T13:27:24.489+0000] {processor.py:208} INFO - Processing /opt/airflow/dags/my_dag.py took 0.150 seconds
[2025-04-21T13:27:54.873+0000] {processor.py:186} INFO - Started process (PID=5392) to work on /opt/airflow/dags/my_dag.py
[2025-04-21T13:27:54.876+0000] {processor.py:914} INFO - Processing file /opt/airflow/dags/my_dag.py for tasks to queue
[2025-04-21T13:27:54.881+0000] {logging_mixin.py:190} INFO - [2025-04-21T13:27:54.881+0000] {dagbag.py:588} INFO - Filling up the DagBag from /opt/airflow/dags/my_dag.py
[2025-04-21T13:27:54.910+0000] {processor.py:925} INFO - DAG(s) 'TFL_DATA_DAG' retrieved from /opt/airflow/dags/my_dag.py
[2025-04-21T13:27:54.945+0000] {logging_mixin.py:190} INFO - [2025-04-21T13:27:54.944+0000] {dag.py:3239} INFO - Sync 1 DAGs
[2025-04-21T13:27:54.980+0000] {logging_mixin.py:190} INFO - [2025-04-21T13:27:54.980+0000] {dag.py:4180} INFO - Setting next_dagrun for TFL_DATA_DAG to 2025-04-21 00:00:00+00:00, run_after=2025-04-22 00:00:00+00:00
[2025-04-21T13:27:55.008+0000] {processor.py:208} INFO - Processing /opt/airflow/dags/my_dag.py took 0.143 seconds
[2025-04-21T13:28:25.380+0000] {processor.py:186} INFO - Started process (PID=5408) to work on /opt/airflow/dags/my_dag.py
[2025-04-21T13:28:25.382+0000] {processor.py:914} INFO - Processing file /opt/airflow/dags/my_dag.py for tasks to queue
[2025-04-21T13:28:25.388+0000] {logging_mixin.py:190} INFO - [2025-04-21T13:28:25.387+0000] {dagbag.py:588} INFO - Filling up the DagBag from /opt/airflow/dags/my_dag.py
[2025-04-21T13:28:25.424+0000] {processor.py:925} INFO - DAG(s) 'TFL_DATA_DAG' retrieved from /opt/airflow/dags/my_dag.py
[2025-04-21T13:28:25.462+0000] {logging_mixin.py:190} INFO - [2025-04-21T13:28:25.461+0000] {dag.py:3239} INFO - Sync 1 DAGs
[2025-04-21T13:28:25.494+0000] {logging_mixin.py:190} INFO - [2025-04-21T13:28:25.493+0000] {dag.py:4180} INFO - Setting next_dagrun for TFL_DATA_DAG to 2025-04-21 00:00:00+00:00, run_after=2025-04-22 00:00:00+00:00
[2025-04-21T13:28:25.522+0000] {processor.py:208} INFO - Processing /opt/airflow/dags/my_dag.py took 0.150 seconds
[2025-04-21T13:28:55.827+0000] {processor.py:186} INFO - Started process (PID=5424) to work on /opt/airflow/dags/my_dag.py
[2025-04-21T13:28:55.828+0000] {processor.py:914} INFO - Processing file /opt/airflow/dags/my_dag.py for tasks to queue
[2025-04-21T13:28:55.831+0000] {logging_mixin.py:190} INFO - [2025-04-21T13:28:55.830+0000] {dagbag.py:588} INFO - Filling up the DagBag from /opt/airflow/dags/my_dag.py
[2025-04-21T13:28:55.851+0000] {processor.py:925} INFO - DAG(s) 'TFL_DATA_DAG' retrieved from /opt/airflow/dags/my_dag.py
[2025-04-21T13:28:55.871+0000] {logging_mixin.py:190} INFO - [2025-04-21T13:28:55.871+0000] {dag.py:3239} INFO - Sync 1 DAGs
[2025-04-21T13:28:55.902+0000] {logging_mixin.py:190} INFO - [2025-04-21T13:28:55.902+0000] {dag.py:4180} INFO - Setting next_dagrun for TFL_DATA_DAG to 2025-04-21 00:00:00+00:00, run_after=2025-04-22 00:00:00+00:00
[2025-04-21T13:28:55.920+0000] {processor.py:208} INFO - Processing /opt/airflow/dags/my_dag.py took 0.099 seconds
[2025-04-21T13:29:26.240+0000] {processor.py:186} INFO - Started process (PID=5440) to work on /opt/airflow/dags/my_dag.py
[2025-04-21T13:29:26.242+0000] {processor.py:914} INFO - Processing file /opt/airflow/dags/my_dag.py for tasks to queue
[2025-04-21T13:29:26.246+0000] {logging_mixin.py:190} INFO - [2025-04-21T13:29:26.245+0000] {dagbag.py:588} INFO - Filling up the DagBag from /opt/airflow/dags/my_dag.py
[2025-04-21T13:29:26.277+0000] {processor.py:925} INFO - DAG(s) 'TFL_DATA_DAG' retrieved from /opt/airflow/dags/my_dag.py
[2025-04-21T13:29:26.312+0000] {logging_mixin.py:190} INFO - [2025-04-21T13:29:26.311+0000] {dag.py:3239} INFO - Sync 1 DAGs
[2025-04-21T13:29:26.347+0000] {logging_mixin.py:190} INFO - [2025-04-21T13:29:26.347+0000] {dag.py:4180} INFO - Setting next_dagrun for TFL_DATA_DAG to 2025-04-21 00:00:00+00:00, run_after=2025-04-22 00:00:00+00:00
[2025-04-21T13:29:26.375+0000] {processor.py:208} INFO - Processing /opt/airflow/dags/my_dag.py took 0.143 seconds
[2025-04-21T13:29:56.738+0000] {processor.py:186} INFO - Started process (PID=5456) to work on /opt/airflow/dags/my_dag.py
[2025-04-21T13:29:56.740+0000] {processor.py:914} INFO - Processing file /opt/airflow/dags/my_dag.py for tasks to queue
[2025-04-21T13:29:56.747+0000] {logging_mixin.py:190} INFO - [2025-04-21T13:29:56.746+0000] {dagbag.py:588} INFO - Filling up the DagBag from /opt/airflow/dags/my_dag.py
[2025-04-21T13:29:56.787+0000] {processor.py:925} INFO - DAG(s) 'TFL_DATA_DAG' retrieved from /opt/airflow/dags/my_dag.py
[2025-04-21T13:29:56.828+0000] {logging_mixin.py:190} INFO - [2025-04-21T13:29:56.828+0000] {dag.py:3239} INFO - Sync 1 DAGs
[2025-04-21T13:29:56.870+0000] {logging_mixin.py:190} INFO - [2025-04-21T13:29:56.869+0000] {dag.py:4180} INFO - Setting next_dagrun for TFL_DATA_DAG to 2025-04-21 00:00:00+00:00, run_after=2025-04-22 00:00:00+00:00
[2025-04-21T13:29:56.901+0000] {processor.py:208} INFO - Processing /opt/airflow/dags/my_dag.py took 0.173 seconds
[2025-04-21T13:30:27.040+0000] {processor.py:186} INFO - Started process (PID=5472) to work on /opt/airflow/dags/my_dag.py
[2025-04-21T13:30:27.042+0000] {processor.py:914} INFO - Processing file /opt/airflow/dags/my_dag.py for tasks to queue
[2025-04-21T13:30:27.046+0000] {logging_mixin.py:190} INFO - [2025-04-21T13:30:27.045+0000] {dagbag.py:588} INFO - Filling up the DagBag from /opt/airflow/dags/my_dag.py
[2025-04-21T13:30:27.067+0000] {processor.py:925} INFO - DAG(s) 'TFL_DATA_DAG' retrieved from /opt/airflow/dags/my_dag.py
[2025-04-21T13:30:27.088+0000] {logging_mixin.py:190} INFO - [2025-04-21T13:30:27.087+0000] {dag.py:3239} INFO - Sync 1 DAGs
[2025-04-21T13:30:27.108+0000] {logging_mixin.py:190} INFO - [2025-04-21T13:30:27.108+0000] {dag.py:4180} INFO - Setting next_dagrun for TFL_DATA_DAG to 2025-04-21 00:00:00+00:00, run_after=2025-04-22 00:00:00+00:00
[2025-04-21T13:30:27.127+0000] {processor.py:208} INFO - Processing /opt/airflow/dags/my_dag.py took 0.091 seconds
[2025-04-21T13:30:57.496+0000] {processor.py:186} INFO - Started process (PID=5488) to work on /opt/airflow/dags/my_dag.py
[2025-04-21T13:30:57.499+0000] {processor.py:914} INFO - Processing file /opt/airflow/dags/my_dag.py for tasks to queue
[2025-04-21T13:30:57.505+0000] {logging_mixin.py:190} INFO - [2025-04-21T13:30:57.504+0000] {dagbag.py:588} INFO - Filling up the DagBag from /opt/airflow/dags/my_dag.py
[2025-04-21T13:30:57.542+0000] {processor.py:925} INFO - DAG(s) 'TFL_DATA_DAG' retrieved from /opt/airflow/dags/my_dag.py
[2025-04-21T13:30:57.585+0000] {logging_mixin.py:190} INFO - [2025-04-21T13:30:57.585+0000] {dag.py:3239} INFO - Sync 1 DAGs
[2025-04-21T13:30:57.620+0000] {logging_mixin.py:190} INFO - [2025-04-21T13:30:57.620+0000] {dag.py:4180} INFO - Setting next_dagrun for TFL_DATA_DAG to 2025-04-21 00:00:00+00:00, run_after=2025-04-22 00:00:00+00:00
[2025-04-21T13:30:57.659+0000] {processor.py:208} INFO - Processing /opt/airflow/dags/my_dag.py took 0.181 seconds
[2025-04-21T13:31:27.841+0000] {processor.py:186} INFO - Started process (PID=5504) to work on /opt/airflow/dags/my_dag.py
[2025-04-21T13:31:27.843+0000] {processor.py:914} INFO - Processing file /opt/airflow/dags/my_dag.py for tasks to queue
[2025-04-21T13:31:27.847+0000] {logging_mixin.py:190} INFO - [2025-04-21T13:31:27.847+0000] {dagbag.py:588} INFO - Filling up the DagBag from /opt/airflow/dags/my_dag.py
[2025-04-21T13:31:27.873+0000] {processor.py:925} INFO - DAG(s) 'TFL_DATA_DAG' retrieved from /opt/airflow/dags/my_dag.py
[2025-04-21T13:31:27.911+0000] {logging_mixin.py:190} INFO - [2025-04-21T13:31:27.911+0000] {dag.py:3239} INFO - Sync 1 DAGs
[2025-04-21T13:31:27.939+0000] {logging_mixin.py:190} INFO - [2025-04-21T13:31:27.938+0000] {dag.py:4180} INFO - Setting next_dagrun for TFL_DATA_DAG to 2025-04-21 00:00:00+00:00, run_after=2025-04-22 00:00:00+00:00
[2025-04-21T13:31:27.964+0000] {processor.py:208} INFO - Processing /opt/airflow/dags/my_dag.py took 0.130 seconds
[2025-04-21T13:31:58.244+0000] {processor.py:186} INFO - Started process (PID=5519) to work on /opt/airflow/dags/my_dag.py
[2025-04-21T13:31:58.246+0000] {processor.py:914} INFO - Processing file /opt/airflow/dags/my_dag.py for tasks to queue
[2025-04-21T13:31:58.250+0000] {logging_mixin.py:190} INFO - [2025-04-21T13:31:58.250+0000] {dagbag.py:588} INFO - Filling up the DagBag from /opt/airflow/dags/my_dag.py
[2025-04-21T13:31:58.289+0000] {processor.py:925} INFO - DAG(s) 'TFL_DATA_DAG' retrieved from /opt/airflow/dags/my_dag.py
[2025-04-21T13:31:58.319+0000] {logging_mixin.py:190} INFO - [2025-04-21T13:31:58.319+0000] {dag.py:3239} INFO - Sync 1 DAGs
[2025-04-21T13:31:58.352+0000] {logging_mixin.py:190} INFO - [2025-04-21T13:31:58.351+0000] {dag.py:4180} INFO - Setting next_dagrun for TFL_DATA_DAG to 2025-04-21 00:00:00+00:00, run_after=2025-04-22 00:00:00+00:00
[2025-04-21T13:31:58.393+0000] {processor.py:208} INFO - Processing /opt/airflow/dags/my_dag.py took 0.158 seconds
[2025-04-21T13:32:28.675+0000] {processor.py:186} INFO - Started process (PID=5535) to work on /opt/airflow/dags/my_dag.py
[2025-04-21T13:32:28.676+0000] {processor.py:914} INFO - Processing file /opt/airflow/dags/my_dag.py for tasks to queue
[2025-04-21T13:32:28.679+0000] {logging_mixin.py:190} INFO - [2025-04-21T13:32:28.679+0000] {dagbag.py:588} INFO - Filling up the DagBag from /opt/airflow/dags/my_dag.py
[2025-04-21T13:32:28.702+0000] {processor.py:925} INFO - DAG(s) 'TFL_DATA_DAG' retrieved from /opt/airflow/dags/my_dag.py
[2025-04-21T13:32:28.723+0000] {logging_mixin.py:190} INFO - [2025-04-21T13:32:28.723+0000] {dag.py:3239} INFO - Sync 1 DAGs
[2025-04-21T13:32:28.742+0000] {logging_mixin.py:190} INFO - [2025-04-21T13:32:28.741+0000] {dag.py:4180} INFO - Setting next_dagrun for TFL_DATA_DAG to 2025-04-21 00:00:00+00:00, run_after=2025-04-22 00:00:00+00:00
[2025-04-21T13:32:28.761+0000] {processor.py:208} INFO - Processing /opt/airflow/dags/my_dag.py took 0.091 seconds
[2025-04-21T13:32:59.088+0000] {processor.py:186} INFO - Started process (PID=5551) to work on /opt/airflow/dags/my_dag.py
[2025-04-21T13:32:59.091+0000] {processor.py:914} INFO - Processing file /opt/airflow/dags/my_dag.py for tasks to queue
[2025-04-21T13:32:59.096+0000] {logging_mixin.py:190} INFO - [2025-04-21T13:32:59.095+0000] {dagbag.py:588} INFO - Filling up the DagBag from /opt/airflow/dags/my_dag.py
[2025-04-21T13:32:59.129+0000] {processor.py:925} INFO - DAG(s) 'TFL_DATA_DAG' retrieved from /opt/airflow/dags/my_dag.py
[2025-04-21T13:32:59.170+0000] {logging_mixin.py:190} INFO - [2025-04-21T13:32:59.170+0000] {dag.py:3239} INFO - Sync 1 DAGs
[2025-04-21T13:32:59.206+0000] {logging_mixin.py:190} INFO - [2025-04-21T13:32:59.205+0000] {dag.py:4180} INFO - Setting next_dagrun for TFL_DATA_DAG to 2025-04-21 00:00:00+00:00, run_after=2025-04-22 00:00:00+00:00
[2025-04-21T13:32:59.235+0000] {processor.py:208} INFO - Processing /opt/airflow/dags/my_dag.py took 0.156 seconds
[2025-04-21T13:33:29.365+0000] {processor.py:186} INFO - Started process (PID=5567) to work on /opt/airflow/dags/my_dag.py
[2025-04-21T13:33:29.367+0000] {processor.py:914} INFO - Processing file /opt/airflow/dags/my_dag.py for tasks to queue
[2025-04-21T13:33:29.373+0000] {logging_mixin.py:190} INFO - [2025-04-21T13:33:29.372+0000] {dagbag.py:588} INFO - Filling up the DagBag from /opt/airflow/dags/my_dag.py
[2025-04-21T13:33:29.403+0000] {processor.py:925} INFO - DAG(s) 'TFL_DATA_DAG' retrieved from /opt/airflow/dags/my_dag.py
[2025-04-21T13:33:29.443+0000] {logging_mixin.py:190} INFO - [2025-04-21T13:33:29.442+0000] {dag.py:3239} INFO - Sync 1 DAGs
[2025-04-21T13:33:29.481+0000] {logging_mixin.py:190} INFO - [2025-04-21T13:33:29.481+0000] {dag.py:4180} INFO - Setting next_dagrun for TFL_DATA_DAG to 2025-04-21 00:00:00+00:00, run_after=2025-04-22 00:00:00+00:00
[2025-04-21T13:33:29.510+0000] {processor.py:208} INFO - Processing /opt/airflow/dags/my_dag.py took 0.153 seconds
[2025-04-21T13:33:59.789+0000] {processor.py:186} INFO - Started process (PID=5583) to work on /opt/airflow/dags/my_dag.py
[2025-04-21T13:33:59.791+0000] {processor.py:914} INFO - Processing file /opt/airflow/dags/my_dag.py for tasks to queue
[2025-04-21T13:33:59.795+0000] {logging_mixin.py:190} INFO - [2025-04-21T13:33:59.795+0000] {dagbag.py:588} INFO - Filling up the DagBag from /opt/airflow/dags/my_dag.py
[2025-04-21T13:33:59.826+0000] {processor.py:925} INFO - DAG(s) 'TFL_DATA_DAG' retrieved from /opt/airflow/dags/my_dag.py
[2025-04-21T13:33:59.860+0000] {logging_mixin.py:190} INFO - [2025-04-21T13:33:59.860+0000] {dag.py:3239} INFO - Sync 1 DAGs
[2025-04-21T13:33:59.905+0000] {logging_mixin.py:190} INFO - [2025-04-21T13:33:59.905+0000] {dag.py:4180} INFO - Setting next_dagrun for TFL_DATA_DAG to 2025-04-21 00:00:00+00:00, run_after=2025-04-22 00:00:00+00:00
[2025-04-21T13:33:59.941+0000] {processor.py:208} INFO - Processing /opt/airflow/dags/my_dag.py took 0.159 seconds
[2025-04-21T13:34:30.088+0000] {processor.py:186} INFO - Started process (PID=5599) to work on /opt/airflow/dags/my_dag.py
[2025-04-21T13:34:30.090+0000] {processor.py:914} INFO - Processing file /opt/airflow/dags/my_dag.py for tasks to queue
[2025-04-21T13:34:30.095+0000] {logging_mixin.py:190} INFO - [2025-04-21T13:34:30.095+0000] {dagbag.py:588} INFO - Filling up the DagBag from /opt/airflow/dags/my_dag.py
[2025-04-21T13:34:30.127+0000] {processor.py:925} INFO - DAG(s) 'TFL_DATA_DAG' retrieved from /opt/airflow/dags/my_dag.py
[2025-04-21T13:34:30.160+0000] {logging_mixin.py:190} INFO - [2025-04-21T13:34:30.160+0000] {dag.py:3239} INFO - Sync 1 DAGs
[2025-04-21T13:34:30.199+0000] {logging_mixin.py:190} INFO - [2025-04-21T13:34:30.198+0000] {dag.py:4180} INFO - Setting next_dagrun for TFL_DATA_DAG to 2025-04-21 00:00:00+00:00, run_after=2025-04-22 00:00:00+00:00
[2025-04-21T13:34:30.226+0000] {processor.py:208} INFO - Processing /opt/airflow/dags/my_dag.py took 0.146 seconds
[2025-04-21T13:35:00.555+0000] {processor.py:186} INFO - Started process (PID=5615) to work on /opt/airflow/dags/my_dag.py
[2025-04-21T13:35:00.557+0000] {processor.py:914} INFO - Processing file /opt/airflow/dags/my_dag.py for tasks to queue
[2025-04-21T13:35:00.562+0000] {logging_mixin.py:190} INFO - [2025-04-21T13:35:00.562+0000] {dagbag.py:588} INFO - Filling up the DagBag from /opt/airflow/dags/my_dag.py
[2025-04-21T13:35:00.594+0000] {processor.py:925} INFO - DAG(s) 'TFL_DATA_DAG' retrieved from /opt/airflow/dags/my_dag.py
[2025-04-21T13:35:00.628+0000] {logging_mixin.py:190} INFO - [2025-04-21T13:35:00.628+0000] {dag.py:3239} INFO - Sync 1 DAGs
[2025-04-21T13:35:00.663+0000] {logging_mixin.py:190} INFO - [2025-04-21T13:35:00.662+0000] {dag.py:4180} INFO - Setting next_dagrun for TFL_DATA_DAG to 2025-04-21 00:00:00+00:00, run_after=2025-04-22 00:00:00+00:00
[2025-04-21T13:35:00.690+0000] {processor.py:208} INFO - Processing /opt/airflow/dags/my_dag.py took 0.143 seconds
[2025-04-21T13:35:31.027+0000] {processor.py:186} INFO - Started process (PID=5631) to work on /opt/airflow/dags/my_dag.py
[2025-04-21T13:35:31.029+0000] {processor.py:914} INFO - Processing file /opt/airflow/dags/my_dag.py for tasks to queue
[2025-04-21T13:35:31.034+0000] {logging_mixin.py:190} INFO - [2025-04-21T13:35:31.034+0000] {dagbag.py:588} INFO - Filling up the DagBag from /opt/airflow/dags/my_dag.py
[2025-04-21T13:35:31.066+0000] {processor.py:925} INFO - DAG(s) 'TFL_DATA_DAG' retrieved from /opt/airflow/dags/my_dag.py
[2025-04-21T13:35:31.110+0000] {logging_mixin.py:190} INFO - [2025-04-21T13:35:31.110+0000] {dag.py:3239} INFO - Sync 1 DAGs
[2025-04-21T13:35:31.148+0000] {logging_mixin.py:190} INFO - [2025-04-21T13:35:31.148+0000] {dag.py:4180} INFO - Setting next_dagrun for TFL_DATA_DAG to 2025-04-21 00:00:00+00:00, run_after=2025-04-22 00:00:00+00:00
[2025-04-21T13:35:31.180+0000] {processor.py:208} INFO - Processing /opt/airflow/dags/my_dag.py took 0.162 seconds
[2025-04-21T13:36:01.344+0000] {processor.py:186} INFO - Started process (PID=5647) to work on /opt/airflow/dags/my_dag.py
[2025-04-21T13:36:01.348+0000] {processor.py:914} INFO - Processing file /opt/airflow/dags/my_dag.py for tasks to queue
[2025-04-21T13:36:01.355+0000] {logging_mixin.py:190} INFO - [2025-04-21T13:36:01.354+0000] {dagbag.py:588} INFO - Filling up the DagBag from /opt/airflow/dags/my_dag.py
[2025-04-21T13:36:01.389+0000] {processor.py:925} INFO - DAG(s) 'TFL_DATA_DAG' retrieved from /opt/airflow/dags/my_dag.py
[2025-04-21T13:36:01.428+0000] {logging_mixin.py:190} INFO - [2025-04-21T13:36:01.428+0000] {dag.py:3239} INFO - Sync 1 DAGs
[2025-04-21T13:36:01.472+0000] {logging_mixin.py:190} INFO - [2025-04-21T13:36:01.472+0000] {dag.py:4180} INFO - Setting next_dagrun for TFL_DATA_DAG to 2025-04-21 00:00:00+00:00, run_after=2025-04-22 00:00:00+00:00
[2025-04-21T13:36:01.505+0000] {processor.py:208} INFO - Processing /opt/airflow/dags/my_dag.py took 0.171 seconds
[2025-04-21T13:36:31.903+0000] {processor.py:186} INFO - Started process (PID=5663) to work on /opt/airflow/dags/my_dag.py
[2025-04-21T13:36:31.906+0000] {processor.py:914} INFO - Processing file /opt/airflow/dags/my_dag.py for tasks to queue
[2025-04-21T13:36:31.911+0000] {logging_mixin.py:190} INFO - [2025-04-21T13:36:31.911+0000] {dagbag.py:588} INFO - Filling up the DagBag from /opt/airflow/dags/my_dag.py
[2025-04-21T13:36:31.948+0000] {processor.py:925} INFO - DAG(s) 'TFL_DATA_DAG' retrieved from /opt/airflow/dags/my_dag.py
[2025-04-21T13:36:31.978+0000] {logging_mixin.py:190} INFO - [2025-04-21T13:36:31.978+0000] {dag.py:3239} INFO - Sync 1 DAGs
[2025-04-21T13:36:32.013+0000] {logging_mixin.py:190} INFO - [2025-04-21T13:36:32.012+0000] {dag.py:4180} INFO - Setting next_dagrun for TFL_DATA_DAG to 2025-04-21 00:00:00+00:00, run_after=2025-04-22 00:00:00+00:00
[2025-04-21T13:36:32.038+0000] {processor.py:208} INFO - Processing /opt/airflow/dags/my_dag.py took 0.144 seconds
[2025-04-21T13:37:02.197+0000] {processor.py:186} INFO - Started process (PID=5679) to work on /opt/airflow/dags/my_dag.py
[2025-04-21T13:37:02.201+0000] {processor.py:914} INFO - Processing file /opt/airflow/dags/my_dag.py for tasks to queue
[2025-04-21T13:37:02.206+0000] {logging_mixin.py:190} INFO - [2025-04-21T13:37:02.206+0000] {dagbag.py:588} INFO - Filling up the DagBag from /opt/airflow/dags/my_dag.py
[2025-04-21T13:37:02.241+0000] {processor.py:925} INFO - DAG(s) 'TFL_DATA_DAG' retrieved from /opt/airflow/dags/my_dag.py
[2025-04-21T13:37:02.278+0000] {logging_mixin.py:190} INFO - [2025-04-21T13:37:02.278+0000] {dag.py:3239} INFO - Sync 1 DAGs
[2025-04-21T13:37:02.317+0000] {logging_mixin.py:190} INFO - [2025-04-21T13:37:02.316+0000] {dag.py:4180} INFO - Setting next_dagrun for TFL_DATA_DAG to 2025-04-21 00:00:00+00:00, run_after=2025-04-22 00:00:00+00:00
[2025-04-21T13:37:02.348+0000] {processor.py:208} INFO - Processing /opt/airflow/dags/my_dag.py took 0.159 seconds
[2025-04-21T13:37:32.668+0000] {processor.py:186} INFO - Started process (PID=5695) to work on /opt/airflow/dags/my_dag.py
[2025-04-21T13:37:32.671+0000] {processor.py:914} INFO - Processing file /opt/airflow/dags/my_dag.py for tasks to queue
[2025-04-21T13:37:32.675+0000] {logging_mixin.py:190} INFO - [2025-04-21T13:37:32.674+0000] {dagbag.py:588} INFO - Filling up the DagBag from /opt/airflow/dags/my_dag.py
[2025-04-21T13:37:32.710+0000] {processor.py:925} INFO - DAG(s) 'TFL_DATA_DAG' retrieved from /opt/airflow/dags/my_dag.py
[2025-04-21T13:37:32.746+0000] {logging_mixin.py:190} INFO - [2025-04-21T13:37:32.746+0000] {dag.py:3239} INFO - Sync 1 DAGs
[2025-04-21T13:37:32.779+0000] {logging_mixin.py:190} INFO - [2025-04-21T13:37:32.779+0000] {dag.py:4180} INFO - Setting next_dagrun for TFL_DATA_DAG to 2025-04-21 00:00:00+00:00, run_after=2025-04-22 00:00:00+00:00
[2025-04-21T13:37:32.809+0000] {processor.py:208} INFO - Processing /opt/airflow/dags/my_dag.py took 0.150 seconds
[2025-04-21T13:38:02.949+0000] {processor.py:186} INFO - Started process (PID=5711) to work on /opt/airflow/dags/my_dag.py
[2025-04-21T13:38:02.950+0000] {processor.py:914} INFO - Processing file /opt/airflow/dags/my_dag.py for tasks to queue
[2025-04-21T13:38:02.954+0000] {logging_mixin.py:190} INFO - [2025-04-21T13:38:02.954+0000] {dagbag.py:588} INFO - Filling up the DagBag from /opt/airflow/dags/my_dag.py
[2025-04-21T13:38:02.986+0000] {processor.py:925} INFO - DAG(s) 'TFL_DATA_DAG' retrieved from /opt/airflow/dags/my_dag.py
[2025-04-21T13:38:03.021+0000] {logging_mixin.py:190} INFO - [2025-04-21T13:38:03.021+0000] {dag.py:3239} INFO - Sync 1 DAGs
[2025-04-21T13:38:03.060+0000] {logging_mixin.py:190} INFO - [2025-04-21T13:38:03.060+0000] {dag.py:4180} INFO - Setting next_dagrun for TFL_DATA_DAG to 2025-04-21 00:00:00+00:00, run_after=2025-04-22 00:00:00+00:00
[2025-04-21T13:38:03.088+0000] {processor.py:208} INFO - Processing /opt/airflow/dags/my_dag.py took 0.147 seconds
[2025-04-21T13:38:33.389+0000] {processor.py:186} INFO - Started process (PID=5727) to work on /opt/airflow/dags/my_dag.py
[2025-04-21T13:38:33.393+0000] {processor.py:914} INFO - Processing file /opt/airflow/dags/my_dag.py for tasks to queue
[2025-04-21T13:38:33.399+0000] {logging_mixin.py:190} INFO - [2025-04-21T13:38:33.399+0000] {dagbag.py:588} INFO - Filling up the DagBag from /opt/airflow/dags/my_dag.py
[2025-04-21T13:38:33.438+0000] {processor.py:925} INFO - DAG(s) 'TFL_DATA_DAG' retrieved from /opt/airflow/dags/my_dag.py
[2025-04-21T13:38:33.477+0000] {logging_mixin.py:190} INFO - [2025-04-21T13:38:33.476+0000] {dag.py:3239} INFO - Sync 1 DAGs
[2025-04-21T13:38:33.512+0000] {logging_mixin.py:190} INFO - [2025-04-21T13:38:33.511+0000] {dag.py:4180} INFO - Setting next_dagrun for TFL_DATA_DAG to 2025-04-21 00:00:00+00:00, run_after=2025-04-22 00:00:00+00:00
[2025-04-21T13:38:33.543+0000] {processor.py:208} INFO - Processing /opt/airflow/dags/my_dag.py took 0.164 seconds
[2025-04-21T13:39:03.867+0000] {processor.py:186} INFO - Started process (PID=5743) to work on /opt/airflow/dags/my_dag.py
[2025-04-21T13:39:03.871+0000] {processor.py:914} INFO - Processing file /opt/airflow/dags/my_dag.py for tasks to queue
[2025-04-21T13:39:03.876+0000] {logging_mixin.py:190} INFO - [2025-04-21T13:39:03.875+0000] {dagbag.py:588} INFO - Filling up the DagBag from /opt/airflow/dags/my_dag.py
[2025-04-21T13:39:03.909+0000] {processor.py:925} INFO - DAG(s) 'TFL_DATA_DAG' retrieved from /opt/airflow/dags/my_dag.py
[2025-04-21T13:39:03.944+0000] {logging_mixin.py:190} INFO - [2025-04-21T13:39:03.944+0000] {dag.py:3239} INFO - Sync 1 DAGs
[2025-04-21T13:39:03.981+0000] {logging_mixin.py:190} INFO - [2025-04-21T13:39:03.981+0000] {dag.py:4180} INFO - Setting next_dagrun for TFL_DATA_DAG to 2025-04-21 00:00:00+00:00, run_after=2025-04-22 00:00:00+00:00
[2025-04-21T13:39:04.011+0000] {processor.py:208} INFO - Processing /opt/airflow/dags/my_dag.py took 0.152 seconds
[2025-04-21T13:39:34.210+0000] {processor.py:186} INFO - Started process (PID=5759) to work on /opt/airflow/dags/my_dag.py
[2025-04-21T13:39:34.214+0000] {processor.py:914} INFO - Processing file /opt/airflow/dags/my_dag.py for tasks to queue
[2025-04-21T13:39:34.221+0000] {logging_mixin.py:190} INFO - [2025-04-21T13:39:34.220+0000] {dagbag.py:588} INFO - Filling up the DagBag from /opt/airflow/dags/my_dag.py
[2025-04-21T13:39:34.259+0000] {processor.py:925} INFO - DAG(s) 'TFL_DATA_DAG' retrieved from /opt/airflow/dags/my_dag.py
[2025-04-21T13:39:34.298+0000] {logging_mixin.py:190} INFO - [2025-04-21T13:39:34.297+0000] {dag.py:3239} INFO - Sync 1 DAGs
[2025-04-21T13:39:34.342+0000] {logging_mixin.py:190} INFO - [2025-04-21T13:39:34.342+0000] {dag.py:4180} INFO - Setting next_dagrun for TFL_DATA_DAG to 2025-04-21 00:00:00+00:00, run_after=2025-04-22 00:00:00+00:00
[2025-04-21T13:39:34.375+0000] {processor.py:208} INFO - Processing /opt/airflow/dags/my_dag.py took 0.174 seconds
[2025-04-21T13:40:04.551+0000] {processor.py:186} INFO - Started process (PID=5775) to work on /opt/airflow/dags/my_dag.py
[2025-04-21T13:40:04.553+0000] {processor.py:914} INFO - Processing file /opt/airflow/dags/my_dag.py for tasks to queue
[2025-04-21T13:40:04.556+0000] {logging_mixin.py:190} INFO - [2025-04-21T13:40:04.556+0000] {dagbag.py:588} INFO - Filling up the DagBag from /opt/airflow/dags/my_dag.py
[2025-04-21T13:40:04.578+0000] {processor.py:925} INFO - DAG(s) 'TFL_DATA_DAG' retrieved from /opt/airflow/dags/my_dag.py
[2025-04-21T13:40:04.602+0000] {logging_mixin.py:190} INFO - [2025-04-21T13:40:04.602+0000] {dag.py:3239} INFO - Sync 1 DAGs
[2025-04-21T13:40:04.624+0000] {logging_mixin.py:190} INFO - [2025-04-21T13:40:04.624+0000] {dag.py:4180} INFO - Setting next_dagrun for TFL_DATA_DAG to 2025-04-21 00:00:00+00:00, run_after=2025-04-22 00:00:00+00:00
[2025-04-21T13:40:04.644+0000] {processor.py:208} INFO - Processing /opt/airflow/dags/my_dag.py took 0.099 seconds
[2025-04-21T13:40:34.913+0000] {processor.py:186} INFO - Started process (PID=5791) to work on /opt/airflow/dags/my_dag.py
[2025-04-21T13:40:34.916+0000] {processor.py:914} INFO - Processing file /opt/airflow/dags/my_dag.py for tasks to queue
[2025-04-21T13:40:34.921+0000] {logging_mixin.py:190} INFO - [2025-04-21T13:40:34.920+0000] {dagbag.py:588} INFO - Filling up the DagBag from /opt/airflow/dags/my_dag.py
[2025-04-21T13:40:34.949+0000] {processor.py:925} INFO - DAG(s) 'TFL_DATA_DAG' retrieved from /opt/airflow/dags/my_dag.py
[2025-04-21T13:40:34.983+0000] {logging_mixin.py:190} INFO - [2025-04-21T13:40:34.983+0000] {dag.py:3239} INFO - Sync 1 DAGs
[2025-04-21T13:40:35.021+0000] {logging_mixin.py:190} INFO - [2025-04-21T13:40:35.021+0000] {dag.py:4180} INFO - Setting next_dagrun for TFL_DATA_DAG to 2025-04-21 00:00:00+00:00, run_after=2025-04-22 00:00:00+00:00
[2025-04-21T13:40:35.052+0000] {processor.py:208} INFO - Processing /opt/airflow/dags/my_dag.py took 0.146 seconds
[2025-04-21T13:41:05.426+0000] {processor.py:186} INFO - Started process (PID=5807) to work on /opt/airflow/dags/my_dag.py
[2025-04-21T13:41:05.429+0000] {processor.py:914} INFO - Processing file /opt/airflow/dags/my_dag.py for tasks to queue
[2025-04-21T13:41:05.434+0000] {logging_mixin.py:190} INFO - [2025-04-21T13:41:05.433+0000] {dagbag.py:588} INFO - Filling up the DagBag from /opt/airflow/dags/my_dag.py
[2025-04-21T13:41:05.467+0000] {processor.py:925} INFO - DAG(s) 'TFL_DATA_DAG' retrieved from /opt/airflow/dags/my_dag.py
[2025-04-21T13:41:05.503+0000] {logging_mixin.py:190} INFO - [2025-04-21T13:41:05.503+0000] {dag.py:3239} INFO - Sync 1 DAGs
[2025-04-21T13:41:05.543+0000] {logging_mixin.py:190} INFO - [2025-04-21T13:41:05.543+0000] {dag.py:4180} INFO - Setting next_dagrun for TFL_DATA_DAG to 2025-04-21 00:00:00+00:00, run_after=2025-04-22 00:00:00+00:00
[2025-04-21T13:41:05.577+0000] {processor.py:208} INFO - Processing /opt/airflow/dags/my_dag.py took 0.161 seconds
[2025-04-21T13:41:35.788+0000] {processor.py:186} INFO - Started process (PID=5823) to work on /opt/airflow/dags/my_dag.py
[2025-04-21T13:41:35.791+0000] {processor.py:914} INFO - Processing file /opt/airflow/dags/my_dag.py for tasks to queue
[2025-04-21T13:41:35.797+0000] {logging_mixin.py:190} INFO - [2025-04-21T13:41:35.796+0000] {dagbag.py:588} INFO - Filling up the DagBag from /opt/airflow/dags/my_dag.py
[2025-04-21T13:41:35.846+0000] {processor.py:925} INFO - DAG(s) 'TFL_DATA_DAG' retrieved from /opt/airflow/dags/my_dag.py
[2025-04-21T13:41:35.885+0000] {logging_mixin.py:190} INFO - [2025-04-21T13:41:35.885+0000] {dag.py:3239} INFO - Sync 1 DAGs
[2025-04-21T13:41:35.918+0000] {logging_mixin.py:190} INFO - [2025-04-21T13:41:35.918+0000] {dag.py:4180} INFO - Setting next_dagrun for TFL_DATA_DAG to 2025-04-21 00:00:00+00:00, run_after=2025-04-22 00:00:00+00:00
[2025-04-21T13:41:35.950+0000] {processor.py:208} INFO - Processing /opt/airflow/dags/my_dag.py took 0.174 seconds
[2025-04-21T13:42:06.289+0000] {processor.py:186} INFO - Started process (PID=5840) to work on /opt/airflow/dags/my_dag.py
[2025-04-21T13:42:06.291+0000] {processor.py:914} INFO - Processing file /opt/airflow/dags/my_dag.py for tasks to queue
[2025-04-21T13:42:06.295+0000] {logging_mixin.py:190} INFO - [2025-04-21T13:42:06.295+0000] {dagbag.py:588} INFO - Filling up the DagBag from /opt/airflow/dags/my_dag.py
[2025-04-21T13:42:06.325+0000] {processor.py:925} INFO - DAG(s) 'TFL_DATA_DAG' retrieved from /opt/airflow/dags/my_dag.py
[2025-04-21T13:42:06.354+0000] {logging_mixin.py:190} INFO - [2025-04-21T13:42:06.353+0000] {dag.py:3239} INFO - Sync 1 DAGs
[2025-04-21T13:42:06.387+0000] {logging_mixin.py:190} INFO - [2025-04-21T13:42:06.387+0000] {dag.py:4180} INFO - Setting next_dagrun for TFL_DATA_DAG to 2025-04-21 00:00:00+00:00, run_after=2025-04-22 00:00:00+00:00
[2025-04-21T13:42:06.411+0000] {processor.py:208} INFO - Processing /opt/airflow/dags/my_dag.py took 0.127 seconds
[2025-04-21T13:42:36.569+0000] {processor.py:186} INFO - Started process (PID=5856) to work on /opt/airflow/dags/my_dag.py
[2025-04-21T13:42:36.571+0000] {processor.py:914} INFO - Processing file /opt/airflow/dags/my_dag.py for tasks to queue
[2025-04-21T13:42:36.577+0000] {logging_mixin.py:190} INFO - [2025-04-21T13:42:36.576+0000] {dagbag.py:588} INFO - Filling up the DagBag from /opt/airflow/dags/my_dag.py
[2025-04-21T13:42:36.611+0000] {processor.py:925} INFO - DAG(s) 'TFL_DATA_DAG' retrieved from /opt/airflow/dags/my_dag.py
[2025-04-21T13:42:36.649+0000] {logging_mixin.py:190} INFO - [2025-04-21T13:42:36.648+0000] {dag.py:3239} INFO - Sync 1 DAGs
[2025-04-21T13:42:36.689+0000] {logging_mixin.py:190} INFO - [2025-04-21T13:42:36.688+0000] {dag.py:4180} INFO - Setting next_dagrun for TFL_DATA_DAG to 2025-04-21 00:00:00+00:00, run_after=2025-04-22 00:00:00+00:00
[2025-04-21T13:42:36.719+0000] {processor.py:208} INFO - Processing /opt/airflow/dags/my_dag.py took 0.158 seconds
[2025-04-21T13:43:07.044+0000] {processor.py:186} INFO - Started process (PID=5872) to work on /opt/airflow/dags/my_dag.py
[2025-04-21T13:43:07.046+0000] {processor.py:914} INFO - Processing file /opt/airflow/dags/my_dag.py for tasks to queue
[2025-04-21T13:43:07.049+0000] {logging_mixin.py:190} INFO - [2025-04-21T13:43:07.049+0000] {dagbag.py:588} INFO - Filling up the DagBag from /opt/airflow/dags/my_dag.py
[2025-04-21T13:43:07.081+0000] {processor.py:925} INFO - DAG(s) 'TFL_DATA_DAG' retrieved from /opt/airflow/dags/my_dag.py
[2025-04-21T13:43:07.112+0000] {logging_mixin.py:190} INFO - [2025-04-21T13:43:07.112+0000] {dag.py:3239} INFO - Sync 1 DAGs
[2025-04-21T13:43:07.150+0000] {logging_mixin.py:190} INFO - [2025-04-21T13:43:07.149+0000] {dag.py:4180} INFO - Setting next_dagrun for TFL_DATA_DAG to 2025-04-21 00:00:00+00:00, run_after=2025-04-22 00:00:00+00:00
[2025-04-21T13:43:07.178+0000] {processor.py:208} INFO - Processing /opt/airflow/dags/my_dag.py took 0.141 seconds
[2025-04-21T13:43:37.506+0000] {processor.py:186} INFO - Started process (PID=5888) to work on /opt/airflow/dags/my_dag.py
[2025-04-21T13:43:37.508+0000] {processor.py:914} INFO - Processing file /opt/airflow/dags/my_dag.py for tasks to queue
[2025-04-21T13:43:37.512+0000] {logging_mixin.py:190} INFO - [2025-04-21T13:43:37.511+0000] {dagbag.py:588} INFO - Filling up the DagBag from /opt/airflow/dags/my_dag.py
[2025-04-21T13:43:37.530+0000] {processor.py:925} INFO - DAG(s) 'TFL_DATA_DAG' retrieved from /opt/airflow/dags/my_dag.py
[2025-04-21T13:43:37.552+0000] {logging_mixin.py:190} INFO - [2025-04-21T13:43:37.551+0000] {dag.py:3239} INFO - Sync 1 DAGs
[2025-04-21T13:43:37.571+0000] {logging_mixin.py:190} INFO - [2025-04-21T13:43:37.571+0000] {dag.py:4180} INFO - Setting next_dagrun for TFL_DATA_DAG to 2025-04-21 00:00:00+00:00, run_after=2025-04-22 00:00:00+00:00
[2025-04-21T13:43:37.592+0000] {processor.py:208} INFO - Processing /opt/airflow/dags/my_dag.py took 0.091 seconds
[2025-04-21T13:44:07.948+0000] {processor.py:186} INFO - Started process (PID=5904) to work on /opt/airflow/dags/my_dag.py
[2025-04-21T13:44:07.951+0000] {processor.py:914} INFO - Processing file /opt/airflow/dags/my_dag.py for tasks to queue
[2025-04-21T13:44:07.957+0000] {logging_mixin.py:190} INFO - [2025-04-21T13:44:07.956+0000] {dagbag.py:588} INFO - Filling up the DagBag from /opt/airflow/dags/my_dag.py
[2025-04-21T13:44:07.996+0000] {processor.py:925} INFO - DAG(s) 'TFL_DATA_DAG' retrieved from /opt/airflow/dags/my_dag.py
[2025-04-21T13:44:08.033+0000] {logging_mixin.py:190} INFO - [2025-04-21T13:44:08.033+0000] {dag.py:3239} INFO - Sync 1 DAGs
[2025-04-21T13:44:08.075+0000] {logging_mixin.py:190} INFO - [2025-04-21T13:44:08.075+0000] {dag.py:4180} INFO - Setting next_dagrun for TFL_DATA_DAG to 2025-04-21 00:00:00+00:00, run_after=2025-04-22 00:00:00+00:00
[2025-04-21T13:44:08.108+0000] {processor.py:208} INFO - Processing /opt/airflow/dags/my_dag.py took 0.171 seconds
[2025-04-21T13:44:38.483+0000] {processor.py:186} INFO - Started process (PID=5920) to work on /opt/airflow/dags/my_dag.py
[2025-04-21T13:44:38.487+0000] {processor.py:914} INFO - Processing file /opt/airflow/dags/my_dag.py for tasks to queue
[2025-04-21T13:44:38.492+0000] {logging_mixin.py:190} INFO - [2025-04-21T13:44:38.491+0000] {dagbag.py:588} INFO - Filling up the DagBag from /opt/airflow/dags/my_dag.py
[2025-04-21T13:44:38.523+0000] {processor.py:925} INFO - DAG(s) 'TFL_DATA_DAG' retrieved from /opt/airflow/dags/my_dag.py
[2025-04-21T13:44:38.556+0000] {logging_mixin.py:190} INFO - [2025-04-21T13:44:38.556+0000] {dag.py:3239} INFO - Sync 1 DAGs
[2025-04-21T13:44:38.595+0000] {logging_mixin.py:190} INFO - [2025-04-21T13:44:38.594+0000] {dag.py:4180} INFO - Setting next_dagrun for TFL_DATA_DAG to 2025-04-21 00:00:00+00:00, run_after=2025-04-22 00:00:00+00:00
[2025-04-21T13:44:38.622+0000] {processor.py:208} INFO - Processing /opt/airflow/dags/my_dag.py took 0.150 seconds
[2025-04-21T13:45:09.048+0000] {processor.py:186} INFO - Started process (PID=5936) to work on /opt/airflow/dags/my_dag.py
[2025-04-21T13:45:09.053+0000] {processor.py:914} INFO - Processing file /opt/airflow/dags/my_dag.py for tasks to queue
[2025-04-21T13:45:09.065+0000] {logging_mixin.py:190} INFO - [2025-04-21T13:45:09.064+0000] {dagbag.py:588} INFO - Filling up the DagBag from /opt/airflow/dags/my_dag.py
[2025-04-21T13:45:09.149+0000] {processor.py:925} INFO - DAG(s) 'TFL_DATA_DAG' retrieved from /opt/airflow/dags/my_dag.py
[2025-04-21T13:45:09.214+0000] {logging_mixin.py:190} INFO - [2025-04-21T13:45:09.214+0000] {dag.py:3239} INFO - Sync 1 DAGs
[2025-04-21T13:45:09.286+0000] {logging_mixin.py:190} INFO - [2025-04-21T13:45:09.285+0000] {dag.py:4180} INFO - Setting next_dagrun for TFL_DATA_DAG to 2025-04-21 00:00:00+00:00, run_after=2025-04-22 00:00:00+00:00
[2025-04-21T13:45:09.337+0000] {processor.py:208} INFO - Processing /opt/airflow/dags/my_dag.py took 0.304 seconds
[2025-04-21T13:45:39.802+0000] {processor.py:186} INFO - Started process (PID=5952) to work on /opt/airflow/dags/my_dag.py
[2025-04-21T13:45:39.808+0000] {processor.py:914} INFO - Processing file /opt/airflow/dags/my_dag.py for tasks to queue
[2025-04-21T13:45:39.819+0000] {logging_mixin.py:190} INFO - [2025-04-21T13:45:39.817+0000] {dagbag.py:588} INFO - Filling up the DagBag from /opt/airflow/dags/my_dag.py
[2025-04-21T13:45:39.903+0000] {processor.py:925} INFO - DAG(s) 'TFL_DATA_DAG' retrieved from /opt/airflow/dags/my_dag.py
[2025-04-21T13:45:39.969+0000] {logging_mixin.py:190} INFO - [2025-04-21T13:45:39.969+0000] {dag.py:3239} INFO - Sync 1 DAGs
[2025-04-21T13:45:40.008+0000] {logging_mixin.py:190} INFO - [2025-04-21T13:45:40.008+0000] {dag.py:4180} INFO - Setting next_dagrun for TFL_DATA_DAG to 2025-04-21 00:00:00+00:00, run_after=2025-04-22 00:00:00+00:00
[2025-04-21T13:45:40.061+0000] {processor.py:208} INFO - Processing /opt/airflow/dags/my_dag.py took 0.277 seconds
[2025-04-21T13:46:10.522+0000] {processor.py:186} INFO - Started process (PID=5968) to work on /opt/airflow/dags/my_dag.py
[2025-04-21T13:46:10.526+0000] {processor.py:914} INFO - Processing file /opt/airflow/dags/my_dag.py for tasks to queue
[2025-04-21T13:46:10.535+0000] {logging_mixin.py:190} INFO - [2025-04-21T13:46:10.534+0000] {dagbag.py:588} INFO - Filling up the DagBag from /opt/airflow/dags/my_dag.py
[2025-04-21T13:46:10.608+0000] {processor.py:925} INFO - DAG(s) 'TFL_DATA_DAG' retrieved from /opt/airflow/dags/my_dag.py
[2025-04-21T13:46:10.634+0000] {logging_mixin.py:190} INFO - [2025-04-21T13:46:10.633+0000] {dag.py:3239} INFO - Sync 1 DAGs
[2025-04-21T13:46:10.655+0000] {logging_mixin.py:190} INFO - [2025-04-21T13:46:10.655+0000] {dag.py:4180} INFO - Setting next_dagrun for TFL_DATA_DAG to 2025-04-21 00:00:00+00:00, run_after=2025-04-22 00:00:00+00:00
[2025-04-21T13:46:10.675+0000] {processor.py:208} INFO - Processing /opt/airflow/dags/my_dag.py took 0.159 seconds
[2025-04-21T13:46:41.005+0000] {processor.py:186} INFO - Started process (PID=5984) to work on /opt/airflow/dags/my_dag.py
[2025-04-21T13:46:41.009+0000] {processor.py:914} INFO - Processing file /opt/airflow/dags/my_dag.py for tasks to queue
[2025-04-21T13:46:41.017+0000] {logging_mixin.py:190} INFO - [2025-04-21T13:46:41.016+0000] {dagbag.py:588} INFO - Filling up the DagBag from /opt/airflow/dags/my_dag.py
[2025-04-21T13:46:41.053+0000] {processor.py:925} INFO - DAG(s) 'TFL_DATA_DAG' retrieved from /opt/airflow/dags/my_dag.py
[2025-04-21T13:46:41.097+0000] {logging_mixin.py:190} INFO - [2025-04-21T13:46:41.097+0000] {dag.py:3239} INFO - Sync 1 DAGs
[2025-04-21T13:46:41.136+0000] {logging_mixin.py:190} INFO - [2025-04-21T13:46:41.135+0000] {dag.py:4180} INFO - Setting next_dagrun for TFL_DATA_DAG to 2025-04-21 00:00:00+00:00, run_after=2025-04-22 00:00:00+00:00
[2025-04-21T13:46:41.168+0000] {processor.py:208} INFO - Processing /opt/airflow/dags/my_dag.py took 0.172 seconds
[2025-04-21T13:47:11.276+0000] {processor.py:186} INFO - Started process (PID=6006) to work on /opt/airflow/dags/my_dag.py
[2025-04-21T13:47:11.278+0000] {processor.py:914} INFO - Processing file /opt/airflow/dags/my_dag.py for tasks to queue
[2025-04-21T13:47:11.282+0000] {logging_mixin.py:190} INFO - [2025-04-21T13:47:11.281+0000] {dagbag.py:588} INFO - Filling up the DagBag from /opt/airflow/dags/my_dag.py
[2025-04-21T13:47:11.314+0000] {processor.py:925} INFO - DAG(s) 'TFL_DATA_DAG' retrieved from /opt/airflow/dags/my_dag.py
[2025-04-21T13:47:11.347+0000] {logging_mixin.py:190} INFO - [2025-04-21T13:47:11.346+0000] {dag.py:3239} INFO - Sync 1 DAGs
[2025-04-21T13:47:11.382+0000] {logging_mixin.py:190} INFO - [2025-04-21T13:47:11.381+0000] {dag.py:4180} INFO - Setting next_dagrun for TFL_DATA_DAG to 2025-04-21 00:00:00+00:00, run_after=2025-04-22 00:00:00+00:00
[2025-04-21T13:47:11.416+0000] {processor.py:208} INFO - Processing /opt/airflow/dags/my_dag.py took 0.148 seconds
[2025-04-21T13:47:41.745+0000] {processor.py:186} INFO - Started process (PID=6022) to work on /opt/airflow/dags/my_dag.py
[2025-04-21T13:47:41.747+0000] {processor.py:914} INFO - Processing file /opt/airflow/dags/my_dag.py for tasks to queue
[2025-04-21T13:47:41.752+0000] {logging_mixin.py:190} INFO - [2025-04-21T13:47:41.752+0000] {dagbag.py:588} INFO - Filling up the DagBag from /opt/airflow/dags/my_dag.py
[2025-04-21T13:47:41.780+0000] {processor.py:925} INFO - DAG(s) 'TFL_DATA_DAG' retrieved from /opt/airflow/dags/my_dag.py
[2025-04-21T13:47:41.817+0000] {logging_mixin.py:190} INFO - [2025-04-21T13:47:41.816+0000] {dag.py:3239} INFO - Sync 1 DAGs
[2025-04-21T13:47:41.857+0000] {logging_mixin.py:190} INFO - [2025-04-21T13:47:41.856+0000] {dag.py:4180} INFO - Setting next_dagrun for TFL_DATA_DAG to 2025-04-21 00:00:00+00:00, run_after=2025-04-22 00:00:00+00:00
[2025-04-21T13:47:41.891+0000] {processor.py:208} INFO - Processing /opt/airflow/dags/my_dag.py took 0.153 seconds
[2025-04-21T13:48:12.072+0000] {processor.py:186} INFO - Started process (PID=6038) to work on /opt/airflow/dags/my_dag.py
[2025-04-21T13:48:12.075+0000] {processor.py:914} INFO - Processing file /opt/airflow/dags/my_dag.py for tasks to queue
[2025-04-21T13:48:12.080+0000] {logging_mixin.py:190} INFO - [2025-04-21T13:48:12.079+0000] {dagbag.py:588} INFO - Filling up the DagBag from /opt/airflow/dags/my_dag.py
[2025-04-21T13:48:12.138+0000] {processor.py:925} INFO - DAG(s) 'TFL_DATA_DAG' retrieved from /opt/airflow/dags/my_dag.py
[2025-04-21T13:48:12.202+0000] {logging_mixin.py:190} INFO - [2025-04-21T13:48:12.201+0000] {dag.py:3239} INFO - Sync 1 DAGs
[2025-04-21T13:48:12.246+0000] {logging_mixin.py:190} INFO - [2025-04-21T13:48:12.246+0000] {dag.py:4180} INFO - Setting next_dagrun for TFL_DATA_DAG to 2025-04-21 00:00:00+00:00, run_after=2025-04-22 00:00:00+00:00
[2025-04-21T13:48:12.276+0000] {processor.py:208} INFO - Processing /opt/airflow/dags/my_dag.py took 0.210 seconds
[2025-04-21T13:48:42.629+0000] {processor.py:186} INFO - Started process (PID=6054) to work on /opt/airflow/dags/my_dag.py
[2025-04-21T13:48:42.631+0000] {processor.py:914} INFO - Processing file /opt/airflow/dags/my_dag.py for tasks to queue
[2025-04-21T13:48:42.635+0000] {logging_mixin.py:190} INFO - [2025-04-21T13:48:42.635+0000] {dagbag.py:588} INFO - Filling up the DagBag from /opt/airflow/dags/my_dag.py
[2025-04-21T13:48:42.666+0000] {processor.py:925} INFO - DAG(s) 'TFL_DATA_DAG' retrieved from /opt/airflow/dags/my_dag.py
[2025-04-21T13:48:42.697+0000] {logging_mixin.py:190} INFO - [2025-04-21T13:48:42.696+0000] {dag.py:3239} INFO - Sync 1 DAGs
[2025-04-21T13:48:42.733+0000] {logging_mixin.py:190} INFO - [2025-04-21T13:48:42.733+0000] {dag.py:4180} INFO - Setting next_dagrun for TFL_DATA_DAG to 2025-04-21 00:00:00+00:00, run_after=2025-04-22 00:00:00+00:00
[2025-04-21T13:48:42.760+0000] {processor.py:208} INFO - Processing /opt/airflow/dags/my_dag.py took 0.142 seconds
[2025-04-21T13:49:13.107+0000] {processor.py:186} INFO - Started process (PID=6070) to work on /opt/airflow/dags/my_dag.py
[2025-04-21T13:49:13.109+0000] {processor.py:914} INFO - Processing file /opt/airflow/dags/my_dag.py for tasks to queue
[2025-04-21T13:49:13.114+0000] {logging_mixin.py:190} INFO - [2025-04-21T13:49:13.113+0000] {dagbag.py:588} INFO - Filling up the DagBag from /opt/airflow/dags/my_dag.py
[2025-04-21T13:49:13.145+0000] {processor.py:925} INFO - DAG(s) 'TFL_DATA_DAG' retrieved from /opt/airflow/dags/my_dag.py
[2025-04-21T13:49:13.179+0000] {logging_mixin.py:190} INFO - [2025-04-21T13:49:13.178+0000] {dag.py:3239} INFO - Sync 1 DAGs
[2025-04-21T13:49:13.210+0000] {logging_mixin.py:190} INFO - [2025-04-21T13:49:13.210+0000] {dag.py:4180} INFO - Setting next_dagrun for TFL_DATA_DAG to 2025-04-21 00:00:00+00:00, run_after=2025-04-22 00:00:00+00:00
[2025-04-21T13:49:13.237+0000] {processor.py:208} INFO - Processing /opt/airflow/dags/my_dag.py took 0.139 seconds
[2025-04-21T13:49:43.575+0000] {processor.py:186} INFO - Started process (PID=6086) to work on /opt/airflow/dags/my_dag.py
[2025-04-21T13:49:43.577+0000] {processor.py:914} INFO - Processing file /opt/airflow/dags/my_dag.py for tasks to queue
[2025-04-21T13:49:43.582+0000] {logging_mixin.py:190} INFO - [2025-04-21T13:49:43.581+0000] {dagbag.py:588} INFO - Filling up the DagBag from /opt/airflow/dags/my_dag.py
[2025-04-21T13:49:43.610+0000] {processor.py:925} INFO - DAG(s) 'TFL_DATA_DAG' retrieved from /opt/airflow/dags/my_dag.py
[2025-04-21T13:49:43.644+0000] {logging_mixin.py:190} INFO - [2025-04-21T13:49:43.644+0000] {dag.py:3239} INFO - Sync 1 DAGs
[2025-04-21T13:49:43.678+0000] {logging_mixin.py:190} INFO - [2025-04-21T13:49:43.678+0000] {dag.py:4180} INFO - Setting next_dagrun for TFL_DATA_DAG to 2025-04-21 00:00:00+00:00, run_after=2025-04-22 00:00:00+00:00
[2025-04-21T13:49:43.708+0000] {processor.py:208} INFO - Processing /opt/airflow/dags/my_dag.py took 0.142 seconds
[2025-04-21T13:50:14.067+0000] {processor.py:186} INFO - Started process (PID=6102) to work on /opt/airflow/dags/my_dag.py
[2025-04-21T13:50:14.069+0000] {processor.py:914} INFO - Processing file /opt/airflow/dags/my_dag.py for tasks to queue
[2025-04-21T13:50:14.075+0000] {logging_mixin.py:190} INFO - [2025-04-21T13:50:14.074+0000] {dagbag.py:588} INFO - Filling up the DagBag from /opt/airflow/dags/my_dag.py
[2025-04-21T13:50:14.121+0000] {processor.py:925} INFO - DAG(s) 'TFL_DATA_DAG' retrieved from /opt/airflow/dags/my_dag.py
[2025-04-21T13:50:14.150+0000] {logging_mixin.py:190} INFO - [2025-04-21T13:50:14.150+0000] {dag.py:3239} INFO - Sync 1 DAGs
[2025-04-21T13:50:14.184+0000] {logging_mixin.py:190} INFO - [2025-04-21T13:50:14.183+0000] {dag.py:4180} INFO - Setting next_dagrun for TFL_DATA_DAG to 2025-04-21 00:00:00+00:00, run_after=2025-04-22 00:00:00+00:00
[2025-04-21T13:50:14.216+0000] {processor.py:208} INFO - Processing /opt/airflow/dags/my_dag.py took 0.157 seconds
[2025-04-21T13:50:44.524+0000] {processor.py:186} INFO - Started process (PID=6118) to work on /opt/airflow/dags/my_dag.py
[2025-04-21T13:50:44.526+0000] {processor.py:914} INFO - Processing file /opt/airflow/dags/my_dag.py for tasks to queue
[2025-04-21T13:50:44.532+0000] {logging_mixin.py:190} INFO - [2025-04-21T13:50:44.531+0000] {dagbag.py:588} INFO - Filling up the DagBag from /opt/airflow/dags/my_dag.py
[2025-04-21T13:50:44.561+0000] {processor.py:925} INFO - DAG(s) 'TFL_DATA_DAG' retrieved from /opt/airflow/dags/my_dag.py
[2025-04-21T13:50:44.600+0000] {logging_mixin.py:190} INFO - [2025-04-21T13:50:44.600+0000] {dag.py:3239} INFO - Sync 1 DAGs
[2025-04-21T13:50:44.631+0000] {logging_mixin.py:190} INFO - [2025-04-21T13:50:44.631+0000] {dag.py:4180} INFO - Setting next_dagrun for TFL_DATA_DAG to 2025-04-21 00:00:00+00:00, run_after=2025-04-22 00:00:00+00:00
[2025-04-21T13:50:44.658+0000] {processor.py:208} INFO - Processing /opt/airflow/dags/my_dag.py took 0.144 seconds
[2025-04-21T13:51:15.050+0000] {processor.py:186} INFO - Started process (PID=6134) to work on /opt/airflow/dags/my_dag.py
[2025-04-21T13:51:15.052+0000] {processor.py:914} INFO - Processing file /opt/airflow/dags/my_dag.py for tasks to queue
[2025-04-21T13:51:15.059+0000] {logging_mixin.py:190} INFO - [2025-04-21T13:51:15.058+0000] {dagbag.py:588} INFO - Filling up the DagBag from /opt/airflow/dags/my_dag.py
[2025-04-21T13:51:15.099+0000] {processor.py:925} INFO - DAG(s) 'TFL_DATA_DAG' retrieved from /opt/airflow/dags/my_dag.py
[2025-04-21T13:51:15.145+0000] {logging_mixin.py:190} INFO - [2025-04-21T13:51:15.144+0000] {dag.py:3239} INFO - Sync 1 DAGs
[2025-04-21T13:51:15.188+0000] {logging_mixin.py:190} INFO - [2025-04-21T13:51:15.187+0000] {dag.py:4180} INFO - Setting next_dagrun for TFL_DATA_DAG to 2025-04-21 00:00:00+00:00, run_after=2025-04-22 00:00:00+00:00
[2025-04-21T13:51:15.230+0000] {processor.py:208} INFO - Processing /opt/airflow/dags/my_dag.py took 0.190 seconds
[2025-04-21T13:51:45.318+0000] {processor.py:186} INFO - Started process (PID=6150) to work on /opt/airflow/dags/my_dag.py
[2025-04-21T13:51:45.320+0000] {processor.py:914} INFO - Processing file /opt/airflow/dags/my_dag.py for tasks to queue
[2025-04-21T13:51:45.325+0000] {logging_mixin.py:190} INFO - [2025-04-21T13:51:45.324+0000] {dagbag.py:588} INFO - Filling up the DagBag from /opt/airflow/dags/my_dag.py
[2025-04-21T13:51:45.356+0000] {processor.py:925} INFO - DAG(s) 'TFL_DATA_DAG' retrieved from /opt/airflow/dags/my_dag.py
[2025-04-21T13:51:45.391+0000] {logging_mixin.py:190} INFO - [2025-04-21T13:51:45.390+0000] {dag.py:3239} INFO - Sync 1 DAGs
[2025-04-21T13:51:45.430+0000] {logging_mixin.py:190} INFO - [2025-04-21T13:51:45.430+0000] {dag.py:4180} INFO - Setting next_dagrun for TFL_DATA_DAG to 2025-04-21 00:00:00+00:00, run_after=2025-04-22 00:00:00+00:00
[2025-04-21T13:51:45.463+0000] {processor.py:208} INFO - Processing /opt/airflow/dags/my_dag.py took 0.155 seconds
[2025-04-21T13:52:15.795+0000] {processor.py:186} INFO - Started process (PID=6166) to work on /opt/airflow/dags/my_dag.py
[2025-04-21T13:52:15.797+0000] {processor.py:914} INFO - Processing file /opt/airflow/dags/my_dag.py for tasks to queue
[2025-04-21T13:52:15.802+0000] {logging_mixin.py:190} INFO - [2025-04-21T13:52:15.801+0000] {dagbag.py:588} INFO - Filling up the DagBag from /opt/airflow/dags/my_dag.py
[2025-04-21T13:52:15.832+0000] {processor.py:925} INFO - DAG(s) 'TFL_DATA_DAG' retrieved from /opt/airflow/dags/my_dag.py
[2025-04-21T13:52:15.865+0000] {logging_mixin.py:190} INFO - [2025-04-21T13:52:15.865+0000] {dag.py:3239} INFO - Sync 1 DAGs
[2025-04-21T13:52:15.896+0000] {logging_mixin.py:190} INFO - [2025-04-21T13:52:15.896+0000] {dag.py:4180} INFO - Setting next_dagrun for TFL_DATA_DAG to 2025-04-21 00:00:00+00:00, run_after=2025-04-22 00:00:00+00:00
[2025-04-21T13:52:15.923+0000] {processor.py:208} INFO - Processing /opt/airflow/dags/my_dag.py took 0.142 seconds
[2025-04-21T13:52:46.074+0000] {processor.py:186} INFO - Started process (PID=6181) to work on /opt/airflow/dags/my_dag.py
[2025-04-21T13:52:46.077+0000] {processor.py:914} INFO - Processing file /opt/airflow/dags/my_dag.py for tasks to queue
[2025-04-21T13:52:46.082+0000] {logging_mixin.py:190} INFO - [2025-04-21T13:52:46.082+0000] {dagbag.py:588} INFO - Filling up the DagBag from /opt/airflow/dags/my_dag.py
[2025-04-21T13:52:46.117+0000] {processor.py:925} INFO - DAG(s) 'TFL_DATA_DAG' retrieved from /opt/airflow/dags/my_dag.py
[2025-04-21T13:52:46.160+0000] {logging_mixin.py:190} INFO - [2025-04-21T13:52:46.160+0000] {dag.py:3239} INFO - Sync 1 DAGs
[2025-04-21T13:52:46.199+0000] {logging_mixin.py:190} INFO - [2025-04-21T13:52:46.198+0000] {dag.py:4180} INFO - Setting next_dagrun for TFL_DATA_DAG to 2025-04-21 00:00:00+00:00, run_after=2025-04-22 00:00:00+00:00
[2025-04-21T13:52:46.228+0000] {processor.py:208} INFO - Processing /opt/airflow/dags/my_dag.py took 0.162 seconds
[2025-04-21T13:53:16.598+0000] {processor.py:186} INFO - Started process (PID=6197) to work on /opt/airflow/dags/my_dag.py
[2025-04-21T13:53:16.601+0000] {processor.py:914} INFO - Processing file /opt/airflow/dags/my_dag.py for tasks to queue
[2025-04-21T13:53:16.605+0000] {logging_mixin.py:190} INFO - [2025-04-21T13:53:16.604+0000] {dagbag.py:588} INFO - Filling up the DagBag from /opt/airflow/dags/my_dag.py
[2025-04-21T13:53:16.748+0000] {processor.py:925} INFO - DAG(s) 'TFL_DATA_DAG' retrieved from /opt/airflow/dags/my_dag.py
[2025-04-21T13:53:16.781+0000] {logging_mixin.py:190} INFO - [2025-04-21T13:53:16.780+0000] {dag.py:3239} INFO - Sync 1 DAGs
[2025-04-21T13:53:16.823+0000] {logging_mixin.py:190} INFO - [2025-04-21T13:53:16.822+0000] {dag.py:4180} INFO - Setting next_dagrun for TFL_DATA_DAG to 2025-04-21 00:00:00+00:00, run_after=2025-04-22 00:00:00+00:00
[2025-04-21T13:53:16.853+0000] {processor.py:208} INFO - Processing /opt/airflow/dags/my_dag.py took 0.261 seconds
[2025-04-21T13:53:47.213+0000] {processor.py:186} INFO - Started process (PID=6213) to work on /opt/airflow/dags/my_dag.py
[2025-04-21T13:53:47.216+0000] {processor.py:914} INFO - Processing file /opt/airflow/dags/my_dag.py for tasks to queue
[2025-04-21T13:53:47.223+0000] {logging_mixin.py:190} INFO - [2025-04-21T13:53:47.222+0000] {dagbag.py:588} INFO - Filling up the DagBag from /opt/airflow/dags/my_dag.py
[2025-04-21T13:53:47.278+0000] {processor.py:925} INFO - DAG(s) 'TFL_DATA_DAG' retrieved from /opt/airflow/dags/my_dag.py
[2025-04-21T13:53:47.342+0000] {logging_mixin.py:190} INFO - [2025-04-21T13:53:47.341+0000] {dag.py:3239} INFO - Sync 1 DAGs
[2025-04-21T13:53:47.432+0000] {logging_mixin.py:190} INFO - [2025-04-21T13:53:47.431+0000] {dag.py:4180} INFO - Setting next_dagrun for TFL_DATA_DAG to 2025-04-21 00:00:00+00:00, run_after=2025-04-22 00:00:00+00:00
[2025-04-21T13:53:47.487+0000] {processor.py:208} INFO - Processing /opt/airflow/dags/my_dag.py took 0.282 seconds
[2025-04-21T13:54:17.846+0000] {processor.py:186} INFO - Started process (PID=6229) to work on /opt/airflow/dags/my_dag.py
[2025-04-21T13:54:17.848+0000] {processor.py:914} INFO - Processing file /opt/airflow/dags/my_dag.py for tasks to queue
[2025-04-21T13:54:17.852+0000] {logging_mixin.py:190} INFO - [2025-04-21T13:54:17.852+0000] {dagbag.py:588} INFO - Filling up the DagBag from /opt/airflow/dags/my_dag.py
[2025-04-21T13:54:17.886+0000] {processor.py:925} INFO - DAG(s) 'TFL_DATA_DAG' retrieved from /opt/airflow/dags/my_dag.py
[2025-04-21T13:54:17.938+0000] {logging_mixin.py:190} INFO - [2025-04-21T13:54:17.938+0000] {dag.py:3239} INFO - Sync 1 DAGs
[2025-04-21T13:54:17.982+0000] {logging_mixin.py:190} INFO - [2025-04-21T13:54:17.982+0000] {dag.py:4180} INFO - Setting next_dagrun for TFL_DATA_DAG to 2025-04-21 00:00:00+00:00, run_after=2025-04-22 00:00:00+00:00
[2025-04-21T13:54:18.005+0000] {processor.py:208} INFO - Processing /opt/airflow/dags/my_dag.py took 0.168 seconds
[2025-04-21T13:54:48.365+0000] {processor.py:186} INFO - Started process (PID=6245) to work on /opt/airflow/dags/my_dag.py
[2025-04-21T13:54:48.367+0000] {processor.py:914} INFO - Processing file /opt/airflow/dags/my_dag.py for tasks to queue
[2025-04-21T13:54:48.372+0000] {logging_mixin.py:190} INFO - [2025-04-21T13:54:48.371+0000] {dagbag.py:588} INFO - Filling up the DagBag from /opt/airflow/dags/my_dag.py
[2025-04-21T13:54:48.412+0000] {processor.py:925} INFO - DAG(s) 'TFL_DATA_DAG' retrieved from /opt/airflow/dags/my_dag.py
[2025-04-21T13:54:48.455+0000] {logging_mixin.py:190} INFO - [2025-04-21T13:54:48.455+0000] {dag.py:3239} INFO - Sync 1 DAGs
[2025-04-21T13:54:48.506+0000] {logging_mixin.py:190} INFO - [2025-04-21T13:54:48.505+0000] {dag.py:4180} INFO - Setting next_dagrun for TFL_DATA_DAG to 2025-04-21 00:00:00+00:00, run_after=2025-04-22 00:00:00+00:00
[2025-04-21T13:54:48.540+0000] {processor.py:208} INFO - Processing /opt/airflow/dags/my_dag.py took 0.188 seconds
[2025-04-21T13:55:18.616+0000] {processor.py:186} INFO - Started process (PID=6261) to work on /opt/airflow/dags/my_dag.py
[2025-04-21T13:55:18.618+0000] {processor.py:914} INFO - Processing file /opt/airflow/dags/my_dag.py for tasks to queue
[2025-04-21T13:55:18.622+0000] {logging_mixin.py:190} INFO - [2025-04-21T13:55:18.621+0000] {dagbag.py:588} INFO - Filling up the DagBag from /opt/airflow/dags/my_dag.py
[2025-04-21T13:55:18.650+0000] {processor.py:925} INFO - DAG(s) 'TFL_DATA_DAG' retrieved from /opt/airflow/dags/my_dag.py
[2025-04-21T13:55:18.682+0000] {logging_mixin.py:190} INFO - [2025-04-21T13:55:18.682+0000] {dag.py:3239} INFO - Sync 1 DAGs
[2025-04-21T13:55:18.723+0000] {logging_mixin.py:190} INFO - [2025-04-21T13:55:18.722+0000] {dag.py:4180} INFO - Setting next_dagrun for TFL_DATA_DAG to 2025-04-21 00:00:00+00:00, run_after=2025-04-22 00:00:00+00:00
[2025-04-21T13:55:18.751+0000] {processor.py:208} INFO - Processing /opt/airflow/dags/my_dag.py took 0.143 seconds
[2025-04-21T13:55:49.029+0000] {processor.py:186} INFO - Started process (PID=6277) to work on /opt/airflow/dags/my_dag.py
[2025-04-21T13:55:49.031+0000] {processor.py:914} INFO - Processing file /opt/airflow/dags/my_dag.py for tasks to queue
[2025-04-21T13:55:49.035+0000] {logging_mixin.py:190} INFO - [2025-04-21T13:55:49.034+0000] {dagbag.py:588} INFO - Filling up the DagBag from /opt/airflow/dags/my_dag.py
[2025-04-21T13:55:49.059+0000] {processor.py:925} INFO - DAG(s) 'TFL_DATA_DAG' retrieved from /opt/airflow/dags/my_dag.py
[2025-04-21T13:55:49.083+0000] {logging_mixin.py:190} INFO - [2025-04-21T13:55:49.082+0000] {dag.py:3239} INFO - Sync 1 DAGs
[2025-04-21T13:55:49.103+0000] {logging_mixin.py:190} INFO - [2025-04-21T13:55:49.103+0000] {dag.py:4180} INFO - Setting next_dagrun for TFL_DATA_DAG to 2025-04-21 00:00:00+00:00, run_after=2025-04-22 00:00:00+00:00
[2025-04-21T13:55:49.122+0000] {processor.py:208} INFO - Processing /opt/airflow/dags/my_dag.py took 0.098 seconds
[2025-04-21T13:56:19.537+0000] {processor.py:186} INFO - Started process (PID=6293) to work on /opt/airflow/dags/my_dag.py
[2025-04-21T13:56:19.539+0000] {processor.py:914} INFO - Processing file /opt/airflow/dags/my_dag.py for tasks to queue
[2025-04-21T13:56:19.544+0000] {logging_mixin.py:190} INFO - [2025-04-21T13:56:19.544+0000] {dagbag.py:588} INFO - Filling up the DagBag from /opt/airflow/dags/my_dag.py
[2025-04-21T13:56:19.583+0000] {processor.py:925} INFO - DAG(s) 'TFL_DATA_DAG' retrieved from /opt/airflow/dags/my_dag.py
[2025-04-21T13:56:19.622+0000] {logging_mixin.py:190} INFO - [2025-04-21T13:56:19.622+0000] {dag.py:3239} INFO - Sync 1 DAGs
[2025-04-21T13:56:19.661+0000] {logging_mixin.py:190} INFO - [2025-04-21T13:56:19.660+0000] {dag.py:4180} INFO - Setting next_dagrun for TFL_DATA_DAG to 2025-04-21 00:00:00+00:00, run_after=2025-04-22 00:00:00+00:00
[2025-04-21T13:56:19.690+0000] {processor.py:208} INFO - Processing /opt/airflow/dags/my_dag.py took 0.164 seconds
[2025-04-21T13:56:50.042+0000] {processor.py:186} INFO - Started process (PID=6309) to work on /opt/airflow/dags/my_dag.py
[2025-04-21T13:56:50.044+0000] {processor.py:914} INFO - Processing file /opt/airflow/dags/my_dag.py for tasks to queue
[2025-04-21T13:56:50.051+0000] {logging_mixin.py:190} INFO - [2025-04-21T13:56:50.050+0000] {dagbag.py:588} INFO - Filling up the DagBag from /opt/airflow/dags/my_dag.py
[2025-04-21T13:56:50.083+0000] {processor.py:925} INFO - DAG(s) 'TFL_DATA_DAG' retrieved from /opt/airflow/dags/my_dag.py
[2025-04-21T13:56:50.118+0000] {logging_mixin.py:190} INFO - [2025-04-21T13:56:50.117+0000] {dag.py:3239} INFO - Sync 1 DAGs
[2025-04-21T13:56:50.159+0000] {logging_mixin.py:190} INFO - [2025-04-21T13:56:50.159+0000] {dag.py:4180} INFO - Setting next_dagrun for TFL_DATA_DAG to 2025-04-21 00:00:00+00:00, run_after=2025-04-22 00:00:00+00:00
[2025-04-21T13:56:50.189+0000] {processor.py:208} INFO - Processing /opt/airflow/dags/my_dag.py took 0.158 seconds
[2025-04-21T13:57:20.333+0000] {processor.py:186} INFO - Started process (PID=6325) to work on /opt/airflow/dags/my_dag.py
[2025-04-21T13:57:20.335+0000] {processor.py:914} INFO - Processing file /opt/airflow/dags/my_dag.py for tasks to queue
[2025-04-21T13:57:20.339+0000] {logging_mixin.py:190} INFO - [2025-04-21T13:57:20.339+0000] {dagbag.py:588} INFO - Filling up the DagBag from /opt/airflow/dags/my_dag.py
[2025-04-21T13:57:20.369+0000] {processor.py:925} INFO - DAG(s) 'TFL_DATA_DAG' retrieved from /opt/airflow/dags/my_dag.py
[2025-04-21T13:57:20.405+0000] {logging_mixin.py:190} INFO - [2025-04-21T13:57:20.404+0000] {dag.py:3239} INFO - Sync 1 DAGs
[2025-04-21T13:57:20.442+0000] {logging_mixin.py:190} INFO - [2025-04-21T13:57:20.441+0000] {dag.py:4180} INFO - Setting next_dagrun for TFL_DATA_DAG to 2025-04-21 00:00:00+00:00, run_after=2025-04-22 00:00:00+00:00
[2025-04-21T13:57:20.467+0000] {processor.py:208} INFO - Processing /opt/airflow/dags/my_dag.py took 0.143 seconds
[2025-04-21T13:57:50.722+0000] {processor.py:186} INFO - Started process (PID=6341) to work on /opt/airflow/dags/my_dag.py
[2025-04-21T13:57:50.724+0000] {processor.py:914} INFO - Processing file /opt/airflow/dags/my_dag.py for tasks to queue
[2025-04-21T13:57:50.729+0000] {logging_mixin.py:190} INFO - [2025-04-21T13:57:50.728+0000] {dagbag.py:588} INFO - Filling up the DagBag from /opt/airflow/dags/my_dag.py
[2025-04-21T13:57:50.760+0000] {processor.py:925} INFO - DAG(s) 'TFL_DATA_DAG' retrieved from /opt/airflow/dags/my_dag.py
[2025-04-21T13:57:50.794+0000] {logging_mixin.py:190} INFO - [2025-04-21T13:57:50.793+0000] {dag.py:3239} INFO - Sync 1 DAGs
[2025-04-21T13:57:50.827+0000] {logging_mixin.py:190} INFO - [2025-04-21T13:57:50.827+0000] {dag.py:4180} INFO - Setting next_dagrun for TFL_DATA_DAG to 2025-04-21 00:00:00+00:00, run_after=2025-04-22 00:00:00+00:00
[2025-04-21T13:57:50.857+0000] {processor.py:208} INFO - Processing /opt/airflow/dags/my_dag.py took 0.143 seconds
[2025-04-21T13:58:21.028+0000] {processor.py:186} INFO - Started process (PID=6357) to work on /opt/airflow/dags/my_dag.py
[2025-04-21T13:58:21.030+0000] {processor.py:914} INFO - Processing file /opt/airflow/dags/my_dag.py for tasks to queue
[2025-04-21T13:58:21.034+0000] {logging_mixin.py:190} INFO - [2025-04-21T13:58:21.033+0000] {dagbag.py:588} INFO - Filling up the DagBag from /opt/airflow/dags/my_dag.py
[2025-04-21T13:58:21.064+0000] {processor.py:925} INFO - DAG(s) 'TFL_DATA_DAG' retrieved from /opt/airflow/dags/my_dag.py
[2025-04-21T13:58:21.104+0000] {logging_mixin.py:190} INFO - [2025-04-21T13:58:21.104+0000] {dag.py:3239} INFO - Sync 1 DAGs
[2025-04-21T13:58:21.142+0000] {logging_mixin.py:190} INFO - [2025-04-21T13:58:21.142+0000] {dag.py:4180} INFO - Setting next_dagrun for TFL_DATA_DAG to 2025-04-21 00:00:00+00:00, run_after=2025-04-22 00:00:00+00:00
[2025-04-21T13:58:21.170+0000] {processor.py:208} INFO - Processing /opt/airflow/dags/my_dag.py took 0.151 seconds
[2025-04-21T13:58:51.502+0000] {processor.py:186} INFO - Started process (PID=6373) to work on /opt/airflow/dags/my_dag.py
[2025-04-21T13:58:51.504+0000] {processor.py:914} INFO - Processing file /opt/airflow/dags/my_dag.py for tasks to queue
[2025-04-21T13:58:51.510+0000] {logging_mixin.py:190} INFO - [2025-04-21T13:58:51.509+0000] {dagbag.py:588} INFO - Filling up the DagBag from /opt/airflow/dags/my_dag.py
[2025-04-21T13:58:51.540+0000] {processor.py:925} INFO - DAG(s) 'TFL_DATA_DAG' retrieved from /opt/airflow/dags/my_dag.py
[2025-04-21T13:58:51.576+0000] {logging_mixin.py:190} INFO - [2025-04-21T13:58:51.576+0000] {dag.py:3239} INFO - Sync 1 DAGs
[2025-04-21T13:58:51.618+0000] {logging_mixin.py:190} INFO - [2025-04-21T13:58:51.617+0000] {dag.py:4180} INFO - Setting next_dagrun for TFL_DATA_DAG to 2025-04-21 00:00:00+00:00, run_after=2025-04-22 00:00:00+00:00
[2025-04-21T13:58:51.646+0000] {processor.py:208} INFO - Processing /opt/airflow/dags/my_dag.py took 0.152 seconds
[2025-04-21T13:59:21.825+0000] {processor.py:186} INFO - Started process (PID=6389) to work on /opt/airflow/dags/my_dag.py
[2025-04-21T13:59:21.828+0000] {processor.py:914} INFO - Processing file /opt/airflow/dags/my_dag.py for tasks to queue
[2025-04-21T13:59:21.832+0000] {logging_mixin.py:190} INFO - [2025-04-21T13:59:21.832+0000] {dagbag.py:588} INFO - Filling up the DagBag from /opt/airflow/dags/my_dag.py
[2025-04-21T13:59:21.863+0000] {processor.py:925} INFO - DAG(s) 'TFL_DATA_DAG' retrieved from /opt/airflow/dags/my_dag.py
[2025-04-21T13:59:21.898+0000] {logging_mixin.py:190} INFO - [2025-04-21T13:59:21.898+0000] {dag.py:3239} INFO - Sync 1 DAGs
[2025-04-21T13:59:21.933+0000] {logging_mixin.py:190} INFO - [2025-04-21T13:59:21.932+0000] {dag.py:4180} INFO - Setting next_dagrun for TFL_DATA_DAG to 2025-04-21 00:00:00+00:00, run_after=2025-04-22 00:00:00+00:00
[2025-04-21T13:59:21.968+0000] {processor.py:208} INFO - Processing /opt/airflow/dags/my_dag.py took 0.159 seconds
[2025-04-21T13:59:52.261+0000] {processor.py:186} INFO - Started process (PID=6405) to work on /opt/airflow/dags/my_dag.py
[2025-04-21T13:59:52.263+0000] {processor.py:914} INFO - Processing file /opt/airflow/dags/my_dag.py for tasks to queue
[2025-04-21T13:59:52.267+0000] {logging_mixin.py:190} INFO - [2025-04-21T13:59:52.267+0000] {dagbag.py:588} INFO - Filling up the DagBag from /opt/airflow/dags/my_dag.py
[2025-04-21T13:59:52.303+0000] {processor.py:925} INFO - DAG(s) 'TFL_DATA_DAG' retrieved from /opt/airflow/dags/my_dag.py
[2025-04-21T13:59:52.336+0000] {logging_mixin.py:190} INFO - [2025-04-21T13:59:52.336+0000] {dag.py:3239} INFO - Sync 1 DAGs
[2025-04-21T13:59:52.375+0000] {logging_mixin.py:190} INFO - [2025-04-21T13:59:52.374+0000] {dag.py:4180} INFO - Setting next_dagrun for TFL_DATA_DAG to 2025-04-21 00:00:00+00:00, run_after=2025-04-22 00:00:00+00:00
[2025-04-21T13:59:52.401+0000] {processor.py:208} INFO - Processing /opt/airflow/dags/my_dag.py took 0.148 seconds
[2025-04-21T14:00:22.724+0000] {processor.py:186} INFO - Started process (PID=6421) to work on /opt/airflow/dags/my_dag.py
[2025-04-21T14:00:22.726+0000] {processor.py:914} INFO - Processing file /opt/airflow/dags/my_dag.py for tasks to queue
[2025-04-21T14:00:22.731+0000] {logging_mixin.py:190} INFO - [2025-04-21T14:00:22.730+0000] {dagbag.py:588} INFO - Filling up the DagBag from /opt/airflow/dags/my_dag.py
[2025-04-21T14:00:22.764+0000] {processor.py:925} INFO - DAG(s) 'TFL_DATA_DAG' retrieved from /opt/airflow/dags/my_dag.py
[2025-04-21T14:00:22.809+0000] {logging_mixin.py:190} INFO - [2025-04-21T14:00:22.808+0000] {dag.py:3239} INFO - Sync 1 DAGs
[2025-04-21T14:00:22.853+0000] {logging_mixin.py:190} INFO - [2025-04-21T14:00:22.853+0000] {dag.py:4180} INFO - Setting next_dagrun for TFL_DATA_DAG to 2025-04-21 00:00:00+00:00, run_after=2025-04-22 00:00:00+00:00
[2025-04-21T14:00:22.883+0000] {processor.py:208} INFO - Processing /opt/airflow/dags/my_dag.py took 0.169 seconds
[2025-04-21T14:00:52.984+0000] {processor.py:186} INFO - Started process (PID=6437) to work on /opt/airflow/dags/my_dag.py
[2025-04-21T14:00:52.985+0000] {processor.py:914} INFO - Processing file /opt/airflow/dags/my_dag.py for tasks to queue
[2025-04-21T14:00:52.988+0000] {logging_mixin.py:190} INFO - [2025-04-21T14:00:52.988+0000] {dagbag.py:588} INFO - Filling up the DagBag from /opt/airflow/dags/my_dag.py
[2025-04-21T14:00:53.008+0000] {processor.py:925} INFO - DAG(s) 'TFL_DATA_DAG' retrieved from /opt/airflow/dags/my_dag.py
[2025-04-21T14:00:53.028+0000] {logging_mixin.py:190} INFO - [2025-04-21T14:00:53.028+0000] {dag.py:3239} INFO - Sync 1 DAGs
[2025-04-21T14:00:53.049+0000] {logging_mixin.py:190} INFO - [2025-04-21T14:00:53.049+0000] {dag.py:4180} INFO - Setting next_dagrun for TFL_DATA_DAG to 2025-04-21 00:00:00+00:00, run_after=2025-04-22 00:00:00+00:00
[2025-04-21T14:00:53.068+0000] {processor.py:208} INFO - Processing /opt/airflow/dags/my_dag.py took 0.089 seconds
[2025-04-21T14:01:23.470+0000] {processor.py:186} INFO - Started process (PID=6453) to work on /opt/airflow/dags/my_dag.py
[2025-04-21T14:01:23.474+0000] {processor.py:914} INFO - Processing file /opt/airflow/dags/my_dag.py for tasks to queue
[2025-04-21T14:01:23.478+0000] {logging_mixin.py:190} INFO - [2025-04-21T14:01:23.477+0000] {dagbag.py:588} INFO - Filling up the DagBag from /opt/airflow/dags/my_dag.py
[2025-04-21T14:01:23.506+0000] {processor.py:925} INFO - DAG(s) 'TFL_DATA_DAG' retrieved from /opt/airflow/dags/my_dag.py
[2025-04-21T14:01:23.544+0000] {logging_mixin.py:190} INFO - [2025-04-21T14:01:23.544+0000] {dag.py:3239} INFO - Sync 1 DAGs
[2025-04-21T14:01:23.583+0000] {logging_mixin.py:190} INFO - [2025-04-21T14:01:23.583+0000] {dag.py:4180} INFO - Setting next_dagrun for TFL_DATA_DAG to 2025-04-21 00:00:00+00:00, run_after=2025-04-22 00:00:00+00:00
[2025-04-21T14:01:23.617+0000] {processor.py:208} INFO - Processing /opt/airflow/dags/my_dag.py took 0.157 seconds
[2025-04-21T14:01:53.907+0000] {processor.py:186} INFO - Started process (PID=6469) to work on /opt/airflow/dags/my_dag.py
[2025-04-21T14:01:53.908+0000] {processor.py:914} INFO - Processing file /opt/airflow/dags/my_dag.py for tasks to queue
[2025-04-21T14:01:53.911+0000] {logging_mixin.py:190} INFO - [2025-04-21T14:01:53.910+0000] {dagbag.py:588} INFO - Filling up the DagBag from /opt/airflow/dags/my_dag.py
[2025-04-21T14:01:53.934+0000] {processor.py:925} INFO - DAG(s) 'TFL_DATA_DAG' retrieved from /opt/airflow/dags/my_dag.py
[2025-04-21T14:01:53.957+0000] {logging_mixin.py:190} INFO - [2025-04-21T14:01:53.956+0000] {dag.py:3239} INFO - Sync 1 DAGs
[2025-04-21T14:01:53.983+0000] {logging_mixin.py:190} INFO - [2025-04-21T14:01:53.983+0000] {dag.py:4180} INFO - Setting next_dagrun for TFL_DATA_DAG to 2025-04-21 00:00:00+00:00, run_after=2025-04-22 00:00:00+00:00
[2025-04-21T14:01:54.006+0000] {processor.py:208} INFO - Processing /opt/airflow/dags/my_dag.py took 0.105 seconds
[2025-04-21T14:02:24.201+0000] {processor.py:186} INFO - Started process (PID=6485) to work on /opt/airflow/dags/my_dag.py
[2025-04-21T14:02:24.203+0000] {processor.py:914} INFO - Processing file /opt/airflow/dags/my_dag.py for tasks to queue
[2025-04-21T14:02:24.207+0000] {logging_mixin.py:190} INFO - [2025-04-21T14:02:24.207+0000] {dagbag.py:588} INFO - Filling up the DagBag from /opt/airflow/dags/my_dag.py
[2025-04-21T14:02:24.242+0000] {processor.py:925} INFO - DAG(s) 'TFL_DATA_DAG' retrieved from /opt/airflow/dags/my_dag.py
[2025-04-21T14:02:24.276+0000] {logging_mixin.py:190} INFO - [2025-04-21T14:02:24.276+0000] {dag.py:3239} INFO - Sync 1 DAGs
[2025-04-21T14:02:24.312+0000] {logging_mixin.py:190} INFO - [2025-04-21T14:02:24.312+0000] {dag.py:4180} INFO - Setting next_dagrun for TFL_DATA_DAG to 2025-04-21 00:00:00+00:00, run_after=2025-04-22 00:00:00+00:00
[2025-04-21T14:02:24.340+0000] {processor.py:208} INFO - Processing /opt/airflow/dags/my_dag.py took 0.148 seconds
[2025-04-21T14:02:54.504+0000] {processor.py:186} INFO - Started process (PID=6501) to work on /opt/airflow/dags/my_dag.py
[2025-04-21T14:02:54.506+0000] {processor.py:914} INFO - Processing file /opt/airflow/dags/my_dag.py for tasks to queue
[2025-04-21T14:02:54.511+0000] {logging_mixin.py:190} INFO - [2025-04-21T14:02:54.511+0000] {dagbag.py:588} INFO - Filling up the DagBag from /opt/airflow/dags/my_dag.py
[2025-04-21T14:02:54.546+0000] {processor.py:925} INFO - DAG(s) 'TFL_DATA_DAG' retrieved from /opt/airflow/dags/my_dag.py
[2025-04-21T14:02:54.584+0000] {logging_mixin.py:190} INFO - [2025-04-21T14:02:54.583+0000] {dag.py:3239} INFO - Sync 1 DAGs
[2025-04-21T14:02:54.621+0000] {logging_mixin.py:190} INFO - [2025-04-21T14:02:54.621+0000] {dag.py:4180} INFO - Setting next_dagrun for TFL_DATA_DAG to 2025-04-21 00:00:00+00:00, run_after=2025-04-22 00:00:00+00:00
[2025-04-21T14:02:54.653+0000] {processor.py:208} INFO - Processing /opt/airflow/dags/my_dag.py took 0.157 seconds
[2025-04-21T14:03:24.936+0000] {processor.py:186} INFO - Started process (PID=6517) to work on /opt/airflow/dags/my_dag.py
[2025-04-21T14:03:24.938+0000] {processor.py:914} INFO - Processing file /opt/airflow/dags/my_dag.py for tasks to queue
[2025-04-21T14:03:24.941+0000] {logging_mixin.py:190} INFO - [2025-04-21T14:03:24.940+0000] {dagbag.py:588} INFO - Filling up the DagBag from /opt/airflow/dags/my_dag.py
[2025-04-21T14:03:24.962+0000] {processor.py:925} INFO - DAG(s) 'TFL_DATA_DAG' retrieved from /opt/airflow/dags/my_dag.py
[2025-04-21T14:03:24.986+0000] {logging_mixin.py:190} INFO - [2025-04-21T14:03:24.986+0000] {dag.py:3239} INFO - Sync 1 DAGs
[2025-04-21T14:03:25.009+0000] {logging_mixin.py:190} INFO - [2025-04-21T14:03:25.009+0000] {dag.py:4180} INFO - Setting next_dagrun for TFL_DATA_DAG to 2025-04-21 00:00:00+00:00, run_after=2025-04-22 00:00:00+00:00
[2025-04-21T14:03:25.029+0000] {processor.py:208} INFO - Processing /opt/airflow/dags/my_dag.py took 0.099 seconds
[2025-04-21T14:03:55.328+0000] {processor.py:186} INFO - Started process (PID=6533) to work on /opt/airflow/dags/my_dag.py
[2025-04-21T14:03:55.330+0000] {processor.py:914} INFO - Processing file /opt/airflow/dags/my_dag.py for tasks to queue
[2025-04-21T14:03:55.335+0000] {logging_mixin.py:190} INFO - [2025-04-21T14:03:55.334+0000] {dagbag.py:588} INFO - Filling up the DagBag from /opt/airflow/dags/my_dag.py
[2025-04-21T14:03:55.373+0000] {processor.py:925} INFO - DAG(s) 'TFL_DATA_DAG' retrieved from /opt/airflow/dags/my_dag.py
[2025-04-21T14:03:55.407+0000] {logging_mixin.py:190} INFO - [2025-04-21T14:03:55.407+0000] {dag.py:3239} INFO - Sync 1 DAGs
[2025-04-21T14:03:55.462+0000] {logging_mixin.py:190} INFO - [2025-04-21T14:03:55.462+0000] {dag.py:4180} INFO - Setting next_dagrun for TFL_DATA_DAG to 2025-04-21 00:00:00+00:00, run_after=2025-04-22 00:00:00+00:00
[2025-04-21T14:03:55.497+0000] {processor.py:208} INFO - Processing /opt/airflow/dags/my_dag.py took 0.177 seconds
[2025-04-21T14:04:25.851+0000] {processor.py:186} INFO - Started process (PID=6549) to work on /opt/airflow/dags/my_dag.py
[2025-04-21T14:04:25.854+0000] {processor.py:914} INFO - Processing file /opt/airflow/dags/my_dag.py for tasks to queue
[2025-04-21T14:04:25.861+0000] {logging_mixin.py:190} INFO - [2025-04-21T14:04:25.860+0000] {dagbag.py:588} INFO - Filling up the DagBag from /opt/airflow/dags/my_dag.py
[2025-04-21T14:04:25.897+0000] {processor.py:925} INFO - DAG(s) 'TFL_DATA_DAG' retrieved from /opt/airflow/dags/my_dag.py
[2025-04-21T14:04:25.934+0000] {logging_mixin.py:190} INFO - [2025-04-21T14:04:25.934+0000] {dag.py:3239} INFO - Sync 1 DAGs
[2025-04-21T14:04:25.973+0000] {logging_mixin.py:190} INFO - [2025-04-21T14:04:25.972+0000] {dag.py:4180} INFO - Setting next_dagrun for TFL_DATA_DAG to 2025-04-21 00:00:00+00:00, run_after=2025-04-22 00:00:00+00:00
[2025-04-21T14:04:26.003+0000] {processor.py:208} INFO - Processing /opt/airflow/dags/my_dag.py took 0.167 seconds
[2025-04-21T14:04:56.333+0000] {processor.py:186} INFO - Started process (PID=6565) to work on /opt/airflow/dags/my_dag.py
[2025-04-21T14:04:56.335+0000] {processor.py:914} INFO - Processing file /opt/airflow/dags/my_dag.py for tasks to queue
[2025-04-21T14:04:56.339+0000] {logging_mixin.py:190} INFO - [2025-04-21T14:04:56.338+0000] {dagbag.py:588} INFO - Filling up the DagBag from /opt/airflow/dags/my_dag.py
[2025-04-21T14:04:56.367+0000] {processor.py:925} INFO - DAG(s) 'TFL_DATA_DAG' retrieved from /opt/airflow/dags/my_dag.py
[2025-04-21T14:04:56.401+0000] {logging_mixin.py:190} INFO - [2025-04-21T14:04:56.400+0000] {dag.py:3239} INFO - Sync 1 DAGs
[2025-04-21T14:04:56.434+0000] {logging_mixin.py:190} INFO - [2025-04-21T14:04:56.434+0000] {dag.py:4180} INFO - Setting next_dagrun for TFL_DATA_DAG to 2025-04-21 00:00:00+00:00, run_after=2025-04-22 00:00:00+00:00
[2025-04-21T14:04:56.461+0000] {processor.py:208} INFO - Processing /opt/airflow/dags/my_dag.py took 0.137 seconds
[2025-04-21T14:05:26.816+0000] {processor.py:186} INFO - Started process (PID=6581) to work on /opt/airflow/dags/my_dag.py
[2025-04-21T14:05:26.822+0000] {processor.py:914} INFO - Processing file /opt/airflow/dags/my_dag.py for tasks to queue
[2025-04-21T14:05:26.835+0000] {logging_mixin.py:190} INFO - [2025-04-21T14:05:26.833+0000] {dagbag.py:588} INFO - Filling up the DagBag from /opt/airflow/dags/my_dag.py
[2025-04-21T14:05:26.914+0000] {processor.py:925} INFO - DAG(s) 'TFL_DATA_DAG' retrieved from /opt/airflow/dags/my_dag.py
[2025-04-21T14:05:26.955+0000] {logging_mixin.py:190} INFO - [2025-04-21T14:05:26.954+0000] {dag.py:3239} INFO - Sync 1 DAGs
[2025-04-21T14:05:27.026+0000] {logging_mixin.py:190} INFO - [2025-04-21T14:05:27.025+0000] {dag.py:4180} INFO - Setting next_dagrun for TFL_DATA_DAG to 2025-04-21 00:00:00+00:00, run_after=2025-04-22 00:00:00+00:00
[2025-04-21T14:05:27.087+0000] {processor.py:208} INFO - Processing /opt/airflow/dags/my_dag.py took 0.289 seconds
[2025-04-21T14:05:57.452+0000] {processor.py:186} INFO - Started process (PID=6597) to work on /opt/airflow/dags/my_dag.py
[2025-04-21T14:05:57.454+0000] {processor.py:914} INFO - Processing file /opt/airflow/dags/my_dag.py for tasks to queue
[2025-04-21T14:05:57.459+0000] {logging_mixin.py:190} INFO - [2025-04-21T14:05:57.458+0000] {dagbag.py:588} INFO - Filling up the DagBag from /opt/airflow/dags/my_dag.py
[2025-04-21T14:05:57.499+0000] {processor.py:925} INFO - DAG(s) 'TFL_DATA_DAG' retrieved from /opt/airflow/dags/my_dag.py
[2025-04-21T14:05:57.537+0000] {logging_mixin.py:190} INFO - [2025-04-21T14:05:57.537+0000] {dag.py:3239} INFO - Sync 1 DAGs
[2025-04-21T14:05:57.582+0000] {logging_mixin.py:190} INFO - [2025-04-21T14:05:57.582+0000] {dag.py:4180} INFO - Setting next_dagrun for TFL_DATA_DAG to 2025-04-21 00:00:00+00:00, run_after=2025-04-22 00:00:00+00:00
[2025-04-21T14:05:57.610+0000] {processor.py:208} INFO - Processing /opt/airflow/dags/my_dag.py took 0.168 seconds
[2025-04-21T14:06:28.002+0000] {processor.py:186} INFO - Started process (PID=6613) to work on /opt/airflow/dags/my_dag.py
[2025-04-21T14:06:28.005+0000] {processor.py:914} INFO - Processing file /opt/airflow/dags/my_dag.py for tasks to queue
[2025-04-21T14:06:28.009+0000] {logging_mixin.py:190} INFO - [2025-04-21T14:06:28.008+0000] {dagbag.py:588} INFO - Filling up the DagBag from /opt/airflow/dags/my_dag.py
[2025-04-21T14:06:28.039+0000] {processor.py:925} INFO - DAG(s) 'TFL_DATA_DAG' retrieved from /opt/airflow/dags/my_dag.py
[2025-04-21T14:06:28.076+0000] {logging_mixin.py:190} INFO - [2025-04-21T14:06:28.075+0000] {dag.py:3239} INFO - Sync 1 DAGs
[2025-04-21T14:06:28.117+0000] {logging_mixin.py:190} INFO - [2025-04-21T14:06:28.117+0000] {dag.py:4180} INFO - Setting next_dagrun for TFL_DATA_DAG to 2025-04-21 00:00:00+00:00, run_after=2025-04-22 00:00:00+00:00
[2025-04-21T14:06:28.149+0000] {processor.py:208} INFO - Processing /opt/airflow/dags/my_dag.py took 0.155 seconds
[2025-04-21T14:06:58.580+0000] {processor.py:186} INFO - Started process (PID=6629) to work on /opt/airflow/dags/my_dag.py
[2025-04-21T14:06:58.585+0000] {processor.py:914} INFO - Processing file /opt/airflow/dags/my_dag.py for tasks to queue
[2025-04-21T14:06:58.594+0000] {logging_mixin.py:190} INFO - [2025-04-21T14:06:58.593+0000] {dagbag.py:588} INFO - Filling up the DagBag from /opt/airflow/dags/my_dag.py
[2025-04-21T14:06:58.656+0000] {processor.py:925} INFO - DAG(s) 'TFL_DATA_DAG' retrieved from /opt/airflow/dags/my_dag.py
[2025-04-21T14:06:58.712+0000] {logging_mixin.py:190} INFO - [2025-04-21T14:06:58.711+0000] {dag.py:3239} INFO - Sync 1 DAGs
[2025-04-21T14:06:58.749+0000] {logging_mixin.py:190} INFO - [2025-04-21T14:06:58.749+0000] {dag.py:4180} INFO - Setting next_dagrun for TFL_DATA_DAG to 2025-04-21 00:00:00+00:00, run_after=2025-04-22 00:00:00+00:00
[2025-04-21T14:06:58.788+0000] {processor.py:208} INFO - Processing /opt/airflow/dags/my_dag.py took 0.225 seconds
[2025-04-21T14:07:29.126+0000] {processor.py:186} INFO - Started process (PID=6645) to work on /opt/airflow/dags/my_dag.py
[2025-04-21T14:07:29.129+0000] {processor.py:914} INFO - Processing file /opt/airflow/dags/my_dag.py for tasks to queue
[2025-04-21T14:07:29.134+0000] {logging_mixin.py:190} INFO - [2025-04-21T14:07:29.133+0000] {dagbag.py:588} INFO - Filling up the DagBag from /opt/airflow/dags/my_dag.py
[2025-04-21T14:07:29.165+0000] {processor.py:925} INFO - DAG(s) 'TFL_DATA_DAG' retrieved from /opt/airflow/dags/my_dag.py
[2025-04-21T14:07:29.200+0000] {logging_mixin.py:190} INFO - [2025-04-21T14:07:29.200+0000] {dag.py:3239} INFO - Sync 1 DAGs
[2025-04-21T14:07:29.235+0000] {logging_mixin.py:190} INFO - [2025-04-21T14:07:29.235+0000] {dag.py:4180} INFO - Setting next_dagrun for TFL_DATA_DAG to 2025-04-21 00:00:00+00:00, run_after=2025-04-22 00:00:00+00:00
[2025-04-21T14:07:29.261+0000] {processor.py:208} INFO - Processing /opt/airflow/dags/my_dag.py took 0.145 seconds
[2025-04-21T14:07:59.601+0000] {processor.py:186} INFO - Started process (PID=6661) to work on /opt/airflow/dags/my_dag.py
[2025-04-21T14:07:59.603+0000] {processor.py:914} INFO - Processing file /opt/airflow/dags/my_dag.py for tasks to queue
[2025-04-21T14:07:59.608+0000] {logging_mixin.py:190} INFO - [2025-04-21T14:07:59.607+0000] {dagbag.py:588} INFO - Filling up the DagBag from /opt/airflow/dags/my_dag.py
[2025-04-21T14:07:59.636+0000] {processor.py:925} INFO - DAG(s) 'TFL_DATA_DAG' retrieved from /opt/airflow/dags/my_dag.py
[2025-04-21T14:07:59.667+0000] {logging_mixin.py:190} INFO - [2025-04-21T14:07:59.667+0000] {dag.py:3239} INFO - Sync 1 DAGs
[2025-04-21T14:07:59.700+0000] {logging_mixin.py:190} INFO - [2025-04-21T14:07:59.700+0000] {dag.py:4180} INFO - Setting next_dagrun for TFL_DATA_DAG to 2025-04-21 00:00:00+00:00, run_after=2025-04-22 00:00:00+00:00
[2025-04-21T14:07:59.727+0000] {processor.py:208} INFO - Processing /opt/airflow/dags/my_dag.py took 0.135 seconds
[2025-04-21T14:08:30.053+0000] {processor.py:186} INFO - Started process (PID=6676) to work on /opt/airflow/dags/my_dag.py
[2025-04-21T14:08:30.056+0000] {processor.py:914} INFO - Processing file /opt/airflow/dags/my_dag.py for tasks to queue
[2025-04-21T14:08:30.059+0000] {logging_mixin.py:190} INFO - [2025-04-21T14:08:30.059+0000] {dagbag.py:588} INFO - Filling up the DagBag from /opt/airflow/dags/my_dag.py
[2025-04-21T14:08:30.109+0000] {processor.py:925} INFO - DAG(s) 'TFL_DATA_DAG' retrieved from /opt/airflow/dags/my_dag.py
[2025-04-21T14:08:30.132+0000] {logging_mixin.py:190} INFO - [2025-04-21T14:08:30.132+0000] {dag.py:3239} INFO - Sync 1 DAGs
[2025-04-21T14:08:30.155+0000] {logging_mixin.py:190} INFO - [2025-04-21T14:08:30.155+0000] {dag.py:4180} INFO - Setting next_dagrun for TFL_DATA_DAG to 2025-04-21 00:00:00+00:00, run_after=2025-04-22 00:00:00+00:00
[2025-04-21T14:08:30.180+0000] {processor.py:208} INFO - Processing /opt/airflow/dags/my_dag.py took 0.132 seconds
[2025-04-21T14:09:00.484+0000] {processor.py:186} INFO - Started process (PID=6692) to work on /opt/airflow/dags/my_dag.py
[2025-04-21T14:09:00.486+0000] {processor.py:914} INFO - Processing file /opt/airflow/dags/my_dag.py for tasks to queue
[2025-04-21T14:09:00.489+0000] {logging_mixin.py:190} INFO - [2025-04-21T14:09:00.489+0000] {dagbag.py:588} INFO - Filling up the DagBag from /opt/airflow/dags/my_dag.py
[2025-04-21T14:09:00.511+0000] {processor.py:925} INFO - DAG(s) 'TFL_DATA_DAG' retrieved from /opt/airflow/dags/my_dag.py
[2025-04-21T14:09:00.533+0000] {logging_mixin.py:190} INFO - [2025-04-21T14:09:00.533+0000] {dag.py:3239} INFO - Sync 1 DAGs
[2025-04-21T14:09:00.555+0000] {logging_mixin.py:190} INFO - [2025-04-21T14:09:00.554+0000] {dag.py:4180} INFO - Setting next_dagrun for TFL_DATA_DAG to 2025-04-21 00:00:00+00:00, run_after=2025-04-22 00:00:00+00:00
[2025-04-21T14:09:00.575+0000] {processor.py:208} INFO - Processing /opt/airflow/dags/my_dag.py took 0.096 seconds
[2025-04-21T14:09:30.890+0000] {processor.py:186} INFO - Started process (PID=6707) to work on /opt/airflow/dags/my_dag.py
[2025-04-21T14:09:30.892+0000] {processor.py:914} INFO - Processing file /opt/airflow/dags/my_dag.py for tasks to queue
[2025-04-21T14:09:30.896+0000] {logging_mixin.py:190} INFO - [2025-04-21T14:09:30.896+0000] {dagbag.py:588} INFO - Filling up the DagBag from /opt/airflow/dags/my_dag.py
[2025-04-21T14:09:30.927+0000] {processor.py:925} INFO - DAG(s) 'TFL_DATA_DAG' retrieved from /opt/airflow/dags/my_dag.py
[2025-04-21T14:09:30.962+0000] {logging_mixin.py:190} INFO - [2025-04-21T14:09:30.962+0000] {dag.py:3239} INFO - Sync 1 DAGs
[2025-04-21T14:09:30.999+0000] {logging_mixin.py:190} INFO - [2025-04-21T14:09:30.999+0000] {dag.py:4180} INFO - Setting next_dagrun for TFL_DATA_DAG to 2025-04-21 00:00:00+00:00, run_after=2025-04-22 00:00:00+00:00
[2025-04-21T14:09:31.029+0000] {processor.py:208} INFO - Processing /opt/airflow/dags/my_dag.py took 0.147 seconds
[2025-04-21T14:10:01.344+0000] {processor.py:186} INFO - Started process (PID=6723) to work on /opt/airflow/dags/my_dag.py
[2025-04-21T14:10:01.346+0000] {processor.py:914} INFO - Processing file /opt/airflow/dags/my_dag.py for tasks to queue
[2025-04-21T14:10:01.351+0000] {logging_mixin.py:190} INFO - [2025-04-21T14:10:01.350+0000] {dagbag.py:588} INFO - Filling up the DagBag from /opt/airflow/dags/my_dag.py
[2025-04-21T14:10:01.382+0000] {processor.py:925} INFO - DAG(s) 'TFL_DATA_DAG' retrieved from /opt/airflow/dags/my_dag.py
[2025-04-21T14:10:01.417+0000] {logging_mixin.py:190} INFO - [2025-04-21T14:10:01.416+0000] {dag.py:3239} INFO - Sync 1 DAGs
[2025-04-21T14:10:01.449+0000] {logging_mixin.py:190} INFO - [2025-04-21T14:10:01.449+0000] {dag.py:4180} INFO - Setting next_dagrun for TFL_DATA_DAG to 2025-04-21 00:00:00+00:00, run_after=2025-04-22 00:00:00+00:00
[2025-04-21T14:10:01.478+0000] {processor.py:208} INFO - Processing /opt/airflow/dags/my_dag.py took 0.143 seconds
[2025-04-21T14:10:31.805+0000] {processor.py:186} INFO - Started process (PID=6739) to work on /opt/airflow/dags/my_dag.py
[2025-04-21T14:10:31.808+0000] {processor.py:914} INFO - Processing file /opt/airflow/dags/my_dag.py for tasks to queue
[2025-04-21T14:10:31.812+0000] {logging_mixin.py:190} INFO - [2025-04-21T14:10:31.811+0000] {dagbag.py:588} INFO - Filling up the DagBag from /opt/airflow/dags/my_dag.py
[2025-04-21T14:10:31.841+0000] {processor.py:925} INFO - DAG(s) 'TFL_DATA_DAG' retrieved from /opt/airflow/dags/my_dag.py
[2025-04-21T14:10:31.877+0000] {logging_mixin.py:190} INFO - [2025-04-21T14:10:31.877+0000] {dag.py:3239} INFO - Sync 1 DAGs
[2025-04-21T14:10:31.913+0000] {logging_mixin.py:190} INFO - [2025-04-21T14:10:31.913+0000] {dag.py:4180} INFO - Setting next_dagrun for TFL_DATA_DAG to 2025-04-21 00:00:00+00:00, run_after=2025-04-22 00:00:00+00:00
[2025-04-21T14:10:31.941+0000] {processor.py:208} INFO - Processing /opt/airflow/dags/my_dag.py took 0.143 seconds
[2025-04-21T14:11:02.113+0000] {processor.py:186} INFO - Started process (PID=6755) to work on /opt/airflow/dags/my_dag.py
[2025-04-21T14:11:02.116+0000] {processor.py:914} INFO - Processing file /opt/airflow/dags/my_dag.py for tasks to queue
[2025-04-21T14:11:02.121+0000] {logging_mixin.py:190} INFO - [2025-04-21T14:11:02.120+0000] {dagbag.py:588} INFO - Filling up the DagBag from /opt/airflow/dags/my_dag.py
[2025-04-21T14:11:02.155+0000] {processor.py:925} INFO - DAG(s) 'TFL_DATA_DAG' retrieved from /opt/airflow/dags/my_dag.py
[2025-04-21T14:11:02.189+0000] {logging_mixin.py:190} INFO - [2025-04-21T14:11:02.189+0000] {dag.py:3239} INFO - Sync 1 DAGs
[2025-04-21T14:11:02.225+0000] {logging_mixin.py:190} INFO - [2025-04-21T14:11:02.225+0000] {dag.py:4180} INFO - Setting next_dagrun for TFL_DATA_DAG to 2025-04-21 00:00:00+00:00, run_after=2025-04-22 00:00:00+00:00
[2025-04-21T14:11:02.255+0000] {processor.py:208} INFO - Processing /opt/airflow/dags/my_dag.py took 0.152 seconds
[2025-04-21T14:11:32.628+0000] {processor.py:186} INFO - Started process (PID=6771) to work on /opt/airflow/dags/my_dag.py
[2025-04-21T14:11:32.630+0000] {processor.py:914} INFO - Processing file /opt/airflow/dags/my_dag.py for tasks to queue
[2025-04-21T14:11:32.635+0000] {logging_mixin.py:190} INFO - [2025-04-21T14:11:32.634+0000] {dagbag.py:588} INFO - Filling up the DagBag from /opt/airflow/dags/my_dag.py
[2025-04-21T14:11:32.664+0000] {processor.py:925} INFO - DAG(s) 'TFL_DATA_DAG' retrieved from /opt/airflow/dags/my_dag.py
[2025-04-21T14:11:32.690+0000] {logging_mixin.py:190} INFO - [2025-04-21T14:11:32.690+0000] {dag.py:3239} INFO - Sync 1 DAGs
[2025-04-21T14:11:32.720+0000] {logging_mixin.py:190} INFO - [2025-04-21T14:11:32.719+0000] {dag.py:4180} INFO - Setting next_dagrun for TFL_DATA_DAG to 2025-04-21 00:00:00+00:00, run_after=2025-04-22 00:00:00+00:00
[2025-04-21T14:11:32.764+0000] {processor.py:208} INFO - Processing /opt/airflow/dags/my_dag.py took 0.144 seconds
[2025-04-21T14:12:03.099+0000] {processor.py:186} INFO - Started process (PID=6787) to work on /opt/airflow/dags/my_dag.py
[2025-04-21T14:12:03.102+0000] {processor.py:914} INFO - Processing file /opt/airflow/dags/my_dag.py for tasks to queue
[2025-04-21T14:12:03.108+0000] {logging_mixin.py:190} INFO - [2025-04-21T14:12:03.107+0000] {dagbag.py:588} INFO - Filling up the DagBag from /opt/airflow/dags/my_dag.py
[2025-04-21T14:12:03.138+0000] {processor.py:925} INFO - DAG(s) 'TFL_DATA_DAG' retrieved from /opt/airflow/dags/my_dag.py
[2025-04-21T14:12:03.173+0000] {logging_mixin.py:190} INFO - [2025-04-21T14:12:03.172+0000] {dag.py:3239} INFO - Sync 1 DAGs
[2025-04-21T14:12:03.208+0000] {logging_mixin.py:190} INFO - [2025-04-21T14:12:03.208+0000] {dag.py:4180} INFO - Setting next_dagrun for TFL_DATA_DAG to 2025-04-21 00:00:00+00:00, run_after=2025-04-22 00:00:00+00:00
[2025-04-21T14:12:03.237+0000] {processor.py:208} INFO - Processing /opt/airflow/dags/my_dag.py took 0.146 seconds
[2025-04-21T14:12:33.575+0000] {processor.py:186} INFO - Started process (PID=6803) to work on /opt/airflow/dags/my_dag.py
[2025-04-21T14:12:33.579+0000] {processor.py:914} INFO - Processing file /opt/airflow/dags/my_dag.py for tasks to queue
[2025-04-21T14:12:33.583+0000] {logging_mixin.py:190} INFO - [2025-04-21T14:12:33.583+0000] {dagbag.py:588} INFO - Filling up the DagBag from /opt/airflow/dags/my_dag.py
[2025-04-21T14:12:33.618+0000] {processor.py:925} INFO - DAG(s) 'TFL_DATA_DAG' retrieved from /opt/airflow/dags/my_dag.py
[2025-04-21T14:12:33.656+0000] {logging_mixin.py:190} INFO - [2025-04-21T14:12:33.656+0000] {dag.py:3239} INFO - Sync 1 DAGs
[2025-04-21T14:12:33.694+0000] {logging_mixin.py:190} INFO - [2025-04-21T14:12:33.694+0000] {dag.py:4180} INFO - Setting next_dagrun for TFL_DATA_DAG to 2025-04-21 00:00:00+00:00, run_after=2025-04-22 00:00:00+00:00
[2025-04-21T14:12:33.720+0000] {processor.py:208} INFO - Processing /opt/airflow/dags/my_dag.py took 0.153 seconds
[2025-04-21T14:13:03.897+0000] {processor.py:186} INFO - Started process (PID=6819) to work on /opt/airflow/dags/my_dag.py
[2025-04-21T14:13:03.900+0000] {processor.py:914} INFO - Processing file /opt/airflow/dags/my_dag.py for tasks to queue
[2025-04-21T14:13:03.906+0000] {logging_mixin.py:190} INFO - [2025-04-21T14:13:03.905+0000] {dagbag.py:588} INFO - Filling up the DagBag from /opt/airflow/dags/my_dag.py
[2025-04-21T14:13:03.946+0000] {processor.py:925} INFO - DAG(s) 'TFL_DATA_DAG' retrieved from /opt/airflow/dags/my_dag.py
[2025-04-21T14:13:03.993+0000] {logging_mixin.py:190} INFO - [2025-04-21T14:13:03.992+0000] {dag.py:3239} INFO - Sync 1 DAGs
[2025-04-21T14:13:04.036+0000] {logging_mixin.py:190} INFO - [2025-04-21T14:13:04.035+0000] {dag.py:4180} INFO - Setting next_dagrun for TFL_DATA_DAG to 2025-04-21 00:00:00+00:00, run_after=2025-04-22 00:00:00+00:00
[2025-04-21T14:13:04.069+0000] {processor.py:208} INFO - Processing /opt/airflow/dags/my_dag.py took 0.184 seconds
[2025-04-21T14:13:34.310+0000] {processor.py:186} INFO - Started process (PID=6834) to work on /opt/airflow/dags/my_dag.py
[2025-04-21T14:13:34.312+0000] {processor.py:914} INFO - Processing file /opt/airflow/dags/my_dag.py for tasks to queue
[2025-04-21T14:13:34.318+0000] {logging_mixin.py:190} INFO - [2025-04-21T14:13:34.316+0000] {dagbag.py:588} INFO - Filling up the DagBag from /opt/airflow/dags/my_dag.py
[2025-04-21T14:13:34.350+0000] {processor.py:925} INFO - DAG(s) 'TFL_DATA_DAG' retrieved from /opt/airflow/dags/my_dag.py
[2025-04-21T14:13:34.391+0000] {logging_mixin.py:190} INFO - [2025-04-21T14:13:34.391+0000] {dag.py:3239} INFO - Sync 1 DAGs
[2025-04-21T14:13:34.430+0000] {logging_mixin.py:190} INFO - [2025-04-21T14:13:34.430+0000] {dag.py:4180} INFO - Setting next_dagrun for TFL_DATA_DAG to 2025-04-21 00:00:00+00:00, run_after=2025-04-22 00:00:00+00:00
[2025-04-21T14:13:34.463+0000] {processor.py:208} INFO - Processing /opt/airflow/dags/my_dag.py took 0.164 seconds
[2025-04-21T14:14:04.659+0000] {processor.py:186} INFO - Started process (PID=6850) to work on /opt/airflow/dags/my_dag.py
[2025-04-21T14:14:04.660+0000] {processor.py:914} INFO - Processing file /opt/airflow/dags/my_dag.py for tasks to queue
[2025-04-21T14:14:04.664+0000] {logging_mixin.py:190} INFO - [2025-04-21T14:14:04.664+0000] {dagbag.py:588} INFO - Filling up the DagBag from /opt/airflow/dags/my_dag.py
[2025-04-21T14:14:04.697+0000] {processor.py:925} INFO - DAG(s) 'TFL_DATA_DAG' retrieved from /opt/airflow/dags/my_dag.py
[2025-04-21T14:14:04.736+0000] {logging_mixin.py:190} INFO - [2025-04-21T14:14:04.735+0000] {dag.py:3239} INFO - Sync 1 DAGs
[2025-04-21T14:14:04.777+0000] {logging_mixin.py:190} INFO - [2025-04-21T14:14:04.777+0000] {dag.py:4180} INFO - Setting next_dagrun for TFL_DATA_DAG to 2025-04-21 00:00:00+00:00, run_after=2025-04-22 00:00:00+00:00
[2025-04-21T14:14:04.808+0000] {processor.py:208} INFO - Processing /opt/airflow/dags/my_dag.py took 0.158 seconds
[2025-04-21T15:46:58.466+0000] {processor.py:186} INFO - Started process (PID=261) to work on /opt/airflow/dags/my_dag.py
[2025-04-21T15:46:58.467+0000] {processor.py:914} INFO - Processing file /opt/airflow/dags/my_dag.py for tasks to queue
[2025-04-21T15:46:58.470+0000] {logging_mixin.py:190} INFO - [2025-04-21T15:46:58.470+0000] {dagbag.py:588} INFO - Filling up the DagBag from /opt/airflow/dags/my_dag.py
[2025-04-21T15:46:58.492+0000] {processor.py:925} INFO - DAG(s) 'TFL_DATA_DAG' retrieved from /opt/airflow/dags/my_dag.py
[2025-04-21T15:46:58.512+0000] {logging_mixin.py:190} INFO - [2025-04-21T15:46:58.512+0000] {dag.py:3239} INFO - Sync 1 DAGs
[2025-04-21T15:46:58.531+0000] {logging_mixin.py:190} INFO - [2025-04-21T15:46:58.531+0000] {dag.py:4180} INFO - Setting next_dagrun for TFL_DATA_DAG to 2025-04-21 00:00:00+00:00, run_after=2025-04-22 00:00:00+00:00
[2025-04-21T15:46:58.546+0000] {processor.py:208} INFO - Processing /opt/airflow/dags/my_dag.py took 0.083 seconds
[2025-04-21T15:47:28.779+0000] {processor.py:186} INFO - Started process (PID=278) to work on /opt/airflow/dags/my_dag.py
[2025-04-21T15:47:28.781+0000] {processor.py:914} INFO - Processing file /opt/airflow/dags/my_dag.py for tasks to queue
[2025-04-21T15:47:28.786+0000] {logging_mixin.py:190} INFO - [2025-04-21T15:47:28.785+0000] {dagbag.py:588} INFO - Filling up the DagBag from /opt/airflow/dags/my_dag.py
[2025-04-21T15:47:28.827+0000] {processor.py:925} INFO - DAG(s) 'TFL_DATA_DAG' retrieved from /opt/airflow/dags/my_dag.py
[2025-04-21T15:47:28.873+0000] {logging_mixin.py:190} INFO - [2025-04-21T15:47:28.872+0000] {dag.py:3239} INFO - Sync 1 DAGs
[2025-04-21T15:47:28.925+0000] {logging_mixin.py:190} INFO - [2025-04-21T15:47:28.925+0000] {dag.py:4180} INFO - Setting next_dagrun for TFL_DATA_DAG to 2025-04-21 00:00:00+00:00, run_after=2025-04-22 00:00:00+00:00
[2025-04-21T15:47:28.962+0000] {processor.py:208} INFO - Processing /opt/airflow/dags/my_dag.py took 0.191 seconds
[2025-04-21T15:47:59.124+0000] {processor.py:186} INFO - Started process (PID=294) to work on /opt/airflow/dags/my_dag.py
[2025-04-21T15:47:59.126+0000] {processor.py:914} INFO - Processing file /opt/airflow/dags/my_dag.py for tasks to queue
[2025-04-21T15:47:59.130+0000] {logging_mixin.py:190} INFO - [2025-04-21T15:47:59.129+0000] {dagbag.py:588} INFO - Filling up the DagBag from /opt/airflow/dags/my_dag.py
[2025-04-21T15:47:59.162+0000] {processor.py:925} INFO - DAG(s) 'TFL_DATA_DAG' retrieved from /opt/airflow/dags/my_dag.py
[2025-04-21T15:47:59.199+0000] {logging_mixin.py:190} INFO - [2025-04-21T15:47:59.199+0000] {dag.py:3239} INFO - Sync 1 DAGs
[2025-04-21T15:47:59.247+0000] {logging_mixin.py:190} INFO - [2025-04-21T15:47:59.246+0000] {dag.py:4180} INFO - Setting next_dagrun for TFL_DATA_DAG to 2025-04-21 00:00:00+00:00, run_after=2025-04-22 00:00:00+00:00
[2025-04-21T15:47:59.281+0000] {processor.py:208} INFO - Processing /opt/airflow/dags/my_dag.py took 0.165 seconds
[2025-04-21T15:48:29.554+0000] {processor.py:186} INFO - Started process (PID=310) to work on /opt/airflow/dags/my_dag.py
[2025-04-21T15:48:29.557+0000] {processor.py:914} INFO - Processing file /opt/airflow/dags/my_dag.py for tasks to queue
[2025-04-21T15:48:29.562+0000] {logging_mixin.py:190} INFO - [2025-04-21T15:48:29.562+0000] {dagbag.py:588} INFO - Filling up the DagBag from /opt/airflow/dags/my_dag.py
[2025-04-21T15:48:29.593+0000] {processor.py:925} INFO - DAG(s) 'TFL_DATA_DAG' retrieved from /opt/airflow/dags/my_dag.py
[2025-04-21T15:48:29.629+0000] {logging_mixin.py:190} INFO - [2025-04-21T15:48:29.629+0000] {dag.py:3239} INFO - Sync 1 DAGs
[2025-04-21T15:48:29.659+0000] {logging_mixin.py:190} INFO - [2025-04-21T15:48:29.658+0000] {dag.py:4180} INFO - Setting next_dagrun for TFL_DATA_DAG to 2025-04-21 00:00:00+00:00, run_after=2025-04-22 00:00:00+00:00
[2025-04-21T15:48:29.685+0000] {processor.py:208} INFO - Processing /opt/airflow/dags/my_dag.py took 0.138 seconds
[2025-04-21T15:49:00.027+0000] {processor.py:186} INFO - Started process (PID=326) to work on /opt/airflow/dags/my_dag.py
[2025-04-21T15:49:00.029+0000] {processor.py:914} INFO - Processing file /opt/airflow/dags/my_dag.py for tasks to queue
[2025-04-21T15:49:00.034+0000] {logging_mixin.py:190} INFO - [2025-04-21T15:49:00.033+0000] {dagbag.py:588} INFO - Filling up the DagBag from /opt/airflow/dags/my_dag.py
[2025-04-21T15:49:00.067+0000] {processor.py:925} INFO - DAG(s) 'TFL_DATA_DAG' retrieved from /opt/airflow/dags/my_dag.py
[2025-04-21T15:49:00.102+0000] {logging_mixin.py:190} INFO - [2025-04-21T15:49:00.102+0000] {dag.py:3239} INFO - Sync 1 DAGs
[2025-04-21T15:49:00.134+0000] {logging_mixin.py:190} INFO - [2025-04-21T15:49:00.134+0000] {dag.py:4180} INFO - Setting next_dagrun for TFL_DATA_DAG to 2025-04-21 00:00:00+00:00, run_after=2025-04-22 00:00:00+00:00
[2025-04-21T15:49:00.163+0000] {processor.py:208} INFO - Processing /opt/airflow/dags/my_dag.py took 0.144 seconds
[2025-04-21T15:49:30.514+0000] {processor.py:186} INFO - Started process (PID=342) to work on /opt/airflow/dags/my_dag.py
[2025-04-21T15:49:30.517+0000] {processor.py:914} INFO - Processing file /opt/airflow/dags/my_dag.py for tasks to queue
[2025-04-21T15:49:30.522+0000] {logging_mixin.py:190} INFO - [2025-04-21T15:49:30.522+0000] {dagbag.py:588} INFO - Filling up the DagBag from /opt/airflow/dags/my_dag.py
[2025-04-21T15:49:30.561+0000] {processor.py:925} INFO - DAG(s) 'TFL_DATA_DAG' retrieved from /opt/airflow/dags/my_dag.py
[2025-04-21T15:49:30.600+0000] {logging_mixin.py:190} INFO - [2025-04-21T15:49:30.600+0000] {dag.py:3239} INFO - Sync 1 DAGs
[2025-04-21T15:49:30.637+0000] {logging_mixin.py:190} INFO - [2025-04-21T15:49:30.636+0000] {dag.py:4180} INFO - Setting next_dagrun for TFL_DATA_DAG to 2025-04-21 00:00:00+00:00, run_after=2025-04-22 00:00:00+00:00
[2025-04-21T15:49:30.666+0000] {processor.py:208} INFO - Processing /opt/airflow/dags/my_dag.py took 0.161 seconds
[2025-04-21T15:50:00.886+0000] {processor.py:186} INFO - Started process (PID=358) to work on /opt/airflow/dags/my_dag.py
[2025-04-21T15:50:00.889+0000] {processor.py:914} INFO - Processing file /opt/airflow/dags/my_dag.py for tasks to queue
[2025-04-21T15:50:00.895+0000] {logging_mixin.py:190} INFO - [2025-04-21T15:50:00.894+0000] {dagbag.py:588} INFO - Filling up the DagBag from /opt/airflow/dags/my_dag.py
[2025-04-21T15:50:00.958+0000] {processor.py:925} INFO - DAG(s) 'TFL_DATA_DAG' retrieved from /opt/airflow/dags/my_dag.py
[2025-04-21T15:50:00.992+0000] {logging_mixin.py:190} INFO - [2025-04-21T15:50:00.991+0000] {dag.py:3239} INFO - Sync 1 DAGs
[2025-04-21T15:50:01.193+0000] {logging_mixin.py:190} INFO - [2025-04-21T15:50:01.193+0000] {dag.py:4180} INFO - Setting next_dagrun for TFL_DATA_DAG to 2025-04-21 00:00:00+00:00, run_after=2025-04-22 00:00:00+00:00
[2025-04-21T15:50:01.241+0000] {processor.py:208} INFO - Processing /opt/airflow/dags/my_dag.py took 0.367 seconds
[2025-04-21T15:50:31.557+0000] {processor.py:186} INFO - Started process (PID=374) to work on /opt/airflow/dags/my_dag.py
[2025-04-21T15:50:31.560+0000] {processor.py:914} INFO - Processing file /opt/airflow/dags/my_dag.py for tasks to queue
[2025-04-21T15:50:31.566+0000] {logging_mixin.py:190} INFO - [2025-04-21T15:50:31.565+0000] {dagbag.py:588} INFO - Filling up the DagBag from /opt/airflow/dags/my_dag.py
[2025-04-21T15:50:31.596+0000] {processor.py:925} INFO - DAG(s) 'TFL_DATA_DAG' retrieved from /opt/airflow/dags/my_dag.py
[2025-04-21T15:50:31.628+0000] {logging_mixin.py:190} INFO - [2025-04-21T15:50:31.627+0000] {dag.py:3239} INFO - Sync 1 DAGs
[2025-04-21T15:50:31.815+0000] {logging_mixin.py:190} INFO - [2025-04-21T15:50:31.814+0000] {dag.py:4180} INFO - Setting next_dagrun for TFL_DATA_DAG to 2025-04-21 00:00:00+00:00, run_after=2025-04-22 00:00:00+00:00
[2025-04-21T15:50:31.840+0000] {processor.py:208} INFO - Processing /opt/airflow/dags/my_dag.py took 0.290 seconds
[2025-04-21T15:51:02.171+0000] {processor.py:186} INFO - Started process (PID=389) to work on /opt/airflow/dags/my_dag.py
[2025-04-21T15:51:02.173+0000] {processor.py:914} INFO - Processing file /opt/airflow/dags/my_dag.py for tasks to queue
[2025-04-21T15:51:02.177+0000] {logging_mixin.py:190} INFO - [2025-04-21T15:51:02.177+0000] {dagbag.py:588} INFO - Filling up the DagBag from /opt/airflow/dags/my_dag.py
[2025-04-21T15:51:02.406+0000] {processor.py:925} INFO - DAG(s) 'TFL_DATA_DAG' retrieved from /opt/airflow/dags/my_dag.py
[2025-04-21T15:51:02.432+0000] {logging_mixin.py:190} INFO - [2025-04-21T15:51:02.432+0000] {dag.py:3239} INFO - Sync 1 DAGs
[2025-04-21T15:51:02.461+0000] {logging_mixin.py:190} INFO - [2025-04-21T15:51:02.460+0000] {dag.py:4180} INFO - Setting next_dagrun for TFL_DATA_DAG to 2025-04-21 00:00:00+00:00, run_after=2025-04-22 00:00:00+00:00
[2025-04-21T15:51:02.485+0000] {processor.py:208} INFO - Processing /opt/airflow/dags/my_dag.py took 0.321 seconds
[2025-04-21T15:51:33.043+0000] {processor.py:186} INFO - Started process (PID=405) to work on /opt/airflow/dags/my_dag.py
[2025-04-21T15:51:33.046+0000] {processor.py:914} INFO - Processing file /opt/airflow/dags/my_dag.py for tasks to queue
[2025-04-21T15:51:33.050+0000] {logging_mixin.py:190} INFO - [2025-04-21T15:51:33.050+0000] {dagbag.py:588} INFO - Filling up the DagBag from /opt/airflow/dags/my_dag.py
[2025-04-21T15:51:33.084+0000] {processor.py:925} INFO - DAG(s) 'TFL_DATA_DAG' retrieved from /opt/airflow/dags/my_dag.py
[2025-04-21T15:51:33.122+0000] {logging_mixin.py:190} INFO - [2025-04-21T15:51:33.122+0000] {dag.py:3239} INFO - Sync 1 DAGs
[2025-04-21T15:51:33.158+0000] {logging_mixin.py:190} INFO - [2025-04-21T15:51:33.158+0000] {dag.py:4180} INFO - Setting next_dagrun for TFL_DATA_DAG to 2025-04-21 00:00:00+00:00, run_after=2025-04-22 00:00:00+00:00
[2025-04-21T15:51:33.186+0000] {processor.py:208} INFO - Processing /opt/airflow/dags/my_dag.py took 0.152 seconds
[2025-04-21T15:52:03.423+0000] {processor.py:186} INFO - Started process (PID=421) to work on /opt/airflow/dags/my_dag.py
[2025-04-21T15:52:03.425+0000] {processor.py:914} INFO - Processing file /opt/airflow/dags/my_dag.py for tasks to queue
[2025-04-21T15:52:03.429+0000] {logging_mixin.py:190} INFO - [2025-04-21T15:52:03.428+0000] {dagbag.py:588} INFO - Filling up the DagBag from /opt/airflow/dags/my_dag.py
[2025-04-21T15:52:03.467+0000] {processor.py:925} INFO - DAG(s) 'TFL_DATA_DAG' retrieved from /opt/airflow/dags/my_dag.py
[2025-04-21T15:52:03.500+0000] {logging_mixin.py:190} INFO - [2025-04-21T15:52:03.499+0000] {dag.py:3239} INFO - Sync 1 DAGs
[2025-04-21T15:52:03.536+0000] {logging_mixin.py:190} INFO - [2025-04-21T15:52:03.535+0000] {dag.py:4180} INFO - Setting next_dagrun for TFL_DATA_DAG to 2025-04-21 00:00:00+00:00, run_after=2025-04-22 00:00:00+00:00
[2025-04-21T15:52:03.561+0000] {processor.py:208} INFO - Processing /opt/airflow/dags/my_dag.py took 0.146 seconds
[2025-04-21T15:52:33.907+0000] {processor.py:186} INFO - Started process (PID=436) to work on /opt/airflow/dags/my_dag.py
[2025-04-21T15:52:33.909+0000] {processor.py:914} INFO - Processing file /opt/airflow/dags/my_dag.py for tasks to queue
[2025-04-21T15:52:33.913+0000] {logging_mixin.py:190} INFO - [2025-04-21T15:52:33.913+0000] {dagbag.py:588} INFO - Filling up the DagBag from /opt/airflow/dags/my_dag.py
[2025-04-21T15:52:33.946+0000] {processor.py:925} INFO - DAG(s) 'TFL_DATA_DAG' retrieved from /opt/airflow/dags/my_dag.py
[2025-04-21T15:52:33.977+0000] {logging_mixin.py:190} INFO - [2025-04-21T15:52:33.977+0000] {dag.py:3239} INFO - Sync 1 DAGs
[2025-04-21T15:52:34.009+0000] {logging_mixin.py:190} INFO - [2025-04-21T15:52:34.008+0000] {dag.py:4180} INFO - Setting next_dagrun for TFL_DATA_DAG to 2025-04-21 00:00:00+00:00, run_after=2025-04-22 00:00:00+00:00
[2025-04-21T15:52:34.034+0000] {processor.py:208} INFO - Processing /opt/airflow/dags/my_dag.py took 0.135 seconds
[2025-04-21T15:53:04.383+0000] {processor.py:186} INFO - Started process (PID=452) to work on /opt/airflow/dags/my_dag.py
[2025-04-21T15:53:04.385+0000] {processor.py:914} INFO - Processing file /opt/airflow/dags/my_dag.py for tasks to queue
[2025-04-21T15:53:04.390+0000] {logging_mixin.py:190} INFO - [2025-04-21T15:53:04.390+0000] {dagbag.py:588} INFO - Filling up the DagBag from /opt/airflow/dags/my_dag.py
[2025-04-21T15:53:04.431+0000] {processor.py:925} INFO - DAG(s) 'TFL_DATA_DAG' retrieved from /opt/airflow/dags/my_dag.py
[2025-04-21T15:53:04.465+0000] {logging_mixin.py:190} INFO - [2025-04-21T15:53:04.465+0000] {dag.py:3239} INFO - Sync 1 DAGs
[2025-04-21T15:53:04.503+0000] {logging_mixin.py:190} INFO - [2025-04-21T15:53:04.502+0000] {dag.py:4180} INFO - Setting next_dagrun for TFL_DATA_DAG to 2025-04-21 00:00:00+00:00, run_after=2025-04-22 00:00:00+00:00
[2025-04-21T15:53:04.539+0000] {processor.py:208} INFO - Processing /opt/airflow/dags/my_dag.py took 0.168 seconds
[2025-04-21T15:53:34.901+0000] {processor.py:186} INFO - Started process (PID=468) to work on /opt/airflow/dags/my_dag.py
[2025-04-21T15:53:34.903+0000] {processor.py:914} INFO - Processing file /opt/airflow/dags/my_dag.py for tasks to queue
[2025-04-21T15:53:34.908+0000] {logging_mixin.py:190} INFO - [2025-04-21T15:53:34.907+0000] {dagbag.py:588} INFO - Filling up the DagBag from /opt/airflow/dags/my_dag.py
[2025-04-21T15:53:34.939+0000] {processor.py:925} INFO - DAG(s) 'TFL_DATA_DAG' retrieved from /opt/airflow/dags/my_dag.py
[2025-04-21T15:53:34.980+0000] {logging_mixin.py:190} INFO - [2025-04-21T15:53:34.979+0000] {dag.py:3239} INFO - Sync 1 DAGs
[2025-04-21T15:53:35.020+0000] {logging_mixin.py:190} INFO - [2025-04-21T15:53:35.019+0000] {dag.py:4180} INFO - Setting next_dagrun for TFL_DATA_DAG to 2025-04-21 00:00:00+00:00, run_after=2025-04-22 00:00:00+00:00
[2025-04-21T15:53:35.051+0000] {processor.py:208} INFO - Processing /opt/airflow/dags/my_dag.py took 0.158 seconds
[2025-04-21T15:54:05.366+0000] {processor.py:186} INFO - Started process (PID=484) to work on /opt/airflow/dags/my_dag.py
[2025-04-21T15:54:05.368+0000] {processor.py:914} INFO - Processing file /opt/airflow/dags/my_dag.py for tasks to queue
[2025-04-21T15:54:05.374+0000] {logging_mixin.py:190} INFO - [2025-04-21T15:54:05.373+0000] {dagbag.py:588} INFO - Filling up the DagBag from /opt/airflow/dags/my_dag.py
[2025-04-21T15:54:05.407+0000] {processor.py:925} INFO - DAG(s) 'TFL_DATA_DAG' retrieved from /opt/airflow/dags/my_dag.py
[2025-04-21T15:54:05.441+0000] {logging_mixin.py:190} INFO - [2025-04-21T15:54:05.441+0000] {dag.py:3239} INFO - Sync 1 DAGs
[2025-04-21T15:54:05.479+0000] {logging_mixin.py:190} INFO - [2025-04-21T15:54:05.479+0000] {dag.py:4180} INFO - Setting next_dagrun for TFL_DATA_DAG to 2025-04-21 00:00:00+00:00, run_after=2025-04-22 00:00:00+00:00
[2025-04-21T15:54:05.504+0000] {processor.py:208} INFO - Processing /opt/airflow/dags/my_dag.py took 0.146 seconds
[2025-04-21T15:54:35.698+0000] {processor.py:186} INFO - Started process (PID=500) to work on /opt/airflow/dags/my_dag.py
[2025-04-21T15:54:35.700+0000] {processor.py:914} INFO - Processing file /opt/airflow/dags/my_dag.py for tasks to queue
[2025-04-21T15:54:35.703+0000] {logging_mixin.py:190} INFO - [2025-04-21T15:54:35.703+0000] {dagbag.py:588} INFO - Filling up the DagBag from /opt/airflow/dags/my_dag.py
[2025-04-21T15:54:35.737+0000] {processor.py:925} INFO - DAG(s) 'TFL_DATA_DAG' retrieved from /opt/airflow/dags/my_dag.py
[2025-04-21T15:54:35.773+0000] {logging_mixin.py:190} INFO - [2025-04-21T15:54:35.773+0000] {dag.py:3239} INFO - Sync 1 DAGs
[2025-04-21T15:54:35.814+0000] {logging_mixin.py:190} INFO - [2025-04-21T15:54:35.813+0000] {dag.py:4180} INFO - Setting next_dagrun for TFL_DATA_DAG to 2025-04-21 00:00:00+00:00, run_after=2025-04-22 00:00:00+00:00
[2025-04-21T15:54:35.844+0000] {processor.py:208} INFO - Processing /opt/airflow/dags/my_dag.py took 0.155 seconds
[2025-04-21T15:55:06.206+0000] {processor.py:186} INFO - Started process (PID=516) to work on /opt/airflow/dags/my_dag.py
[2025-04-21T15:55:06.208+0000] {processor.py:914} INFO - Processing file /opt/airflow/dags/my_dag.py for tasks to queue
[2025-04-21T15:55:06.213+0000] {logging_mixin.py:190} INFO - [2025-04-21T15:55:06.212+0000] {dagbag.py:588} INFO - Filling up the DagBag from /opt/airflow/dags/my_dag.py
[2025-04-21T15:55:06.245+0000] {processor.py:925} INFO - DAG(s) 'TFL_DATA_DAG' retrieved from /opt/airflow/dags/my_dag.py
[2025-04-21T15:55:06.282+0000] {logging_mixin.py:190} INFO - [2025-04-21T15:55:06.281+0000] {dag.py:3239} INFO - Sync 1 DAGs
[2025-04-21T15:55:06.325+0000] {logging_mixin.py:190} INFO - [2025-04-21T15:55:06.325+0000] {dag.py:4180} INFO - Setting next_dagrun for TFL_DATA_DAG to 2025-04-21 00:00:00+00:00, run_after=2025-04-22 00:00:00+00:00
[2025-04-21T15:55:06.351+0000] {processor.py:208} INFO - Processing /opt/airflow/dags/my_dag.py took 0.157 seconds
[2025-04-21T15:55:36.526+0000] {processor.py:186} INFO - Started process (PID=532) to work on /opt/airflow/dags/my_dag.py
[2025-04-21T15:55:36.529+0000] {processor.py:914} INFO - Processing file /opt/airflow/dags/my_dag.py for tasks to queue
[2025-04-21T15:55:36.534+0000] {logging_mixin.py:190} INFO - [2025-04-21T15:55:36.533+0000] {dagbag.py:588} INFO - Filling up the DagBag from /opt/airflow/dags/my_dag.py
[2025-04-21T15:55:36.569+0000] {processor.py:925} INFO - DAG(s) 'TFL_DATA_DAG' retrieved from /opt/airflow/dags/my_dag.py
[2025-04-21T15:55:36.605+0000] {logging_mixin.py:190} INFO - [2025-04-21T15:55:36.605+0000] {dag.py:3239} INFO - Sync 1 DAGs
[2025-04-21T15:55:36.642+0000] {logging_mixin.py:190} INFO - [2025-04-21T15:55:36.642+0000] {dag.py:4180} INFO - Setting next_dagrun for TFL_DATA_DAG to 2025-04-21 00:00:00+00:00, run_after=2025-04-22 00:00:00+00:00
[2025-04-21T15:55:36.669+0000] {processor.py:208} INFO - Processing /opt/airflow/dags/my_dag.py took 0.154 seconds
[2025-04-21T15:56:07.020+0000] {processor.py:186} INFO - Started process (PID=547) to work on /opt/airflow/dags/my_dag.py
[2025-04-21T15:56:07.022+0000] {processor.py:914} INFO - Processing file /opt/airflow/dags/my_dag.py for tasks to queue
[2025-04-21T15:56:07.026+0000] {logging_mixin.py:190} INFO - [2025-04-21T15:56:07.026+0000] {dagbag.py:588} INFO - Filling up the DagBag from /opt/airflow/dags/my_dag.py
[2025-04-21T15:56:07.056+0000] {processor.py:925} INFO - DAG(s) 'TFL_DATA_DAG' retrieved from /opt/airflow/dags/my_dag.py
[2025-04-21T15:56:07.092+0000] {logging_mixin.py:190} INFO - [2025-04-21T15:56:07.091+0000] {dag.py:3239} INFO - Sync 1 DAGs
[2025-04-21T15:56:07.126+0000] {logging_mixin.py:190} INFO - [2025-04-21T15:56:07.126+0000] {dag.py:4180} INFO - Setting next_dagrun for TFL_DATA_DAG to 2025-04-21 00:00:00+00:00, run_after=2025-04-22 00:00:00+00:00
[2025-04-21T15:56:07.154+0000] {processor.py:208} INFO - Processing /opt/airflow/dags/my_dag.py took 0.143 seconds
[2025-04-21T15:56:37.475+0000] {processor.py:186} INFO - Started process (PID=563) to work on /opt/airflow/dags/my_dag.py
[2025-04-21T15:56:37.478+0000] {processor.py:914} INFO - Processing file /opt/airflow/dags/my_dag.py for tasks to queue
[2025-04-21T15:56:37.483+0000] {logging_mixin.py:190} INFO - [2025-04-21T15:56:37.482+0000] {dagbag.py:588} INFO - Filling up the DagBag from /opt/airflow/dags/my_dag.py
[2025-04-21T15:56:37.514+0000] {processor.py:925} INFO - DAG(s) 'TFL_DATA_DAG' retrieved from /opt/airflow/dags/my_dag.py
[2025-04-21T15:56:37.552+0000] {logging_mixin.py:190} INFO - [2025-04-21T15:56:37.552+0000] {dag.py:3239} INFO - Sync 1 DAGs
[2025-04-21T15:56:37.592+0000] {logging_mixin.py:190} INFO - [2025-04-21T15:56:37.592+0000] {dag.py:4180} INFO - Setting next_dagrun for TFL_DATA_DAG to 2025-04-21 00:00:00+00:00, run_after=2025-04-22 00:00:00+00:00
[2025-04-21T15:56:37.621+0000] {processor.py:208} INFO - Processing /opt/airflow/dags/my_dag.py took 0.154 seconds
[2025-04-21T15:57:07.856+0000] {processor.py:186} INFO - Started process (PID=578) to work on /opt/airflow/dags/my_dag.py
[2025-04-21T15:57:07.858+0000] {processor.py:914} INFO - Processing file /opt/airflow/dags/my_dag.py for tasks to queue
[2025-04-21T15:57:07.863+0000] {logging_mixin.py:190} INFO - [2025-04-21T15:57:07.863+0000] {dagbag.py:588} INFO - Filling up the DagBag from /opt/airflow/dags/my_dag.py
[2025-04-21T15:57:07.895+0000] {processor.py:925} INFO - DAG(s) 'TFL_DATA_DAG' retrieved from /opt/airflow/dags/my_dag.py
[2025-04-21T15:57:07.930+0000] {logging_mixin.py:190} INFO - [2025-04-21T15:57:07.929+0000] {dag.py:3239} INFO - Sync 1 DAGs
[2025-04-21T15:57:07.965+0000] {logging_mixin.py:190} INFO - [2025-04-21T15:57:07.965+0000] {dag.py:4180} INFO - Setting next_dagrun for TFL_DATA_DAG to 2025-04-21 00:00:00+00:00, run_after=2025-04-22 00:00:00+00:00
[2025-04-21T15:57:07.993+0000] {processor.py:208} INFO - Processing /opt/airflow/dags/my_dag.py took 0.146 seconds
[2025-04-21T15:57:38.187+0000] {processor.py:186} INFO - Started process (PID=593) to work on /opt/airflow/dags/my_dag.py
[2025-04-21T15:57:38.189+0000] {processor.py:914} INFO - Processing file /opt/airflow/dags/my_dag.py for tasks to queue
[2025-04-21T15:57:38.193+0000] {logging_mixin.py:190} INFO - [2025-04-21T15:57:38.193+0000] {dagbag.py:588} INFO - Filling up the DagBag from /opt/airflow/dags/my_dag.py
[2025-04-21T15:57:38.226+0000] {processor.py:925} INFO - DAG(s) 'TFL_DATA_DAG' retrieved from /opt/airflow/dags/my_dag.py
[2025-04-21T15:57:38.259+0000] {logging_mixin.py:190} INFO - [2025-04-21T15:57:38.258+0000] {dag.py:3239} INFO - Sync 1 DAGs
[2025-04-21T15:57:38.300+0000] {logging_mixin.py:190} INFO - [2025-04-21T15:57:38.300+0000] {dag.py:4180} INFO - Setting next_dagrun for TFL_DATA_DAG to 2025-04-21 00:00:00+00:00, run_after=2025-04-22 00:00:00+00:00
[2025-04-21T15:57:38.336+0000] {processor.py:208} INFO - Processing /opt/airflow/dags/my_dag.py took 0.157 seconds
[2025-04-21T15:58:08.692+0000] {processor.py:186} INFO - Started process (PID=609) to work on /opt/airflow/dags/my_dag.py
[2025-04-21T15:58:08.694+0000] {processor.py:914} INFO - Processing file /opt/airflow/dags/my_dag.py for tasks to queue
[2025-04-21T15:58:08.699+0000] {logging_mixin.py:190} INFO - [2025-04-21T15:58:08.698+0000] {dagbag.py:588} INFO - Filling up the DagBag from /opt/airflow/dags/my_dag.py
[2025-04-21T15:58:08.732+0000] {processor.py:925} INFO - DAG(s) 'TFL_DATA_DAG' retrieved from /opt/airflow/dags/my_dag.py
[2025-04-21T15:58:08.767+0000] {logging_mixin.py:190} INFO - [2025-04-21T15:58:08.767+0000] {dag.py:3239} INFO - Sync 1 DAGs
[2025-04-21T15:58:08.819+0000] {logging_mixin.py:190} INFO - [2025-04-21T15:58:08.818+0000] {dag.py:4180} INFO - Setting next_dagrun for TFL_DATA_DAG to 2025-04-21 00:00:00+00:00, run_after=2025-04-22 00:00:00+00:00
[2025-04-21T15:58:08.850+0000] {processor.py:208} INFO - Processing /opt/airflow/dags/my_dag.py took 0.168 seconds
[2025-04-21T15:58:39.015+0000] {processor.py:186} INFO - Started process (PID=625) to work on /opt/airflow/dags/my_dag.py
[2025-04-21T15:58:39.018+0000] {processor.py:914} INFO - Processing file /opt/airflow/dags/my_dag.py for tasks to queue
[2025-04-21T15:58:39.023+0000] {logging_mixin.py:190} INFO - [2025-04-21T15:58:39.022+0000] {dagbag.py:588} INFO - Filling up the DagBag from /opt/airflow/dags/my_dag.py
[2025-04-21T15:58:39.057+0000] {processor.py:925} INFO - DAG(s) 'TFL_DATA_DAG' retrieved from /opt/airflow/dags/my_dag.py
[2025-04-21T15:58:39.097+0000] {logging_mixin.py:190} INFO - [2025-04-21T15:58:39.097+0000] {dag.py:3239} INFO - Sync 1 DAGs
[2025-04-21T15:58:39.134+0000] {logging_mixin.py:190} INFO - [2025-04-21T15:58:39.134+0000] {dag.py:4180} INFO - Setting next_dagrun for TFL_DATA_DAG to 2025-04-21 00:00:00+00:00, run_after=2025-04-22 00:00:00+00:00
[2025-04-21T15:58:39.165+0000] {processor.py:208} INFO - Processing /opt/airflow/dags/my_dag.py took 0.159 seconds
[2025-04-21T15:59:09.534+0000] {processor.py:186} INFO - Started process (PID=641) to work on /opt/airflow/dags/my_dag.py
[2025-04-21T15:59:09.537+0000] {processor.py:914} INFO - Processing file /opt/airflow/dags/my_dag.py for tasks to queue
[2025-04-21T15:59:09.542+0000] {logging_mixin.py:190} INFO - [2025-04-21T15:59:09.541+0000] {dagbag.py:588} INFO - Filling up the DagBag from /opt/airflow/dags/my_dag.py
[2025-04-21T15:59:09.575+0000] {processor.py:925} INFO - DAG(s) 'TFL_DATA_DAG' retrieved from /opt/airflow/dags/my_dag.py
[2025-04-21T15:59:09.607+0000] {logging_mixin.py:190} INFO - [2025-04-21T15:59:09.607+0000] {dag.py:3239} INFO - Sync 1 DAGs
[2025-04-21T15:59:09.645+0000] {logging_mixin.py:190} INFO - [2025-04-21T15:59:09.644+0000] {dag.py:4180} INFO - Setting next_dagrun for TFL_DATA_DAG to 2025-04-21 00:00:00+00:00, run_after=2025-04-22 00:00:00+00:00
[2025-04-21T15:59:09.674+0000] {processor.py:208} INFO - Processing /opt/airflow/dags/my_dag.py took 0.149 seconds
[2025-04-21T15:59:40.032+0000] {processor.py:186} INFO - Started process (PID=657) to work on /opt/airflow/dags/my_dag.py
[2025-04-21T15:59:40.034+0000] {processor.py:914} INFO - Processing file /opt/airflow/dags/my_dag.py for tasks to queue
[2025-04-21T15:59:40.039+0000] {logging_mixin.py:190} INFO - [2025-04-21T15:59:40.038+0000] {dagbag.py:588} INFO - Filling up the DagBag from /opt/airflow/dags/my_dag.py
[2025-04-21T15:59:40.073+0000] {processor.py:925} INFO - DAG(s) 'TFL_DATA_DAG' retrieved from /opt/airflow/dags/my_dag.py
[2025-04-21T15:59:40.111+0000] {logging_mixin.py:190} INFO - [2025-04-21T15:59:40.111+0000] {dag.py:3239} INFO - Sync 1 DAGs
[2025-04-21T15:59:40.154+0000] {logging_mixin.py:190} INFO - [2025-04-21T15:59:40.154+0000] {dag.py:4180} INFO - Setting next_dagrun for TFL_DATA_DAG to 2025-04-21 00:00:00+00:00, run_after=2025-04-22 00:00:00+00:00
[2025-04-21T15:59:40.181+0000] {processor.py:208} INFO - Processing /opt/airflow/dags/my_dag.py took 0.157 seconds
[2025-04-21T16:00:10.392+0000] {processor.py:186} INFO - Started process (PID=673) to work on /opt/airflow/dags/my_dag.py
[2025-04-21T16:00:10.394+0000] {processor.py:914} INFO - Processing file /opt/airflow/dags/my_dag.py for tasks to queue
[2025-04-21T16:00:10.398+0000] {logging_mixin.py:190} INFO - [2025-04-21T16:00:10.398+0000] {dagbag.py:588} INFO - Filling up the DagBag from /opt/airflow/dags/my_dag.py
[2025-04-21T16:00:10.428+0000] {processor.py:925} INFO - DAG(s) 'TFL_DATA_DAG' retrieved from /opt/airflow/dags/my_dag.py
[2025-04-21T16:00:10.464+0000] {logging_mixin.py:190} INFO - [2025-04-21T16:00:10.463+0000] {dag.py:3239} INFO - Sync 1 DAGs
[2025-04-21T16:00:10.498+0000] {logging_mixin.py:190} INFO - [2025-04-21T16:00:10.498+0000] {dag.py:4180} INFO - Setting next_dagrun for TFL_DATA_DAG to 2025-04-21 00:00:00+00:00, run_after=2025-04-22 00:00:00+00:00
[2025-04-21T16:00:10.528+0000] {processor.py:208} INFO - Processing /opt/airflow/dags/my_dag.py took 0.145 seconds
[2025-04-21T16:00:40.877+0000] {processor.py:186} INFO - Started process (PID=689) to work on /opt/airflow/dags/my_dag.py
[2025-04-21T16:00:40.882+0000] {processor.py:914} INFO - Processing file /opt/airflow/dags/my_dag.py for tasks to queue
[2025-04-21T16:00:40.887+0000] {logging_mixin.py:190} INFO - [2025-04-21T16:00:40.886+0000] {dagbag.py:588} INFO - Filling up the DagBag from /opt/airflow/dags/my_dag.py
[2025-04-21T16:00:40.931+0000] {processor.py:925} INFO - DAG(s) 'TFL_DATA_DAG' retrieved from /opt/airflow/dags/my_dag.py
[2025-04-21T16:00:40.984+0000] {logging_mixin.py:190} INFO - [2025-04-21T16:00:40.984+0000] {dag.py:3239} INFO - Sync 1 DAGs
[2025-04-21T16:00:41.014+0000] {logging_mixin.py:190} INFO - [2025-04-21T16:00:41.014+0000] {dag.py:4180} INFO - Setting next_dagrun for TFL_DATA_DAG to 2025-04-21 00:00:00+00:00, run_after=2025-04-22 00:00:00+00:00
[2025-04-21T16:00:41.040+0000] {processor.py:208} INFO - Processing /opt/airflow/dags/my_dag.py took 0.170 seconds
[2025-04-21T16:01:11.197+0000] {processor.py:186} INFO - Started process (PID=705) to work on /opt/airflow/dags/my_dag.py
[2025-04-21T16:01:11.200+0000] {processor.py:914} INFO - Processing file /opt/airflow/dags/my_dag.py for tasks to queue
[2025-04-21T16:01:11.204+0000] {logging_mixin.py:190} INFO - [2025-04-21T16:01:11.204+0000] {dagbag.py:588} INFO - Filling up the DagBag from /opt/airflow/dags/my_dag.py
[2025-04-21T16:01:11.237+0000] {processor.py:925} INFO - DAG(s) 'TFL_DATA_DAG' retrieved from /opt/airflow/dags/my_dag.py
[2025-04-21T16:01:11.276+0000] {logging_mixin.py:190} INFO - [2025-04-21T16:01:11.276+0000] {dag.py:3239} INFO - Sync 1 DAGs
[2025-04-21T16:01:11.312+0000] {logging_mixin.py:190} INFO - [2025-04-21T16:01:11.311+0000] {dag.py:4180} INFO - Setting next_dagrun for TFL_DATA_DAG to 2025-04-21 00:00:00+00:00, run_after=2025-04-22 00:00:00+00:00
[2025-04-21T16:01:11.345+0000] {processor.py:208} INFO - Processing /opt/airflow/dags/my_dag.py took 0.157 seconds
[2025-04-21T16:01:41.770+0000] {processor.py:186} INFO - Started process (PID=721) to work on /opt/airflow/dags/my_dag.py
[2025-04-21T16:01:41.773+0000] {processor.py:914} INFO - Processing file /opt/airflow/dags/my_dag.py for tasks to queue
[2025-04-21T16:01:41.778+0000] {logging_mixin.py:190} INFO - [2025-04-21T16:01:41.777+0000] {dagbag.py:588} INFO - Filling up the DagBag from /opt/airflow/dags/my_dag.py
[2025-04-21T16:01:41.832+0000] {processor.py:925} INFO - DAG(s) 'TFL_DATA_DAG' retrieved from /opt/airflow/dags/my_dag.py
[2025-04-21T16:01:41.865+0000] {logging_mixin.py:190} INFO - [2025-04-21T16:01:41.865+0000] {dag.py:3239} INFO - Sync 1 DAGs
[2025-04-21T16:01:41.894+0000] {logging_mixin.py:190} INFO - [2025-04-21T16:01:41.894+0000] {dag.py:4180} INFO - Setting next_dagrun for TFL_DATA_DAG to 2025-04-21 00:00:00+00:00, run_after=2025-04-22 00:00:00+00:00
[2025-04-21T16:01:41.920+0000] {processor.py:208} INFO - Processing /opt/airflow/dags/my_dag.py took 0.162 seconds
[2025-04-21T16:02:12.359+0000] {processor.py:186} INFO - Started process (PID=737) to work on /opt/airflow/dags/my_dag.py
[2025-04-21T16:02:12.361+0000] {processor.py:914} INFO - Processing file /opt/airflow/dags/my_dag.py for tasks to queue
[2025-04-21T16:02:12.366+0000] {logging_mixin.py:190} INFO - [2025-04-21T16:02:12.365+0000] {dagbag.py:588} INFO - Filling up the DagBag from /opt/airflow/dags/my_dag.py
[2025-04-21T16:02:12.401+0000] {processor.py:925} INFO - DAG(s) 'TFL_DATA_DAG' retrieved from /opt/airflow/dags/my_dag.py
[2025-04-21T16:02:12.436+0000] {logging_mixin.py:190} INFO - [2025-04-21T16:02:12.435+0000] {dag.py:3239} INFO - Sync 1 DAGs
[2025-04-21T16:02:12.471+0000] {logging_mixin.py:190} INFO - [2025-04-21T16:02:12.471+0000] {dag.py:4180} INFO - Setting next_dagrun for TFL_DATA_DAG to 2025-04-21 00:00:00+00:00, run_after=2025-04-22 00:00:00+00:00
[2025-04-21T16:02:12.499+0000] {processor.py:208} INFO - Processing /opt/airflow/dags/my_dag.py took 0.150 seconds
[2025-04-21T16:02:42.863+0000] {processor.py:186} INFO - Started process (PID=753) to work on /opt/airflow/dags/my_dag.py
[2025-04-21T16:02:42.865+0000] {processor.py:914} INFO - Processing file /opt/airflow/dags/my_dag.py for tasks to queue
[2025-04-21T16:02:42.869+0000] {logging_mixin.py:190} INFO - [2025-04-21T16:02:42.869+0000] {dagbag.py:588} INFO - Filling up the DagBag from /opt/airflow/dags/my_dag.py
[2025-04-21T16:02:42.902+0000] {processor.py:925} INFO - DAG(s) 'TFL_DATA_DAG' retrieved from /opt/airflow/dags/my_dag.py
[2025-04-21T16:02:42.935+0000] {logging_mixin.py:190} INFO - [2025-04-21T16:02:42.934+0000] {dag.py:3239} INFO - Sync 1 DAGs
[2025-04-21T16:02:42.966+0000] {logging_mixin.py:190} INFO - [2025-04-21T16:02:42.966+0000] {dag.py:4180} INFO - Setting next_dagrun for TFL_DATA_DAG to 2025-04-21 00:00:00+00:00, run_after=2025-04-22 00:00:00+00:00
[2025-04-21T16:02:42.994+0000] {processor.py:208} INFO - Processing /opt/airflow/dags/my_dag.py took 0.140 seconds
[2025-04-21T16:03:13.184+0000] {processor.py:186} INFO - Started process (PID=768) to work on /opt/airflow/dags/my_dag.py
[2025-04-21T16:03:13.188+0000] {processor.py:914} INFO - Processing file /opt/airflow/dags/my_dag.py for tasks to queue
[2025-04-21T16:03:13.192+0000] {logging_mixin.py:190} INFO - [2025-04-21T16:03:13.191+0000] {dagbag.py:588} INFO - Filling up the DagBag from /opt/airflow/dags/my_dag.py
[2025-04-21T16:03:13.220+0000] {processor.py:925} INFO - DAG(s) 'TFL_DATA_DAG' retrieved from /opt/airflow/dags/my_dag.py
[2025-04-21T16:03:13.262+0000] {logging_mixin.py:190} INFO - [2025-04-21T16:03:13.262+0000] {dag.py:3239} INFO - Sync 1 DAGs
[2025-04-21T16:03:13.301+0000] {logging_mixin.py:190} INFO - [2025-04-21T16:03:13.300+0000] {dag.py:4180} INFO - Setting next_dagrun for TFL_DATA_DAG to 2025-04-21 00:00:00+00:00, run_after=2025-04-22 00:00:00+00:00
[2025-04-21T16:03:13.329+0000] {processor.py:208} INFO - Processing /opt/airflow/dags/my_dag.py took 0.153 seconds
[2025-04-21T16:03:43.625+0000] {processor.py:186} INFO - Started process (PID=784) to work on /opt/airflow/dags/my_dag.py
[2025-04-21T16:03:43.627+0000] {processor.py:914} INFO - Processing file /opt/airflow/dags/my_dag.py for tasks to queue
[2025-04-21T16:03:43.633+0000] {logging_mixin.py:190} INFO - [2025-04-21T16:03:43.632+0000] {dagbag.py:588} INFO - Filling up the DagBag from /opt/airflow/dags/my_dag.py
[2025-04-21T16:03:43.668+0000] {processor.py:925} INFO - DAG(s) 'TFL_DATA_DAG' retrieved from /opt/airflow/dags/my_dag.py
[2025-04-21T16:03:43.707+0000] {logging_mixin.py:190} INFO - [2025-04-21T16:03:43.707+0000] {dag.py:3239} INFO - Sync 1 DAGs
[2025-04-21T16:03:43.751+0000] {logging_mixin.py:190} INFO - [2025-04-21T16:03:43.751+0000] {dag.py:4180} INFO - Setting next_dagrun for TFL_DATA_DAG to 2025-04-21 00:00:00+00:00, run_after=2025-04-22 00:00:00+00:00
[2025-04-21T16:03:43.785+0000] {processor.py:208} INFO - Processing /opt/airflow/dags/my_dag.py took 0.170 seconds
[2025-04-21T16:04:14.162+0000] {processor.py:186} INFO - Started process (PID=800) to work on /opt/airflow/dags/my_dag.py
[2025-04-21T16:04:14.164+0000] {processor.py:914} INFO - Processing file /opt/airflow/dags/my_dag.py for tasks to queue
[2025-04-21T16:04:14.169+0000] {logging_mixin.py:190} INFO - [2025-04-21T16:04:14.168+0000] {dagbag.py:588} INFO - Filling up the DagBag from /opt/airflow/dags/my_dag.py
[2025-04-21T16:04:14.199+0000] {processor.py:925} INFO - DAG(s) 'TFL_DATA_DAG' retrieved from /opt/airflow/dags/my_dag.py
[2025-04-21T16:04:14.236+0000] {logging_mixin.py:190} INFO - [2025-04-21T16:04:14.236+0000] {dag.py:3239} INFO - Sync 1 DAGs
[2025-04-21T16:04:14.266+0000] {logging_mixin.py:190} INFO - [2025-04-21T16:04:14.266+0000] {dag.py:4180} INFO - Setting next_dagrun for TFL_DATA_DAG to 2025-04-21 00:00:00+00:00, run_after=2025-04-22 00:00:00+00:00
[2025-04-21T16:04:14.293+0000] {processor.py:208} INFO - Processing /opt/airflow/dags/my_dag.py took 0.141 seconds
[2025-04-21T16:04:44.648+0000] {processor.py:186} INFO - Started process (PID=816) to work on /opt/airflow/dags/my_dag.py
[2025-04-21T16:04:44.651+0000] {processor.py:914} INFO - Processing file /opt/airflow/dags/my_dag.py for tasks to queue
[2025-04-21T16:04:44.656+0000] {logging_mixin.py:190} INFO - [2025-04-21T16:04:44.655+0000] {dagbag.py:588} INFO - Filling up the DagBag from /opt/airflow/dags/my_dag.py
[2025-04-21T16:04:44.693+0000] {processor.py:925} INFO - DAG(s) 'TFL_DATA_DAG' retrieved from /opt/airflow/dags/my_dag.py
[2025-04-21T16:04:44.732+0000] {logging_mixin.py:190} INFO - [2025-04-21T16:04:44.732+0000] {dag.py:3239} INFO - Sync 1 DAGs
[2025-04-21T16:04:44.766+0000] {logging_mixin.py:190} INFO - [2025-04-21T16:04:44.765+0000] {dag.py:4180} INFO - Setting next_dagrun for TFL_DATA_DAG to 2025-04-21 00:00:00+00:00, run_after=2025-04-22 00:00:00+00:00
[2025-04-21T16:04:44.794+0000] {processor.py:208} INFO - Processing /opt/airflow/dags/my_dag.py took 0.154 seconds
[2025-04-21T16:05:15.202+0000] {processor.py:186} INFO - Started process (PID=832) to work on /opt/airflow/dags/my_dag.py
[2025-04-21T16:05:15.204+0000] {processor.py:914} INFO - Processing file /opt/airflow/dags/my_dag.py for tasks to queue
[2025-04-21T16:05:15.211+0000] {logging_mixin.py:190} INFO - [2025-04-21T16:05:15.210+0000] {dagbag.py:588} INFO - Filling up the DagBag from /opt/airflow/dags/my_dag.py
[2025-04-21T16:05:15.246+0000] {processor.py:925} INFO - DAG(s) 'TFL_DATA_DAG' retrieved from /opt/airflow/dags/my_dag.py
[2025-04-21T16:05:15.276+0000] {logging_mixin.py:190} INFO - [2025-04-21T16:05:15.276+0000] {dag.py:3239} INFO - Sync 1 DAGs
[2025-04-21T16:05:15.314+0000] {logging_mixin.py:190} INFO - [2025-04-21T16:05:15.314+0000] {dag.py:4180} INFO - Setting next_dagrun for TFL_DATA_DAG to 2025-04-21 00:00:00+00:00, run_after=2025-04-22 00:00:00+00:00
[2025-04-21T16:05:15.344+0000] {processor.py:208} INFO - Processing /opt/airflow/dags/my_dag.py took 0.150 seconds
[2025-04-21T16:05:45.733+0000] {processor.py:186} INFO - Started process (PID=848) to work on /opt/airflow/dags/my_dag.py
[2025-04-21T16:05:45.738+0000] {processor.py:914} INFO - Processing file /opt/airflow/dags/my_dag.py for tasks to queue
[2025-04-21T16:05:45.742+0000] {logging_mixin.py:190} INFO - [2025-04-21T16:05:45.742+0000] {dagbag.py:588} INFO - Filling up the DagBag from /opt/airflow/dags/my_dag.py
[2025-04-21T16:05:45.779+0000] {processor.py:925} INFO - DAG(s) 'TFL_DATA_DAG' retrieved from /opt/airflow/dags/my_dag.py
[2025-04-21T16:05:45.814+0000] {logging_mixin.py:190} INFO - [2025-04-21T16:05:45.814+0000] {dag.py:3239} INFO - Sync 1 DAGs
[2025-04-21T16:05:45.852+0000] {logging_mixin.py:190} INFO - [2025-04-21T16:05:45.851+0000] {dag.py:4180} INFO - Setting next_dagrun for TFL_DATA_DAG to 2025-04-21 00:00:00+00:00, run_after=2025-04-22 00:00:00+00:00
[2025-04-21T16:05:45.878+0000] {processor.py:208} INFO - Processing /opt/airflow/dags/my_dag.py took 0.160 seconds
[2025-04-21T16:06:16.090+0000] {processor.py:186} INFO - Started process (PID=864) to work on /opt/airflow/dags/my_dag.py
[2025-04-21T16:06:16.092+0000] {processor.py:914} INFO - Processing file /opt/airflow/dags/my_dag.py for tasks to queue
[2025-04-21T16:06:16.094+0000] {logging_mixin.py:190} INFO - [2025-04-21T16:06:16.093+0000] {dagbag.py:588} INFO - Filling up the DagBag from /opt/airflow/dags/my_dag.py
[2025-04-21T16:06:16.126+0000] {processor.py:925} INFO - DAG(s) 'TFL_DATA_DAG' retrieved from /opt/airflow/dags/my_dag.py
[2025-04-21T16:06:16.144+0000] {logging_mixin.py:190} INFO - [2025-04-21T16:06:16.144+0000] {dag.py:3239} INFO - Sync 1 DAGs
[2025-04-21T16:06:16.159+0000] {logging_mixin.py:190} INFO - [2025-04-21T16:06:16.159+0000] {dag.py:4180} INFO - Setting next_dagrun for TFL_DATA_DAG to 2025-04-21 00:00:00+00:00, run_after=2025-04-22 00:00:00+00:00
[2025-04-21T16:06:16.173+0000] {processor.py:208} INFO - Processing /opt/airflow/dags/my_dag.py took 0.087 seconds
[2025-04-21T16:06:46.418+0000] {processor.py:186} INFO - Started process (PID=880) to work on /opt/airflow/dags/my_dag.py
[2025-04-21T16:06:46.424+0000] {processor.py:914} INFO - Processing file /opt/airflow/dags/my_dag.py for tasks to queue
[2025-04-21T16:06:46.426+0000] {logging_mixin.py:190} INFO - [2025-04-21T16:06:46.426+0000] {dagbag.py:588} INFO - Filling up the DagBag from /opt/airflow/dags/my_dag.py
[2025-04-21T16:06:46.458+0000] {processor.py:925} INFO - DAG(s) 'TFL_DATA_DAG' retrieved from /opt/airflow/dags/my_dag.py
[2025-04-21T16:06:46.473+0000] {logging_mixin.py:190} INFO - [2025-04-21T16:06:46.473+0000] {dag.py:3239} INFO - Sync 1 DAGs
[2025-04-21T16:06:46.488+0000] {logging_mixin.py:190} INFO - [2025-04-21T16:06:46.488+0000] {dag.py:4180} INFO - Setting next_dagrun for TFL_DATA_DAG to 2025-04-21 00:00:00+00:00, run_after=2025-04-22 00:00:00+00:00
[2025-04-21T16:06:46.501+0000] {processor.py:208} INFO - Processing /opt/airflow/dags/my_dag.py took 0.087 seconds
[2025-04-21T16:07:16.807+0000] {processor.py:186} INFO - Started process (PID=896) to work on /opt/airflow/dags/my_dag.py
[2025-04-21T16:07:16.809+0000] {processor.py:914} INFO - Processing file /opt/airflow/dags/my_dag.py for tasks to queue
[2025-04-21T16:07:16.813+0000] {logging_mixin.py:190} INFO - [2025-04-21T16:07:16.813+0000] {dagbag.py:588} INFO - Filling up the DagBag from /opt/airflow/dags/my_dag.py
[2025-04-21T16:07:16.853+0000] {processor.py:925} INFO - DAG(s) 'TFL_DATA_DAG' retrieved from /opt/airflow/dags/my_dag.py
[2025-04-21T16:07:16.868+0000] {logging_mixin.py:190} INFO - [2025-04-21T16:07:16.868+0000] {dag.py:3239} INFO - Sync 1 DAGs
[2025-04-21T16:07:16.882+0000] {logging_mixin.py:190} INFO - [2025-04-21T16:07:16.881+0000] {dag.py:4180} INFO - Setting next_dagrun for TFL_DATA_DAG to 2025-04-21 00:00:00+00:00, run_after=2025-04-22 00:00:00+00:00
[2025-04-21T16:07:16.896+0000] {processor.py:208} INFO - Processing /opt/airflow/dags/my_dag.py took 0.093 seconds
[2025-04-21T16:07:47.120+0000] {processor.py:186} INFO - Started process (PID=912) to work on /opt/airflow/dags/my_dag.py
[2025-04-21T16:07:47.122+0000] {processor.py:914} INFO - Processing file /opt/airflow/dags/my_dag.py for tasks to queue
[2025-04-21T16:07:47.127+0000] {logging_mixin.py:190} INFO - [2025-04-21T16:07:47.127+0000] {dagbag.py:588} INFO - Filling up the DagBag from /opt/airflow/dags/my_dag.py
[2025-04-21T16:07:47.155+0000] {processor.py:925} INFO - DAG(s) 'TFL_DATA_DAG' retrieved from /opt/airflow/dags/my_dag.py
[2025-04-21T16:07:47.170+0000] {logging_mixin.py:190} INFO - [2025-04-21T16:07:47.170+0000] {dag.py:3239} INFO - Sync 1 DAGs
[2025-04-21T16:07:47.183+0000] {logging_mixin.py:190} INFO - [2025-04-21T16:07:47.183+0000] {dag.py:4180} INFO - Setting next_dagrun for TFL_DATA_DAG to 2025-04-21 00:00:00+00:00, run_after=2025-04-22 00:00:00+00:00
[2025-04-21T16:07:47.198+0000] {processor.py:208} INFO - Processing /opt/airflow/dags/my_dag.py took 0.082 seconds
[2025-04-21T16:08:17.441+0000] {processor.py:186} INFO - Started process (PID=928) to work on /opt/airflow/dags/my_dag.py
[2025-04-21T16:08:17.443+0000] {processor.py:914} INFO - Processing file /opt/airflow/dags/my_dag.py for tasks to queue
[2025-04-21T16:08:17.445+0000] {logging_mixin.py:190} INFO - [2025-04-21T16:08:17.444+0000] {dagbag.py:588} INFO - Filling up the DagBag from /opt/airflow/dags/my_dag.py
[2025-04-21T16:08:17.463+0000] {processor.py:925} INFO - DAG(s) 'TFL_DATA_DAG' retrieved from /opt/airflow/dags/my_dag.py
[2025-04-21T16:08:17.476+0000] {logging_mixin.py:190} INFO - [2025-04-21T16:08:17.476+0000] {dag.py:3239} INFO - Sync 1 DAGs
[2025-04-21T16:08:17.489+0000] {logging_mixin.py:190} INFO - [2025-04-21T16:08:17.489+0000] {dag.py:4180} INFO - Setting next_dagrun for TFL_DATA_DAG to 2025-04-21 00:00:00+00:00, run_after=2025-04-22 00:00:00+00:00
[2025-04-21T16:08:17.502+0000] {processor.py:208} INFO - Processing /opt/airflow/dags/my_dag.py took 0.064 seconds
[2025-04-21T16:08:47.679+0000] {processor.py:186} INFO - Started process (PID=944) to work on /opt/airflow/dags/my_dag.py
[2025-04-21T16:08:47.680+0000] {processor.py:914} INFO - Processing file /opt/airflow/dags/my_dag.py for tasks to queue
[2025-04-21T16:08:47.683+0000] {logging_mixin.py:190} INFO - [2025-04-21T16:08:47.682+0000] {dagbag.py:588} INFO - Filling up the DagBag from /opt/airflow/dags/my_dag.py
[2025-04-21T16:08:47.711+0000] {processor.py:925} INFO - DAG(s) 'TFL_DATA_DAG' retrieved from /opt/airflow/dags/my_dag.py
[2025-04-21T16:08:47.727+0000] {logging_mixin.py:190} INFO - [2025-04-21T16:08:47.726+0000] {dag.py:3239} INFO - Sync 1 DAGs
[2025-04-21T16:08:47.743+0000] {logging_mixin.py:190} INFO - [2025-04-21T16:08:47.743+0000] {dag.py:4180} INFO - Setting next_dagrun for TFL_DATA_DAG to 2025-04-21 00:00:00+00:00, run_after=2025-04-22 00:00:00+00:00
[2025-04-21T16:08:47.756+0000] {processor.py:208} INFO - Processing /opt/airflow/dags/my_dag.py took 0.081 seconds
[2025-04-21T16:09:17.971+0000] {processor.py:186} INFO - Started process (PID=966) to work on /opt/airflow/dags/my_dag.py
[2025-04-21T16:09:17.972+0000] {processor.py:914} INFO - Processing file /opt/airflow/dags/my_dag.py for tasks to queue
[2025-04-21T16:09:17.974+0000] {logging_mixin.py:190} INFO - [2025-04-21T16:09:17.974+0000] {dagbag.py:588} INFO - Filling up the DagBag from /opt/airflow/dags/my_dag.py
[2025-04-21T16:09:17.987+0000] {processor.py:925} INFO - DAG(s) 'TFL_DATA_DAG' retrieved from /opt/airflow/dags/my_dag.py
[2025-04-21T16:09:18.003+0000] {logging_mixin.py:190} INFO - [2025-04-21T16:09:18.003+0000] {dag.py:3239} INFO - Sync 1 DAGs
[2025-04-21T16:09:18.018+0000] {logging_mixin.py:190} INFO - [2025-04-21T16:09:18.018+0000] {dag.py:4180} INFO - Setting next_dagrun for TFL_DATA_DAG to 2025-04-21 00:00:00+00:00, run_after=2025-04-22 00:00:00+00:00
[2025-04-21T16:09:18.033+0000] {processor.py:208} INFO - Processing /opt/airflow/dags/my_dag.py took 0.065 seconds
[2025-04-21T16:09:48.211+0000] {processor.py:186} INFO - Started process (PID=982) to work on /opt/airflow/dags/my_dag.py
[2025-04-21T16:09:48.212+0000] {processor.py:914} INFO - Processing file /opt/airflow/dags/my_dag.py for tasks to queue
[2025-04-21T16:09:48.215+0000] {logging_mixin.py:190} INFO - [2025-04-21T16:09:48.214+0000] {dagbag.py:588} INFO - Filling up the DagBag from /opt/airflow/dags/my_dag.py
[2025-04-21T16:09:48.245+0000] {processor.py:925} INFO - DAG(s) 'TFL_DATA_DAG' retrieved from /opt/airflow/dags/my_dag.py
[2025-04-21T16:09:48.260+0000] {logging_mixin.py:190} INFO - [2025-04-21T16:09:48.260+0000] {dag.py:3239} INFO - Sync 1 DAGs
[2025-04-21T16:09:48.276+0000] {logging_mixin.py:190} INFO - [2025-04-21T16:09:48.276+0000] {dag.py:4180} INFO - Setting next_dagrun for TFL_DATA_DAG to 2025-04-21 00:00:00+00:00, run_after=2025-04-22 00:00:00+00:00
[2025-04-21T16:09:48.290+0000] {processor.py:208} INFO - Processing /opt/airflow/dags/my_dag.py took 0.083 seconds
[2025-04-21T16:10:18.401+0000] {processor.py:186} INFO - Started process (PID=998) to work on /opt/airflow/dags/my_dag.py
[2025-04-21T16:10:18.402+0000] {processor.py:914} INFO - Processing file /opt/airflow/dags/my_dag.py for tasks to queue
[2025-04-21T16:10:18.404+0000] {logging_mixin.py:190} INFO - [2025-04-21T16:10:18.403+0000] {dagbag.py:588} INFO - Filling up the DagBag from /opt/airflow/dags/my_dag.py
[2025-04-21T16:10:18.416+0000] {processor.py:925} INFO - DAG(s) 'TFL_DATA_DAG' retrieved from /opt/airflow/dags/my_dag.py
[2025-04-21T16:10:18.429+0000] {logging_mixin.py:190} INFO - [2025-04-21T16:10:18.429+0000] {dag.py:3239} INFO - Sync 1 DAGs
[2025-04-21T16:10:18.442+0000] {logging_mixin.py:190} INFO - [2025-04-21T16:10:18.442+0000] {dag.py:4180} INFO - Setting next_dagrun for TFL_DATA_DAG to 2025-04-21 00:00:00+00:00, run_after=2025-04-22 00:00:00+00:00
[2025-04-21T16:10:18.456+0000] {processor.py:208} INFO - Processing /opt/airflow/dags/my_dag.py took 0.058 seconds
[2025-04-21T16:10:48.694+0000] {processor.py:186} INFO - Started process (PID=1014) to work on /opt/airflow/dags/my_dag.py
[2025-04-21T16:10:48.695+0000] {processor.py:914} INFO - Processing file /opt/airflow/dags/my_dag.py for tasks to queue
[2025-04-21T16:10:48.697+0000] {logging_mixin.py:190} INFO - [2025-04-21T16:10:48.697+0000] {dagbag.py:588} INFO - Filling up the DagBag from /opt/airflow/dags/my_dag.py
[2025-04-21T16:10:48.722+0000] {processor.py:925} INFO - DAG(s) 'TFL_DATA_DAG' retrieved from /opt/airflow/dags/my_dag.py
[2025-04-21T16:10:48.737+0000] {logging_mixin.py:190} INFO - [2025-04-21T16:10:48.737+0000] {dag.py:3239} INFO - Sync 1 DAGs
[2025-04-21T16:10:48.753+0000] {logging_mixin.py:190} INFO - [2025-04-21T16:10:48.752+0000] {dag.py:4180} INFO - Setting next_dagrun for TFL_DATA_DAG to 2025-04-21 00:00:00+00:00, run_after=2025-04-22 00:00:00+00:00
[2025-04-21T16:10:48.767+0000] {processor.py:208} INFO - Processing /opt/airflow/dags/my_dag.py took 0.077 seconds
[2025-04-21T16:11:18.993+0000] {processor.py:186} INFO - Started process (PID=1030) to work on /opt/airflow/dags/my_dag.py
[2025-04-21T16:11:18.994+0000] {processor.py:914} INFO - Processing file /opt/airflow/dags/my_dag.py for tasks to queue
[2025-04-21T16:11:18.996+0000] {logging_mixin.py:190} INFO - [2025-04-21T16:11:18.996+0000] {dagbag.py:588} INFO - Filling up the DagBag from /opt/airflow/dags/my_dag.py
[2025-04-21T16:11:19.021+0000] {processor.py:925} INFO - DAG(s) 'TFL_DATA_DAG' retrieved from /opt/airflow/dags/my_dag.py
[2025-04-21T16:11:19.035+0000] {logging_mixin.py:190} INFO - [2025-04-21T16:11:19.035+0000] {dag.py:3239} INFO - Sync 1 DAGs
[2025-04-21T16:11:19.052+0000] {logging_mixin.py:190} INFO - [2025-04-21T16:11:19.051+0000] {dag.py:4180} INFO - Setting next_dagrun for TFL_DATA_DAG to 2025-04-21 00:00:00+00:00, run_after=2025-04-22 00:00:00+00:00
[2025-04-21T16:11:19.065+0000] {processor.py:208} INFO - Processing /opt/airflow/dags/my_dag.py took 0.076 seconds
[2025-04-21T16:11:49.323+0000] {processor.py:186} INFO - Started process (PID=1046) to work on /opt/airflow/dags/my_dag.py
[2025-04-21T16:11:49.326+0000] {processor.py:914} INFO - Processing file /opt/airflow/dags/my_dag.py for tasks to queue
[2025-04-21T16:11:49.328+0000] {logging_mixin.py:190} INFO - [2025-04-21T16:11:49.328+0000] {dagbag.py:588} INFO - Filling up the DagBag from /opt/airflow/dags/my_dag.py
[2025-04-21T16:11:49.343+0000] {processor.py:925} INFO - DAG(s) 'TFL_DATA_DAG' retrieved from /opt/airflow/dags/my_dag.py
[2025-04-21T16:11:49.357+0000] {logging_mixin.py:190} INFO - [2025-04-21T16:11:49.357+0000] {dag.py:3239} INFO - Sync 1 DAGs
[2025-04-21T16:11:49.371+0000] {logging_mixin.py:190} INFO - [2025-04-21T16:11:49.371+0000] {dag.py:4180} INFO - Setting next_dagrun for TFL_DATA_DAG to 2025-04-21 00:00:00+00:00, run_after=2025-04-22 00:00:00+00:00
[2025-04-21T16:11:49.384+0000] {processor.py:208} INFO - Processing /opt/airflow/dags/my_dag.py took 0.064 seconds
[2025-04-21T16:12:19.567+0000] {processor.py:186} INFO - Started process (PID=1062) to work on /opt/airflow/dags/my_dag.py
[2025-04-21T16:12:19.569+0000] {processor.py:914} INFO - Processing file /opt/airflow/dags/my_dag.py for tasks to queue
[2025-04-21T16:12:19.571+0000] {logging_mixin.py:190} INFO - [2025-04-21T16:12:19.570+0000] {dagbag.py:588} INFO - Filling up the DagBag from /opt/airflow/dags/my_dag.py
[2025-04-21T16:12:19.583+0000] {processor.py:925} INFO - DAG(s) 'TFL_DATA_DAG' retrieved from /opt/airflow/dags/my_dag.py
[2025-04-21T16:12:19.596+0000] {logging_mixin.py:190} INFO - [2025-04-21T16:12:19.595+0000] {dag.py:3239} INFO - Sync 1 DAGs
[2025-04-21T16:12:19.610+0000] {logging_mixin.py:190} INFO - [2025-04-21T16:12:19.610+0000] {dag.py:4180} INFO - Setting next_dagrun for TFL_DATA_DAG to 2025-04-21 00:00:00+00:00, run_after=2025-04-22 00:00:00+00:00
[2025-04-21T16:12:19.625+0000] {processor.py:208} INFO - Processing /opt/airflow/dags/my_dag.py took 0.061 seconds
[2025-04-21T16:12:49.902+0000] {processor.py:186} INFO - Started process (PID=1078) to work on /opt/airflow/dags/my_dag.py
[2025-04-21T16:12:49.907+0000] {processor.py:914} INFO - Processing file /opt/airflow/dags/my_dag.py for tasks to queue
[2025-04-21T16:12:49.912+0000] {logging_mixin.py:190} INFO - [2025-04-21T16:12:49.911+0000] {dagbag.py:588} INFO - Filling up the DagBag from /opt/airflow/dags/my_dag.py
[2025-04-21T16:12:49.931+0000] {processor.py:925} INFO - DAG(s) 'TFL_DATA_DAG' retrieved from /opt/airflow/dags/my_dag.py
[2025-04-21T16:12:49.944+0000] {logging_mixin.py:190} INFO - [2025-04-21T16:12:49.944+0000] {dag.py:3239} INFO - Sync 1 DAGs
[2025-04-21T16:12:49.959+0000] {logging_mixin.py:190} INFO - [2025-04-21T16:12:49.959+0000] {dag.py:4180} INFO - Setting next_dagrun for TFL_DATA_DAG to 2025-04-21 00:00:00+00:00, run_after=2025-04-22 00:00:00+00:00
[2025-04-21T16:12:49.972+0000] {processor.py:208} INFO - Processing /opt/airflow/dags/my_dag.py took 0.075 seconds
[2025-04-21T16:13:20.066+0000] {processor.py:186} INFO - Started process (PID=1094) to work on /opt/airflow/dags/my_dag.py
[2025-04-21T16:13:20.070+0000] {processor.py:914} INFO - Processing file /opt/airflow/dags/my_dag.py for tasks to queue
[2025-04-21T16:13:20.072+0000] {logging_mixin.py:190} INFO - [2025-04-21T16:13:20.072+0000] {dagbag.py:588} INFO - Filling up the DagBag from /opt/airflow/dags/my_dag.py
[2025-04-21T16:13:20.104+0000] {processor.py:925} INFO - DAG(s) 'TFL_DATA_DAG' retrieved from /opt/airflow/dags/my_dag.py
[2025-04-21T16:13:20.118+0000] {logging_mixin.py:190} INFO - [2025-04-21T16:13:20.118+0000] {dag.py:3239} INFO - Sync 1 DAGs
[2025-04-21T16:13:20.131+0000] {logging_mixin.py:190} INFO - [2025-04-21T16:13:20.131+0000] {dag.py:4180} INFO - Setting next_dagrun for TFL_DATA_DAG to 2025-04-21 00:00:00+00:00, run_after=2025-04-22 00:00:00+00:00
[2025-04-21T16:13:20.144+0000] {processor.py:208} INFO - Processing /opt/airflow/dags/my_dag.py took 0.082 seconds
[2025-04-21T16:13:50.371+0000] {processor.py:186} INFO - Started process (PID=1109) to work on /opt/airflow/dags/my_dag.py
[2025-04-21T16:13:50.372+0000] {processor.py:914} INFO - Processing file /opt/airflow/dags/my_dag.py for tasks to queue
[2025-04-21T16:13:50.373+0000] {logging_mixin.py:190} INFO - [2025-04-21T16:13:50.373+0000] {dagbag.py:588} INFO - Filling up the DagBag from /opt/airflow/dags/my_dag.py
[2025-04-21T16:13:50.386+0000] {processor.py:925} INFO - DAG(s) 'TFL_DATA_DAG' retrieved from /opt/airflow/dags/my_dag.py
[2025-04-21T16:13:50.403+0000] {logging_mixin.py:190} INFO - [2025-04-21T16:13:50.402+0000] {dag.py:3239} INFO - Sync 1 DAGs
[2025-04-21T16:13:50.425+0000] {logging_mixin.py:190} INFO - [2025-04-21T16:13:50.425+0000] {dag.py:4180} INFO - Setting next_dagrun for TFL_DATA_DAG to 2025-04-21 00:00:00+00:00, run_after=2025-04-22 00:00:00+00:00
[2025-04-21T16:13:50.440+0000] {processor.py:208} INFO - Processing /opt/airflow/dags/my_dag.py took 0.072 seconds
[2025-04-21T16:14:20.609+0000] {processor.py:186} INFO - Started process (PID=1125) to work on /opt/airflow/dags/my_dag.py
[2025-04-21T16:14:20.612+0000] {processor.py:914} INFO - Processing file /opt/airflow/dags/my_dag.py for tasks to queue
[2025-04-21T16:14:20.615+0000] {logging_mixin.py:190} INFO - [2025-04-21T16:14:20.615+0000] {dagbag.py:588} INFO - Filling up the DagBag from /opt/airflow/dags/my_dag.py
[2025-04-21T16:14:20.632+0000] {processor.py:925} INFO - DAG(s) 'TFL_DATA_DAG' retrieved from /opt/airflow/dags/my_dag.py
[2025-04-21T16:14:20.647+0000] {logging_mixin.py:190} INFO - [2025-04-21T16:14:20.647+0000] {dag.py:3239} INFO - Sync 1 DAGs
[2025-04-21T16:14:20.664+0000] {logging_mixin.py:190} INFO - [2025-04-21T16:14:20.663+0000] {dag.py:4180} INFO - Setting next_dagrun for TFL_DATA_DAG to 2025-04-21 00:00:00+00:00, run_after=2025-04-22 00:00:00+00:00
[2025-04-21T16:14:20.676+0000] {processor.py:208} INFO - Processing /opt/airflow/dags/my_dag.py took 0.071 seconds
[2025-04-21T16:14:50.947+0000] {processor.py:186} INFO - Started process (PID=1141) to work on /opt/airflow/dags/my_dag.py
[2025-04-21T16:14:50.948+0000] {processor.py:914} INFO - Processing file /opt/airflow/dags/my_dag.py for tasks to queue
[2025-04-21T16:14:50.950+0000] {logging_mixin.py:190} INFO - [2025-04-21T16:14:50.950+0000] {dagbag.py:588} INFO - Filling up the DagBag from /opt/airflow/dags/my_dag.py
[2025-04-21T16:14:50.964+0000] {processor.py:925} INFO - DAG(s) 'TFL_DATA_DAG' retrieved from /opt/airflow/dags/my_dag.py
[2025-04-21T16:14:50.980+0000] {logging_mixin.py:190} INFO - [2025-04-21T16:14:50.980+0000] {dag.py:3239} INFO - Sync 1 DAGs
[2025-04-21T16:14:50.996+0000] {logging_mixin.py:190} INFO - [2025-04-21T16:14:50.996+0000] {dag.py:4180} INFO - Setting next_dagrun for TFL_DATA_DAG to 2025-04-21 00:00:00+00:00, run_after=2025-04-22 00:00:00+00:00
[2025-04-21T16:14:51.008+0000] {processor.py:208} INFO - Processing /opt/airflow/dags/my_dag.py took 0.064 seconds
[2025-04-21T16:15:21.276+0000] {processor.py:186} INFO - Started process (PID=1157) to work on /opt/airflow/dags/my_dag.py
[2025-04-21T16:15:21.276+0000] {processor.py:914} INFO - Processing file /opt/airflow/dags/my_dag.py for tasks to queue
[2025-04-21T16:15:21.279+0000] {logging_mixin.py:190} INFO - [2025-04-21T16:15:21.278+0000] {dagbag.py:588} INFO - Filling up the DagBag from /opt/airflow/dags/my_dag.py
[2025-04-21T16:15:21.309+0000] {processor.py:925} INFO - DAG(s) 'TFL_DATA_DAG' retrieved from /opt/airflow/dags/my_dag.py
[2025-04-21T16:15:21.323+0000] {logging_mixin.py:190} INFO - [2025-04-21T16:15:21.323+0000] {dag.py:3239} INFO - Sync 1 DAGs
[2025-04-21T16:15:21.337+0000] {logging_mixin.py:190} INFO - [2025-04-21T16:15:21.337+0000] {dag.py:4180} INFO - Setting next_dagrun for TFL_DATA_DAG to 2025-04-21 00:00:00+00:00, run_after=2025-04-22 00:00:00+00:00
[2025-04-21T16:15:21.349+0000] {processor.py:208} INFO - Processing /opt/airflow/dags/my_dag.py took 0.077 seconds
[2025-04-21T16:15:51.568+0000] {processor.py:186} INFO - Started process (PID=1173) to work on /opt/airflow/dags/my_dag.py
[2025-04-21T16:15:51.570+0000] {processor.py:914} INFO - Processing file /opt/airflow/dags/my_dag.py for tasks to queue
[2025-04-21T16:15:51.572+0000] {logging_mixin.py:190} INFO - [2025-04-21T16:15:51.572+0000] {dagbag.py:588} INFO - Filling up the DagBag from /opt/airflow/dags/my_dag.py
[2025-04-21T16:15:51.597+0000] {processor.py:925} INFO - DAG(s) 'TFL_DATA_DAG' retrieved from /opt/airflow/dags/my_dag.py
[2025-04-21T16:15:51.613+0000] {logging_mixin.py:190} INFO - [2025-04-21T16:15:51.613+0000] {dag.py:3239} INFO - Sync 1 DAGs
[2025-04-21T16:15:51.636+0000] {logging_mixin.py:190} INFO - [2025-04-21T16:15:51.636+0000] {dag.py:4180} INFO - Setting next_dagrun for TFL_DATA_DAG to 2025-04-21 00:00:00+00:00, run_after=2025-04-22 00:00:00+00:00
[2025-04-21T16:15:51.648+0000] {processor.py:208} INFO - Processing /opt/airflow/dags/my_dag.py took 0.083 seconds
[2025-04-21T16:16:21.851+0000] {processor.py:186} INFO - Started process (PID=1189) to work on /opt/airflow/dags/my_dag.py
[2025-04-21T16:16:21.853+0000] {processor.py:914} INFO - Processing file /opt/airflow/dags/my_dag.py for tasks to queue
[2025-04-21T16:16:21.855+0000] {logging_mixin.py:190} INFO - [2025-04-21T16:16:21.855+0000] {dagbag.py:588} INFO - Filling up the DagBag from /opt/airflow/dags/my_dag.py
[2025-04-21T16:16:21.891+0000] {processor.py:925} INFO - DAG(s) 'TFL_DATA_DAG' retrieved from /opt/airflow/dags/my_dag.py
[2025-04-21T16:16:21.908+0000] {logging_mixin.py:190} INFO - [2025-04-21T16:16:21.907+0000] {dag.py:3239} INFO - Sync 1 DAGs
[2025-04-21T16:16:21.923+0000] {logging_mixin.py:190} INFO - [2025-04-21T16:16:21.923+0000] {dag.py:4180} INFO - Setting next_dagrun for TFL_DATA_DAG to 2025-04-21 00:00:00+00:00, run_after=2025-04-22 00:00:00+00:00
[2025-04-21T16:16:21.937+0000] {processor.py:208} INFO - Processing /opt/airflow/dags/my_dag.py took 0.089 seconds
[2025-04-21T16:16:52.092+0000] {processor.py:186} INFO - Started process (PID=1205) to work on /opt/airflow/dags/my_dag.py
[2025-04-21T16:16:52.094+0000] {processor.py:914} INFO - Processing file /opt/airflow/dags/my_dag.py for tasks to queue
[2025-04-21T16:16:52.096+0000] {logging_mixin.py:190} INFO - [2025-04-21T16:16:52.096+0000] {dagbag.py:588} INFO - Filling up the DagBag from /opt/airflow/dags/my_dag.py
[2025-04-21T16:16:52.141+0000] {processor.py:925} INFO - DAG(s) 'TFL_DATA_DAG' retrieved from /opt/airflow/dags/my_dag.py
[2025-04-21T16:16:52.160+0000] {logging_mixin.py:190} INFO - [2025-04-21T16:16:52.160+0000] {dag.py:3239} INFO - Sync 1 DAGs
[2025-04-21T16:16:52.175+0000] {logging_mixin.py:190} INFO - [2025-04-21T16:16:52.175+0000] {dag.py:4180} INFO - Setting next_dagrun for TFL_DATA_DAG to 2025-04-21 00:00:00+00:00, run_after=2025-04-22 00:00:00+00:00
[2025-04-21T16:16:52.189+0000] {processor.py:208} INFO - Processing /opt/airflow/dags/my_dag.py took 0.099 seconds
[2025-04-21T16:17:22.456+0000] {processor.py:186} INFO - Started process (PID=1221) to work on /opt/airflow/dags/my_dag.py
[2025-04-21T16:17:22.457+0000] {processor.py:914} INFO - Processing file /opt/airflow/dags/my_dag.py for tasks to queue
[2025-04-21T16:17:22.459+0000] {logging_mixin.py:190} INFO - [2025-04-21T16:17:22.459+0000] {dagbag.py:588} INFO - Filling up the DagBag from /opt/airflow/dags/my_dag.py
[2025-04-21T16:17:22.491+0000] {processor.py:925} INFO - DAG(s) 'TFL_DATA_DAG' retrieved from /opt/airflow/dags/my_dag.py
[2025-04-21T16:17:22.505+0000] {logging_mixin.py:190} INFO - [2025-04-21T16:17:22.504+0000] {dag.py:3239} INFO - Sync 1 DAGs
[2025-04-21T16:17:22.518+0000] {logging_mixin.py:190} INFO - [2025-04-21T16:17:22.518+0000] {dag.py:4180} INFO - Setting next_dagrun for TFL_DATA_DAG to 2025-04-21 00:00:00+00:00, run_after=2025-04-22 00:00:00+00:00
[2025-04-21T16:17:22.531+0000] {processor.py:208} INFO - Processing /opt/airflow/dags/my_dag.py took 0.079 seconds
[2025-04-21T16:17:52.859+0000] {processor.py:186} INFO - Started process (PID=1237) to work on /opt/airflow/dags/my_dag.py
[2025-04-21T16:17:52.863+0000] {processor.py:914} INFO - Processing file /opt/airflow/dags/my_dag.py for tasks to queue
[2025-04-21T16:17:52.867+0000] {logging_mixin.py:190} INFO - [2025-04-21T16:17:52.866+0000] {dagbag.py:588} INFO - Filling up the DagBag from /opt/airflow/dags/my_dag.py
[2025-04-21T16:17:52.897+0000] {processor.py:925} INFO - DAG(s) 'TFL_DATA_DAG' retrieved from /opt/airflow/dags/my_dag.py
[2025-04-21T16:17:52.913+0000] {logging_mixin.py:190} INFO - [2025-04-21T16:17:52.912+0000] {dag.py:3239} INFO - Sync 1 DAGs
[2025-04-21T16:17:52.927+0000] {logging_mixin.py:190} INFO - [2025-04-21T16:17:52.927+0000] {dag.py:4180} INFO - Setting next_dagrun for TFL_DATA_DAG to 2025-04-21 00:00:00+00:00, run_after=2025-04-22 00:00:00+00:00
[2025-04-21T16:17:52.939+0000] {processor.py:208} INFO - Processing /opt/airflow/dags/my_dag.py took 0.096 seconds
[2025-04-21T16:18:23.188+0000] {processor.py:186} INFO - Started process (PID=1253) to work on /opt/airflow/dags/my_dag.py
[2025-04-21T16:18:23.189+0000] {processor.py:914} INFO - Processing file /opt/airflow/dags/my_dag.py for tasks to queue
[2025-04-21T16:18:23.192+0000] {logging_mixin.py:190} INFO - [2025-04-21T16:18:23.191+0000] {dagbag.py:588} INFO - Filling up the DagBag from /opt/airflow/dags/my_dag.py
[2025-04-21T16:18:23.221+0000] {processor.py:925} INFO - DAG(s) 'TFL_DATA_DAG' retrieved from /opt/airflow/dags/my_dag.py
[2025-04-21T16:18:23.237+0000] {logging_mixin.py:190} INFO - [2025-04-21T16:18:23.237+0000] {dag.py:3239} INFO - Sync 1 DAGs
[2025-04-21T16:18:23.250+0000] {logging_mixin.py:190} INFO - [2025-04-21T16:18:23.250+0000] {dag.py:4180} INFO - Setting next_dagrun for TFL_DATA_DAG to 2025-04-21 00:00:00+00:00, run_after=2025-04-22 00:00:00+00:00
[2025-04-21T16:18:23.263+0000] {processor.py:208} INFO - Processing /opt/airflow/dags/my_dag.py took 0.079 seconds
[2025-04-21T16:18:53.503+0000] {processor.py:186} INFO - Started process (PID=1268) to work on /opt/airflow/dags/my_dag.py
[2025-04-21T16:18:53.503+0000] {processor.py:914} INFO - Processing file /opt/airflow/dags/my_dag.py for tasks to queue
[2025-04-21T16:18:53.505+0000] {logging_mixin.py:190} INFO - [2025-04-21T16:18:53.505+0000] {dagbag.py:588} INFO - Filling up the DagBag from /opt/airflow/dags/my_dag.py
[2025-04-21T16:18:53.515+0000] {processor.py:925} INFO - DAG(s) 'TFL_DATA_DAG' retrieved from /opt/airflow/dags/my_dag.py
[2025-04-21T16:18:53.530+0000] {logging_mixin.py:190} INFO - [2025-04-21T16:18:53.530+0000] {dag.py:3239} INFO - Sync 1 DAGs
[2025-04-21T16:18:53.543+0000] {logging_mixin.py:190} INFO - [2025-04-21T16:18:53.543+0000] {dag.py:4180} INFO - Setting next_dagrun for TFL_DATA_DAG to 2025-04-21 00:00:00+00:00, run_after=2025-04-22 00:00:00+00:00
[2025-04-21T16:18:53.556+0000] {processor.py:208} INFO - Processing /opt/airflow/dags/my_dag.py took 0.057 seconds
[2025-04-21T16:19:23.802+0000] {processor.py:186} INFO - Started process (PID=1284) to work on /opt/airflow/dags/my_dag.py
[2025-04-21T16:19:23.803+0000] {processor.py:914} INFO - Processing file /opt/airflow/dags/my_dag.py for tasks to queue
[2025-04-21T16:19:23.805+0000] {logging_mixin.py:190} INFO - [2025-04-21T16:19:23.805+0000] {dagbag.py:588} INFO - Filling up the DagBag from /opt/airflow/dags/my_dag.py
[2025-04-21T16:19:23.821+0000] {processor.py:925} INFO - DAG(s) 'TFL_DATA_DAG' retrieved from /opt/airflow/dags/my_dag.py
[2025-04-21T16:19:23.835+0000] {logging_mixin.py:190} INFO - [2025-04-21T16:19:23.835+0000] {dag.py:3239} INFO - Sync 1 DAGs
[2025-04-21T16:19:23.850+0000] {logging_mixin.py:190} INFO - [2025-04-21T16:19:23.850+0000] {dag.py:4180} INFO - Setting next_dagrun for TFL_DATA_DAG to 2025-04-21 00:00:00+00:00, run_after=2025-04-22 00:00:00+00:00
[2025-04-21T16:19:23.864+0000] {processor.py:208} INFO - Processing /opt/airflow/dags/my_dag.py took 0.065 seconds
[2025-04-21T16:19:54.147+0000] {processor.py:186} INFO - Started process (PID=1300) to work on /opt/airflow/dags/my_dag.py
[2025-04-21T16:19:54.149+0000] {processor.py:914} INFO - Processing file /opt/airflow/dags/my_dag.py for tasks to queue
[2025-04-21T16:19:54.151+0000] {logging_mixin.py:190} INFO - [2025-04-21T16:19:54.151+0000] {dagbag.py:588} INFO - Filling up the DagBag from /opt/airflow/dags/my_dag.py
[2025-04-21T16:19:54.166+0000] {processor.py:925} INFO - DAG(s) 'TFL_DATA_DAG' retrieved from /opt/airflow/dags/my_dag.py
[2025-04-21T16:19:54.181+0000] {logging_mixin.py:190} INFO - [2025-04-21T16:19:54.181+0000] {dag.py:3239} INFO - Sync 1 DAGs
[2025-04-21T16:19:54.198+0000] {logging_mixin.py:190} INFO - [2025-04-21T16:19:54.197+0000] {dag.py:4180} INFO - Setting next_dagrun for TFL_DATA_DAG to 2025-04-21 00:00:00+00:00, run_after=2025-04-22 00:00:00+00:00
[2025-04-21T16:19:54.211+0000] {processor.py:208} INFO - Processing /opt/airflow/dags/my_dag.py took 0.068 seconds
[2025-04-21T16:20:24.355+0000] {processor.py:186} INFO - Started process (PID=1316) to work on /opt/airflow/dags/my_dag.py
[2025-04-21T16:20:24.356+0000] {processor.py:914} INFO - Processing file /opt/airflow/dags/my_dag.py for tasks to queue
[2025-04-21T16:20:24.358+0000] {logging_mixin.py:190} INFO - [2025-04-21T16:20:24.357+0000] {dagbag.py:588} INFO - Filling up the DagBag from /opt/airflow/dags/my_dag.py
[2025-04-21T16:20:24.369+0000] {processor.py:925} INFO - DAG(s) 'TFL_DATA_DAG' retrieved from /opt/airflow/dags/my_dag.py
[2025-04-21T16:20:24.384+0000] {logging_mixin.py:190} INFO - [2025-04-21T16:20:24.384+0000] {dag.py:3239} INFO - Sync 1 DAGs
[2025-04-21T16:20:24.398+0000] {logging_mixin.py:190} INFO - [2025-04-21T16:20:24.398+0000] {dag.py:4180} INFO - Setting next_dagrun for TFL_DATA_DAG to 2025-04-21 00:00:00+00:00, run_after=2025-04-22 00:00:00+00:00
[2025-04-21T16:20:24.412+0000] {processor.py:208} INFO - Processing /opt/airflow/dags/my_dag.py took 0.063 seconds
[2025-04-21T16:20:54.642+0000] {processor.py:186} INFO - Started process (PID=1332) to work on /opt/airflow/dags/my_dag.py
[2025-04-21T16:20:54.647+0000] {processor.py:914} INFO - Processing file /opt/airflow/dags/my_dag.py for tasks to queue
[2025-04-21T16:20:54.650+0000] {logging_mixin.py:190} INFO - [2025-04-21T16:20:54.649+0000] {dagbag.py:588} INFO - Filling up the DagBag from /opt/airflow/dags/my_dag.py
[2025-04-21T16:20:54.689+0000] {processor.py:925} INFO - DAG(s) 'TFL_DATA_DAG' retrieved from /opt/airflow/dags/my_dag.py
[2025-04-21T16:20:54.706+0000] {logging_mixin.py:190} INFO - [2025-04-21T16:20:54.705+0000] {dag.py:3239} INFO - Sync 1 DAGs
[2025-04-21T16:20:54.721+0000] {logging_mixin.py:190} INFO - [2025-04-21T16:20:54.721+0000] {dag.py:4180} INFO - Setting next_dagrun for TFL_DATA_DAG to 2025-04-21 00:00:00+00:00, run_after=2025-04-22 00:00:00+00:00
[2025-04-21T16:20:54.735+0000] {processor.py:208} INFO - Processing /opt/airflow/dags/my_dag.py took 0.098 seconds
[2025-04-21T16:21:24.947+0000] {processor.py:186} INFO - Started process (PID=1348) to work on /opt/airflow/dags/my_dag.py
[2025-04-21T16:21:24.949+0000] {processor.py:914} INFO - Processing file /opt/airflow/dags/my_dag.py for tasks to queue
[2025-04-21T16:21:24.951+0000] {logging_mixin.py:190} INFO - [2025-04-21T16:21:24.950+0000] {dagbag.py:588} INFO - Filling up the DagBag from /opt/airflow/dags/my_dag.py
[2025-04-21T16:21:24.968+0000] {processor.py:925} INFO - DAG(s) 'TFL_DATA_DAG' retrieved from /opt/airflow/dags/my_dag.py
[2025-04-21T16:21:24.984+0000] {logging_mixin.py:190} INFO - [2025-04-21T16:21:24.983+0000] {dag.py:3239} INFO - Sync 1 DAGs
[2025-04-21T16:21:24.998+0000] {logging_mixin.py:190} INFO - [2025-04-21T16:21:24.998+0000] {dag.py:4180} INFO - Setting next_dagrun for TFL_DATA_DAG to 2025-04-21 00:00:00+00:00, run_after=2025-04-22 00:00:00+00:00
[2025-04-21T16:21:25.012+0000] {processor.py:208} INFO - Processing /opt/airflow/dags/my_dag.py took 0.069 seconds
[2025-04-21T16:21:55.258+0000] {processor.py:186} INFO - Started process (PID=1364) to work on /opt/airflow/dags/my_dag.py
[2025-04-21T16:21:55.260+0000] {processor.py:914} INFO - Processing file /opt/airflow/dags/my_dag.py for tasks to queue
[2025-04-21T16:21:55.266+0000] {logging_mixin.py:190} INFO - [2025-04-21T16:21:55.266+0000] {dagbag.py:588} INFO - Filling up the DagBag from /opt/airflow/dags/my_dag.py
[2025-04-21T16:21:55.277+0000] {processor.py:925} INFO - DAG(s) 'TFL_DATA_DAG' retrieved from /opt/airflow/dags/my_dag.py
[2025-04-21T16:21:55.292+0000] {logging_mixin.py:190} INFO - [2025-04-21T16:21:55.292+0000] {dag.py:3239} INFO - Sync 1 DAGs
[2025-04-21T16:21:55.325+0000] {logging_mixin.py:190} INFO - [2025-04-21T16:21:55.325+0000] {dag.py:4180} INFO - Setting next_dagrun for TFL_DATA_DAG to 2025-04-21 00:00:00+00:00, run_after=2025-04-22 00:00:00+00:00
[2025-04-21T16:21:55.341+0000] {processor.py:208} INFO - Processing /opt/airflow/dags/my_dag.py took 0.086 seconds
[2025-04-21T16:22:25.516+0000] {processor.py:186} INFO - Started process (PID=1379) to work on /opt/airflow/dags/my_dag.py
[2025-04-21T16:22:25.518+0000] {processor.py:914} INFO - Processing file /opt/airflow/dags/my_dag.py for tasks to queue
[2025-04-21T16:22:25.522+0000] {logging_mixin.py:190} INFO - [2025-04-21T16:22:25.521+0000] {dagbag.py:588} INFO - Filling up the DagBag from /opt/airflow/dags/my_dag.py
[2025-04-21T16:22:25.552+0000] {processor.py:925} INFO - DAG(s) 'TFL_DATA_DAG' retrieved from /opt/airflow/dags/my_dag.py
[2025-04-21T16:22:25.571+0000] {logging_mixin.py:190} INFO - [2025-04-21T16:22:25.570+0000] {dag.py:3239} INFO - Sync 1 DAGs
[2025-04-21T16:22:25.586+0000] {logging_mixin.py:190} INFO - [2025-04-21T16:22:25.585+0000] {dag.py:4180} INFO - Setting next_dagrun for TFL_DATA_DAG to 2025-04-21 00:00:00+00:00, run_after=2025-04-22 00:00:00+00:00
[2025-04-21T16:22:25.599+0000] {processor.py:208} INFO - Processing /opt/airflow/dags/my_dag.py took 0.086 seconds
[2025-04-21T16:22:55.827+0000] {processor.py:186} INFO - Started process (PID=1395) to work on /opt/airflow/dags/my_dag.py
[2025-04-21T16:22:55.828+0000] {processor.py:914} INFO - Processing file /opt/airflow/dags/my_dag.py for tasks to queue
[2025-04-21T16:22:55.831+0000] {logging_mixin.py:190} INFO - [2025-04-21T16:22:55.830+0000] {dagbag.py:588} INFO - Filling up the DagBag from /opt/airflow/dags/my_dag.py
[2025-04-21T16:22:55.845+0000] {processor.py:925} INFO - DAG(s) 'TFL_DATA_DAG' retrieved from /opt/airflow/dags/my_dag.py
[2025-04-21T16:22:55.860+0000] {logging_mixin.py:190} INFO - [2025-04-21T16:22:55.860+0000] {dag.py:3239} INFO - Sync 1 DAGs
[2025-04-21T16:22:55.875+0000] {logging_mixin.py:190} INFO - [2025-04-21T16:22:55.874+0000] {dag.py:4180} INFO - Setting next_dagrun for TFL_DATA_DAG to 2025-04-21 00:00:00+00:00, run_after=2025-04-22 00:00:00+00:00
[2025-04-21T16:22:55.888+0000] {processor.py:208} INFO - Processing /opt/airflow/dags/my_dag.py took 0.064 seconds
[2025-04-21T16:23:26.068+0000] {processor.py:186} INFO - Started process (PID=1411) to work on /opt/airflow/dags/my_dag.py
[2025-04-21T16:23:26.069+0000] {processor.py:914} INFO - Processing file /opt/airflow/dags/my_dag.py for tasks to queue
[2025-04-21T16:23:26.072+0000] {logging_mixin.py:190} INFO - [2025-04-21T16:23:26.071+0000] {dagbag.py:588} INFO - Filling up the DagBag from /opt/airflow/dags/my_dag.py
[2025-04-21T16:23:26.096+0000] {processor.py:925} INFO - DAG(s) 'TFL_DATA_DAG' retrieved from /opt/airflow/dags/my_dag.py
[2025-04-21T16:23:26.111+0000] {logging_mixin.py:190} INFO - [2025-04-21T16:23:26.111+0000] {dag.py:3239} INFO - Sync 1 DAGs
[2025-04-21T16:23:26.127+0000] {logging_mixin.py:190} INFO - [2025-04-21T16:23:26.127+0000] {dag.py:4180} INFO - Setting next_dagrun for TFL_DATA_DAG to 2025-04-21 00:00:00+00:00, run_after=2025-04-22 00:00:00+00:00
[2025-04-21T16:23:26.141+0000] {processor.py:208} INFO - Processing /opt/airflow/dags/my_dag.py took 0.079 seconds
[2025-04-21T16:23:56.382+0000] {processor.py:186} INFO - Started process (PID=1427) to work on /opt/airflow/dags/my_dag.py
[2025-04-21T16:23:56.384+0000] {processor.py:914} INFO - Processing file /opt/airflow/dags/my_dag.py for tasks to queue
[2025-04-21T16:23:56.386+0000] {logging_mixin.py:190} INFO - [2025-04-21T16:23:56.386+0000] {dagbag.py:588} INFO - Filling up the DagBag from /opt/airflow/dags/my_dag.py
[2025-04-21T16:23:56.402+0000] {processor.py:925} INFO - DAG(s) 'TFL_DATA_DAG' retrieved from /opt/airflow/dags/my_dag.py
[2025-04-21T16:23:56.417+0000] {logging_mixin.py:190} INFO - [2025-04-21T16:23:56.417+0000] {dag.py:3239} INFO - Sync 1 DAGs
[2025-04-21T16:23:56.433+0000] {logging_mixin.py:190} INFO - [2025-04-21T16:23:56.432+0000] {dag.py:4180} INFO - Setting next_dagrun for TFL_DATA_DAG to 2025-04-21 00:00:00+00:00, run_after=2025-04-22 00:00:00+00:00
[2025-04-21T16:23:56.446+0000] {processor.py:208} INFO - Processing /opt/airflow/dags/my_dag.py took 0.069 seconds
[2025-04-21T16:24:26.555+0000] {processor.py:186} INFO - Started process (PID=1443) to work on /opt/airflow/dags/my_dag.py
[2025-04-21T16:24:26.557+0000] {processor.py:914} INFO - Processing file /opt/airflow/dags/my_dag.py for tasks to queue
[2025-04-21T16:24:26.573+0000] {logging_mixin.py:190} INFO - [2025-04-21T16:24:26.572+0000] {dagbag.py:588} INFO - Filling up the DagBag from /opt/airflow/dags/my_dag.py
[2025-04-21T16:24:26.592+0000] {processor.py:925} INFO - DAG(s) 'TFL_DATA_DAG' retrieved from /opt/airflow/dags/my_dag.py
[2025-04-21T16:24:26.610+0000] {logging_mixin.py:190} INFO - [2025-04-21T16:24:26.610+0000] {dag.py:3239} INFO - Sync 1 DAGs
[2025-04-21T16:24:26.626+0000] {logging_mixin.py:190} INFO - [2025-04-21T16:24:26.626+0000] {dag.py:4180} INFO - Setting next_dagrun for TFL_DATA_DAG to 2025-04-21 00:00:00+00:00, run_after=2025-04-22 00:00:00+00:00
[2025-04-21T16:24:26.641+0000] {processor.py:208} INFO - Processing /opt/airflow/dags/my_dag.py took 0.090 seconds
[2025-04-21T16:24:56.843+0000] {processor.py:186} INFO - Started process (PID=1459) to work on /opt/airflow/dags/my_dag.py
[2025-04-21T16:24:56.845+0000] {processor.py:914} INFO - Processing file /opt/airflow/dags/my_dag.py for tasks to queue
[2025-04-21T16:24:56.848+0000] {logging_mixin.py:190} INFO - [2025-04-21T16:24:56.847+0000] {dagbag.py:588} INFO - Filling up the DagBag from /opt/airflow/dags/my_dag.py
[2025-04-21T16:24:56.864+0000] {processor.py:925} INFO - DAG(s) 'TFL_DATA_DAG' retrieved from /opt/airflow/dags/my_dag.py
[2025-04-21T16:24:56.877+0000] {logging_mixin.py:190} INFO - [2025-04-21T16:24:56.877+0000] {dag.py:3239} INFO - Sync 1 DAGs
[2025-04-21T16:24:56.891+0000] {logging_mixin.py:190} INFO - [2025-04-21T16:24:56.891+0000] {dag.py:4180} INFO - Setting next_dagrun for TFL_DATA_DAG to 2025-04-21 00:00:00+00:00, run_after=2025-04-22 00:00:00+00:00
[2025-04-21T16:24:56.904+0000] {processor.py:208} INFO - Processing /opt/airflow/dags/my_dag.py took 0.064 seconds
[2025-04-21T16:25:27.131+0000] {processor.py:186} INFO - Started process (PID=1475) to work on /opt/airflow/dags/my_dag.py
[2025-04-21T16:25:27.132+0000] {processor.py:914} INFO - Processing file /opt/airflow/dags/my_dag.py for tasks to queue
[2025-04-21T16:25:27.134+0000] {logging_mixin.py:190} INFO - [2025-04-21T16:25:27.134+0000] {dagbag.py:588} INFO - Filling up the DagBag from /opt/airflow/dags/my_dag.py
[2025-04-21T16:25:27.164+0000] {processor.py:925} INFO - DAG(s) 'TFL_DATA_DAG' retrieved from /opt/airflow/dags/my_dag.py
[2025-04-21T16:25:27.181+0000] {logging_mixin.py:190} INFO - [2025-04-21T16:25:27.181+0000] {dag.py:3239} INFO - Sync 1 DAGs
[2025-04-21T16:25:27.199+0000] {logging_mixin.py:190} INFO - [2025-04-21T16:25:27.199+0000] {dag.py:4180} INFO - Setting next_dagrun for TFL_DATA_DAG to 2025-04-21 00:00:00+00:00, run_after=2025-04-22 00:00:00+00:00
[2025-04-21T16:25:27.215+0000] {processor.py:208} INFO - Processing /opt/airflow/dags/my_dag.py took 0.087 seconds
[2025-04-21T16:25:57.474+0000] {processor.py:186} INFO - Started process (PID=1491) to work on /opt/airflow/dags/my_dag.py
[2025-04-21T16:25:57.475+0000] {processor.py:914} INFO - Processing file /opt/airflow/dags/my_dag.py for tasks to queue
[2025-04-21T16:25:57.477+0000] {logging_mixin.py:190} INFO - [2025-04-21T16:25:57.477+0000] {dagbag.py:588} INFO - Filling up the DagBag from /opt/airflow/dags/my_dag.py
[2025-04-21T16:25:57.492+0000] {processor.py:925} INFO - DAG(s) 'TFL_DATA_DAG' retrieved from /opt/airflow/dags/my_dag.py
[2025-04-21T16:25:57.508+0000] {logging_mixin.py:190} INFO - [2025-04-21T16:25:57.508+0000] {dag.py:3239} INFO - Sync 1 DAGs
[2025-04-21T16:25:57.528+0000] {logging_mixin.py:190} INFO - [2025-04-21T16:25:57.527+0000] {dag.py:4180} INFO - Setting next_dagrun for TFL_DATA_DAG to 2025-04-21 00:00:00+00:00, run_after=2025-04-22 00:00:00+00:00
[2025-04-21T16:25:57.541+0000] {processor.py:208} INFO - Processing /opt/airflow/dags/my_dag.py took 0.072 seconds
[2025-04-21T16:26:27.693+0000] {processor.py:186} INFO - Started process (PID=1507) to work on /opt/airflow/dags/my_dag.py
[2025-04-21T16:26:27.694+0000] {processor.py:914} INFO - Processing file /opt/airflow/dags/my_dag.py for tasks to queue
[2025-04-21T16:26:27.696+0000] {logging_mixin.py:190} INFO - [2025-04-21T16:26:27.695+0000] {dagbag.py:588} INFO - Filling up the DagBag from /opt/airflow/dags/my_dag.py
[2025-04-21T16:26:27.709+0000] {processor.py:925} INFO - DAG(s) 'TFL_DATA_DAG' retrieved from /opt/airflow/dags/my_dag.py
[2025-04-21T16:26:27.724+0000] {logging_mixin.py:190} INFO - [2025-04-21T16:26:27.724+0000] {dag.py:3239} INFO - Sync 1 DAGs
[2025-04-21T16:26:27.740+0000] {logging_mixin.py:190} INFO - [2025-04-21T16:26:27.740+0000] {dag.py:4180} INFO - Setting next_dagrun for TFL_DATA_DAG to 2025-04-21 00:00:00+00:00, run_after=2025-04-22 00:00:00+00:00
[2025-04-21T16:26:27.753+0000] {processor.py:208} INFO - Processing /opt/airflow/dags/my_dag.py took 0.063 seconds
[2025-04-21T16:26:57.960+0000] {processor.py:186} INFO - Started process (PID=1523) to work on /opt/airflow/dags/my_dag.py
[2025-04-21T16:26:57.964+0000] {processor.py:914} INFO - Processing file /opt/airflow/dags/my_dag.py for tasks to queue
[2025-04-21T16:26:57.970+0000] {logging_mixin.py:190} INFO - [2025-04-21T16:26:57.969+0000] {dagbag.py:588} INFO - Filling up the DagBag from /opt/airflow/dags/my_dag.py
[2025-04-21T16:26:57.986+0000] {processor.py:925} INFO - DAG(s) 'TFL_DATA_DAG' retrieved from /opt/airflow/dags/my_dag.py
[2025-04-21T16:26:58.000+0000] {logging_mixin.py:190} INFO - [2025-04-21T16:26:58.000+0000] {dag.py:3239} INFO - Sync 1 DAGs
[2025-04-21T16:26:58.014+0000] {logging_mixin.py:190} INFO - [2025-04-21T16:26:58.014+0000] {dag.py:4180} INFO - Setting next_dagrun for TFL_DATA_DAG to 2025-04-21 00:00:00+00:00, run_after=2025-04-22 00:00:00+00:00
[2025-04-21T16:26:58.027+0000] {processor.py:208} INFO - Processing /opt/airflow/dags/my_dag.py took 0.071 seconds
[2025-04-21T16:27:28.230+0000] {processor.py:186} INFO - Started process (PID=1539) to work on /opt/airflow/dags/my_dag.py
[2025-04-21T16:27:28.234+0000] {processor.py:914} INFO - Processing file /opt/airflow/dags/my_dag.py for tasks to queue
[2025-04-21T16:27:28.240+0000] {logging_mixin.py:190} INFO - [2025-04-21T16:27:28.240+0000] {dagbag.py:588} INFO - Filling up the DagBag from /opt/airflow/dags/my_dag.py
[2025-04-21T16:27:28.281+0000] {processor.py:925} INFO - DAG(s) 'TFL_DATA_DAG' retrieved from /opt/airflow/dags/my_dag.py
[2025-04-21T16:27:28.298+0000] {logging_mixin.py:190} INFO - [2025-04-21T16:27:28.298+0000] {dag.py:3239} INFO - Sync 1 DAGs
[2025-04-21T16:27:28.316+0000] {logging_mixin.py:190} INFO - [2025-04-21T16:27:28.316+0000] {dag.py:4180} INFO - Setting next_dagrun for TFL_DATA_DAG to 2025-04-21 00:00:00+00:00, run_after=2025-04-22 00:00:00+00:00
[2025-04-21T16:27:28.332+0000] {processor.py:208} INFO - Processing /opt/airflow/dags/my_dag.py took 0.108 seconds
[2025-04-21T16:27:58.603+0000] {processor.py:186} INFO - Started process (PID=1555) to work on /opt/airflow/dags/my_dag.py
[2025-04-21T16:27:58.605+0000] {processor.py:914} INFO - Processing file /opt/airflow/dags/my_dag.py for tasks to queue
[2025-04-21T16:27:58.609+0000] {logging_mixin.py:190} INFO - [2025-04-21T16:27:58.609+0000] {dagbag.py:588} INFO - Filling up the DagBag from /opt/airflow/dags/my_dag.py
[2025-04-21T16:27:58.631+0000] {processor.py:925} INFO - DAG(s) 'TFL_DATA_DAG' retrieved from /opt/airflow/dags/my_dag.py
[2025-04-21T16:27:58.646+0000] {logging_mixin.py:190} INFO - [2025-04-21T16:27:58.646+0000] {dag.py:3239} INFO - Sync 1 DAGs
[2025-04-21T16:27:58.659+0000] {logging_mixin.py:190} INFO - [2025-04-21T16:27:58.659+0000] {dag.py:4180} INFO - Setting next_dagrun for TFL_DATA_DAG to 2025-04-21 00:00:00+00:00, run_after=2025-04-22 00:00:00+00:00
[2025-04-21T16:27:58.671+0000] {processor.py:208} INFO - Processing /opt/airflow/dags/my_dag.py took 0.072 seconds
[2025-04-21T16:28:28.912+0000] {processor.py:186} INFO - Started process (PID=1571) to work on /opt/airflow/dags/my_dag.py
[2025-04-21T16:28:28.916+0000] {processor.py:914} INFO - Processing file /opt/airflow/dags/my_dag.py for tasks to queue
[2025-04-21T16:28:28.918+0000] {logging_mixin.py:190} INFO - [2025-04-21T16:28:28.918+0000] {dagbag.py:588} INFO - Filling up the DagBag from /opt/airflow/dags/my_dag.py
[2025-04-21T16:28:28.932+0000] {processor.py:925} INFO - DAG(s) 'TFL_DATA_DAG' retrieved from /opt/airflow/dags/my_dag.py
[2025-04-21T16:28:28.947+0000] {logging_mixin.py:190} INFO - [2025-04-21T16:28:28.947+0000] {dag.py:3239} INFO - Sync 1 DAGs
[2025-04-21T16:28:28.961+0000] {logging_mixin.py:190} INFO - [2025-04-21T16:28:28.961+0000] {dag.py:4180} INFO - Setting next_dagrun for TFL_DATA_DAG to 2025-04-21 00:00:00+00:00, run_after=2025-04-22 00:00:00+00:00
[2025-04-21T16:28:28.975+0000] {processor.py:208} INFO - Processing /opt/airflow/dags/my_dag.py took 0.066 seconds
[2025-04-21T16:28:59.163+0000] {processor.py:186} INFO - Started process (PID=1587) to work on /opt/airflow/dags/my_dag.py
[2025-04-21T16:28:59.164+0000] {processor.py:914} INFO - Processing file /opt/airflow/dags/my_dag.py for tasks to queue
[2025-04-21T16:28:59.165+0000] {logging_mixin.py:190} INFO - [2025-04-21T16:28:59.165+0000] {dagbag.py:588} INFO - Filling up the DagBag from /opt/airflow/dags/my_dag.py
[2025-04-21T16:28:59.179+0000] {processor.py:925} INFO - DAG(s) 'TFL_DATA_DAG' retrieved from /opt/airflow/dags/my_dag.py
[2025-04-21T16:28:59.193+0000] {logging_mixin.py:190} INFO - [2025-04-21T16:28:59.192+0000] {dag.py:3239} INFO - Sync 1 DAGs
[2025-04-21T16:28:59.205+0000] {logging_mixin.py:190} INFO - [2025-04-21T16:28:59.205+0000] {dag.py:4180} INFO - Setting next_dagrun for TFL_DATA_DAG to 2025-04-21 00:00:00+00:00, run_after=2025-04-22 00:00:00+00:00
[2025-04-21T16:28:59.216+0000] {processor.py:208} INFO - Processing /opt/airflow/dags/my_dag.py took 0.057 seconds
[2025-04-21T16:29:29.352+0000] {processor.py:186} INFO - Started process (PID=1603) to work on /opt/airflow/dags/my_dag.py
[2025-04-21T16:29:29.353+0000] {processor.py:914} INFO - Processing file /opt/airflow/dags/my_dag.py for tasks to queue
[2025-04-21T16:29:29.356+0000] {logging_mixin.py:190} INFO - [2025-04-21T16:29:29.356+0000] {dagbag.py:588} INFO - Filling up the DagBag from /opt/airflow/dags/my_dag.py
[2025-04-21T16:29:29.386+0000] {processor.py:925} INFO - DAG(s) 'TFL_DATA_DAG' retrieved from /opt/airflow/dags/my_dag.py
[2025-04-21T16:29:29.408+0000] {logging_mixin.py:190} INFO - [2025-04-21T16:29:29.408+0000] {dag.py:3239} INFO - Sync 1 DAGs
[2025-04-21T16:29:29.429+0000] {logging_mixin.py:190} INFO - [2025-04-21T16:29:29.429+0000] {dag.py:4180} INFO - Setting next_dagrun for TFL_DATA_DAG to 2025-04-21 00:00:00+00:00, run_after=2025-04-22 00:00:00+00:00
[2025-04-21T16:29:29.446+0000] {processor.py:208} INFO - Processing /opt/airflow/dags/my_dag.py took 0.098 seconds
[2025-04-21T16:29:59.685+0000] {processor.py:186} INFO - Started process (PID=1618) to work on /opt/airflow/dags/my_dag.py
[2025-04-21T16:29:59.689+0000] {processor.py:914} INFO - Processing file /opt/airflow/dags/my_dag.py for tasks to queue
[2025-04-21T16:29:59.694+0000] {logging_mixin.py:190} INFO - [2025-04-21T16:29:59.694+0000] {dagbag.py:588} INFO - Filling up the DagBag from /opt/airflow/dags/my_dag.py
[2025-04-21T16:29:59.723+0000] {processor.py:925} INFO - DAG(s) 'TFL_DATA_DAG' retrieved from /opt/airflow/dags/my_dag.py
[2025-04-21T16:29:59.742+0000] {logging_mixin.py:190} INFO - [2025-04-21T16:29:59.741+0000] {dag.py:3239} INFO - Sync 1 DAGs
[2025-04-21T16:29:59.761+0000] {logging_mixin.py:190} INFO - [2025-04-21T16:29:59.761+0000] {dag.py:4180} INFO - Setting next_dagrun for TFL_DATA_DAG to 2025-04-21 00:00:00+00:00, run_after=2025-04-22 00:00:00+00:00
[2025-04-21T16:29:59.779+0000] {processor.py:208} INFO - Processing /opt/airflow/dags/my_dag.py took 0.098 seconds
[2025-04-21T16:30:30.015+0000] {processor.py:186} INFO - Started process (PID=1634) to work on /opt/airflow/dags/my_dag.py
[2025-04-21T16:30:30.017+0000] {processor.py:914} INFO - Processing file /opt/airflow/dags/my_dag.py for tasks to queue
[2025-04-21T16:30:30.020+0000] {logging_mixin.py:190} INFO - [2025-04-21T16:30:30.020+0000] {dagbag.py:588} INFO - Filling up the DagBag from /opt/airflow/dags/my_dag.py
[2025-04-21T16:30:30.055+0000] {processor.py:925} INFO - DAG(s) 'TFL_DATA_DAG' retrieved from /opt/airflow/dags/my_dag.py
[2025-04-21T16:30:30.086+0000] {logging_mixin.py:190} INFO - [2025-04-21T16:30:30.086+0000] {dag.py:3239} INFO - Sync 1 DAGs
[2025-04-21T16:30:30.122+0000] {logging_mixin.py:190} INFO - [2025-04-21T16:30:30.122+0000] {dag.py:4180} INFO - Setting next_dagrun for TFL_DATA_DAG to 2025-04-21 00:00:00+00:00, run_after=2025-04-22 00:00:00+00:00
[2025-04-21T16:30:30.148+0000] {processor.py:208} INFO - Processing /opt/airflow/dags/my_dag.py took 0.140 seconds
[2025-04-21T16:31:00.407+0000] {processor.py:186} INFO - Started process (PID=1650) to work on /opt/airflow/dags/my_dag.py
[2025-04-21T16:31:00.409+0000] {processor.py:914} INFO - Processing file /opt/airflow/dags/my_dag.py for tasks to queue
[2025-04-21T16:31:00.411+0000] {logging_mixin.py:190} INFO - [2025-04-21T16:31:00.410+0000] {dagbag.py:588} INFO - Filling up the DagBag from /opt/airflow/dags/my_dag.py
[2025-04-21T16:31:00.440+0000] {processor.py:925} INFO - DAG(s) 'TFL_DATA_DAG' retrieved from /opt/airflow/dags/my_dag.py
[2025-04-21T16:31:00.459+0000] {logging_mixin.py:190} INFO - [2025-04-21T16:31:00.459+0000] {dag.py:3239} INFO - Sync 1 DAGs
[2025-04-21T16:31:00.480+0000] {logging_mixin.py:190} INFO - [2025-04-21T16:31:00.480+0000] {dag.py:4180} INFO - Setting next_dagrun for TFL_DATA_DAG to 2025-04-21 00:00:00+00:00, run_after=2025-04-22 00:00:00+00:00
[2025-04-21T16:31:00.497+0000] {processor.py:208} INFO - Processing /opt/airflow/dags/my_dag.py took 0.095 seconds
[2025-04-21T16:31:30.748+0000] {processor.py:186} INFO - Started process (PID=1666) to work on /opt/airflow/dags/my_dag.py
[2025-04-21T16:31:30.750+0000] {processor.py:914} INFO - Processing file /opt/airflow/dags/my_dag.py for tasks to queue
[2025-04-21T16:31:30.753+0000] {logging_mixin.py:190} INFO - [2025-04-21T16:31:30.753+0000] {dagbag.py:588} INFO - Filling up the DagBag from /opt/airflow/dags/my_dag.py
[2025-04-21T16:31:30.788+0000] {processor.py:925} INFO - DAG(s) 'TFL_DATA_DAG' retrieved from /opt/airflow/dags/my_dag.py
[2025-04-21T16:31:30.808+0000] {logging_mixin.py:190} INFO - [2025-04-21T16:31:30.808+0000] {dag.py:3239} INFO - Sync 1 DAGs
[2025-04-21T16:31:30.827+0000] {logging_mixin.py:190} INFO - [2025-04-21T16:31:30.826+0000] {dag.py:4180} INFO - Setting next_dagrun for TFL_DATA_DAG to 2025-04-21 00:00:00+00:00, run_after=2025-04-22 00:00:00+00:00
[2025-04-21T16:31:30.842+0000] {processor.py:208} INFO - Processing /opt/airflow/dags/my_dag.py took 0.099 seconds
[2025-04-21T16:31:42.990+0000] {processor.py:186} INFO - Started process (PID=1676) to work on /opt/airflow/dags/my_dag.py
[2025-04-21T16:31:42.992+0000] {processor.py:914} INFO - Processing file /opt/airflow/dags/my_dag.py for tasks to queue
[2025-04-21T16:31:42.994+0000] {logging_mixin.py:190} INFO - [2025-04-21T16:31:42.993+0000] {dagbag.py:588} INFO - Filling up the DagBag from /opt/airflow/dags/my_dag.py
[2025-04-21T16:31:43.067+0000] {processor.py:925} INFO - DAG(s) 'TFL_DATA_DAG' retrieved from /opt/airflow/dags/my_dag.py
[2025-04-21T16:31:43.080+0000] {logging_mixin.py:190} INFO - [2025-04-21T16:31:43.080+0000] {dag.py:3239} INFO - Sync 1 DAGs
[2025-04-21T16:31:43.093+0000] {logging_mixin.py:190} INFO - [2025-04-21T16:31:43.093+0000] {dag.py:4180} INFO - Setting next_dagrun for TFL_DATA_DAG to 2025-04-21 00:00:00+00:00, run_after=2025-04-22 00:00:00+00:00
[2025-04-21T16:31:43.112+0000] {processor.py:208} INFO - Processing /opt/airflow/dags/my_dag.py took 0.126 seconds
[2025-04-21T16:32:13.284+0000] {processor.py:186} INFO - Started process (PID=1692) to work on /opt/airflow/dags/my_dag.py
[2025-04-21T16:32:13.286+0000] {processor.py:914} INFO - Processing file /opt/airflow/dags/my_dag.py for tasks to queue
[2025-04-21T16:32:13.290+0000] {logging_mixin.py:190} INFO - [2025-04-21T16:32:13.289+0000] {dagbag.py:588} INFO - Filling up the DagBag from /opt/airflow/dags/my_dag.py
[2025-04-21T16:32:13.320+0000] {processor.py:925} INFO - DAG(s) 'TFL_DATA_DAG' retrieved from /opt/airflow/dags/my_dag.py
[2025-04-21T16:32:13.341+0000] {logging_mixin.py:190} INFO - [2025-04-21T16:32:13.341+0000] {dag.py:3239} INFO - Sync 1 DAGs
[2025-04-21T16:32:13.364+0000] {logging_mixin.py:190} INFO - [2025-04-21T16:32:13.364+0000] {dag.py:4180} INFO - Setting next_dagrun for TFL_DATA_DAG to 2025-04-21 00:00:00+00:00, run_after=2025-04-22 00:00:00+00:00
[2025-04-21T16:32:13.382+0000] {processor.py:208} INFO - Processing /opt/airflow/dags/my_dag.py took 0.104 seconds
[2025-04-21T16:32:43.616+0000] {processor.py:186} INFO - Started process (PID=1708) to work on /opt/airflow/dags/my_dag.py
[2025-04-21T16:32:43.617+0000] {processor.py:914} INFO - Processing file /opt/airflow/dags/my_dag.py for tasks to queue
[2025-04-21T16:32:43.619+0000] {logging_mixin.py:190} INFO - [2025-04-21T16:32:43.619+0000] {dagbag.py:588} INFO - Filling up the DagBag from /opt/airflow/dags/my_dag.py
[2025-04-21T16:32:43.634+0000] {processor.py:925} INFO - DAG(s) 'TFL_DATA_DAG' retrieved from /opt/airflow/dags/my_dag.py
[2025-04-21T16:32:43.646+0000] {logging_mixin.py:190} INFO - [2025-04-21T16:32:43.646+0000] {dag.py:3239} INFO - Sync 1 DAGs
[2025-04-21T16:32:43.659+0000] {logging_mixin.py:190} INFO - [2025-04-21T16:32:43.659+0000] {dag.py:4180} INFO - Setting next_dagrun for TFL_DATA_DAG to 2025-04-21 00:00:00+00:00, run_after=2025-04-22 00:00:00+00:00
[2025-04-21T16:32:43.670+0000] {processor.py:208} INFO - Processing /opt/airflow/dags/my_dag.py took 0.059 seconds
[2025-04-21T16:33:12.926+0000] {processor.py:186} INFO - Started process (PID=1724) to work on /opt/airflow/dags/my_dag.py
[2025-04-21T16:33:12.928+0000] {processor.py:914} INFO - Processing file /opt/airflow/dags/my_dag.py for tasks to queue
[2025-04-21T16:33:12.930+0000] {logging_mixin.py:190} INFO - [2025-04-21T16:33:12.930+0000] {dagbag.py:588} INFO - Filling up the DagBag from /opt/airflow/dags/my_dag.py
[2025-04-21T16:33:13.024+0000] {processor.py:925} INFO - DAG(s) 'TFL_DATA_DAG' retrieved from /opt/airflow/dags/my_dag.py
[2025-04-21T16:33:13.040+0000] {logging_mixin.py:190} INFO - [2025-04-21T16:33:13.040+0000] {dag.py:3239} INFO - Sync 1 DAGs
[2025-04-21T16:33:13.061+0000] {logging_mixin.py:190} INFO - [2025-04-21T16:33:13.061+0000] {dag.py:4180} INFO - Setting next_dagrun for TFL_DATA_DAG to 2025-04-21 00:00:00+00:00, run_after=2025-04-22 00:00:00+00:00
[2025-04-21T16:33:13.086+0000] {processor.py:208} INFO - Processing /opt/airflow/dags/my_dag.py took 0.166 seconds
[2025-04-21T16:33:43.171+0000] {processor.py:186} INFO - Started process (PID=1740) to work on /opt/airflow/dags/my_dag.py
[2025-04-21T16:33:43.173+0000] {processor.py:914} INFO - Processing file /opt/airflow/dags/my_dag.py for tasks to queue
[2025-04-21T16:33:43.176+0000] {logging_mixin.py:190} INFO - [2025-04-21T16:33:43.176+0000] {dagbag.py:588} INFO - Filling up the DagBag from /opt/airflow/dags/my_dag.py
[2025-04-21T16:33:43.206+0000] {processor.py:925} INFO - DAG(s) 'TFL_DATA_DAG' retrieved from /opt/airflow/dags/my_dag.py
[2025-04-21T16:33:43.220+0000] {logging_mixin.py:190} INFO - [2025-04-21T16:33:43.220+0000] {dag.py:3239} INFO - Sync 1 DAGs
[2025-04-21T16:33:43.237+0000] {logging_mixin.py:190} INFO - [2025-04-21T16:33:43.236+0000] {dag.py:4180} INFO - Setting next_dagrun for TFL_DATA_DAG to 2025-04-21 00:00:00+00:00, run_after=2025-04-22 00:00:00+00:00
[2025-04-21T16:33:43.250+0000] {processor.py:208} INFO - Processing /opt/airflow/dags/my_dag.py took 0.083 seconds
[2025-04-21T16:34:13.490+0000] {processor.py:186} INFO - Started process (PID=1756) to work on /opt/airflow/dags/my_dag.py
[2025-04-21T16:34:13.494+0000] {processor.py:914} INFO - Processing file /opt/airflow/dags/my_dag.py for tasks to queue
[2025-04-21T16:34:13.497+0000] {logging_mixin.py:190} INFO - [2025-04-21T16:34:13.497+0000] {dagbag.py:588} INFO - Filling up the DagBag from /opt/airflow/dags/my_dag.py
[2025-04-21T16:34:13.537+0000] {processor.py:925} INFO - DAG(s) 'TFL_DATA_DAG' retrieved from /opt/airflow/dags/my_dag.py
[2025-04-21T16:34:13.558+0000] {logging_mixin.py:190} INFO - [2025-04-21T16:34:13.557+0000] {dag.py:3239} INFO - Sync 1 DAGs
[2025-04-21T16:34:13.580+0000] {logging_mixin.py:190} INFO - [2025-04-21T16:34:13.580+0000] {dag.py:4180} INFO - Setting next_dagrun for TFL_DATA_DAG to 2025-04-21 00:00:00+00:00, run_after=2025-04-22 00:00:00+00:00
[2025-04-21T16:34:13.597+0000] {processor.py:208} INFO - Processing /opt/airflow/dags/my_dag.py took 0.112 seconds
[2025-04-21T16:34:43.824+0000] {processor.py:186} INFO - Started process (PID=1771) to work on /opt/airflow/dags/my_dag.py
[2025-04-21T16:34:43.825+0000] {processor.py:914} INFO - Processing file /opt/airflow/dags/my_dag.py for tasks to queue
[2025-04-21T16:34:43.827+0000] {logging_mixin.py:190} INFO - [2025-04-21T16:34:43.827+0000] {dagbag.py:588} INFO - Filling up the DagBag from /opt/airflow/dags/my_dag.py
[2025-04-21T16:34:43.837+0000] {processor.py:925} INFO - DAG(s) 'TFL_DATA_DAG' retrieved from /opt/airflow/dags/my_dag.py
[2025-04-21T16:34:43.855+0000] {logging_mixin.py:190} INFO - [2025-04-21T16:34:43.855+0000] {dag.py:3239} INFO - Sync 1 DAGs
[2025-04-21T16:34:43.869+0000] {logging_mixin.py:190} INFO - [2025-04-21T16:34:43.869+0000] {dag.py:4180} INFO - Setting next_dagrun for TFL_DATA_DAG to 2025-04-21 00:00:00+00:00, run_after=2025-04-22 00:00:00+00:00
[2025-04-21T16:34:43.879+0000] {processor.py:208} INFO - Processing /opt/airflow/dags/my_dag.py took 0.058 seconds
[2025-04-21T16:35:14.091+0000] {processor.py:186} INFO - Started process (PID=1787) to work on /opt/airflow/dags/my_dag.py
[2025-04-21T16:35:14.099+0000] {processor.py:914} INFO - Processing file /opt/airflow/dags/my_dag.py for tasks to queue
[2025-04-21T16:35:14.104+0000] {logging_mixin.py:190} INFO - [2025-04-21T16:35:14.104+0000] {dagbag.py:588} INFO - Filling up the DagBag from /opt/airflow/dags/my_dag.py
[2025-04-21T16:35:14.121+0000] {processor.py:925} INFO - DAG(s) 'TFL_DATA_DAG' retrieved from /opt/airflow/dags/my_dag.py
[2025-04-21T16:35:14.134+0000] {logging_mixin.py:190} INFO - [2025-04-21T16:35:14.134+0000] {dag.py:3239} INFO - Sync 1 DAGs
[2025-04-21T16:35:14.146+0000] {logging_mixin.py:190} INFO - [2025-04-21T16:35:14.146+0000] {dag.py:4180} INFO - Setting next_dagrun for TFL_DATA_DAG to 2025-04-21 00:00:00+00:00, run_after=2025-04-22 00:00:00+00:00
[2025-04-21T16:35:14.157+0000] {processor.py:208} INFO - Processing /opt/airflow/dags/my_dag.py took 0.069 seconds
[2025-04-21T16:35:44.382+0000] {processor.py:186} INFO - Started process (PID=1803) to work on /opt/airflow/dags/my_dag.py
[2025-04-21T16:35:44.383+0000] {processor.py:914} INFO - Processing file /opt/airflow/dags/my_dag.py for tasks to queue
[2025-04-21T16:35:44.385+0000] {logging_mixin.py:190} INFO - [2025-04-21T16:35:44.385+0000] {dagbag.py:588} INFO - Filling up the DagBag from /opt/airflow/dags/my_dag.py
[2025-04-21T16:35:44.398+0000] {processor.py:925} INFO - DAG(s) 'TFL_DATA_DAG' retrieved from /opt/airflow/dags/my_dag.py
[2025-04-21T16:35:44.410+0000] {logging_mixin.py:190} INFO - [2025-04-21T16:35:44.410+0000] {dag.py:3239} INFO - Sync 1 DAGs
[2025-04-21T16:35:44.423+0000] {logging_mixin.py:190} INFO - [2025-04-21T16:35:44.423+0000] {dag.py:4180} INFO - Setting next_dagrun for TFL_DATA_DAG to 2025-04-21 00:00:00+00:00, run_after=2025-04-22 00:00:00+00:00
[2025-04-21T16:35:44.435+0000] {processor.py:208} INFO - Processing /opt/airflow/dags/my_dag.py took 0.056 seconds
[2025-04-21T16:36:14.613+0000] {processor.py:186} INFO - Started process (PID=1819) to work on /opt/airflow/dags/my_dag.py
[2025-04-21T16:36:14.614+0000] {processor.py:914} INFO - Processing file /opt/airflow/dags/my_dag.py for tasks to queue
[2025-04-21T16:36:14.615+0000] {logging_mixin.py:190} INFO - [2025-04-21T16:36:14.615+0000] {dagbag.py:588} INFO - Filling up the DagBag from /opt/airflow/dags/my_dag.py
[2025-04-21T16:36:14.628+0000] {processor.py:925} INFO - DAG(s) 'TFL_DATA_DAG' retrieved from /opt/airflow/dags/my_dag.py
[2025-04-21T16:36:14.640+0000] {logging_mixin.py:190} INFO - [2025-04-21T16:36:14.640+0000] {dag.py:3239} INFO - Sync 1 DAGs
[2025-04-21T16:36:14.654+0000] {logging_mixin.py:190} INFO - [2025-04-21T16:36:14.654+0000] {dag.py:4180} INFO - Setting next_dagrun for TFL_DATA_DAG to 2025-04-21 00:00:00+00:00, run_after=2025-04-22 00:00:00+00:00
[2025-04-21T16:36:14.666+0000] {processor.py:208} INFO - Processing /opt/airflow/dags/my_dag.py took 0.057 seconds
[2025-04-21T16:36:44.899+0000] {processor.py:186} INFO - Started process (PID=1835) to work on /opt/airflow/dags/my_dag.py
[2025-04-21T16:36:44.900+0000] {processor.py:914} INFO - Processing file /opt/airflow/dags/my_dag.py for tasks to queue
[2025-04-21T16:36:44.902+0000] {logging_mixin.py:190} INFO - [2025-04-21T16:36:44.902+0000] {dagbag.py:588} INFO - Filling up the DagBag from /opt/airflow/dags/my_dag.py
[2025-04-21T16:36:44.917+0000] {processor.py:925} INFO - DAG(s) 'TFL_DATA_DAG' retrieved from /opt/airflow/dags/my_dag.py
[2025-04-21T16:36:44.930+0000] {logging_mixin.py:190} INFO - [2025-04-21T16:36:44.930+0000] {dag.py:3239} INFO - Sync 1 DAGs
[2025-04-21T16:36:44.945+0000] {logging_mixin.py:190} INFO - [2025-04-21T16:36:44.945+0000] {dag.py:4180} INFO - Setting next_dagrun for TFL_DATA_DAG to 2025-04-21 00:00:00+00:00, run_after=2025-04-22 00:00:00+00:00
[2025-04-21T16:36:44.957+0000] {processor.py:208} INFO - Processing /opt/airflow/dags/my_dag.py took 0.062 seconds
[2025-04-21T16:37:15.244+0000] {processor.py:186} INFO - Started process (PID=1851) to work on /opt/airflow/dags/my_dag.py
[2025-04-21T16:37:15.245+0000] {processor.py:914} INFO - Processing file /opt/airflow/dags/my_dag.py for tasks to queue
[2025-04-21T16:37:15.248+0000] {logging_mixin.py:190} INFO - [2025-04-21T16:37:15.247+0000] {dagbag.py:588} INFO - Filling up the DagBag from /opt/airflow/dags/my_dag.py
[2025-04-21T16:37:15.324+0000] {processor.py:925} INFO - DAG(s) 'TFL_DATA_DAG' retrieved from /opt/airflow/dags/my_dag.py
[2025-04-21T16:37:15.405+0000] {logging_mixin.py:190} INFO - [2025-04-21T16:37:15.405+0000] {dag.py:3239} INFO - Sync 1 DAGs
[2025-04-21T16:37:15.432+0000] {logging_mixin.py:190} INFO - [2025-04-21T16:37:15.432+0000] {dag.py:4180} INFO - Setting next_dagrun for TFL_DATA_DAG to 2025-04-21 00:00:00+00:00, run_after=2025-04-22 00:00:00+00:00
[2025-04-21T16:37:15.497+0000] {processor.py:208} INFO - Processing /opt/airflow/dags/my_dag.py took 0.257 seconds
[2025-04-21T16:37:45.643+0000] {processor.py:186} INFO - Started process (PID=1867) to work on /opt/airflow/dags/my_dag.py
[2025-04-21T16:37:45.646+0000] {processor.py:914} INFO - Processing file /opt/airflow/dags/my_dag.py for tasks to queue
[2025-04-21T16:37:45.649+0000] {logging_mixin.py:190} INFO - [2025-04-21T16:37:45.649+0000] {dagbag.py:588} INFO - Filling up the DagBag from /opt/airflow/dags/my_dag.py
[2025-04-21T16:37:45.696+0000] {processor.py:925} INFO - DAG(s) 'TFL_DATA_DAG' retrieved from /opt/airflow/dags/my_dag.py
[2025-04-21T16:37:45.719+0000] {logging_mixin.py:190} INFO - [2025-04-21T16:37:45.719+0000] {dag.py:3239} INFO - Sync 1 DAGs
[2025-04-21T16:37:45.743+0000] {logging_mixin.py:190} INFO - [2025-04-21T16:37:45.742+0000] {dag.py:4180} INFO - Setting next_dagrun for TFL_DATA_DAG to 2025-04-21 00:00:00+00:00, run_after=2025-04-22 00:00:00+00:00
[2025-04-21T16:37:45.764+0000] {processor.py:208} INFO - Processing /opt/airflow/dags/my_dag.py took 0.127 seconds
[2025-04-21T16:38:15.885+0000] {processor.py:186} INFO - Started process (PID=1883) to work on /opt/airflow/dags/my_dag.py
[2025-04-21T16:38:15.888+0000] {processor.py:914} INFO - Processing file /opt/airflow/dags/my_dag.py for tasks to queue
[2025-04-21T16:38:15.891+0000] {logging_mixin.py:190} INFO - [2025-04-21T16:38:15.890+0000] {dagbag.py:588} INFO - Filling up the DagBag from /opt/airflow/dags/my_dag.py
[2025-04-21T16:38:15.936+0000] {processor.py:925} INFO - DAG(s) 'TFL_DATA_DAG' retrieved from /opt/airflow/dags/my_dag.py
[2025-04-21T16:38:15.952+0000] {logging_mixin.py:190} INFO - [2025-04-21T16:38:15.952+0000] {dag.py:3239} INFO - Sync 1 DAGs
[2025-04-21T16:38:15.968+0000] {logging_mixin.py:190} INFO - [2025-04-21T16:38:15.968+0000] {dag.py:4180} INFO - Setting next_dagrun for TFL_DATA_DAG to 2025-04-21 00:00:00+00:00, run_after=2025-04-22 00:00:00+00:00
[2025-04-21T16:38:15.983+0000] {processor.py:208} INFO - Processing /opt/airflow/dags/my_dag.py took 0.102 seconds
[2025-04-21T16:38:46.217+0000] {processor.py:186} INFO - Started process (PID=1899) to work on /opt/airflow/dags/my_dag.py
[2025-04-21T16:38:46.220+0000] {processor.py:914} INFO - Processing file /opt/airflow/dags/my_dag.py for tasks to queue
[2025-04-21T16:38:46.224+0000] {logging_mixin.py:190} INFO - [2025-04-21T16:38:46.223+0000] {dagbag.py:588} INFO - Filling up the DagBag from /opt/airflow/dags/my_dag.py
[2025-04-21T16:38:46.263+0000] {processor.py:925} INFO - DAG(s) 'TFL_DATA_DAG' retrieved from /opt/airflow/dags/my_dag.py
[2025-04-21T16:38:46.279+0000] {logging_mixin.py:190} INFO - [2025-04-21T16:38:46.279+0000] {dag.py:3239} INFO - Sync 1 DAGs
[2025-04-21T16:38:46.295+0000] {logging_mixin.py:190} INFO - [2025-04-21T16:38:46.295+0000] {dag.py:4180} INFO - Setting next_dagrun for TFL_DATA_DAG to 2025-04-21 00:00:00+00:00, run_after=2025-04-22 00:00:00+00:00
[2025-04-21T16:38:46.307+0000] {processor.py:208} INFO - Processing /opt/airflow/dags/my_dag.py took 0.095 seconds
[2025-04-21T16:39:16.534+0000] {processor.py:186} INFO - Started process (PID=1915) to work on /opt/airflow/dags/my_dag.py
[2025-04-21T16:39:16.535+0000] {processor.py:914} INFO - Processing file /opt/airflow/dags/my_dag.py for tasks to queue
[2025-04-21T16:39:16.538+0000] {logging_mixin.py:190} INFO - [2025-04-21T16:39:16.538+0000] {dagbag.py:588} INFO - Filling up the DagBag from /opt/airflow/dags/my_dag.py
[2025-04-21T16:39:16.567+0000] {processor.py:925} INFO - DAG(s) 'TFL_DATA_DAG' retrieved from /opt/airflow/dags/my_dag.py
[2025-04-21T16:39:16.583+0000] {logging_mixin.py:190} INFO - [2025-04-21T16:39:16.583+0000] {dag.py:3239} INFO - Sync 1 DAGs
[2025-04-21T16:39:16.602+0000] {logging_mixin.py:190} INFO - [2025-04-21T16:39:16.602+0000] {dag.py:4180} INFO - Setting next_dagrun for TFL_DATA_DAG to 2025-04-21 00:00:00+00:00, run_after=2025-04-22 00:00:00+00:00
[2025-04-21T16:39:16.616+0000] {processor.py:208} INFO - Processing /opt/airflow/dags/my_dag.py took 0.086 seconds
[2025-04-21T16:39:46.850+0000] {processor.py:186} INFO - Started process (PID=1930) to work on /opt/airflow/dags/my_dag.py
[2025-04-21T16:39:46.853+0000] {processor.py:914} INFO - Processing file /opt/airflow/dags/my_dag.py for tasks to queue
[2025-04-21T16:39:46.856+0000] {logging_mixin.py:190} INFO - [2025-04-21T16:39:46.856+0000] {dagbag.py:588} INFO - Filling up the DagBag from /opt/airflow/dags/my_dag.py
[2025-04-21T16:39:46.895+0000] {processor.py:925} INFO - DAG(s) 'TFL_DATA_DAG' retrieved from /opt/airflow/dags/my_dag.py
[2025-04-21T16:39:46.911+0000] {logging_mixin.py:190} INFO - [2025-04-21T16:39:46.911+0000] {dag.py:3239} INFO - Sync 1 DAGs
[2025-04-21T16:39:46.925+0000] {logging_mixin.py:190} INFO - [2025-04-21T16:39:46.924+0000] {dag.py:4180} INFO - Setting next_dagrun for TFL_DATA_DAG to 2025-04-21 00:00:00+00:00, run_after=2025-04-22 00:00:00+00:00
[2025-04-21T16:39:46.936+0000] {processor.py:208} INFO - Processing /opt/airflow/dags/my_dag.py took 0.089 seconds
[2025-04-21T16:40:17.202+0000] {processor.py:186} INFO - Started process (PID=1946) to work on /opt/airflow/dags/my_dag.py
[2025-04-21T16:40:17.205+0000] {processor.py:914} INFO - Processing file /opt/airflow/dags/my_dag.py for tasks to queue
[2025-04-21T16:40:17.209+0000] {logging_mixin.py:190} INFO - [2025-04-21T16:40:17.209+0000] {dagbag.py:588} INFO - Filling up the DagBag from /opt/airflow/dags/my_dag.py
[2025-04-21T16:40:17.256+0000] {processor.py:925} INFO - DAG(s) 'TFL_DATA_DAG' retrieved from /opt/airflow/dags/my_dag.py
[2025-04-21T16:40:17.279+0000] {logging_mixin.py:190} INFO - [2025-04-21T16:40:17.279+0000] {dag.py:3239} INFO - Sync 1 DAGs
[2025-04-21T16:40:17.294+0000] {logging_mixin.py:190} INFO - [2025-04-21T16:40:17.294+0000] {dag.py:4180} INFO - Setting next_dagrun for TFL_DATA_DAG to 2025-04-21 00:00:00+00:00, run_after=2025-04-22 00:00:00+00:00
[2025-04-21T16:40:17.310+0000] {processor.py:208} INFO - Processing /opt/airflow/dags/my_dag.py took 0.112 seconds
[2025-04-21T16:40:47.511+0000] {processor.py:186} INFO - Started process (PID=1962) to work on /opt/airflow/dags/my_dag.py
[2025-04-21T16:40:47.512+0000] {processor.py:914} INFO - Processing file /opt/airflow/dags/my_dag.py for tasks to queue
[2025-04-21T16:40:47.514+0000] {logging_mixin.py:190} INFO - [2025-04-21T16:40:47.514+0000] {dagbag.py:588} INFO - Filling up the DagBag from /opt/airflow/dags/my_dag.py
[2025-04-21T16:40:47.527+0000] {processor.py:925} INFO - DAG(s) 'TFL_DATA_DAG' retrieved from /opt/airflow/dags/my_dag.py
[2025-04-21T16:40:47.539+0000] {logging_mixin.py:190} INFO - [2025-04-21T16:40:47.539+0000] {dag.py:3239} INFO - Sync 1 DAGs
[2025-04-21T16:40:47.553+0000] {logging_mixin.py:190} INFO - [2025-04-21T16:40:47.553+0000] {dag.py:4180} INFO - Setting next_dagrun for TFL_DATA_DAG to 2025-04-21 00:00:00+00:00, run_after=2025-04-22 00:00:00+00:00
[2025-04-21T16:40:47.564+0000] {processor.py:208} INFO - Processing /opt/airflow/dags/my_dag.py took 0.056 seconds
[2025-04-21T16:41:17.770+0000] {processor.py:186} INFO - Started process (PID=1978) to work on /opt/airflow/dags/my_dag.py
[2025-04-21T16:41:17.771+0000] {processor.py:914} INFO - Processing file /opt/airflow/dags/my_dag.py for tasks to queue
[2025-04-21T16:41:17.775+0000] {logging_mixin.py:190} INFO - [2025-04-21T16:41:17.774+0000] {dagbag.py:588} INFO - Filling up the DagBag from /opt/airflow/dags/my_dag.py
[2025-04-21T16:41:17.796+0000] {processor.py:925} INFO - DAG(s) 'TFL_DATA_DAG' retrieved from /opt/airflow/dags/my_dag.py
[2025-04-21T16:41:17.818+0000] {logging_mixin.py:190} INFO - [2025-04-21T16:41:17.818+0000] {dag.py:3239} INFO - Sync 1 DAGs
[2025-04-21T16:41:17.839+0000] {logging_mixin.py:190} INFO - [2025-04-21T16:41:17.839+0000] {dag.py:4180} INFO - Setting next_dagrun for TFL_DATA_DAG to 2025-04-21 00:00:00+00:00, run_after=2025-04-22 00:00:00+00:00
[2025-04-21T16:41:17.856+0000] {processor.py:208} INFO - Processing /opt/airflow/dags/my_dag.py took 0.092 seconds
[2025-04-21T16:41:48.076+0000] {processor.py:186} INFO - Started process (PID=1994) to work on /opt/airflow/dags/my_dag.py
[2025-04-21T16:41:48.077+0000] {processor.py:914} INFO - Processing file /opt/airflow/dags/my_dag.py for tasks to queue
[2025-04-21T16:41:48.079+0000] {logging_mixin.py:190} INFO - [2025-04-21T16:41:48.078+0000] {dagbag.py:588} INFO - Filling up the DagBag from /opt/airflow/dags/my_dag.py
[2025-04-21T16:41:48.093+0000] {processor.py:925} INFO - DAG(s) 'TFL_DATA_DAG' retrieved from /opt/airflow/dags/my_dag.py
[2025-04-21T16:41:48.108+0000] {logging_mixin.py:190} INFO - [2025-04-21T16:41:48.107+0000] {dag.py:3239} INFO - Sync 1 DAGs
[2025-04-21T16:41:48.121+0000] {logging_mixin.py:190} INFO - [2025-04-21T16:41:48.121+0000] {dag.py:4180} INFO - Setting next_dagrun for TFL_DATA_DAG to 2025-04-21 00:00:00+00:00, run_after=2025-04-22 00:00:00+00:00
[2025-04-21T16:41:48.132+0000] {processor.py:208} INFO - Processing /opt/airflow/dags/my_dag.py took 0.060 seconds
[2025-04-21T16:42:18.388+0000] {processor.py:186} INFO - Started process (PID=2010) to work on /opt/airflow/dags/my_dag.py
[2025-04-21T16:42:18.390+0000] {processor.py:914} INFO - Processing file /opt/airflow/dags/my_dag.py for tasks to queue
[2025-04-21T16:42:18.392+0000] {logging_mixin.py:190} INFO - [2025-04-21T16:42:18.392+0000] {dagbag.py:588} INFO - Filling up the DagBag from /opt/airflow/dags/my_dag.py
[2025-04-21T16:42:18.410+0000] {processor.py:925} INFO - DAG(s) 'TFL_DATA_DAG' retrieved from /opt/airflow/dags/my_dag.py
[2025-04-21T16:42:18.428+0000] {logging_mixin.py:190} INFO - [2025-04-21T16:42:18.428+0000] {dag.py:3239} INFO - Sync 1 DAGs
[2025-04-21T16:42:18.447+0000] {logging_mixin.py:190} INFO - [2025-04-21T16:42:18.447+0000] {dag.py:4180} INFO - Setting next_dagrun for TFL_DATA_DAG to 2025-04-21 00:00:00+00:00, run_after=2025-04-22 00:00:00+00:00
[2025-04-21T16:42:18.462+0000] {processor.py:208} INFO - Processing /opt/airflow/dags/my_dag.py took 0.078 seconds
[2025-04-21T16:42:48.654+0000] {processor.py:186} INFO - Started process (PID=2026) to work on /opt/airflow/dags/my_dag.py
[2025-04-21T16:42:48.656+0000] {processor.py:914} INFO - Processing file /opt/airflow/dags/my_dag.py for tasks to queue
[2025-04-21T16:42:48.658+0000] {logging_mixin.py:190} INFO - [2025-04-21T16:42:48.658+0000] {dagbag.py:588} INFO - Filling up the DagBag from /opt/airflow/dags/my_dag.py
[2025-04-21T16:42:48.675+0000] {processor.py:925} INFO - DAG(s) 'TFL_DATA_DAG' retrieved from /opt/airflow/dags/my_dag.py
[2025-04-21T16:42:48.695+0000] {logging_mixin.py:190} INFO - [2025-04-21T16:42:48.695+0000] {dag.py:3239} INFO - Sync 1 DAGs
[2025-04-21T16:42:48.711+0000] {logging_mixin.py:190} INFO - [2025-04-21T16:42:48.711+0000] {dag.py:4180} INFO - Setting next_dagrun for TFL_DATA_DAG to 2025-04-21 00:00:00+00:00, run_after=2025-04-22 00:00:00+00:00
[2025-04-21T16:42:48.730+0000] {processor.py:208} INFO - Processing /opt/airflow/dags/my_dag.py took 0.079 seconds
[2025-04-21T16:43:18.949+0000] {processor.py:186} INFO - Started process (PID=2043) to work on /opt/airflow/dags/my_dag.py
[2025-04-21T16:43:18.950+0000] {processor.py:914} INFO - Processing file /opt/airflow/dags/my_dag.py for tasks to queue
[2025-04-21T16:43:18.952+0000] {logging_mixin.py:190} INFO - [2025-04-21T16:43:18.952+0000] {dagbag.py:588} INFO - Filling up the DagBag from /opt/airflow/dags/my_dag.py
[2025-04-21T16:43:18.964+0000] {processor.py:925} INFO - DAG(s) 'TFL_DATA_DAG' retrieved from /opt/airflow/dags/my_dag.py
[2025-04-21T16:43:18.977+0000] {logging_mixin.py:190} INFO - [2025-04-21T16:43:18.977+0000] {dag.py:3239} INFO - Sync 1 DAGs
[2025-04-21T16:43:18.991+0000] {logging_mixin.py:190} INFO - [2025-04-21T16:43:18.990+0000] {dag.py:4180} INFO - Setting next_dagrun for TFL_DATA_DAG to 2025-04-21 00:00:00+00:00, run_after=2025-04-22 00:00:00+00:00
[2025-04-21T16:43:19.002+0000] {processor.py:208} INFO - Processing /opt/airflow/dags/my_dag.py took 0.056 seconds
[2025-04-21T16:43:49.218+0000] {processor.py:186} INFO - Started process (PID=2059) to work on /opt/airflow/dags/my_dag.py
[2025-04-21T16:43:49.218+0000] {processor.py:914} INFO - Processing file /opt/airflow/dags/my_dag.py for tasks to queue
[2025-04-21T16:43:49.220+0000] {logging_mixin.py:190} INFO - [2025-04-21T16:43:49.220+0000] {dagbag.py:588} INFO - Filling up the DagBag from /opt/airflow/dags/my_dag.py
[2025-04-21T16:43:49.234+0000] {processor.py:925} INFO - DAG(s) 'TFL_DATA_DAG' retrieved from /opt/airflow/dags/my_dag.py
[2025-04-21T16:43:49.245+0000] {logging_mixin.py:190} INFO - [2025-04-21T16:43:49.245+0000] {dag.py:3239} INFO - Sync 1 DAGs
[2025-04-21T16:43:49.258+0000] {logging_mixin.py:190} INFO - [2025-04-21T16:43:49.258+0000] {dag.py:4180} INFO - Setting next_dagrun for TFL_DATA_DAG to 2025-04-21 00:00:00+00:00, run_after=2025-04-22 00:00:00+00:00
[2025-04-21T16:43:49.271+0000] {processor.py:208} INFO - Processing /opt/airflow/dags/my_dag.py took 0.056 seconds
[2025-04-21T16:44:19.461+0000] {processor.py:186} INFO - Started process (PID=2075) to work on /opt/airflow/dags/my_dag.py
[2025-04-21T16:44:19.463+0000] {processor.py:914} INFO - Processing file /opt/airflow/dags/my_dag.py for tasks to queue
[2025-04-21T16:44:19.465+0000] {logging_mixin.py:190} INFO - [2025-04-21T16:44:19.465+0000] {dagbag.py:588} INFO - Filling up the DagBag from /opt/airflow/dags/my_dag.py
[2025-04-21T16:44:19.478+0000] {processor.py:925} INFO - DAG(s) 'TFL_DATA_DAG' retrieved from /opt/airflow/dags/my_dag.py
[2025-04-21T16:44:19.492+0000] {logging_mixin.py:190} INFO - [2025-04-21T16:44:19.492+0000] {dag.py:3239} INFO - Sync 1 DAGs
[2025-04-21T16:44:19.506+0000] {logging_mixin.py:190} INFO - [2025-04-21T16:44:19.506+0000] {dag.py:4180} INFO - Setting next_dagrun for TFL_DATA_DAG to 2025-04-21 00:00:00+00:00, run_after=2025-04-22 00:00:00+00:00
[2025-04-21T16:44:19.519+0000] {processor.py:208} INFO - Processing /opt/airflow/dags/my_dag.py took 0.062 seconds
[2025-04-21T16:44:49.787+0000] {processor.py:186} INFO - Started process (PID=2091) to work on /opt/airflow/dags/my_dag.py
[2025-04-21T16:44:49.788+0000] {processor.py:914} INFO - Processing file /opt/airflow/dags/my_dag.py for tasks to queue
[2025-04-21T16:44:49.791+0000] {logging_mixin.py:190} INFO - [2025-04-21T16:44:49.791+0000] {dagbag.py:588} INFO - Filling up the DagBag from /opt/airflow/dags/my_dag.py
[2025-04-21T16:44:49.808+0000] {processor.py:925} INFO - DAG(s) 'TFL_DATA_DAG' retrieved from /opt/airflow/dags/my_dag.py
[2025-04-21T16:44:49.822+0000] {logging_mixin.py:190} INFO - [2025-04-21T16:44:49.821+0000] {dag.py:3239} INFO - Sync 1 DAGs
[2025-04-21T16:44:49.837+0000] {logging_mixin.py:190} INFO - [2025-04-21T16:44:49.837+0000] {dag.py:4180} INFO - Setting next_dagrun for TFL_DATA_DAG to 2025-04-21 00:00:00+00:00, run_after=2025-04-22 00:00:00+00:00
[2025-04-21T16:44:49.849+0000] {processor.py:208} INFO - Processing /opt/airflow/dags/my_dag.py took 0.066 seconds
[2025-04-21T16:45:20.065+0000] {processor.py:186} INFO - Started process (PID=2107) to work on /opt/airflow/dags/my_dag.py
[2025-04-21T16:45:20.067+0000] {processor.py:914} INFO - Processing file /opt/airflow/dags/my_dag.py for tasks to queue
[2025-04-21T16:45:20.069+0000] {logging_mixin.py:190} INFO - [2025-04-21T16:45:20.069+0000] {dagbag.py:588} INFO - Filling up the DagBag from /opt/airflow/dags/my_dag.py
[2025-04-21T16:45:20.088+0000] {processor.py:925} INFO - DAG(s) 'TFL_DATA_DAG' retrieved from /opt/airflow/dags/my_dag.py
[2025-04-21T16:45:20.102+0000] {logging_mixin.py:190} INFO - [2025-04-21T16:45:20.102+0000] {dag.py:3239} INFO - Sync 1 DAGs
[2025-04-21T16:45:20.117+0000] {logging_mixin.py:190} INFO - [2025-04-21T16:45:20.117+0000] {dag.py:4180} INFO - Setting next_dagrun for TFL_DATA_DAG to 2025-04-21 00:00:00+00:00, run_after=2025-04-22 00:00:00+00:00
[2025-04-21T16:45:20.130+0000] {processor.py:208} INFO - Processing /opt/airflow/dags/my_dag.py took 0.071 seconds
[2025-04-21T16:45:50.367+0000] {processor.py:186} INFO - Started process (PID=2123) to work on /opt/airflow/dags/my_dag.py
[2025-04-21T16:45:50.368+0000] {processor.py:914} INFO - Processing file /opt/airflow/dags/my_dag.py for tasks to queue
[2025-04-21T16:45:50.371+0000] {logging_mixin.py:190} INFO - [2025-04-21T16:45:50.370+0000] {dagbag.py:588} INFO - Filling up the DagBag from /opt/airflow/dags/my_dag.py
[2025-04-21T16:45:50.383+0000] {processor.py:925} INFO - DAG(s) 'TFL_DATA_DAG' retrieved from /opt/airflow/dags/my_dag.py
[2025-04-21T16:45:50.395+0000] {logging_mixin.py:190} INFO - [2025-04-21T16:45:50.395+0000] {dag.py:3239} INFO - Sync 1 DAGs
[2025-04-21T16:45:50.407+0000] {logging_mixin.py:190} INFO - [2025-04-21T16:45:50.407+0000] {dag.py:4180} INFO - Setting next_dagrun for TFL_DATA_DAG to 2025-04-21 00:00:00+00:00, run_after=2025-04-22 00:00:00+00:00
[2025-04-21T16:45:50.418+0000] {processor.py:208} INFO - Processing /opt/airflow/dags/my_dag.py took 0.054 seconds
[2025-04-21T16:46:20.615+0000] {processor.py:186} INFO - Started process (PID=2139) to work on /opt/airflow/dags/my_dag.py
[2025-04-21T16:46:20.616+0000] {processor.py:914} INFO - Processing file /opt/airflow/dags/my_dag.py for tasks to queue
[2025-04-21T16:46:20.618+0000] {logging_mixin.py:190} INFO - [2025-04-21T16:46:20.618+0000] {dagbag.py:588} INFO - Filling up the DagBag from /opt/airflow/dags/my_dag.py
[2025-04-21T16:46:20.637+0000] {processor.py:925} INFO - DAG(s) 'TFL_DATA_DAG' retrieved from /opt/airflow/dags/my_dag.py
[2025-04-21T16:46:20.654+0000] {logging_mixin.py:190} INFO - [2025-04-21T16:46:20.654+0000] {dag.py:3239} INFO - Sync 1 DAGs
[2025-04-21T16:46:20.673+0000] {logging_mixin.py:190} INFO - [2025-04-21T16:46:20.673+0000] {dag.py:4180} INFO - Setting next_dagrun for TFL_DATA_DAG to 2025-04-21 00:00:00+00:00, run_after=2025-04-22 00:00:00+00:00
[2025-04-21T16:46:20.694+0000] {processor.py:208} INFO - Processing /opt/airflow/dags/my_dag.py took 0.083 seconds
[2025-04-21T16:46:50.902+0000] {processor.py:186} INFO - Started process (PID=2160) to work on /opt/airflow/dags/my_dag.py
[2025-04-21T16:46:50.903+0000] {processor.py:914} INFO - Processing file /opt/airflow/dags/my_dag.py for tasks to queue
[2025-04-21T16:46:50.906+0000] {logging_mixin.py:190} INFO - [2025-04-21T16:46:50.905+0000] {dagbag.py:588} INFO - Filling up the DagBag from /opt/airflow/dags/my_dag.py
[2025-04-21T16:46:50.932+0000] {processor.py:925} INFO - DAG(s) 'TFL_DATA_DAG' retrieved from /opt/airflow/dags/my_dag.py
[2025-04-21T16:46:50.949+0000] {logging_mixin.py:190} INFO - [2025-04-21T16:46:50.949+0000] {dag.py:3239} INFO - Sync 1 DAGs
[2025-04-21T16:46:50.969+0000] {logging_mixin.py:190} INFO - [2025-04-21T16:46:50.968+0000] {dag.py:4180} INFO - Setting next_dagrun for TFL_DATA_DAG to 2025-04-21 00:00:00+00:00, run_after=2025-04-22 00:00:00+00:00
[2025-04-21T16:46:50.983+0000] {processor.py:208} INFO - Processing /opt/airflow/dags/my_dag.py took 0.085 seconds
[2025-04-21T16:47:21.203+0000] {processor.py:186} INFO - Started process (PID=2176) to work on /opt/airflow/dags/my_dag.py
[2025-04-21T16:47:21.204+0000] {processor.py:914} INFO - Processing file /opt/airflow/dags/my_dag.py for tasks to queue
[2025-04-21T16:47:21.207+0000] {logging_mixin.py:190} INFO - [2025-04-21T16:47:21.207+0000] {dagbag.py:588} INFO - Filling up the DagBag from /opt/airflow/dags/my_dag.py
[2025-04-21T16:47:21.239+0000] {processor.py:925} INFO - DAG(s) 'TFL_DATA_DAG' retrieved from /opt/airflow/dags/my_dag.py
[2025-04-21T16:47:21.260+0000] {logging_mixin.py:190} INFO - [2025-04-21T16:47:21.259+0000] {dag.py:3239} INFO - Sync 1 DAGs
[2025-04-21T16:47:21.282+0000] {logging_mixin.py:190} INFO - [2025-04-21T16:47:21.282+0000] {dag.py:4180} INFO - Setting next_dagrun for TFL_DATA_DAG to 2025-04-21 00:00:00+00:00, run_after=2025-04-22 00:00:00+00:00
[2025-04-21T16:47:21.299+0000] {processor.py:208} INFO - Processing /opt/airflow/dags/my_dag.py took 0.100 seconds
[2025-04-21T16:47:51.512+0000] {processor.py:186} INFO - Started process (PID=2192) to work on /opt/airflow/dags/my_dag.py
[2025-04-21T16:47:51.514+0000] {processor.py:914} INFO - Processing file /opt/airflow/dags/my_dag.py for tasks to queue
[2025-04-21T16:47:51.516+0000] {logging_mixin.py:190} INFO - [2025-04-21T16:47:51.516+0000] {dagbag.py:588} INFO - Filling up the DagBag from /opt/airflow/dags/my_dag.py
[2025-04-21T16:47:51.528+0000] {processor.py:925} INFO - DAG(s) 'TFL_DATA_DAG' retrieved from /opt/airflow/dags/my_dag.py
[2025-04-21T16:47:51.540+0000] {logging_mixin.py:190} INFO - [2025-04-21T16:47:51.540+0000] {dag.py:3239} INFO - Sync 1 DAGs
[2025-04-21T16:47:51.554+0000] {logging_mixin.py:190} INFO - [2025-04-21T16:47:51.554+0000] {dag.py:4180} INFO - Setting next_dagrun for TFL_DATA_DAG to 2025-04-21 00:00:00+00:00, run_after=2025-04-22 00:00:00+00:00
[2025-04-21T16:47:51.566+0000] {processor.py:208} INFO - Processing /opt/airflow/dags/my_dag.py took 0.058 seconds
[2025-04-21T16:48:21.794+0000] {processor.py:186} INFO - Started process (PID=2208) to work on /opt/airflow/dags/my_dag.py
[2025-04-21T16:48:21.795+0000] {processor.py:914} INFO - Processing file /opt/airflow/dags/my_dag.py for tasks to queue
[2025-04-21T16:48:21.799+0000] {logging_mixin.py:190} INFO - [2025-04-21T16:48:21.798+0000] {dagbag.py:588} INFO - Filling up the DagBag from /opt/airflow/dags/my_dag.py
[2025-04-21T16:48:21.837+0000] {processor.py:925} INFO - DAG(s) 'TFL_DATA_DAG' retrieved from /opt/airflow/dags/my_dag.py
[2025-04-21T16:48:21.857+0000] {logging_mixin.py:190} INFO - [2025-04-21T16:48:21.856+0000] {dag.py:3239} INFO - Sync 1 DAGs
[2025-04-21T16:48:21.878+0000] {logging_mixin.py:190} INFO - [2025-04-21T16:48:21.878+0000] {dag.py:4180} INFO - Setting next_dagrun for TFL_DATA_DAG to 2025-04-21 00:00:00+00:00, run_after=2025-04-22 00:00:00+00:00
[2025-04-21T16:48:21.895+0000] {processor.py:208} INFO - Processing /opt/airflow/dags/my_dag.py took 0.107 seconds
[2025-04-21T16:48:52.152+0000] {processor.py:186} INFO - Started process (PID=2224) to work on /opt/airflow/dags/my_dag.py
[2025-04-21T16:48:52.154+0000] {processor.py:914} INFO - Processing file /opt/airflow/dags/my_dag.py for tasks to queue
[2025-04-21T16:48:52.159+0000] {logging_mixin.py:190} INFO - [2025-04-21T16:48:52.159+0000] {dagbag.py:588} INFO - Filling up the DagBag from /opt/airflow/dags/my_dag.py
[2025-04-21T16:48:52.197+0000] {processor.py:925} INFO - DAG(s) 'TFL_DATA_DAG' retrieved from /opt/airflow/dags/my_dag.py
[2025-04-21T16:48:52.214+0000] {logging_mixin.py:190} INFO - [2025-04-21T16:48:52.214+0000] {dag.py:3239} INFO - Sync 1 DAGs
[2025-04-21T16:48:52.235+0000] {logging_mixin.py:190} INFO - [2025-04-21T16:48:52.235+0000] {dag.py:4180} INFO - Setting next_dagrun for TFL_DATA_DAG to 2025-04-21 00:00:00+00:00, run_after=2025-04-22 00:00:00+00:00
[2025-04-21T16:48:52.250+0000] {processor.py:208} INFO - Processing /opt/airflow/dags/my_dag.py took 0.103 seconds
[2025-04-21T16:49:22.451+0000] {processor.py:186} INFO - Started process (PID=2239) to work on /opt/airflow/dags/my_dag.py
[2025-04-21T16:49:22.452+0000] {processor.py:914} INFO - Processing file /opt/airflow/dags/my_dag.py for tasks to queue
[2025-04-21T16:49:22.454+0000] {logging_mixin.py:190} INFO - [2025-04-21T16:49:22.454+0000] {dagbag.py:588} INFO - Filling up the DagBag from /opt/airflow/dags/my_dag.py
[2025-04-21T16:49:22.503+0000] {processor.py:925} INFO - DAG(s) 'TFL_DATA_DAG' retrieved from /opt/airflow/dags/my_dag.py
[2025-04-21T16:49:22.518+0000] {logging_mixin.py:190} INFO - [2025-04-21T16:49:22.518+0000] {dag.py:3239} INFO - Sync 1 DAGs
[2025-04-21T16:49:22.536+0000] {logging_mixin.py:190} INFO - [2025-04-21T16:49:22.535+0000] {dag.py:4180} INFO - Setting next_dagrun for TFL_DATA_DAG to 2025-04-21 00:00:00+00:00, run_after=2025-04-22 00:00:00+00:00
[2025-04-21T16:49:22.548+0000] {processor.py:208} INFO - Processing /opt/airflow/dags/my_dag.py took 0.102 seconds
[2025-04-21T16:49:52.761+0000] {processor.py:186} INFO - Started process (PID=2255) to work on /opt/airflow/dags/my_dag.py
[2025-04-21T16:49:52.762+0000] {processor.py:914} INFO - Processing file /opt/airflow/dags/my_dag.py for tasks to queue
[2025-04-21T16:49:52.765+0000] {logging_mixin.py:190} INFO - [2025-04-21T16:49:52.764+0000] {dagbag.py:588} INFO - Filling up the DagBag from /opt/airflow/dags/my_dag.py
[2025-04-21T16:49:52.783+0000] {processor.py:925} INFO - DAG(s) 'TFL_DATA_DAG' retrieved from /opt/airflow/dags/my_dag.py
[2025-04-21T16:49:52.802+0000] {logging_mixin.py:190} INFO - [2025-04-21T16:49:52.802+0000] {dag.py:3239} INFO - Sync 1 DAGs
[2025-04-21T16:49:52.821+0000] {logging_mixin.py:190} INFO - [2025-04-21T16:49:52.820+0000] {dag.py:4180} INFO - Setting next_dagrun for TFL_DATA_DAG to 2025-04-21 00:00:00+00:00, run_after=2025-04-22 00:00:00+00:00
[2025-04-21T16:49:52.835+0000] {processor.py:208} INFO - Processing /opt/airflow/dags/my_dag.py took 0.078 seconds
[2025-04-21T16:50:23.166+0000] {processor.py:186} INFO - Started process (PID=2271) to work on /opt/airflow/dags/my_dag.py
[2025-04-21T16:50:23.170+0000] {processor.py:914} INFO - Processing file /opt/airflow/dags/my_dag.py for tasks to queue
[2025-04-21T16:50:23.175+0000] {logging_mixin.py:190} INFO - [2025-04-21T16:50:23.174+0000] {dagbag.py:588} INFO - Filling up the DagBag from /opt/airflow/dags/my_dag.py
[2025-04-21T16:50:23.228+0000] {processor.py:925} INFO - DAG(s) 'TFL_DATA_DAG' retrieved from /opt/airflow/dags/my_dag.py
[2025-04-21T16:50:23.256+0000] {logging_mixin.py:190} INFO - [2025-04-21T16:50:23.256+0000] {dag.py:3239} INFO - Sync 1 DAGs
[2025-04-21T16:50:23.308+0000] {logging_mixin.py:190} INFO - [2025-04-21T16:50:23.307+0000] {dag.py:4180} INFO - Setting next_dagrun for TFL_DATA_DAG to 2025-04-21 00:00:00+00:00, run_after=2025-04-22 00:00:00+00:00
[2025-04-21T16:50:23.411+0000] {processor.py:208} INFO - Processing /opt/airflow/dags/my_dag.py took 0.258 seconds
[2025-04-21T16:50:53.626+0000] {processor.py:186} INFO - Started process (PID=2287) to work on /opt/airflow/dags/my_dag.py
[2025-04-21T16:50:53.630+0000] {processor.py:914} INFO - Processing file /opt/airflow/dags/my_dag.py for tasks to queue
[2025-04-21T16:50:53.633+0000] {logging_mixin.py:190} INFO - [2025-04-21T16:50:53.633+0000] {dagbag.py:588} INFO - Filling up the DagBag from /opt/airflow/dags/my_dag.py
[2025-04-21T16:50:53.664+0000] {processor.py:925} INFO - DAG(s) 'TFL_DATA_DAG' retrieved from /opt/airflow/dags/my_dag.py
[2025-04-21T16:50:53.692+0000] {logging_mixin.py:190} INFO - [2025-04-21T16:50:53.692+0000] {dag.py:3239} INFO - Sync 1 DAGs
[2025-04-21T16:50:53.720+0000] {logging_mixin.py:190} INFO - [2025-04-21T16:50:53.720+0000] {dag.py:4180} INFO - Setting next_dagrun for TFL_DATA_DAG to 2025-04-21 00:00:00+00:00, run_after=2025-04-22 00:00:00+00:00
[2025-04-21T16:50:53.740+0000] {processor.py:208} INFO - Processing /opt/airflow/dags/my_dag.py took 0.118 seconds
[2025-04-21T16:51:23.964+0000] {processor.py:186} INFO - Started process (PID=2303) to work on /opt/airflow/dags/my_dag.py
[2025-04-21T16:51:23.966+0000] {processor.py:914} INFO - Processing file /opt/airflow/dags/my_dag.py for tasks to queue
[2025-04-21T16:51:23.970+0000] {logging_mixin.py:190} INFO - [2025-04-21T16:51:23.970+0000] {dagbag.py:588} INFO - Filling up the DagBag from /opt/airflow/dags/my_dag.py
[2025-04-21T16:51:24.028+0000] {processor.py:925} INFO - DAG(s) 'TFL_DATA_DAG' retrieved from /opt/airflow/dags/my_dag.py
[2025-04-21T16:51:24.053+0000] {logging_mixin.py:190} INFO - [2025-04-21T16:51:24.053+0000] {dag.py:3239} INFO - Sync 1 DAGs
[2025-04-21T16:51:24.074+0000] {logging_mixin.py:190} INFO - [2025-04-21T16:51:24.073+0000] {dag.py:4180} INFO - Setting next_dagrun for TFL_DATA_DAG to 2025-04-21 00:00:00+00:00, run_after=2025-04-22 00:00:00+00:00
[2025-04-21T16:51:24.088+0000] {processor.py:208} INFO - Processing /opt/airflow/dags/my_dag.py took 0.132 seconds
[2025-04-21T16:51:54.216+0000] {processor.py:186} INFO - Started process (PID=2319) to work on /opt/airflow/dags/my_dag.py
[2025-04-21T16:51:54.218+0000] {processor.py:914} INFO - Processing file /opt/airflow/dags/my_dag.py for tasks to queue
[2025-04-21T16:51:54.221+0000] {logging_mixin.py:190} INFO - [2025-04-21T16:51:54.220+0000] {dagbag.py:588} INFO - Filling up the DagBag from /opt/airflow/dags/my_dag.py
[2025-04-21T16:51:54.269+0000] {processor.py:925} INFO - DAG(s) 'TFL_DATA_DAG' retrieved from /opt/airflow/dags/my_dag.py
[2025-04-21T16:51:54.293+0000] {logging_mixin.py:190} INFO - [2025-04-21T16:51:54.292+0000] {dag.py:3239} INFO - Sync 1 DAGs
[2025-04-21T16:51:54.316+0000] {logging_mixin.py:190} INFO - [2025-04-21T16:51:54.316+0000] {dag.py:4180} INFO - Setting next_dagrun for TFL_DATA_DAG to 2025-04-21 00:00:00+00:00, run_after=2025-04-22 00:00:00+00:00
[2025-04-21T16:51:54.332+0000] {processor.py:208} INFO - Processing /opt/airflow/dags/my_dag.py took 0.120 seconds
[2025-04-21T16:52:24.669+0000] {processor.py:186} INFO - Started process (PID=2335) to work on /opt/airflow/dags/my_dag.py
[2025-04-21T16:52:24.673+0000] {processor.py:914} INFO - Processing file /opt/airflow/dags/my_dag.py for tasks to queue
[2025-04-21T16:52:24.680+0000] {logging_mixin.py:190} INFO - [2025-04-21T16:52:24.680+0000] {dagbag.py:588} INFO - Filling up the DagBag from /opt/airflow/dags/my_dag.py
[2025-04-21T16:52:24.844+0000] {processor.py:925} INFO - DAG(s) 'TFL_DATA_DAG' retrieved from /opt/airflow/dags/my_dag.py
[2025-04-21T16:52:24.881+0000] {logging_mixin.py:190} INFO - [2025-04-21T16:52:24.881+0000] {dag.py:3239} INFO - Sync 1 DAGs
[2025-04-21T16:52:24.916+0000] {logging_mixin.py:190} INFO - [2025-04-21T16:52:24.915+0000] {dag.py:4180} INFO - Setting next_dagrun for TFL_DATA_DAG to 2025-04-21 00:00:00+00:00, run_after=2025-04-22 00:00:00+00:00
[2025-04-21T16:52:24.957+0000] {processor.py:208} INFO - Processing /opt/airflow/dags/my_dag.py took 0.299 seconds
[2025-04-21T16:52:55.105+0000] {processor.py:186} INFO - Started process (PID=2351) to work on /opt/airflow/dags/my_dag.py
[2025-04-21T16:52:55.108+0000] {processor.py:914} INFO - Processing file /opt/airflow/dags/my_dag.py for tasks to queue
[2025-04-21T16:52:55.113+0000] {logging_mixin.py:190} INFO - [2025-04-21T16:52:55.113+0000] {dagbag.py:588} INFO - Filling up the DagBag from /opt/airflow/dags/my_dag.py
[2025-04-21T16:52:55.149+0000] {processor.py:925} INFO - DAG(s) 'TFL_DATA_DAG' retrieved from /opt/airflow/dags/my_dag.py
[2025-04-21T16:52:55.175+0000] {logging_mixin.py:190} INFO - [2025-04-21T16:52:55.174+0000] {dag.py:3239} INFO - Sync 1 DAGs
[2025-04-21T16:52:55.217+0000] {logging_mixin.py:190} INFO - [2025-04-21T16:52:55.217+0000] {dag.py:4180} INFO - Setting next_dagrun for TFL_DATA_DAG to 2025-04-21 00:00:00+00:00, run_after=2025-04-22 00:00:00+00:00
[2025-04-21T16:52:55.244+0000] {processor.py:208} INFO - Processing /opt/airflow/dags/my_dag.py took 0.144 seconds
[2025-04-21T16:53:25.308+0000] {processor.py:186} INFO - Started process (PID=2367) to work on /opt/airflow/dags/my_dag.py
[2025-04-21T16:53:25.309+0000] {processor.py:914} INFO - Processing file /opt/airflow/dags/my_dag.py for tasks to queue
[2025-04-21T16:53:25.311+0000] {logging_mixin.py:190} INFO - [2025-04-21T16:53:25.311+0000] {dagbag.py:588} INFO - Filling up the DagBag from /opt/airflow/dags/my_dag.py
[2025-04-21T16:53:25.339+0000] {processor.py:925} INFO - DAG(s) 'TFL_DATA_DAG' retrieved from /opt/airflow/dags/my_dag.py
[2025-04-21T16:53:25.353+0000] {logging_mixin.py:190} INFO - [2025-04-21T16:53:25.353+0000] {dag.py:3239} INFO - Sync 1 DAGs
[2025-04-21T16:53:25.369+0000] {logging_mixin.py:190} INFO - [2025-04-21T16:53:25.369+0000] {dag.py:4180} INFO - Setting next_dagrun for TFL_DATA_DAG to 2025-04-21 00:00:00+00:00, run_after=2025-04-22 00:00:00+00:00
[2025-04-21T16:53:25.383+0000] {processor.py:208} INFO - Processing /opt/airflow/dags/my_dag.py took 0.079 seconds
[2025-04-21T16:53:55.692+0000] {processor.py:186} INFO - Started process (PID=2383) to work on /opt/airflow/dags/my_dag.py
[2025-04-21T16:53:55.694+0000] {processor.py:914} INFO - Processing file /opt/airflow/dags/my_dag.py for tasks to queue
[2025-04-21T16:53:55.699+0000] {logging_mixin.py:190} INFO - [2025-04-21T16:53:55.699+0000] {dagbag.py:588} INFO - Filling up the DagBag from /opt/airflow/dags/my_dag.py
[2025-04-21T16:53:55.753+0000] {processor.py:925} INFO - DAG(s) 'TFL_DATA_DAG' retrieved from /opt/airflow/dags/my_dag.py
[2025-04-21T16:53:55.777+0000] {logging_mixin.py:190} INFO - [2025-04-21T16:53:55.777+0000] {dag.py:3239} INFO - Sync 1 DAGs
[2025-04-21T16:53:55.804+0000] {logging_mixin.py:190} INFO - [2025-04-21T16:53:55.804+0000] {dag.py:4180} INFO - Setting next_dagrun for TFL_DATA_DAG to 2025-04-21 00:00:00+00:00, run_after=2025-04-22 00:00:00+00:00
[2025-04-21T16:53:55.825+0000] {processor.py:208} INFO - Processing /opt/airflow/dags/my_dag.py took 0.142 seconds
[2025-04-21T16:54:26.064+0000] {processor.py:186} INFO - Started process (PID=2400) to work on /opt/airflow/dags/my_dag.py
[2025-04-21T16:54:26.066+0000] {processor.py:914} INFO - Processing file /opt/airflow/dags/my_dag.py for tasks to queue
[2025-04-21T16:54:26.069+0000] {logging_mixin.py:190} INFO - [2025-04-21T16:54:26.069+0000] {dagbag.py:588} INFO - Filling up the DagBag from /opt/airflow/dags/my_dag.py
[2025-04-21T16:54:26.089+0000] {processor.py:925} INFO - DAG(s) 'TFL_DATA_DAG' retrieved from /opt/airflow/dags/my_dag.py
[2025-04-21T16:54:26.109+0000] {logging_mixin.py:190} INFO - [2025-04-21T16:54:26.109+0000] {dag.py:3239} INFO - Sync 1 DAGs
[2025-04-21T16:54:26.130+0000] {logging_mixin.py:190} INFO - [2025-04-21T16:54:26.130+0000] {dag.py:4180} INFO - Setting next_dagrun for TFL_DATA_DAG to 2025-04-21 00:00:00+00:00, run_after=2025-04-22 00:00:00+00:00
[2025-04-21T16:54:26.147+0000] {processor.py:208} INFO - Processing /opt/airflow/dags/my_dag.py took 0.088 seconds
[2025-04-21T16:54:56.433+0000] {processor.py:186} INFO - Started process (PID=2416) to work on /opt/airflow/dags/my_dag.py
[2025-04-21T16:54:56.436+0000] {processor.py:914} INFO - Processing file /opt/airflow/dags/my_dag.py for tasks to queue
[2025-04-21T16:54:56.441+0000] {logging_mixin.py:190} INFO - [2025-04-21T16:54:56.440+0000] {dagbag.py:588} INFO - Filling up the DagBag from /opt/airflow/dags/my_dag.py
[2025-04-21T16:54:56.495+0000] {processor.py:925} INFO - DAG(s) 'TFL_DATA_DAG' retrieved from /opt/airflow/dags/my_dag.py
[2025-04-21T16:54:56.523+0000] {logging_mixin.py:190} INFO - [2025-04-21T16:54:56.523+0000] {dag.py:3239} INFO - Sync 1 DAGs
[2025-04-21T16:54:56.583+0000] {logging_mixin.py:190} INFO - [2025-04-21T16:54:56.582+0000] {dag.py:4180} INFO - Setting next_dagrun for TFL_DATA_DAG to 2025-04-21 00:00:00+00:00, run_after=2025-04-22 00:00:00+00:00
[2025-04-21T16:54:56.610+0000] {processor.py:208} INFO - Processing /opt/airflow/dags/my_dag.py took 0.185 seconds
