[2025-04-29T10:26:36.932+0000] {processor.py:186} INFO - Started process (PID=3917) to work on /opt/airflow/dags/dag_with_python_operator.py
[2025-04-29T10:26:36.939+0000] {processor.py:914} INFO - Processing file /opt/airflow/dags/dag_with_python_operator.py for tasks to queue
[2025-04-29T10:26:36.947+0000] {logging_mixin.py:190} INFO - [2025-04-29T10:26:36.945+0000] {dagbag.py:588} INFO - Filling up the DagBag from /opt/airflow/dags/dag_with_python_operator.py
[2025-04-29T10:26:37.002+0000] {processor.py:925} INFO - DAG(s) 'first_with_python_v4' retrieved from /opt/airflow/dags/dag_with_python_operator.py
[2025-04-29T10:26:37.050+0000] {logging_mixin.py:190} INFO - [2025-04-29T10:26:37.049+0000] {dag.py:3239} INFO - Sync 1 DAGs
[2025-04-29T10:26:37.097+0000] {logging_mixin.py:190} INFO - [2025-04-29T10:26:37.097+0000] {dag.py:4180} INFO - Setting next_dagrun for first_with_python_v4 to 2025-02-28 00:00:00+00:00, run_after=2025-03-01 00:00:00+00:00
[2025-04-29T10:26:37.142+0000] {processor.py:208} INFO - Processing /opt/airflow/dags/dag_with_python_operator.py took 0.221 seconds
[2025-04-29T10:27:07.433+0000] {processor.py:186} INFO - Started process (PID=3942) to work on /opt/airflow/dags/dag_with_python_operator.py
[2025-04-29T10:27:07.437+0000] {processor.py:914} INFO - Processing file /opt/airflow/dags/dag_with_python_operator.py for tasks to queue
[2025-04-29T10:27:07.444+0000] {logging_mixin.py:190} INFO - [2025-04-29T10:27:07.444+0000] {dagbag.py:588} INFO - Filling up the DagBag from /opt/airflow/dags/dag_with_python_operator.py
[2025-04-29T10:27:07.495+0000] {processor.py:925} INFO - DAG(s) 'first_with_python_v4' retrieved from /opt/airflow/dags/dag_with_python_operator.py
[2025-04-29T10:27:07.547+0000] {logging_mixin.py:190} INFO - [2025-04-29T10:27:07.546+0000] {dag.py:3239} INFO - Sync 1 DAGs
[2025-04-29T10:27:07.590+0000] {logging_mixin.py:190} INFO - [2025-04-29T10:27:07.590+0000] {dag.py:4180} INFO - Setting next_dagrun for first_with_python_v4 to 2025-02-28 00:00:00+00:00, run_after=2025-03-01 00:00:00+00:00
[2025-04-29T10:27:07.631+0000] {processor.py:208} INFO - Processing /opt/airflow/dags/dag_with_python_operator.py took 0.209 seconds
[2025-04-29T10:27:37.815+0000] {processor.py:186} INFO - Started process (PID=3967) to work on /opt/airflow/dags/dag_with_python_operator.py
[2025-04-29T10:27:37.816+0000] {processor.py:914} INFO - Processing file /opt/airflow/dags/dag_with_python_operator.py for tasks to queue
[2025-04-29T10:27:37.820+0000] {logging_mixin.py:190} INFO - [2025-04-29T10:27:37.819+0000] {dagbag.py:588} INFO - Filling up the DagBag from /opt/airflow/dags/dag_with_python_operator.py
[2025-04-29T10:27:37.835+0000] {processor.py:925} INFO - DAG(s) 'first_with_python_v4' retrieved from /opt/airflow/dags/dag_with_python_operator.py
[2025-04-29T10:27:37.858+0000] {logging_mixin.py:190} INFO - [2025-04-29T10:27:37.857+0000] {dag.py:3239} INFO - Sync 1 DAGs
[2025-04-29T10:27:37.878+0000] {logging_mixin.py:190} INFO - [2025-04-29T10:27:37.878+0000] {dag.py:4180} INFO - Setting next_dagrun for first_with_python_v4 to 2025-02-28 00:00:00+00:00, run_after=2025-03-01 00:00:00+00:00
[2025-04-29T10:27:37.896+0000] {processor.py:208} INFO - Processing /opt/airflow/dags/dag_with_python_operator.py took 0.087 seconds
[2025-04-29T10:28:08.515+0000] {processor.py:186} INFO - Started process (PID=3991) to work on /opt/airflow/dags/dag_with_python_operator.py
[2025-04-29T10:28:08.522+0000] {processor.py:914} INFO - Processing file /opt/airflow/dags/dag_with_python_operator.py for tasks to queue
[2025-04-29T10:28:08.533+0000] {logging_mixin.py:190} INFO - [2025-04-29T10:28:08.532+0000] {dagbag.py:588} INFO - Filling up the DagBag from /opt/airflow/dags/dag_with_python_operator.py
[2025-04-29T10:28:08.619+0000] {processor.py:925} INFO - DAG(s) 'first_with_python_v4' retrieved from /opt/airflow/dags/dag_with_python_operator.py
[2025-04-29T10:28:08.707+0000] {logging_mixin.py:190} INFO - [2025-04-29T10:28:08.705+0000] {dag.py:3239} INFO - Sync 1 DAGs
[2025-04-29T10:28:08.745+0000] {logging_mixin.py:190} INFO - [2025-04-29T10:28:08.745+0000] {dag.py:4180} INFO - Setting next_dagrun for first_with_python_v4 to 2025-02-28 00:00:00+00:00, run_after=2025-03-01 00:00:00+00:00
[2025-04-29T10:28:08.793+0000] {processor.py:208} INFO - Processing /opt/airflow/dags/dag_with_python_operator.py took 0.297 seconds
[2025-04-29T10:28:39.315+0000] {processor.py:186} INFO - Started process (PID=4015) to work on /opt/airflow/dags/dag_with_python_operator.py
[2025-04-29T10:28:39.321+0000] {processor.py:914} INFO - Processing file /opt/airflow/dags/dag_with_python_operator.py for tasks to queue
[2025-04-29T10:28:39.333+0000] {logging_mixin.py:190} INFO - [2025-04-29T10:28:39.331+0000] {dagbag.py:588} INFO - Filling up the DagBag from /opt/airflow/dags/dag_with_python_operator.py
[2025-04-29T10:28:39.387+0000] {processor.py:925} INFO - DAG(s) 'first_with_python_v4' retrieved from /opt/airflow/dags/dag_with_python_operator.py
[2025-04-29T10:28:39.425+0000] {logging_mixin.py:190} INFO - [2025-04-29T10:28:39.425+0000] {dag.py:3239} INFO - Sync 1 DAGs
[2025-04-29T10:28:39.454+0000] {logging_mixin.py:190} INFO - [2025-04-29T10:28:39.453+0000] {dag.py:4180} INFO - Setting next_dagrun for first_with_python_v4 to 2025-02-28 00:00:00+00:00, run_after=2025-03-01 00:00:00+00:00
[2025-04-29T10:28:39.487+0000] {processor.py:208} INFO - Processing /opt/airflow/dags/dag_with_python_operator.py took 0.189 seconds
[2025-04-29T10:29:09.916+0000] {processor.py:186} INFO - Started process (PID=4039) to work on /opt/airflow/dags/dag_with_python_operator.py
[2025-04-29T10:29:09.919+0000] {processor.py:914} INFO - Processing file /opt/airflow/dags/dag_with_python_operator.py for tasks to queue
[2025-04-29T10:29:09.926+0000] {logging_mixin.py:190} INFO - [2025-04-29T10:29:09.926+0000] {dagbag.py:588} INFO - Filling up the DagBag from /opt/airflow/dags/dag_with_python_operator.py
[2025-04-29T10:29:09.966+0000] {processor.py:925} INFO - DAG(s) 'first_with_python_v4' retrieved from /opt/airflow/dags/dag_with_python_operator.py
[2025-04-29T10:29:10.007+0000] {logging_mixin.py:190} INFO - [2025-04-29T10:29:10.006+0000] {dag.py:3239} INFO - Sync 1 DAGs
[2025-04-29T10:29:10.035+0000] {logging_mixin.py:190} INFO - [2025-04-29T10:29:10.034+0000] {dag.py:4180} INFO - Setting next_dagrun for first_with_python_v4 to 2025-02-28 00:00:00+00:00, run_after=2025-03-01 00:00:00+00:00
[2025-04-29T10:29:10.061+0000] {processor.py:208} INFO - Processing /opt/airflow/dags/dag_with_python_operator.py took 0.155 seconds
[2025-04-29T10:29:40.286+0000] {processor.py:186} INFO - Started process (PID=4064) to work on /opt/airflow/dags/dag_with_python_operator.py
[2025-04-29T10:29:40.288+0000] {processor.py:914} INFO - Processing file /opt/airflow/dags/dag_with_python_operator.py for tasks to queue
[2025-04-29T10:29:40.293+0000] {logging_mixin.py:190} INFO - [2025-04-29T10:29:40.293+0000] {dagbag.py:588} INFO - Filling up the DagBag from /opt/airflow/dags/dag_with_python_operator.py
[2025-04-29T10:29:40.332+0000] {processor.py:925} INFO - DAG(s) 'first_with_python_v4' retrieved from /opt/airflow/dags/dag_with_python_operator.py
[2025-04-29T10:29:40.349+0000] {logging_mixin.py:190} INFO - [2025-04-29T10:29:40.348+0000] {dag.py:3239} INFO - Sync 1 DAGs
[2025-04-29T10:29:40.367+0000] {logging_mixin.py:190} INFO - [2025-04-29T10:29:40.367+0000] {dag.py:4180} INFO - Setting next_dagrun for first_with_python_v4 to 2025-02-28 00:00:00+00:00, run_after=2025-03-01 00:00:00+00:00
[2025-04-29T10:29:40.383+0000] {processor.py:208} INFO - Processing /opt/airflow/dags/dag_with_python_operator.py took 0.102 seconds
[2025-04-29T10:46:17.374+0000] {processor.py:186} INFO - Started process (PID=4085) to work on /opt/airflow/dags/dag_with_python_operator.py
[2025-04-29T10:46:17.376+0000] {processor.py:914} INFO - Processing file /opt/airflow/dags/dag_with_python_operator.py for tasks to queue
[2025-04-29T10:46:17.378+0000] {logging_mixin.py:190} INFO - [2025-04-29T10:46:17.378+0000] {dagbag.py:588} INFO - Filling up the DagBag from /opt/airflow/dags/dag_with_python_operator.py
[2025-04-29T10:46:17.401+0000] {processor.py:925} INFO - DAG(s) 'first_with_python_v4' retrieved from /opt/airflow/dags/dag_with_python_operator.py
[2025-04-29T10:46:17.419+0000] {logging_mixin.py:190} INFO - [2025-04-29T10:46:17.419+0000] {dag.py:3239} INFO - Sync 1 DAGs
[2025-04-29T10:46:17.435+0000] {logging_mixin.py:190} INFO - [2025-04-29T10:46:17.435+0000] {dag.py:4180} INFO - Setting next_dagrun for first_with_python_v4 to 2025-02-28 00:00:00+00:00, run_after=2025-03-01 00:00:00+00:00
[2025-04-29T10:46:17.448+0000] {processor.py:208} INFO - Processing /opt/airflow/dags/dag_with_python_operator.py took 0.078 seconds
[2025-04-29T10:46:47.652+0000] {processor.py:186} INFO - Started process (PID=4110) to work on /opt/airflow/dags/dag_with_python_operator.py
[2025-04-29T10:46:47.654+0000] {processor.py:914} INFO - Processing file /opt/airflow/dags/dag_with_python_operator.py for tasks to queue
[2025-04-29T10:46:47.656+0000] {logging_mixin.py:190} INFO - [2025-04-29T10:46:47.656+0000] {dagbag.py:588} INFO - Filling up the DagBag from /opt/airflow/dags/dag_with_python_operator.py
[2025-04-29T10:46:47.680+0000] {processor.py:925} INFO - DAG(s) 'first_with_python_v4' retrieved from /opt/airflow/dags/dag_with_python_operator.py
[2025-04-29T10:46:47.696+0000] {logging_mixin.py:190} INFO - [2025-04-29T10:46:47.696+0000] {dag.py:3239} INFO - Sync 1 DAGs
[2025-04-29T10:46:47.710+0000] {logging_mixin.py:190} INFO - [2025-04-29T10:46:47.709+0000] {dag.py:4180} INFO - Setting next_dagrun for first_with_python_v4 to 2025-02-28 00:00:00+00:00, run_after=2025-03-01 00:00:00+00:00
[2025-04-29T10:46:47.721+0000] {processor.py:208} INFO - Processing /opt/airflow/dags/dag_with_python_operator.py took 0.074 seconds
[2025-04-29T10:47:17.982+0000] {processor.py:186} INFO - Started process (PID=4135) to work on /opt/airflow/dags/dag_with_python_operator.py
[2025-04-29T10:47:17.984+0000] {processor.py:914} INFO - Processing file /opt/airflow/dags/dag_with_python_operator.py for tasks to queue
[2025-04-29T10:47:17.987+0000] {logging_mixin.py:190} INFO - [2025-04-29T10:47:17.987+0000] {dagbag.py:588} INFO - Filling up the DagBag from /opt/airflow/dags/dag_with_python_operator.py
[2025-04-29T10:47:18.007+0000] {processor.py:925} INFO - DAG(s) 'first_with_python_v4' retrieved from /opt/airflow/dags/dag_with_python_operator.py
[2025-04-29T10:47:18.025+0000] {logging_mixin.py:190} INFO - [2025-04-29T10:47:18.024+0000] {dag.py:3239} INFO - Sync 1 DAGs
[2025-04-29T10:47:18.041+0000] {logging_mixin.py:190} INFO - [2025-04-29T10:47:18.040+0000] {dag.py:4180} INFO - Setting next_dagrun for first_with_python_v4 to 2025-02-28 00:00:00+00:00, run_after=2025-03-01 00:00:00+00:00
[2025-04-29T10:47:18.053+0000] {processor.py:208} INFO - Processing /opt/airflow/dags/dag_with_python_operator.py took 0.075 seconds
[2025-04-29T10:47:48.333+0000] {processor.py:186} INFO - Started process (PID=4167) to work on /opt/airflow/dags/dag_with_python_operator.py
[2025-04-29T10:47:48.335+0000] {processor.py:914} INFO - Processing file /opt/airflow/dags/dag_with_python_operator.py for tasks to queue
[2025-04-29T10:47:48.340+0000] {logging_mixin.py:190} INFO - [2025-04-29T10:47:48.339+0000] {dagbag.py:588} INFO - Filling up the DagBag from /opt/airflow/dags/dag_with_python_operator.py
[2025-04-29T10:47:48.371+0000] {processor.py:925} INFO - DAG(s) 'first_with_python_v4' retrieved from /opt/airflow/dags/dag_with_python_operator.py
[2025-04-29T10:47:48.390+0000] {logging_mixin.py:190} INFO - [2025-04-29T10:47:48.390+0000] {dag.py:3239} INFO - Sync 1 DAGs
[2025-04-29T10:47:48.406+0000] {logging_mixin.py:190} INFO - [2025-04-29T10:47:48.406+0000] {dag.py:4180} INFO - Setting next_dagrun for first_with_python_v4 to 2025-02-28 00:00:00+00:00, run_after=2025-03-01 00:00:00+00:00
[2025-04-29T10:47:48.420+0000] {processor.py:208} INFO - Processing /opt/airflow/dags/dag_with_python_operator.py took 0.094 seconds
[2025-04-29T10:48:18.706+0000] {processor.py:186} INFO - Started process (PID=4188) to work on /opt/airflow/dags/dag_with_python_operator.py
[2025-04-29T10:48:18.707+0000] {processor.py:914} INFO - Processing file /opt/airflow/dags/dag_with_python_operator.py for tasks to queue
[2025-04-29T10:48:18.711+0000] {logging_mixin.py:190} INFO - [2025-04-29T10:48:18.710+0000] {dagbag.py:588} INFO - Filling up the DagBag from /opt/airflow/dags/dag_with_python_operator.py
[2025-04-29T10:48:18.726+0000] {processor.py:925} INFO - DAG(s) 'first_with_python_v4' retrieved from /opt/airflow/dags/dag_with_python_operator.py
[2025-04-29T10:48:18.739+0000] {logging_mixin.py:190} INFO - [2025-04-29T10:48:18.739+0000] {dag.py:3239} INFO - Sync 1 DAGs
[2025-04-29T10:48:18.753+0000] {logging_mixin.py:190} INFO - [2025-04-29T10:48:18.752+0000] {dag.py:4180} INFO - Setting next_dagrun for first_with_python_v4 to 2025-02-28 00:00:00+00:00, run_after=2025-03-01 00:00:00+00:00
[2025-04-29T10:48:18.763+0000] {processor.py:208} INFO - Processing /opt/airflow/dags/dag_with_python_operator.py took 0.063 seconds
[2025-04-29T10:48:49.053+0000] {processor.py:186} INFO - Started process (PID=4220) to work on /opt/airflow/dags/dag_with_python_operator.py
[2025-04-29T10:48:49.054+0000] {processor.py:914} INFO - Processing file /opt/airflow/dags/dag_with_python_operator.py for tasks to queue
[2025-04-29T10:48:49.056+0000] {logging_mixin.py:190} INFO - [2025-04-29T10:48:49.056+0000] {dagbag.py:588} INFO - Filling up the DagBag from /opt/airflow/dags/dag_with_python_operator.py
[2025-04-29T10:48:49.067+0000] {processor.py:925} INFO - DAG(s) 'first_with_python_v4' retrieved from /opt/airflow/dags/dag_with_python_operator.py
[2025-04-29T10:48:49.080+0000] {logging_mixin.py:190} INFO - [2025-04-29T10:48:49.079+0000] {dag.py:3239} INFO - Sync 1 DAGs
[2025-04-29T10:48:49.092+0000] {logging_mixin.py:190} INFO - [2025-04-29T10:48:49.092+0000] {dag.py:4180} INFO - Setting next_dagrun for first_with_python_v4 to 2025-02-28 00:00:00+00:00, run_after=2025-03-01 00:00:00+00:00
[2025-04-29T10:48:49.102+0000] {processor.py:208} INFO - Processing /opt/airflow/dags/dag_with_python_operator.py took 0.052 seconds
[2025-04-29T10:49:19.372+0000] {processor.py:186} INFO - Started process (PID=4241) to work on /opt/airflow/dags/dag_with_python_operator.py
[2025-04-29T10:49:19.373+0000] {processor.py:914} INFO - Processing file /opt/airflow/dags/dag_with_python_operator.py for tasks to queue
[2025-04-29T10:49:19.375+0000] {logging_mixin.py:190} INFO - [2025-04-29T10:49:19.375+0000] {dagbag.py:588} INFO - Filling up the DagBag from /opt/airflow/dags/dag_with_python_operator.py
[2025-04-29T10:49:19.388+0000] {processor.py:925} INFO - DAG(s) 'first_with_python_v4' retrieved from /opt/airflow/dags/dag_with_python_operator.py
[2025-04-29T10:49:19.402+0000] {logging_mixin.py:190} INFO - [2025-04-29T10:49:19.402+0000] {dag.py:3239} INFO - Sync 1 DAGs
[2025-04-29T10:49:19.417+0000] {logging_mixin.py:190} INFO - [2025-04-29T10:49:19.417+0000] {dag.py:4180} INFO - Setting next_dagrun for first_with_python_v4 to 2025-02-28 00:00:00+00:00, run_after=2025-03-01 00:00:00+00:00
[2025-04-29T10:49:19.429+0000] {processor.py:208} INFO - Processing /opt/airflow/dags/dag_with_python_operator.py took 0.060 seconds
[2025-04-29T10:49:49.732+0000] {processor.py:186} INFO - Started process (PID=4273) to work on /opt/airflow/dags/dag_with_python_operator.py
[2025-04-29T10:49:49.733+0000] {processor.py:914} INFO - Processing file /opt/airflow/dags/dag_with_python_operator.py for tasks to queue
[2025-04-29T10:49:49.735+0000] {logging_mixin.py:190} INFO - [2025-04-29T10:49:49.735+0000] {dagbag.py:588} INFO - Filling up the DagBag from /opt/airflow/dags/dag_with_python_operator.py
[2025-04-29T10:49:49.749+0000] {processor.py:925} INFO - DAG(s) 'first_with_python_v4' retrieved from /opt/airflow/dags/dag_with_python_operator.py
[2025-04-29T10:49:49.763+0000] {logging_mixin.py:190} INFO - [2025-04-29T10:49:49.763+0000] {dag.py:3239} INFO - Sync 1 DAGs
[2025-04-29T10:49:49.776+0000] {logging_mixin.py:190} INFO - [2025-04-29T10:49:49.776+0000] {dag.py:4180} INFO - Setting next_dagrun for first_with_python_v4 to 2025-02-28 00:00:00+00:00, run_after=2025-03-01 00:00:00+00:00
[2025-04-29T10:49:49.789+0000] {processor.py:208} INFO - Processing /opt/airflow/dags/dag_with_python_operator.py took 0.061 seconds
[2025-04-29T10:50:20.135+0000] {processor.py:186} INFO - Started process (PID=4294) to work on /opt/airflow/dags/dag_with_python_operator.py
[2025-04-29T10:50:20.137+0000] {processor.py:914} INFO - Processing file /opt/airflow/dags/dag_with_python_operator.py for tasks to queue
[2025-04-29T10:50:20.140+0000] {logging_mixin.py:190} INFO - [2025-04-29T10:50:20.140+0000] {dagbag.py:588} INFO - Filling up the DagBag from /opt/airflow/dags/dag_with_python_operator.py
[2025-04-29T10:50:20.164+0000] {processor.py:925} INFO - DAG(s) 'first_with_python_v4' retrieved from /opt/airflow/dags/dag_with_python_operator.py
[2025-04-29T10:50:20.179+0000] {logging_mixin.py:190} INFO - [2025-04-29T10:50:20.179+0000] {dag.py:3239} INFO - Sync 1 DAGs
[2025-04-29T10:50:20.194+0000] {logging_mixin.py:190} INFO - [2025-04-29T10:50:20.194+0000] {dag.py:4180} INFO - Setting next_dagrun for first_with_python_v4 to 2025-02-28 00:00:00+00:00, run_after=2025-03-01 00:00:00+00:00
[2025-04-29T10:50:20.207+0000] {processor.py:208} INFO - Processing /opt/airflow/dags/dag_with_python_operator.py took 0.076 seconds
[2025-04-29T10:50:50.563+0000] {processor.py:186} INFO - Started process (PID=4325) to work on /opt/airflow/dags/dag_with_python_operator.py
[2025-04-29T10:50:50.564+0000] {processor.py:914} INFO - Processing file /opt/airflow/dags/dag_with_python_operator.py for tasks to queue
[2025-04-29T10:50:50.566+0000] {logging_mixin.py:190} INFO - [2025-04-29T10:50:50.566+0000] {dagbag.py:588} INFO - Filling up the DagBag from /opt/airflow/dags/dag_with_python_operator.py
[2025-04-29T10:50:50.591+0000] {processor.py:925} INFO - DAG(s) 'first_with_python_v4' retrieved from /opt/airflow/dags/dag_with_python_operator.py
[2025-04-29T10:50:50.606+0000] {logging_mixin.py:190} INFO - [2025-04-29T10:50:50.605+0000] {dag.py:3239} INFO - Sync 1 DAGs
[2025-04-29T10:50:50.620+0000] {logging_mixin.py:190} INFO - [2025-04-29T10:50:50.620+0000] {dag.py:4180} INFO - Setting next_dagrun for first_with_python_v4 to 2025-02-28 00:00:00+00:00, run_after=2025-03-01 00:00:00+00:00
[2025-04-29T10:50:50.631+0000] {processor.py:208} INFO - Processing /opt/airflow/dags/dag_with_python_operator.py took 0.073 seconds
[2025-04-29T10:51:20.959+0000] {processor.py:186} INFO - Started process (PID=4346) to work on /opt/airflow/dags/dag_with_python_operator.py
[2025-04-29T10:51:20.960+0000] {processor.py:914} INFO - Processing file /opt/airflow/dags/dag_with_python_operator.py for tasks to queue
[2025-04-29T10:51:20.963+0000] {logging_mixin.py:190} INFO - [2025-04-29T10:51:20.963+0000] {dagbag.py:588} INFO - Filling up the DagBag from /opt/airflow/dags/dag_with_python_operator.py
[2025-04-29T10:51:20.989+0000] {processor.py:925} INFO - DAG(s) 'first_with_python_v4' retrieved from /opt/airflow/dags/dag_with_python_operator.py
[2025-04-29T10:51:21.004+0000] {logging_mixin.py:190} INFO - [2025-04-29T10:51:21.003+0000] {dag.py:3239} INFO - Sync 1 DAGs
[2025-04-29T10:51:21.018+0000] {logging_mixin.py:190} INFO - [2025-04-29T10:51:21.018+0000] {dag.py:4180} INFO - Setting next_dagrun for first_with_python_v4 to 2025-02-28 00:00:00+00:00, run_after=2025-03-01 00:00:00+00:00
[2025-04-29T10:51:21.030+0000] {processor.py:208} INFO - Processing /opt/airflow/dags/dag_with_python_operator.py took 0.078 seconds
[2025-04-29T10:51:51.278+0000] {processor.py:186} INFO - Started process (PID=4378) to work on /opt/airflow/dags/dag_with_python_operator.py
[2025-04-29T10:51:51.280+0000] {processor.py:914} INFO - Processing file /opt/airflow/dags/dag_with_python_operator.py for tasks to queue
[2025-04-29T10:51:51.282+0000] {logging_mixin.py:190} INFO - [2025-04-29T10:51:51.281+0000] {dagbag.py:588} INFO - Filling up the DagBag from /opt/airflow/dags/dag_with_python_operator.py
[2025-04-29T10:51:51.293+0000] {processor.py:925} INFO - DAG(s) 'first_with_python_v4' retrieved from /opt/airflow/dags/dag_with_python_operator.py
[2025-04-29T10:51:51.307+0000] {logging_mixin.py:190} INFO - [2025-04-29T10:51:51.306+0000] {dag.py:3239} INFO - Sync 1 DAGs
[2025-04-29T10:51:51.321+0000] {logging_mixin.py:190} INFO - [2025-04-29T10:51:51.321+0000] {dag.py:4180} INFO - Setting next_dagrun for first_with_python_v4 to 2025-02-28 00:00:00+00:00, run_after=2025-03-01 00:00:00+00:00
[2025-04-29T10:51:51.333+0000] {processor.py:208} INFO - Processing /opt/airflow/dags/dag_with_python_operator.py took 0.057 seconds
[2025-04-29T10:52:21.716+0000] {processor.py:186} INFO - Started process (PID=4399) to work on /opt/airflow/dags/dag_with_python_operator.py
[2025-04-29T10:52:21.717+0000] {processor.py:914} INFO - Processing file /opt/airflow/dags/dag_with_python_operator.py for tasks to queue
[2025-04-29T10:52:21.720+0000] {logging_mixin.py:190} INFO - [2025-04-29T10:52:21.719+0000] {dagbag.py:588} INFO - Filling up the DagBag from /opt/airflow/dags/dag_with_python_operator.py
[2025-04-29T10:52:21.733+0000] {processor.py:925} INFO - DAG(s) 'first_with_python_v4' retrieved from /opt/airflow/dags/dag_with_python_operator.py
[2025-04-29T10:52:21.749+0000] {logging_mixin.py:190} INFO - [2025-04-29T10:52:21.748+0000] {dag.py:3239} INFO - Sync 1 DAGs
[2025-04-29T10:52:21.762+0000] {logging_mixin.py:190} INFO - [2025-04-29T10:52:21.762+0000] {dag.py:4180} INFO - Setting next_dagrun for first_with_python_v4 to 2025-02-28 00:00:00+00:00, run_after=2025-03-01 00:00:00+00:00
[2025-04-29T10:52:21.773+0000] {processor.py:208} INFO - Processing /opt/airflow/dags/dag_with_python_operator.py took 0.060 seconds
[2025-04-29T10:52:52.023+0000] {processor.py:186} INFO - Started process (PID=4431) to work on /opt/airflow/dags/dag_with_python_operator.py
[2025-04-29T10:52:52.024+0000] {processor.py:914} INFO - Processing file /opt/airflow/dags/dag_with_python_operator.py for tasks to queue
[2025-04-29T10:52:52.027+0000] {logging_mixin.py:190} INFO - [2025-04-29T10:52:52.027+0000] {dagbag.py:588} INFO - Filling up the DagBag from /opt/airflow/dags/dag_with_python_operator.py
[2025-04-29T10:52:52.046+0000] {processor.py:925} INFO - DAG(s) 'first_with_python_v4' retrieved from /opt/airflow/dags/dag_with_python_operator.py
[2025-04-29T10:52:52.060+0000] {logging_mixin.py:190} INFO - [2025-04-29T10:52:52.060+0000] {dag.py:3239} INFO - Sync 1 DAGs
[2025-04-29T10:52:52.073+0000] {logging_mixin.py:190} INFO - [2025-04-29T10:52:52.073+0000] {dag.py:4180} INFO - Setting next_dagrun for first_with_python_v4 to 2025-02-28 00:00:00+00:00, run_after=2025-03-01 00:00:00+00:00
[2025-04-29T10:52:52.083+0000] {processor.py:208} INFO - Processing /opt/airflow/dags/dag_with_python_operator.py took 0.064 seconds
[2025-04-29T10:53:22.384+0000] {processor.py:186} INFO - Started process (PID=4452) to work on /opt/airflow/dags/dag_with_python_operator.py
[2025-04-29T10:53:22.385+0000] {processor.py:914} INFO - Processing file /opt/airflow/dags/dag_with_python_operator.py for tasks to queue
[2025-04-29T10:53:22.387+0000] {logging_mixin.py:190} INFO - [2025-04-29T10:53:22.387+0000] {dagbag.py:588} INFO - Filling up the DagBag from /opt/airflow/dags/dag_with_python_operator.py
[2025-04-29T10:53:22.402+0000] {processor.py:925} INFO - DAG(s) 'first_with_python_v4' retrieved from /opt/airflow/dags/dag_with_python_operator.py
[2025-04-29T10:53:22.415+0000] {logging_mixin.py:190} INFO - [2025-04-29T10:53:22.415+0000] {dag.py:3239} INFO - Sync 1 DAGs
[2025-04-29T10:53:22.429+0000] {logging_mixin.py:190} INFO - [2025-04-29T10:53:22.429+0000] {dag.py:4180} INFO - Setting next_dagrun for first_with_python_v4 to 2025-02-28 00:00:00+00:00, run_after=2025-03-01 00:00:00+00:00
[2025-04-29T10:53:22.440+0000] {processor.py:208} INFO - Processing /opt/airflow/dags/dag_with_python_operator.py took 0.059 seconds
[2025-04-29T10:53:52.805+0000] {processor.py:186} INFO - Started process (PID=4473) to work on /opt/airflow/dags/dag_with_python_operator.py
[2025-04-29T10:53:52.806+0000] {processor.py:914} INFO - Processing file /opt/airflow/dags/dag_with_python_operator.py for tasks to queue
[2025-04-29T10:53:52.808+0000] {logging_mixin.py:190} INFO - [2025-04-29T10:53:52.808+0000] {dagbag.py:588} INFO - Filling up the DagBag from /opt/airflow/dags/dag_with_python_operator.py
[2025-04-29T10:53:52.830+0000] {processor.py:925} INFO - DAG(s) 'first_with_python_v4' retrieved from /opt/airflow/dags/dag_with_python_operator.py
[2025-04-29T10:53:52.843+0000] {logging_mixin.py:190} INFO - [2025-04-29T10:53:52.843+0000] {dag.py:3239} INFO - Sync 1 DAGs
[2025-04-29T10:53:52.857+0000] {logging_mixin.py:190} INFO - [2025-04-29T10:53:52.857+0000] {dag.py:4180} INFO - Setting next_dagrun for first_with_python_v4 to 2025-02-28 00:00:00+00:00, run_after=2025-03-01 00:00:00+00:00
[2025-04-29T10:53:52.869+0000] {processor.py:208} INFO - Processing /opt/airflow/dags/dag_with_python_operator.py took 0.068 seconds
[2025-04-29T10:54:23.165+0000] {processor.py:186} INFO - Started process (PID=4494) to work on /opt/airflow/dags/dag_with_python_operator.py
[2025-04-29T10:54:23.166+0000] {processor.py:914} INFO - Processing file /opt/airflow/dags/dag_with_python_operator.py for tasks to queue
[2025-04-29T10:54:23.169+0000] {logging_mixin.py:190} INFO - [2025-04-29T10:54:23.168+0000] {dagbag.py:588} INFO - Filling up the DagBag from /opt/airflow/dags/dag_with_python_operator.py
[2025-04-29T10:54:23.182+0000] {processor.py:925} INFO - DAG(s) 'first_with_python_v4' retrieved from /opt/airflow/dags/dag_with_python_operator.py
[2025-04-29T10:54:23.196+0000] {logging_mixin.py:190} INFO - [2025-04-29T10:54:23.195+0000] {dag.py:3239} INFO - Sync 1 DAGs
[2025-04-29T10:54:23.210+0000] {logging_mixin.py:190} INFO - [2025-04-29T10:54:23.210+0000] {dag.py:4180} INFO - Setting next_dagrun for first_with_python_v4 to 2025-02-28 00:00:00+00:00, run_after=2025-03-01 00:00:00+00:00
[2025-04-29T10:54:23.224+0000] {processor.py:208} INFO - Processing /opt/airflow/dags/dag_with_python_operator.py took 0.063 seconds
[2025-04-29T10:54:53.521+0000] {processor.py:186} INFO - Started process (PID=4515) to work on /opt/airflow/dags/dag_with_python_operator.py
[2025-04-29T10:54:53.523+0000] {processor.py:914} INFO - Processing file /opt/airflow/dags/dag_with_python_operator.py for tasks to queue
[2025-04-29T10:54:53.525+0000] {logging_mixin.py:190} INFO - [2025-04-29T10:54:53.525+0000] {dagbag.py:588} INFO - Filling up the DagBag from /opt/airflow/dags/dag_with_python_operator.py
[2025-04-29T10:54:53.552+0000] {processor.py:925} INFO - DAG(s) 'first_with_python_v4' retrieved from /opt/airflow/dags/dag_with_python_operator.py
[2025-04-29T10:54:53.568+0000] {logging_mixin.py:190} INFO - [2025-04-29T10:54:53.568+0000] {dag.py:3239} INFO - Sync 1 DAGs
[2025-04-29T10:54:53.582+0000] {logging_mixin.py:190} INFO - [2025-04-29T10:54:53.582+0000] {dag.py:4180} INFO - Setting next_dagrun for first_with_python_v4 to 2025-02-28 00:00:00+00:00, run_after=2025-03-01 00:00:00+00:00
[2025-04-29T10:54:53.594+0000] {processor.py:208} INFO - Processing /opt/airflow/dags/dag_with_python_operator.py took 0.076 seconds
[2025-04-29T10:55:23.792+0000] {processor.py:186} INFO - Started process (PID=4536) to work on /opt/airflow/dags/dag_with_python_operator.py
[2025-04-29T10:55:23.793+0000] {processor.py:914} INFO - Processing file /opt/airflow/dags/dag_with_python_operator.py for tasks to queue
[2025-04-29T10:55:23.796+0000] {logging_mixin.py:190} INFO - [2025-04-29T10:55:23.795+0000] {dagbag.py:588} INFO - Filling up the DagBag from /opt/airflow/dags/dag_with_python_operator.py
[2025-04-29T10:55:23.808+0000] {processor.py:925} INFO - DAG(s) 'first_with_python_v4' retrieved from /opt/airflow/dags/dag_with_python_operator.py
[2025-04-29T10:55:23.822+0000] {logging_mixin.py:190} INFO - [2025-04-29T10:55:23.822+0000] {dag.py:3239} INFO - Sync 1 DAGs
[2025-04-29T10:55:23.836+0000] {logging_mixin.py:190} INFO - [2025-04-29T10:55:23.836+0000] {dag.py:4180} INFO - Setting next_dagrun for first_with_python_v4 to 2025-02-28 00:00:00+00:00, run_after=2025-03-01 00:00:00+00:00
[2025-04-29T10:55:23.847+0000] {processor.py:208} INFO - Processing /opt/airflow/dags/dag_with_python_operator.py took 0.058 seconds
[2025-04-29T10:55:54.083+0000] {processor.py:186} INFO - Started process (PID=4557) to work on /opt/airflow/dags/dag_with_python_operator.py
[2025-04-29T10:55:54.084+0000] {processor.py:914} INFO - Processing file /opt/airflow/dags/dag_with_python_operator.py for tasks to queue
[2025-04-29T10:55:54.087+0000] {logging_mixin.py:190} INFO - [2025-04-29T10:55:54.087+0000] {dagbag.py:588} INFO - Filling up the DagBag from /opt/airflow/dags/dag_with_python_operator.py
[2025-04-29T10:55:54.100+0000] {processor.py:925} INFO - DAG(s) 'first_with_python_v4' retrieved from /opt/airflow/dags/dag_with_python_operator.py
[2025-04-29T10:55:54.114+0000] {logging_mixin.py:190} INFO - [2025-04-29T10:55:54.114+0000] {dag.py:3239} INFO - Sync 1 DAGs
[2025-04-29T10:55:54.128+0000] {logging_mixin.py:190} INFO - [2025-04-29T10:55:54.127+0000] {dag.py:4180} INFO - Setting next_dagrun for first_with_python_v4 to 2025-02-28 00:00:00+00:00, run_after=2025-03-01 00:00:00+00:00
[2025-04-29T10:55:54.138+0000] {processor.py:208} INFO - Processing /opt/airflow/dags/dag_with_python_operator.py took 0.059 seconds
[2025-04-29T10:56:24.456+0000] {processor.py:186} INFO - Started process (PID=4578) to work on /opt/airflow/dags/dag_with_python_operator.py
[2025-04-29T10:56:24.457+0000] {processor.py:914} INFO - Processing file /opt/airflow/dags/dag_with_python_operator.py for tasks to queue
[2025-04-29T10:56:24.459+0000] {logging_mixin.py:190} INFO - [2025-04-29T10:56:24.459+0000] {dagbag.py:588} INFO - Filling up the DagBag from /opt/airflow/dags/dag_with_python_operator.py
[2025-04-29T10:56:24.482+0000] {processor.py:925} INFO - DAG(s) 'first_with_python_v4' retrieved from /opt/airflow/dags/dag_with_python_operator.py
[2025-04-29T10:56:24.496+0000] {logging_mixin.py:190} INFO - [2025-04-29T10:56:24.496+0000] {dag.py:3239} INFO - Sync 1 DAGs
[2025-04-29T10:56:24.510+0000] {logging_mixin.py:190} INFO - [2025-04-29T10:56:24.510+0000] {dag.py:4180} INFO - Setting next_dagrun for first_with_python_v4 to 2025-02-28 00:00:00+00:00, run_after=2025-03-01 00:00:00+00:00
[2025-04-29T10:56:24.520+0000] {processor.py:208} INFO - Processing /opt/airflow/dags/dag_with_python_operator.py took 0.067 seconds
[2025-04-29T10:56:54.792+0000] {processor.py:186} INFO - Started process (PID=4599) to work on /opt/airflow/dags/dag_with_python_operator.py
[2025-04-29T10:56:54.793+0000] {processor.py:914} INFO - Processing file /opt/airflow/dags/dag_with_python_operator.py for tasks to queue
[2025-04-29T10:56:54.795+0000] {logging_mixin.py:190} INFO - [2025-04-29T10:56:54.795+0000] {dagbag.py:588} INFO - Filling up the DagBag from /opt/airflow/dags/dag_with_python_operator.py
[2025-04-29T10:56:54.806+0000] {processor.py:925} INFO - DAG(s) 'first_with_python_v4' retrieved from /opt/airflow/dags/dag_with_python_operator.py
[2025-04-29T10:56:54.821+0000] {logging_mixin.py:190} INFO - [2025-04-29T10:56:54.821+0000] {dag.py:3239} INFO - Sync 1 DAGs
[2025-04-29T10:56:54.835+0000] {logging_mixin.py:190} INFO - [2025-04-29T10:56:54.835+0000] {dag.py:4180} INFO - Setting next_dagrun for first_with_python_v4 to 2025-02-28 00:00:00+00:00, run_after=2025-03-01 00:00:00+00:00
[2025-04-29T10:56:54.848+0000] {processor.py:208} INFO - Processing /opt/airflow/dags/dag_with_python_operator.py took 0.058 seconds
[2025-04-29T10:57:25.143+0000] {processor.py:186} INFO - Started process (PID=4620) to work on /opt/airflow/dags/dag_with_python_operator.py
[2025-04-29T10:57:25.144+0000] {processor.py:914} INFO - Processing file /opt/airflow/dags/dag_with_python_operator.py for tasks to queue
[2025-04-29T10:57:25.146+0000] {logging_mixin.py:190} INFO - [2025-04-29T10:57:25.146+0000] {dagbag.py:588} INFO - Filling up the DagBag from /opt/airflow/dags/dag_with_python_operator.py
[2025-04-29T10:57:25.156+0000] {processor.py:925} INFO - DAG(s) 'first_with_python_v4' retrieved from /opt/airflow/dags/dag_with_python_operator.py
[2025-04-29T10:57:25.170+0000] {logging_mixin.py:190} INFO - [2025-04-29T10:57:25.170+0000] {dag.py:3239} INFO - Sync 1 DAGs
[2025-04-29T10:57:25.184+0000] {logging_mixin.py:190} INFO - [2025-04-29T10:57:25.184+0000] {dag.py:4180} INFO - Setting next_dagrun for first_with_python_v4 to 2025-02-28 00:00:00+00:00, run_after=2025-03-01 00:00:00+00:00
[2025-04-29T10:57:25.196+0000] {processor.py:208} INFO - Processing /opt/airflow/dags/dag_with_python_operator.py took 0.056 seconds
[2025-04-29T10:57:55.502+0000] {processor.py:186} INFO - Started process (PID=4641) to work on /opt/airflow/dags/dag_with_python_operator.py
[2025-04-29T10:57:55.503+0000] {processor.py:914} INFO - Processing file /opt/airflow/dags/dag_with_python_operator.py for tasks to queue
[2025-04-29T10:57:55.506+0000] {logging_mixin.py:190} INFO - [2025-04-29T10:57:55.506+0000] {dagbag.py:588} INFO - Filling up the DagBag from /opt/airflow/dags/dag_with_python_operator.py
[2025-04-29T10:57:55.519+0000] {processor.py:925} INFO - DAG(s) 'first_with_python_v4' retrieved from /opt/airflow/dags/dag_with_python_operator.py
[2025-04-29T10:57:55.532+0000] {logging_mixin.py:190} INFO - [2025-04-29T10:57:55.532+0000] {dag.py:3239} INFO - Sync 1 DAGs
[2025-04-29T10:57:55.545+0000] {logging_mixin.py:190} INFO - [2025-04-29T10:57:55.545+0000] {dag.py:4180} INFO - Setting next_dagrun for first_with_python_v4 to 2025-02-28 00:00:00+00:00, run_after=2025-03-01 00:00:00+00:00
[2025-04-29T10:57:55.556+0000] {processor.py:208} INFO - Processing /opt/airflow/dags/dag_with_python_operator.py took 0.057 seconds
[2025-04-29T10:58:25.841+0000] {processor.py:186} INFO - Started process (PID=4662) to work on /opt/airflow/dags/dag_with_python_operator.py
[2025-04-29T10:58:25.844+0000] {processor.py:914} INFO - Processing file /opt/airflow/dags/dag_with_python_operator.py for tasks to queue
[2025-04-29T10:58:25.848+0000] {logging_mixin.py:190} INFO - [2025-04-29T10:58:25.848+0000] {dagbag.py:588} INFO - Filling up the DagBag from /opt/airflow/dags/dag_with_python_operator.py
[2025-04-29T10:58:25.880+0000] {processor.py:925} INFO - DAG(s) 'first_with_python_v4' retrieved from /opt/airflow/dags/dag_with_python_operator.py
[2025-04-29T10:58:25.905+0000] {logging_mixin.py:190} INFO - [2025-04-29T10:58:25.904+0000] {dag.py:3239} INFO - Sync 1 DAGs
[2025-04-29T10:58:25.924+0000] {logging_mixin.py:190} INFO - [2025-04-29T10:58:25.924+0000] {dag.py:4180} INFO - Setting next_dagrun for first_with_python_v4 to 2025-02-28 00:00:00+00:00, run_after=2025-03-01 00:00:00+00:00
[2025-04-29T10:58:25.938+0000] {processor.py:208} INFO - Processing /opt/airflow/dags/dag_with_python_operator.py took 0.102 seconds
[2025-04-29T10:58:56.153+0000] {processor.py:186} INFO - Started process (PID=4683) to work on /opt/airflow/dags/dag_with_python_operator.py
[2025-04-29T10:58:56.154+0000] {processor.py:914} INFO - Processing file /opt/airflow/dags/dag_with_python_operator.py for tasks to queue
[2025-04-29T10:58:56.156+0000] {logging_mixin.py:190} INFO - [2025-04-29T10:58:56.156+0000] {dagbag.py:588} INFO - Filling up the DagBag from /opt/airflow/dags/dag_with_python_operator.py
[2025-04-29T10:58:56.169+0000] {processor.py:925} INFO - DAG(s) 'first_with_python_v4' retrieved from /opt/airflow/dags/dag_with_python_operator.py
[2025-04-29T10:58:56.183+0000] {logging_mixin.py:190} INFO - [2025-04-29T10:58:56.183+0000] {dag.py:3239} INFO - Sync 1 DAGs
[2025-04-29T10:58:56.196+0000] {logging_mixin.py:190} INFO - [2025-04-29T10:58:56.196+0000] {dag.py:4180} INFO - Setting next_dagrun for first_with_python_v4 to 2025-02-28 00:00:00+00:00, run_after=2025-03-01 00:00:00+00:00
[2025-04-29T10:58:56.208+0000] {processor.py:208} INFO - Processing /opt/airflow/dags/dag_with_python_operator.py took 0.059 seconds
[2025-04-29T10:59:26.516+0000] {processor.py:186} INFO - Started process (PID=4704) to work on /opt/airflow/dags/dag_with_python_operator.py
[2025-04-29T10:59:26.517+0000] {processor.py:914} INFO - Processing file /opt/airflow/dags/dag_with_python_operator.py for tasks to queue
[2025-04-29T10:59:26.519+0000] {logging_mixin.py:190} INFO - [2025-04-29T10:59:26.519+0000] {dagbag.py:588} INFO - Filling up the DagBag from /opt/airflow/dags/dag_with_python_operator.py
[2025-04-29T10:59:26.531+0000] {processor.py:925} INFO - DAG(s) 'first_with_python_v4' retrieved from /opt/airflow/dags/dag_with_python_operator.py
[2025-04-29T10:59:26.547+0000] {logging_mixin.py:190} INFO - [2025-04-29T10:59:26.547+0000] {dag.py:3239} INFO - Sync 1 DAGs
[2025-04-29T10:59:26.562+0000] {logging_mixin.py:190} INFO - [2025-04-29T10:59:26.562+0000] {dag.py:4180} INFO - Setting next_dagrun for first_with_python_v4 to 2025-02-28 00:00:00+00:00, run_after=2025-03-01 00:00:00+00:00
[2025-04-29T10:59:26.575+0000] {processor.py:208} INFO - Processing /opt/airflow/dags/dag_with_python_operator.py took 0.062 seconds
[2025-04-29T10:59:56.864+0000] {processor.py:186} INFO - Started process (PID=4725) to work on /opt/airflow/dags/dag_with_python_operator.py
[2025-04-29T10:59:56.866+0000] {processor.py:914} INFO - Processing file /opt/airflow/dags/dag_with_python_operator.py for tasks to queue
[2025-04-29T10:59:56.868+0000] {logging_mixin.py:190} INFO - [2025-04-29T10:59:56.868+0000] {dagbag.py:588} INFO - Filling up the DagBag from /opt/airflow/dags/dag_with_python_operator.py
[2025-04-29T10:59:56.882+0000] {processor.py:925} INFO - DAG(s) 'first_with_python_v4' retrieved from /opt/airflow/dags/dag_with_python_operator.py
[2025-04-29T10:59:56.897+0000] {logging_mixin.py:190} INFO - [2025-04-29T10:59:56.897+0000] {dag.py:3239} INFO - Sync 1 DAGs
[2025-04-29T10:59:56.911+0000] {logging_mixin.py:190} INFO - [2025-04-29T10:59:56.911+0000] {dag.py:4180} INFO - Setting next_dagrun for first_with_python_v4 to 2025-02-28 00:00:00+00:00, run_after=2025-03-01 00:00:00+00:00
[2025-04-29T10:59:56.922+0000] {processor.py:208} INFO - Processing /opt/airflow/dags/dag_with_python_operator.py took 0.061 seconds
[2025-04-29T11:00:27.263+0000] {processor.py:186} INFO - Started process (PID=4746) to work on /opt/airflow/dags/dag_with_python_operator.py
[2025-04-29T11:00:27.266+0000] {processor.py:914} INFO - Processing file /opt/airflow/dags/dag_with_python_operator.py for tasks to queue
[2025-04-29T11:00:27.270+0000] {logging_mixin.py:190} INFO - [2025-04-29T11:00:27.269+0000] {dagbag.py:588} INFO - Filling up the DagBag from /opt/airflow/dags/dag_with_python_operator.py
[2025-04-29T11:00:27.298+0000] {processor.py:925} INFO - DAG(s) 'first_with_python_v4' retrieved from /opt/airflow/dags/dag_with_python_operator.py
[2025-04-29T11:00:27.317+0000] {logging_mixin.py:190} INFO - [2025-04-29T11:00:27.317+0000] {dag.py:3239} INFO - Sync 1 DAGs
[2025-04-29T11:00:27.335+0000] {logging_mixin.py:190} INFO - [2025-04-29T11:00:27.335+0000] {dag.py:4180} INFO - Setting next_dagrun for first_with_python_v4 to 2025-02-28 00:00:00+00:00, run_after=2025-03-01 00:00:00+00:00
[2025-04-29T11:00:27.349+0000] {processor.py:208} INFO - Processing /opt/airflow/dags/dag_with_python_operator.py took 0.090 seconds
[2025-04-29T11:00:57.601+0000] {processor.py:186} INFO - Started process (PID=4767) to work on /opt/airflow/dags/dag_with_python_operator.py
[2025-04-29T11:00:57.602+0000] {processor.py:914} INFO - Processing file /opt/airflow/dags/dag_with_python_operator.py for tasks to queue
[2025-04-29T11:00:57.605+0000] {logging_mixin.py:190} INFO - [2025-04-29T11:00:57.604+0000] {dagbag.py:588} INFO - Filling up the DagBag from /opt/airflow/dags/dag_with_python_operator.py
[2025-04-29T11:00:57.630+0000] {processor.py:925} INFO - DAG(s) 'first_with_python_v4' retrieved from /opt/airflow/dags/dag_with_python_operator.py
[2025-04-29T11:00:57.646+0000] {logging_mixin.py:190} INFO - [2025-04-29T11:00:57.646+0000] {dag.py:3239} INFO - Sync 1 DAGs
[2025-04-29T11:00:57.663+0000] {logging_mixin.py:190} INFO - [2025-04-29T11:00:57.663+0000] {dag.py:4180} INFO - Setting next_dagrun for first_with_python_v4 to 2025-02-28 00:00:00+00:00, run_after=2025-03-01 00:00:00+00:00
[2025-04-29T11:00:57.678+0000] {processor.py:208} INFO - Processing /opt/airflow/dags/dag_with_python_operator.py took 0.082 seconds
[2025-04-29T11:01:28.035+0000] {processor.py:186} INFO - Started process (PID=4788) to work on /opt/airflow/dags/dag_with_python_operator.py
[2025-04-29T11:01:28.036+0000] {processor.py:914} INFO - Processing file /opt/airflow/dags/dag_with_python_operator.py for tasks to queue
[2025-04-29T11:01:28.038+0000] {logging_mixin.py:190} INFO - [2025-04-29T11:01:28.038+0000] {dagbag.py:588} INFO - Filling up the DagBag from /opt/airflow/dags/dag_with_python_operator.py
[2025-04-29T11:01:28.058+0000] {processor.py:925} INFO - DAG(s) 'first_with_python_v4' retrieved from /opt/airflow/dags/dag_with_python_operator.py
[2025-04-29T11:01:28.076+0000] {logging_mixin.py:190} INFO - [2025-04-29T11:01:28.075+0000] {dag.py:3239} INFO - Sync 1 DAGs
[2025-04-29T11:01:28.092+0000] {logging_mixin.py:190} INFO - [2025-04-29T11:01:28.092+0000] {dag.py:4180} INFO - Setting next_dagrun for first_with_python_v4 to 2025-02-28 00:00:00+00:00, run_after=2025-03-01 00:00:00+00:00
[2025-04-29T11:01:28.106+0000] {processor.py:208} INFO - Processing /opt/airflow/dags/dag_with_python_operator.py took 0.075 seconds
[2025-04-29T11:01:58.404+0000] {processor.py:186} INFO - Started process (PID=4809) to work on /opt/airflow/dags/dag_with_python_operator.py
[2025-04-29T11:01:58.405+0000] {processor.py:914} INFO - Processing file /opt/airflow/dags/dag_with_python_operator.py for tasks to queue
[2025-04-29T11:01:58.408+0000] {logging_mixin.py:190} INFO - [2025-04-29T11:01:58.408+0000] {dagbag.py:588} INFO - Filling up the DagBag from /opt/airflow/dags/dag_with_python_operator.py
[2025-04-29T11:01:58.436+0000] {processor.py:925} INFO - DAG(s) 'first_with_python_v4' retrieved from /opt/airflow/dags/dag_with_python_operator.py
[2025-04-29T11:01:58.453+0000] {logging_mixin.py:190} INFO - [2025-04-29T11:01:58.453+0000] {dag.py:3239} INFO - Sync 1 DAGs
[2025-04-29T11:01:58.469+0000] {logging_mixin.py:190} INFO - [2025-04-29T11:01:58.469+0000] {dag.py:4180} INFO - Setting next_dagrun for first_with_python_v4 to 2025-02-28 00:00:00+00:00, run_after=2025-03-01 00:00:00+00:00
[2025-04-29T11:01:58.480+0000] {processor.py:208} INFO - Processing /opt/airflow/dags/dag_with_python_operator.py took 0.083 seconds
[2025-04-29T11:02:28.708+0000] {processor.py:186} INFO - Started process (PID=4829) to work on /opt/airflow/dags/dag_with_python_operator.py
[2025-04-29T11:02:28.709+0000] {processor.py:914} INFO - Processing file /opt/airflow/dags/dag_with_python_operator.py for tasks to queue
[2025-04-29T11:02:28.712+0000] {logging_mixin.py:190} INFO - [2025-04-29T11:02:28.711+0000] {dagbag.py:588} INFO - Filling up the DagBag from /opt/airflow/dags/dag_with_python_operator.py
[2025-04-29T11:02:28.724+0000] {processor.py:925} INFO - DAG(s) 'first_with_python_v4' retrieved from /opt/airflow/dags/dag_with_python_operator.py
[2025-04-29T11:02:28.739+0000] {logging_mixin.py:190} INFO - [2025-04-29T11:02:28.739+0000] {dag.py:3239} INFO - Sync 1 DAGs
[2025-04-29T11:02:28.756+0000] {logging_mixin.py:190} INFO - [2025-04-29T11:02:28.755+0000] {dag.py:4180} INFO - Setting next_dagrun for first_with_python_v4 to 2025-02-28 00:00:00+00:00, run_after=2025-03-01 00:00:00+00:00
[2025-04-29T11:02:28.769+0000] {processor.py:208} INFO - Processing /opt/airflow/dags/dag_with_python_operator.py took 0.065 seconds
[2025-04-29T11:02:59.016+0000] {processor.py:186} INFO - Started process (PID=4850) to work on /opt/airflow/dags/dag_with_python_operator.py
[2025-04-29T11:02:59.017+0000] {processor.py:914} INFO - Processing file /opt/airflow/dags/dag_with_python_operator.py for tasks to queue
[2025-04-29T11:02:59.020+0000] {logging_mixin.py:190} INFO - [2025-04-29T11:02:59.019+0000] {dagbag.py:588} INFO - Filling up the DagBag from /opt/airflow/dags/dag_with_python_operator.py
[2025-04-29T11:02:59.031+0000] {processor.py:925} INFO - DAG(s) 'first_with_python_v4' retrieved from /opt/airflow/dags/dag_with_python_operator.py
[2025-04-29T11:02:59.047+0000] {logging_mixin.py:190} INFO - [2025-04-29T11:02:59.047+0000] {dag.py:3239} INFO - Sync 1 DAGs
[2025-04-29T11:02:59.061+0000] {logging_mixin.py:190} INFO - [2025-04-29T11:02:59.061+0000] {dag.py:4180} INFO - Setting next_dagrun for first_with_python_v4 to 2025-02-28 00:00:00+00:00, run_after=2025-03-01 00:00:00+00:00
[2025-04-29T11:02:59.072+0000] {processor.py:208} INFO - Processing /opt/airflow/dags/dag_with_python_operator.py took 0.060 seconds
[2025-04-29T11:03:29.363+0000] {processor.py:186} INFO - Started process (PID=4871) to work on /opt/airflow/dags/dag_with_python_operator.py
[2025-04-29T11:03:29.365+0000] {processor.py:914} INFO - Processing file /opt/airflow/dags/dag_with_python_operator.py for tasks to queue
[2025-04-29T11:03:29.366+0000] {logging_mixin.py:190} INFO - [2025-04-29T11:03:29.366+0000] {dagbag.py:588} INFO - Filling up the DagBag from /opt/airflow/dags/dag_with_python_operator.py
[2025-04-29T11:03:29.378+0000] {processor.py:925} INFO - DAG(s) 'first_with_python_v4' retrieved from /opt/airflow/dags/dag_with_python_operator.py
[2025-04-29T11:03:29.393+0000] {logging_mixin.py:190} INFO - [2025-04-29T11:03:29.392+0000] {dag.py:3239} INFO - Sync 1 DAGs
[2025-04-29T11:03:29.407+0000] {logging_mixin.py:190} INFO - [2025-04-29T11:03:29.407+0000] {dag.py:4180} INFO - Setting next_dagrun for first_with_python_v4 to 2025-02-28 00:00:00+00:00, run_after=2025-03-01 00:00:00+00:00
[2025-04-29T11:03:29.419+0000] {processor.py:208} INFO - Processing /opt/airflow/dags/dag_with_python_operator.py took 0.059 seconds
[2025-04-29T11:03:59.740+0000] {processor.py:186} INFO - Started process (PID=4892) to work on /opt/airflow/dags/dag_with_python_operator.py
[2025-04-29T11:03:59.741+0000] {processor.py:914} INFO - Processing file /opt/airflow/dags/dag_with_python_operator.py for tasks to queue
[2025-04-29T11:03:59.743+0000] {logging_mixin.py:190} INFO - [2025-04-29T11:03:59.743+0000] {dagbag.py:588} INFO - Filling up the DagBag from /opt/airflow/dags/dag_with_python_operator.py
[2025-04-29T11:03:59.755+0000] {processor.py:925} INFO - DAG(s) 'first_with_python_v4' retrieved from /opt/airflow/dags/dag_with_python_operator.py
[2025-04-29T11:03:59.769+0000] {logging_mixin.py:190} INFO - [2025-04-29T11:03:59.769+0000] {dag.py:3239} INFO - Sync 1 DAGs
[2025-04-29T11:03:59.783+0000] {logging_mixin.py:190} INFO - [2025-04-29T11:03:59.782+0000] {dag.py:4180} INFO - Setting next_dagrun for first_with_python_v4 to 2025-02-28 00:00:00+00:00, run_after=2025-03-01 00:00:00+00:00
[2025-04-29T11:03:59.793+0000] {processor.py:208} INFO - Processing /opt/airflow/dags/dag_with_python_operator.py took 0.057 seconds
[2025-04-29T11:04:30.119+0000] {processor.py:186} INFO - Started process (PID=4913) to work on /opt/airflow/dags/dag_with_python_operator.py
[2025-04-29T11:04:30.120+0000] {processor.py:914} INFO - Processing file /opt/airflow/dags/dag_with_python_operator.py for tasks to queue
[2025-04-29T11:04:30.123+0000] {logging_mixin.py:190} INFO - [2025-04-29T11:04:30.123+0000] {dagbag.py:588} INFO - Filling up the DagBag from /opt/airflow/dags/dag_with_python_operator.py
[2025-04-29T11:04:30.150+0000] {processor.py:925} INFO - DAG(s) 'first_with_python_v4' retrieved from /opt/airflow/dags/dag_with_python_operator.py
[2025-04-29T11:04:30.168+0000] {logging_mixin.py:190} INFO - [2025-04-29T11:04:30.168+0000] {dag.py:3239} INFO - Sync 1 DAGs
[2025-04-29T11:04:30.182+0000] {logging_mixin.py:190} INFO - [2025-04-29T11:04:30.182+0000] {dag.py:4180} INFO - Setting next_dagrun for first_with_python_v4 to 2025-02-28 00:00:00+00:00, run_after=2025-03-01 00:00:00+00:00
[2025-04-29T11:04:30.193+0000] {processor.py:208} INFO - Processing /opt/airflow/dags/dag_with_python_operator.py took 0.078 seconds
[2025-04-29T11:05:00.465+0000] {processor.py:186} INFO - Started process (PID=4934) to work on /opt/airflow/dags/dag_with_python_operator.py
[2025-04-29T11:05:00.467+0000] {processor.py:914} INFO - Processing file /opt/airflow/dags/dag_with_python_operator.py for tasks to queue
[2025-04-29T11:05:00.468+0000] {logging_mixin.py:190} INFO - [2025-04-29T11:05:00.468+0000] {dagbag.py:588} INFO - Filling up the DagBag from /opt/airflow/dags/dag_with_python_operator.py
[2025-04-29T11:05:00.484+0000] {processor.py:925} INFO - DAG(s) 'first_with_python_v4' retrieved from /opt/airflow/dags/dag_with_python_operator.py
[2025-04-29T11:05:00.498+0000] {logging_mixin.py:190} INFO - [2025-04-29T11:05:00.497+0000] {dag.py:3239} INFO - Sync 1 DAGs
[2025-04-29T11:05:00.510+0000] {logging_mixin.py:190} INFO - [2025-04-29T11:05:00.510+0000] {dag.py:4180} INFO - Setting next_dagrun for first_with_python_v4 to 2025-02-28 00:00:00+00:00, run_after=2025-03-01 00:00:00+00:00
[2025-04-29T11:05:00.522+0000] {processor.py:208} INFO - Processing /opt/airflow/dags/dag_with_python_operator.py took 0.061 seconds
[2025-04-29T11:05:30.827+0000] {processor.py:186} INFO - Started process (PID=4953) to work on /opt/airflow/dags/dag_with_python_operator.py
[2025-04-29T11:05:30.828+0000] {processor.py:914} INFO - Processing file /opt/airflow/dags/dag_with_python_operator.py for tasks to queue
[2025-04-29T11:05:30.830+0000] {logging_mixin.py:190} INFO - [2025-04-29T11:05:30.829+0000] {dagbag.py:588} INFO - Filling up the DagBag from /opt/airflow/dags/dag_with_python_operator.py
[2025-04-29T11:05:30.844+0000] {processor.py:925} INFO - DAG(s) 'first_with_python_v4' retrieved from /opt/airflow/dags/dag_with_python_operator.py
[2025-04-29T11:05:30.859+0000] {logging_mixin.py:190} INFO - [2025-04-29T11:05:30.858+0000] {dag.py:3239} INFO - Sync 1 DAGs
[2025-04-29T11:05:30.873+0000] {logging_mixin.py:190} INFO - [2025-04-29T11:05:30.872+0000] {dag.py:4180} INFO - Setting next_dagrun for first_with_python_v4 to 2025-02-28 00:00:00+00:00, run_after=2025-03-01 00:00:00+00:00
[2025-04-29T11:05:30.884+0000] {processor.py:208} INFO - Processing /opt/airflow/dags/dag_with_python_operator.py took 0.061 seconds
[2025-04-29T11:06:01.239+0000] {processor.py:186} INFO - Started process (PID=4976) to work on /opt/airflow/dags/dag_with_python_operator.py
[2025-04-29T11:06:01.240+0000] {processor.py:914} INFO - Processing file /opt/airflow/dags/dag_with_python_operator.py for tasks to queue
[2025-04-29T11:06:01.243+0000] {logging_mixin.py:190} INFO - [2025-04-29T11:06:01.243+0000] {dagbag.py:588} INFO - Filling up the DagBag from /opt/airflow/dags/dag_with_python_operator.py
[2025-04-29T11:06:01.268+0000] {processor.py:925} INFO - DAG(s) 'first_with_python_v4' retrieved from /opt/airflow/dags/dag_with_python_operator.py
[2025-04-29T11:06:01.283+0000] {logging_mixin.py:190} INFO - [2025-04-29T11:06:01.283+0000] {dag.py:3239} INFO - Sync 1 DAGs
[2025-04-29T11:06:01.298+0000] {logging_mixin.py:190} INFO - [2025-04-29T11:06:01.298+0000] {dag.py:4180} INFO - Setting next_dagrun for first_with_python_v4 to 2025-02-28 00:00:00+00:00, run_after=2025-03-01 00:00:00+00:00
[2025-04-29T11:06:01.310+0000] {processor.py:208} INFO - Processing /opt/airflow/dags/dag_with_python_operator.py took 0.076 seconds
[2025-04-29T11:06:31.634+0000] {processor.py:186} INFO - Started process (PID=4996) to work on /opt/airflow/dags/dag_with_python_operator.py
[2025-04-29T11:06:31.635+0000] {processor.py:914} INFO - Processing file /opt/airflow/dags/dag_with_python_operator.py for tasks to queue
[2025-04-29T11:06:31.638+0000] {logging_mixin.py:190} INFO - [2025-04-29T11:06:31.638+0000] {dagbag.py:588} INFO - Filling up the DagBag from /opt/airflow/dags/dag_with_python_operator.py
[2025-04-29T11:06:31.661+0000] {processor.py:925} INFO - DAG(s) 'first_with_python_v4' retrieved from /opt/airflow/dags/dag_with_python_operator.py
[2025-04-29T11:06:31.678+0000] {logging_mixin.py:190} INFO - [2025-04-29T11:06:31.677+0000] {dag.py:3239} INFO - Sync 1 DAGs
[2025-04-29T11:06:31.694+0000] {logging_mixin.py:190} INFO - [2025-04-29T11:06:31.694+0000] {dag.py:4180} INFO - Setting next_dagrun for first_with_python_v4 to 2025-02-28 00:00:00+00:00, run_after=2025-03-01 00:00:00+00:00
[2025-04-29T11:06:31.706+0000] {processor.py:208} INFO - Processing /opt/airflow/dags/dag_with_python_operator.py took 0.076 seconds
[2025-04-29T11:07:02.004+0000] {processor.py:186} INFO - Started process (PID=5016) to work on /opt/airflow/dags/dag_with_python_operator.py
[2025-04-29T11:07:02.009+0000] {processor.py:914} INFO - Processing file /opt/airflow/dags/dag_with_python_operator.py for tasks to queue
[2025-04-29T11:07:02.018+0000] {logging_mixin.py:190} INFO - [2025-04-29T11:07:02.017+0000] {dagbag.py:588} INFO - Filling up the DagBag from /opt/airflow/dags/dag_with_python_operator.py
[2025-04-29T11:07:02.055+0000] {processor.py:925} INFO - DAG(s) 'first_with_python_v4' retrieved from /opt/airflow/dags/dag_with_python_operator.py
[2025-04-29T11:07:02.070+0000] {logging_mixin.py:190} INFO - [2025-04-29T11:07:02.070+0000] {dag.py:3239} INFO - Sync 1 DAGs
[2025-04-29T11:07:02.085+0000] {logging_mixin.py:190} INFO - [2025-04-29T11:07:02.085+0000] {dag.py:4180} INFO - Setting next_dagrun for first_with_python_v4 to 2025-02-28 00:00:00+00:00, run_after=2025-03-01 00:00:00+00:00
[2025-04-29T11:07:02.097+0000] {processor.py:208} INFO - Processing /opt/airflow/dags/dag_with_python_operator.py took 0.101 seconds
[2025-04-29T11:07:33.217+0000] {processor.py:186} INFO - Started process (PID=5037) to work on /opt/airflow/dags/dag_with_python_operator.py
[2025-04-29T11:07:33.219+0000] {processor.py:914} INFO - Processing file /opt/airflow/dags/dag_with_python_operator.py for tasks to queue
[2025-04-29T11:07:33.221+0000] {logging_mixin.py:190} INFO - [2025-04-29T11:07:33.221+0000] {dagbag.py:588} INFO - Filling up the DagBag from /opt/airflow/dags/dag_with_python_operator.py
[2025-04-29T11:07:33.234+0000] {processor.py:925} INFO - DAG(s) 'first_with_python_v4' retrieved from /opt/airflow/dags/dag_with_python_operator.py
[2025-04-29T11:07:33.249+0000] {logging_mixin.py:190} INFO - [2025-04-29T11:07:33.249+0000] {dag.py:3239} INFO - Sync 1 DAGs
[2025-04-29T11:07:33.264+0000] {logging_mixin.py:190} INFO - [2025-04-29T11:07:33.263+0000] {dag.py:4180} INFO - Setting next_dagrun for first_with_python_v4 to 2025-02-28 00:00:00+00:00, run_after=2025-03-01 00:00:00+00:00
[2025-04-29T11:07:33.275+0000] {processor.py:208} INFO - Processing /opt/airflow/dags/dag_with_python_operator.py took 0.062 seconds
[2025-04-29T11:08:03.659+0000] {processor.py:186} INFO - Started process (PID=5058) to work on /opt/airflow/dags/dag_with_python_operator.py
[2025-04-29T11:08:03.660+0000] {processor.py:914} INFO - Processing file /opt/airflow/dags/dag_with_python_operator.py for tasks to queue
[2025-04-29T11:08:03.663+0000] {logging_mixin.py:190} INFO - [2025-04-29T11:08:03.663+0000] {dagbag.py:588} INFO - Filling up the DagBag from /opt/airflow/dags/dag_with_python_operator.py
[2025-04-29T11:08:03.686+0000] {processor.py:925} INFO - DAG(s) 'first_with_python_v4' retrieved from /opt/airflow/dags/dag_with_python_operator.py
[2025-04-29T11:08:03.701+0000] {logging_mixin.py:190} INFO - [2025-04-29T11:08:03.701+0000] {dag.py:3239} INFO - Sync 1 DAGs
[2025-04-29T11:08:03.717+0000] {logging_mixin.py:190} INFO - [2025-04-29T11:08:03.717+0000] {dag.py:4180} INFO - Setting next_dagrun for first_with_python_v4 to 2025-02-28 00:00:00+00:00, run_after=2025-03-01 00:00:00+00:00
[2025-04-29T11:08:03.730+0000] {processor.py:208} INFO - Processing /opt/airflow/dags/dag_with_python_operator.py took 0.075 seconds
[2025-04-29T11:08:33.985+0000] {processor.py:186} INFO - Started process (PID=5079) to work on /opt/airflow/dags/dag_with_python_operator.py
[2025-04-29T11:08:33.986+0000] {processor.py:914} INFO - Processing file /opt/airflow/dags/dag_with_python_operator.py for tasks to queue
[2025-04-29T11:08:33.989+0000] {logging_mixin.py:190} INFO - [2025-04-29T11:08:33.989+0000] {dagbag.py:588} INFO - Filling up the DagBag from /opt/airflow/dags/dag_with_python_operator.py
[2025-04-29T11:08:34.000+0000] {processor.py:925} INFO - DAG(s) 'first_with_python_v4' retrieved from /opt/airflow/dags/dag_with_python_operator.py
[2025-04-29T11:08:34.013+0000] {logging_mixin.py:190} INFO - [2025-04-29T11:08:34.012+0000] {dag.py:3239} INFO - Sync 1 DAGs
[2025-04-29T11:08:34.026+0000] {logging_mixin.py:190} INFO - [2025-04-29T11:08:34.026+0000] {dag.py:4180} INFO - Setting next_dagrun for first_with_python_v4 to 2025-02-28 00:00:00+00:00, run_after=2025-03-01 00:00:00+00:00
[2025-04-29T11:08:34.037+0000] {processor.py:208} INFO - Processing /opt/airflow/dags/dag_with_python_operator.py took 0.055 seconds
[2025-04-29T11:09:04.403+0000] {processor.py:186} INFO - Started process (PID=5100) to work on /opt/airflow/dags/dag_with_python_operator.py
[2025-04-29T11:09:04.405+0000] {processor.py:914} INFO - Processing file /opt/airflow/dags/dag_with_python_operator.py for tasks to queue
[2025-04-29T11:09:04.409+0000] {logging_mixin.py:190} INFO - [2025-04-29T11:09:04.409+0000] {dagbag.py:588} INFO - Filling up the DagBag from /opt/airflow/dags/dag_with_python_operator.py
[2025-04-29T11:09:04.427+0000] {processor.py:925} INFO - DAG(s) 'first_with_python_v4' retrieved from /opt/airflow/dags/dag_with_python_operator.py
[2025-04-29T11:09:04.439+0000] {logging_mixin.py:190} INFO - [2025-04-29T11:09:04.439+0000] {dag.py:3239} INFO - Sync 1 DAGs
[2025-04-29T11:09:04.454+0000] {logging_mixin.py:190} INFO - [2025-04-29T11:09:04.453+0000] {dag.py:4180} INFO - Setting next_dagrun for first_with_python_v4 to 2025-02-28 00:00:00+00:00, run_after=2025-03-01 00:00:00+00:00
[2025-04-29T11:09:04.465+0000] {processor.py:208} INFO - Processing /opt/airflow/dags/dag_with_python_operator.py took 0.070 seconds
[2025-04-29T11:09:34.672+0000] {processor.py:186} INFO - Started process (PID=5121) to work on /opt/airflow/dags/dag_with_python_operator.py
[2025-04-29T11:09:34.674+0000] {processor.py:914} INFO - Processing file /opt/airflow/dags/dag_with_python_operator.py for tasks to queue
[2025-04-29T11:09:34.677+0000] {logging_mixin.py:190} INFO - [2025-04-29T11:09:34.676+0000] {dagbag.py:588} INFO - Filling up the DagBag from /opt/airflow/dags/dag_with_python_operator.py
[2025-04-29T11:09:34.690+0000] {processor.py:925} INFO - DAG(s) 'first_with_python_v4' retrieved from /opt/airflow/dags/dag_with_python_operator.py
[2025-04-29T11:09:34.702+0000] {logging_mixin.py:190} INFO - [2025-04-29T11:09:34.702+0000] {dag.py:3239} INFO - Sync 1 DAGs
[2025-04-29T11:09:34.716+0000] {logging_mixin.py:190} INFO - [2025-04-29T11:09:34.716+0000] {dag.py:4180} INFO - Setting next_dagrun for first_with_python_v4 to 2025-02-28 00:00:00+00:00, run_after=2025-03-01 00:00:00+00:00
[2025-04-29T11:09:34.727+0000] {processor.py:208} INFO - Processing /opt/airflow/dags/dag_with_python_operator.py took 0.060 seconds
[2025-04-29T11:10:05.099+0000] {processor.py:186} INFO - Started process (PID=5142) to work on /opt/airflow/dags/dag_with_python_operator.py
[2025-04-29T11:10:05.102+0000] {processor.py:914} INFO - Processing file /opt/airflow/dags/dag_with_python_operator.py for tasks to queue
[2025-04-29T11:10:05.107+0000] {logging_mixin.py:190} INFO - [2025-04-29T11:10:05.106+0000] {dagbag.py:588} INFO - Filling up the DagBag from /opt/airflow/dags/dag_with_python_operator.py
[2025-04-29T11:10:05.140+0000] {processor.py:925} INFO - DAG(s) 'first_with_python_v4' retrieved from /opt/airflow/dags/dag_with_python_operator.py
[2025-04-29T11:10:05.155+0000] {logging_mixin.py:190} INFO - [2025-04-29T11:10:05.154+0000] {dag.py:3239} INFO - Sync 1 DAGs
[2025-04-29T11:10:05.169+0000] {logging_mixin.py:190} INFO - [2025-04-29T11:10:05.169+0000] {dag.py:4180} INFO - Setting next_dagrun for first_with_python_v4 to 2025-02-28 00:00:00+00:00, run_after=2025-03-01 00:00:00+00:00
[2025-04-29T11:10:05.182+0000] {processor.py:208} INFO - Processing /opt/airflow/dags/dag_with_python_operator.py took 0.088 seconds
[2025-04-29T11:10:35.380+0000] {processor.py:186} INFO - Started process (PID=5163) to work on /opt/airflow/dags/dag_with_python_operator.py
[2025-04-29T11:10:35.382+0000] {processor.py:914} INFO - Processing file /opt/airflow/dags/dag_with_python_operator.py for tasks to queue
[2025-04-29T11:10:35.388+0000] {logging_mixin.py:190} INFO - [2025-04-29T11:10:35.388+0000] {dagbag.py:588} INFO - Filling up the DagBag from /opt/airflow/dags/dag_with_python_operator.py
[2025-04-29T11:10:35.427+0000] {processor.py:925} INFO - DAG(s) 'first_with_python_v4' retrieved from /opt/airflow/dags/dag_with_python_operator.py
[2025-04-29T11:10:35.444+0000] {logging_mixin.py:190} INFO - [2025-04-29T11:10:35.444+0000] {dag.py:3239} INFO - Sync 1 DAGs
[2025-04-29T11:10:35.460+0000] {logging_mixin.py:190} INFO - [2025-04-29T11:10:35.459+0000] {dag.py:4180} INFO - Setting next_dagrun for first_with_python_v4 to 2025-02-28 00:00:00+00:00, run_after=2025-03-01 00:00:00+00:00
[2025-04-29T11:10:35.471+0000] {processor.py:208} INFO - Processing /opt/airflow/dags/dag_with_python_operator.py took 0.095 seconds
[2025-04-29T11:11:05.680+0000] {processor.py:186} INFO - Started process (PID=5184) to work on /opt/airflow/dags/dag_with_python_operator.py
[2025-04-29T11:11:05.683+0000] {processor.py:914} INFO - Processing file /opt/airflow/dags/dag_with_python_operator.py for tasks to queue
[2025-04-29T11:11:05.685+0000] {logging_mixin.py:190} INFO - [2025-04-29T11:11:05.685+0000] {dagbag.py:588} INFO - Filling up the DagBag from /opt/airflow/dags/dag_with_python_operator.py
[2025-04-29T11:11:05.708+0000] {processor.py:925} INFO - DAG(s) 'first_with_python_v4' retrieved from /opt/airflow/dags/dag_with_python_operator.py
[2025-04-29T11:11:05.721+0000] {logging_mixin.py:190} INFO - [2025-04-29T11:11:05.721+0000] {dag.py:3239} INFO - Sync 1 DAGs
[2025-04-29T11:11:05.736+0000] {logging_mixin.py:190} INFO - [2025-04-29T11:11:05.736+0000] {dag.py:4180} INFO - Setting next_dagrun for first_with_python_v4 to 2025-02-28 00:00:00+00:00, run_after=2025-03-01 00:00:00+00:00
[2025-04-29T11:11:05.749+0000] {processor.py:208} INFO - Processing /opt/airflow/dags/dag_with_python_operator.py took 0.073 seconds
[2025-04-29T11:11:36.134+0000] {processor.py:186} INFO - Started process (PID=5205) to work on /opt/airflow/dags/dag_with_python_operator.py
[2025-04-29T11:11:36.135+0000] {processor.py:914} INFO - Processing file /opt/airflow/dags/dag_with_python_operator.py for tasks to queue
[2025-04-29T11:11:36.137+0000] {logging_mixin.py:190} INFO - [2025-04-29T11:11:36.137+0000] {dagbag.py:588} INFO - Filling up the DagBag from /opt/airflow/dags/dag_with_python_operator.py
[2025-04-29T11:11:36.153+0000] {processor.py:925} INFO - DAG(s) 'first_with_python_v4' retrieved from /opt/airflow/dags/dag_with_python_operator.py
[2025-04-29T11:11:36.168+0000] {logging_mixin.py:190} INFO - [2025-04-29T11:11:36.167+0000] {dag.py:3239} INFO - Sync 1 DAGs
[2025-04-29T11:11:36.183+0000] {logging_mixin.py:190} INFO - [2025-04-29T11:11:36.183+0000] {dag.py:4180} INFO - Setting next_dagrun for first_with_python_v4 to 2025-02-28 00:00:00+00:00, run_after=2025-03-01 00:00:00+00:00
[2025-04-29T11:11:36.194+0000] {processor.py:208} INFO - Processing /opt/airflow/dags/dag_with_python_operator.py took 0.064 seconds
[2025-04-29T11:12:06.506+0000] {processor.py:186} INFO - Started process (PID=5226) to work on /opt/airflow/dags/dag_with_python_operator.py
[2025-04-29T11:12:06.511+0000] {processor.py:914} INFO - Processing file /opt/airflow/dags/dag_with_python_operator.py for tasks to queue
[2025-04-29T11:12:06.518+0000] {logging_mixin.py:190} INFO - [2025-04-29T11:12:06.517+0000] {dagbag.py:588} INFO - Filling up the DagBag from /opt/airflow/dags/dag_with_python_operator.py
[2025-04-29T11:12:06.541+0000] {processor.py:925} INFO - DAG(s) 'first_with_python_v4' retrieved from /opt/airflow/dags/dag_with_python_operator.py
[2025-04-29T11:12:06.555+0000] {logging_mixin.py:190} INFO - [2025-04-29T11:12:06.554+0000] {dag.py:3239} INFO - Sync 1 DAGs
[2025-04-29T11:12:06.569+0000] {logging_mixin.py:190} INFO - [2025-04-29T11:12:06.569+0000] {dag.py:4180} INFO - Setting next_dagrun for first_with_python_v4 to 2025-02-28 00:00:00+00:00, run_after=2025-03-01 00:00:00+00:00
[2025-04-29T11:12:06.584+0000] {processor.py:208} INFO - Processing /opt/airflow/dags/dag_with_python_operator.py took 0.082 seconds
[2025-04-29T11:12:36.808+0000] {processor.py:186} INFO - Started process (PID=5247) to work on /opt/airflow/dags/dag_with_python_operator.py
[2025-04-29T11:12:36.809+0000] {processor.py:914} INFO - Processing file /opt/airflow/dags/dag_with_python_operator.py for tasks to queue
[2025-04-29T11:12:36.811+0000] {logging_mixin.py:190} INFO - [2025-04-29T11:12:36.811+0000] {dagbag.py:588} INFO - Filling up the DagBag from /opt/airflow/dags/dag_with_python_operator.py
[2025-04-29T11:12:36.822+0000] {processor.py:925} INFO - DAG(s) 'first_with_python_v4' retrieved from /opt/airflow/dags/dag_with_python_operator.py
[2025-04-29T11:12:36.837+0000] {logging_mixin.py:190} INFO - [2025-04-29T11:12:36.837+0000] {dag.py:3239} INFO - Sync 1 DAGs
[2025-04-29T11:12:36.851+0000] {logging_mixin.py:190} INFO - [2025-04-29T11:12:36.851+0000] {dag.py:4180} INFO - Setting next_dagrun for first_with_python_v4 to 2025-02-28 00:00:00+00:00, run_after=2025-03-01 00:00:00+00:00
[2025-04-29T11:12:36.866+0000] {processor.py:208} INFO - Processing /opt/airflow/dags/dag_with_python_operator.py took 0.062 seconds
[2025-04-29T11:13:07.157+0000] {processor.py:186} INFO - Started process (PID=5268) to work on /opt/airflow/dags/dag_with_python_operator.py
[2025-04-29T11:13:07.161+0000] {processor.py:914} INFO - Processing file /opt/airflow/dags/dag_with_python_operator.py for tasks to queue
[2025-04-29T11:13:07.169+0000] {logging_mixin.py:190} INFO - [2025-04-29T11:13:07.168+0000] {dagbag.py:588} INFO - Filling up the DagBag from /opt/airflow/dags/dag_with_python_operator.py
[2025-04-29T11:13:07.209+0000] {processor.py:925} INFO - DAG(s) 'first_with_python_v4' retrieved from /opt/airflow/dags/dag_with_python_operator.py
[2025-04-29T11:13:07.223+0000] {logging_mixin.py:190} INFO - [2025-04-29T11:13:07.223+0000] {dag.py:3239} INFO - Sync 1 DAGs
[2025-04-29T11:13:07.241+0000] {logging_mixin.py:190} INFO - [2025-04-29T11:13:07.241+0000] {dag.py:4180} INFO - Setting next_dagrun for first_with_python_v4 to 2025-02-28 00:00:00+00:00, run_after=2025-03-01 00:00:00+00:00
[2025-04-29T11:13:07.259+0000] {processor.py:208} INFO - Processing /opt/airflow/dags/dag_with_python_operator.py took 0.109 seconds
[2025-04-29T11:13:37.412+0000] {processor.py:186} INFO - Started process (PID=5289) to work on /opt/airflow/dags/dag_with_python_operator.py
[2025-04-29T11:13:37.413+0000] {processor.py:914} INFO - Processing file /opt/airflow/dags/dag_with_python_operator.py for tasks to queue
[2025-04-29T11:13:37.417+0000] {logging_mixin.py:190} INFO - [2025-04-29T11:13:37.417+0000] {dagbag.py:588} INFO - Filling up the DagBag from /opt/airflow/dags/dag_with_python_operator.py
[2025-04-29T11:13:37.439+0000] {processor.py:925} INFO - DAG(s) 'first_with_python_v4' retrieved from /opt/airflow/dags/dag_with_python_operator.py
[2025-04-29T11:13:37.452+0000] {logging_mixin.py:190} INFO - [2025-04-29T11:13:37.452+0000] {dag.py:3239} INFO - Sync 1 DAGs
[2025-04-29T11:13:37.466+0000] {logging_mixin.py:190} INFO - [2025-04-29T11:13:37.466+0000] {dag.py:4180} INFO - Setting next_dagrun for first_with_python_v4 to 2025-02-28 00:00:00+00:00, run_after=2025-03-01 00:00:00+00:00
[2025-04-29T11:13:37.478+0000] {processor.py:208} INFO - Processing /opt/airflow/dags/dag_with_python_operator.py took 0.073 seconds
[2025-04-29T11:14:07.758+0000] {processor.py:186} INFO - Started process (PID=5310) to work on /opt/airflow/dags/dag_with_python_operator.py
[2025-04-29T11:14:07.762+0000] {processor.py:914} INFO - Processing file /opt/airflow/dags/dag_with_python_operator.py for tasks to queue
[2025-04-29T11:14:07.771+0000] {logging_mixin.py:190} INFO - [2025-04-29T11:14:07.771+0000] {dagbag.py:588} INFO - Filling up the DagBag from /opt/airflow/dags/dag_with_python_operator.py
[2025-04-29T11:14:07.805+0000] {processor.py:925} INFO - DAG(s) 'first_with_python_v4' retrieved from /opt/airflow/dags/dag_with_python_operator.py
[2025-04-29T11:14:07.821+0000] {logging_mixin.py:190} INFO - [2025-04-29T11:14:07.821+0000] {dag.py:3239} INFO - Sync 1 DAGs
[2025-04-29T11:14:07.838+0000] {logging_mixin.py:190} INFO - [2025-04-29T11:14:07.838+0000] {dag.py:4180} INFO - Setting next_dagrun for first_with_python_v4 to 2025-02-28 00:00:00+00:00, run_after=2025-03-01 00:00:00+00:00
[2025-04-29T11:14:07.852+0000] {processor.py:208} INFO - Processing /opt/airflow/dags/dag_with_python_operator.py took 0.101 seconds
[2025-04-29T11:14:38.157+0000] {processor.py:186} INFO - Started process (PID=5331) to work on /opt/airflow/dags/dag_with_python_operator.py
[2025-04-29T11:14:38.158+0000] {processor.py:914} INFO - Processing file /opt/airflow/dags/dag_with_python_operator.py for tasks to queue
[2025-04-29T11:14:38.161+0000] {logging_mixin.py:190} INFO - [2025-04-29T11:14:38.161+0000] {dagbag.py:588} INFO - Filling up the DagBag from /opt/airflow/dags/dag_with_python_operator.py
[2025-04-29T11:14:38.181+0000] {processor.py:925} INFO - DAG(s) 'first_with_python_v4' retrieved from /opt/airflow/dags/dag_with_python_operator.py
[2025-04-29T11:14:38.195+0000] {logging_mixin.py:190} INFO - [2025-04-29T11:14:38.195+0000] {dag.py:3239} INFO - Sync 1 DAGs
[2025-04-29T11:14:38.208+0000] {logging_mixin.py:190} INFO - [2025-04-29T11:14:38.208+0000] {dag.py:4180} INFO - Setting next_dagrun for first_with_python_v4 to 2025-02-28 00:00:00+00:00, run_after=2025-03-01 00:00:00+00:00
[2025-04-29T11:14:38.219+0000] {processor.py:208} INFO - Processing /opt/airflow/dags/dag_with_python_operator.py took 0.066 seconds
[2025-04-29T11:15:08.442+0000] {processor.py:186} INFO - Started process (PID=5352) to work on /opt/airflow/dags/dag_with_python_operator.py
[2025-04-29T11:15:08.443+0000] {processor.py:914} INFO - Processing file /opt/airflow/dags/dag_with_python_operator.py for tasks to queue
[2025-04-29T11:15:08.446+0000] {logging_mixin.py:190} INFO - [2025-04-29T11:15:08.446+0000] {dagbag.py:588} INFO - Filling up the DagBag from /opt/airflow/dags/dag_with_python_operator.py
[2025-04-29T11:15:08.474+0000] {processor.py:925} INFO - DAG(s) 'first_with_python_v4' retrieved from /opt/airflow/dags/dag_with_python_operator.py
[2025-04-29T11:15:08.488+0000] {logging_mixin.py:190} INFO - [2025-04-29T11:15:08.488+0000] {dag.py:3239} INFO - Sync 1 DAGs
[2025-04-29T11:15:08.502+0000] {logging_mixin.py:190} INFO - [2025-04-29T11:15:08.502+0000] {dag.py:4180} INFO - Setting next_dagrun for first_with_python_v4 to 2025-02-28 00:00:00+00:00, run_after=2025-03-01 00:00:00+00:00
[2025-04-29T11:15:08.522+0000] {processor.py:208} INFO - Processing /opt/airflow/dags/dag_with_python_operator.py took 0.084 seconds
[2025-04-29T11:15:38.808+0000] {processor.py:186} INFO - Started process (PID=5373) to work on /opt/airflow/dags/dag_with_python_operator.py
[2025-04-29T11:15:38.812+0000] {processor.py:914} INFO - Processing file /opt/airflow/dags/dag_with_python_operator.py for tasks to queue
[2025-04-29T11:15:38.816+0000] {logging_mixin.py:190} INFO - [2025-04-29T11:15:38.815+0000] {dagbag.py:588} INFO - Filling up the DagBag from /opt/airflow/dags/dag_with_python_operator.py
[2025-04-29T11:15:38.830+0000] {processor.py:925} INFO - DAG(s) 'first_with_python_v4' retrieved from /opt/airflow/dags/dag_with_python_operator.py
[2025-04-29T11:15:38.846+0000] {logging_mixin.py:190} INFO - [2025-04-29T11:15:38.845+0000] {dag.py:3239} INFO - Sync 1 DAGs
[2025-04-29T11:15:38.860+0000] {logging_mixin.py:190} INFO - [2025-04-29T11:15:38.860+0000] {dag.py:4180} INFO - Setting next_dagrun for first_with_python_v4 to 2025-02-28 00:00:00+00:00, run_after=2025-03-01 00:00:00+00:00
[2025-04-29T11:15:38.872+0000] {processor.py:208} INFO - Processing /opt/airflow/dags/dag_with_python_operator.py took 0.071 seconds
[2025-04-29T11:16:09.169+0000] {processor.py:186} INFO - Started process (PID=5394) to work on /opt/airflow/dags/dag_with_python_operator.py
[2025-04-29T11:16:09.171+0000] {processor.py:914} INFO - Processing file /opt/airflow/dags/dag_with_python_operator.py for tasks to queue
[2025-04-29T11:16:09.173+0000] {logging_mixin.py:190} INFO - [2025-04-29T11:16:09.173+0000] {dagbag.py:588} INFO - Filling up the DagBag from /opt/airflow/dags/dag_with_python_operator.py
[2025-04-29T11:16:09.195+0000] {processor.py:925} INFO - DAG(s) 'first_with_python_v4' retrieved from /opt/airflow/dags/dag_with_python_operator.py
[2025-04-29T11:16:09.211+0000] {logging_mixin.py:190} INFO - [2025-04-29T11:16:09.211+0000] {dag.py:3239} INFO - Sync 1 DAGs
[2025-04-29T11:16:09.226+0000] {logging_mixin.py:190} INFO - [2025-04-29T11:16:09.226+0000] {dag.py:4180} INFO - Setting next_dagrun for first_with_python_v4 to 2025-02-28 00:00:00+00:00, run_after=2025-03-01 00:00:00+00:00
[2025-04-29T11:16:09.240+0000] {processor.py:208} INFO - Processing /opt/airflow/dags/dag_with_python_operator.py took 0.088 seconds
[2025-04-29T11:16:39.570+0000] {processor.py:186} INFO - Started process (PID=5415) to work on /opt/airflow/dags/dag_with_python_operator.py
[2025-04-29T11:16:39.573+0000] {processor.py:914} INFO - Processing file /opt/airflow/dags/dag_with_python_operator.py for tasks to queue
[2025-04-29T11:16:39.576+0000] {logging_mixin.py:190} INFO - [2025-04-29T11:16:39.576+0000] {dagbag.py:588} INFO - Filling up the DagBag from /opt/airflow/dags/dag_with_python_operator.py
[2025-04-29T11:16:39.595+0000] {processor.py:925} INFO - DAG(s) 'first_with_python_v4' retrieved from /opt/airflow/dags/dag_with_python_operator.py
[2025-04-29T11:16:39.617+0000] {logging_mixin.py:190} INFO - [2025-04-29T11:16:39.617+0000] {dag.py:3239} INFO - Sync 1 DAGs
[2025-04-29T11:16:39.633+0000] {logging_mixin.py:190} INFO - [2025-04-29T11:16:39.632+0000] {dag.py:4180} INFO - Setting next_dagrun for first_with_python_v4 to 2025-02-28 00:00:00+00:00, run_after=2025-03-01 00:00:00+00:00
[2025-04-29T11:16:39.644+0000] {processor.py:208} INFO - Processing /opt/airflow/dags/dag_with_python_operator.py took 0.081 seconds
[2025-04-29T11:17:10.036+0000] {processor.py:186} INFO - Started process (PID=5436) to work on /opt/airflow/dags/dag_with_python_operator.py
[2025-04-29T11:17:10.038+0000] {processor.py:914} INFO - Processing file /opt/airflow/dags/dag_with_python_operator.py for tasks to queue
[2025-04-29T11:17:10.040+0000] {logging_mixin.py:190} INFO - [2025-04-29T11:17:10.040+0000] {dagbag.py:588} INFO - Filling up the DagBag from /opt/airflow/dags/dag_with_python_operator.py
[2025-04-29T11:17:10.063+0000] {processor.py:925} INFO - DAG(s) 'first_with_python_v4' retrieved from /opt/airflow/dags/dag_with_python_operator.py
[2025-04-29T11:17:10.079+0000] {logging_mixin.py:190} INFO - [2025-04-29T11:17:10.079+0000] {dag.py:3239} INFO - Sync 1 DAGs
[2025-04-29T11:17:10.093+0000] {logging_mixin.py:190} INFO - [2025-04-29T11:17:10.093+0000] {dag.py:4180} INFO - Setting next_dagrun for first_with_python_v4 to 2025-02-28 00:00:00+00:00, run_after=2025-03-01 00:00:00+00:00
[2025-04-29T11:17:10.105+0000] {processor.py:208} INFO - Processing /opt/airflow/dags/dag_with_python_operator.py took 0.073 seconds
[2025-04-29T11:17:40.241+0000] {processor.py:186} INFO - Started process (PID=5457) to work on /opt/airflow/dags/dag_with_python_operator.py
[2025-04-29T11:17:40.243+0000] {processor.py:914} INFO - Processing file /opt/airflow/dags/dag_with_python_operator.py for tasks to queue
[2025-04-29T11:17:40.245+0000] {logging_mixin.py:190} INFO - [2025-04-29T11:17:40.245+0000] {dagbag.py:588} INFO - Filling up the DagBag from /opt/airflow/dags/dag_with_python_operator.py
[2025-04-29T11:17:40.256+0000] {processor.py:925} INFO - DAG(s) 'first_with_python_v4' retrieved from /opt/airflow/dags/dag_with_python_operator.py
[2025-04-29T11:17:40.269+0000] {logging_mixin.py:190} INFO - [2025-04-29T11:17:40.269+0000] {dag.py:3239} INFO - Sync 1 DAGs
[2025-04-29T11:17:40.284+0000] {logging_mixin.py:190} INFO - [2025-04-29T11:17:40.284+0000] {dag.py:4180} INFO - Setting next_dagrun for first_with_python_v4 to 2025-02-28 00:00:00+00:00, run_after=2025-03-01 00:00:00+00:00
[2025-04-29T11:17:40.295+0000] {processor.py:208} INFO - Processing /opt/airflow/dags/dag_with_python_operator.py took 0.057 seconds
[2025-04-29T11:18:10.774+0000] {processor.py:186} INFO - Started process (PID=5478) to work on /opt/airflow/dags/dag_with_python_operator.py
[2025-04-29T11:18:10.776+0000] {processor.py:914} INFO - Processing file /opt/airflow/dags/dag_with_python_operator.py for tasks to queue
[2025-04-29T11:18:10.778+0000] {logging_mixin.py:190} INFO - [2025-04-29T11:18:10.778+0000] {dagbag.py:588} INFO - Filling up the DagBag from /opt/airflow/dags/dag_with_python_operator.py
[2025-04-29T11:18:10.804+0000] {processor.py:925} INFO - DAG(s) 'first_with_python_v4' retrieved from /opt/airflow/dags/dag_with_python_operator.py
[2025-04-29T11:18:10.818+0000] {logging_mixin.py:190} INFO - [2025-04-29T11:18:10.817+0000] {dag.py:3239} INFO - Sync 1 DAGs
[2025-04-29T11:18:10.832+0000] {logging_mixin.py:190} INFO - [2025-04-29T11:18:10.832+0000] {dag.py:4180} INFO - Setting next_dagrun for first_with_python_v4 to 2025-02-28 00:00:00+00:00, run_after=2025-03-01 00:00:00+00:00
[2025-04-29T11:18:10.843+0000] {processor.py:208} INFO - Processing /opt/airflow/dags/dag_with_python_operator.py took 0.072 seconds
[2025-04-29T11:18:41.083+0000] {processor.py:186} INFO - Started process (PID=5499) to work on /opt/airflow/dags/dag_with_python_operator.py
[2025-04-29T11:18:41.085+0000] {processor.py:914} INFO - Processing file /opt/airflow/dags/dag_with_python_operator.py for tasks to queue
[2025-04-29T11:18:41.088+0000] {logging_mixin.py:190} INFO - [2025-04-29T11:18:41.088+0000] {dagbag.py:588} INFO - Filling up the DagBag from /opt/airflow/dags/dag_with_python_operator.py
[2025-04-29T11:18:41.111+0000] {processor.py:925} INFO - DAG(s) 'first_with_python_v4' retrieved from /opt/airflow/dags/dag_with_python_operator.py
[2025-04-29T11:18:41.124+0000] {logging_mixin.py:190} INFO - [2025-04-29T11:18:41.124+0000] {dag.py:3239} INFO - Sync 1 DAGs
[2025-04-29T11:18:41.138+0000] {logging_mixin.py:190} INFO - [2025-04-29T11:18:41.138+0000] {dag.py:4180} INFO - Setting next_dagrun for first_with_python_v4 to 2025-02-28 00:00:00+00:00, run_after=2025-03-01 00:00:00+00:00
[2025-04-29T11:18:41.149+0000] {processor.py:208} INFO - Processing /opt/airflow/dags/dag_with_python_operator.py took 0.074 seconds
[2025-04-29T11:19:11.372+0000] {processor.py:186} INFO - Started process (PID=5520) to work on /opt/airflow/dags/dag_with_python_operator.py
[2025-04-29T11:19:11.373+0000] {processor.py:914} INFO - Processing file /opt/airflow/dags/dag_with_python_operator.py for tasks to queue
[2025-04-29T11:19:11.375+0000] {logging_mixin.py:190} INFO - [2025-04-29T11:19:11.375+0000] {dagbag.py:588} INFO - Filling up the DagBag from /opt/airflow/dags/dag_with_python_operator.py
[2025-04-29T11:19:11.385+0000] {processor.py:925} INFO - DAG(s) 'first_with_python_v4' retrieved from /opt/airflow/dags/dag_with_python_operator.py
[2025-04-29T11:19:11.398+0000] {logging_mixin.py:190} INFO - [2025-04-29T11:19:11.398+0000] {dag.py:3239} INFO - Sync 1 DAGs
[2025-04-29T11:19:11.411+0000] {logging_mixin.py:190} INFO - [2025-04-29T11:19:11.411+0000] {dag.py:4180} INFO - Setting next_dagrun for first_with_python_v4 to 2025-02-28 00:00:00+00:00, run_after=2025-03-01 00:00:00+00:00
[2025-04-29T11:19:11.422+0000] {processor.py:208} INFO - Processing /opt/airflow/dags/dag_with_python_operator.py took 0.053 seconds
[2025-04-29T11:19:41.644+0000] {processor.py:186} INFO - Started process (PID=5541) to work on /opt/airflow/dags/dag_with_python_operator.py
[2025-04-29T11:19:41.646+0000] {processor.py:914} INFO - Processing file /opt/airflow/dags/dag_with_python_operator.py for tasks to queue
[2025-04-29T11:19:41.649+0000] {logging_mixin.py:190} INFO - [2025-04-29T11:19:41.649+0000] {dagbag.py:588} INFO - Filling up the DagBag from /opt/airflow/dags/dag_with_python_operator.py
[2025-04-29T11:19:41.674+0000] {processor.py:925} INFO - DAG(s) 'first_with_python_v4' retrieved from /opt/airflow/dags/dag_with_python_operator.py
[2025-04-29T11:19:41.689+0000] {logging_mixin.py:190} INFO - [2025-04-29T11:19:41.689+0000] {dag.py:3239} INFO - Sync 1 DAGs
[2025-04-29T11:19:41.704+0000] {logging_mixin.py:190} INFO - [2025-04-29T11:19:41.703+0000] {dag.py:4180} INFO - Setting next_dagrun for first_with_python_v4 to 2025-02-28 00:00:00+00:00, run_after=2025-03-01 00:00:00+00:00
[2025-04-29T11:19:41.716+0000] {processor.py:208} INFO - Processing /opt/airflow/dags/dag_with_python_operator.py took 0.076 seconds
[2025-04-29T11:20:12.003+0000] {processor.py:186} INFO - Started process (PID=5562) to work on /opt/airflow/dags/dag_with_python_operator.py
[2025-04-29T11:20:12.005+0000] {processor.py:914} INFO - Processing file /opt/airflow/dags/dag_with_python_operator.py for tasks to queue
[2025-04-29T11:20:12.009+0000] {logging_mixin.py:190} INFO - [2025-04-29T11:20:12.008+0000] {dagbag.py:588} INFO - Filling up the DagBag from /opt/airflow/dags/dag_with_python_operator.py
[2025-04-29T11:20:12.035+0000] {processor.py:925} INFO - DAG(s) 'first_with_python_v4' retrieved from /opt/airflow/dags/dag_with_python_operator.py
[2025-04-29T11:20:12.051+0000] {logging_mixin.py:190} INFO - [2025-04-29T11:20:12.050+0000] {dag.py:3239} INFO - Sync 1 DAGs
[2025-04-29T11:20:12.066+0000] {logging_mixin.py:190} INFO - [2025-04-29T11:20:12.066+0000] {dag.py:4180} INFO - Setting next_dagrun for first_with_python_v4 to 2025-02-28 00:00:00+00:00, run_after=2025-03-01 00:00:00+00:00
[2025-04-29T11:20:12.080+0000] {processor.py:208} INFO - Processing /opt/airflow/dags/dag_with_python_operator.py took 0.082 seconds
[2025-04-29T11:20:42.473+0000] {processor.py:186} INFO - Started process (PID=5583) to work on /opt/airflow/dags/dag_with_python_operator.py
[2025-04-29T11:20:42.474+0000] {processor.py:914} INFO - Processing file /opt/airflow/dags/dag_with_python_operator.py for tasks to queue
[2025-04-29T11:20:42.477+0000] {logging_mixin.py:190} INFO - [2025-04-29T11:20:42.477+0000] {dagbag.py:588} INFO - Filling up the DagBag from /opt/airflow/dags/dag_with_python_operator.py
[2025-04-29T11:20:42.501+0000] {processor.py:925} INFO - DAG(s) 'first_with_python_v4' retrieved from /opt/airflow/dags/dag_with_python_operator.py
[2025-04-29T11:20:42.515+0000] {logging_mixin.py:190} INFO - [2025-04-29T11:20:42.514+0000] {dag.py:3239} INFO - Sync 1 DAGs
[2025-04-29T11:20:42.528+0000] {logging_mixin.py:190} INFO - [2025-04-29T11:20:42.528+0000] {dag.py:4180} INFO - Setting next_dagrun for first_with_python_v4 to 2025-02-28 00:00:00+00:00, run_after=2025-03-01 00:00:00+00:00
[2025-04-29T11:20:42.539+0000] {processor.py:208} INFO - Processing /opt/airflow/dags/dag_with_python_operator.py took 0.075 seconds
[2025-04-29T11:21:12.797+0000] {processor.py:186} INFO - Started process (PID=5603) to work on /opt/airflow/dags/dag_with_python_operator.py
[2025-04-29T11:21:12.806+0000] {processor.py:914} INFO - Processing file /opt/airflow/dags/dag_with_python_operator.py for tasks to queue
[2025-04-29T11:21:12.811+0000] {logging_mixin.py:190} INFO - [2025-04-29T11:21:12.811+0000] {dagbag.py:588} INFO - Filling up the DagBag from /opt/airflow/dags/dag_with_python_operator.py
[2025-04-29T11:21:12.831+0000] {processor.py:925} INFO - DAG(s) 'first_with_python_v4' retrieved from /opt/airflow/dags/dag_with_python_operator.py
[2025-04-29T11:21:12.844+0000] {logging_mixin.py:190} INFO - [2025-04-29T11:21:12.844+0000] {dag.py:3239} INFO - Sync 1 DAGs
[2025-04-29T11:21:12.858+0000] {logging_mixin.py:190} INFO - [2025-04-29T11:21:12.858+0000] {dag.py:4180} INFO - Setting next_dagrun for first_with_python_v4 to 2025-02-28 00:00:00+00:00, run_after=2025-03-01 00:00:00+00:00
[2025-04-29T11:21:12.869+0000] {processor.py:208} INFO - Processing /opt/airflow/dags/dag_with_python_operator.py took 0.077 seconds
[2025-04-29T11:21:43.295+0000] {processor.py:186} INFO - Started process (PID=5624) to work on /opt/airflow/dags/dag_with_python_operator.py
[2025-04-29T11:21:43.297+0000] {processor.py:914} INFO - Processing file /opt/airflow/dags/dag_with_python_operator.py for tasks to queue
[2025-04-29T11:21:43.299+0000] {logging_mixin.py:190} INFO - [2025-04-29T11:21:43.299+0000] {dagbag.py:588} INFO - Filling up the DagBag from /opt/airflow/dags/dag_with_python_operator.py
[2025-04-29T11:21:43.331+0000] {processor.py:925} INFO - DAG(s) 'first_with_python_v4' retrieved from /opt/airflow/dags/dag_with_python_operator.py
[2025-04-29T11:21:43.348+0000] {logging_mixin.py:190} INFO - [2025-04-29T11:21:43.347+0000] {dag.py:3239} INFO - Sync 1 DAGs
[2025-04-29T11:21:43.362+0000] {logging_mixin.py:190} INFO - [2025-04-29T11:21:43.362+0000] {dag.py:4180} INFO - Setting next_dagrun for first_with_python_v4 to 2025-02-28 00:00:00+00:00, run_after=2025-03-01 00:00:00+00:00
[2025-04-29T11:21:43.374+0000] {processor.py:208} INFO - Processing /opt/airflow/dags/dag_with_python_operator.py took 0.083 seconds
[2025-04-29T11:22:13.637+0000] {processor.py:186} INFO - Started process (PID=5645) to work on /opt/airflow/dags/dag_with_python_operator.py
[2025-04-29T11:22:13.639+0000] {processor.py:914} INFO - Processing file /opt/airflow/dags/dag_with_python_operator.py for tasks to queue
[2025-04-29T11:22:13.643+0000] {logging_mixin.py:190} INFO - [2025-04-29T11:22:13.643+0000] {dagbag.py:588} INFO - Filling up the DagBag from /opt/airflow/dags/dag_with_python_operator.py
[2025-04-29T11:22:13.669+0000] {processor.py:925} INFO - DAG(s) 'first_with_python_v4' retrieved from /opt/airflow/dags/dag_with_python_operator.py
[2025-04-29T11:22:13.685+0000] {logging_mixin.py:190} INFO - [2025-04-29T11:22:13.684+0000] {dag.py:3239} INFO - Sync 1 DAGs
[2025-04-29T11:22:13.699+0000] {logging_mixin.py:190} INFO - [2025-04-29T11:22:13.699+0000] {dag.py:4180} INFO - Setting next_dagrun for first_with_python_v4 to 2025-02-28 00:00:00+00:00, run_after=2025-03-01 00:00:00+00:00
[2025-04-29T11:22:13.710+0000] {processor.py:208} INFO - Processing /opt/airflow/dags/dag_with_python_operator.py took 0.080 seconds
[2025-04-29T11:22:43.979+0000] {processor.py:186} INFO - Started process (PID=5666) to work on /opt/airflow/dags/dag_with_python_operator.py
[2025-04-29T11:22:43.980+0000] {processor.py:914} INFO - Processing file /opt/airflow/dags/dag_with_python_operator.py for tasks to queue
[2025-04-29T11:22:43.983+0000] {logging_mixin.py:190} INFO - [2025-04-29T11:22:43.983+0000] {dagbag.py:588} INFO - Filling up the DagBag from /opt/airflow/dags/dag_with_python_operator.py
[2025-04-29T11:22:44.009+0000] {processor.py:925} INFO - DAG(s) 'first_with_python_v4' retrieved from /opt/airflow/dags/dag_with_python_operator.py
[2025-04-29T11:22:44.023+0000] {logging_mixin.py:190} INFO - [2025-04-29T11:22:44.023+0000] {dag.py:3239} INFO - Sync 1 DAGs
[2025-04-29T11:22:44.037+0000] {logging_mixin.py:190} INFO - [2025-04-29T11:22:44.037+0000] {dag.py:4180} INFO - Setting next_dagrun for first_with_python_v4 to 2025-02-28 00:00:00+00:00, run_after=2025-03-01 00:00:00+00:00
[2025-04-29T11:22:44.049+0000] {processor.py:208} INFO - Processing /opt/airflow/dags/dag_with_python_operator.py took 0.074 seconds
[2025-04-29T11:23:14.348+0000] {processor.py:186} INFO - Started process (PID=5687) to work on /opt/airflow/dags/dag_with_python_operator.py
[2025-04-29T11:23:14.352+0000] {processor.py:914} INFO - Processing file /opt/airflow/dags/dag_with_python_operator.py for tasks to queue
[2025-04-29T11:23:14.355+0000] {logging_mixin.py:190} INFO - [2025-04-29T11:23:14.355+0000] {dagbag.py:588} INFO - Filling up the DagBag from /opt/airflow/dags/dag_with_python_operator.py
[2025-04-29T11:23:14.390+0000] {processor.py:925} INFO - DAG(s) 'first_with_python_v4' retrieved from /opt/airflow/dags/dag_with_python_operator.py
[2025-04-29T11:23:14.410+0000] {logging_mixin.py:190} INFO - [2025-04-29T11:23:14.409+0000] {dag.py:3239} INFO - Sync 1 DAGs
[2025-04-29T11:23:14.430+0000] {logging_mixin.py:190} INFO - [2025-04-29T11:23:14.430+0000] {dag.py:4180} INFO - Setting next_dagrun for first_with_python_v4 to 2025-02-28 00:00:00+00:00, run_after=2025-03-01 00:00:00+00:00
[2025-04-29T11:23:14.450+0000] {processor.py:208} INFO - Processing /opt/airflow/dags/dag_with_python_operator.py took 0.109 seconds
[2025-04-29T11:23:44.782+0000] {processor.py:186} INFO - Started process (PID=5708) to work on /opt/airflow/dags/dag_with_python_operator.py
[2025-04-29T11:23:44.783+0000] {processor.py:914} INFO - Processing file /opt/airflow/dags/dag_with_python_operator.py for tasks to queue
[2025-04-29T11:23:44.787+0000] {logging_mixin.py:190} INFO - [2025-04-29T11:23:44.787+0000] {dagbag.py:588} INFO - Filling up the DagBag from /opt/airflow/dags/dag_with_python_operator.py
[2025-04-29T11:23:44.820+0000] {processor.py:925} INFO - DAG(s) 'first_with_python_v4' retrieved from /opt/airflow/dags/dag_with_python_operator.py
[2025-04-29T11:23:44.846+0000] {logging_mixin.py:190} INFO - [2025-04-29T11:23:44.845+0000] {dag.py:3239} INFO - Sync 1 DAGs
[2025-04-29T11:23:44.894+0000] {logging_mixin.py:190} INFO - [2025-04-29T11:23:44.894+0000] {dag.py:4180} INFO - Setting next_dagrun for first_with_python_v4 to 2025-02-28 00:00:00+00:00, run_after=2025-03-01 00:00:00+00:00
[2025-04-29T11:23:44.936+0000] {processor.py:208} INFO - Processing /opt/airflow/dags/dag_with_python_operator.py took 0.162 seconds
[2025-04-29T11:24:15.281+0000] {processor.py:186} INFO - Started process (PID=5729) to work on /opt/airflow/dags/dag_with_python_operator.py
[2025-04-29T11:24:15.282+0000] {processor.py:914} INFO - Processing file /opt/airflow/dags/dag_with_python_operator.py for tasks to queue
[2025-04-29T11:24:15.285+0000] {logging_mixin.py:190} INFO - [2025-04-29T11:24:15.285+0000] {dagbag.py:588} INFO - Filling up the DagBag from /opt/airflow/dags/dag_with_python_operator.py
[2025-04-29T11:24:15.295+0000] {processor.py:925} INFO - DAG(s) 'first_with_python_v4' retrieved from /opt/airflow/dags/dag_with_python_operator.py
[2025-04-29T11:24:15.309+0000] {logging_mixin.py:190} INFO - [2025-04-29T11:24:15.309+0000] {dag.py:3239} INFO - Sync 1 DAGs
[2025-04-29T11:24:15.322+0000] {logging_mixin.py:190} INFO - [2025-04-29T11:24:15.322+0000] {dag.py:4180} INFO - Setting next_dagrun for first_with_python_v4 to 2025-02-28 00:00:00+00:00, run_after=2025-03-01 00:00:00+00:00
[2025-04-29T11:24:15.333+0000] {processor.py:208} INFO - Processing /opt/airflow/dags/dag_with_python_operator.py took 0.055 seconds
[2025-04-29T11:24:45.908+0000] {processor.py:186} INFO - Started process (PID=5750) to work on /opt/airflow/dags/dag_with_python_operator.py
[2025-04-29T11:24:45.910+0000] {processor.py:914} INFO - Processing file /opt/airflow/dags/dag_with_python_operator.py for tasks to queue
[2025-04-29T11:24:45.912+0000] {logging_mixin.py:190} INFO - [2025-04-29T11:24:45.912+0000] {dagbag.py:588} INFO - Filling up the DagBag from /opt/airflow/dags/dag_with_python_operator.py
[2025-04-29T11:24:45.934+0000] {processor.py:925} INFO - DAG(s) 'first_with_python_v4' retrieved from /opt/airflow/dags/dag_with_python_operator.py
[2025-04-29T11:24:45.949+0000] {logging_mixin.py:190} INFO - [2025-04-29T11:24:45.949+0000] {dag.py:3239} INFO - Sync 1 DAGs
[2025-04-29T11:24:45.963+0000] {logging_mixin.py:190} INFO - [2025-04-29T11:24:45.963+0000] {dag.py:4180} INFO - Setting next_dagrun for first_with_python_v4 to 2025-02-28 00:00:00+00:00, run_after=2025-03-01 00:00:00+00:00
[2025-04-29T11:24:45.974+0000] {processor.py:208} INFO - Processing /opt/airflow/dags/dag_with_python_operator.py took 0.069 seconds
[2025-04-29T11:25:16.199+0000] {processor.py:186} INFO - Started process (PID=5771) to work on /opt/airflow/dags/dag_with_python_operator.py
[2025-04-29T11:25:16.200+0000] {processor.py:914} INFO - Processing file /opt/airflow/dags/dag_with_python_operator.py for tasks to queue
[2025-04-29T11:25:16.202+0000] {logging_mixin.py:190} INFO - [2025-04-29T11:25:16.202+0000] {dagbag.py:588} INFO - Filling up the DagBag from /opt/airflow/dags/dag_with_python_operator.py
[2025-04-29T11:25:16.213+0000] {processor.py:925} INFO - DAG(s) 'first_with_python_v4' retrieved from /opt/airflow/dags/dag_with_python_operator.py
[2025-04-29T11:25:16.231+0000] {logging_mixin.py:190} INFO - [2025-04-29T11:25:16.231+0000] {dag.py:3239} INFO - Sync 1 DAGs
[2025-04-29T11:25:16.247+0000] {logging_mixin.py:190} INFO - [2025-04-29T11:25:16.247+0000] {dag.py:4180} INFO - Setting next_dagrun for first_with_python_v4 to 2025-02-28 00:00:00+00:00, run_after=2025-03-01 00:00:00+00:00
[2025-04-29T11:25:16.260+0000] {processor.py:208} INFO - Processing /opt/airflow/dags/dag_with_python_operator.py took 0.065 seconds
[2025-04-29T11:25:46.645+0000] {processor.py:186} INFO - Started process (PID=5792) to work on /opt/airflow/dags/dag_with_python_operator.py
[2025-04-29T11:25:46.652+0000] {processor.py:914} INFO - Processing file /opt/airflow/dags/dag_with_python_operator.py for tasks to queue
[2025-04-29T11:25:46.655+0000] {logging_mixin.py:190} INFO - [2025-04-29T11:25:46.654+0000] {dagbag.py:588} INFO - Filling up the DagBag from /opt/airflow/dags/dag_with_python_operator.py
[2025-04-29T11:25:46.688+0000] {processor.py:925} INFO - DAG(s) 'first_with_python_v4' retrieved from /opt/airflow/dags/dag_with_python_operator.py
[2025-04-29T11:25:46.704+0000] {logging_mixin.py:190} INFO - [2025-04-29T11:25:46.703+0000] {dag.py:3239} INFO - Sync 1 DAGs
[2025-04-29T11:25:46.718+0000] {logging_mixin.py:190} INFO - [2025-04-29T11:25:46.718+0000] {dag.py:4180} INFO - Setting next_dagrun for first_with_python_v4 to 2025-02-28 00:00:00+00:00, run_after=2025-03-01 00:00:00+00:00
[2025-04-29T11:25:46.729+0000] {processor.py:208} INFO - Processing /opt/airflow/dags/dag_with_python_operator.py took 0.088 seconds
[2025-04-29T11:26:17.054+0000] {processor.py:186} INFO - Started process (PID=5813) to work on /opt/airflow/dags/dag_with_python_operator.py
[2025-04-29T11:26:17.057+0000] {processor.py:914} INFO - Processing file /opt/airflow/dags/dag_with_python_operator.py for tasks to queue
[2025-04-29T11:26:17.064+0000] {logging_mixin.py:190} INFO - [2025-04-29T11:26:17.063+0000] {dagbag.py:588} INFO - Filling up the DagBag from /opt/airflow/dags/dag_with_python_operator.py
[2025-04-29T11:26:17.103+0000] {processor.py:925} INFO - DAG(s) 'first_with_python_v4' retrieved from /opt/airflow/dags/dag_with_python_operator.py
[2025-04-29T11:26:17.121+0000] {logging_mixin.py:190} INFO - [2025-04-29T11:26:17.121+0000] {dag.py:3239} INFO - Sync 1 DAGs
[2025-04-29T11:26:17.140+0000] {logging_mixin.py:190} INFO - [2025-04-29T11:26:17.140+0000] {dag.py:4180} INFO - Setting next_dagrun for first_with_python_v4 to 2025-02-28 00:00:00+00:00, run_after=2025-03-01 00:00:00+00:00
[2025-04-29T11:26:17.152+0000] {processor.py:208} INFO - Processing /opt/airflow/dags/dag_with_python_operator.py took 0.101 seconds
[2025-04-29T11:26:47.358+0000] {processor.py:186} INFO - Started process (PID=5834) to work on /opt/airflow/dags/dag_with_python_operator.py
[2025-04-29T11:26:47.361+0000] {processor.py:914} INFO - Processing file /opt/airflow/dags/dag_with_python_operator.py for tasks to queue
[2025-04-29T11:26:47.366+0000] {logging_mixin.py:190} INFO - [2025-04-29T11:26:47.365+0000] {dagbag.py:588} INFO - Filling up the DagBag from /opt/airflow/dags/dag_with_python_operator.py
[2025-04-29T11:26:47.396+0000] {processor.py:925} INFO - DAG(s) 'first_with_python_v4' retrieved from /opt/airflow/dags/dag_with_python_operator.py
[2025-04-29T11:26:47.418+0000] {logging_mixin.py:190} INFO - [2025-04-29T11:26:47.418+0000] {dag.py:3239} INFO - Sync 1 DAGs
[2025-04-29T11:26:47.434+0000] {logging_mixin.py:190} INFO - [2025-04-29T11:26:47.434+0000] {dag.py:4180} INFO - Setting next_dagrun for first_with_python_v4 to 2025-02-28 00:00:00+00:00, run_after=2025-03-01 00:00:00+00:00
[2025-04-29T11:26:47.447+0000] {processor.py:208} INFO - Processing /opt/airflow/dags/dag_with_python_operator.py took 0.095 seconds
[2025-04-29T11:27:17.835+0000] {processor.py:186} INFO - Started process (PID=5855) to work on /opt/airflow/dags/dag_with_python_operator.py
[2025-04-29T11:27:17.836+0000] {processor.py:914} INFO - Processing file /opt/airflow/dags/dag_with_python_operator.py for tasks to queue
[2025-04-29T11:27:17.838+0000] {logging_mixin.py:190} INFO - [2025-04-29T11:27:17.838+0000] {dagbag.py:588} INFO - Filling up the DagBag from /opt/airflow/dags/dag_with_python_operator.py
[2025-04-29T11:27:17.851+0000] {processor.py:925} INFO - DAG(s) 'first_with_python_v4' retrieved from /opt/airflow/dags/dag_with_python_operator.py
[2025-04-29T11:27:17.865+0000] {logging_mixin.py:190} INFO - [2025-04-29T11:27:17.864+0000] {dag.py:3239} INFO - Sync 1 DAGs
[2025-04-29T11:27:17.878+0000] {logging_mixin.py:190} INFO - [2025-04-29T11:27:17.877+0000] {dag.py:4180} INFO - Setting next_dagrun for first_with_python_v4 to 2025-02-28 00:00:00+00:00, run_after=2025-03-01 00:00:00+00:00
[2025-04-29T11:27:17.889+0000] {processor.py:208} INFO - Processing /opt/airflow/dags/dag_with_python_operator.py took 0.059 seconds
[2025-04-29T11:27:48.109+0000] {processor.py:186} INFO - Started process (PID=5876) to work on /opt/airflow/dags/dag_with_python_operator.py
[2025-04-29T11:27:48.110+0000] {processor.py:914} INFO - Processing file /opt/airflow/dags/dag_with_python_operator.py for tasks to queue
[2025-04-29T11:27:48.111+0000] {logging_mixin.py:190} INFO - [2025-04-29T11:27:48.111+0000] {dagbag.py:588} INFO - Filling up the DagBag from /opt/airflow/dags/dag_with_python_operator.py
[2025-04-29T11:27:48.123+0000] {processor.py:925} INFO - DAG(s) 'first_with_python_v4' retrieved from /opt/airflow/dags/dag_with_python_operator.py
[2025-04-29T11:27:48.137+0000] {logging_mixin.py:190} INFO - [2025-04-29T11:27:48.136+0000] {dag.py:3239} INFO - Sync 1 DAGs
[2025-04-29T11:27:48.151+0000] {logging_mixin.py:190} INFO - [2025-04-29T11:27:48.151+0000] {dag.py:4180} INFO - Setting next_dagrun for first_with_python_v4 to 2025-02-28 00:00:00+00:00, run_after=2025-03-01 00:00:00+00:00
[2025-04-29T11:27:48.162+0000] {processor.py:208} INFO - Processing /opt/airflow/dags/dag_with_python_operator.py took 0.057 seconds
[2025-04-29T11:28:18.414+0000] {processor.py:186} INFO - Started process (PID=5897) to work on /opt/airflow/dags/dag_with_python_operator.py
[2025-04-29T11:28:18.418+0000] {processor.py:914} INFO - Processing file /opt/airflow/dags/dag_with_python_operator.py for tasks to queue
[2025-04-29T11:28:18.422+0000] {logging_mixin.py:190} INFO - [2025-04-29T11:28:18.422+0000] {dagbag.py:588} INFO - Filling up the DagBag from /opt/airflow/dags/dag_with_python_operator.py
[2025-04-29T11:28:18.438+0000] {processor.py:925} INFO - DAG(s) 'first_with_python_v4' retrieved from /opt/airflow/dags/dag_with_python_operator.py
[2025-04-29T11:28:18.455+0000] {logging_mixin.py:190} INFO - [2025-04-29T11:28:18.454+0000] {dag.py:3239} INFO - Sync 1 DAGs
[2025-04-29T11:28:18.470+0000] {logging_mixin.py:190} INFO - [2025-04-29T11:28:18.469+0000] {dag.py:4180} INFO - Setting next_dagrun for first_with_python_v4 to 2025-02-28 00:00:00+00:00, run_after=2025-03-01 00:00:00+00:00
[2025-04-29T11:28:18.481+0000] {processor.py:208} INFO - Processing /opt/airflow/dags/dag_with_python_operator.py took 0.072 seconds
[2025-04-29T11:28:48.765+0000] {processor.py:186} INFO - Started process (PID=5924) to work on /opt/airflow/dags/dag_with_python_operator.py
[2025-04-29T11:28:48.766+0000] {processor.py:914} INFO - Processing file /opt/airflow/dags/dag_with_python_operator.py for tasks to queue
[2025-04-29T11:28:48.769+0000] {logging_mixin.py:190} INFO - [2025-04-29T11:28:48.768+0000] {dagbag.py:588} INFO - Filling up the DagBag from /opt/airflow/dags/dag_with_python_operator.py
[2025-04-29T11:28:48.794+0000] {processor.py:925} INFO - DAG(s) 'first_with_python_v4' retrieved from /opt/airflow/dags/dag_with_python_operator.py
[2025-04-29T11:28:48.809+0000] {logging_mixin.py:190} INFO - [2025-04-29T11:28:48.808+0000] {dag.py:3239} INFO - Sync 1 DAGs
[2025-04-29T11:28:48.822+0000] {logging_mixin.py:190} INFO - [2025-04-29T11:28:48.822+0000] {dag.py:4180} INFO - Setting next_dagrun for first_with_python_v4 to 2025-02-28 00:00:00+00:00, run_after=2025-03-01 00:00:00+00:00
[2025-04-29T11:28:48.833+0000] {processor.py:208} INFO - Processing /opt/airflow/dags/dag_with_python_operator.py took 0.071 seconds
[2025-04-29T11:29:19.081+0000] {processor.py:186} INFO - Started process (PID=5944) to work on /opt/airflow/dags/dag_with_python_operator.py
[2025-04-29T11:29:19.082+0000] {processor.py:914} INFO - Processing file /opt/airflow/dags/dag_with_python_operator.py for tasks to queue
[2025-04-29T11:29:19.084+0000] {logging_mixin.py:190} INFO - [2025-04-29T11:29:19.083+0000] {dagbag.py:588} INFO - Filling up the DagBag from /opt/airflow/dags/dag_with_python_operator.py
[2025-04-29T11:29:19.140+0000] {processor.py:925} INFO - DAG(s) 'first_with_python_v4' retrieved from /opt/airflow/dags/dag_with_python_operator.py
[2025-04-29T11:29:19.159+0000] {logging_mixin.py:190} INFO - [2025-04-29T11:29:19.158+0000] {dag.py:3239} INFO - Sync 1 DAGs
[2025-04-29T11:29:19.176+0000] {logging_mixin.py:190} INFO - [2025-04-29T11:29:19.175+0000] {dag.py:4180} INFO - Setting next_dagrun for first_with_python_v4 to 2025-02-28 00:00:00+00:00, run_after=2025-03-01 00:00:00+00:00
[2025-04-29T11:29:19.190+0000] {processor.py:208} INFO - Processing /opt/airflow/dags/dag_with_python_operator.py took 0.113 seconds
[2025-04-29T11:29:49.395+0000] {processor.py:186} INFO - Started process (PID=5965) to work on /opt/airflow/dags/dag_with_python_operator.py
[2025-04-29T11:29:49.396+0000] {processor.py:914} INFO - Processing file /opt/airflow/dags/dag_with_python_operator.py for tasks to queue
[2025-04-29T11:29:49.398+0000] {logging_mixin.py:190} INFO - [2025-04-29T11:29:49.398+0000] {dagbag.py:588} INFO - Filling up the DagBag from /opt/airflow/dags/dag_with_python_operator.py
[2025-04-29T11:29:49.410+0000] {processor.py:925} INFO - DAG(s) 'first_with_python_v4' retrieved from /opt/airflow/dags/dag_with_python_operator.py
[2025-04-29T11:29:49.426+0000] {logging_mixin.py:190} INFO - [2025-04-29T11:29:49.425+0000] {dag.py:3239} INFO - Sync 1 DAGs
[2025-04-29T11:29:49.443+0000] {logging_mixin.py:190} INFO - [2025-04-29T11:29:49.443+0000] {dag.py:4180} INFO - Setting next_dagrun for first_with_python_v4 to 2025-02-28 00:00:00+00:00, run_after=2025-03-01 00:00:00+00:00
[2025-04-29T11:29:49.456+0000] {processor.py:208} INFO - Processing /opt/airflow/dags/dag_with_python_operator.py took 0.065 seconds
[2025-04-29T11:30:19.697+0000] {processor.py:186} INFO - Started process (PID=5986) to work on /opt/airflow/dags/dag_with_python_operator.py
[2025-04-29T11:30:19.700+0000] {processor.py:914} INFO - Processing file /opt/airflow/dags/dag_with_python_operator.py for tasks to queue
[2025-04-29T11:30:19.703+0000] {logging_mixin.py:190} INFO - [2025-04-29T11:30:19.703+0000] {dagbag.py:588} INFO - Filling up the DagBag from /opt/airflow/dags/dag_with_python_operator.py
[2025-04-29T11:30:19.728+0000] {processor.py:925} INFO - DAG(s) 'first_with_python_v4' retrieved from /opt/airflow/dags/dag_with_python_operator.py
[2025-04-29T11:30:19.743+0000] {logging_mixin.py:190} INFO - [2025-04-29T11:30:19.743+0000] {dag.py:3239} INFO - Sync 1 DAGs
[2025-04-29T11:30:19.760+0000] {logging_mixin.py:190} INFO - [2025-04-29T11:30:19.760+0000] {dag.py:4180} INFO - Setting next_dagrun for first_with_python_v4 to 2025-02-28 00:00:00+00:00, run_after=2025-03-01 00:00:00+00:00
[2025-04-29T11:30:19.771+0000] {processor.py:208} INFO - Processing /opt/airflow/dags/dag_with_python_operator.py took 0.082 seconds
[2025-04-29T11:30:50.087+0000] {processor.py:186} INFO - Started process (PID=6007) to work on /opt/airflow/dags/dag_with_python_operator.py
[2025-04-29T11:30:50.088+0000] {processor.py:914} INFO - Processing file /opt/airflow/dags/dag_with_python_operator.py for tasks to queue
[2025-04-29T11:30:50.091+0000] {logging_mixin.py:190} INFO - [2025-04-29T11:30:50.091+0000] {dagbag.py:588} INFO - Filling up the DagBag from /opt/airflow/dags/dag_with_python_operator.py
[2025-04-29T11:30:50.104+0000] {processor.py:925} INFO - DAG(s) 'first_with_python_v4' retrieved from /opt/airflow/dags/dag_with_python_operator.py
[2025-04-29T11:30:50.119+0000] {logging_mixin.py:190} INFO - [2025-04-29T11:30:50.118+0000] {dag.py:3239} INFO - Sync 1 DAGs
[2025-04-29T11:30:50.132+0000] {logging_mixin.py:190} INFO - [2025-04-29T11:30:50.132+0000] {dag.py:4180} INFO - Setting next_dagrun for first_with_python_v4 to 2025-02-28 00:00:00+00:00, run_after=2025-03-01 00:00:00+00:00
[2025-04-29T11:30:50.144+0000] {processor.py:208} INFO - Processing /opt/airflow/dags/dag_with_python_operator.py took 0.062 seconds
[2025-04-29T11:31:20.497+0000] {processor.py:186} INFO - Started process (PID=6028) to work on /opt/airflow/dags/dag_with_python_operator.py
[2025-04-29T11:31:20.499+0000] {processor.py:914} INFO - Processing file /opt/airflow/dags/dag_with_python_operator.py for tasks to queue
[2025-04-29T11:31:20.502+0000] {logging_mixin.py:190} INFO - [2025-04-29T11:31:20.502+0000] {dagbag.py:588} INFO - Filling up the DagBag from /opt/airflow/dags/dag_with_python_operator.py
[2025-04-29T11:31:20.514+0000] {processor.py:925} INFO - DAG(s) 'first_with_python_v4' retrieved from /opt/airflow/dags/dag_with_python_operator.py
[2025-04-29T11:31:20.533+0000] {logging_mixin.py:190} INFO - [2025-04-29T11:31:20.533+0000] {dag.py:3239} INFO - Sync 1 DAGs
[2025-04-29T11:31:20.547+0000] {logging_mixin.py:190} INFO - [2025-04-29T11:31:20.547+0000] {dag.py:4180} INFO - Setting next_dagrun for first_with_python_v4 to 2025-02-28 00:00:00+00:00, run_after=2025-03-01 00:00:00+00:00
[2025-04-29T11:31:20.558+0000] {processor.py:208} INFO - Processing /opt/airflow/dags/dag_with_python_operator.py took 0.064 seconds
[2025-04-29T11:31:50.902+0000] {processor.py:186} INFO - Started process (PID=6049) to work on /opt/airflow/dags/dag_with_python_operator.py
[2025-04-29T11:31:50.905+0000] {processor.py:914} INFO - Processing file /opt/airflow/dags/dag_with_python_operator.py for tasks to queue
[2025-04-29T11:31:50.908+0000] {logging_mixin.py:190} INFO - [2025-04-29T11:31:50.907+0000] {dagbag.py:588} INFO - Filling up the DagBag from /opt/airflow/dags/dag_with_python_operator.py
[2025-04-29T11:31:50.924+0000] {processor.py:925} INFO - DAG(s) 'first_with_python_v4' retrieved from /opt/airflow/dags/dag_with_python_operator.py
[2025-04-29T11:31:50.939+0000] {logging_mixin.py:190} INFO - [2025-04-29T11:31:50.938+0000] {dag.py:3239} INFO - Sync 1 DAGs
[2025-04-29T11:31:50.952+0000] {logging_mixin.py:190} INFO - [2025-04-29T11:31:50.952+0000] {dag.py:4180} INFO - Setting next_dagrun for first_with_python_v4 to 2025-02-28 00:00:00+00:00, run_after=2025-03-01 00:00:00+00:00
[2025-04-29T11:31:50.963+0000] {processor.py:208} INFO - Processing /opt/airflow/dags/dag_with_python_operator.py took 0.070 seconds
[2025-04-29T11:32:21.256+0000] {processor.py:186} INFO - Started process (PID=6070) to work on /opt/airflow/dags/dag_with_python_operator.py
[2025-04-29T11:32:21.257+0000] {processor.py:914} INFO - Processing file /opt/airflow/dags/dag_with_python_operator.py for tasks to queue
[2025-04-29T11:32:21.259+0000] {logging_mixin.py:190} INFO - [2025-04-29T11:32:21.258+0000] {dagbag.py:588} INFO - Filling up the DagBag from /opt/airflow/dags/dag_with_python_operator.py
[2025-04-29T11:32:21.270+0000] {processor.py:925} INFO - DAG(s) 'first_with_python_v4' retrieved from /opt/airflow/dags/dag_with_python_operator.py
[2025-04-29T11:32:21.288+0000] {logging_mixin.py:190} INFO - [2025-04-29T11:32:21.287+0000] {dag.py:3239} INFO - Sync 1 DAGs
[2025-04-29T11:32:21.303+0000] {logging_mixin.py:190} INFO - [2025-04-29T11:32:21.303+0000] {dag.py:4180} INFO - Setting next_dagrun for first_with_python_v4 to 2025-02-28 00:00:00+00:00, run_after=2025-03-01 00:00:00+00:00
[2025-04-29T11:32:21.315+0000] {processor.py:208} INFO - Processing /opt/airflow/dags/dag_with_python_operator.py took 0.063 seconds
[2025-04-29T11:32:51.588+0000] {processor.py:186} INFO - Started process (PID=6091) to work on /opt/airflow/dags/dag_with_python_operator.py
[2025-04-29T11:32:51.590+0000] {processor.py:914} INFO - Processing file /opt/airflow/dags/dag_with_python_operator.py for tasks to queue
[2025-04-29T11:32:51.593+0000] {logging_mixin.py:190} INFO - [2025-04-29T11:32:51.593+0000] {dagbag.py:588} INFO - Filling up the DagBag from /opt/airflow/dags/dag_with_python_operator.py
[2025-04-29T11:32:51.622+0000] {processor.py:925} INFO - DAG(s) 'first_with_python_v4' retrieved from /opt/airflow/dags/dag_with_python_operator.py
[2025-04-29T11:32:51.637+0000] {logging_mixin.py:190} INFO - [2025-04-29T11:32:51.636+0000] {dag.py:3239} INFO - Sync 1 DAGs
[2025-04-29T11:32:51.650+0000] {logging_mixin.py:190} INFO - [2025-04-29T11:32:51.650+0000] {dag.py:4180} INFO - Setting next_dagrun for first_with_python_v4 to 2025-02-28 00:00:00+00:00, run_after=2025-03-01 00:00:00+00:00
[2025-04-29T11:32:51.663+0000] {processor.py:208} INFO - Processing /opt/airflow/dags/dag_with_python_operator.py took 0.079 seconds
[2025-04-29T11:33:21.884+0000] {processor.py:186} INFO - Started process (PID=6112) to work on /opt/airflow/dags/dag_with_python_operator.py
[2025-04-29T11:33:21.888+0000] {processor.py:914} INFO - Processing file /opt/airflow/dags/dag_with_python_operator.py for tasks to queue
[2025-04-29T11:33:21.891+0000] {logging_mixin.py:190} INFO - [2025-04-29T11:33:21.891+0000] {dagbag.py:588} INFO - Filling up the DagBag from /opt/airflow/dags/dag_with_python_operator.py
[2025-04-29T11:33:21.919+0000] {processor.py:925} INFO - DAG(s) 'first_with_python_v4' retrieved from /opt/airflow/dags/dag_with_python_operator.py
[2025-04-29T11:33:21.935+0000] {logging_mixin.py:190} INFO - [2025-04-29T11:33:21.935+0000] {dag.py:3239} INFO - Sync 1 DAGs
[2025-04-29T11:33:21.953+0000] {logging_mixin.py:190} INFO - [2025-04-29T11:33:21.952+0000] {dag.py:4180} INFO - Setting next_dagrun for first_with_python_v4 to 2025-02-28 00:00:00+00:00, run_after=2025-03-01 00:00:00+00:00
[2025-04-29T11:33:21.968+0000] {processor.py:208} INFO - Processing /opt/airflow/dags/dag_with_python_operator.py took 0.088 seconds
[2025-04-29T11:33:52.161+0000] {processor.py:186} INFO - Started process (PID=6133) to work on /opt/airflow/dags/dag_with_python_operator.py
[2025-04-29T11:33:52.162+0000] {processor.py:914} INFO - Processing file /opt/airflow/dags/dag_with_python_operator.py for tasks to queue
[2025-04-29T11:33:52.166+0000] {logging_mixin.py:190} INFO - [2025-04-29T11:33:52.166+0000] {dagbag.py:588} INFO - Filling up the DagBag from /opt/airflow/dags/dag_with_python_operator.py
[2025-04-29T11:33:52.188+0000] {processor.py:925} INFO - DAG(s) 'first_with_python_v4' retrieved from /opt/airflow/dags/dag_with_python_operator.py
[2025-04-29T11:33:52.204+0000] {logging_mixin.py:190} INFO - [2025-04-29T11:33:52.203+0000] {dag.py:3239} INFO - Sync 1 DAGs
[2025-04-29T11:33:52.218+0000] {logging_mixin.py:190} INFO - [2025-04-29T11:33:52.218+0000] {dag.py:4180} INFO - Setting next_dagrun for first_with_python_v4 to 2025-02-28 00:00:00+00:00, run_after=2025-03-01 00:00:00+00:00
[2025-04-29T11:33:52.230+0000] {processor.py:208} INFO - Processing /opt/airflow/dags/dag_with_python_operator.py took 0.074 seconds
[2025-04-29T11:34:22.607+0000] {processor.py:186} INFO - Started process (PID=6154) to work on /opt/airflow/dags/dag_with_python_operator.py
[2025-04-29T11:34:22.610+0000] {processor.py:914} INFO - Processing file /opt/airflow/dags/dag_with_python_operator.py for tasks to queue
[2025-04-29T11:34:22.614+0000] {logging_mixin.py:190} INFO - [2025-04-29T11:34:22.613+0000] {dagbag.py:588} INFO - Filling up the DagBag from /opt/airflow/dags/dag_with_python_operator.py
[2025-04-29T11:34:22.648+0000] {processor.py:925} INFO - DAG(s) 'first_with_python_v4' retrieved from /opt/airflow/dags/dag_with_python_operator.py
[2025-04-29T11:34:22.664+0000] {logging_mixin.py:190} INFO - [2025-04-29T11:34:22.664+0000] {dag.py:3239} INFO - Sync 1 DAGs
[2025-04-29T11:34:22.693+0000] {logging_mixin.py:190} INFO - [2025-04-29T11:34:22.692+0000] {dag.py:4180} INFO - Setting next_dagrun for first_with_python_v4 to 2025-02-28 00:00:00+00:00, run_after=2025-03-01 00:00:00+00:00
[2025-04-29T11:34:22.743+0000] {processor.py:208} INFO - Processing /opt/airflow/dags/dag_with_python_operator.py took 0.142 seconds
[2025-04-29T11:34:52.829+0000] {processor.py:186} INFO - Started process (PID=6175) to work on /opt/airflow/dags/dag_with_python_operator.py
[2025-04-29T11:34:52.830+0000] {processor.py:914} INFO - Processing file /opt/airflow/dags/dag_with_python_operator.py for tasks to queue
[2025-04-29T11:34:52.834+0000] {logging_mixin.py:190} INFO - [2025-04-29T11:34:52.833+0000] {dagbag.py:588} INFO - Filling up the DagBag from /opt/airflow/dags/dag_with_python_operator.py
[2025-04-29T11:34:52.853+0000] {processor.py:925} INFO - DAG(s) 'first_with_python_v4' retrieved from /opt/airflow/dags/dag_with_python_operator.py
[2025-04-29T11:34:52.873+0000] {logging_mixin.py:190} INFO - [2025-04-29T11:34:52.873+0000] {dag.py:3239} INFO - Sync 1 DAGs
[2025-04-29T11:34:52.888+0000] {logging_mixin.py:190} INFO - [2025-04-29T11:34:52.888+0000] {dag.py:4180} INFO - Setting next_dagrun for first_with_python_v4 to 2025-02-28 00:00:00+00:00, run_after=2025-03-01 00:00:00+00:00
[2025-04-29T11:34:52.900+0000] {processor.py:208} INFO - Processing /opt/airflow/dags/dag_with_python_operator.py took 0.075 seconds
[2025-04-29T11:35:23.267+0000] {processor.py:186} INFO - Started process (PID=6196) to work on /opt/airflow/dags/dag_with_python_operator.py
[2025-04-29T11:35:23.269+0000] {processor.py:914} INFO - Processing file /opt/airflow/dags/dag_with_python_operator.py for tasks to queue
[2025-04-29T11:35:23.272+0000] {logging_mixin.py:190} INFO - [2025-04-29T11:35:23.272+0000] {dagbag.py:588} INFO - Filling up the DagBag from /opt/airflow/dags/dag_with_python_operator.py
[2025-04-29T11:35:23.300+0000] {processor.py:925} INFO - DAG(s) 'first_with_python_v4' retrieved from /opt/airflow/dags/dag_with_python_operator.py
[2025-04-29T11:35:23.317+0000] {logging_mixin.py:190} INFO - [2025-04-29T11:35:23.316+0000] {dag.py:3239} INFO - Sync 1 DAGs
[2025-04-29T11:35:23.334+0000] {logging_mixin.py:190} INFO - [2025-04-29T11:35:23.334+0000] {dag.py:4180} INFO - Setting next_dagrun for first_with_python_v4 to 2025-02-28 00:00:00+00:00, run_after=2025-03-01 00:00:00+00:00
[2025-04-29T11:35:23.349+0000] {processor.py:208} INFO - Processing /opt/airflow/dags/dag_with_python_operator.py took 0.085 seconds
[2025-04-29T11:35:53.757+0000] {processor.py:186} INFO - Started process (PID=6217) to work on /opt/airflow/dags/dag_with_python_operator.py
[2025-04-29T11:35:53.759+0000] {processor.py:914} INFO - Processing file /opt/airflow/dags/dag_with_python_operator.py for tasks to queue
[2025-04-29T11:35:53.765+0000] {logging_mixin.py:190} INFO - [2025-04-29T11:35:53.764+0000] {dagbag.py:588} INFO - Filling up the DagBag from /opt/airflow/dags/dag_with_python_operator.py
[2025-04-29T11:35:53.798+0000] {processor.py:925} INFO - DAG(s) 'first_with_python_v4' retrieved from /opt/airflow/dags/dag_with_python_operator.py
[2025-04-29T11:35:53.813+0000] {logging_mixin.py:190} INFO - [2025-04-29T11:35:53.813+0000] {dag.py:3239} INFO - Sync 1 DAGs
[2025-04-29T11:35:53.833+0000] {logging_mixin.py:190} INFO - [2025-04-29T11:35:53.833+0000] {dag.py:4180} INFO - Setting next_dagrun for first_with_python_v4 to 2025-02-28 00:00:00+00:00, run_after=2025-03-01 00:00:00+00:00
[2025-04-29T11:35:53.847+0000] {processor.py:208} INFO - Processing /opt/airflow/dags/dag_with_python_operator.py took 0.100 seconds
[2025-04-29T11:36:24.444+0000] {processor.py:186} INFO - Started process (PID=6238) to work on /opt/airflow/dags/dag_with_python_operator.py
[2025-04-29T11:36:24.447+0000] {processor.py:914} INFO - Processing file /opt/airflow/dags/dag_with_python_operator.py for tasks to queue
[2025-04-29T11:36:24.454+0000] {logging_mixin.py:190} INFO - [2025-04-29T11:36:24.453+0000] {dagbag.py:588} INFO - Filling up the DagBag from /opt/airflow/dags/dag_with_python_operator.py
[2025-04-29T11:36:24.504+0000] {processor.py:925} INFO - DAG(s) 'first_with_python_v4' retrieved from /opt/airflow/dags/dag_with_python_operator.py
[2025-04-29T11:36:24.538+0000] {logging_mixin.py:190} INFO - [2025-04-29T11:36:24.537+0000] {dag.py:3239} INFO - Sync 1 DAGs
[2025-04-29T11:36:24.574+0000] {logging_mixin.py:190} INFO - [2025-04-29T11:36:24.573+0000] {dag.py:4180} INFO - Setting next_dagrun for first_with_python_v4 to 2025-02-28 00:00:00+00:00, run_after=2025-03-01 00:00:00+00:00
[2025-04-29T11:36:24.602+0000] {processor.py:208} INFO - Processing /opt/airflow/dags/dag_with_python_operator.py took 0.171 seconds
[2025-04-29T11:36:54.840+0000] {processor.py:186} INFO - Started process (PID=6259) to work on /opt/airflow/dags/dag_with_python_operator.py
[2025-04-29T11:36:54.843+0000] {processor.py:914} INFO - Processing file /opt/airflow/dags/dag_with_python_operator.py for tasks to queue
[2025-04-29T11:36:54.847+0000] {logging_mixin.py:190} INFO - [2025-04-29T11:36:54.846+0000] {dagbag.py:588} INFO - Filling up the DagBag from /opt/airflow/dags/dag_with_python_operator.py
[2025-04-29T11:36:54.880+0000] {processor.py:925} INFO - DAG(s) 'first_with_python_v4' retrieved from /opt/airflow/dags/dag_with_python_operator.py
[2025-04-29T11:36:54.896+0000] {logging_mixin.py:190} INFO - [2025-04-29T11:36:54.896+0000] {dag.py:3239} INFO - Sync 1 DAGs
[2025-04-29T11:36:54.910+0000] {logging_mixin.py:190} INFO - [2025-04-29T11:36:54.910+0000] {dag.py:4180} INFO - Setting next_dagrun for first_with_python_v4 to 2025-02-28 00:00:00+00:00, run_after=2025-03-01 00:00:00+00:00
[2025-04-29T11:36:54.922+0000] {processor.py:208} INFO - Processing /opt/airflow/dags/dag_with_python_operator.py took 0.092 seconds
[2025-04-29T14:37:40.392+0000] {processor.py:186} INFO - Started process (PID=6274) to work on /opt/airflow/dags/dag_with_python_operator.py
[2025-04-29T14:37:40.393+0000] {processor.py:914} INFO - Processing file /opt/airflow/dags/dag_with_python_operator.py for tasks to queue
[2025-04-29T14:37:40.396+0000] {logging_mixin.py:190} INFO - [2025-04-29T14:37:40.395+0000] {dagbag.py:588} INFO - Filling up the DagBag from /opt/airflow/dags/dag_with_python_operator.py
[2025-04-29T14:37:40.411+0000] {processor.py:925} INFO - DAG(s) 'first_with_python_v4' retrieved from /opt/airflow/dags/dag_with_python_operator.py
[2025-04-29T14:37:40.429+0000] {logging_mixin.py:190} INFO - [2025-04-29T14:37:40.429+0000] {dag.py:3239} INFO - Sync 1 DAGs
[2025-04-29T14:37:40.449+0000] {logging_mixin.py:190} INFO - [2025-04-29T14:37:40.448+0000] {dag.py:4180} INFO - Setting next_dagrun for first_with_python_v4 to 2025-02-28 00:00:00+00:00, run_after=2025-03-01 00:00:00+00:00
[2025-04-29T14:37:40.464+0000] {processor.py:208} INFO - Processing /opt/airflow/dags/dag_with_python_operator.py took 0.077 seconds
