[2025-04-29T10:26:36.333+0000] {processor.py:186} INFO - Started process (PID=3908) to work on /opt/airflow/dags/snowflake_hook.py
[2025-04-29T10:26:36.343+0000] {processor.py:914} INFO - Processing file /opt/airflow/dags/snowflake_hook.py for tasks to queue
[2025-04-29T10:26:36.353+0000] {logging_mixin.py:190} INFO - [2025-04-29T10:26:36.352+0000] {dagbag.py:588} INFO - Filling up the DagBag from /opt/airflow/dags/snowflake_hook.py
[2025-04-29T10:26:36.594+0000] {processor.py:925} INFO - DAG(s) 'snowflake_hook' retrieved from /opt/airflow/dags/snowflake_hook.py
[2025-04-29T10:26:36.646+0000] {logging_mixin.py:190} INFO - [2025-04-29T10:26:36.645+0000] {dag.py:3239} INFO - Sync 1 DAGs
[2025-04-29T10:26:36.707+0000] {logging_mixin.py:190} INFO - [2025-04-29T10:26:36.706+0000] {dag.py:4180} INFO - Setting next_dagrun for snowflake_hook to None, run_after=None
[2025-04-29T10:26:36.755+0000] {processor.py:208} INFO - Processing /opt/airflow/dags/snowflake_hook.py took 0.432 seconds
[2025-04-29T10:27:07.174+0000] {processor.py:186} INFO - Started process (PID=3935) to work on /opt/airflow/dags/snowflake_hook.py
[2025-04-29T10:27:07.177+0000] {processor.py:914} INFO - Processing file /opt/airflow/dags/snowflake_hook.py for tasks to queue
[2025-04-29T10:27:07.183+0000] {logging_mixin.py:190} INFO - [2025-04-29T10:27:07.183+0000] {dagbag.py:588} INFO - Filling up the DagBag from /opt/airflow/dags/snowflake_hook.py
[2025-04-29T10:27:07.216+0000] {processor.py:925} INFO - DAG(s) 'snowflake_hook' retrieved from /opt/airflow/dags/snowflake_hook.py
[2025-04-29T10:27:07.260+0000] {logging_mixin.py:190} INFO - [2025-04-29T10:27:07.259+0000] {dag.py:3239} INFO - Sync 1 DAGs
[2025-04-29T10:27:07.307+0000] {logging_mixin.py:190} INFO - [2025-04-29T10:27:07.306+0000] {dag.py:4180} INFO - Setting next_dagrun for snowflake_hook to None, run_after=None
[2025-04-29T10:27:07.341+0000] {processor.py:208} INFO - Processing /opt/airflow/dags/snowflake_hook.py took 0.176 seconds
[2025-04-29T10:27:37.678+0000] {processor.py:186} INFO - Started process (PID=3960) to work on /opt/airflow/dags/snowflake_hook.py
[2025-04-29T10:27:37.679+0000] {processor.py:914} INFO - Processing file /opt/airflow/dags/snowflake_hook.py for tasks to queue
[2025-04-29T10:27:37.682+0000] {logging_mixin.py:190} INFO - [2025-04-29T10:27:37.682+0000] {dagbag.py:588} INFO - Filling up the DagBag from /opt/airflow/dags/snowflake_hook.py
[2025-04-29T10:27:37.697+0000] {processor.py:925} INFO - DAG(s) 'snowflake_hook' retrieved from /opt/airflow/dags/snowflake_hook.py
[2025-04-29T10:27:37.723+0000] {logging_mixin.py:190} INFO - [2025-04-29T10:27:37.722+0000] {dag.py:3239} INFO - Sync 1 DAGs
[2025-04-29T10:27:37.747+0000] {logging_mixin.py:190} INFO - [2025-04-29T10:27:37.747+0000] {dag.py:4180} INFO - Setting next_dagrun for snowflake_hook to None, run_after=None
[2025-04-29T10:27:37.766+0000] {processor.py:208} INFO - Processing /opt/airflow/dags/snowflake_hook.py took 0.095 seconds
[2025-04-29T10:28:08.041+0000] {processor.py:186} INFO - Started process (PID=3984) to work on /opt/airflow/dags/snowflake_hook.py
[2025-04-29T10:28:08.047+0000] {processor.py:914} INFO - Processing file /opt/airflow/dags/snowflake_hook.py for tasks to queue
[2025-04-29T10:28:08.057+0000] {logging_mixin.py:190} INFO - [2025-04-29T10:28:08.056+0000] {dagbag.py:588} INFO - Filling up the DagBag from /opt/airflow/dags/snowflake_hook.py
[2025-04-29T10:28:08.119+0000] {processor.py:925} INFO - DAG(s) 'snowflake_hook' retrieved from /opt/airflow/dags/snowflake_hook.py
[2025-04-29T10:28:08.190+0000] {logging_mixin.py:190} INFO - [2025-04-29T10:28:08.188+0000] {dag.py:3239} INFO - Sync 1 DAGs
[2025-04-29T10:28:08.261+0000] {logging_mixin.py:190} INFO - [2025-04-29T10:28:08.260+0000] {dag.py:4180} INFO - Setting next_dagrun for snowflake_hook to None, run_after=None
[2025-04-29T10:28:08.326+0000] {processor.py:208} INFO - Processing /opt/airflow/dags/snowflake_hook.py took 0.302 seconds
[2025-04-29T10:28:38.884+0000] {processor.py:186} INFO - Started process (PID=4008) to work on /opt/airflow/dags/snowflake_hook.py
[2025-04-29T10:28:38.894+0000] {processor.py:914} INFO - Processing file /opt/airflow/dags/snowflake_hook.py for tasks to queue
[2025-04-29T10:28:38.910+0000] {logging_mixin.py:190} INFO - [2025-04-29T10:28:38.908+0000] {dagbag.py:588} INFO - Filling up the DagBag from /opt/airflow/dags/snowflake_hook.py
[2025-04-29T10:28:38.972+0000] {processor.py:925} INFO - DAG(s) 'snowflake_hook' retrieved from /opt/airflow/dags/snowflake_hook.py
[2025-04-29T10:28:39.042+0000] {logging_mixin.py:190} INFO - [2025-04-29T10:28:39.039+0000] {dag.py:3239} INFO - Sync 1 DAGs
[2025-04-29T10:28:39.146+0000] {logging_mixin.py:190} INFO - [2025-04-29T10:28:39.145+0000] {dag.py:4180} INFO - Setting next_dagrun for snowflake_hook to None, run_after=None
[2025-04-29T10:28:39.189+0000] {processor.py:208} INFO - Processing /opt/airflow/dags/snowflake_hook.py took 0.326 seconds
[2025-04-29T10:29:09.696+0000] {processor.py:186} INFO - Started process (PID=4032) to work on /opt/airflow/dags/snowflake_hook.py
[2025-04-29T10:29:09.702+0000] {processor.py:914} INFO - Processing file /opt/airflow/dags/snowflake_hook.py for tasks to queue
[2025-04-29T10:29:09.713+0000] {logging_mixin.py:190} INFO - [2025-04-29T10:29:09.712+0000] {dagbag.py:588} INFO - Filling up the DagBag from /opt/airflow/dags/snowflake_hook.py
[2025-04-29T10:29:09.752+0000] {processor.py:925} INFO - DAG(s) 'snowflake_hook' retrieved from /opt/airflow/dags/snowflake_hook.py
[2025-04-29T10:29:09.779+0000] {logging_mixin.py:190} INFO - [2025-04-29T10:29:09.778+0000] {dag.py:3239} INFO - Sync 1 DAGs
[2025-04-29T10:29:09.815+0000] {logging_mixin.py:190} INFO - [2025-04-29T10:29:09.815+0000] {dag.py:4180} INFO - Setting next_dagrun for snowflake_hook to None, run_after=None
[2025-04-29T10:29:09.834+0000] {processor.py:208} INFO - Processing /opt/airflow/dags/snowflake_hook.py took 0.156 seconds
[2025-04-29T10:29:40.159+0000] {processor.py:186} INFO - Started process (PID=4057) to work on /opt/airflow/dags/snowflake_hook.py
[2025-04-29T10:29:40.161+0000] {processor.py:914} INFO - Processing file /opt/airflow/dags/snowflake_hook.py for tasks to queue
[2025-04-29T10:29:40.163+0000] {logging_mixin.py:190} INFO - [2025-04-29T10:29:40.163+0000] {dagbag.py:588} INFO - Filling up the DagBag from /opt/airflow/dags/snowflake_hook.py
[2025-04-29T10:29:40.181+0000] {processor.py:925} INFO - DAG(s) 'snowflake_hook' retrieved from /opt/airflow/dags/snowflake_hook.py
[2025-04-29T10:29:40.200+0000] {logging_mixin.py:190} INFO - [2025-04-29T10:29:40.199+0000] {dag.py:3239} INFO - Sync 1 DAGs
[2025-04-29T10:29:40.216+0000] {logging_mixin.py:190} INFO - [2025-04-29T10:29:40.215+0000] {dag.py:4180} INFO - Setting next_dagrun for snowflake_hook to None, run_after=None
[2025-04-29T10:29:40.228+0000] {processor.py:208} INFO - Processing /opt/airflow/dags/snowflake_hook.py took 0.075 seconds
[2025-04-29T10:46:17.258+0000] {processor.py:186} INFO - Started process (PID=4078) to work on /opt/airflow/dags/snowflake_hook.py
[2025-04-29T10:46:17.260+0000] {processor.py:914} INFO - Processing file /opt/airflow/dags/snowflake_hook.py for tasks to queue
[2025-04-29T10:46:17.263+0000] {logging_mixin.py:190} INFO - [2025-04-29T10:46:17.262+0000] {dagbag.py:588} INFO - Filling up the DagBag from /opt/airflow/dags/snowflake_hook.py
[2025-04-29T10:46:17.278+0000] {processor.py:925} INFO - DAG(s) 'snowflake_hook' retrieved from /opt/airflow/dags/snowflake_hook.py
[2025-04-29T10:46:17.296+0000] {logging_mixin.py:190} INFO - [2025-04-29T10:46:17.295+0000] {dag.py:3239} INFO - Sync 1 DAGs
[2025-04-29T10:46:17.313+0000] {logging_mixin.py:190} INFO - [2025-04-29T10:46:17.312+0000] {dag.py:4180} INFO - Setting next_dagrun for snowflake_hook to None, run_after=None
[2025-04-29T10:46:17.325+0000] {processor.py:208} INFO - Processing /opt/airflow/dags/snowflake_hook.py took 0.072 seconds
[2025-04-29T10:46:47.544+0000] {processor.py:186} INFO - Started process (PID=4103) to work on /opt/airflow/dags/snowflake_hook.py
[2025-04-29T10:46:47.545+0000] {processor.py:914} INFO - Processing file /opt/airflow/dags/snowflake_hook.py for tasks to queue
[2025-04-29T10:46:47.547+0000] {logging_mixin.py:190} INFO - [2025-04-29T10:46:47.547+0000] {dagbag.py:588} INFO - Filling up the DagBag from /opt/airflow/dags/snowflake_hook.py
[2025-04-29T10:46:47.558+0000] {processor.py:925} INFO - DAG(s) 'snowflake_hook' retrieved from /opt/airflow/dags/snowflake_hook.py
[2025-04-29T10:46:47.575+0000] {logging_mixin.py:190} INFO - [2025-04-29T10:46:47.575+0000] {dag.py:3239} INFO - Sync 1 DAGs
[2025-04-29T10:46:47.589+0000] {logging_mixin.py:190} INFO - [2025-04-29T10:46:47.589+0000] {dag.py:4180} INFO - Setting next_dagrun for snowflake_hook to None, run_after=None
[2025-04-29T10:46:47.600+0000] {processor.py:208} INFO - Processing /opt/airflow/dags/snowflake_hook.py took 0.060 seconds
[2025-04-29T10:47:17.861+0000] {processor.py:186} INFO - Started process (PID=4128) to work on /opt/airflow/dags/snowflake_hook.py
[2025-04-29T10:47:17.862+0000] {processor.py:914} INFO - Processing file /opt/airflow/dags/snowflake_hook.py for tasks to queue
[2025-04-29T10:47:17.866+0000] {logging_mixin.py:190} INFO - [2025-04-29T10:47:17.865+0000] {dagbag.py:588} INFO - Filling up the DagBag from /opt/airflow/dags/snowflake_hook.py
[2025-04-29T10:47:17.888+0000] {processor.py:925} INFO - DAG(s) 'snowflake_hook' retrieved from /opt/airflow/dags/snowflake_hook.py
[2025-04-29T10:47:17.906+0000] {logging_mixin.py:190} INFO - [2025-04-29T10:47:17.905+0000] {dag.py:3239} INFO - Sync 1 DAGs
[2025-04-29T10:47:17.922+0000] {logging_mixin.py:190} INFO - [2025-04-29T10:47:17.922+0000] {dag.py:4180} INFO - Setting next_dagrun for snowflake_hook to None, run_after=None
[2025-04-29T10:47:17.933+0000] {processor.py:208} INFO - Processing /opt/airflow/dags/snowflake_hook.py took 0.076 seconds
[2025-04-29T10:47:48.191+0000] {processor.py:186} INFO - Started process (PID=4160) to work on /opt/airflow/dags/snowflake_hook.py
[2025-04-29T10:47:48.192+0000] {processor.py:914} INFO - Processing file /opt/airflow/dags/snowflake_hook.py for tasks to queue
[2025-04-29T10:47:48.195+0000] {logging_mixin.py:190} INFO - [2025-04-29T10:47:48.194+0000] {dagbag.py:588} INFO - Filling up the DagBag from /opt/airflow/dags/snowflake_hook.py
[2025-04-29T10:47:48.219+0000] {processor.py:925} INFO - DAG(s) 'snowflake_hook' retrieved from /opt/airflow/dags/snowflake_hook.py
[2025-04-29T10:47:48.238+0000] {logging_mixin.py:190} INFO - [2025-04-29T10:47:48.238+0000] {dag.py:3239} INFO - Sync 1 DAGs
[2025-04-29T10:47:48.255+0000] {logging_mixin.py:190} INFO - [2025-04-29T10:47:48.255+0000] {dag.py:4180} INFO - Setting next_dagrun for snowflake_hook to None, run_after=None
[2025-04-29T10:47:48.268+0000] {processor.py:208} INFO - Processing /opt/airflow/dags/snowflake_hook.py took 0.083 seconds
[2025-04-29T10:48:18.577+0000] {processor.py:186} INFO - Started process (PID=4181) to work on /opt/airflow/dags/snowflake_hook.py
[2025-04-29T10:48:18.578+0000] {processor.py:914} INFO - Processing file /opt/airflow/dags/snowflake_hook.py for tasks to queue
[2025-04-29T10:48:18.580+0000] {logging_mixin.py:190} INFO - [2025-04-29T10:48:18.580+0000] {dagbag.py:588} INFO - Filling up the DagBag from /opt/airflow/dags/snowflake_hook.py
[2025-04-29T10:48:18.606+0000] {processor.py:925} INFO - DAG(s) 'snowflake_hook' retrieved from /opt/airflow/dags/snowflake_hook.py
[2025-04-29T10:48:18.621+0000] {logging_mixin.py:190} INFO - [2025-04-29T10:48:18.621+0000] {dag.py:3239} INFO - Sync 1 DAGs
[2025-04-29T10:48:18.635+0000] {logging_mixin.py:190} INFO - [2025-04-29T10:48:18.635+0000] {dag.py:4180} INFO - Setting next_dagrun for snowflake_hook to None, run_after=None
[2025-04-29T10:48:18.649+0000] {processor.py:208} INFO - Processing /opt/airflow/dags/snowflake_hook.py took 0.077 seconds
[2025-04-29T10:48:48.937+0000] {processor.py:186} INFO - Started process (PID=4213) to work on /opt/airflow/dags/snowflake_hook.py
[2025-04-29T10:48:48.939+0000] {processor.py:914} INFO - Processing file /opt/airflow/dags/snowflake_hook.py for tasks to queue
[2025-04-29T10:48:48.943+0000] {logging_mixin.py:190} INFO - [2025-04-29T10:48:48.943+0000] {dagbag.py:588} INFO - Filling up the DagBag from /opt/airflow/dags/snowflake_hook.py
[2025-04-29T10:48:48.971+0000] {processor.py:925} INFO - DAG(s) 'snowflake_hook' retrieved from /opt/airflow/dags/snowflake_hook.py
[2025-04-29T10:48:48.988+0000] {logging_mixin.py:190} INFO - [2025-04-29T10:48:48.987+0000] {dag.py:3239} INFO - Sync 1 DAGs
[2025-04-29T10:48:49.002+0000] {logging_mixin.py:190} INFO - [2025-04-29T10:48:49.002+0000] {dag.py:4180} INFO - Setting next_dagrun for snowflake_hook to None, run_after=None
[2025-04-29T10:48:49.017+0000] {processor.py:208} INFO - Processing /opt/airflow/dags/snowflake_hook.py took 0.084 seconds
[2025-04-29T10:49:19.287+0000] {processor.py:186} INFO - Started process (PID=4234) to work on /opt/airflow/dags/snowflake_hook.py
[2025-04-29T10:49:19.288+0000] {processor.py:914} INFO - Processing file /opt/airflow/dags/snowflake_hook.py for tasks to queue
[2025-04-29T10:49:19.290+0000] {logging_mixin.py:190} INFO - [2025-04-29T10:49:19.290+0000] {dagbag.py:588} INFO - Filling up the DagBag from /opt/airflow/dags/snowflake_hook.py
[2025-04-29T10:49:19.299+0000] {processor.py:925} INFO - DAG(s) 'snowflake_hook' retrieved from /opt/airflow/dags/snowflake_hook.py
[2025-04-29T10:49:19.314+0000] {logging_mixin.py:190} INFO - [2025-04-29T10:49:19.313+0000] {dag.py:3239} INFO - Sync 1 DAGs
[2025-04-29T10:49:19.328+0000] {logging_mixin.py:190} INFO - [2025-04-29T10:49:19.328+0000] {dag.py:4180} INFO - Setting next_dagrun for snowflake_hook to None, run_after=None
[2025-04-29T10:49:19.340+0000] {processor.py:208} INFO - Processing /opt/airflow/dags/snowflake_hook.py took 0.056 seconds
[2025-04-29T10:49:49.637+0000] {processor.py:186} INFO - Started process (PID=4266) to work on /opt/airflow/dags/snowflake_hook.py
[2025-04-29T10:49:49.639+0000] {processor.py:914} INFO - Processing file /opt/airflow/dags/snowflake_hook.py for tasks to queue
[2025-04-29T10:49:49.643+0000] {logging_mixin.py:190} INFO - [2025-04-29T10:49:49.643+0000] {dagbag.py:588} INFO - Filling up the DagBag from /opt/airflow/dags/snowflake_hook.py
[2025-04-29T10:49:49.652+0000] {processor.py:925} INFO - DAG(s) 'snowflake_hook' retrieved from /opt/airflow/dags/snowflake_hook.py
[2025-04-29T10:49:49.668+0000] {logging_mixin.py:190} INFO - [2025-04-29T10:49:49.668+0000] {dag.py:3239} INFO - Sync 1 DAGs
[2025-04-29T10:49:49.683+0000] {logging_mixin.py:190} INFO - [2025-04-29T10:49:49.682+0000] {dag.py:4180} INFO - Setting next_dagrun for snowflake_hook to None, run_after=None
[2025-04-29T10:49:49.698+0000] {processor.py:208} INFO - Processing /opt/airflow/dags/snowflake_hook.py took 0.064 seconds
[2025-04-29T10:50:20.006+0000] {processor.py:186} INFO - Started process (PID=4287) to work on /opt/airflow/dags/snowflake_hook.py
[2025-04-29T10:50:20.007+0000] {processor.py:914} INFO - Processing file /opt/airflow/dags/snowflake_hook.py for tasks to queue
[2025-04-29T10:50:20.010+0000] {logging_mixin.py:190} INFO - [2025-04-29T10:50:20.010+0000] {dagbag.py:588} INFO - Filling up the DagBag from /opt/airflow/dags/snowflake_hook.py
[2025-04-29T10:50:20.022+0000] {processor.py:925} INFO - DAG(s) 'snowflake_hook' retrieved from /opt/airflow/dags/snowflake_hook.py
[2025-04-29T10:50:20.039+0000] {logging_mixin.py:190} INFO - [2025-04-29T10:50:20.039+0000] {dag.py:3239} INFO - Sync 1 DAGs
[2025-04-29T10:50:20.054+0000] {logging_mixin.py:190} INFO - [2025-04-29T10:50:20.054+0000] {dag.py:4180} INFO - Setting next_dagrun for snowflake_hook to None, run_after=None
[2025-04-29T10:50:20.069+0000] {processor.py:208} INFO - Processing /opt/airflow/dags/snowflake_hook.py took 0.066 seconds
[2025-04-29T10:50:50.417+0000] {processor.py:186} INFO - Started process (PID=4318) to work on /opt/airflow/dags/snowflake_hook.py
[2025-04-29T10:50:50.422+0000] {processor.py:914} INFO - Processing file /opt/airflow/dags/snowflake_hook.py for tasks to queue
[2025-04-29T10:50:50.425+0000] {logging_mixin.py:190} INFO - [2025-04-29T10:50:50.425+0000] {dagbag.py:588} INFO - Filling up the DagBag from /opt/airflow/dags/snowflake_hook.py
[2025-04-29T10:50:50.469+0000] {processor.py:925} INFO - DAG(s) 'snowflake_hook' retrieved from /opt/airflow/dags/snowflake_hook.py
[2025-04-29T10:50:50.485+0000] {logging_mixin.py:190} INFO - [2025-04-29T10:50:50.484+0000] {dag.py:3239} INFO - Sync 1 DAGs
[2025-04-29T10:50:50.500+0000] {logging_mixin.py:190} INFO - [2025-04-29T10:50:50.500+0000] {dag.py:4180} INFO - Setting next_dagrun for snowflake_hook to None, run_after=None
[2025-04-29T10:50:50.512+0000] {processor.py:208} INFO - Processing /opt/airflow/dags/snowflake_hook.py took 0.098 seconds
[2025-04-29T10:51:20.823+0000] {processor.py:186} INFO - Started process (PID=4339) to work on /opt/airflow/dags/snowflake_hook.py
[2025-04-29T10:51:20.824+0000] {processor.py:914} INFO - Processing file /opt/airflow/dags/snowflake_hook.py for tasks to queue
[2025-04-29T10:51:20.829+0000] {logging_mixin.py:190} INFO - [2025-04-29T10:51:20.829+0000] {dagbag.py:588} INFO - Filling up the DagBag from /opt/airflow/dags/snowflake_hook.py
[2025-04-29T10:51:20.859+0000] {processor.py:925} INFO - DAG(s) 'snowflake_hook' retrieved from /opt/airflow/dags/snowflake_hook.py
[2025-04-29T10:51:20.875+0000] {logging_mixin.py:190} INFO - [2025-04-29T10:51:20.874+0000] {dag.py:3239} INFO - Sync 1 DAGs
[2025-04-29T10:51:20.892+0000] {logging_mixin.py:190} INFO - [2025-04-29T10:51:20.892+0000] {dag.py:4180} INFO - Setting next_dagrun for snowflake_hook to None, run_after=None
[2025-04-29T10:51:20.903+0000] {processor.py:208} INFO - Processing /opt/airflow/dags/snowflake_hook.py took 0.085 seconds
[2025-04-29T10:51:51.190+0000] {processor.py:186} INFO - Started process (PID=4371) to work on /opt/airflow/dags/snowflake_hook.py
[2025-04-29T10:51:51.191+0000] {processor.py:914} INFO - Processing file /opt/airflow/dags/snowflake_hook.py for tasks to queue
[2025-04-29T10:51:51.193+0000] {logging_mixin.py:190} INFO - [2025-04-29T10:51:51.193+0000] {dagbag.py:588} INFO - Filling up the DagBag from /opt/airflow/dags/snowflake_hook.py
[2025-04-29T10:51:51.203+0000] {processor.py:925} INFO - DAG(s) 'snowflake_hook' retrieved from /opt/airflow/dags/snowflake_hook.py
[2025-04-29T10:51:51.219+0000] {logging_mixin.py:190} INFO - [2025-04-29T10:51:51.218+0000] {dag.py:3239} INFO - Sync 1 DAGs
[2025-04-29T10:51:51.233+0000] {logging_mixin.py:190} INFO - [2025-04-29T10:51:51.233+0000] {dag.py:4180} INFO - Setting next_dagrun for snowflake_hook to None, run_after=None
[2025-04-29T10:51:51.247+0000] {processor.py:208} INFO - Processing /opt/airflow/dags/snowflake_hook.py took 0.060 seconds
[2025-04-29T10:52:21.552+0000] {processor.py:186} INFO - Started process (PID=4392) to work on /opt/airflow/dags/snowflake_hook.py
[2025-04-29T10:52:21.557+0000] {processor.py:914} INFO - Processing file /opt/airflow/dags/snowflake_hook.py for tasks to queue
[2025-04-29T10:52:21.571+0000] {logging_mixin.py:190} INFO - [2025-04-29T10:52:21.570+0000] {dagbag.py:588} INFO - Filling up the DagBag from /opt/airflow/dags/snowflake_hook.py
[2025-04-29T10:52:21.623+0000] {processor.py:925} INFO - DAG(s) 'snowflake_hook' retrieved from /opt/airflow/dags/snowflake_hook.py
[2025-04-29T10:52:21.642+0000] {logging_mixin.py:190} INFO - [2025-04-29T10:52:21.641+0000] {dag.py:3239} INFO - Sync 1 DAGs
[2025-04-29T10:52:21.658+0000] {logging_mixin.py:190} INFO - [2025-04-29T10:52:21.658+0000] {dag.py:4180} INFO - Setting next_dagrun for snowflake_hook to None, run_after=None
[2025-04-29T10:52:21.670+0000] {processor.py:208} INFO - Processing /opt/airflow/dags/snowflake_hook.py took 0.123 seconds
[2025-04-29T10:52:51.933+0000] {processor.py:186} INFO - Started process (PID=4424) to work on /opt/airflow/dags/snowflake_hook.py
[2025-04-29T10:52:51.933+0000] {processor.py:914} INFO - Processing file /opt/airflow/dags/snowflake_hook.py for tasks to queue
[2025-04-29T10:52:51.935+0000] {logging_mixin.py:190} INFO - [2025-04-29T10:52:51.935+0000] {dagbag.py:588} INFO - Filling up the DagBag from /opt/airflow/dags/snowflake_hook.py
[2025-04-29T10:52:51.945+0000] {processor.py:925} INFO - DAG(s) 'snowflake_hook' retrieved from /opt/airflow/dags/snowflake_hook.py
[2025-04-29T10:52:51.960+0000] {logging_mixin.py:190} INFO - [2025-04-29T10:52:51.960+0000] {dag.py:3239} INFO - Sync 1 DAGs
[2025-04-29T10:52:51.974+0000] {logging_mixin.py:190} INFO - [2025-04-29T10:52:51.974+0000] {dag.py:4180} INFO - Setting next_dagrun for snowflake_hook to None, run_after=None
[2025-04-29T10:52:51.988+0000] {processor.py:208} INFO - Processing /opt/airflow/dags/snowflake_hook.py took 0.059 seconds
[2025-04-29T10:53:22.296+0000] {processor.py:186} INFO - Started process (PID=4445) to work on /opt/airflow/dags/snowflake_hook.py
[2025-04-29T10:53:22.298+0000] {processor.py:914} INFO - Processing file /opt/airflow/dags/snowflake_hook.py for tasks to queue
[2025-04-29T10:53:22.300+0000] {logging_mixin.py:190} INFO - [2025-04-29T10:53:22.300+0000] {dagbag.py:588} INFO - Filling up the DagBag from /opt/airflow/dags/snowflake_hook.py
[2025-04-29T10:53:22.320+0000] {processor.py:925} INFO - DAG(s) 'snowflake_hook' retrieved from /opt/airflow/dags/snowflake_hook.py
[2025-04-29T10:53:22.336+0000] {logging_mixin.py:190} INFO - [2025-04-29T10:53:22.335+0000] {dag.py:3239} INFO - Sync 1 DAGs
[2025-04-29T10:53:22.351+0000] {logging_mixin.py:190} INFO - [2025-04-29T10:53:22.351+0000] {dag.py:4180} INFO - Setting next_dagrun for snowflake_hook to None, run_after=None
[2025-04-29T10:53:22.364+0000] {processor.py:208} INFO - Processing /opt/airflow/dags/snowflake_hook.py took 0.071 seconds
[2025-04-29T10:53:52.670+0000] {processor.py:186} INFO - Started process (PID=4466) to work on /opt/airflow/dags/snowflake_hook.py
[2025-04-29T10:53:52.671+0000] {processor.py:914} INFO - Processing file /opt/airflow/dags/snowflake_hook.py for tasks to queue
[2025-04-29T10:53:52.674+0000] {logging_mixin.py:190} INFO - [2025-04-29T10:53:52.673+0000] {dagbag.py:588} INFO - Filling up the DagBag from /opt/airflow/dags/snowflake_hook.py
[2025-04-29T10:53:52.693+0000] {processor.py:925} INFO - DAG(s) 'snowflake_hook' retrieved from /opt/airflow/dags/snowflake_hook.py
[2025-04-29T10:53:52.719+0000] {logging_mixin.py:190} INFO - [2025-04-29T10:53:52.718+0000] {dag.py:3239} INFO - Sync 1 DAGs
[2025-04-29T10:53:52.754+0000] {logging_mixin.py:190} INFO - [2025-04-29T10:53:52.753+0000] {dag.py:4180} INFO - Setting next_dagrun for snowflake_hook to None, run_after=None
[2025-04-29T10:53:52.770+0000] {processor.py:208} INFO - Processing /opt/airflow/dags/snowflake_hook.py took 0.106 seconds
[2025-04-29T10:54:23.040+0000] {processor.py:186} INFO - Started process (PID=4487) to work on /opt/airflow/dags/snowflake_hook.py
[2025-04-29T10:54:23.042+0000] {processor.py:914} INFO - Processing file /opt/airflow/dags/snowflake_hook.py for tasks to queue
[2025-04-29T10:54:23.044+0000] {logging_mixin.py:190} INFO - [2025-04-29T10:54:23.044+0000] {dagbag.py:588} INFO - Filling up the DagBag from /opt/airflow/dags/snowflake_hook.py
[2025-04-29T10:54:23.068+0000] {processor.py:925} INFO - DAG(s) 'snowflake_hook' retrieved from /opt/airflow/dags/snowflake_hook.py
[2025-04-29T10:54:23.082+0000] {logging_mixin.py:190} INFO - [2025-04-29T10:54:23.082+0000] {dag.py:3239} INFO - Sync 1 DAGs
[2025-04-29T10:54:23.096+0000] {logging_mixin.py:190} INFO - [2025-04-29T10:54:23.096+0000] {dag.py:4180} INFO - Setting next_dagrun for snowflake_hook to None, run_after=None
[2025-04-29T10:54:23.109+0000] {processor.py:208} INFO - Processing /opt/airflow/dags/snowflake_hook.py took 0.073 seconds
[2025-04-29T10:54:53.415+0000] {processor.py:186} INFO - Started process (PID=4508) to work on /opt/airflow/dags/snowflake_hook.py
[2025-04-29T10:54:53.417+0000] {processor.py:914} INFO - Processing file /opt/airflow/dags/snowflake_hook.py for tasks to queue
[2025-04-29T10:54:53.419+0000] {logging_mixin.py:190} INFO - [2025-04-29T10:54:53.418+0000] {dagbag.py:588} INFO - Filling up the DagBag from /opt/airflow/dags/snowflake_hook.py
[2025-04-29T10:54:53.429+0000] {processor.py:925} INFO - DAG(s) 'snowflake_hook' retrieved from /opt/airflow/dags/snowflake_hook.py
[2025-04-29T10:54:53.444+0000] {logging_mixin.py:190} INFO - [2025-04-29T10:54:53.443+0000] {dag.py:3239} INFO - Sync 1 DAGs
[2025-04-29T10:54:53.460+0000] {logging_mixin.py:190} INFO - [2025-04-29T10:54:53.460+0000] {dag.py:4180} INFO - Setting next_dagrun for snowflake_hook to None, run_after=None
[2025-04-29T10:54:53.474+0000] {processor.py:208} INFO - Processing /opt/airflow/dags/snowflake_hook.py took 0.063 seconds
[2025-04-29T10:55:23.707+0000] {processor.py:186} INFO - Started process (PID=4529) to work on /opt/airflow/dags/snowflake_hook.py
[2025-04-29T10:55:23.708+0000] {processor.py:914} INFO - Processing file /opt/airflow/dags/snowflake_hook.py for tasks to queue
[2025-04-29T10:55:23.711+0000] {logging_mixin.py:190} INFO - [2025-04-29T10:55:23.710+0000] {dagbag.py:588} INFO - Filling up the DagBag from /opt/airflow/dags/snowflake_hook.py
[2025-04-29T10:55:23.720+0000] {processor.py:925} INFO - DAG(s) 'snowflake_hook' retrieved from /opt/airflow/dags/snowflake_hook.py
[2025-04-29T10:55:23.737+0000] {logging_mixin.py:190} INFO - [2025-04-29T10:55:23.736+0000] {dag.py:3239} INFO - Sync 1 DAGs
[2025-04-29T10:55:23.751+0000] {logging_mixin.py:190} INFO - [2025-04-29T10:55:23.751+0000] {dag.py:4180} INFO - Setting next_dagrun for snowflake_hook to None, run_after=None
[2025-04-29T10:55:23.762+0000] {processor.py:208} INFO - Processing /opt/airflow/dags/snowflake_hook.py took 0.059 seconds
[2025-04-29T10:55:53.983+0000] {processor.py:186} INFO - Started process (PID=4550) to work on /opt/airflow/dags/snowflake_hook.py
[2025-04-29T10:55:53.984+0000] {processor.py:914} INFO - Processing file /opt/airflow/dags/snowflake_hook.py for tasks to queue
[2025-04-29T10:55:53.986+0000] {logging_mixin.py:190} INFO - [2025-04-29T10:55:53.986+0000] {dagbag.py:588} INFO - Filling up the DagBag from /opt/airflow/dags/snowflake_hook.py
[2025-04-29T10:55:54.012+0000] {processor.py:925} INFO - DAG(s) 'snowflake_hook' retrieved from /opt/airflow/dags/snowflake_hook.py
[2025-04-29T10:55:54.026+0000] {logging_mixin.py:190} INFO - [2025-04-29T10:55:54.025+0000] {dag.py:3239} INFO - Sync 1 DAGs
[2025-04-29T10:55:54.042+0000] {logging_mixin.py:190} INFO - [2025-04-29T10:55:54.041+0000] {dag.py:4180} INFO - Setting next_dagrun for snowflake_hook to None, run_after=None
[2025-04-29T10:55:54.053+0000] {processor.py:208} INFO - Processing /opt/airflow/dags/snowflake_hook.py took 0.073 seconds
[2025-04-29T10:56:24.329+0000] {processor.py:186} INFO - Started process (PID=4571) to work on /opt/airflow/dags/snowflake_hook.py
[2025-04-29T10:56:24.331+0000] {processor.py:914} INFO - Processing file /opt/airflow/dags/snowflake_hook.py for tasks to queue
[2025-04-29T10:56:24.334+0000] {logging_mixin.py:190} INFO - [2025-04-29T10:56:24.333+0000] {dagbag.py:588} INFO - Filling up the DagBag from /opt/airflow/dags/snowflake_hook.py
[2025-04-29T10:56:24.358+0000] {processor.py:925} INFO - DAG(s) 'snowflake_hook' retrieved from /opt/airflow/dags/snowflake_hook.py
[2025-04-29T10:56:24.384+0000] {logging_mixin.py:190} INFO - [2025-04-29T10:56:24.383+0000] {dag.py:3239} INFO - Sync 1 DAGs
[2025-04-29T10:56:24.400+0000] {logging_mixin.py:190} INFO - [2025-04-29T10:56:24.400+0000] {dag.py:4180} INFO - Setting next_dagrun for snowflake_hook to None, run_after=None
[2025-04-29T10:56:24.418+0000] {processor.py:208} INFO - Processing /opt/airflow/dags/snowflake_hook.py took 0.092 seconds
[2025-04-29T10:56:54.707+0000] {processor.py:186} INFO - Started process (PID=4592) to work on /opt/airflow/dags/snowflake_hook.py
[2025-04-29T10:56:54.708+0000] {processor.py:914} INFO - Processing file /opt/airflow/dags/snowflake_hook.py for tasks to queue
[2025-04-29T10:56:54.710+0000] {logging_mixin.py:190} INFO - [2025-04-29T10:56:54.710+0000] {dagbag.py:588} INFO - Filling up the DagBag from /opt/airflow/dags/snowflake_hook.py
[2025-04-29T10:56:54.719+0000] {processor.py:925} INFO - DAG(s) 'snowflake_hook' retrieved from /opt/airflow/dags/snowflake_hook.py
[2025-04-29T10:56:54.734+0000] {logging_mixin.py:190} INFO - [2025-04-29T10:56:54.733+0000] {dag.py:3239} INFO - Sync 1 DAGs
[2025-04-29T10:56:54.746+0000] {logging_mixin.py:190} INFO - [2025-04-29T10:56:54.746+0000] {dag.py:4180} INFO - Setting next_dagrun for snowflake_hook to None, run_after=None
[2025-04-29T10:56:54.760+0000] {processor.py:208} INFO - Processing /opt/airflow/dags/snowflake_hook.py took 0.055 seconds
[2025-04-29T10:57:25.037+0000] {processor.py:186} INFO - Started process (PID=4613) to work on /opt/airflow/dags/snowflake_hook.py
[2025-04-29T10:57:25.038+0000] {processor.py:914} INFO - Processing file /opt/airflow/dags/snowflake_hook.py for tasks to queue
[2025-04-29T10:57:25.041+0000] {logging_mixin.py:190} INFO - [2025-04-29T10:57:25.041+0000] {dagbag.py:588} INFO - Filling up the DagBag from /opt/airflow/dags/snowflake_hook.py
[2025-04-29T10:57:25.074+0000] {processor.py:925} INFO - DAG(s) 'snowflake_hook' retrieved from /opt/airflow/dags/snowflake_hook.py
[2025-04-29T10:57:25.088+0000] {logging_mixin.py:190} INFO - [2025-04-29T10:57:25.088+0000] {dag.py:3239} INFO - Sync 1 DAGs
[2025-04-29T10:57:25.103+0000] {logging_mixin.py:190} INFO - [2025-04-29T10:57:25.103+0000] {dag.py:4180} INFO - Setting next_dagrun for snowflake_hook to None, run_after=None
[2025-04-29T10:57:25.113+0000] {processor.py:208} INFO - Processing /opt/airflow/dags/snowflake_hook.py took 0.081 seconds
[2025-04-29T10:57:55.397+0000] {processor.py:186} INFO - Started process (PID=4634) to work on /opt/airflow/dags/snowflake_hook.py
[2025-04-29T10:57:55.398+0000] {processor.py:914} INFO - Processing file /opt/airflow/dags/snowflake_hook.py for tasks to queue
[2025-04-29T10:57:55.400+0000] {logging_mixin.py:190} INFO - [2025-04-29T10:57:55.400+0000] {dagbag.py:588} INFO - Filling up the DagBag from /opt/airflow/dags/snowflake_hook.py
[2025-04-29T10:57:55.408+0000] {processor.py:925} INFO - DAG(s) 'snowflake_hook' retrieved from /opt/airflow/dags/snowflake_hook.py
[2025-04-29T10:57:55.424+0000] {logging_mixin.py:190} INFO - [2025-04-29T10:57:55.424+0000] {dag.py:3239} INFO - Sync 1 DAGs
[2025-04-29T10:57:55.438+0000] {logging_mixin.py:190} INFO - [2025-04-29T10:57:55.438+0000] {dag.py:4180} INFO - Setting next_dagrun for snowflake_hook to None, run_after=None
[2025-04-29T10:57:55.451+0000] {processor.py:208} INFO - Processing /opt/airflow/dags/snowflake_hook.py took 0.057 seconds
[2025-04-29T10:58:25.710+0000] {processor.py:186} INFO - Started process (PID=4655) to work on /opt/airflow/dags/snowflake_hook.py
[2025-04-29T10:58:25.712+0000] {processor.py:914} INFO - Processing file /opt/airflow/dags/snowflake_hook.py for tasks to queue
[2025-04-29T10:58:25.714+0000] {logging_mixin.py:190} INFO - [2025-04-29T10:58:25.714+0000] {dagbag.py:588} INFO - Filling up the DagBag from /opt/airflow/dags/snowflake_hook.py
[2025-04-29T10:58:25.723+0000] {processor.py:925} INFO - DAG(s) 'snowflake_hook' retrieved from /opt/airflow/dags/snowflake_hook.py
[2025-04-29T10:58:25.739+0000] {logging_mixin.py:190} INFO - [2025-04-29T10:58:25.739+0000] {dag.py:3239} INFO - Sync 1 DAGs
[2025-04-29T10:58:25.754+0000] {logging_mixin.py:190} INFO - [2025-04-29T10:58:25.754+0000] {dag.py:4180} INFO - Setting next_dagrun for snowflake_hook to None, run_after=None
[2025-04-29T10:58:25.767+0000] {processor.py:208} INFO - Processing /opt/airflow/dags/snowflake_hook.py took 0.059 seconds
[2025-04-29T10:58:56.064+0000] {processor.py:186} INFO - Started process (PID=4676) to work on /opt/airflow/dags/snowflake_hook.py
[2025-04-29T10:58:56.065+0000] {processor.py:914} INFO - Processing file /opt/airflow/dags/snowflake_hook.py for tasks to queue
[2025-04-29T10:58:56.068+0000] {logging_mixin.py:190} INFO - [2025-04-29T10:58:56.067+0000] {dagbag.py:588} INFO - Filling up the DagBag from /opt/airflow/dags/snowflake_hook.py
[2025-04-29T10:58:56.077+0000] {processor.py:925} INFO - DAG(s) 'snowflake_hook' retrieved from /opt/airflow/dags/snowflake_hook.py
[2025-04-29T10:58:56.092+0000] {logging_mixin.py:190} INFO - [2025-04-29T10:58:56.092+0000] {dag.py:3239} INFO - Sync 1 DAGs
[2025-04-29T10:58:56.107+0000] {logging_mixin.py:190} INFO - [2025-04-29T10:58:56.106+0000] {dag.py:4180} INFO - Setting next_dagrun for snowflake_hook to None, run_after=None
[2025-04-29T10:58:56.122+0000] {processor.py:208} INFO - Processing /opt/airflow/dags/snowflake_hook.py took 0.064 seconds
[2025-04-29T10:59:26.418+0000] {processor.py:186} INFO - Started process (PID=4697) to work on /opt/airflow/dags/snowflake_hook.py
[2025-04-29T10:59:26.419+0000] {processor.py:914} INFO - Processing file /opt/airflow/dags/snowflake_hook.py for tasks to queue
[2025-04-29T10:59:26.422+0000] {logging_mixin.py:190} INFO - [2025-04-29T10:59:26.422+0000] {dagbag.py:588} INFO - Filling up the DagBag from /opt/airflow/dags/snowflake_hook.py
[2025-04-29T10:59:26.444+0000] {processor.py:925} INFO - DAG(s) 'snowflake_hook' retrieved from /opt/airflow/dags/snowflake_hook.py
[2025-04-29T10:59:26.458+0000] {logging_mixin.py:190} INFO - [2025-04-29T10:59:26.458+0000] {dag.py:3239} INFO - Sync 1 DAGs
[2025-04-29T10:59:26.473+0000] {logging_mixin.py:190} INFO - [2025-04-29T10:59:26.473+0000] {dag.py:4180} INFO - Setting next_dagrun for snowflake_hook to None, run_after=None
[2025-04-29T10:59:26.486+0000] {processor.py:208} INFO - Processing /opt/airflow/dags/snowflake_hook.py took 0.071 seconds
[2025-04-29T10:59:56.763+0000] {processor.py:186} INFO - Started process (PID=4718) to work on /opt/airflow/dags/snowflake_hook.py
[2025-04-29T10:59:56.764+0000] {processor.py:914} INFO - Processing file /opt/airflow/dags/snowflake_hook.py for tasks to queue
[2025-04-29T10:59:56.767+0000] {logging_mixin.py:190} INFO - [2025-04-29T10:59:56.766+0000] {dagbag.py:588} INFO - Filling up the DagBag from /opt/airflow/dags/snowflake_hook.py
[2025-04-29T10:59:56.789+0000] {processor.py:925} INFO - DAG(s) 'snowflake_hook' retrieved from /opt/airflow/dags/snowflake_hook.py
[2025-04-29T10:59:56.806+0000] {logging_mixin.py:190} INFO - [2025-04-29T10:59:56.806+0000] {dag.py:3239} INFO - Sync 1 DAGs
[2025-04-29T10:59:56.821+0000] {logging_mixin.py:190} INFO - [2025-04-29T10:59:56.820+0000] {dag.py:4180} INFO - Setting next_dagrun for snowflake_hook to None, run_after=None
[2025-04-29T10:59:56.831+0000] {processor.py:208} INFO - Processing /opt/airflow/dags/snowflake_hook.py took 0.072 seconds
[2025-04-29T11:00:27.132+0000] {processor.py:186} INFO - Started process (PID=4739) to work on /opt/airflow/dags/snowflake_hook.py
[2025-04-29T11:00:27.134+0000] {processor.py:914} INFO - Processing file /opt/airflow/dags/snowflake_hook.py for tasks to queue
[2025-04-29T11:00:27.138+0000] {logging_mixin.py:190} INFO - [2025-04-29T11:00:27.137+0000] {dagbag.py:588} INFO - Filling up the DagBag from /opt/airflow/dags/snowflake_hook.py
[2025-04-29T11:00:27.161+0000] {processor.py:925} INFO - DAG(s) 'snowflake_hook' retrieved from /opt/airflow/dags/snowflake_hook.py
[2025-04-29T11:00:27.178+0000] {logging_mixin.py:190} INFO - [2025-04-29T11:00:27.178+0000] {dag.py:3239} INFO - Sync 1 DAGs
[2025-04-29T11:00:27.192+0000] {logging_mixin.py:190} INFO - [2025-04-29T11:00:27.192+0000] {dag.py:4180} INFO - Setting next_dagrun for snowflake_hook to None, run_after=None
[2025-04-29T11:00:27.208+0000] {processor.py:208} INFO - Processing /opt/airflow/dags/snowflake_hook.py took 0.084 seconds
[2025-04-29T11:00:57.467+0000] {processor.py:186} INFO - Started process (PID=4760) to work on /opt/airflow/dags/snowflake_hook.py
[2025-04-29T11:00:57.469+0000] {processor.py:914} INFO - Processing file /opt/airflow/dags/snowflake_hook.py for tasks to queue
[2025-04-29T11:00:57.472+0000] {logging_mixin.py:190} INFO - [2025-04-29T11:00:57.471+0000] {dagbag.py:588} INFO - Filling up the DagBag from /opt/airflow/dags/snowflake_hook.py
[2025-04-29T11:00:57.495+0000] {processor.py:925} INFO - DAG(s) 'snowflake_hook' retrieved from /opt/airflow/dags/snowflake_hook.py
[2025-04-29T11:00:57.512+0000] {logging_mixin.py:190} INFO - [2025-04-29T11:00:57.512+0000] {dag.py:3239} INFO - Sync 1 DAGs
[2025-04-29T11:00:57.531+0000] {logging_mixin.py:190} INFO - [2025-04-29T11:00:57.531+0000] {dag.py:4180} INFO - Setting next_dagrun for snowflake_hook to None, run_after=None
[2025-04-29T11:00:57.551+0000] {processor.py:208} INFO - Processing /opt/airflow/dags/snowflake_hook.py took 0.088 seconds
[2025-04-29T11:01:27.926+0000] {processor.py:186} INFO - Started process (PID=4781) to work on /opt/airflow/dags/snowflake_hook.py
[2025-04-29T11:01:27.930+0000] {processor.py:914} INFO - Processing file /opt/airflow/dags/snowflake_hook.py for tasks to queue
[2025-04-29T11:01:27.933+0000] {logging_mixin.py:190} INFO - [2025-04-29T11:01:27.932+0000] {dagbag.py:588} INFO - Filling up the DagBag from /opt/airflow/dags/snowflake_hook.py
[2025-04-29T11:01:27.952+0000] {processor.py:925} INFO - DAG(s) 'snowflake_hook' retrieved from /opt/airflow/dags/snowflake_hook.py
[2025-04-29T11:01:27.969+0000] {logging_mixin.py:190} INFO - [2025-04-29T11:01:27.968+0000] {dag.py:3239} INFO - Sync 1 DAGs
[2025-04-29T11:01:27.985+0000] {logging_mixin.py:190} INFO - [2025-04-29T11:01:27.985+0000] {dag.py:4180} INFO - Setting next_dagrun for snowflake_hook to None, run_after=None
[2025-04-29T11:01:27.999+0000] {processor.py:208} INFO - Processing /opt/airflow/dags/snowflake_hook.py took 0.077 seconds
[2025-04-29T11:01:58.271+0000] {processor.py:186} INFO - Started process (PID=4802) to work on /opt/airflow/dags/snowflake_hook.py
[2025-04-29T11:01:58.273+0000] {processor.py:914} INFO - Processing file /opt/airflow/dags/snowflake_hook.py for tasks to queue
[2025-04-29T11:01:58.277+0000] {logging_mixin.py:190} INFO - [2025-04-29T11:01:58.277+0000] {dagbag.py:588} INFO - Filling up the DagBag from /opt/airflow/dags/snowflake_hook.py
[2025-04-29T11:01:58.299+0000] {processor.py:925} INFO - DAG(s) 'snowflake_hook' retrieved from /opt/airflow/dags/snowflake_hook.py
[2025-04-29T11:01:58.315+0000] {logging_mixin.py:190} INFO - [2025-04-29T11:01:58.314+0000] {dag.py:3239} INFO - Sync 1 DAGs
[2025-04-29T11:01:58.329+0000] {logging_mixin.py:190} INFO - [2025-04-29T11:01:58.329+0000] {dag.py:4180} INFO - Setting next_dagrun for snowflake_hook to None, run_after=None
[2025-04-29T11:01:58.342+0000] {processor.py:208} INFO - Processing /opt/airflow/dags/snowflake_hook.py took 0.076 seconds
[2025-04-29T11:02:28.610+0000] {processor.py:186} INFO - Started process (PID=4822) to work on /opt/airflow/dags/snowflake_hook.py
[2025-04-29T11:02:28.611+0000] {processor.py:914} INFO - Processing file /opt/airflow/dags/snowflake_hook.py for tasks to queue
[2025-04-29T11:02:28.614+0000] {logging_mixin.py:190} INFO - [2025-04-29T11:02:28.613+0000] {dagbag.py:588} INFO - Filling up the DagBag from /opt/airflow/dags/snowflake_hook.py
[2025-04-29T11:02:28.624+0000] {processor.py:925} INFO - DAG(s) 'snowflake_hook' retrieved from /opt/airflow/dags/snowflake_hook.py
[2025-04-29T11:02:28.642+0000] {logging_mixin.py:190} INFO - [2025-04-29T11:02:28.641+0000] {dag.py:3239} INFO - Sync 1 DAGs
[2025-04-29T11:02:28.657+0000] {logging_mixin.py:190} INFO - [2025-04-29T11:02:28.657+0000] {dag.py:4180} INFO - Setting next_dagrun for snowflake_hook to None, run_after=None
[2025-04-29T11:02:28.669+0000] {processor.py:208} INFO - Processing /opt/airflow/dags/snowflake_hook.py took 0.062 seconds
[2025-04-29T11:02:58.922+0000] {processor.py:186} INFO - Started process (PID=4843) to work on /opt/airflow/dags/snowflake_hook.py
[2025-04-29T11:02:58.923+0000] {processor.py:914} INFO - Processing file /opt/airflow/dags/snowflake_hook.py for tasks to queue
[2025-04-29T11:02:58.925+0000] {logging_mixin.py:190} INFO - [2025-04-29T11:02:58.925+0000] {dagbag.py:588} INFO - Filling up the DagBag from /opt/airflow/dags/snowflake_hook.py
[2025-04-29T11:02:58.934+0000] {processor.py:925} INFO - DAG(s) 'snowflake_hook' retrieved from /opt/airflow/dags/snowflake_hook.py
[2025-04-29T11:02:58.949+0000] {logging_mixin.py:190} INFO - [2025-04-29T11:02:58.949+0000] {dag.py:3239} INFO - Sync 1 DAGs
[2025-04-29T11:02:58.963+0000] {logging_mixin.py:190} INFO - [2025-04-29T11:02:58.963+0000] {dag.py:4180} INFO - Setting next_dagrun for snowflake_hook to None, run_after=None
[2025-04-29T11:02:58.976+0000] {processor.py:208} INFO - Processing /opt/airflow/dags/snowflake_hook.py took 0.057 seconds
[2025-04-29T11:03:29.273+0000] {processor.py:186} INFO - Started process (PID=4864) to work on /opt/airflow/dags/snowflake_hook.py
[2025-04-29T11:03:29.274+0000] {processor.py:914} INFO - Processing file /opt/airflow/dags/snowflake_hook.py for tasks to queue
[2025-04-29T11:03:29.277+0000] {logging_mixin.py:190} INFO - [2025-04-29T11:03:29.277+0000] {dagbag.py:588} INFO - Filling up the DagBag from /opt/airflow/dags/snowflake_hook.py
[2025-04-29T11:03:29.294+0000] {processor.py:925} INFO - DAG(s) 'snowflake_hook' retrieved from /opt/airflow/dags/snowflake_hook.py
[2025-04-29T11:03:29.311+0000] {logging_mixin.py:190} INFO - [2025-04-29T11:03:29.310+0000] {dag.py:3239} INFO - Sync 1 DAGs
[2025-04-29T11:03:29.326+0000] {logging_mixin.py:190} INFO - [2025-04-29T11:03:29.326+0000] {dag.py:4180} INFO - Setting next_dagrun for snowflake_hook to None, run_after=None
[2025-04-29T11:03:29.338+0000] {processor.py:208} INFO - Processing /opt/airflow/dags/snowflake_hook.py took 0.069 seconds
[2025-04-29T11:03:59.619+0000] {processor.py:186} INFO - Started process (PID=4885) to work on /opt/airflow/dags/snowflake_hook.py
[2025-04-29T11:03:59.621+0000] {processor.py:914} INFO - Processing file /opt/airflow/dags/snowflake_hook.py for tasks to queue
[2025-04-29T11:03:59.623+0000] {logging_mixin.py:190} INFO - [2025-04-29T11:03:59.623+0000] {dagbag.py:588} INFO - Filling up the DagBag from /opt/airflow/dags/snowflake_hook.py
[2025-04-29T11:03:59.657+0000] {processor.py:925} INFO - DAG(s) 'snowflake_hook' retrieved from /opt/airflow/dags/snowflake_hook.py
[2025-04-29T11:03:59.673+0000] {logging_mixin.py:190} INFO - [2025-04-29T11:03:59.672+0000] {dag.py:3239} INFO - Sync 1 DAGs
[2025-04-29T11:03:59.691+0000] {logging_mixin.py:190} INFO - [2025-04-29T11:03:59.691+0000] {dag.py:4180} INFO - Setting next_dagrun for snowflake_hook to None, run_after=None
[2025-04-29T11:03:59.706+0000] {processor.py:208} INFO - Processing /opt/airflow/dags/snowflake_hook.py took 0.091 seconds
[2025-04-29T11:04:29.977+0000] {processor.py:186} INFO - Started process (PID=4906) to work on /opt/airflow/dags/snowflake_hook.py
[2025-04-29T11:04:29.979+0000] {processor.py:914} INFO - Processing file /opt/airflow/dags/snowflake_hook.py for tasks to queue
[2025-04-29T11:04:29.983+0000] {logging_mixin.py:190} INFO - [2025-04-29T11:04:29.983+0000] {dagbag.py:588} INFO - Filling up the DagBag from /opt/airflow/dags/snowflake_hook.py
[2025-04-29T11:04:30.010+0000] {processor.py:925} INFO - DAG(s) 'snowflake_hook' retrieved from /opt/airflow/dags/snowflake_hook.py
[2025-04-29T11:04:30.024+0000] {logging_mixin.py:190} INFO - [2025-04-29T11:04:30.024+0000] {dag.py:3239} INFO - Sync 1 DAGs
[2025-04-29T11:04:30.041+0000] {logging_mixin.py:190} INFO - [2025-04-29T11:04:30.040+0000] {dag.py:4180} INFO - Setting next_dagrun for snowflake_hook to None, run_after=None
[2025-04-29T11:04:30.059+0000] {processor.py:208} INFO - Processing /opt/airflow/dags/snowflake_hook.py took 0.087 seconds
[2025-04-29T11:05:00.357+0000] {processor.py:186} INFO - Started process (PID=4927) to work on /opt/airflow/dags/snowflake_hook.py
[2025-04-29T11:05:00.358+0000] {processor.py:914} INFO - Processing file /opt/airflow/dags/snowflake_hook.py for tasks to queue
[2025-04-29T11:05:00.361+0000] {logging_mixin.py:190} INFO - [2025-04-29T11:05:00.360+0000] {dagbag.py:588} INFO - Filling up the DagBag from /opt/airflow/dags/snowflake_hook.py
[2025-04-29T11:05:00.379+0000] {processor.py:925} INFO - DAG(s) 'snowflake_hook' retrieved from /opt/airflow/dags/snowflake_hook.py
[2025-04-29T11:05:00.396+0000] {logging_mixin.py:190} INFO - [2025-04-29T11:05:00.395+0000] {dag.py:3239} INFO - Sync 1 DAGs
[2025-04-29T11:05:00.414+0000] {logging_mixin.py:190} INFO - [2025-04-29T11:05:00.414+0000] {dag.py:4180} INFO - Setting next_dagrun for snowflake_hook to None, run_after=None
[2025-04-29T11:05:00.427+0000] {processor.py:208} INFO - Processing /opt/airflow/dags/snowflake_hook.py took 0.073 seconds
[2025-04-29T11:05:30.738+0000] {processor.py:186} INFO - Started process (PID=4948) to work on /opt/airflow/dags/snowflake_hook.py
[2025-04-29T11:05:30.739+0000] {processor.py:914} INFO - Processing file /opt/airflow/dags/snowflake_hook.py for tasks to queue
[2025-04-29T11:05:30.743+0000] {logging_mixin.py:190} INFO - [2025-04-29T11:05:30.743+0000] {dagbag.py:588} INFO - Filling up the DagBag from /opt/airflow/dags/snowflake_hook.py
[2025-04-29T11:05:30.772+0000] {processor.py:925} INFO - DAG(s) 'snowflake_hook' retrieved from /opt/airflow/dags/snowflake_hook.py
[2025-04-29T11:05:30.787+0000] {logging_mixin.py:190} INFO - [2025-04-29T11:05:30.787+0000] {dag.py:3239} INFO - Sync 1 DAGs
[2025-04-29T11:05:30.802+0000] {logging_mixin.py:190} INFO - [2025-04-29T11:05:30.802+0000] {dag.py:4180} INFO - Setting next_dagrun for snowflake_hook to None, run_after=None
[2025-04-29T11:05:30.814+0000] {processor.py:208} INFO - Processing /opt/airflow/dags/snowflake_hook.py took 0.081 seconds
[2025-04-29T11:06:01.119+0000] {processor.py:186} INFO - Started process (PID=4969) to work on /opt/airflow/dags/snowflake_hook.py
[2025-04-29T11:06:01.121+0000] {processor.py:914} INFO - Processing file /opt/airflow/dags/snowflake_hook.py for tasks to queue
[2025-04-29T11:06:01.124+0000] {logging_mixin.py:190} INFO - [2025-04-29T11:06:01.124+0000] {dagbag.py:588} INFO - Filling up the DagBag from /opt/airflow/dags/snowflake_hook.py
[2025-04-29T11:06:01.146+0000] {processor.py:925} INFO - DAG(s) 'snowflake_hook' retrieved from /opt/airflow/dags/snowflake_hook.py
[2025-04-29T11:06:01.161+0000] {logging_mixin.py:190} INFO - [2025-04-29T11:06:01.161+0000] {dag.py:3239} INFO - Sync 1 DAGs
[2025-04-29T11:06:01.176+0000] {logging_mixin.py:190} INFO - [2025-04-29T11:06:01.175+0000] {dag.py:4180} INFO - Setting next_dagrun for snowflake_hook to None, run_after=None
[2025-04-29T11:06:01.188+0000] {processor.py:208} INFO - Processing /opt/airflow/dags/snowflake_hook.py took 0.073 seconds
[2025-04-29T11:06:31.508+0000] {processor.py:186} INFO - Started process (PID=4989) to work on /opt/airflow/dags/snowflake_hook.py
[2025-04-29T11:06:31.509+0000] {processor.py:914} INFO - Processing file /opt/airflow/dags/snowflake_hook.py for tasks to queue
[2025-04-29T11:06:31.512+0000] {logging_mixin.py:190} INFO - [2025-04-29T11:06:31.512+0000] {dagbag.py:588} INFO - Filling up the DagBag from /opt/airflow/dags/snowflake_hook.py
[2025-04-29T11:06:31.535+0000] {processor.py:925} INFO - DAG(s) 'snowflake_hook' retrieved from /opt/airflow/dags/snowflake_hook.py
[2025-04-29T11:06:31.552+0000] {logging_mixin.py:190} INFO - [2025-04-29T11:06:31.551+0000] {dag.py:3239} INFO - Sync 1 DAGs
[2025-04-29T11:06:31.567+0000] {logging_mixin.py:190} INFO - [2025-04-29T11:06:31.567+0000] {dag.py:4180} INFO - Setting next_dagrun for snowflake_hook to None, run_after=None
[2025-04-29T11:06:31.579+0000] {processor.py:208} INFO - Processing /opt/airflow/dags/snowflake_hook.py took 0.075 seconds
[2025-04-29T11:07:01.871+0000] {processor.py:186} INFO - Started process (PID=5009) to work on /opt/airflow/dags/snowflake_hook.py
[2025-04-29T11:07:01.874+0000] {processor.py:914} INFO - Processing file /opt/airflow/dags/snowflake_hook.py for tasks to queue
[2025-04-29T11:07:01.876+0000] {logging_mixin.py:190} INFO - [2025-04-29T11:07:01.875+0000] {dagbag.py:588} INFO - Filling up the DagBag from /opt/airflow/dags/snowflake_hook.py
[2025-04-29T11:07:01.903+0000] {processor.py:925} INFO - DAG(s) 'snowflake_hook' retrieved from /opt/airflow/dags/snowflake_hook.py
[2025-04-29T11:07:01.918+0000] {logging_mixin.py:190} INFO - [2025-04-29T11:07:01.918+0000] {dag.py:3239} INFO - Sync 1 DAGs
[2025-04-29T11:07:01.931+0000] {logging_mixin.py:190} INFO - [2025-04-29T11:07:01.931+0000] {dag.py:4180} INFO - Setting next_dagrun for snowflake_hook to None, run_after=None
[2025-04-29T11:07:01.942+0000] {processor.py:208} INFO - Processing /opt/airflow/dags/snowflake_hook.py took 0.076 seconds
[2025-04-29T11:07:32.174+0000] {processor.py:186} INFO - Started process (PID=5030) to work on /opt/airflow/dags/snowflake_hook.py
[2025-04-29T11:07:32.175+0000] {processor.py:914} INFO - Processing file /opt/airflow/dags/snowflake_hook.py for tasks to queue
[2025-04-29T11:07:32.176+0000] {logging_mixin.py:190} INFO - [2025-04-29T11:07:32.176+0000] {dagbag.py:588} INFO - Filling up the DagBag from /opt/airflow/dags/snowflake_hook.py
[2025-04-29T11:07:32.206+0000] {processor.py:925} INFO - DAG(s) 'snowflake_hook' retrieved from /opt/airflow/dags/snowflake_hook.py
[2025-04-29T11:07:32.225+0000] {logging_mixin.py:190} INFO - [2025-04-29T11:07:32.225+0000] {dag.py:3239} INFO - Sync 1 DAGs
[2025-04-29T11:07:32.242+0000] {logging_mixin.py:190} INFO - [2025-04-29T11:07:32.241+0000] {dag.py:4180} INFO - Setting next_dagrun for snowflake_hook to None, run_after=None
[2025-04-29T11:07:32.254+0000] {processor.py:208} INFO - Processing /opt/airflow/dags/snowflake_hook.py took 0.083 seconds
[2025-04-29T11:08:02.513+0000] {processor.py:186} INFO - Started process (PID=5051) to work on /opt/airflow/dags/snowflake_hook.py
[2025-04-29T11:08:02.514+0000] {processor.py:914} INFO - Processing file /opt/airflow/dags/snowflake_hook.py for tasks to queue
[2025-04-29T11:08:02.516+0000] {logging_mixin.py:190} INFO - [2025-04-29T11:08:02.516+0000] {dagbag.py:588} INFO - Filling up the DagBag from /opt/airflow/dags/snowflake_hook.py
[2025-04-29T11:08:02.543+0000] {processor.py:925} INFO - DAG(s) 'snowflake_hook' retrieved from /opt/airflow/dags/snowflake_hook.py
[2025-04-29T11:08:02.560+0000] {logging_mixin.py:190} INFO - [2025-04-29T11:08:02.559+0000] {dag.py:3239} INFO - Sync 1 DAGs
[2025-04-29T11:08:02.575+0000] {logging_mixin.py:190} INFO - [2025-04-29T11:08:02.575+0000] {dag.py:4180} INFO - Setting next_dagrun for snowflake_hook to None, run_after=None
[2025-04-29T11:08:02.588+0000] {processor.py:208} INFO - Processing /opt/airflow/dags/snowflake_hook.py took 0.078 seconds
[2025-04-29T11:08:32.877+0000] {processor.py:186} INFO - Started process (PID=5072) to work on /opt/airflow/dags/snowflake_hook.py
[2025-04-29T11:08:32.878+0000] {processor.py:914} INFO - Processing file /opt/airflow/dags/snowflake_hook.py for tasks to queue
[2025-04-29T11:08:32.880+0000] {logging_mixin.py:190} INFO - [2025-04-29T11:08:32.880+0000] {dagbag.py:588} INFO - Filling up the DagBag from /opt/airflow/dags/snowflake_hook.py
[2025-04-29T11:08:32.891+0000] {processor.py:925} INFO - DAG(s) 'snowflake_hook' retrieved from /opt/airflow/dags/snowflake_hook.py
[2025-04-29T11:08:32.907+0000] {logging_mixin.py:190} INFO - [2025-04-29T11:08:32.907+0000] {dag.py:3239} INFO - Sync 1 DAGs
[2025-04-29T11:08:32.922+0000] {logging_mixin.py:190} INFO - [2025-04-29T11:08:32.922+0000] {dag.py:4180} INFO - Setting next_dagrun for snowflake_hook to None, run_after=None
[2025-04-29T11:08:32.933+0000] {processor.py:208} INFO - Processing /opt/airflow/dags/snowflake_hook.py took 0.060 seconds
[2025-04-29T11:09:03.252+0000] {processor.py:186} INFO - Started process (PID=5093) to work on /opt/airflow/dags/snowflake_hook.py
[2025-04-29T11:09:03.254+0000] {processor.py:914} INFO - Processing file /opt/airflow/dags/snowflake_hook.py for tasks to queue
[2025-04-29T11:09:03.256+0000] {logging_mixin.py:190} INFO - [2025-04-29T11:09:03.256+0000] {dagbag.py:588} INFO - Filling up the DagBag from /opt/airflow/dags/snowflake_hook.py
[2025-04-29T11:09:03.265+0000] {processor.py:925} INFO - DAG(s) 'snowflake_hook' retrieved from /opt/airflow/dags/snowflake_hook.py
[2025-04-29T11:09:03.280+0000] {logging_mixin.py:190} INFO - [2025-04-29T11:09:03.279+0000] {dag.py:3239} INFO - Sync 1 DAGs
[2025-04-29T11:09:03.293+0000] {logging_mixin.py:190} INFO - [2025-04-29T11:09:03.293+0000] {dag.py:4180} INFO - Setting next_dagrun for snowflake_hook to None, run_after=None
[2025-04-29T11:09:03.306+0000] {processor.py:208} INFO - Processing /opt/airflow/dags/snowflake_hook.py took 0.058 seconds
[2025-04-29T11:09:33.613+0000] {processor.py:186} INFO - Started process (PID=5114) to work on /opt/airflow/dags/snowflake_hook.py
[2025-04-29T11:09:33.615+0000] {processor.py:914} INFO - Processing file /opt/airflow/dags/snowflake_hook.py for tasks to queue
[2025-04-29T11:09:33.617+0000] {logging_mixin.py:190} INFO - [2025-04-29T11:09:33.617+0000] {dagbag.py:588} INFO - Filling up the DagBag from /opt/airflow/dags/snowflake_hook.py
[2025-04-29T11:09:33.626+0000] {processor.py:925} INFO - DAG(s) 'snowflake_hook' retrieved from /opt/airflow/dags/snowflake_hook.py
[2025-04-29T11:09:33.640+0000] {logging_mixin.py:190} INFO - [2025-04-29T11:09:33.640+0000] {dag.py:3239} INFO - Sync 1 DAGs
[2025-04-29T11:09:33.654+0000] {logging_mixin.py:190} INFO - [2025-04-29T11:09:33.654+0000] {dag.py:4180} INFO - Setting next_dagrun for snowflake_hook to None, run_after=None
[2025-04-29T11:09:33.668+0000] {processor.py:208} INFO - Processing /opt/airflow/dags/snowflake_hook.py took 0.058 seconds
[2025-04-29T11:10:03.967+0000] {processor.py:186} INFO - Started process (PID=5135) to work on /opt/airflow/dags/snowflake_hook.py
[2025-04-29T11:10:03.968+0000] {processor.py:914} INFO - Processing file /opt/airflow/dags/snowflake_hook.py for tasks to queue
[2025-04-29T11:10:03.972+0000] {logging_mixin.py:190} INFO - [2025-04-29T11:10:03.972+0000] {dagbag.py:588} INFO - Filling up the DagBag from /opt/airflow/dags/snowflake_hook.py
[2025-04-29T11:10:03.988+0000] {processor.py:925} INFO - DAG(s) 'snowflake_hook' retrieved from /opt/airflow/dags/snowflake_hook.py
[2025-04-29T11:10:04.006+0000] {logging_mixin.py:190} INFO - [2025-04-29T11:10:04.005+0000] {dag.py:3239} INFO - Sync 1 DAGs
[2025-04-29T11:10:04.021+0000] {logging_mixin.py:190} INFO - [2025-04-29T11:10:04.021+0000] {dag.py:4180} INFO - Setting next_dagrun for snowflake_hook to None, run_after=None
[2025-04-29T11:10:04.032+0000] {processor.py:208} INFO - Processing /opt/airflow/dags/snowflake_hook.py took 0.069 seconds
[2025-04-29T11:10:34.281+0000] {processor.py:186} INFO - Started process (PID=5156) to work on /opt/airflow/dags/snowflake_hook.py
[2025-04-29T11:10:34.282+0000] {processor.py:914} INFO - Processing file /opt/airflow/dags/snowflake_hook.py for tasks to queue
[2025-04-29T11:10:34.284+0000] {logging_mixin.py:190} INFO - [2025-04-29T11:10:34.284+0000] {dagbag.py:588} INFO - Filling up the DagBag from /opt/airflow/dags/snowflake_hook.py
[2025-04-29T11:10:34.306+0000] {processor.py:925} INFO - DAG(s) 'snowflake_hook' retrieved from /opt/airflow/dags/snowflake_hook.py
[2025-04-29T11:10:34.325+0000] {logging_mixin.py:190} INFO - [2025-04-29T11:10:34.324+0000] {dag.py:3239} INFO - Sync 1 DAGs
[2025-04-29T11:10:34.339+0000] {logging_mixin.py:190} INFO - [2025-04-29T11:10:34.339+0000] {dag.py:4180} INFO - Setting next_dagrun for snowflake_hook to None, run_after=None
[2025-04-29T11:10:34.350+0000] {processor.py:208} INFO - Processing /opt/airflow/dags/snowflake_hook.py took 0.073 seconds
[2025-04-29T11:11:04.609+0000] {processor.py:186} INFO - Started process (PID=5177) to work on /opt/airflow/dags/snowflake_hook.py
[2025-04-29T11:11:04.610+0000] {processor.py:914} INFO - Processing file /opt/airflow/dags/snowflake_hook.py for tasks to queue
[2025-04-29T11:11:04.613+0000] {logging_mixin.py:190} INFO - [2025-04-29T11:11:04.612+0000] {dagbag.py:588} INFO - Filling up the DagBag from /opt/airflow/dags/snowflake_hook.py
[2025-04-29T11:11:04.622+0000] {processor.py:925} INFO - DAG(s) 'snowflake_hook' retrieved from /opt/airflow/dags/snowflake_hook.py
[2025-04-29T11:11:04.638+0000] {logging_mixin.py:190} INFO - [2025-04-29T11:11:04.637+0000] {dag.py:3239} INFO - Sync 1 DAGs
[2025-04-29T11:11:04.653+0000] {logging_mixin.py:190} INFO - [2025-04-29T11:11:04.652+0000] {dag.py:4180} INFO - Setting next_dagrun for snowflake_hook to None, run_after=None
[2025-04-29T11:11:04.663+0000] {processor.py:208} INFO - Processing /opt/airflow/dags/snowflake_hook.py took 0.058 seconds
[2025-04-29T11:11:35.005+0000] {processor.py:186} INFO - Started process (PID=5198) to work on /opt/airflow/dags/snowflake_hook.py
[2025-04-29T11:11:35.016+0000] {processor.py:914} INFO - Processing file /opt/airflow/dags/snowflake_hook.py for tasks to queue
[2025-04-29T11:11:35.022+0000] {logging_mixin.py:190} INFO - [2025-04-29T11:11:35.022+0000] {dagbag.py:588} INFO - Filling up the DagBag from /opt/airflow/dags/snowflake_hook.py
[2025-04-29T11:11:35.063+0000] {processor.py:925} INFO - DAG(s) 'snowflake_hook' retrieved from /opt/airflow/dags/snowflake_hook.py
[2025-04-29T11:11:35.079+0000] {logging_mixin.py:190} INFO - [2025-04-29T11:11:35.079+0000] {dag.py:3239} INFO - Sync 1 DAGs
[2025-04-29T11:11:35.096+0000] {logging_mixin.py:190} INFO - [2025-04-29T11:11:35.096+0000] {dag.py:4180} INFO - Setting next_dagrun for snowflake_hook to None, run_after=None
[2025-04-29T11:11:35.108+0000] {processor.py:208} INFO - Processing /opt/airflow/dags/snowflake_hook.py took 0.106 seconds
[2025-04-29T11:12:05.350+0000] {processor.py:186} INFO - Started process (PID=5219) to work on /opt/airflow/dags/snowflake_hook.py
[2025-04-29T11:12:05.351+0000] {processor.py:914} INFO - Processing file /opt/airflow/dags/snowflake_hook.py for tasks to queue
[2025-04-29T11:12:05.354+0000] {logging_mixin.py:190} INFO - [2025-04-29T11:12:05.354+0000] {dagbag.py:588} INFO - Filling up the DagBag from /opt/airflow/dags/snowflake_hook.py
[2025-04-29T11:12:05.364+0000] {processor.py:925} INFO - DAG(s) 'snowflake_hook' retrieved from /opt/airflow/dags/snowflake_hook.py
[2025-04-29T11:12:05.379+0000] {logging_mixin.py:190} INFO - [2025-04-29T11:12:05.379+0000] {dag.py:3239} INFO - Sync 1 DAGs
[2025-04-29T11:12:05.394+0000] {logging_mixin.py:190} INFO - [2025-04-29T11:12:05.393+0000] {dag.py:4180} INFO - Setting next_dagrun for snowflake_hook to None, run_after=None
[2025-04-29T11:12:05.405+0000] {processor.py:208} INFO - Processing /opt/airflow/dags/snowflake_hook.py took 0.059 seconds
[2025-04-29T11:12:35.705+0000] {processor.py:186} INFO - Started process (PID=5240) to work on /opt/airflow/dags/snowflake_hook.py
[2025-04-29T11:12:35.707+0000] {processor.py:914} INFO - Processing file /opt/airflow/dags/snowflake_hook.py for tasks to queue
[2025-04-29T11:12:35.710+0000] {logging_mixin.py:190} INFO - [2025-04-29T11:12:35.710+0000] {dagbag.py:588} INFO - Filling up the DagBag from /opt/airflow/dags/snowflake_hook.py
[2025-04-29T11:12:35.723+0000] {processor.py:925} INFO - DAG(s) 'snowflake_hook' retrieved from /opt/airflow/dags/snowflake_hook.py
[2025-04-29T11:12:35.741+0000] {logging_mixin.py:190} INFO - [2025-04-29T11:12:35.741+0000] {dag.py:3239} INFO - Sync 1 DAGs
[2025-04-29T11:12:35.758+0000] {logging_mixin.py:190} INFO - [2025-04-29T11:12:35.758+0000] {dag.py:4180} INFO - Setting next_dagrun for snowflake_hook to None, run_after=None
[2025-04-29T11:12:35.769+0000] {processor.py:208} INFO - Processing /opt/airflow/dags/snowflake_hook.py took 0.069 seconds
[2025-04-29T11:13:06.045+0000] {processor.py:186} INFO - Started process (PID=5261) to work on /opt/airflow/dags/snowflake_hook.py
[2025-04-29T11:13:06.046+0000] {processor.py:914} INFO - Processing file /opt/airflow/dags/snowflake_hook.py for tasks to queue
[2025-04-29T11:13:06.048+0000] {logging_mixin.py:190} INFO - [2025-04-29T11:13:06.048+0000] {dagbag.py:588} INFO - Filling up the DagBag from /opt/airflow/dags/snowflake_hook.py
[2025-04-29T11:13:06.058+0000] {processor.py:925} INFO - DAG(s) 'snowflake_hook' retrieved from /opt/airflow/dags/snowflake_hook.py
[2025-04-29T11:13:06.076+0000] {logging_mixin.py:190} INFO - [2025-04-29T11:13:06.076+0000] {dag.py:3239} INFO - Sync 1 DAGs
[2025-04-29T11:13:06.090+0000] {logging_mixin.py:190} INFO - [2025-04-29T11:13:06.090+0000] {dag.py:4180} INFO - Setting next_dagrun for snowflake_hook to None, run_after=None
[2025-04-29T11:13:06.100+0000] {processor.py:208} INFO - Processing /opt/airflow/dags/snowflake_hook.py took 0.059 seconds
[2025-04-29T11:13:36.360+0000] {processor.py:186} INFO - Started process (PID=5282) to work on /opt/airflow/dags/snowflake_hook.py
[2025-04-29T11:13:36.363+0000] {processor.py:914} INFO - Processing file /opt/airflow/dags/snowflake_hook.py for tasks to queue
[2025-04-29T11:13:36.365+0000] {logging_mixin.py:190} INFO - [2025-04-29T11:13:36.365+0000] {dagbag.py:588} INFO - Filling up the DagBag from /opt/airflow/dags/snowflake_hook.py
[2025-04-29T11:13:36.391+0000] {processor.py:925} INFO - DAG(s) 'snowflake_hook' retrieved from /opt/airflow/dags/snowflake_hook.py
[2025-04-29T11:13:36.407+0000] {logging_mixin.py:190} INFO - [2025-04-29T11:13:36.406+0000] {dag.py:3239} INFO - Sync 1 DAGs
[2025-04-29T11:13:36.420+0000] {logging_mixin.py:190} INFO - [2025-04-29T11:13:36.420+0000] {dag.py:4180} INFO - Setting next_dagrun for snowflake_hook to None, run_after=None
[2025-04-29T11:13:36.432+0000] {processor.py:208} INFO - Processing /opt/airflow/dags/snowflake_hook.py took 0.076 seconds
[2025-04-29T11:14:06.700+0000] {processor.py:186} INFO - Started process (PID=5303) to work on /opt/airflow/dags/snowflake_hook.py
[2025-04-29T11:14:06.701+0000] {processor.py:914} INFO - Processing file /opt/airflow/dags/snowflake_hook.py for tasks to queue
[2025-04-29T11:14:06.703+0000] {logging_mixin.py:190} INFO - [2025-04-29T11:14:06.703+0000] {dagbag.py:588} INFO - Filling up the DagBag from /opt/airflow/dags/snowflake_hook.py
[2025-04-29T11:14:06.714+0000] {processor.py:925} INFO - DAG(s) 'snowflake_hook' retrieved from /opt/airflow/dags/snowflake_hook.py
[2025-04-29T11:14:06.729+0000] {logging_mixin.py:190} INFO - [2025-04-29T11:14:06.729+0000] {dag.py:3239} INFO - Sync 1 DAGs
[2025-04-29T11:14:06.743+0000] {logging_mixin.py:190} INFO - [2025-04-29T11:14:06.743+0000] {dag.py:4180} INFO - Setting next_dagrun for snowflake_hook to None, run_after=None
[2025-04-29T11:14:06.754+0000] {processor.py:208} INFO - Processing /opt/airflow/dags/snowflake_hook.py took 0.058 seconds
[2025-04-29T11:14:37.031+0000] {processor.py:186} INFO - Started process (PID=5324) to work on /opt/airflow/dags/snowflake_hook.py
[2025-04-29T11:14:37.032+0000] {processor.py:914} INFO - Processing file /opt/airflow/dags/snowflake_hook.py for tasks to queue
[2025-04-29T11:14:37.035+0000] {logging_mixin.py:190} INFO - [2025-04-29T11:14:37.034+0000] {dagbag.py:588} INFO - Filling up the DagBag from /opt/airflow/dags/snowflake_hook.py
[2025-04-29T11:14:37.043+0000] {processor.py:925} INFO - DAG(s) 'snowflake_hook' retrieved from /opt/airflow/dags/snowflake_hook.py
[2025-04-29T11:14:37.059+0000] {logging_mixin.py:190} INFO - [2025-04-29T11:14:37.058+0000] {dag.py:3239} INFO - Sync 1 DAGs
[2025-04-29T11:14:37.073+0000] {logging_mixin.py:190} INFO - [2025-04-29T11:14:37.073+0000] {dag.py:4180} INFO - Setting next_dagrun for snowflake_hook to None, run_after=None
[2025-04-29T11:14:37.087+0000] {processor.py:208} INFO - Processing /opt/airflow/dags/snowflake_hook.py took 0.060 seconds
[2025-04-29T11:15:07.417+0000] {processor.py:186} INFO - Started process (PID=5345) to work on /opt/airflow/dags/snowflake_hook.py
[2025-04-29T11:15:07.418+0000] {processor.py:914} INFO - Processing file /opt/airflow/dags/snowflake_hook.py for tasks to queue
[2025-04-29T11:15:07.420+0000] {logging_mixin.py:190} INFO - [2025-04-29T11:15:07.420+0000] {dagbag.py:588} INFO - Filling up the DagBag from /opt/airflow/dags/snowflake_hook.py
[2025-04-29T11:15:07.456+0000] {processor.py:925} INFO - DAG(s) 'snowflake_hook' retrieved from /opt/airflow/dags/snowflake_hook.py
[2025-04-29T11:15:07.471+0000] {logging_mixin.py:190} INFO - [2025-04-29T11:15:07.470+0000] {dag.py:3239} INFO - Sync 1 DAGs
[2025-04-29T11:15:07.484+0000] {logging_mixin.py:190} INFO - [2025-04-29T11:15:07.484+0000] {dag.py:4180} INFO - Setting next_dagrun for snowflake_hook to None, run_after=None
[2025-04-29T11:15:07.497+0000] {processor.py:208} INFO - Processing /opt/airflow/dags/snowflake_hook.py took 0.084 seconds
[2025-04-29T11:15:37.781+0000] {processor.py:186} INFO - Started process (PID=5366) to work on /opt/airflow/dags/snowflake_hook.py
[2025-04-29T11:15:37.783+0000] {processor.py:914} INFO - Processing file /opt/airflow/dags/snowflake_hook.py for tasks to queue
[2025-04-29T11:15:37.786+0000] {logging_mixin.py:190} INFO - [2025-04-29T11:15:37.785+0000] {dagbag.py:588} INFO - Filling up the DagBag from /opt/airflow/dags/snowflake_hook.py
[2025-04-29T11:15:37.807+0000] {processor.py:925} INFO - DAG(s) 'snowflake_hook' retrieved from /opt/airflow/dags/snowflake_hook.py
[2025-04-29T11:15:37.824+0000] {logging_mixin.py:190} INFO - [2025-04-29T11:15:37.824+0000] {dag.py:3239} INFO - Sync 1 DAGs
[2025-04-29T11:15:37.838+0000] {logging_mixin.py:190} INFO - [2025-04-29T11:15:37.838+0000] {dag.py:4180} INFO - Setting next_dagrun for snowflake_hook to None, run_after=None
[2025-04-29T11:15:37.850+0000] {processor.py:208} INFO - Processing /opt/airflow/dags/snowflake_hook.py took 0.073 seconds
[2025-04-29T11:16:08.120+0000] {processor.py:186} INFO - Started process (PID=5387) to work on /opt/airflow/dags/snowflake_hook.py
[2025-04-29T11:16:08.121+0000] {processor.py:914} INFO - Processing file /opt/airflow/dags/snowflake_hook.py for tasks to queue
[2025-04-29T11:16:08.124+0000] {logging_mixin.py:190} INFO - [2025-04-29T11:16:08.124+0000] {dagbag.py:588} INFO - Filling up the DagBag from /opt/airflow/dags/snowflake_hook.py
[2025-04-29T11:16:08.151+0000] {processor.py:925} INFO - DAG(s) 'snowflake_hook' retrieved from /opt/airflow/dags/snowflake_hook.py
[2025-04-29T11:16:08.167+0000] {logging_mixin.py:190} INFO - [2025-04-29T11:16:08.166+0000] {dag.py:3239} INFO - Sync 1 DAGs
[2025-04-29T11:16:08.183+0000] {logging_mixin.py:190} INFO - [2025-04-29T11:16:08.183+0000] {dag.py:4180} INFO - Setting next_dagrun for snowflake_hook to None, run_after=None
[2025-04-29T11:16:08.196+0000] {processor.py:208} INFO - Processing /opt/airflow/dags/snowflake_hook.py took 0.079 seconds
[2025-04-29T11:16:38.535+0000] {processor.py:186} INFO - Started process (PID=5408) to work on /opt/airflow/dags/snowflake_hook.py
[2025-04-29T11:16:38.536+0000] {processor.py:914} INFO - Processing file /opt/airflow/dags/snowflake_hook.py for tasks to queue
[2025-04-29T11:16:38.539+0000] {logging_mixin.py:190} INFO - [2025-04-29T11:16:38.539+0000] {dagbag.py:588} INFO - Filling up the DagBag from /opt/airflow/dags/snowflake_hook.py
[2025-04-29T11:16:38.560+0000] {processor.py:925} INFO - DAG(s) 'snowflake_hook' retrieved from /opt/airflow/dags/snowflake_hook.py
[2025-04-29T11:16:38.582+0000] {logging_mixin.py:190} INFO - [2025-04-29T11:16:38.581+0000] {dag.py:3239} INFO - Sync 1 DAGs
[2025-04-29T11:16:38.599+0000] {logging_mixin.py:190} INFO - [2025-04-29T11:16:38.599+0000] {dag.py:4180} INFO - Setting next_dagrun for snowflake_hook to None, run_after=None
[2025-04-29T11:16:38.614+0000] {processor.py:208} INFO - Processing /opt/airflow/dags/snowflake_hook.py took 0.083 seconds
[2025-04-29T11:17:08.880+0000] {processor.py:186} INFO - Started process (PID=5429) to work on /opt/airflow/dags/snowflake_hook.py
[2025-04-29T11:17:08.884+0000] {processor.py:914} INFO - Processing file /opt/airflow/dags/snowflake_hook.py for tasks to queue
[2025-04-29T11:17:08.889+0000] {logging_mixin.py:190} INFO - [2025-04-29T11:17:08.889+0000] {dagbag.py:588} INFO - Filling up the DagBag from /opt/airflow/dags/snowflake_hook.py
[2025-04-29T11:17:08.912+0000] {processor.py:925} INFO - DAG(s) 'snowflake_hook' retrieved from /opt/airflow/dags/snowflake_hook.py
[2025-04-29T11:17:08.928+0000] {logging_mixin.py:190} INFO - [2025-04-29T11:17:08.928+0000] {dag.py:3239} INFO - Sync 1 DAGs
[2025-04-29T11:17:08.942+0000] {logging_mixin.py:190} INFO - [2025-04-29T11:17:08.942+0000] {dag.py:4180} INFO - Setting next_dagrun for snowflake_hook to None, run_after=None
[2025-04-29T11:17:08.954+0000] {processor.py:208} INFO - Processing /opt/airflow/dags/snowflake_hook.py took 0.077 seconds
[2025-04-29T11:17:39.217+0000] {processor.py:186} INFO - Started process (PID=5450) to work on /opt/airflow/dags/snowflake_hook.py
[2025-04-29T11:17:39.218+0000] {processor.py:914} INFO - Processing file /opt/airflow/dags/snowflake_hook.py for tasks to queue
[2025-04-29T11:17:39.221+0000] {logging_mixin.py:190} INFO - [2025-04-29T11:17:39.220+0000] {dagbag.py:588} INFO - Filling up the DagBag from /opt/airflow/dags/snowflake_hook.py
[2025-04-29T11:17:39.229+0000] {processor.py:925} INFO - DAG(s) 'snowflake_hook' retrieved from /opt/airflow/dags/snowflake_hook.py
[2025-04-29T11:17:39.245+0000] {logging_mixin.py:190} INFO - [2025-04-29T11:17:39.244+0000] {dag.py:3239} INFO - Sync 1 DAGs
[2025-04-29T11:17:39.258+0000] {logging_mixin.py:190} INFO - [2025-04-29T11:17:39.258+0000] {dag.py:4180} INFO - Setting next_dagrun for snowflake_hook to None, run_after=None
[2025-04-29T11:17:39.270+0000] {processor.py:208} INFO - Processing /opt/airflow/dags/snowflake_hook.py took 0.056 seconds
[2025-04-29T11:18:09.604+0000] {processor.py:186} INFO - Started process (PID=5471) to work on /opt/airflow/dags/snowflake_hook.py
[2025-04-29T11:18:09.625+0000] {processor.py:914} INFO - Processing file /opt/airflow/dags/snowflake_hook.py for tasks to queue
[2025-04-29T11:18:09.630+0000] {logging_mixin.py:190} INFO - [2025-04-29T11:18:09.630+0000] {dagbag.py:588} INFO - Filling up the DagBag from /opt/airflow/dags/snowflake_hook.py
[2025-04-29T11:18:09.660+0000] {processor.py:925} INFO - DAG(s) 'snowflake_hook' retrieved from /opt/airflow/dags/snowflake_hook.py
[2025-04-29T11:18:09.681+0000] {logging_mixin.py:190} INFO - [2025-04-29T11:18:09.681+0000] {dag.py:3239} INFO - Sync 1 DAGs
[2025-04-29T11:18:09.699+0000] {logging_mixin.py:190} INFO - [2025-04-29T11:18:09.698+0000] {dag.py:4180} INFO - Setting next_dagrun for snowflake_hook to None, run_after=None
[2025-04-29T11:18:09.710+0000] {processor.py:208} INFO - Processing /opt/airflow/dags/snowflake_hook.py took 0.113 seconds
[2025-04-29T11:18:39.998+0000] {processor.py:186} INFO - Started process (PID=5492) to work on /opt/airflow/dags/snowflake_hook.py
[2025-04-29T11:18:40.000+0000] {processor.py:914} INFO - Processing file /opt/airflow/dags/snowflake_hook.py for tasks to queue
[2025-04-29T11:18:40.002+0000] {logging_mixin.py:190} INFO - [2025-04-29T11:18:40.001+0000] {dagbag.py:588} INFO - Filling up the DagBag from /opt/airflow/dags/snowflake_hook.py
[2025-04-29T11:18:40.010+0000] {processor.py:925} INFO - DAG(s) 'snowflake_hook' retrieved from /opt/airflow/dags/snowflake_hook.py
[2025-04-29T11:18:40.026+0000] {logging_mixin.py:190} INFO - [2025-04-29T11:18:40.025+0000] {dag.py:3239} INFO - Sync 1 DAGs
[2025-04-29T11:18:40.040+0000] {logging_mixin.py:190} INFO - [2025-04-29T11:18:40.039+0000] {dag.py:4180} INFO - Setting next_dagrun for snowflake_hook to None, run_after=None
[2025-04-29T11:18:40.052+0000] {processor.py:208} INFO - Processing /opt/airflow/dags/snowflake_hook.py took 0.057 seconds
[2025-04-29T11:19:10.360+0000] {processor.py:186} INFO - Started process (PID=5513) to work on /opt/airflow/dags/snowflake_hook.py
[2025-04-29T11:19:10.361+0000] {processor.py:914} INFO - Processing file /opt/airflow/dags/snowflake_hook.py for tasks to queue
[2025-04-29T11:19:10.364+0000] {logging_mixin.py:190} INFO - [2025-04-29T11:19:10.364+0000] {dagbag.py:588} INFO - Filling up the DagBag from /opt/airflow/dags/snowflake_hook.py
[2025-04-29T11:19:10.388+0000] {processor.py:925} INFO - DAG(s) 'snowflake_hook' retrieved from /opt/airflow/dags/snowflake_hook.py
[2025-04-29T11:19:10.405+0000] {logging_mixin.py:190} INFO - [2025-04-29T11:19:10.405+0000] {dag.py:3239} INFO - Sync 1 DAGs
[2025-04-29T11:19:10.421+0000] {logging_mixin.py:190} INFO - [2025-04-29T11:19:10.420+0000] {dag.py:4180} INFO - Setting next_dagrun for snowflake_hook to None, run_after=None
[2025-04-29T11:19:10.433+0000] {processor.py:208} INFO - Processing /opt/airflow/dags/snowflake_hook.py took 0.077 seconds
[2025-04-29T11:19:40.598+0000] {processor.py:186} INFO - Started process (PID=5534) to work on /opt/airflow/dags/snowflake_hook.py
[2025-04-29T11:19:40.600+0000] {processor.py:914} INFO - Processing file /opt/airflow/dags/snowflake_hook.py for tasks to queue
[2025-04-29T11:19:40.604+0000] {logging_mixin.py:190} INFO - [2025-04-29T11:19:40.604+0000] {dagbag.py:588} INFO - Filling up the DagBag from /opt/airflow/dags/snowflake_hook.py
[2025-04-29T11:19:40.623+0000] {processor.py:925} INFO - DAG(s) 'snowflake_hook' retrieved from /opt/airflow/dags/snowflake_hook.py
[2025-04-29T11:19:40.640+0000] {logging_mixin.py:190} INFO - [2025-04-29T11:19:40.640+0000] {dag.py:3239} INFO - Sync 1 DAGs
[2025-04-29T11:19:40.656+0000] {logging_mixin.py:190} INFO - [2025-04-29T11:19:40.656+0000] {dag.py:4180} INFO - Setting next_dagrun for snowflake_hook to None, run_after=None
[2025-04-29T11:19:40.672+0000] {processor.py:208} INFO - Processing /opt/airflow/dags/snowflake_hook.py took 0.077 seconds
[2025-04-29T11:20:10.958+0000] {processor.py:186} INFO - Started process (PID=5555) to work on /opt/airflow/dags/snowflake_hook.py
[2025-04-29T11:20:10.959+0000] {processor.py:914} INFO - Processing file /opt/airflow/dags/snowflake_hook.py for tasks to queue
[2025-04-29T11:20:10.961+0000] {logging_mixin.py:190} INFO - [2025-04-29T11:20:10.961+0000] {dagbag.py:588} INFO - Filling up the DagBag from /opt/airflow/dags/snowflake_hook.py
[2025-04-29T11:20:10.972+0000] {processor.py:925} INFO - DAG(s) 'snowflake_hook' retrieved from /opt/airflow/dags/snowflake_hook.py
[2025-04-29T11:20:10.987+0000] {logging_mixin.py:190} INFO - [2025-04-29T11:20:10.987+0000] {dag.py:3239} INFO - Sync 1 DAGs
[2025-04-29T11:20:11.002+0000] {logging_mixin.py:190} INFO - [2025-04-29T11:20:11.001+0000] {dag.py:4180} INFO - Setting next_dagrun for snowflake_hook to None, run_after=None
[2025-04-29T11:20:11.018+0000] {processor.py:208} INFO - Processing /opt/airflow/dags/snowflake_hook.py took 0.063 seconds
[2025-04-29T11:20:41.309+0000] {processor.py:186} INFO - Started process (PID=5576) to work on /opt/airflow/dags/snowflake_hook.py
[2025-04-29T11:20:41.310+0000] {processor.py:914} INFO - Processing file /opt/airflow/dags/snowflake_hook.py for tasks to queue
[2025-04-29T11:20:41.315+0000] {logging_mixin.py:190} INFO - [2025-04-29T11:20:41.314+0000] {dagbag.py:588} INFO - Filling up the DagBag from /opt/airflow/dags/snowflake_hook.py
[2025-04-29T11:20:41.347+0000] {processor.py:925} INFO - DAG(s) 'snowflake_hook' retrieved from /opt/airflow/dags/snowflake_hook.py
[2025-04-29T11:20:41.364+0000] {logging_mixin.py:190} INFO - [2025-04-29T11:20:41.363+0000] {dag.py:3239} INFO - Sync 1 DAGs
[2025-04-29T11:20:41.381+0000] {logging_mixin.py:190} INFO - [2025-04-29T11:20:41.380+0000] {dag.py:4180} INFO - Setting next_dagrun for snowflake_hook to None, run_after=None
[2025-04-29T11:20:41.392+0000] {processor.py:208} INFO - Processing /opt/airflow/dags/snowflake_hook.py took 0.087 seconds
[2025-04-29T11:21:11.691+0000] {processor.py:186} INFO - Started process (PID=5596) to work on /opt/airflow/dags/snowflake_hook.py
[2025-04-29T11:21:11.693+0000] {processor.py:914} INFO - Processing file /opt/airflow/dags/snowflake_hook.py for tasks to queue
[2025-04-29T11:21:11.695+0000] {logging_mixin.py:190} INFO - [2025-04-29T11:21:11.695+0000] {dagbag.py:588} INFO - Filling up the DagBag from /opt/airflow/dags/snowflake_hook.py
[2025-04-29T11:21:11.716+0000] {processor.py:925} INFO - DAG(s) 'snowflake_hook' retrieved from /opt/airflow/dags/snowflake_hook.py
[2025-04-29T11:21:11.734+0000] {logging_mixin.py:190} INFO - [2025-04-29T11:21:11.734+0000] {dag.py:3239} INFO - Sync 1 DAGs
[2025-04-29T11:21:11.749+0000] {logging_mixin.py:190} INFO - [2025-04-29T11:21:11.749+0000] {dag.py:4180} INFO - Setting next_dagrun for snowflake_hook to None, run_after=None
[2025-04-29T11:21:11.761+0000] {processor.py:208} INFO - Processing /opt/airflow/dags/snowflake_hook.py took 0.073 seconds
[2025-04-29T11:21:42.149+0000] {processor.py:186} INFO - Started process (PID=5617) to work on /opt/airflow/dags/snowflake_hook.py
[2025-04-29T11:21:42.153+0000] {processor.py:914} INFO - Processing file /opt/airflow/dags/snowflake_hook.py for tasks to queue
[2025-04-29T11:21:42.156+0000] {logging_mixin.py:190} INFO - [2025-04-29T11:21:42.155+0000] {dagbag.py:588} INFO - Filling up the DagBag from /opt/airflow/dags/snowflake_hook.py
[2025-04-29T11:21:42.186+0000] {processor.py:925} INFO - DAG(s) 'snowflake_hook' retrieved from /opt/airflow/dags/snowflake_hook.py
[2025-04-29T11:21:42.204+0000] {logging_mixin.py:190} INFO - [2025-04-29T11:21:42.203+0000] {dag.py:3239} INFO - Sync 1 DAGs
[2025-04-29T11:21:42.224+0000] {logging_mixin.py:190} INFO - [2025-04-29T11:21:42.224+0000] {dag.py:4180} INFO - Setting next_dagrun for snowflake_hook to None, run_after=None
[2025-04-29T11:21:42.236+0000] {processor.py:208} INFO - Processing /opt/airflow/dags/snowflake_hook.py took 0.105 seconds
[2025-04-29T11:22:12.543+0000] {processor.py:186} INFO - Started process (PID=5638) to work on /opt/airflow/dags/snowflake_hook.py
[2025-04-29T11:22:12.545+0000] {processor.py:914} INFO - Processing file /opt/airflow/dags/snowflake_hook.py for tasks to queue
[2025-04-29T11:22:12.548+0000] {logging_mixin.py:190} INFO - [2025-04-29T11:22:12.548+0000] {dagbag.py:588} INFO - Filling up the DagBag from /opt/airflow/dags/snowflake_hook.py
[2025-04-29T11:22:12.569+0000] {processor.py:925} INFO - DAG(s) 'snowflake_hook' retrieved from /opt/airflow/dags/snowflake_hook.py
[2025-04-29T11:22:12.593+0000] {logging_mixin.py:190} INFO - [2025-04-29T11:22:12.592+0000] {dag.py:3239} INFO - Sync 1 DAGs
[2025-04-29T11:22:12.611+0000] {logging_mixin.py:190} INFO - [2025-04-29T11:22:12.611+0000] {dag.py:4180} INFO - Setting next_dagrun for snowflake_hook to None, run_after=None
[2025-04-29T11:22:12.624+0000] {processor.py:208} INFO - Processing /opt/airflow/dags/snowflake_hook.py took 0.087 seconds
[2025-04-29T11:22:42.924+0000] {processor.py:186} INFO - Started process (PID=5659) to work on /opt/airflow/dags/snowflake_hook.py
[2025-04-29T11:22:42.926+0000] {processor.py:914} INFO - Processing file /opt/airflow/dags/snowflake_hook.py for tasks to queue
[2025-04-29T11:22:42.929+0000] {logging_mixin.py:190} INFO - [2025-04-29T11:22:42.928+0000] {dagbag.py:588} INFO - Filling up the DagBag from /opt/airflow/dags/snowflake_hook.py
[2025-04-29T11:22:42.940+0000] {processor.py:925} INFO - DAG(s) 'snowflake_hook' retrieved from /opt/airflow/dags/snowflake_hook.py
[2025-04-29T11:22:42.955+0000] {logging_mixin.py:190} INFO - [2025-04-29T11:22:42.954+0000] {dag.py:3239} INFO - Sync 1 DAGs
[2025-04-29T11:22:42.968+0000] {logging_mixin.py:190} INFO - [2025-04-29T11:22:42.968+0000] {dag.py:4180} INFO - Setting next_dagrun for snowflake_hook to None, run_after=None
[2025-04-29T11:22:42.982+0000] {processor.py:208} INFO - Processing /opt/airflow/dags/snowflake_hook.py took 0.061 seconds
[2025-04-29T11:23:13.332+0000] {processor.py:186} INFO - Started process (PID=5680) to work on /opt/airflow/dags/snowflake_hook.py
[2025-04-29T11:23:13.333+0000] {processor.py:914} INFO - Processing file /opt/airflow/dags/snowflake_hook.py for tasks to queue
[2025-04-29T11:23:13.338+0000] {logging_mixin.py:190} INFO - [2025-04-29T11:23:13.338+0000] {dagbag.py:588} INFO - Filling up the DagBag from /opt/airflow/dags/snowflake_hook.py
[2025-04-29T11:23:13.348+0000] {processor.py:925} INFO - DAG(s) 'snowflake_hook' retrieved from /opt/airflow/dags/snowflake_hook.py
[2025-04-29T11:23:13.363+0000] {logging_mixin.py:190} INFO - [2025-04-29T11:23:13.362+0000] {dag.py:3239} INFO - Sync 1 DAGs
[2025-04-29T11:23:13.375+0000] {logging_mixin.py:190} INFO - [2025-04-29T11:23:13.375+0000] {dag.py:4180} INFO - Setting next_dagrun for snowflake_hook to None, run_after=None
[2025-04-29T11:23:13.388+0000] {processor.py:208} INFO - Processing /opt/airflow/dags/snowflake_hook.py took 0.061 seconds
[2025-04-29T11:23:43.748+0000] {processor.py:186} INFO - Started process (PID=5701) to work on /opt/airflow/dags/snowflake_hook.py
[2025-04-29T11:23:43.749+0000] {processor.py:914} INFO - Processing file /opt/airflow/dags/snowflake_hook.py for tasks to queue
[2025-04-29T11:23:43.753+0000] {logging_mixin.py:190} INFO - [2025-04-29T11:23:43.753+0000] {dagbag.py:588} INFO - Filling up the DagBag from /opt/airflow/dags/snowflake_hook.py
[2025-04-29T11:23:43.775+0000] {processor.py:925} INFO - DAG(s) 'snowflake_hook' retrieved from /opt/airflow/dags/snowflake_hook.py
[2025-04-29T11:23:43.791+0000] {logging_mixin.py:190} INFO - [2025-04-29T11:23:43.790+0000] {dag.py:3239} INFO - Sync 1 DAGs
[2025-04-29T11:23:43.806+0000] {logging_mixin.py:190} INFO - [2025-04-29T11:23:43.805+0000] {dag.py:4180} INFO - Setting next_dagrun for snowflake_hook to None, run_after=None
[2025-04-29T11:23:43.819+0000] {processor.py:208} INFO - Processing /opt/airflow/dags/snowflake_hook.py took 0.077 seconds
[2025-04-29T11:24:14.143+0000] {processor.py:186} INFO - Started process (PID=5722) to work on /opt/airflow/dags/snowflake_hook.py
[2025-04-29T11:24:14.145+0000] {processor.py:914} INFO - Processing file /opt/airflow/dags/snowflake_hook.py for tasks to queue
[2025-04-29T11:24:14.147+0000] {logging_mixin.py:190} INFO - [2025-04-29T11:24:14.147+0000] {dagbag.py:588} INFO - Filling up the DagBag from /opt/airflow/dags/snowflake_hook.py
[2025-04-29T11:24:14.176+0000] {processor.py:925} INFO - DAG(s) 'snowflake_hook' retrieved from /opt/airflow/dags/snowflake_hook.py
[2025-04-29T11:24:14.198+0000] {logging_mixin.py:190} INFO - [2025-04-29T11:24:14.198+0000] {dag.py:3239} INFO - Sync 1 DAGs
[2025-04-29T11:24:14.215+0000] {logging_mixin.py:190} INFO - [2025-04-29T11:24:14.215+0000] {dag.py:4180} INFO - Setting next_dagrun for snowflake_hook to None, run_after=None
[2025-04-29T11:24:14.231+0000] {processor.py:208} INFO - Processing /opt/airflow/dags/snowflake_hook.py took 0.091 seconds
[2025-04-29T11:24:44.660+0000] {processor.py:186} INFO - Started process (PID=5743) to work on /opt/airflow/dags/snowflake_hook.py
[2025-04-29T11:24:44.662+0000] {processor.py:914} INFO - Processing file /opt/airflow/dags/snowflake_hook.py for tasks to queue
[2025-04-29T11:24:44.669+0000] {logging_mixin.py:190} INFO - [2025-04-29T11:24:44.669+0000] {dagbag.py:588} INFO - Filling up the DagBag from /opt/airflow/dags/snowflake_hook.py
[2025-04-29T11:24:44.797+0000] {processor.py:925} INFO - DAG(s) 'snowflake_hook' retrieved from /opt/airflow/dags/snowflake_hook.py
[2025-04-29T11:24:44.815+0000] {logging_mixin.py:190} INFO - [2025-04-29T11:24:44.814+0000] {dag.py:3239} INFO - Sync 1 DAGs
[2025-04-29T11:24:44.829+0000] {logging_mixin.py:190} INFO - [2025-04-29T11:24:44.829+0000] {dag.py:4180} INFO - Setting next_dagrun for snowflake_hook to None, run_after=None
[2025-04-29T11:24:44.841+0000] {processor.py:208} INFO - Processing /opt/airflow/dags/snowflake_hook.py took 0.187 seconds
[2025-04-29T11:25:15.165+0000] {processor.py:186} INFO - Started process (PID=5764) to work on /opt/airflow/dags/snowflake_hook.py
[2025-04-29T11:25:15.165+0000] {processor.py:914} INFO - Processing file /opt/airflow/dags/snowflake_hook.py for tasks to queue
[2025-04-29T11:25:15.168+0000] {logging_mixin.py:190} INFO - [2025-04-29T11:25:15.167+0000] {dagbag.py:588} INFO - Filling up the DagBag from /opt/airflow/dags/snowflake_hook.py
[2025-04-29T11:25:15.177+0000] {processor.py:925} INFO - DAG(s) 'snowflake_hook' retrieved from /opt/airflow/dags/snowflake_hook.py
[2025-04-29T11:25:15.193+0000] {logging_mixin.py:190} INFO - [2025-04-29T11:25:15.192+0000] {dag.py:3239} INFO - Sync 1 DAGs
[2025-04-29T11:25:15.207+0000] {logging_mixin.py:190} INFO - [2025-04-29T11:25:15.207+0000] {dag.py:4180} INFO - Setting next_dagrun for snowflake_hook to None, run_after=None
[2025-04-29T11:25:15.221+0000] {processor.py:208} INFO - Processing /opt/airflow/dags/snowflake_hook.py took 0.059 seconds
[2025-04-29T11:25:45.673+0000] {processor.py:186} INFO - Started process (PID=5785) to work on /opt/airflow/dags/snowflake_hook.py
[2025-04-29T11:25:45.676+0000] {processor.py:914} INFO - Processing file /opt/airflow/dags/snowflake_hook.py for tasks to queue
[2025-04-29T11:25:45.679+0000] {logging_mixin.py:190} INFO - [2025-04-29T11:25:45.678+0000] {dagbag.py:588} INFO - Filling up the DagBag from /opt/airflow/dags/snowflake_hook.py
[2025-04-29T11:25:45.692+0000] {processor.py:925} INFO - DAG(s) 'snowflake_hook' retrieved from /opt/airflow/dags/snowflake_hook.py
[2025-04-29T11:25:45.708+0000] {logging_mixin.py:190} INFO - [2025-04-29T11:25:45.707+0000] {dag.py:3239} INFO - Sync 1 DAGs
[2025-04-29T11:25:45.722+0000] {logging_mixin.py:190} INFO - [2025-04-29T11:25:45.721+0000] {dag.py:4180} INFO - Setting next_dagrun for snowflake_hook to None, run_after=None
[2025-04-29T11:25:45.735+0000] {processor.py:208} INFO - Processing /opt/airflow/dags/snowflake_hook.py took 0.068 seconds
[2025-04-29T11:26:15.897+0000] {processor.py:186} INFO - Started process (PID=5806) to work on /opt/airflow/dags/snowflake_hook.py
[2025-04-29T11:26:15.899+0000] {processor.py:914} INFO - Processing file /opt/airflow/dags/snowflake_hook.py for tasks to queue
[2025-04-29T11:26:15.904+0000] {logging_mixin.py:190} INFO - [2025-04-29T11:26:15.904+0000] {dagbag.py:588} INFO - Filling up the DagBag from /opt/airflow/dags/snowflake_hook.py
[2025-04-29T11:26:15.929+0000] {processor.py:925} INFO - DAG(s) 'snowflake_hook' retrieved from /opt/airflow/dags/snowflake_hook.py
[2025-04-29T11:26:15.944+0000] {logging_mixin.py:190} INFO - [2025-04-29T11:26:15.944+0000] {dag.py:3239} INFO - Sync 1 DAGs
[2025-04-29T11:26:15.959+0000] {logging_mixin.py:190} INFO - [2025-04-29T11:26:15.958+0000] {dag.py:4180} INFO - Setting next_dagrun for snowflake_hook to None, run_after=None
[2025-04-29T11:26:15.970+0000] {processor.py:208} INFO - Processing /opt/airflow/dags/snowflake_hook.py took 0.077 seconds
[2025-04-29T11:26:46.323+0000] {processor.py:186} INFO - Started process (PID=5827) to work on /opt/airflow/dags/snowflake_hook.py
[2025-04-29T11:26:46.325+0000] {processor.py:914} INFO - Processing file /opt/airflow/dags/snowflake_hook.py for tasks to queue
[2025-04-29T11:26:46.328+0000] {logging_mixin.py:190} INFO - [2025-04-29T11:26:46.328+0000] {dagbag.py:588} INFO - Filling up the DagBag from /opt/airflow/dags/snowflake_hook.py
[2025-04-29T11:26:46.351+0000] {processor.py:925} INFO - DAG(s) 'snowflake_hook' retrieved from /opt/airflow/dags/snowflake_hook.py
[2025-04-29T11:26:46.366+0000] {logging_mixin.py:190} INFO - [2025-04-29T11:26:46.366+0000] {dag.py:3239} INFO - Sync 1 DAGs
[2025-04-29T11:26:46.380+0000] {logging_mixin.py:190} INFO - [2025-04-29T11:26:46.380+0000] {dag.py:4180} INFO - Setting next_dagrun for snowflake_hook to None, run_after=None
[2025-04-29T11:26:46.392+0000] {processor.py:208} INFO - Processing /opt/airflow/dags/snowflake_hook.py took 0.073 seconds
[2025-04-29T11:27:16.703+0000] {processor.py:186} INFO - Started process (PID=5848) to work on /opt/airflow/dags/snowflake_hook.py
[2025-04-29T11:27:16.704+0000] {processor.py:914} INFO - Processing file /opt/airflow/dags/snowflake_hook.py for tasks to queue
[2025-04-29T11:27:16.706+0000] {logging_mixin.py:190} INFO - [2025-04-29T11:27:16.706+0000] {dagbag.py:588} INFO - Filling up the DagBag from /opt/airflow/dags/snowflake_hook.py
[2025-04-29T11:27:16.728+0000] {processor.py:925} INFO - DAG(s) 'snowflake_hook' retrieved from /opt/airflow/dags/snowflake_hook.py
[2025-04-29T11:27:16.745+0000] {logging_mixin.py:190} INFO - [2025-04-29T11:27:16.745+0000] {dag.py:3239} INFO - Sync 1 DAGs
[2025-04-29T11:27:16.765+0000] {logging_mixin.py:190} INFO - [2025-04-29T11:27:16.764+0000] {dag.py:4180} INFO - Setting next_dagrun for snowflake_hook to None, run_after=None
[2025-04-29T11:27:16.777+0000] {processor.py:208} INFO - Processing /opt/airflow/dags/snowflake_hook.py took 0.077 seconds
[2025-04-29T11:27:47.029+0000] {processor.py:186} INFO - Started process (PID=5869) to work on /opt/airflow/dags/snowflake_hook.py
[2025-04-29T11:27:47.030+0000] {processor.py:914} INFO - Processing file /opt/airflow/dags/snowflake_hook.py for tasks to queue
[2025-04-29T11:27:47.032+0000] {logging_mixin.py:190} INFO - [2025-04-29T11:27:47.032+0000] {dagbag.py:588} INFO - Filling up the DagBag from /opt/airflow/dags/snowflake_hook.py
[2025-04-29T11:27:47.040+0000] {processor.py:925} INFO - DAG(s) 'snowflake_hook' retrieved from /opt/airflow/dags/snowflake_hook.py
[2025-04-29T11:27:47.059+0000] {logging_mixin.py:190} INFO - [2025-04-29T11:27:47.059+0000] {dag.py:3239} INFO - Sync 1 DAGs
[2025-04-29T11:27:47.073+0000] {logging_mixin.py:190} INFO - [2025-04-29T11:27:47.073+0000] {dag.py:4180} INFO - Setting next_dagrun for snowflake_hook to None, run_after=None
[2025-04-29T11:27:47.087+0000] {processor.py:208} INFO - Processing /opt/airflow/dags/snowflake_hook.py took 0.061 seconds
[2025-04-29T11:28:17.394+0000] {processor.py:186} INFO - Started process (PID=5890) to work on /opt/airflow/dags/snowflake_hook.py
[2025-04-29T11:28:17.397+0000] {processor.py:914} INFO - Processing file /opt/airflow/dags/snowflake_hook.py for tasks to queue
[2025-04-29T11:28:17.400+0000] {logging_mixin.py:190} INFO - [2025-04-29T11:28:17.400+0000] {dagbag.py:588} INFO - Filling up the DagBag from /opt/airflow/dags/snowflake_hook.py
[2025-04-29T11:28:17.447+0000] {processor.py:925} INFO - DAG(s) 'snowflake_hook' retrieved from /opt/airflow/dags/snowflake_hook.py
[2025-04-29T11:28:17.468+0000] {logging_mixin.py:190} INFO - [2025-04-29T11:28:17.468+0000] {dag.py:3239} INFO - Sync 1 DAGs
[2025-04-29T11:28:17.483+0000] {logging_mixin.py:190} INFO - [2025-04-29T11:28:17.483+0000] {dag.py:4180} INFO - Setting next_dagrun for snowflake_hook to None, run_after=None
[2025-04-29T11:28:17.501+0000] {processor.py:208} INFO - Processing /opt/airflow/dags/snowflake_hook.py took 0.111 seconds
[2025-04-29T11:28:47.650+0000] {processor.py:186} INFO - Started process (PID=5911) to work on /opt/airflow/dags/snowflake_hook.py
[2025-04-29T11:28:47.652+0000] {processor.py:914} INFO - Processing file /opt/airflow/dags/snowflake_hook.py for tasks to queue
[2025-04-29T11:28:47.654+0000] {logging_mixin.py:190} INFO - [2025-04-29T11:28:47.654+0000] {dagbag.py:588} INFO - Filling up the DagBag from /opt/airflow/dags/snowflake_hook.py
[2025-04-29T11:28:47.674+0000] {processor.py:925} INFO - DAG(s) 'snowflake_hook' retrieved from /opt/airflow/dags/snowflake_hook.py
[2025-04-29T11:28:47.688+0000] {logging_mixin.py:190} INFO - [2025-04-29T11:28:47.688+0000] {dag.py:3239} INFO - Sync 1 DAGs
[2025-04-29T11:28:47.703+0000] {logging_mixin.py:190} INFO - [2025-04-29T11:28:47.703+0000] {dag.py:4180} INFO - Setting next_dagrun for snowflake_hook to None, run_after=None
[2025-04-29T11:28:47.715+0000] {processor.py:208} INFO - Processing /opt/airflow/dags/snowflake_hook.py took 0.069 seconds
[2025-04-29T11:29:18.010+0000] {processor.py:186} INFO - Started process (PID=5932) to work on /opt/airflow/dags/snowflake_hook.py
[2025-04-29T11:29:18.011+0000] {processor.py:914} INFO - Processing file /opt/airflow/dags/snowflake_hook.py for tasks to queue
[2025-04-29T11:29:18.013+0000] {logging_mixin.py:190} INFO - [2025-04-29T11:29:18.013+0000] {dagbag.py:588} INFO - Filling up the DagBag from /opt/airflow/dags/snowflake_hook.py
[2025-04-29T11:29:18.022+0000] {processor.py:925} INFO - DAG(s) 'snowflake_hook' retrieved from /opt/airflow/dags/snowflake_hook.py
[2025-04-29T11:29:18.037+0000] {logging_mixin.py:190} INFO - [2025-04-29T11:29:18.037+0000] {dag.py:3239} INFO - Sync 1 DAGs
[2025-04-29T11:29:18.052+0000] {logging_mixin.py:190} INFO - [2025-04-29T11:29:18.051+0000] {dag.py:4180} INFO - Setting next_dagrun for snowflake_hook to None, run_after=None
[2025-04-29T11:29:18.064+0000] {processor.py:208} INFO - Processing /opt/airflow/dags/snowflake_hook.py took 0.058 seconds
[2025-04-29T11:29:48.331+0000] {processor.py:186} INFO - Started process (PID=5952) to work on /opt/airflow/dags/snowflake_hook.py
[2025-04-29T11:29:48.332+0000] {processor.py:914} INFO - Processing file /opt/airflow/dags/snowflake_hook.py for tasks to queue
[2025-04-29T11:29:48.334+0000] {logging_mixin.py:190} INFO - [2025-04-29T11:29:48.334+0000] {dagbag.py:588} INFO - Filling up the DagBag from /opt/airflow/dags/snowflake_hook.py
[2025-04-29T11:29:48.345+0000] {processor.py:925} INFO - DAG(s) 'snowflake_hook' retrieved from /opt/airflow/dags/snowflake_hook.py
[2025-04-29T11:29:48.360+0000] {logging_mixin.py:190} INFO - [2025-04-29T11:29:48.360+0000] {dag.py:3239} INFO - Sync 1 DAGs
[2025-04-29T11:29:48.374+0000] {logging_mixin.py:190} INFO - [2025-04-29T11:29:48.373+0000] {dag.py:4180} INFO - Setting next_dagrun for snowflake_hook to None, run_after=None
[2025-04-29T11:29:48.386+0000] {processor.py:208} INFO - Processing /opt/airflow/dags/snowflake_hook.py took 0.058 seconds
[2025-04-29T11:30:18.646+0000] {processor.py:186} INFO - Started process (PID=5973) to work on /opt/airflow/dags/snowflake_hook.py
[2025-04-29T11:30:18.647+0000] {processor.py:914} INFO - Processing file /opt/airflow/dags/snowflake_hook.py for tasks to queue
[2025-04-29T11:30:18.651+0000] {logging_mixin.py:190} INFO - [2025-04-29T11:30:18.651+0000] {dagbag.py:588} INFO - Filling up the DagBag from /opt/airflow/dags/snowflake_hook.py
[2025-04-29T11:30:18.661+0000] {processor.py:925} INFO - DAG(s) 'snowflake_hook' retrieved from /opt/airflow/dags/snowflake_hook.py
[2025-04-29T11:30:18.675+0000] {logging_mixin.py:190} INFO - [2025-04-29T11:30:18.675+0000] {dag.py:3239} INFO - Sync 1 DAGs
[2025-04-29T11:30:18.691+0000] {logging_mixin.py:190} INFO - [2025-04-29T11:30:18.691+0000] {dag.py:4180} INFO - Setting next_dagrun for snowflake_hook to None, run_after=None
[2025-04-29T11:30:18.705+0000] {processor.py:208} INFO - Processing /opt/airflow/dags/snowflake_hook.py took 0.062 seconds
[2025-04-29T11:30:48.983+0000] {processor.py:186} INFO - Started process (PID=6000) to work on /opt/airflow/dags/snowflake_hook.py
[2025-04-29T11:30:48.983+0000] {processor.py:914} INFO - Processing file /opt/airflow/dags/snowflake_hook.py for tasks to queue
[2025-04-29T11:30:48.985+0000] {logging_mixin.py:190} INFO - [2025-04-29T11:30:48.985+0000] {dagbag.py:588} INFO - Filling up the DagBag from /opt/airflow/dags/snowflake_hook.py
[2025-04-29T11:30:48.996+0000] {processor.py:925} INFO - DAG(s) 'snowflake_hook' retrieved from /opt/airflow/dags/snowflake_hook.py
[2025-04-29T11:30:49.011+0000] {logging_mixin.py:190} INFO - [2025-04-29T11:30:49.010+0000] {dag.py:3239} INFO - Sync 1 DAGs
[2025-04-29T11:30:49.023+0000] {logging_mixin.py:190} INFO - [2025-04-29T11:30:49.023+0000] {dag.py:4180} INFO - Setting next_dagrun for snowflake_hook to None, run_after=None
[2025-04-29T11:30:49.035+0000] {processor.py:208} INFO - Processing /opt/airflow/dags/snowflake_hook.py took 0.057 seconds
[2025-04-29T11:31:19.358+0000] {processor.py:186} INFO - Started process (PID=6021) to work on /opt/airflow/dags/snowflake_hook.py
[2025-04-29T11:31:19.360+0000] {processor.py:914} INFO - Processing file /opt/airflow/dags/snowflake_hook.py for tasks to queue
[2025-04-29T11:31:19.362+0000] {logging_mixin.py:190} INFO - [2025-04-29T11:31:19.362+0000] {dagbag.py:588} INFO - Filling up the DagBag from /opt/airflow/dags/snowflake_hook.py
[2025-04-29T11:31:19.383+0000] {processor.py:925} INFO - DAG(s) 'snowflake_hook' retrieved from /opt/airflow/dags/snowflake_hook.py
[2025-04-29T11:31:19.399+0000] {logging_mixin.py:190} INFO - [2025-04-29T11:31:19.398+0000] {dag.py:3239} INFO - Sync 1 DAGs
[2025-04-29T11:31:19.413+0000] {logging_mixin.py:190} INFO - [2025-04-29T11:31:19.413+0000] {dag.py:4180} INFO - Setting next_dagrun for snowflake_hook to None, run_after=None
[2025-04-29T11:31:19.432+0000] {processor.py:208} INFO - Processing /opt/airflow/dags/snowflake_hook.py took 0.079 seconds
[2025-04-29T11:31:49.855+0000] {processor.py:186} INFO - Started process (PID=6042) to work on /opt/airflow/dags/snowflake_hook.py
[2025-04-29T11:31:49.856+0000] {processor.py:914} INFO - Processing file /opt/airflow/dags/snowflake_hook.py for tasks to queue
[2025-04-29T11:31:49.858+0000] {logging_mixin.py:190} INFO - [2025-04-29T11:31:49.858+0000] {dagbag.py:588} INFO - Filling up the DagBag from /opt/airflow/dags/snowflake_hook.py
[2025-04-29T11:31:49.885+0000] {processor.py:925} INFO - DAG(s) 'snowflake_hook' retrieved from /opt/airflow/dags/snowflake_hook.py
[2025-04-29T11:31:49.903+0000] {logging_mixin.py:190} INFO - [2025-04-29T11:31:49.903+0000] {dag.py:3239} INFO - Sync 1 DAGs
[2025-04-29T11:31:49.922+0000] {logging_mixin.py:190} INFO - [2025-04-29T11:31:49.922+0000] {dag.py:4180} INFO - Setting next_dagrun for snowflake_hook to None, run_after=None
[2025-04-29T11:31:49.935+0000] {processor.py:208} INFO - Processing /opt/airflow/dags/snowflake_hook.py took 0.084 seconds
[2025-04-29T11:32:20.252+0000] {processor.py:186} INFO - Started process (PID=6063) to work on /opt/airflow/dags/snowflake_hook.py
[2025-04-29T11:32:20.253+0000] {processor.py:914} INFO - Processing file /opt/airflow/dags/snowflake_hook.py for tasks to queue
[2025-04-29T11:32:20.255+0000] {logging_mixin.py:190} INFO - [2025-04-29T11:32:20.255+0000] {dagbag.py:588} INFO - Filling up the DagBag from /opt/airflow/dags/snowflake_hook.py
[2025-04-29T11:32:20.273+0000] {processor.py:925} INFO - DAG(s) 'snowflake_hook' retrieved from /opt/airflow/dags/snowflake_hook.py
[2025-04-29T11:32:20.288+0000] {logging_mixin.py:190} INFO - [2025-04-29T11:32:20.287+0000] {dag.py:3239} INFO - Sync 1 DAGs
[2025-04-29T11:32:20.302+0000] {logging_mixin.py:190} INFO - [2025-04-29T11:32:20.302+0000] {dag.py:4180} INFO - Setting next_dagrun for snowflake_hook to None, run_after=None
[2025-04-29T11:32:20.313+0000] {processor.py:208} INFO - Processing /opt/airflow/dags/snowflake_hook.py took 0.064 seconds
[2025-04-29T11:32:50.484+0000] {processor.py:186} INFO - Started process (PID=6084) to work on /opt/airflow/dags/snowflake_hook.py
[2025-04-29T11:32:50.486+0000] {processor.py:914} INFO - Processing file /opt/airflow/dags/snowflake_hook.py for tasks to queue
[2025-04-29T11:32:50.493+0000] {logging_mixin.py:190} INFO - [2025-04-29T11:32:50.493+0000] {dagbag.py:588} INFO - Filling up the DagBag from /opt/airflow/dags/snowflake_hook.py
[2025-04-29T11:32:50.505+0000] {processor.py:925} INFO - DAG(s) 'snowflake_hook' retrieved from /opt/airflow/dags/snowflake_hook.py
[2025-04-29T11:32:50.521+0000] {logging_mixin.py:190} INFO - [2025-04-29T11:32:50.520+0000] {dag.py:3239} INFO - Sync 1 DAGs
[2025-04-29T11:32:50.535+0000] {logging_mixin.py:190} INFO - [2025-04-29T11:32:50.535+0000] {dag.py:4180} INFO - Setting next_dagrun for snowflake_hook to None, run_after=None
[2025-04-29T11:32:50.548+0000] {processor.py:208} INFO - Processing /opt/airflow/dags/snowflake_hook.py took 0.067 seconds
[2025-04-29T11:33:20.851+0000] {processor.py:186} INFO - Started process (PID=6105) to work on /opt/airflow/dags/snowflake_hook.py
[2025-04-29T11:33:20.852+0000] {processor.py:914} INFO - Processing file /opt/airflow/dags/snowflake_hook.py for tasks to queue
[2025-04-29T11:33:20.854+0000] {logging_mixin.py:190} INFO - [2025-04-29T11:33:20.854+0000] {dagbag.py:588} INFO - Filling up the DagBag from /opt/airflow/dags/snowflake_hook.py
[2025-04-29T11:33:20.878+0000] {processor.py:925} INFO - DAG(s) 'snowflake_hook' retrieved from /opt/airflow/dags/snowflake_hook.py
[2025-04-29T11:33:20.891+0000] {logging_mixin.py:190} INFO - [2025-04-29T11:33:20.890+0000] {dag.py:3239} INFO - Sync 1 DAGs
[2025-04-29T11:33:20.902+0000] {logging_mixin.py:190} INFO - [2025-04-29T11:33:20.902+0000] {dag.py:4180} INFO - Setting next_dagrun for snowflake_hook to None, run_after=None
[2025-04-29T11:33:20.914+0000] {processor.py:208} INFO - Processing /opt/airflow/dags/snowflake_hook.py took 0.066 seconds
[2025-04-29T11:33:51.170+0000] {processor.py:186} INFO - Started process (PID=6126) to work on /opt/airflow/dags/snowflake_hook.py
[2025-04-29T11:33:51.171+0000] {processor.py:914} INFO - Processing file /opt/airflow/dags/snowflake_hook.py for tasks to queue
[2025-04-29T11:33:51.173+0000] {logging_mixin.py:190} INFO - [2025-04-29T11:33:51.173+0000] {dagbag.py:588} INFO - Filling up the DagBag from /opt/airflow/dags/snowflake_hook.py
[2025-04-29T11:33:51.185+0000] {processor.py:925} INFO - DAG(s) 'snowflake_hook' retrieved from /opt/airflow/dags/snowflake_hook.py
[2025-04-29T11:33:51.201+0000] {logging_mixin.py:190} INFO - [2025-04-29T11:33:51.200+0000] {dag.py:3239} INFO - Sync 1 DAGs
[2025-04-29T11:33:51.216+0000] {logging_mixin.py:190} INFO - [2025-04-29T11:33:51.216+0000] {dag.py:4180} INFO - Setting next_dagrun for snowflake_hook to None, run_after=None
[2025-04-29T11:33:51.230+0000] {processor.py:208} INFO - Processing /opt/airflow/dags/snowflake_hook.py took 0.063 seconds
[2025-04-29T11:34:21.445+0000] {processor.py:186} INFO - Started process (PID=6147) to work on /opt/airflow/dags/snowflake_hook.py
[2025-04-29T11:34:21.448+0000] {processor.py:914} INFO - Processing file /opt/airflow/dags/snowflake_hook.py for tasks to queue
[2025-04-29T11:34:21.464+0000] {logging_mixin.py:190} INFO - [2025-04-29T11:34:21.463+0000] {dagbag.py:588} INFO - Filling up the DagBag from /opt/airflow/dags/snowflake_hook.py
[2025-04-29T11:34:21.499+0000] {processor.py:925} INFO - DAG(s) 'snowflake_hook' retrieved from /opt/airflow/dags/snowflake_hook.py
[2025-04-29T11:34:21.516+0000] {logging_mixin.py:190} INFO - [2025-04-29T11:34:21.516+0000] {dag.py:3239} INFO - Sync 1 DAGs
[2025-04-29T11:34:21.534+0000] {logging_mixin.py:190} INFO - [2025-04-29T11:34:21.534+0000] {dag.py:4180} INFO - Setting next_dagrun for snowflake_hook to None, run_after=None
[2025-04-29T11:34:21.549+0000] {processor.py:208} INFO - Processing /opt/airflow/dags/snowflake_hook.py took 0.113 seconds
[2025-04-29T11:34:51.819+0000] {processor.py:186} INFO - Started process (PID=6168) to work on /opt/airflow/dags/snowflake_hook.py
[2025-04-29T11:34:51.820+0000] {processor.py:914} INFO - Processing file /opt/airflow/dags/snowflake_hook.py for tasks to queue
[2025-04-29T11:34:51.823+0000] {logging_mixin.py:190} INFO - [2025-04-29T11:34:51.823+0000] {dagbag.py:588} INFO - Filling up the DagBag from /opt/airflow/dags/snowflake_hook.py
[2025-04-29T11:34:51.834+0000] {processor.py:925} INFO - DAG(s) 'snowflake_hook' retrieved from /opt/airflow/dags/snowflake_hook.py
[2025-04-29T11:34:51.848+0000] {logging_mixin.py:190} INFO - [2025-04-29T11:34:51.848+0000] {dag.py:3239} INFO - Sync 1 DAGs
[2025-04-29T11:34:51.863+0000] {logging_mixin.py:190} INFO - [2025-04-29T11:34:51.863+0000] {dag.py:4180} INFO - Setting next_dagrun for snowflake_hook to None, run_after=None
[2025-04-29T11:34:51.876+0000] {processor.py:208} INFO - Processing /opt/airflow/dags/snowflake_hook.py took 0.064 seconds
[2025-04-29T11:35:22.239+0000] {processor.py:186} INFO - Started process (PID=6189) to work on /opt/airflow/dags/snowflake_hook.py
[2025-04-29T11:35:22.241+0000] {processor.py:914} INFO - Processing file /opt/airflow/dags/snowflake_hook.py for tasks to queue
[2025-04-29T11:35:22.243+0000] {logging_mixin.py:190} INFO - [2025-04-29T11:35:22.242+0000] {dagbag.py:588} INFO - Filling up the DagBag from /opt/airflow/dags/snowflake_hook.py
[2025-04-29T11:35:22.263+0000] {processor.py:925} INFO - DAG(s) 'snowflake_hook' retrieved from /opt/airflow/dags/snowflake_hook.py
[2025-04-29T11:35:22.289+0000] {logging_mixin.py:190} INFO - [2025-04-29T11:35:22.288+0000] {dag.py:3239} INFO - Sync 1 DAGs
[2025-04-29T11:35:22.308+0000] {logging_mixin.py:190} INFO - [2025-04-29T11:35:22.308+0000] {dag.py:4180} INFO - Setting next_dagrun for snowflake_hook to None, run_after=None
[2025-04-29T11:35:22.332+0000] {processor.py:208} INFO - Processing /opt/airflow/dags/snowflake_hook.py took 0.097 seconds
[2025-04-29T11:35:52.594+0000] {processor.py:186} INFO - Started process (PID=6210) to work on /opt/airflow/dags/snowflake_hook.py
[2025-04-29T11:35:52.596+0000] {processor.py:914} INFO - Processing file /opt/airflow/dags/snowflake_hook.py for tasks to queue
[2025-04-29T11:35:52.598+0000] {logging_mixin.py:190} INFO - [2025-04-29T11:35:52.598+0000] {dagbag.py:588} INFO - Filling up the DagBag from /opt/airflow/dags/snowflake_hook.py
[2025-04-29T11:35:52.620+0000] {processor.py:925} INFO - DAG(s) 'snowflake_hook' retrieved from /opt/airflow/dags/snowflake_hook.py
[2025-04-29T11:35:52.637+0000] {logging_mixin.py:190} INFO - [2025-04-29T11:35:52.636+0000] {dag.py:3239} INFO - Sync 1 DAGs
[2025-04-29T11:35:52.655+0000] {logging_mixin.py:190} INFO - [2025-04-29T11:35:52.654+0000] {dag.py:4180} INFO - Setting next_dagrun for snowflake_hook to None, run_after=None
[2025-04-29T11:35:52.669+0000] {processor.py:208} INFO - Processing /opt/airflow/dags/snowflake_hook.py took 0.078 seconds
[2025-04-29T11:36:23.182+0000] {processor.py:186} INFO - Started process (PID=6231) to work on /opt/airflow/dags/snowflake_hook.py
[2025-04-29T11:36:23.188+0000] {processor.py:914} INFO - Processing file /opt/airflow/dags/snowflake_hook.py for tasks to queue
[2025-04-29T11:36:23.192+0000] {logging_mixin.py:190} INFO - [2025-04-29T11:36:23.192+0000] {dagbag.py:588} INFO - Filling up the DagBag from /opt/airflow/dags/snowflake_hook.py
[2025-04-29T11:36:23.277+0000] {processor.py:925} INFO - DAG(s) 'snowflake_hook' retrieved from /opt/airflow/dags/snowflake_hook.py
[2025-04-29T11:36:23.307+0000] {logging_mixin.py:190} INFO - [2025-04-29T11:36:23.307+0000] {dag.py:3239} INFO - Sync 1 DAGs
[2025-04-29T11:36:23.329+0000] {logging_mixin.py:190} INFO - [2025-04-29T11:36:23.329+0000] {dag.py:4180} INFO - Setting next_dagrun for snowflake_hook to None, run_after=None
[2025-04-29T11:36:23.345+0000] {processor.py:208} INFO - Processing /opt/airflow/dags/snowflake_hook.py took 0.167 seconds
[2025-04-29T11:36:53.675+0000] {processor.py:186} INFO - Started process (PID=6252) to work on /opt/airflow/dags/snowflake_hook.py
[2025-04-29T11:36:53.677+0000] {processor.py:914} INFO - Processing file /opt/airflow/dags/snowflake_hook.py for tasks to queue
[2025-04-29T11:36:53.681+0000] {logging_mixin.py:190} INFO - [2025-04-29T11:36:53.681+0000] {dagbag.py:588} INFO - Filling up the DagBag from /opt/airflow/dags/snowflake_hook.py
[2025-04-29T11:36:53.705+0000] {processor.py:925} INFO - DAG(s) 'snowflake_hook' retrieved from /opt/airflow/dags/snowflake_hook.py
[2025-04-29T11:36:53.721+0000] {logging_mixin.py:190} INFO - [2025-04-29T11:36:53.720+0000] {dag.py:3239} INFO - Sync 1 DAGs
[2025-04-29T11:36:53.735+0000] {logging_mixin.py:190} INFO - [2025-04-29T11:36:53.735+0000] {dag.py:4180} INFO - Setting next_dagrun for snowflake_hook to None, run_after=None
[2025-04-29T11:36:53.750+0000] {processor.py:208} INFO - Processing /opt/airflow/dags/snowflake_hook.py took 0.081 seconds
[2025-04-29T14:37:40.195+0000] {processor.py:186} INFO - Started process (PID=6267) to work on /opt/airflow/dags/snowflake_hook.py
[2025-04-29T14:37:40.197+0000] {processor.py:914} INFO - Processing file /opt/airflow/dags/snowflake_hook.py for tasks to queue
[2025-04-29T14:37:40.200+0000] {logging_mixin.py:190} INFO - [2025-04-29T14:37:40.199+0000] {dagbag.py:588} INFO - Filling up the DagBag from /opt/airflow/dags/snowflake_hook.py
[2025-04-29T14:37:40.218+0000] {processor.py:925} INFO - DAG(s) 'snowflake_hook' retrieved from /opt/airflow/dags/snowflake_hook.py
[2025-04-29T14:37:40.277+0000] {logging_mixin.py:190} INFO - [2025-04-29T14:37:40.276+0000] {dag.py:3239} INFO - Sync 1 DAGs
[2025-04-29T14:37:40.318+0000] {logging_mixin.py:190} INFO - [2025-04-29T14:37:40.318+0000] {dag.py:4180} INFO - Setting next_dagrun for snowflake_hook to None, run_after=None
[2025-04-29T14:37:40.338+0000] {processor.py:208} INFO - Processing /opt/airflow/dags/snowflake_hook.py took 0.164 seconds
