[2025-04-22T21:29:50.687+0000] {processor.py:186} INFO - Started process (PID=193) to work on /opt/airflow/dags/my_dag.py
[2025-04-22T21:29:50.689+0000] {processor.py:914} INFO - Processing file /opt/airflow/dags/my_dag.py for tasks to queue
[2025-04-22T21:29:50.696+0000] {logging_mixin.py:190} INFO - [2025-04-22T21:29:50.695+0000] {dagbag.py:588} INFO - Filling up the DagBag from /opt/airflow/dags/my_dag.py
[2025-04-22T21:29:50.734+0000] {processor.py:925} INFO - DAG(s) 'TFL_DATA_DAG' retrieved from /opt/airflow/dags/my_dag.py
[2025-04-22T21:29:50.984+0000] {logging_mixin.py:190} INFO - [2025-04-22T21:29:50.983+0000] {dag.py:3239} INFO - Sync 1 DAGs
[2025-04-22T21:29:51.025+0000] {logging_mixin.py:190} INFO - [2025-04-22T21:29:51.024+0000] {dag.py:4180} INFO - Setting next_dagrun for TFL_DATA_DAG to 2025-04-22 00:00:00+00:00, run_after=2025-04-23 00:00:00+00:00
[2025-04-22T21:29:51.053+0000] {processor.py:208} INFO - Processing /opt/airflow/dags/my_dag.py took 0.388 seconds
[2025-04-22T21:30:21.193+0000] {processor.py:186} INFO - Started process (PID=212) to work on /opt/airflow/dags/my_dag.py
[2025-04-22T21:30:21.197+0000] {processor.py:914} INFO - Processing file /opt/airflow/dags/my_dag.py for tasks to queue
[2025-04-22T21:30:21.201+0000] {logging_mixin.py:190} INFO - [2025-04-22T21:30:21.201+0000] {dagbag.py:588} INFO - Filling up the DagBag from /opt/airflow/dags/my_dag.py
[2025-04-22T21:30:21.243+0000] {processor.py:925} INFO - DAG(s) 'TFL_DATA_DAG' retrieved from /opt/airflow/dags/my_dag.py
[2025-04-22T21:30:21.280+0000] {logging_mixin.py:190} INFO - [2025-04-22T21:30:21.280+0000] {dag.py:3239} INFO - Sync 1 DAGs
[2025-04-22T21:30:21.319+0000] {logging_mixin.py:190} INFO - [2025-04-22T21:30:21.319+0000] {dag.py:4180} INFO - Setting next_dagrun for TFL_DATA_DAG to 2025-04-22 00:00:00+00:00, run_after=2025-04-23 00:00:00+00:00
[2025-04-22T21:30:21.346+0000] {processor.py:208} INFO - Processing /opt/airflow/dags/my_dag.py took 0.161 seconds
[2025-04-22T21:30:51.735+0000] {processor.py:186} INFO - Started process (PID=227) to work on /opt/airflow/dags/my_dag.py
[2025-04-22T21:30:51.737+0000] {processor.py:914} INFO - Processing file /opt/airflow/dags/my_dag.py for tasks to queue
[2025-04-22T21:30:51.743+0000] {logging_mixin.py:190} INFO - [2025-04-22T21:30:51.742+0000] {dagbag.py:588} INFO - Filling up the DagBag from /opt/airflow/dags/my_dag.py
[2025-04-22T21:30:51.780+0000] {processor.py:925} INFO - DAG(s) 'TFL_DATA_DAG' retrieved from /opt/airflow/dags/my_dag.py
[2025-04-22T21:30:51.819+0000] {logging_mixin.py:190} INFO - [2025-04-22T21:30:51.819+0000] {dag.py:3239} INFO - Sync 1 DAGs
[2025-04-22T21:30:51.854+0000] {logging_mixin.py:190} INFO - [2025-04-22T21:30:51.854+0000] {dag.py:4180} INFO - Setting next_dagrun for TFL_DATA_DAG to 2025-04-22 00:00:00+00:00, run_after=2025-04-23 00:00:00+00:00
[2025-04-22T21:30:51.886+0000] {processor.py:208} INFO - Processing /opt/airflow/dags/my_dag.py took 0.162 seconds
[2025-04-22T21:31:22.105+0000] {processor.py:186} INFO - Started process (PID=246) to work on /opt/airflow/dags/my_dag.py
[2025-04-22T21:31:22.107+0000] {processor.py:914} INFO - Processing file /opt/airflow/dags/my_dag.py for tasks to queue
[2025-04-22T21:31:22.112+0000] {logging_mixin.py:190} INFO - [2025-04-22T21:31:22.111+0000] {dagbag.py:588} INFO - Filling up the DagBag from /opt/airflow/dags/my_dag.py
[2025-04-22T21:31:22.144+0000] {processor.py:925} INFO - DAG(s) 'TFL_DATA_DAG' retrieved from /opt/airflow/dags/my_dag.py
[2025-04-22T21:31:22.184+0000] {logging_mixin.py:190} INFO - [2025-04-22T21:31:22.183+0000] {dag.py:3239} INFO - Sync 1 DAGs
[2025-04-22T21:31:22.226+0000] {logging_mixin.py:190} INFO - [2025-04-22T21:31:22.226+0000] {dag.py:4180} INFO - Setting next_dagrun for TFL_DATA_DAG to 2025-04-22 00:00:00+00:00, run_after=2025-04-23 00:00:00+00:00
[2025-04-22T21:31:22.267+0000] {processor.py:208} INFO - Processing /opt/airflow/dags/my_dag.py took 0.171 seconds
[2025-04-22T21:31:52.529+0000] {processor.py:186} INFO - Started process (PID=264) to work on /opt/airflow/dags/my_dag.py
[2025-04-22T21:31:52.532+0000] {processor.py:914} INFO - Processing file /opt/airflow/dags/my_dag.py for tasks to queue
[2025-04-22T21:31:52.538+0000] {logging_mixin.py:190} INFO - [2025-04-22T21:31:52.538+0000] {dagbag.py:588} INFO - Filling up the DagBag from /opt/airflow/dags/my_dag.py
[2025-04-22T21:31:52.570+0000] {processor.py:925} INFO - DAG(s) 'TFL_DATA_DAG' retrieved from /opt/airflow/dags/my_dag.py
[2025-04-22T21:31:52.610+0000] {logging_mixin.py:190} INFO - [2025-04-22T21:31:52.610+0000] {dag.py:3239} INFO - Sync 1 DAGs
[2025-04-22T21:31:52.657+0000] {logging_mixin.py:190} INFO - [2025-04-22T21:31:52.657+0000] {dag.py:4180} INFO - Setting next_dagrun for TFL_DATA_DAG to 2025-04-22 00:00:00+00:00, run_after=2025-04-23 00:00:00+00:00
[2025-04-22T21:31:52.689+0000] {processor.py:208} INFO - Processing /opt/airflow/dags/my_dag.py took 0.170 seconds
[2025-04-22T21:32:22.900+0000] {processor.py:186} INFO - Started process (PID=280) to work on /opt/airflow/dags/my_dag.py
[2025-04-22T21:32:22.903+0000] {processor.py:914} INFO - Processing file /opt/airflow/dags/my_dag.py for tasks to queue
[2025-04-22T21:32:22.907+0000] {logging_mixin.py:190} INFO - [2025-04-22T21:32:22.907+0000] {dagbag.py:588} INFO - Filling up the DagBag from /opt/airflow/dags/my_dag.py
[2025-04-22T21:32:22.936+0000] {processor.py:925} INFO - DAG(s) 'TFL_DATA_DAG' retrieved from /opt/airflow/dags/my_dag.py
[2025-04-22T21:32:22.970+0000] {logging_mixin.py:190} INFO - [2025-04-22T21:32:22.969+0000] {dag.py:3239} INFO - Sync 1 DAGs
[2025-04-22T21:32:23.002+0000] {logging_mixin.py:190} INFO - [2025-04-22T21:32:23.001+0000] {dag.py:4180} INFO - Setting next_dagrun for TFL_DATA_DAG to 2025-04-22 00:00:00+00:00, run_after=2025-04-23 00:00:00+00:00
[2025-04-22T21:32:23.025+0000] {processor.py:208} INFO - Processing /opt/airflow/dags/my_dag.py took 0.144 seconds
[2025-04-22T21:32:53.371+0000] {processor.py:186} INFO - Started process (PID=299) to work on /opt/airflow/dags/my_dag.py
[2025-04-22T21:32:53.374+0000] {processor.py:914} INFO - Processing file /opt/airflow/dags/my_dag.py for tasks to queue
[2025-04-22T21:32:53.379+0000] {logging_mixin.py:190} INFO - [2025-04-22T21:32:53.378+0000] {dagbag.py:588} INFO - Filling up the DagBag from /opt/airflow/dags/my_dag.py
[2025-04-22T21:32:53.410+0000] {processor.py:925} INFO - DAG(s) 'TFL_DATA_DAG' retrieved from /opt/airflow/dags/my_dag.py
[2025-04-22T21:32:53.445+0000] {logging_mixin.py:190} INFO - [2025-04-22T21:32:53.444+0000] {dag.py:3239} INFO - Sync 1 DAGs
[2025-04-22T21:32:53.660+0000] {logging_mixin.py:190} INFO - [2025-04-22T21:32:53.659+0000] {dag.py:4180} INFO - Setting next_dagrun for TFL_DATA_DAG to 2025-04-22 00:00:00+00:00, run_after=2025-04-23 00:00:00+00:00
[2025-04-22T21:32:53.700+0000] {processor.py:208} INFO - Processing /opt/airflow/dags/my_dag.py took 0.337 seconds
[2025-04-22T21:33:24.019+0000] {processor.py:186} INFO - Started process (PID=315) to work on /opt/airflow/dags/my_dag.py
[2025-04-22T21:33:24.021+0000] {processor.py:914} INFO - Processing file /opt/airflow/dags/my_dag.py for tasks to queue
[2025-04-22T21:33:24.024+0000] {logging_mixin.py:190} INFO - [2025-04-22T21:33:24.023+0000] {dagbag.py:588} INFO - Filling up the DagBag from /opt/airflow/dags/my_dag.py
[2025-04-22T21:33:24.044+0000] {processor.py:925} INFO - DAG(s) 'TFL_DATA_DAG' retrieved from /opt/airflow/dags/my_dag.py
[2025-04-22T21:33:24.068+0000] {logging_mixin.py:190} INFO - [2025-04-22T21:33:24.067+0000] {dag.py:3239} INFO - Sync 1 DAGs
[2025-04-22T21:33:24.204+0000] {logging_mixin.py:190} INFO - [2025-04-22T21:33:24.204+0000] {dag.py:4180} INFO - Setting next_dagrun for TFL_DATA_DAG to 2025-04-22 00:00:00+00:00, run_after=2025-04-23 00:00:00+00:00
[2025-04-22T21:33:24.221+0000] {processor.py:208} INFO - Processing /opt/airflow/dags/my_dag.py took 0.206 seconds
[2025-04-22T21:33:54.352+0000] {processor.py:186} INFO - Started process (PID=333) to work on /opt/airflow/dags/my_dag.py
[2025-04-22T21:33:54.354+0000] {processor.py:914} INFO - Processing file /opt/airflow/dags/my_dag.py for tasks to queue
[2025-04-22T21:33:54.359+0000] {logging_mixin.py:190} INFO - [2025-04-22T21:33:54.359+0000] {dagbag.py:588} INFO - Filling up the DagBag from /opt/airflow/dags/my_dag.py
[2025-04-22T21:33:54.590+0000] {processor.py:925} INFO - DAG(s) 'TFL_DATA_DAG' retrieved from /opt/airflow/dags/my_dag.py
[2025-04-22T21:33:54.623+0000] {logging_mixin.py:190} INFO - [2025-04-22T21:33:54.623+0000] {dag.py:3239} INFO - Sync 1 DAGs
[2025-04-22T21:33:54.660+0000] {logging_mixin.py:190} INFO - [2025-04-22T21:33:54.660+0000] {dag.py:4180} INFO - Setting next_dagrun for TFL_DATA_DAG to 2025-04-22 00:00:00+00:00, run_after=2025-04-23 00:00:00+00:00
[2025-04-22T21:33:54.690+0000] {processor.py:208} INFO - Processing /opt/airflow/dags/my_dag.py took 0.348 seconds
[2025-04-22T21:34:24.948+0000] {processor.py:186} INFO - Started process (PID=349) to work on /opt/airflow/dags/my_dag.py
[2025-04-22T21:34:24.951+0000] {processor.py:914} INFO - Processing file /opt/airflow/dags/my_dag.py for tasks to queue
[2025-04-22T21:34:24.956+0000] {logging_mixin.py:190} INFO - [2025-04-22T21:34:24.956+0000] {dagbag.py:588} INFO - Filling up the DagBag from /opt/airflow/dags/my_dag.py
[2025-04-22T21:34:24.992+0000] {processor.py:925} INFO - DAG(s) 'TFL_DATA_DAG' retrieved from /opt/airflow/dags/my_dag.py
[2025-04-22T21:34:25.036+0000] {logging_mixin.py:190} INFO - [2025-04-22T21:34:25.036+0000] {dag.py:3239} INFO - Sync 1 DAGs
[2025-04-22T21:34:25.087+0000] {logging_mixin.py:190} INFO - [2025-04-22T21:34:25.087+0000] {dag.py:4180} INFO - Setting next_dagrun for TFL_DATA_DAG to 2025-04-22 00:00:00+00:00, run_after=2025-04-23 00:00:00+00:00
[2025-04-22T21:34:25.116+0000] {processor.py:208} INFO - Processing /opt/airflow/dags/my_dag.py took 0.179 seconds
[2025-04-22T21:34:55.280+0000] {processor.py:186} INFO - Started process (PID=368) to work on /opt/airflow/dags/my_dag.py
[2025-04-22T21:34:55.282+0000] {processor.py:914} INFO - Processing file /opt/airflow/dags/my_dag.py for tasks to queue
[2025-04-22T21:34:55.285+0000] {logging_mixin.py:190} INFO - [2025-04-22T21:34:55.284+0000] {dagbag.py:588} INFO - Filling up the DagBag from /opt/airflow/dags/my_dag.py
[2025-04-22T21:34:55.303+0000] {processor.py:925} INFO - DAG(s) 'TFL_DATA_DAG' retrieved from /opt/airflow/dags/my_dag.py
[2025-04-22T21:34:55.336+0000] {logging_mixin.py:190} INFO - [2025-04-22T21:34:55.335+0000] {dag.py:3239} INFO - Sync 1 DAGs
[2025-04-22T21:34:55.369+0000] {logging_mixin.py:190} INFO - [2025-04-22T21:34:55.369+0000] {dag.py:4180} INFO - Setting next_dagrun for TFL_DATA_DAG to 2025-04-22 00:00:00+00:00, run_after=2025-04-23 00:00:00+00:00
[2025-04-22T21:34:55.403+0000] {processor.py:208} INFO - Processing /opt/airflow/dags/my_dag.py took 0.129 seconds
[2025-04-22T21:35:25.785+0000] {processor.py:186} INFO - Started process (PID=392) to work on /opt/airflow/dags/my_dag.py
[2025-04-22T21:35:25.788+0000] {processor.py:914} INFO - Processing file /opt/airflow/dags/my_dag.py for tasks to queue
[2025-04-22T21:35:25.795+0000] {logging_mixin.py:190} INFO - [2025-04-22T21:35:25.794+0000] {dagbag.py:588} INFO - Filling up the DagBag from /opt/airflow/dags/my_dag.py
[2025-04-22T21:35:25.827+0000] {processor.py:925} INFO - DAG(s) 'TFL_DATA_DAG' retrieved from /opt/airflow/dags/my_dag.py
[2025-04-22T21:35:25.864+0000] {logging_mixin.py:190} INFO - [2025-04-22T21:35:25.863+0000] {dag.py:3239} INFO - Sync 1 DAGs
[2025-04-22T21:35:25.910+0000] {logging_mixin.py:190} INFO - [2025-04-22T21:35:25.909+0000] {dag.py:4180} INFO - Setting next_dagrun for TFL_DATA_DAG to 2025-04-22 00:00:00+00:00, run_after=2025-04-23 00:00:00+00:00
[2025-04-22T21:35:25.938+0000] {processor.py:208} INFO - Processing /opt/airflow/dags/my_dag.py took 0.162 seconds
[2025-04-22T21:35:56.357+0000] {processor.py:186} INFO - Started process (PID=408) to work on /opt/airflow/dags/my_dag.py
[2025-04-22T21:35:56.359+0000] {processor.py:914} INFO - Processing file /opt/airflow/dags/my_dag.py for tasks to queue
[2025-04-22T21:35:56.363+0000] {logging_mixin.py:190} INFO - [2025-04-22T21:35:56.363+0000] {dagbag.py:588} INFO - Filling up the DagBag from /opt/airflow/dags/my_dag.py
[2025-04-22T21:35:56.395+0000] {processor.py:925} INFO - DAG(s) 'TFL_DATA_DAG' retrieved from /opt/airflow/dags/my_dag.py
[2025-04-22T21:35:56.438+0000] {logging_mixin.py:190} INFO - [2025-04-22T21:35:56.438+0000] {dag.py:3239} INFO - Sync 1 DAGs
[2025-04-22T21:35:56.486+0000] {logging_mixin.py:190} INFO - [2025-04-22T21:35:56.486+0000] {dag.py:4180} INFO - Setting next_dagrun for TFL_DATA_DAG to 2025-04-22 00:00:00+00:00, run_after=2025-04-23 00:00:00+00:00
[2025-04-22T21:35:56.522+0000] {processor.py:208} INFO - Processing /opt/airflow/dags/my_dag.py took 0.180 seconds
[2025-04-22T21:36:26.669+0000] {processor.py:186} INFO - Started process (PID=429) to work on /opt/airflow/dags/my_dag.py
[2025-04-22T21:36:26.670+0000] {processor.py:914} INFO - Processing file /opt/airflow/dags/my_dag.py for tasks to queue
[2025-04-22T21:36:26.675+0000] {logging_mixin.py:190} INFO - [2025-04-22T21:36:26.674+0000] {dagbag.py:588} INFO - Filling up the DagBag from /opt/airflow/dags/my_dag.py
[2025-04-22T21:36:26.712+0000] {processor.py:925} INFO - DAG(s) 'TFL_DATA_DAG' retrieved from /opt/airflow/dags/my_dag.py
[2025-04-22T21:36:26.750+0000] {logging_mixin.py:190} INFO - [2025-04-22T21:36:26.749+0000] {dag.py:3239} INFO - Sync 1 DAGs
[2025-04-22T21:36:26.786+0000] {logging_mixin.py:190} INFO - [2025-04-22T21:36:26.786+0000] {dag.py:4180} INFO - Setting next_dagrun for TFL_DATA_DAG to 2025-04-22 00:00:00+00:00, run_after=2025-04-23 00:00:00+00:00
[2025-04-22T21:36:26.811+0000] {processor.py:208} INFO - Processing /opt/airflow/dags/my_dag.py took 0.151 seconds
[2025-04-22T21:36:57.115+0000] {processor.py:186} INFO - Started process (PID=445) to work on /opt/airflow/dags/my_dag.py
[2025-04-22T21:36:57.118+0000] {processor.py:914} INFO - Processing file /opt/airflow/dags/my_dag.py for tasks to queue
[2025-04-22T21:36:57.123+0000] {logging_mixin.py:190} INFO - [2025-04-22T21:36:57.122+0000] {dagbag.py:588} INFO - Filling up the DagBag from /opt/airflow/dags/my_dag.py
[2025-04-22T21:36:57.174+0000] {processor.py:925} INFO - DAG(s) 'TFL_DATA_DAG' retrieved from /opt/airflow/dags/my_dag.py
[2025-04-22T21:36:57.215+0000] {logging_mixin.py:190} INFO - [2025-04-22T21:36:57.215+0000] {dag.py:3239} INFO - Sync 1 DAGs
[2025-04-22T21:36:57.259+0000] {logging_mixin.py:190} INFO - [2025-04-22T21:36:57.258+0000] {dag.py:4180} INFO - Setting next_dagrun for TFL_DATA_DAG to 2025-04-22 00:00:00+00:00, run_after=2025-04-23 00:00:00+00:00
[2025-04-22T21:36:57.289+0000] {processor.py:208} INFO - Processing /opt/airflow/dags/my_dag.py took 0.183 seconds
[2025-04-22T21:37:27.455+0000] {processor.py:186} INFO - Started process (PID=461) to work on /opt/airflow/dags/my_dag.py
[2025-04-22T21:37:27.458+0000] {processor.py:914} INFO - Processing file /opt/airflow/dags/my_dag.py for tasks to queue
[2025-04-22T21:37:27.462+0000] {logging_mixin.py:190} INFO - [2025-04-22T21:37:27.462+0000] {dagbag.py:588} INFO - Filling up the DagBag from /opt/airflow/dags/my_dag.py
[2025-04-22T21:37:27.493+0000] {processor.py:925} INFO - DAG(s) 'TFL_DATA_DAG' retrieved from /opt/airflow/dags/my_dag.py
[2025-04-22T21:37:27.528+0000] {logging_mixin.py:190} INFO - [2025-04-22T21:37:27.527+0000] {dag.py:3239} INFO - Sync 1 DAGs
[2025-04-22T21:37:27.568+0000] {logging_mixin.py:190} INFO - [2025-04-22T21:37:27.568+0000] {dag.py:4180} INFO - Setting next_dagrun for TFL_DATA_DAG to 2025-04-22 00:00:00+00:00, run_after=2025-04-23 00:00:00+00:00
[2025-04-22T21:37:27.600+0000] {processor.py:208} INFO - Processing /opt/airflow/dags/my_dag.py took 0.154 seconds
[2025-04-22T21:37:57.874+0000] {processor.py:186} INFO - Started process (PID=482) to work on /opt/airflow/dags/my_dag.py
[2025-04-22T21:37:57.876+0000] {processor.py:914} INFO - Processing file /opt/airflow/dags/my_dag.py for tasks to queue
[2025-04-22T21:37:57.881+0000] {logging_mixin.py:190} INFO - [2025-04-22T21:37:57.880+0000] {dagbag.py:588} INFO - Filling up the DagBag from /opt/airflow/dags/my_dag.py
[2025-04-22T21:37:57.914+0000] {processor.py:925} INFO - DAG(s) 'TFL_DATA_DAG' retrieved from /opt/airflow/dags/my_dag.py
[2025-04-22T21:37:57.957+0000] {logging_mixin.py:190} INFO - [2025-04-22T21:37:57.957+0000] {dag.py:3239} INFO - Sync 1 DAGs
[2025-04-22T21:37:57.997+0000] {logging_mixin.py:190} INFO - [2025-04-22T21:37:57.996+0000] {dag.py:4180} INFO - Setting next_dagrun for TFL_DATA_DAG to 2025-04-22 00:00:00+00:00, run_after=2025-04-23 00:00:00+00:00
[2025-04-22T21:37:58.027+0000] {processor.py:208} INFO - Processing /opt/airflow/dags/my_dag.py took 0.161 seconds
[2025-04-22T21:38:28.403+0000] {processor.py:186} INFO - Started process (PID=498) to work on /opt/airflow/dags/my_dag.py
[2025-04-22T21:38:28.406+0000] {processor.py:914} INFO - Processing file /opt/airflow/dags/my_dag.py for tasks to queue
[2025-04-22T21:38:28.411+0000] {logging_mixin.py:190} INFO - [2025-04-22T21:38:28.411+0000] {dagbag.py:588} INFO - Filling up the DagBag from /opt/airflow/dags/my_dag.py
[2025-04-22T21:38:28.445+0000] {processor.py:925} INFO - DAG(s) 'TFL_DATA_DAG' retrieved from /opt/airflow/dags/my_dag.py
[2025-04-22T21:38:28.483+0000] {logging_mixin.py:190} INFO - [2025-04-22T21:38:28.483+0000] {dag.py:3239} INFO - Sync 1 DAGs
[2025-04-22T21:38:28.520+0000] {logging_mixin.py:190} INFO - [2025-04-22T21:38:28.519+0000] {dag.py:4180} INFO - Setting next_dagrun for TFL_DATA_DAG to 2025-04-22 00:00:00+00:00, run_after=2025-04-23 00:00:00+00:00
[2025-04-22T21:38:28.554+0000] {processor.py:208} INFO - Processing /opt/airflow/dags/my_dag.py took 0.160 seconds
[2025-04-22T21:38:58.914+0000] {processor.py:186} INFO - Started process (PID=514) to work on /opt/airflow/dags/my_dag.py
[2025-04-22T21:38:58.917+0000] {processor.py:914} INFO - Processing file /opt/airflow/dags/my_dag.py for tasks to queue
[2025-04-22T21:38:58.923+0000] {logging_mixin.py:190} INFO - [2025-04-22T21:38:58.922+0000] {dagbag.py:588} INFO - Filling up the DagBag from /opt/airflow/dags/my_dag.py
[2025-04-22T21:38:58.958+0000] {processor.py:925} INFO - DAG(s) 'TFL_DATA_DAG' retrieved from /opt/airflow/dags/my_dag.py
[2025-04-22T21:38:58.996+0000] {logging_mixin.py:190} INFO - [2025-04-22T21:38:58.995+0000] {dag.py:3239} INFO - Sync 1 DAGs
[2025-04-22T21:38:59.033+0000] {logging_mixin.py:190} INFO - [2025-04-22T21:38:59.033+0000] {dag.py:4180} INFO - Setting next_dagrun for TFL_DATA_DAG to 2025-04-22 00:00:00+00:00, run_after=2025-04-23 00:00:00+00:00
[2025-04-22T21:38:59.060+0000] {processor.py:208} INFO - Processing /opt/airflow/dags/my_dag.py took 0.154 seconds
[2025-04-22T21:39:29.432+0000] {processor.py:186} INFO - Started process (PID=530) to work on /opt/airflow/dags/my_dag.py
[2025-04-22T21:39:29.435+0000] {processor.py:914} INFO - Processing file /opt/airflow/dags/my_dag.py for tasks to queue
[2025-04-22T21:39:29.440+0000] {logging_mixin.py:190} INFO - [2025-04-22T21:39:29.440+0000] {dagbag.py:588} INFO - Filling up the DagBag from /opt/airflow/dags/my_dag.py
[2025-04-22T21:39:29.473+0000] {processor.py:925} INFO - DAG(s) 'TFL_DATA_DAG' retrieved from /opt/airflow/dags/my_dag.py
[2025-04-22T21:39:29.519+0000] {logging_mixin.py:190} INFO - [2025-04-22T21:39:29.518+0000] {dag.py:3239} INFO - Sync 1 DAGs
[2025-04-22T21:39:29.563+0000] {logging_mixin.py:190} INFO - [2025-04-22T21:39:29.563+0000] {dag.py:4180} INFO - Setting next_dagrun for TFL_DATA_DAG to 2025-04-22 00:00:00+00:00, run_after=2025-04-23 00:00:00+00:00
[2025-04-22T21:39:29.591+0000] {processor.py:208} INFO - Processing /opt/airflow/dags/my_dag.py took 0.169 seconds
[2025-04-22T21:39:59.822+0000] {processor.py:186} INFO - Started process (PID=546) to work on /opt/airflow/dags/my_dag.py
[2025-04-22T21:39:59.825+0000] {processor.py:914} INFO - Processing file /opt/airflow/dags/my_dag.py for tasks to queue
[2025-04-22T21:39:59.830+0000] {logging_mixin.py:190} INFO - [2025-04-22T21:39:59.829+0000] {dagbag.py:588} INFO - Filling up the DagBag from /opt/airflow/dags/my_dag.py
[2025-04-22T21:39:59.865+0000] {processor.py:925} INFO - DAG(s) 'TFL_DATA_DAG' retrieved from /opt/airflow/dags/my_dag.py
[2025-04-22T21:39:59.899+0000] {logging_mixin.py:190} INFO - [2025-04-22T21:39:59.899+0000] {dag.py:3239} INFO - Sync 1 DAGs
[2025-04-22T21:39:59.935+0000] {logging_mixin.py:190} INFO - [2025-04-22T21:39:59.935+0000] {dag.py:4180} INFO - Setting next_dagrun for TFL_DATA_DAG to 2025-04-22 00:00:00+00:00, run_after=2025-04-23 00:00:00+00:00
[2025-04-22T21:39:59.964+0000] {processor.py:208} INFO - Processing /opt/airflow/dags/my_dag.py took 0.152 seconds
[2025-04-22T21:40:30.236+0000] {processor.py:186} INFO - Started process (PID=562) to work on /opt/airflow/dags/my_dag.py
[2025-04-22T21:40:30.242+0000] {processor.py:914} INFO - Processing file /opt/airflow/dags/my_dag.py for tasks to queue
[2025-04-22T21:40:30.247+0000] {logging_mixin.py:190} INFO - [2025-04-22T21:40:30.247+0000] {dagbag.py:588} INFO - Filling up the DagBag from /opt/airflow/dags/my_dag.py
[2025-04-22T21:40:30.281+0000] {processor.py:925} INFO - DAG(s) 'TFL_DATA_DAG' retrieved from /opt/airflow/dags/my_dag.py
[2025-04-22T21:40:30.317+0000] {logging_mixin.py:190} INFO - [2025-04-22T21:40:30.317+0000] {dag.py:3239} INFO - Sync 1 DAGs
[2025-04-22T21:40:30.353+0000] {logging_mixin.py:190} INFO - [2025-04-22T21:40:30.353+0000] {dag.py:4180} INFO - Setting next_dagrun for TFL_DATA_DAG to 2025-04-22 00:00:00+00:00, run_after=2025-04-23 00:00:00+00:00
[2025-04-22T21:40:30.383+0000] {processor.py:208} INFO - Processing /opt/airflow/dags/my_dag.py took 0.158 seconds
[2025-04-22T21:41:00.638+0000] {processor.py:186} INFO - Started process (PID=578) to work on /opt/airflow/dags/my_dag.py
[2025-04-22T21:41:00.641+0000] {processor.py:914} INFO - Processing file /opt/airflow/dags/my_dag.py for tasks to queue
[2025-04-22T21:41:00.646+0000] {logging_mixin.py:190} INFO - [2025-04-22T21:41:00.646+0000] {dagbag.py:588} INFO - Filling up the DagBag from /opt/airflow/dags/my_dag.py
[2025-04-22T21:41:00.680+0000] {processor.py:925} INFO - DAG(s) 'TFL_DATA_DAG' retrieved from /opt/airflow/dags/my_dag.py
[2025-04-22T21:41:00.718+0000] {logging_mixin.py:190} INFO - [2025-04-22T21:41:00.717+0000] {dag.py:3239} INFO - Sync 1 DAGs
[2025-04-22T21:41:00.756+0000] {logging_mixin.py:190} INFO - [2025-04-22T21:41:00.756+0000] {dag.py:4180} INFO - Setting next_dagrun for TFL_DATA_DAG to 2025-04-22 00:00:00+00:00, run_after=2025-04-23 00:00:00+00:00
[2025-04-22T21:41:00.785+0000] {processor.py:208} INFO - Processing /opt/airflow/dags/my_dag.py took 0.162 seconds
[2025-04-22T21:41:31.115+0000] {processor.py:186} INFO - Started process (PID=594) to work on /opt/airflow/dags/my_dag.py
[2025-04-22T21:41:31.117+0000] {processor.py:914} INFO - Processing file /opt/airflow/dags/my_dag.py for tasks to queue
[2025-04-22T21:41:31.122+0000] {logging_mixin.py:190} INFO - [2025-04-22T21:41:31.121+0000] {dagbag.py:588} INFO - Filling up the DagBag from /opt/airflow/dags/my_dag.py
[2025-04-22T21:41:31.154+0000] {processor.py:925} INFO - DAG(s) 'TFL_DATA_DAG' retrieved from /opt/airflow/dags/my_dag.py
[2025-04-22T21:41:31.187+0000] {logging_mixin.py:190} INFO - [2025-04-22T21:41:31.187+0000] {dag.py:3239} INFO - Sync 1 DAGs
[2025-04-22T21:41:31.225+0000] {logging_mixin.py:190} INFO - [2025-04-22T21:41:31.224+0000] {dag.py:4180} INFO - Setting next_dagrun for TFL_DATA_DAG to 2025-04-22 00:00:00+00:00, run_after=2025-04-23 00:00:00+00:00
[2025-04-22T21:41:31.255+0000] {processor.py:208} INFO - Processing /opt/airflow/dags/my_dag.py took 0.150 seconds
[2025-04-22T21:42:01.510+0000] {processor.py:186} INFO - Started process (PID=610) to work on /opt/airflow/dags/my_dag.py
[2025-04-22T21:42:01.513+0000] {processor.py:914} INFO - Processing file /opt/airflow/dags/my_dag.py for tasks to queue
[2025-04-22T21:42:01.518+0000] {logging_mixin.py:190} INFO - [2025-04-22T21:42:01.517+0000] {dagbag.py:588} INFO - Filling up the DagBag from /opt/airflow/dags/my_dag.py
[2025-04-22T21:42:01.550+0000] {processor.py:925} INFO - DAG(s) 'TFL_DATA_DAG' retrieved from /opt/airflow/dags/my_dag.py
[2025-04-22T21:42:01.588+0000] {logging_mixin.py:190} INFO - [2025-04-22T21:42:01.588+0000] {dag.py:3239} INFO - Sync 1 DAGs
[2025-04-22T21:42:01.643+0000] {logging_mixin.py:190} INFO - [2025-04-22T21:42:01.643+0000] {dag.py:4180} INFO - Setting next_dagrun for TFL_DATA_DAG to 2025-04-22 00:00:00+00:00, run_after=2025-04-23 00:00:00+00:00
[2025-04-22T21:42:01.675+0000] {processor.py:208} INFO - Processing /opt/airflow/dags/my_dag.py took 0.174 seconds
[2025-04-22T21:42:32.015+0000] {processor.py:186} INFO - Started process (PID=626) to work on /opt/airflow/dags/my_dag.py
[2025-04-22T21:42:32.017+0000] {processor.py:914} INFO - Processing file /opt/airflow/dags/my_dag.py for tasks to queue
[2025-04-22T21:42:32.023+0000] {logging_mixin.py:190} INFO - [2025-04-22T21:42:32.022+0000] {dagbag.py:588} INFO - Filling up the DagBag from /opt/airflow/dags/my_dag.py
[2025-04-22T21:42:32.064+0000] {processor.py:925} INFO - DAG(s) 'TFL_DATA_DAG' retrieved from /opt/airflow/dags/my_dag.py
[2025-04-22T21:42:32.107+0000] {logging_mixin.py:190} INFO - [2025-04-22T21:42:32.106+0000] {dag.py:3239} INFO - Sync 1 DAGs
[2025-04-22T21:42:32.150+0000] {logging_mixin.py:190} INFO - [2025-04-22T21:42:32.150+0000] {dag.py:4180} INFO - Setting next_dagrun for TFL_DATA_DAG to 2025-04-22 00:00:00+00:00, run_after=2025-04-23 00:00:00+00:00
[2025-04-22T21:42:32.178+0000] {processor.py:208} INFO - Processing /opt/airflow/dags/my_dag.py took 0.172 seconds
[2025-04-22T21:43:02.370+0000] {processor.py:186} INFO - Started process (PID=642) to work on /opt/airflow/dags/my_dag.py
[2025-04-22T21:43:02.372+0000] {processor.py:914} INFO - Processing file /opt/airflow/dags/my_dag.py for tasks to queue
[2025-04-22T21:43:02.378+0000] {logging_mixin.py:190} INFO - [2025-04-22T21:43:02.377+0000] {dagbag.py:588} INFO - Filling up the DagBag from /opt/airflow/dags/my_dag.py
[2025-04-22T21:43:02.413+0000] {processor.py:925} INFO - DAG(s) 'TFL_DATA_DAG' retrieved from /opt/airflow/dags/my_dag.py
[2025-04-22T21:43:02.454+0000] {logging_mixin.py:190} INFO - [2025-04-22T21:43:02.454+0000] {dag.py:3239} INFO - Sync 1 DAGs
[2025-04-22T21:43:02.498+0000] {logging_mixin.py:190} INFO - [2025-04-22T21:43:02.497+0000] {dag.py:4180} INFO - Setting next_dagrun for TFL_DATA_DAG to 2025-04-22 00:00:00+00:00, run_after=2025-04-23 00:00:00+00:00
[2025-04-22T21:43:02.525+0000] {processor.py:208} INFO - Processing /opt/airflow/dags/my_dag.py took 0.170 seconds
[2025-04-22T21:43:32.930+0000] {processor.py:186} INFO - Started process (PID=658) to work on /opt/airflow/dags/my_dag.py
[2025-04-22T21:43:32.932+0000] {processor.py:914} INFO - Processing file /opt/airflow/dags/my_dag.py for tasks to queue
[2025-04-22T21:43:32.938+0000] {logging_mixin.py:190} INFO - [2025-04-22T21:43:32.937+0000] {dagbag.py:588} INFO - Filling up the DagBag from /opt/airflow/dags/my_dag.py
[2025-04-22T21:43:32.976+0000] {processor.py:925} INFO - DAG(s) 'TFL_DATA_DAG' retrieved from /opt/airflow/dags/my_dag.py
[2025-04-22T21:43:33.019+0000] {logging_mixin.py:190} INFO - [2025-04-22T21:43:33.019+0000] {dag.py:3239} INFO - Sync 1 DAGs
[2025-04-22T21:43:33.064+0000] {logging_mixin.py:190} INFO - [2025-04-22T21:43:33.064+0000] {dag.py:4180} INFO - Setting next_dagrun for TFL_DATA_DAG to 2025-04-22 00:00:00+00:00, run_after=2025-04-23 00:00:00+00:00
[2025-04-22T21:43:33.101+0000] {processor.py:208} INFO - Processing /opt/airflow/dags/my_dag.py took 0.181 seconds
[2025-04-22T21:44:03.474+0000] {processor.py:186} INFO - Started process (PID=673) to work on /opt/airflow/dags/my_dag.py
[2025-04-22T21:44:03.477+0000] {processor.py:914} INFO - Processing file /opt/airflow/dags/my_dag.py for tasks to queue
[2025-04-22T21:44:03.483+0000] {logging_mixin.py:190} INFO - [2025-04-22T21:44:03.482+0000] {dagbag.py:588} INFO - Filling up the DagBag from /opt/airflow/dags/my_dag.py
[2025-04-22T21:44:03.524+0000] {processor.py:925} INFO - DAG(s) 'TFL_DATA_DAG' retrieved from /opt/airflow/dags/my_dag.py
[2025-04-22T21:44:03.570+0000] {logging_mixin.py:190} INFO - [2025-04-22T21:44:03.570+0000] {dag.py:3239} INFO - Sync 1 DAGs
[2025-04-22T21:44:03.615+0000] {logging_mixin.py:190} INFO - [2025-04-22T21:44:03.614+0000] {dag.py:4180} INFO - Setting next_dagrun for TFL_DATA_DAG to 2025-04-22 00:00:00+00:00, run_after=2025-04-23 00:00:00+00:00
[2025-04-22T21:44:03.648+0000] {processor.py:208} INFO - Processing /opt/airflow/dags/my_dag.py took 0.184 seconds
[2025-04-22T21:44:33.798+0000] {processor.py:186} INFO - Started process (PID=689) to work on /opt/airflow/dags/my_dag.py
[2025-04-22T21:44:33.799+0000] {processor.py:914} INFO - Processing file /opt/airflow/dags/my_dag.py for tasks to queue
[2025-04-22T21:44:33.803+0000] {logging_mixin.py:190} INFO - [2025-04-22T21:44:33.802+0000] {dagbag.py:588} INFO - Filling up the DagBag from /opt/airflow/dags/my_dag.py
[2025-04-22T21:44:33.828+0000] {processor.py:925} INFO - DAG(s) 'TFL_DATA_DAG' retrieved from /opt/airflow/dags/my_dag.py
[2025-04-22T21:44:33.855+0000] {logging_mixin.py:190} INFO - [2025-04-22T21:44:33.855+0000] {dag.py:3239} INFO - Sync 1 DAGs
[2025-04-22T21:44:33.882+0000] {logging_mixin.py:190} INFO - [2025-04-22T21:44:33.882+0000] {dag.py:4180} INFO - Setting next_dagrun for TFL_DATA_DAG to 2025-04-22 00:00:00+00:00, run_after=2025-04-23 00:00:00+00:00
[2025-04-22T21:44:33.905+0000] {processor.py:208} INFO - Processing /opt/airflow/dags/my_dag.py took 0.113 seconds
[2025-04-22T21:45:04.191+0000] {processor.py:186} INFO - Started process (PID=705) to work on /opt/airflow/dags/my_dag.py
[2025-04-22T21:45:04.193+0000] {processor.py:914} INFO - Processing file /opt/airflow/dags/my_dag.py for tasks to queue
[2025-04-22T21:45:04.199+0000] {logging_mixin.py:190} INFO - [2025-04-22T21:45:04.199+0000] {dagbag.py:588} INFO - Filling up the DagBag from /opt/airflow/dags/my_dag.py
[2025-04-22T21:45:04.235+0000] {processor.py:925} INFO - DAG(s) 'TFL_DATA_DAG' retrieved from /opt/airflow/dags/my_dag.py
[2025-04-22T21:45:04.275+0000] {logging_mixin.py:190} INFO - [2025-04-22T21:45:04.274+0000] {dag.py:3239} INFO - Sync 1 DAGs
[2025-04-22T21:45:04.324+0000] {logging_mixin.py:190} INFO - [2025-04-22T21:45:04.323+0000] {dag.py:4180} INFO - Setting next_dagrun for TFL_DATA_DAG to 2025-04-22 00:00:00+00:00, run_after=2025-04-23 00:00:00+00:00
[2025-04-22T21:45:04.356+0000] {processor.py:208} INFO - Processing /opt/airflow/dags/my_dag.py took 0.180 seconds
[2025-04-22T21:45:34.776+0000] {processor.py:186} INFO - Started process (PID=720) to work on /opt/airflow/dags/my_dag.py
[2025-04-22T21:45:34.778+0000] {processor.py:914} INFO - Processing file /opt/airflow/dags/my_dag.py for tasks to queue
[2025-04-22T21:45:34.784+0000] {logging_mixin.py:190} INFO - [2025-04-22T21:45:34.783+0000] {dagbag.py:588} INFO - Filling up the DagBag from /opt/airflow/dags/my_dag.py
[2025-04-22T21:45:34.821+0000] {processor.py:925} INFO - DAG(s) 'TFL_DATA_DAG' retrieved from /opt/airflow/dags/my_dag.py
[2025-04-22T21:45:34.865+0000] {logging_mixin.py:190} INFO - [2025-04-22T21:45:34.864+0000] {dag.py:3239} INFO - Sync 1 DAGs
[2025-04-22T21:45:34.913+0000] {logging_mixin.py:190} INFO - [2025-04-22T21:45:34.912+0000] {dag.py:4180} INFO - Setting next_dagrun for TFL_DATA_DAG to 2025-04-22 00:00:00+00:00, run_after=2025-04-23 00:00:00+00:00
[2025-04-22T21:45:34.944+0000] {processor.py:208} INFO - Processing /opt/airflow/dags/my_dag.py took 0.182 seconds
[2025-04-22T21:46:05.135+0000] {processor.py:186} INFO - Started process (PID=736) to work on /opt/airflow/dags/my_dag.py
[2025-04-22T21:46:05.137+0000] {processor.py:914} INFO - Processing file /opt/airflow/dags/my_dag.py for tasks to queue
[2025-04-22T21:46:05.142+0000] {logging_mixin.py:190} INFO - [2025-04-22T21:46:05.141+0000] {dagbag.py:588} INFO - Filling up the DagBag from /opt/airflow/dags/my_dag.py
[2025-04-22T21:46:05.177+0000] {processor.py:925} INFO - DAG(s) 'TFL_DATA_DAG' retrieved from /opt/airflow/dags/my_dag.py
[2025-04-22T21:46:05.219+0000] {logging_mixin.py:190} INFO - [2025-04-22T21:46:05.218+0000] {dag.py:3239} INFO - Sync 1 DAGs
[2025-04-22T21:46:05.261+0000] {logging_mixin.py:190} INFO - [2025-04-22T21:46:05.260+0000] {dag.py:4180} INFO - Setting next_dagrun for TFL_DATA_DAG to 2025-04-22 00:00:00+00:00, run_after=2025-04-23 00:00:00+00:00
[2025-04-22T21:46:05.289+0000] {processor.py:208} INFO - Processing /opt/airflow/dags/my_dag.py took 0.166 seconds
[2025-04-22T21:46:35.651+0000] {processor.py:186} INFO - Started process (PID=752) to work on /opt/airflow/dags/my_dag.py
[2025-04-22T21:46:35.656+0000] {processor.py:914} INFO - Processing file /opt/airflow/dags/my_dag.py for tasks to queue
[2025-04-22T21:46:35.661+0000] {logging_mixin.py:190} INFO - [2025-04-22T21:46:35.660+0000] {dagbag.py:588} INFO - Filling up the DagBag from /opt/airflow/dags/my_dag.py
[2025-04-22T21:46:35.704+0000] {processor.py:925} INFO - DAG(s) 'TFL_DATA_DAG' retrieved from /opt/airflow/dags/my_dag.py
[2025-04-22T21:46:35.755+0000] {logging_mixin.py:190} INFO - [2025-04-22T21:46:35.754+0000] {dag.py:3239} INFO - Sync 1 DAGs
[2025-04-22T21:46:35.797+0000] {logging_mixin.py:190} INFO - [2025-04-22T21:46:35.796+0000] {dag.py:4180} INFO - Setting next_dagrun for TFL_DATA_DAG to 2025-04-22 00:00:00+00:00, run_after=2025-04-23 00:00:00+00:00
[2025-04-22T21:46:35.829+0000] {processor.py:208} INFO - Processing /opt/airflow/dags/my_dag.py took 0.189 seconds
[2025-04-22T21:47:06.062+0000] {processor.py:186} INFO - Started process (PID=768) to work on /opt/airflow/dags/my_dag.py
[2025-04-22T21:47:06.064+0000] {processor.py:914} INFO - Processing file /opt/airflow/dags/my_dag.py for tasks to queue
[2025-04-22T21:47:06.068+0000] {logging_mixin.py:190} INFO - [2025-04-22T21:47:06.068+0000] {dagbag.py:588} INFO - Filling up the DagBag from /opt/airflow/dags/my_dag.py
[2025-04-22T21:47:06.103+0000] {processor.py:925} INFO - DAG(s) 'TFL_DATA_DAG' retrieved from /opt/airflow/dags/my_dag.py
[2025-04-22T21:47:06.147+0000] {logging_mixin.py:190} INFO - [2025-04-22T21:47:06.146+0000] {dag.py:3239} INFO - Sync 1 DAGs
[2025-04-22T21:47:06.183+0000] {logging_mixin.py:190} INFO - [2025-04-22T21:47:06.182+0000] {dag.py:4180} INFO - Setting next_dagrun for TFL_DATA_DAG to 2025-04-22 00:00:00+00:00, run_after=2025-04-23 00:00:00+00:00
[2025-04-22T21:47:06.211+0000] {processor.py:208} INFO - Processing /opt/airflow/dags/my_dag.py took 0.159 seconds
[2025-04-22T21:47:36.565+0000] {processor.py:186} INFO - Started process (PID=784) to work on /opt/airflow/dags/my_dag.py
[2025-04-22T21:47:36.567+0000] {processor.py:914} INFO - Processing file /opt/airflow/dags/my_dag.py for tasks to queue
[2025-04-22T21:47:36.571+0000] {logging_mixin.py:190} INFO - [2025-04-22T21:47:36.571+0000] {dagbag.py:588} INFO - Filling up the DagBag from /opt/airflow/dags/my_dag.py
[2025-04-22T21:47:36.598+0000] {processor.py:925} INFO - DAG(s) 'TFL_DATA_DAG' retrieved from /opt/airflow/dags/my_dag.py
[2025-04-22T21:47:36.627+0000] {logging_mixin.py:190} INFO - [2025-04-22T21:47:36.627+0000] {dag.py:3239} INFO - Sync 1 DAGs
[2025-04-22T21:47:36.653+0000] {logging_mixin.py:190} INFO - [2025-04-22T21:47:36.653+0000] {dag.py:4180} INFO - Setting next_dagrun for TFL_DATA_DAG to 2025-04-22 00:00:00+00:00, run_after=2025-04-23 00:00:00+00:00
[2025-04-22T21:47:36.679+0000] {processor.py:208} INFO - Processing /opt/airflow/dags/my_dag.py took 0.120 seconds
[2025-04-22T21:48:06.889+0000] {processor.py:186} INFO - Started process (PID=800) to work on /opt/airflow/dags/my_dag.py
[2025-04-22T21:48:06.892+0000] {processor.py:914} INFO - Processing file /opt/airflow/dags/my_dag.py for tasks to queue
[2025-04-22T21:48:06.897+0000] {logging_mixin.py:190} INFO - [2025-04-22T21:48:06.896+0000] {dagbag.py:588} INFO - Filling up the DagBag from /opt/airflow/dags/my_dag.py
[2025-04-22T21:48:06.931+0000] {processor.py:925} INFO - DAG(s) 'TFL_DATA_DAG' retrieved from /opt/airflow/dags/my_dag.py
[2025-04-22T21:48:06.967+0000] {logging_mixin.py:190} INFO - [2025-04-22T21:48:06.967+0000] {dag.py:3239} INFO - Sync 1 DAGs
[2025-04-22T21:48:07.006+0000] {logging_mixin.py:190} INFO - [2025-04-22T21:48:07.005+0000] {dag.py:4180} INFO - Setting next_dagrun for TFL_DATA_DAG to 2025-04-22 00:00:00+00:00, run_after=2025-04-23 00:00:00+00:00
[2025-04-22T21:48:07.040+0000] {processor.py:208} INFO - Processing /opt/airflow/dags/my_dag.py took 0.160 seconds
[2025-04-22T21:48:37.458+0000] {processor.py:186} INFO - Started process (PID=816) to work on /opt/airflow/dags/my_dag.py
[2025-04-22T21:48:37.461+0000] {processor.py:914} INFO - Processing file /opt/airflow/dags/my_dag.py for tasks to queue
[2025-04-22T21:48:37.469+0000] {logging_mixin.py:190} INFO - [2025-04-22T21:48:37.468+0000] {dagbag.py:588} INFO - Filling up the DagBag from /opt/airflow/dags/my_dag.py
[2025-04-22T21:48:37.507+0000] {processor.py:925} INFO - DAG(s) 'TFL_DATA_DAG' retrieved from /opt/airflow/dags/my_dag.py
[2025-04-22T21:48:37.548+0000] {logging_mixin.py:190} INFO - [2025-04-22T21:48:37.548+0000] {dag.py:3239} INFO - Sync 1 DAGs
[2025-04-22T21:48:37.588+0000] {logging_mixin.py:190} INFO - [2025-04-22T21:48:37.587+0000] {dag.py:4180} INFO - Setting next_dagrun for TFL_DATA_DAG to 2025-04-22 00:00:00+00:00, run_after=2025-04-23 00:00:00+00:00
[2025-04-22T21:48:37.625+0000] {processor.py:208} INFO - Processing /opt/airflow/dags/my_dag.py took 0.178 seconds
[2025-04-22T21:49:07.815+0000] {processor.py:186} INFO - Started process (PID=832) to work on /opt/airflow/dags/my_dag.py
[2025-04-22T21:49:07.818+0000] {processor.py:914} INFO - Processing file /opt/airflow/dags/my_dag.py for tasks to queue
[2025-04-22T21:49:07.823+0000] {logging_mixin.py:190} INFO - [2025-04-22T21:49:07.822+0000] {dagbag.py:588} INFO - Filling up the DagBag from /opt/airflow/dags/my_dag.py
[2025-04-22T21:49:07.863+0000] {processor.py:925} INFO - DAG(s) 'TFL_DATA_DAG' retrieved from /opt/airflow/dags/my_dag.py
[2025-04-22T21:49:07.899+0000] {logging_mixin.py:190} INFO - [2025-04-22T21:49:07.899+0000] {dag.py:3239} INFO - Sync 1 DAGs
[2025-04-22T21:49:07.958+0000] {logging_mixin.py:190} INFO - [2025-04-22T21:49:07.957+0000] {dag.py:4180} INFO - Setting next_dagrun for TFL_DATA_DAG to 2025-04-22 00:00:00+00:00, run_after=2025-04-23 00:00:00+00:00
[2025-04-22T21:49:07.991+0000] {processor.py:208} INFO - Processing /opt/airflow/dags/my_dag.py took 0.185 seconds
[2025-04-22T21:49:38.345+0000] {processor.py:186} INFO - Started process (PID=848) to work on /opt/airflow/dags/my_dag.py
[2025-04-22T21:49:38.347+0000] {processor.py:914} INFO - Processing file /opt/airflow/dags/my_dag.py for tasks to queue
[2025-04-22T21:49:38.352+0000] {logging_mixin.py:190} INFO - [2025-04-22T21:49:38.351+0000] {dagbag.py:588} INFO - Filling up the DagBag from /opt/airflow/dags/my_dag.py
[2025-04-22T21:49:38.385+0000] {processor.py:925} INFO - DAG(s) 'TFL_DATA_DAG' retrieved from /opt/airflow/dags/my_dag.py
[2025-04-22T21:49:38.422+0000] {logging_mixin.py:190} INFO - [2025-04-22T21:49:38.422+0000] {dag.py:3239} INFO - Sync 1 DAGs
[2025-04-22T21:49:38.462+0000] {logging_mixin.py:190} INFO - [2025-04-22T21:49:38.462+0000] {dag.py:4180} INFO - Setting next_dagrun for TFL_DATA_DAG to 2025-04-22 00:00:00+00:00, run_after=2025-04-23 00:00:00+00:00
[2025-04-22T21:49:38.490+0000] {processor.py:208} INFO - Processing /opt/airflow/dags/my_dag.py took 0.155 seconds
[2025-04-22T21:50:08.818+0000] {processor.py:186} INFO - Started process (PID=864) to work on /opt/airflow/dags/my_dag.py
[2025-04-22T21:50:08.820+0000] {processor.py:914} INFO - Processing file /opt/airflow/dags/my_dag.py for tasks to queue
[2025-04-22T21:50:08.825+0000] {logging_mixin.py:190} INFO - [2025-04-22T21:50:08.825+0000] {dagbag.py:588} INFO - Filling up the DagBag from /opt/airflow/dags/my_dag.py
[2025-04-22T21:50:08.869+0000] {processor.py:925} INFO - DAG(s) 'TFL_DATA_DAG' retrieved from /opt/airflow/dags/my_dag.py
[2025-04-22T21:50:08.903+0000] {logging_mixin.py:190} INFO - [2025-04-22T21:50:08.902+0000] {dag.py:3239} INFO - Sync 1 DAGs
[2025-04-22T21:50:08.937+0000] {logging_mixin.py:190} INFO - [2025-04-22T21:50:08.937+0000] {dag.py:4180} INFO - Setting next_dagrun for TFL_DATA_DAG to 2025-04-22 00:00:00+00:00, run_after=2025-04-23 00:00:00+00:00
[2025-04-22T21:50:08.965+0000] {processor.py:208} INFO - Processing /opt/airflow/dags/my_dag.py took 0.156 seconds
[2025-04-22T21:50:39.384+0000] {processor.py:186} INFO - Started process (PID=880) to work on /opt/airflow/dags/my_dag.py
[2025-04-22T21:50:39.387+0000] {processor.py:914} INFO - Processing file /opt/airflow/dags/my_dag.py for tasks to queue
[2025-04-22T21:50:39.393+0000] {logging_mixin.py:190} INFO - [2025-04-22T21:50:39.392+0000] {dagbag.py:588} INFO - Filling up the DagBag from /opt/airflow/dags/my_dag.py
[2025-04-22T21:50:39.428+0000] {processor.py:925} INFO - DAG(s) 'TFL_DATA_DAG' retrieved from /opt/airflow/dags/my_dag.py
[2025-04-22T21:50:39.468+0000] {logging_mixin.py:190} INFO - [2025-04-22T21:50:39.467+0000] {dag.py:3239} INFO - Sync 1 DAGs
[2025-04-22T21:50:39.520+0000] {logging_mixin.py:190} INFO - [2025-04-22T21:50:39.520+0000] {dag.py:4180} INFO - Setting next_dagrun for TFL_DATA_DAG to 2025-04-22 00:00:00+00:00, run_after=2025-04-23 00:00:00+00:00
[2025-04-22T21:50:39.558+0000] {processor.py:208} INFO - Processing /opt/airflow/dags/my_dag.py took 0.183 seconds
[2025-04-22T21:51:09.950+0000] {processor.py:186} INFO - Started process (PID=896) to work on /opt/airflow/dags/my_dag.py
[2025-04-22T21:51:09.953+0000] {processor.py:914} INFO - Processing file /opt/airflow/dags/my_dag.py for tasks to queue
[2025-04-22T21:51:09.959+0000] {logging_mixin.py:190} INFO - [2025-04-22T21:51:09.958+0000] {dagbag.py:588} INFO - Filling up the DagBag from /opt/airflow/dags/my_dag.py
[2025-04-22T21:51:09.995+0000] {processor.py:925} INFO - DAG(s) 'TFL_DATA_DAG' retrieved from /opt/airflow/dags/my_dag.py
[2025-04-22T21:51:10.032+0000] {logging_mixin.py:190} INFO - [2025-04-22T21:51:10.031+0000] {dag.py:3239} INFO - Sync 1 DAGs
[2025-04-22T21:51:10.073+0000] {logging_mixin.py:190} INFO - [2025-04-22T21:51:10.073+0000] {dag.py:4180} INFO - Setting next_dagrun for TFL_DATA_DAG to 2025-04-22 00:00:00+00:00, run_after=2025-04-23 00:00:00+00:00
[2025-04-22T21:51:10.104+0000] {processor.py:208} INFO - Processing /opt/airflow/dags/my_dag.py took 0.167 seconds
[2025-04-22T21:51:40.251+0000] {processor.py:186} INFO - Started process (PID=912) to work on /opt/airflow/dags/my_dag.py
[2025-04-22T21:51:40.253+0000] {processor.py:914} INFO - Processing file /opt/airflow/dags/my_dag.py for tasks to queue
[2025-04-22T21:51:40.258+0000] {logging_mixin.py:190} INFO - [2025-04-22T21:51:40.257+0000] {dagbag.py:588} INFO - Filling up the DagBag from /opt/airflow/dags/my_dag.py
[2025-04-22T21:51:40.290+0000] {processor.py:925} INFO - DAG(s) 'TFL_DATA_DAG' retrieved from /opt/airflow/dags/my_dag.py
[2025-04-22T21:51:40.337+0000] {logging_mixin.py:190} INFO - [2025-04-22T21:51:40.336+0000] {dag.py:3239} INFO - Sync 1 DAGs
[2025-04-22T21:51:40.377+0000] {logging_mixin.py:190} INFO - [2025-04-22T21:51:40.377+0000] {dag.py:4180} INFO - Setting next_dagrun for TFL_DATA_DAG to 2025-04-22 00:00:00+00:00, run_after=2025-04-23 00:00:00+00:00
[2025-04-22T21:51:40.407+0000] {processor.py:208} INFO - Processing /opt/airflow/dags/my_dag.py took 0.165 seconds
[2025-04-22T21:52:10.762+0000] {processor.py:186} INFO - Started process (PID=928) to work on /opt/airflow/dags/my_dag.py
[2025-04-22T21:52:10.765+0000] {processor.py:914} INFO - Processing file /opt/airflow/dags/my_dag.py for tasks to queue
[2025-04-22T21:52:10.770+0000] {logging_mixin.py:190} INFO - [2025-04-22T21:52:10.769+0000] {dagbag.py:588} INFO - Filling up the DagBag from /opt/airflow/dags/my_dag.py
[2025-04-22T21:52:10.801+0000] {processor.py:925} INFO - DAG(s) 'TFL_DATA_DAG' retrieved from /opt/airflow/dags/my_dag.py
[2025-04-22T21:52:10.838+0000] {logging_mixin.py:190} INFO - [2025-04-22T21:52:10.838+0000] {dag.py:3239} INFO - Sync 1 DAGs
[2025-04-22T21:52:10.878+0000] {logging_mixin.py:190} INFO - [2025-04-22T21:52:10.878+0000] {dag.py:4180} INFO - Setting next_dagrun for TFL_DATA_DAG to 2025-04-22 00:00:00+00:00, run_after=2025-04-23 00:00:00+00:00
[2025-04-22T21:52:10.910+0000] {processor.py:208} INFO - Processing /opt/airflow/dags/my_dag.py took 0.158 seconds
[2025-04-22T21:52:41.116+0000] {processor.py:186} INFO - Started process (PID=944) to work on /opt/airflow/dags/my_dag.py
[2025-04-22T21:52:41.119+0000] {processor.py:914} INFO - Processing file /opt/airflow/dags/my_dag.py for tasks to queue
[2025-04-22T21:52:41.124+0000] {logging_mixin.py:190} INFO - [2025-04-22T21:52:41.123+0000] {dagbag.py:588} INFO - Filling up the DagBag from /opt/airflow/dags/my_dag.py
[2025-04-22T21:52:41.155+0000] {processor.py:925} INFO - DAG(s) 'TFL_DATA_DAG' retrieved from /opt/airflow/dags/my_dag.py
[2025-04-22T21:52:41.194+0000] {logging_mixin.py:190} INFO - [2025-04-22T21:52:41.194+0000] {dag.py:3239} INFO - Sync 1 DAGs
[2025-04-22T21:52:41.235+0000] {logging_mixin.py:190} INFO - [2025-04-22T21:52:41.234+0000] {dag.py:4180} INFO - Setting next_dagrun for TFL_DATA_DAG to 2025-04-22 00:00:00+00:00, run_after=2025-04-23 00:00:00+00:00
[2025-04-22T21:52:41.261+0000] {processor.py:208} INFO - Processing /opt/airflow/dags/my_dag.py took 0.155 seconds
[2025-04-22T21:53:11.567+0000] {processor.py:186} INFO - Started process (PID=960) to work on /opt/airflow/dags/my_dag.py
[2025-04-22T21:53:11.570+0000] {processor.py:914} INFO - Processing file /opt/airflow/dags/my_dag.py for tasks to queue
[2025-04-22T21:53:11.574+0000] {logging_mixin.py:190} INFO - [2025-04-22T21:53:11.573+0000] {dagbag.py:588} INFO - Filling up the DagBag from /opt/airflow/dags/my_dag.py
[2025-04-22T21:53:11.607+0000] {processor.py:925} INFO - DAG(s) 'TFL_DATA_DAG' retrieved from /opt/airflow/dags/my_dag.py
[2025-04-22T21:53:11.642+0000] {logging_mixin.py:190} INFO - [2025-04-22T21:53:11.641+0000] {dag.py:3239} INFO - Sync 1 DAGs
[2025-04-22T21:53:11.677+0000] {logging_mixin.py:190} INFO - [2025-04-22T21:53:11.677+0000] {dag.py:4180} INFO - Setting next_dagrun for TFL_DATA_DAG to 2025-04-22 00:00:00+00:00, run_after=2025-04-23 00:00:00+00:00
[2025-04-22T21:53:11.708+0000] {processor.py:208} INFO - Processing /opt/airflow/dags/my_dag.py took 0.152 seconds
[2025-04-22T21:53:41.942+0000] {processor.py:186} INFO - Started process (PID=976) to work on /opt/airflow/dags/my_dag.py
[2025-04-22T21:53:41.945+0000] {processor.py:914} INFO - Processing file /opt/airflow/dags/my_dag.py for tasks to queue
[2025-04-22T21:53:41.950+0000] {logging_mixin.py:190} INFO - [2025-04-22T21:53:41.949+0000] {dagbag.py:588} INFO - Filling up the DagBag from /opt/airflow/dags/my_dag.py
[2025-04-22T21:53:41.987+0000] {processor.py:925} INFO - DAG(s) 'TFL_DATA_DAG' retrieved from /opt/airflow/dags/my_dag.py
[2025-04-22T21:53:42.023+0000] {logging_mixin.py:190} INFO - [2025-04-22T21:53:42.022+0000] {dag.py:3239} INFO - Sync 1 DAGs
[2025-04-22T21:53:42.055+0000] {logging_mixin.py:190} INFO - [2025-04-22T21:53:42.055+0000] {dag.py:4180} INFO - Setting next_dagrun for TFL_DATA_DAG to 2025-04-22 00:00:00+00:00, run_after=2025-04-23 00:00:00+00:00
[2025-04-22T21:53:42.085+0000] {processor.py:208} INFO - Processing /opt/airflow/dags/my_dag.py took 0.152 seconds
[2025-04-22T21:54:12.363+0000] {processor.py:186} INFO - Started process (PID=992) to work on /opt/airflow/dags/my_dag.py
[2025-04-22T21:54:12.367+0000] {processor.py:914} INFO - Processing file /opt/airflow/dags/my_dag.py for tasks to queue
[2025-04-22T21:54:12.372+0000] {logging_mixin.py:190} INFO - [2025-04-22T21:54:12.372+0000] {dagbag.py:588} INFO - Filling up the DagBag from /opt/airflow/dags/my_dag.py
[2025-04-22T21:54:12.404+0000] {processor.py:925} INFO - DAG(s) 'TFL_DATA_DAG' retrieved from /opt/airflow/dags/my_dag.py
[2025-04-22T21:54:12.438+0000] {logging_mixin.py:190} INFO - [2025-04-22T21:54:12.437+0000] {dag.py:3239} INFO - Sync 1 DAGs
[2025-04-22T21:54:12.472+0000] {logging_mixin.py:190} INFO - [2025-04-22T21:54:12.472+0000] {dag.py:4180} INFO - Setting next_dagrun for TFL_DATA_DAG to 2025-04-22 00:00:00+00:00, run_after=2025-04-23 00:00:00+00:00
[2025-04-22T21:54:12.500+0000] {processor.py:208} INFO - Processing /opt/airflow/dags/my_dag.py took 0.147 seconds
[2025-04-22T21:54:42.882+0000] {processor.py:186} INFO - Started process (PID=1008) to work on /opt/airflow/dags/my_dag.py
[2025-04-22T21:54:42.884+0000] {processor.py:914} INFO - Processing file /opt/airflow/dags/my_dag.py for tasks to queue
[2025-04-22T21:54:42.889+0000] {logging_mixin.py:190} INFO - [2025-04-22T21:54:42.889+0000] {dagbag.py:588} INFO - Filling up the DagBag from /opt/airflow/dags/my_dag.py
[2025-04-22T21:54:42.923+0000] {processor.py:925} INFO - DAG(s) 'TFL_DATA_DAG' retrieved from /opt/airflow/dags/my_dag.py
[2025-04-22T21:54:42.957+0000] {logging_mixin.py:190} INFO - [2025-04-22T21:54:42.957+0000] {dag.py:3239} INFO - Sync 1 DAGs
[2025-04-22T21:54:42.993+0000] {logging_mixin.py:190} INFO - [2025-04-22T21:54:42.992+0000] {dag.py:4180} INFO - Setting next_dagrun for TFL_DATA_DAG to 2025-04-22 00:00:00+00:00, run_after=2025-04-23 00:00:00+00:00
[2025-04-22T21:54:43.021+0000] {processor.py:208} INFO - Processing /opt/airflow/dags/my_dag.py took 0.151 seconds
[2025-04-22T21:55:13.297+0000] {processor.py:186} INFO - Started process (PID=1024) to work on /opt/airflow/dags/my_dag.py
[2025-04-22T21:55:13.300+0000] {processor.py:914} INFO - Processing file /opt/airflow/dags/my_dag.py for tasks to queue
[2025-04-22T21:55:13.308+0000] {logging_mixin.py:190} INFO - [2025-04-22T21:55:13.307+0000] {dagbag.py:588} INFO - Filling up the DagBag from /opt/airflow/dags/my_dag.py
[2025-04-22T21:55:13.346+0000] {processor.py:925} INFO - DAG(s) 'TFL_DATA_DAG' retrieved from /opt/airflow/dags/my_dag.py
[2025-04-22T21:55:13.401+0000] {logging_mixin.py:190} INFO - [2025-04-22T21:55:13.401+0000] {dag.py:3239} INFO - Sync 1 DAGs
[2025-04-22T21:55:13.468+0000] {logging_mixin.py:190} INFO - [2025-04-22T21:55:13.468+0000] {dag.py:4180} INFO - Setting next_dagrun for TFL_DATA_DAG to 2025-04-22 00:00:00+00:00, run_after=2025-04-23 00:00:00+00:00
[2025-04-22T21:55:13.508+0000] {processor.py:208} INFO - Processing /opt/airflow/dags/my_dag.py took 0.224 seconds
[2025-04-22T21:55:43.638+0000] {processor.py:186} INFO - Started process (PID=1040) to work on /opt/airflow/dags/my_dag.py
[2025-04-22T21:55:43.641+0000] {processor.py:914} INFO - Processing file /opt/airflow/dags/my_dag.py for tasks to queue
[2025-04-22T21:55:43.645+0000] {logging_mixin.py:190} INFO - [2025-04-22T21:55:43.644+0000] {dagbag.py:588} INFO - Filling up the DagBag from /opt/airflow/dags/my_dag.py
[2025-04-22T21:55:43.679+0000] {processor.py:925} INFO - DAG(s) 'TFL_DATA_DAG' retrieved from /opt/airflow/dags/my_dag.py
[2025-04-22T21:55:43.718+0000] {logging_mixin.py:190} INFO - [2025-04-22T21:55:43.717+0000] {dag.py:3239} INFO - Sync 1 DAGs
[2025-04-22T21:55:43.754+0000] {logging_mixin.py:190} INFO - [2025-04-22T21:55:43.754+0000] {dag.py:4180} INFO - Setting next_dagrun for TFL_DATA_DAG to 2025-04-22 00:00:00+00:00, run_after=2025-04-23 00:00:00+00:00
[2025-04-22T21:55:43.788+0000] {processor.py:208} INFO - Processing /opt/airflow/dags/my_dag.py took 0.156 seconds
[2025-04-22T21:56:14.148+0000] {processor.py:186} INFO - Started process (PID=1056) to work on /opt/airflow/dags/my_dag.py
[2025-04-22T21:56:14.150+0000] {processor.py:914} INFO - Processing file /opt/airflow/dags/my_dag.py for tasks to queue
[2025-04-22T21:56:14.155+0000] {logging_mixin.py:190} INFO - [2025-04-22T21:56:14.154+0000] {dagbag.py:588} INFO - Filling up the DagBag from /opt/airflow/dags/my_dag.py
[2025-04-22T21:56:14.189+0000] {processor.py:925} INFO - DAG(s) 'TFL_DATA_DAG' retrieved from /opt/airflow/dags/my_dag.py
[2025-04-22T21:56:14.233+0000] {logging_mixin.py:190} INFO - [2025-04-22T21:56:14.233+0000] {dag.py:3239} INFO - Sync 1 DAGs
[2025-04-22T21:56:14.273+0000] {logging_mixin.py:190} INFO - [2025-04-22T21:56:14.273+0000] {dag.py:4180} INFO - Setting next_dagrun for TFL_DATA_DAG to 2025-04-22 00:00:00+00:00, run_after=2025-04-23 00:00:00+00:00
[2025-04-22T21:56:14.305+0000] {processor.py:208} INFO - Processing /opt/airflow/dags/my_dag.py took 0.167 seconds
[2025-04-22T21:56:44.517+0000] {processor.py:186} INFO - Started process (PID=1072) to work on /opt/airflow/dags/my_dag.py
[2025-04-22T21:56:44.520+0000] {processor.py:914} INFO - Processing file /opt/airflow/dags/my_dag.py for tasks to queue
[2025-04-22T21:56:44.526+0000] {logging_mixin.py:190} INFO - [2025-04-22T21:56:44.525+0000] {dagbag.py:588} INFO - Filling up the DagBag from /opt/airflow/dags/my_dag.py
[2025-04-22T21:56:44.560+0000] {processor.py:925} INFO - DAG(s) 'TFL_DATA_DAG' retrieved from /opt/airflow/dags/my_dag.py
[2025-04-22T21:56:44.600+0000] {logging_mixin.py:190} INFO - [2025-04-22T21:56:44.599+0000] {dag.py:3239} INFO - Sync 1 DAGs
[2025-04-22T21:56:44.644+0000] {logging_mixin.py:190} INFO - [2025-04-22T21:56:44.644+0000] {dag.py:4180} INFO - Setting next_dagrun for TFL_DATA_DAG to 2025-04-22 00:00:00+00:00, run_after=2025-04-23 00:00:00+00:00
[2025-04-22T21:56:44.679+0000] {processor.py:208} INFO - Processing /opt/airflow/dags/my_dag.py took 0.172 seconds
[2025-04-22T21:57:14.990+0000] {processor.py:186} INFO - Started process (PID=1088) to work on /opt/airflow/dags/my_dag.py
[2025-04-22T21:57:14.994+0000] {processor.py:914} INFO - Processing file /opt/airflow/dags/my_dag.py for tasks to queue
[2025-04-22T21:57:15.003+0000] {logging_mixin.py:190} INFO - [2025-04-22T21:57:15.002+0000] {dagbag.py:588} INFO - Filling up the DagBag from /opt/airflow/dags/my_dag.py
[2025-04-22T21:57:15.105+0000] {processor.py:925} INFO - DAG(s) 'TFL_DATA_DAG' retrieved from /opt/airflow/dags/my_dag.py
[2025-04-22T21:57:15.168+0000] {logging_mixin.py:190} INFO - [2025-04-22T21:57:15.168+0000] {dag.py:3239} INFO - Sync 1 DAGs
[2025-04-22T21:57:15.202+0000] {logging_mixin.py:190} INFO - [2025-04-22T21:57:15.201+0000] {dag.py:4180} INFO - Setting next_dagrun for TFL_DATA_DAG to 2025-04-22 00:00:00+00:00, run_after=2025-04-23 00:00:00+00:00
[2025-04-22T21:57:15.230+0000] {processor.py:208} INFO - Processing /opt/airflow/dags/my_dag.py took 0.250 seconds
[2025-04-22T21:57:45.625+0000] {processor.py:186} INFO - Started process (PID=1109) to work on /opt/airflow/dags/my_dag.py
[2025-04-22T21:57:45.628+0000] {processor.py:914} INFO - Processing file /opt/airflow/dags/my_dag.py for tasks to queue
[2025-04-22T21:57:45.634+0000] {logging_mixin.py:190} INFO - [2025-04-22T21:57:45.633+0000] {dagbag.py:588} INFO - Filling up the DagBag from /opt/airflow/dags/my_dag.py
[2025-04-22T21:57:45.676+0000] {processor.py:925} INFO - DAG(s) 'TFL_DATA_DAG' retrieved from /opt/airflow/dags/my_dag.py
[2025-04-22T21:57:45.723+0000] {logging_mixin.py:190} INFO - [2025-04-22T21:57:45.722+0000] {dag.py:3239} INFO - Sync 1 DAGs
[2025-04-22T21:57:45.766+0000] {logging_mixin.py:190} INFO - [2025-04-22T21:57:45.765+0000] {dag.py:4180} INFO - Setting next_dagrun for TFL_DATA_DAG to 2025-04-22 00:00:00+00:00, run_after=2025-04-23 00:00:00+00:00
[2025-04-22T21:57:45.797+0000] {processor.py:208} INFO - Processing /opt/airflow/dags/my_dag.py took 0.182 seconds
[2025-04-22T21:58:16.177+0000] {processor.py:186} INFO - Started process (PID=1125) to work on /opt/airflow/dags/my_dag.py
[2025-04-22T21:58:16.180+0000] {processor.py:914} INFO - Processing file /opt/airflow/dags/my_dag.py for tasks to queue
[2025-04-22T21:58:16.187+0000] {logging_mixin.py:190} INFO - [2025-04-22T21:58:16.186+0000] {dagbag.py:588} INFO - Filling up the DagBag from /opt/airflow/dags/my_dag.py
[2025-04-22T21:58:16.227+0000] {processor.py:925} INFO - DAG(s) 'TFL_DATA_DAG' retrieved from /opt/airflow/dags/my_dag.py
[2025-04-22T21:58:16.262+0000] {logging_mixin.py:190} INFO - [2025-04-22T21:58:16.261+0000] {dag.py:3239} INFO - Sync 1 DAGs
[2025-04-22T21:58:16.299+0000] {logging_mixin.py:190} INFO - [2025-04-22T21:58:16.299+0000] {dag.py:4180} INFO - Setting next_dagrun for TFL_DATA_DAG to 2025-04-22 00:00:00+00:00, run_after=2025-04-23 00:00:00+00:00
[2025-04-22T21:58:16.335+0000] {processor.py:208} INFO - Processing /opt/airflow/dags/my_dag.py took 0.172 seconds
[2025-04-22T21:58:46.716+0000] {processor.py:186} INFO - Started process (PID=1141) to work on /opt/airflow/dags/my_dag.py
[2025-04-22T21:58:46.719+0000] {processor.py:914} INFO - Processing file /opt/airflow/dags/my_dag.py for tasks to queue
[2025-04-22T21:58:46.724+0000] {logging_mixin.py:190} INFO - [2025-04-22T21:58:46.723+0000] {dagbag.py:588} INFO - Filling up the DagBag from /opt/airflow/dags/my_dag.py
[2025-04-22T21:58:46.756+0000] {processor.py:925} INFO - DAG(s) 'TFL_DATA_DAG' retrieved from /opt/airflow/dags/my_dag.py
[2025-04-22T21:58:46.788+0000] {logging_mixin.py:190} INFO - [2025-04-22T21:58:46.788+0000] {dag.py:3239} INFO - Sync 1 DAGs
[2025-04-22T21:58:46.820+0000] {logging_mixin.py:190} INFO - [2025-04-22T21:58:46.820+0000] {dag.py:4180} INFO - Setting next_dagrun for TFL_DATA_DAG to 2025-04-22 00:00:00+00:00, run_after=2025-04-23 00:00:00+00:00
[2025-04-22T21:58:46.849+0000] {processor.py:208} INFO - Processing /opt/airflow/dags/my_dag.py took 0.141 seconds
[2025-04-22T21:59:17.231+0000] {processor.py:186} INFO - Started process (PID=1157) to work on /opt/airflow/dags/my_dag.py
[2025-04-22T21:59:17.235+0000] {processor.py:914} INFO - Processing file /opt/airflow/dags/my_dag.py for tasks to queue
[2025-04-22T21:59:17.240+0000] {logging_mixin.py:190} INFO - [2025-04-22T21:59:17.239+0000] {dagbag.py:588} INFO - Filling up the DagBag from /opt/airflow/dags/my_dag.py
[2025-04-22T21:59:17.279+0000] {processor.py:925} INFO - DAG(s) 'TFL_DATA_DAG' retrieved from /opt/airflow/dags/my_dag.py
[2025-04-22T21:59:17.325+0000] {logging_mixin.py:190} INFO - [2025-04-22T21:59:17.324+0000] {dag.py:3239} INFO - Sync 1 DAGs
[2025-04-22T21:59:17.364+0000] {logging_mixin.py:190} INFO - [2025-04-22T21:59:17.363+0000] {dag.py:4180} INFO - Setting next_dagrun for TFL_DATA_DAG to 2025-04-22 00:00:00+00:00, run_after=2025-04-23 00:00:00+00:00
[2025-04-22T21:59:17.397+0000] {processor.py:208} INFO - Processing /opt/airflow/dags/my_dag.py took 0.176 seconds
[2025-04-22T21:59:47.777+0000] {processor.py:186} INFO - Started process (PID=1173) to work on /opt/airflow/dags/my_dag.py
[2025-04-22T21:59:47.779+0000] {processor.py:914} INFO - Processing file /opt/airflow/dags/my_dag.py for tasks to queue
[2025-04-22T21:59:47.784+0000] {logging_mixin.py:190} INFO - [2025-04-22T21:59:47.784+0000] {dagbag.py:588} INFO - Filling up the DagBag from /opt/airflow/dags/my_dag.py
[2025-04-22T21:59:47.820+0000] {processor.py:925} INFO - DAG(s) 'TFL_DATA_DAG' retrieved from /opt/airflow/dags/my_dag.py
[2025-04-22T21:59:47.857+0000] {logging_mixin.py:190} INFO - [2025-04-22T21:59:47.857+0000] {dag.py:3239} INFO - Sync 1 DAGs
[2025-04-22T21:59:47.892+0000] {logging_mixin.py:190} INFO - [2025-04-22T21:59:47.892+0000] {dag.py:4180} INFO - Setting next_dagrun for TFL_DATA_DAG to 2025-04-22 00:00:00+00:00, run_after=2025-04-23 00:00:00+00:00
[2025-04-22T21:59:47.928+0000] {processor.py:208} INFO - Processing /opt/airflow/dags/my_dag.py took 0.161 seconds
[2025-04-22T22:00:18.314+0000] {processor.py:186} INFO - Started process (PID=1199) to work on /opt/airflow/dags/my_dag.py
[2025-04-22T22:00:18.316+0000] {processor.py:914} INFO - Processing file /opt/airflow/dags/my_dag.py for tasks to queue
[2025-04-22T22:00:18.318+0000] {logging_mixin.py:190} INFO - [2025-04-22T22:00:18.318+0000] {dagbag.py:588} INFO - Filling up the DagBag from /opt/airflow/dags/my_dag.py
[2025-04-22T22:00:18.339+0000] {processor.py:925} INFO - DAG(s) 'TFL_DATA_DAG' retrieved from /opt/airflow/dags/my_dag.py
[2025-04-22T22:00:18.364+0000] {logging_mixin.py:190} INFO - [2025-04-22T22:00:18.363+0000] {dag.py:3239} INFO - Sync 1 DAGs
[2025-04-22T22:00:18.398+0000] {logging_mixin.py:190} INFO - [2025-04-22T22:00:18.398+0000] {dag.py:4180} INFO - Setting next_dagrun for TFL_DATA_DAG to 2025-04-22 00:00:00+00:00, run_after=2025-04-23 00:00:00+00:00
[2025-04-22T22:00:18.427+0000] {processor.py:208} INFO - Processing /opt/airflow/dags/my_dag.py took 0.118 seconds
[2025-04-22T22:00:48.944+0000] {processor.py:186} INFO - Started process (PID=1225) to work on /opt/airflow/dags/my_dag.py
[2025-04-22T22:00:48.947+0000] {processor.py:914} INFO - Processing file /opt/airflow/dags/my_dag.py for tasks to queue
[2025-04-22T22:00:48.954+0000] {logging_mixin.py:190} INFO - [2025-04-22T22:00:48.953+0000] {dagbag.py:588} INFO - Filling up the DagBag from /opt/airflow/dags/my_dag.py
[2025-04-22T22:00:48.988+0000] {processor.py:925} INFO - DAG(s) 'TFL_DATA_DAG' retrieved from /opt/airflow/dags/my_dag.py
[2025-04-22T22:00:49.038+0000] {logging_mixin.py:190} INFO - [2025-04-22T22:00:49.037+0000] {dag.py:3239} INFO - Sync 1 DAGs
[2025-04-22T22:00:49.086+0000] {logging_mixin.py:190} INFO - [2025-04-22T22:00:49.086+0000] {dag.py:4180} INFO - Setting next_dagrun for TFL_DATA_DAG to 2025-04-22 00:00:00+00:00, run_after=2025-04-23 00:00:00+00:00
[2025-04-22T22:00:49.120+0000] {processor.py:208} INFO - Processing /opt/airflow/dags/my_dag.py took 0.187 seconds
[2025-04-22T22:01:19.561+0000] {processor.py:186} INFO - Started process (PID=1256) to work on /opt/airflow/dags/my_dag.py
[2025-04-22T22:01:19.567+0000] {processor.py:914} INFO - Processing file /opt/airflow/dags/my_dag.py for tasks to queue
[2025-04-22T22:01:19.578+0000] {logging_mixin.py:190} INFO - [2025-04-22T22:01:19.577+0000] {dagbag.py:588} INFO - Filling up the DagBag from /opt/airflow/dags/my_dag.py
[2025-04-22T22:01:19.635+0000] {processor.py:925} INFO - DAG(s) 'TFL_DATA_DAG' retrieved from /opt/airflow/dags/my_dag.py
[2025-04-22T22:01:19.672+0000] {logging_mixin.py:190} INFO - [2025-04-22T22:01:19.671+0000] {dag.py:3239} INFO - Sync 1 DAGs
[2025-04-22T22:01:19.702+0000] {logging_mixin.py:190} INFO - [2025-04-22T22:01:19.701+0000] {dag.py:4180} INFO - Setting next_dagrun for TFL_DATA_DAG to 2025-04-22 00:00:00+00:00, run_after=2025-04-23 00:00:00+00:00
[2025-04-22T22:01:19.732+0000] {processor.py:208} INFO - Processing /opt/airflow/dags/my_dag.py took 0.186 seconds
[2025-04-22T22:01:50.176+0000] {processor.py:186} INFO - Started process (PID=1276) to work on /opt/airflow/dags/my_dag.py
[2025-04-22T22:01:50.179+0000] {processor.py:914} INFO - Processing file /opt/airflow/dags/my_dag.py for tasks to queue
[2025-04-22T22:01:50.186+0000] {logging_mixin.py:190} INFO - [2025-04-22T22:01:50.185+0000] {dagbag.py:588} INFO - Filling up the DagBag from /opt/airflow/dags/my_dag.py
[2025-04-22T22:01:50.222+0000] {processor.py:925} INFO - DAG(s) 'TFL_DATA_DAG' retrieved from /opt/airflow/dags/my_dag.py
[2025-04-22T22:01:50.268+0000] {logging_mixin.py:190} INFO - [2025-04-22T22:01:50.267+0000] {dag.py:3239} INFO - Sync 1 DAGs
[2025-04-22T22:01:50.314+0000] {logging_mixin.py:190} INFO - [2025-04-22T22:01:50.313+0000] {dag.py:4180} INFO - Setting next_dagrun for TFL_DATA_DAG to 2025-04-22 00:00:00+00:00, run_after=2025-04-23 00:00:00+00:00
[2025-04-22T22:01:50.345+0000] {processor.py:208} INFO - Processing /opt/airflow/dags/my_dag.py took 0.181 seconds
[2025-04-22T22:02:20.754+0000] {processor.py:186} INFO - Started process (PID=1297) to work on /opt/airflow/dags/my_dag.py
[2025-04-22T22:02:20.756+0000] {processor.py:914} INFO - Processing file /opt/airflow/dags/my_dag.py for tasks to queue
[2025-04-22T22:02:20.759+0000] {logging_mixin.py:190} INFO - [2025-04-22T22:02:20.758+0000] {dagbag.py:588} INFO - Filling up the DagBag from /opt/airflow/dags/my_dag.py
[2025-04-22T22:02:20.794+0000] {processor.py:925} INFO - DAG(s) 'TFL_DATA_DAG' retrieved from /opt/airflow/dags/my_dag.py
[2025-04-22T22:02:20.833+0000] {logging_mixin.py:190} INFO - [2025-04-22T22:02:20.833+0000] {dag.py:3239} INFO - Sync 1 DAGs
[2025-04-22T22:02:20.871+0000] {logging_mixin.py:190} INFO - [2025-04-22T22:02:20.871+0000] {dag.py:4180} INFO - Setting next_dagrun for TFL_DATA_DAG to 2025-04-22 00:00:00+00:00, run_after=2025-04-23 00:00:00+00:00
[2025-04-22T22:02:20.899+0000] {processor.py:208} INFO - Processing /opt/airflow/dags/my_dag.py took 0.154 seconds
[2025-04-22T22:02:51.336+0000] {processor.py:186} INFO - Started process (PID=1318) to work on /opt/airflow/dags/my_dag.py
[2025-04-22T22:02:51.339+0000] {processor.py:914} INFO - Processing file /opt/airflow/dags/my_dag.py for tasks to queue
[2025-04-22T22:02:51.342+0000] {logging_mixin.py:190} INFO - [2025-04-22T22:02:51.341+0000] {dagbag.py:588} INFO - Filling up the DagBag from /opt/airflow/dags/my_dag.py
[2025-04-22T22:02:51.409+0000] {processor.py:925} INFO - DAG(s) 'TFL_DATA_DAG' retrieved from /opt/airflow/dags/my_dag.py
[2025-04-22T22:02:51.446+0000] {logging_mixin.py:190} INFO - [2025-04-22T22:02:51.446+0000] {dag.py:3239} INFO - Sync 1 DAGs
[2025-04-22T22:02:51.490+0000] {logging_mixin.py:190} INFO - [2025-04-22T22:02:51.490+0000] {dag.py:4180} INFO - Setting next_dagrun for TFL_DATA_DAG to 2025-04-22 00:00:00+00:00, run_after=2025-04-23 00:00:00+00:00
[2025-04-22T22:02:51.522+0000] {processor.py:208} INFO - Processing /opt/airflow/dags/my_dag.py took 0.192 seconds
[2025-04-22T22:03:21.920+0000] {processor.py:186} INFO - Started process (PID=1339) to work on /opt/airflow/dags/my_dag.py
[2025-04-22T22:03:21.922+0000] {processor.py:914} INFO - Processing file /opt/airflow/dags/my_dag.py for tasks to queue
[2025-04-22T22:03:21.926+0000] {logging_mixin.py:190} INFO - [2025-04-22T22:03:21.926+0000] {dagbag.py:588} INFO - Filling up the DagBag from /opt/airflow/dags/my_dag.py
[2025-04-22T22:03:21.958+0000] {processor.py:925} INFO - DAG(s) 'TFL_DATA_DAG' retrieved from /opt/airflow/dags/my_dag.py
[2025-04-22T22:03:21.999+0000] {logging_mixin.py:190} INFO - [2025-04-22T22:03:21.999+0000] {dag.py:3239} INFO - Sync 1 DAGs
[2025-04-22T22:03:22.044+0000] {logging_mixin.py:190} INFO - [2025-04-22T22:03:22.043+0000] {dag.py:4180} INFO - Setting next_dagrun for TFL_DATA_DAG to 2025-04-22 00:00:00+00:00, run_after=2025-04-23 00:00:00+00:00
[2025-04-22T22:03:22.073+0000] {processor.py:208} INFO - Processing /opt/airflow/dags/my_dag.py took 0.167 seconds
[2025-04-22T22:03:52.471+0000] {processor.py:186} INFO - Started process (PID=1360) to work on /opt/airflow/dags/my_dag.py
[2025-04-22T22:03:52.473+0000] {processor.py:914} INFO - Processing file /opt/airflow/dags/my_dag.py for tasks to queue
[2025-04-22T22:03:52.476+0000] {logging_mixin.py:190} INFO - [2025-04-22T22:03:52.475+0000] {dagbag.py:588} INFO - Filling up the DagBag from /opt/airflow/dags/my_dag.py
[2025-04-22T22:03:52.510+0000] {processor.py:925} INFO - DAG(s) 'TFL_DATA_DAG' retrieved from /opt/airflow/dags/my_dag.py
[2025-04-22T22:03:52.548+0000] {logging_mixin.py:190} INFO - [2025-04-22T22:03:52.548+0000] {dag.py:3239} INFO - Sync 1 DAGs
[2025-04-22T22:03:52.590+0000] {logging_mixin.py:190} INFO - [2025-04-22T22:03:52.589+0000] {dag.py:4180} INFO - Setting next_dagrun for TFL_DATA_DAG to 2025-04-22 00:00:00+00:00, run_after=2025-04-23 00:00:00+00:00
[2025-04-22T22:03:52.616+0000] {processor.py:208} INFO - Processing /opt/airflow/dags/my_dag.py took 0.155 seconds
[2025-04-22T22:04:23.019+0000] {processor.py:186} INFO - Started process (PID=1381) to work on /opt/airflow/dags/my_dag.py
[2025-04-22T22:04:23.022+0000] {processor.py:914} INFO - Processing file /opt/airflow/dags/my_dag.py for tasks to queue
[2025-04-22T22:04:23.025+0000] {logging_mixin.py:190} INFO - [2025-04-22T22:04:23.024+0000] {dagbag.py:588} INFO - Filling up the DagBag from /opt/airflow/dags/my_dag.py
[2025-04-22T22:04:23.060+0000] {processor.py:925} INFO - DAG(s) 'TFL_DATA_DAG' retrieved from /opt/airflow/dags/my_dag.py
[2025-04-22T22:04:23.099+0000] {logging_mixin.py:190} INFO - [2025-04-22T22:04:23.099+0000] {dag.py:3239} INFO - Sync 1 DAGs
[2025-04-22T22:04:23.142+0000] {logging_mixin.py:190} INFO - [2025-04-22T22:04:23.141+0000] {dag.py:4180} INFO - Setting next_dagrun for TFL_DATA_DAG to 2025-04-22 00:00:00+00:00, run_after=2025-04-23 00:00:00+00:00
[2025-04-22T22:04:23.172+0000] {processor.py:208} INFO - Processing /opt/airflow/dags/my_dag.py took 0.164 seconds
[2025-04-22T22:04:53.675+0000] {processor.py:186} INFO - Started process (PID=1402) to work on /opt/airflow/dags/my_dag.py
[2025-04-22T22:04:53.677+0000] {processor.py:914} INFO - Processing file /opt/airflow/dags/my_dag.py for tasks to queue
[2025-04-22T22:04:53.680+0000] {logging_mixin.py:190} INFO - [2025-04-22T22:04:53.680+0000] {dagbag.py:588} INFO - Filling up the DagBag from /opt/airflow/dags/my_dag.py
[2025-04-22T22:04:53.712+0000] {processor.py:925} INFO - DAG(s) 'TFL_DATA_DAG' retrieved from /opt/airflow/dags/my_dag.py
[2025-04-22T22:04:53.750+0000] {logging_mixin.py:190} INFO - [2025-04-22T22:04:53.750+0000] {dag.py:3239} INFO - Sync 1 DAGs
[2025-04-22T22:04:53.793+0000] {logging_mixin.py:190} INFO - [2025-04-22T22:04:53.792+0000] {dag.py:4180} INFO - Setting next_dagrun for TFL_DATA_DAG to 2025-04-22 00:00:00+00:00, run_after=2025-04-23 00:00:00+00:00
[2025-04-22T22:04:53.821+0000] {processor.py:208} INFO - Processing /opt/airflow/dags/my_dag.py took 0.157 seconds
[2025-04-22T22:05:24.247+0000] {processor.py:186} INFO - Started process (PID=1423) to work on /opt/airflow/dags/my_dag.py
[2025-04-22T22:05:24.249+0000] {processor.py:914} INFO - Processing file /opt/airflow/dags/my_dag.py for tasks to queue
[2025-04-22T22:05:24.252+0000] {logging_mixin.py:190} INFO - [2025-04-22T22:05:24.251+0000] {dagbag.py:588} INFO - Filling up the DagBag from /opt/airflow/dags/my_dag.py
[2025-04-22T22:05:24.284+0000] {processor.py:925} INFO - DAG(s) 'TFL_DATA_DAG' retrieved from /opt/airflow/dags/my_dag.py
[2025-04-22T22:05:24.322+0000] {logging_mixin.py:190} INFO - [2025-04-22T22:05:24.322+0000] {dag.py:3239} INFO - Sync 1 DAGs
[2025-04-22T22:05:24.367+0000] {logging_mixin.py:190} INFO - [2025-04-22T22:05:24.367+0000] {dag.py:4180} INFO - Setting next_dagrun for TFL_DATA_DAG to 2025-04-22 00:00:00+00:00, run_after=2025-04-23 00:00:00+00:00
[2025-04-22T22:05:24.396+0000] {processor.py:208} INFO - Processing /opt/airflow/dags/my_dag.py took 0.157 seconds
[2025-04-22T22:05:54.787+0000] {processor.py:186} INFO - Started process (PID=1444) to work on /opt/airflow/dags/my_dag.py
[2025-04-22T22:05:54.790+0000] {processor.py:914} INFO - Processing file /opt/airflow/dags/my_dag.py for tasks to queue
[2025-04-22T22:05:54.792+0000] {logging_mixin.py:190} INFO - [2025-04-22T22:05:54.792+0000] {dagbag.py:588} INFO - Filling up the DagBag from /opt/airflow/dags/my_dag.py
[2025-04-22T22:05:54.823+0000] {processor.py:925} INFO - DAG(s) 'TFL_DATA_DAG' retrieved from /opt/airflow/dags/my_dag.py
[2025-04-22T22:05:54.866+0000] {logging_mixin.py:190} INFO - [2025-04-22T22:05:54.866+0000] {dag.py:3239} INFO - Sync 1 DAGs
[2025-04-22T22:05:54.908+0000] {logging_mixin.py:190} INFO - [2025-04-22T22:05:54.908+0000] {dag.py:4180} INFO - Setting next_dagrun for TFL_DATA_DAG to 2025-04-22 00:00:00+00:00, run_after=2025-04-23 00:00:00+00:00
[2025-04-22T22:05:54.936+0000] {processor.py:208} INFO - Processing /opt/airflow/dags/my_dag.py took 0.158 seconds
[2025-04-22T22:06:25.335+0000] {processor.py:186} INFO - Started process (PID=1465) to work on /opt/airflow/dags/my_dag.py
[2025-04-22T22:06:25.338+0000] {processor.py:914} INFO - Processing file /opt/airflow/dags/my_dag.py for tasks to queue
[2025-04-22T22:06:25.341+0000] {logging_mixin.py:190} INFO - [2025-04-22T22:06:25.340+0000] {dagbag.py:588} INFO - Filling up the DagBag from /opt/airflow/dags/my_dag.py
[2025-04-22T22:06:25.375+0000] {processor.py:925} INFO - DAG(s) 'TFL_DATA_DAG' retrieved from /opt/airflow/dags/my_dag.py
[2025-04-22T22:06:25.415+0000] {logging_mixin.py:190} INFO - [2025-04-22T22:06:25.415+0000] {dag.py:3239} INFO - Sync 1 DAGs
[2025-04-22T22:06:25.454+0000] {logging_mixin.py:190} INFO - [2025-04-22T22:06:25.454+0000] {dag.py:4180} INFO - Setting next_dagrun for TFL_DATA_DAG to 2025-04-22 00:00:00+00:00, run_after=2025-04-23 00:00:00+00:00
[2025-04-22T22:06:25.486+0000] {processor.py:208} INFO - Processing /opt/airflow/dags/my_dag.py took 0.160 seconds
[2025-04-22T22:06:55.910+0000] {processor.py:186} INFO - Started process (PID=1486) to work on /opt/airflow/dags/my_dag.py
[2025-04-22T22:06:55.912+0000] {processor.py:914} INFO - Processing file /opt/airflow/dags/my_dag.py for tasks to queue
[2025-04-22T22:06:55.914+0000] {logging_mixin.py:190} INFO - [2025-04-22T22:06:55.914+0000] {dagbag.py:588} INFO - Filling up the DagBag from /opt/airflow/dags/my_dag.py
[2025-04-22T22:06:55.946+0000] {processor.py:925} INFO - DAG(s) 'TFL_DATA_DAG' retrieved from /opt/airflow/dags/my_dag.py
[2025-04-22T22:06:55.982+0000] {logging_mixin.py:190} INFO - [2025-04-22T22:06:55.982+0000] {dag.py:3239} INFO - Sync 1 DAGs
[2025-04-22T22:06:56.020+0000] {logging_mixin.py:190} INFO - [2025-04-22T22:06:56.020+0000] {dag.py:4180} INFO - Setting next_dagrun for TFL_DATA_DAG to 2025-04-22 00:00:00+00:00, run_after=2025-04-23 00:00:00+00:00
[2025-04-22T22:06:56.045+0000] {processor.py:208} INFO - Processing /opt/airflow/dags/my_dag.py took 0.143 seconds
[2025-04-22T22:07:26.442+0000] {processor.py:186} INFO - Started process (PID=1507) to work on /opt/airflow/dags/my_dag.py
[2025-04-22T22:07:26.444+0000] {processor.py:914} INFO - Processing file /opt/airflow/dags/my_dag.py for tasks to queue
[2025-04-22T22:07:26.447+0000] {logging_mixin.py:190} INFO - [2025-04-22T22:07:26.447+0000] {dagbag.py:588} INFO - Filling up the DagBag from /opt/airflow/dags/my_dag.py
[2025-04-22T22:07:26.480+0000] {processor.py:925} INFO - DAG(s) 'TFL_DATA_DAG' retrieved from /opt/airflow/dags/my_dag.py
[2025-04-22T22:07:26.523+0000] {logging_mixin.py:190} INFO - [2025-04-22T22:07:26.523+0000] {dag.py:3239} INFO - Sync 1 DAGs
[2025-04-22T22:07:26.557+0000] {logging_mixin.py:190} INFO - [2025-04-22T22:07:26.557+0000] {dag.py:4180} INFO - Setting next_dagrun for TFL_DATA_DAG to 2025-04-22 00:00:00+00:00, run_after=2025-04-23 00:00:00+00:00
[2025-04-22T22:07:26.585+0000] {processor.py:208} INFO - Processing /opt/airflow/dags/my_dag.py took 0.154 seconds
[2025-04-22T22:07:57.026+0000] {processor.py:186} INFO - Started process (PID=1528) to work on /opt/airflow/dags/my_dag.py
[2025-04-22T22:07:57.028+0000] {processor.py:914} INFO - Processing file /opt/airflow/dags/my_dag.py for tasks to queue
[2025-04-22T22:07:57.031+0000] {logging_mixin.py:190} INFO - [2025-04-22T22:07:57.031+0000] {dagbag.py:588} INFO - Filling up the DagBag from /opt/airflow/dags/my_dag.py
[2025-04-22T22:07:57.060+0000] {processor.py:925} INFO - DAG(s) 'TFL_DATA_DAG' retrieved from /opt/airflow/dags/my_dag.py
[2025-04-22T22:07:57.093+0000] {logging_mixin.py:190} INFO - [2025-04-22T22:07:57.093+0000] {dag.py:3239} INFO - Sync 1 DAGs
[2025-04-22T22:07:57.132+0000] {logging_mixin.py:190} INFO - [2025-04-22T22:07:57.131+0000] {dag.py:4180} INFO - Setting next_dagrun for TFL_DATA_DAG to 2025-04-22 00:00:00+00:00, run_after=2025-04-23 00:00:00+00:00
[2025-04-22T22:07:57.158+0000] {processor.py:208} INFO - Processing /opt/airflow/dags/my_dag.py took 0.140 seconds
[2025-04-22T22:08:27.553+0000] {processor.py:186} INFO - Started process (PID=1549) to work on /opt/airflow/dags/my_dag.py
[2025-04-22T22:08:27.555+0000] {processor.py:914} INFO - Processing file /opt/airflow/dags/my_dag.py for tasks to queue
[2025-04-22T22:08:27.558+0000] {logging_mixin.py:190} INFO - [2025-04-22T22:08:27.557+0000] {dagbag.py:588} INFO - Filling up the DagBag from /opt/airflow/dags/my_dag.py
[2025-04-22T22:08:27.594+0000] {processor.py:925} INFO - DAG(s) 'TFL_DATA_DAG' retrieved from /opt/airflow/dags/my_dag.py
[2025-04-22T22:08:27.632+0000] {logging_mixin.py:190} INFO - [2025-04-22T22:08:27.631+0000] {dag.py:3239} INFO - Sync 1 DAGs
[2025-04-22T22:08:27.672+0000] {logging_mixin.py:190} INFO - [2025-04-22T22:08:27.672+0000] {dag.py:4180} INFO - Setting next_dagrun for TFL_DATA_DAG to 2025-04-22 00:00:00+00:00, run_after=2025-04-23 00:00:00+00:00
[2025-04-22T22:08:27.703+0000] {processor.py:208} INFO - Processing /opt/airflow/dags/my_dag.py took 0.158 seconds
[2025-04-22T22:08:58.105+0000] {processor.py:186} INFO - Started process (PID=1570) to work on /opt/airflow/dags/my_dag.py
[2025-04-22T22:08:58.107+0000] {processor.py:914} INFO - Processing file /opt/airflow/dags/my_dag.py for tasks to queue
[2025-04-22T22:08:58.110+0000] {logging_mixin.py:190} INFO - [2025-04-22T22:08:58.110+0000] {dagbag.py:588} INFO - Filling up the DagBag from /opt/airflow/dags/my_dag.py
[2025-04-22T22:08:58.142+0000] {processor.py:925} INFO - DAG(s) 'TFL_DATA_DAG' retrieved from /opt/airflow/dags/my_dag.py
[2025-04-22T22:08:58.183+0000] {logging_mixin.py:190} INFO - [2025-04-22T22:08:58.183+0000] {dag.py:3239} INFO - Sync 1 DAGs
[2025-04-22T22:08:58.228+0000] {logging_mixin.py:190} INFO - [2025-04-22T22:08:58.228+0000] {dag.py:4180} INFO - Setting next_dagrun for TFL_DATA_DAG to 2025-04-22 00:00:00+00:00, run_after=2025-04-23 00:00:00+00:00
[2025-04-22T22:08:58.257+0000] {processor.py:208} INFO - Processing /opt/airflow/dags/my_dag.py took 0.163 seconds
[2025-04-22T22:09:28.707+0000] {processor.py:186} INFO - Started process (PID=1591) to work on /opt/airflow/dags/my_dag.py
[2025-04-22T22:09:28.709+0000] {processor.py:914} INFO - Processing file /opt/airflow/dags/my_dag.py for tasks to queue
[2025-04-22T22:09:28.713+0000] {logging_mixin.py:190} INFO - [2025-04-22T22:09:28.712+0000] {dagbag.py:588} INFO - Filling up the DagBag from /opt/airflow/dags/my_dag.py
[2025-04-22T22:09:28.760+0000] {processor.py:925} INFO - DAG(s) 'TFL_DATA_DAG' retrieved from /opt/airflow/dags/my_dag.py
[2025-04-22T22:09:28.809+0000] {logging_mixin.py:190} INFO - [2025-04-22T22:09:28.808+0000] {dag.py:3239} INFO - Sync 1 DAGs
[2025-04-22T22:09:28.858+0000] {logging_mixin.py:190} INFO - [2025-04-22T22:09:28.857+0000] {dag.py:4180} INFO - Setting next_dagrun for TFL_DATA_DAG to 2025-04-22 00:00:00+00:00, run_after=2025-04-23 00:00:00+00:00
[2025-04-22T22:09:28.889+0000] {processor.py:208} INFO - Processing /opt/airflow/dags/my_dag.py took 0.194 seconds
[2025-04-22T22:09:59.366+0000] {processor.py:186} INFO - Started process (PID=1612) to work on /opt/airflow/dags/my_dag.py
[2025-04-22T22:09:59.367+0000] {processor.py:914} INFO - Processing file /opt/airflow/dags/my_dag.py for tasks to queue
[2025-04-22T22:09:59.370+0000] {logging_mixin.py:190} INFO - [2025-04-22T22:09:59.370+0000] {dagbag.py:588} INFO - Filling up the DagBag from /opt/airflow/dags/my_dag.py
[2025-04-22T22:09:59.402+0000] {processor.py:925} INFO - DAG(s) 'TFL_DATA_DAG' retrieved from /opt/airflow/dags/my_dag.py
[2025-04-22T22:09:59.441+0000] {logging_mixin.py:190} INFO - [2025-04-22T22:09:59.441+0000] {dag.py:3239} INFO - Sync 1 DAGs
[2025-04-22T22:09:59.485+0000] {logging_mixin.py:190} INFO - [2025-04-22T22:09:59.484+0000] {dag.py:4180} INFO - Setting next_dagrun for TFL_DATA_DAG to 2025-04-22 00:00:00+00:00, run_after=2025-04-23 00:00:00+00:00
[2025-04-22T22:09:59.512+0000] {processor.py:208} INFO - Processing /opt/airflow/dags/my_dag.py took 0.156 seconds
[2025-04-22T22:10:29.905+0000] {processor.py:186} INFO - Started process (PID=1633) to work on /opt/airflow/dags/my_dag.py
[2025-04-22T22:10:29.907+0000] {processor.py:914} INFO - Processing file /opt/airflow/dags/my_dag.py for tasks to queue
[2025-04-22T22:10:29.910+0000] {logging_mixin.py:190} INFO - [2025-04-22T22:10:29.909+0000] {dagbag.py:588} INFO - Filling up the DagBag from /opt/airflow/dags/my_dag.py
[2025-04-22T22:10:29.943+0000] {processor.py:925} INFO - DAG(s) 'TFL_DATA_DAG' retrieved from /opt/airflow/dags/my_dag.py
[2025-04-22T22:10:29.982+0000] {logging_mixin.py:190} INFO - [2025-04-22T22:10:29.982+0000] {dag.py:3239} INFO - Sync 1 DAGs
[2025-04-22T22:10:30.028+0000] {logging_mixin.py:190} INFO - [2025-04-22T22:10:30.028+0000] {dag.py:4180} INFO - Setting next_dagrun for TFL_DATA_DAG to 2025-04-22 00:00:00+00:00, run_after=2025-04-23 00:00:00+00:00
[2025-04-22T22:10:30.061+0000] {processor.py:208} INFO - Processing /opt/airflow/dags/my_dag.py took 0.165 seconds
[2025-04-22T22:11:00.450+0000] {processor.py:186} INFO - Started process (PID=1654) to work on /opt/airflow/dags/my_dag.py
[2025-04-22T22:11:00.452+0000] {processor.py:914} INFO - Processing file /opt/airflow/dags/my_dag.py for tasks to queue
[2025-04-22T22:11:00.455+0000] {logging_mixin.py:190} INFO - [2025-04-22T22:11:00.454+0000] {dagbag.py:588} INFO - Filling up the DagBag from /opt/airflow/dags/my_dag.py
[2025-04-22T22:11:00.492+0000] {processor.py:925} INFO - DAG(s) 'TFL_DATA_DAG' retrieved from /opt/airflow/dags/my_dag.py
[2025-04-22T22:11:00.533+0000] {logging_mixin.py:190} INFO - [2025-04-22T22:11:00.532+0000] {dag.py:3239} INFO - Sync 1 DAGs
[2025-04-22T22:11:00.578+0000] {logging_mixin.py:190} INFO - [2025-04-22T22:11:00.578+0000] {dag.py:4180} INFO - Setting next_dagrun for TFL_DATA_DAG to 2025-04-22 00:00:00+00:00, run_after=2025-04-23 00:00:00+00:00
[2025-04-22T22:11:00.606+0000] {processor.py:208} INFO - Processing /opt/airflow/dags/my_dag.py took 0.166 seconds
[2025-04-22T22:11:31.000+0000] {processor.py:186} INFO - Started process (PID=1681) to work on /opt/airflow/dags/my_dag.py
[2025-04-22T22:11:31.003+0000] {processor.py:914} INFO - Processing file /opt/airflow/dags/my_dag.py for tasks to queue
[2025-04-22T22:11:31.005+0000] {logging_mixin.py:190} INFO - [2025-04-22T22:11:31.005+0000] {dagbag.py:588} INFO - Filling up the DagBag from /opt/airflow/dags/my_dag.py
[2025-04-22T22:11:31.036+0000] {processor.py:925} INFO - DAG(s) 'TFL_DATA_DAG' retrieved from /opt/airflow/dags/my_dag.py
[2025-04-22T22:11:31.071+0000] {logging_mixin.py:190} INFO - [2025-04-22T22:11:31.070+0000] {dag.py:3239} INFO - Sync 1 DAGs
[2025-04-22T22:11:31.111+0000] {logging_mixin.py:190} INFO - [2025-04-22T22:11:31.110+0000] {dag.py:4180} INFO - Setting next_dagrun for TFL_DATA_DAG to 2025-04-22 00:00:00+00:00, run_after=2025-04-23 00:00:00+00:00
[2025-04-22T22:11:31.400+0000] {processor.py:208} INFO - Processing /opt/airflow/dags/my_dag.py took 0.411 seconds
[2025-04-22T22:12:01.566+0000] {processor.py:186} INFO - Started process (PID=1702) to work on /opt/airflow/dags/my_dag.py
[2025-04-22T22:12:01.570+0000] {processor.py:914} INFO - Processing file /opt/airflow/dags/my_dag.py for tasks to queue
[2025-04-22T22:12:01.573+0000] {logging_mixin.py:190} INFO - [2025-04-22T22:12:01.573+0000] {dagbag.py:588} INFO - Filling up the DagBag from /opt/airflow/dags/my_dag.py
[2025-04-22T22:12:01.608+0000] {processor.py:925} INFO - DAG(s) 'TFL_DATA_DAG' retrieved from /opt/airflow/dags/my_dag.py
[2025-04-22T22:12:01.646+0000] {logging_mixin.py:190} INFO - [2025-04-22T22:12:01.646+0000] {dag.py:3239} INFO - Sync 1 DAGs
[2025-04-22T22:12:01.688+0000] {logging_mixin.py:190} INFO - [2025-04-22T22:12:01.687+0000] {dag.py:4180} INFO - Setting next_dagrun for TFL_DATA_DAG to 2025-04-22 00:00:00+00:00, run_after=2025-04-23 00:00:00+00:00
[2025-04-22T22:12:01.717+0000] {processor.py:208} INFO - Processing /opt/airflow/dags/my_dag.py took 0.161 seconds
[2025-04-22T22:12:32.144+0000] {processor.py:186} INFO - Started process (PID=1723) to work on /opt/airflow/dags/my_dag.py
[2025-04-22T22:12:32.146+0000] {processor.py:914} INFO - Processing file /opt/airflow/dags/my_dag.py for tasks to queue
[2025-04-22T22:12:32.151+0000] {logging_mixin.py:190} INFO - [2025-04-22T22:12:32.150+0000] {dagbag.py:588} INFO - Filling up the DagBag from /opt/airflow/dags/my_dag.py
[2025-04-22T22:12:32.188+0000] {processor.py:925} INFO - DAG(s) 'TFL_DATA_DAG' retrieved from /opt/airflow/dags/my_dag.py
[2025-04-22T22:12:32.228+0000] {logging_mixin.py:190} INFO - [2025-04-22T22:12:32.228+0000] {dag.py:3239} INFO - Sync 1 DAGs
[2025-04-22T22:12:32.267+0000] {logging_mixin.py:190} INFO - [2025-04-22T22:12:32.267+0000] {dag.py:4180} INFO - Setting next_dagrun for TFL_DATA_DAG to 2025-04-22 00:00:00+00:00, run_after=2025-04-23 00:00:00+00:00
[2025-04-22T22:12:32.297+0000] {processor.py:208} INFO - Processing /opt/airflow/dags/my_dag.py took 0.163 seconds
[2025-04-22T22:13:02.730+0000] {processor.py:186} INFO - Started process (PID=1744) to work on /opt/airflow/dags/my_dag.py
[2025-04-22T22:13:02.733+0000] {processor.py:914} INFO - Processing file /opt/airflow/dags/my_dag.py for tasks to queue
[2025-04-22T22:13:02.735+0000] {logging_mixin.py:190} INFO - [2025-04-22T22:13:02.735+0000] {dagbag.py:588} INFO - Filling up the DagBag from /opt/airflow/dags/my_dag.py
[2025-04-22T22:13:02.768+0000] {processor.py:925} INFO - DAG(s) 'TFL_DATA_DAG' retrieved from /opt/airflow/dags/my_dag.py
[2025-04-22T22:13:02.799+0000] {logging_mixin.py:190} INFO - [2025-04-22T22:13:02.799+0000] {dag.py:3239} INFO - Sync 1 DAGs
[2025-04-22T22:13:02.835+0000] {logging_mixin.py:190} INFO - [2025-04-22T22:13:02.835+0000] {dag.py:4180} INFO - Setting next_dagrun for TFL_DATA_DAG to 2025-04-22 00:00:00+00:00, run_after=2025-04-23 00:00:00+00:00
[2025-04-22T22:13:02.863+0000] {processor.py:208} INFO - Processing /opt/airflow/dags/my_dag.py took 0.140 seconds
[2025-04-22T22:13:33.206+0000] {processor.py:186} INFO - Started process (PID=1765) to work on /opt/airflow/dags/my_dag.py
[2025-04-22T22:13:33.207+0000] {processor.py:914} INFO - Processing file /opt/airflow/dags/my_dag.py for tasks to queue
[2025-04-22T22:13:33.209+0000] {logging_mixin.py:190} INFO - [2025-04-22T22:13:33.208+0000] {dagbag.py:588} INFO - Filling up the DagBag from /opt/airflow/dags/my_dag.py
[2025-04-22T22:13:33.230+0000] {processor.py:925} INFO - DAG(s) 'TFL_DATA_DAG' retrieved from /opt/airflow/dags/my_dag.py
[2025-04-22T22:13:33.256+0000] {logging_mixin.py:190} INFO - [2025-04-22T22:13:33.255+0000] {dag.py:3239} INFO - Sync 1 DAGs
[2025-04-22T22:13:33.282+0000] {logging_mixin.py:190} INFO - [2025-04-22T22:13:33.281+0000] {dag.py:4180} INFO - Setting next_dagrun for TFL_DATA_DAG to 2025-04-22 00:00:00+00:00, run_after=2025-04-23 00:00:00+00:00
[2025-04-22T22:13:33.461+0000] {processor.py:208} INFO - Processing /opt/airflow/dags/my_dag.py took 0.261 seconds
[2025-04-22T22:14:03.827+0000] {processor.py:186} INFO - Started process (PID=1786) to work on /opt/airflow/dags/my_dag.py
[2025-04-22T22:14:03.829+0000] {processor.py:914} INFO - Processing file /opt/airflow/dags/my_dag.py for tasks to queue
[2025-04-22T22:14:03.833+0000] {logging_mixin.py:190} INFO - [2025-04-22T22:14:03.832+0000] {dagbag.py:588} INFO - Filling up the DagBag from /opt/airflow/dags/my_dag.py
[2025-04-22T22:14:03.868+0000] {processor.py:925} INFO - DAG(s) 'TFL_DATA_DAG' retrieved from /opt/airflow/dags/my_dag.py
[2025-04-22T22:14:03.908+0000] {logging_mixin.py:190} INFO - [2025-04-22T22:14:03.908+0000] {dag.py:3239} INFO - Sync 1 DAGs
[2025-04-22T22:14:04.194+0000] {logging_mixin.py:190} INFO - [2025-04-22T22:14:04.193+0000] {dag.py:4180} INFO - Setting next_dagrun for TFL_DATA_DAG to 2025-04-22 00:00:00+00:00, run_after=2025-04-23 00:00:00+00:00
[2025-04-22T22:14:04.226+0000] {processor.py:208} INFO - Processing /opt/airflow/dags/my_dag.py took 0.410 seconds
[2025-04-22T22:14:34.642+0000] {processor.py:186} INFO - Started process (PID=1807) to work on /opt/airflow/dags/my_dag.py
[2025-04-22T22:14:34.644+0000] {processor.py:914} INFO - Processing file /opt/airflow/dags/my_dag.py for tasks to queue
[2025-04-22T22:14:34.647+0000] {logging_mixin.py:190} INFO - [2025-04-22T22:14:34.647+0000] {dagbag.py:588} INFO - Filling up the DagBag from /opt/airflow/dags/my_dag.py
[2025-04-22T22:14:34.680+0000] {processor.py:925} INFO - DAG(s) 'TFL_DATA_DAG' retrieved from /opt/airflow/dags/my_dag.py
[2025-04-22T22:14:34.959+0000] {logging_mixin.py:190} INFO - [2025-04-22T22:14:34.959+0000] {dag.py:3239} INFO - Sync 1 DAGs
[2025-04-22T22:14:34.986+0000] {logging_mixin.py:190} INFO - [2025-04-22T22:14:34.986+0000] {dag.py:4180} INFO - Setting next_dagrun for TFL_DATA_DAG to 2025-04-22 00:00:00+00:00, run_after=2025-04-23 00:00:00+00:00
[2025-04-22T22:14:35.012+0000] {processor.py:208} INFO - Processing /opt/airflow/dags/my_dag.py took 0.381 seconds
[2025-04-22T22:15:05.189+0000] {processor.py:186} INFO - Started process (PID=1828) to work on /opt/airflow/dags/my_dag.py
[2025-04-22T22:15:05.191+0000] {processor.py:914} INFO - Processing file /opt/airflow/dags/my_dag.py for tasks to queue
[2025-04-22T22:15:05.194+0000] {logging_mixin.py:190} INFO - [2025-04-22T22:15:05.193+0000] {dagbag.py:588} INFO - Filling up the DagBag from /opt/airflow/dags/my_dag.py
[2025-04-22T22:15:05.227+0000] {processor.py:925} INFO - DAG(s) 'TFL_DATA_DAG' retrieved from /opt/airflow/dags/my_dag.py
[2025-04-22T22:15:05.264+0000] {logging_mixin.py:190} INFO - [2025-04-22T22:15:05.264+0000] {dag.py:3239} INFO - Sync 1 DAGs
[2025-04-22T22:15:05.309+0000] {logging_mixin.py:190} INFO - [2025-04-22T22:15:05.308+0000] {dag.py:4180} INFO - Setting next_dagrun for TFL_DATA_DAG to 2025-04-22 00:00:00+00:00, run_after=2025-04-23 00:00:00+00:00
[2025-04-22T22:15:05.336+0000] {processor.py:208} INFO - Processing /opt/airflow/dags/my_dag.py took 0.156 seconds
[2025-04-22T22:15:35.739+0000] {processor.py:186} INFO - Started process (PID=1849) to work on /opt/airflow/dags/my_dag.py
[2025-04-22T22:15:35.741+0000] {processor.py:914} INFO - Processing file /opt/airflow/dags/my_dag.py for tasks to queue
[2025-04-22T22:15:35.745+0000] {logging_mixin.py:190} INFO - [2025-04-22T22:15:35.744+0000] {dagbag.py:588} INFO - Filling up the DagBag from /opt/airflow/dags/my_dag.py
[2025-04-22T22:15:35.775+0000] {processor.py:925} INFO - DAG(s) 'TFL_DATA_DAG' retrieved from /opt/airflow/dags/my_dag.py
[2025-04-22T22:15:35.818+0000] {logging_mixin.py:190} INFO - [2025-04-22T22:15:35.818+0000] {dag.py:3239} INFO - Sync 1 DAGs
[2025-04-22T22:15:35.856+0000] {logging_mixin.py:190} INFO - [2025-04-22T22:15:35.856+0000] {dag.py:4180} INFO - Setting next_dagrun for TFL_DATA_DAG to 2025-04-22 00:00:00+00:00, run_after=2025-04-23 00:00:00+00:00
[2025-04-22T22:15:35.886+0000] {processor.py:208} INFO - Processing /opt/airflow/dags/my_dag.py took 0.156 seconds
[2025-04-22T22:16:06.291+0000] {processor.py:186} INFO - Started process (PID=1871) to work on /opt/airflow/dags/my_dag.py
[2025-04-22T22:16:06.294+0000] {processor.py:914} INFO - Processing file /opt/airflow/dags/my_dag.py for tasks to queue
[2025-04-22T22:16:06.297+0000] {logging_mixin.py:190} INFO - [2025-04-22T22:16:06.296+0000] {dagbag.py:588} INFO - Filling up the DagBag from /opt/airflow/dags/my_dag.py
[2025-04-22T22:16:06.330+0000] {processor.py:925} INFO - DAG(s) 'TFL_DATA_DAG' retrieved from /opt/airflow/dags/my_dag.py
[2025-04-22T22:16:06.366+0000] {logging_mixin.py:190} INFO - [2025-04-22T22:16:06.366+0000] {dag.py:3239} INFO - Sync 1 DAGs
[2025-04-22T22:16:06.403+0000] {logging_mixin.py:190} INFO - [2025-04-22T22:16:06.403+0000] {dag.py:4180} INFO - Setting next_dagrun for TFL_DATA_DAG to 2025-04-22 00:00:00+00:00, run_after=2025-04-23 00:00:00+00:00
[2025-04-22T22:16:06.427+0000] {processor.py:208} INFO - Processing /opt/airflow/dags/my_dag.py took 0.146 seconds
[2025-04-22T22:16:36.858+0000] {processor.py:186} INFO - Started process (PID=1892) to work on /opt/airflow/dags/my_dag.py
[2025-04-22T22:16:36.860+0000] {processor.py:914} INFO - Processing file /opt/airflow/dags/my_dag.py for tasks to queue
[2025-04-22T22:16:36.864+0000] {logging_mixin.py:190} INFO - [2025-04-22T22:16:36.863+0000] {dagbag.py:588} INFO - Filling up the DagBag from /opt/airflow/dags/my_dag.py
[2025-04-22T22:16:36.904+0000] {processor.py:925} INFO - DAG(s) 'TFL_DATA_DAG' retrieved from /opt/airflow/dags/my_dag.py
[2025-04-22T22:16:36.955+0000] {logging_mixin.py:190} INFO - [2025-04-22T22:16:36.955+0000] {dag.py:3239} INFO - Sync 1 DAGs
[2025-04-22T22:16:37.002+0000] {logging_mixin.py:190} INFO - [2025-04-22T22:16:37.001+0000] {dag.py:4180} INFO - Setting next_dagrun for TFL_DATA_DAG to 2025-04-22 00:00:00+00:00, run_after=2025-04-23 00:00:00+00:00
[2025-04-22T22:16:37.040+0000] {processor.py:208} INFO - Processing /opt/airflow/dags/my_dag.py took 0.192 seconds
[2025-04-22T22:17:07.394+0000] {processor.py:186} INFO - Started process (PID=1913) to work on /opt/airflow/dags/my_dag.py
[2025-04-22T22:17:07.396+0000] {processor.py:914} INFO - Processing file /opt/airflow/dags/my_dag.py for tasks to queue
[2025-04-22T22:17:07.398+0000] {logging_mixin.py:190} INFO - [2025-04-22T22:17:07.398+0000] {dagbag.py:588} INFO - Filling up the DagBag from /opt/airflow/dags/my_dag.py
[2025-04-22T22:17:07.420+0000] {processor.py:925} INFO - DAG(s) 'TFL_DATA_DAG' retrieved from /opt/airflow/dags/my_dag.py
[2025-04-22T22:17:07.445+0000] {logging_mixin.py:190} INFO - [2025-04-22T22:17:07.444+0000] {dag.py:3239} INFO - Sync 1 DAGs
[2025-04-22T22:17:07.485+0000] {logging_mixin.py:190} INFO - [2025-04-22T22:17:07.485+0000] {dag.py:4180} INFO - Setting next_dagrun for TFL_DATA_DAG to 2025-04-22 00:00:00+00:00, run_after=2025-04-23 00:00:00+00:00
[2025-04-22T22:17:07.505+0000] {processor.py:208} INFO - Processing /opt/airflow/dags/my_dag.py took 0.117 seconds
[2025-04-22T22:17:37.876+0000] {processor.py:186} INFO - Started process (PID=1934) to work on /opt/airflow/dags/my_dag.py
[2025-04-22T22:17:37.879+0000] {processor.py:914} INFO - Processing file /opt/airflow/dags/my_dag.py for tasks to queue
[2025-04-22T22:17:37.882+0000] {logging_mixin.py:190} INFO - [2025-04-22T22:17:37.881+0000] {dagbag.py:588} INFO - Filling up the DagBag from /opt/airflow/dags/my_dag.py
[2025-04-22T22:17:37.917+0000] {processor.py:925} INFO - DAG(s) 'TFL_DATA_DAG' retrieved from /opt/airflow/dags/my_dag.py
[2025-04-22T22:17:37.962+0000] {logging_mixin.py:190} INFO - [2025-04-22T22:17:37.962+0000] {dag.py:3239} INFO - Sync 1 DAGs
[2025-04-22T22:17:37.998+0000] {logging_mixin.py:190} INFO - [2025-04-22T22:17:37.998+0000] {dag.py:4180} INFO - Setting next_dagrun for TFL_DATA_DAG to 2025-04-22 00:00:00+00:00, run_after=2025-04-23 00:00:00+00:00
[2025-04-22T22:17:38.024+0000] {processor.py:208} INFO - Processing /opt/airflow/dags/my_dag.py took 0.160 seconds
[2025-04-22T22:18:08.383+0000] {processor.py:186} INFO - Started process (PID=1955) to work on /opt/airflow/dags/my_dag.py
[2025-04-22T22:18:08.386+0000] {processor.py:914} INFO - Processing file /opt/airflow/dags/my_dag.py for tasks to queue
[2025-04-22T22:18:08.388+0000] {logging_mixin.py:190} INFO - [2025-04-22T22:18:08.388+0000] {dagbag.py:588} INFO - Filling up the DagBag from /opt/airflow/dags/my_dag.py
[2025-04-22T22:18:08.411+0000] {processor.py:925} INFO - DAG(s) 'TFL_DATA_DAG' retrieved from /opt/airflow/dags/my_dag.py
[2025-04-22T22:18:08.435+0000] {logging_mixin.py:190} INFO - [2025-04-22T22:18:08.435+0000] {dag.py:3239} INFO - Sync 1 DAGs
[2025-04-22T22:18:08.459+0000] {logging_mixin.py:190} INFO - [2025-04-22T22:18:08.459+0000] {dag.py:4180} INFO - Setting next_dagrun for TFL_DATA_DAG to 2025-04-22 00:00:00+00:00, run_after=2025-04-23 00:00:00+00:00
[2025-04-22T22:18:08.479+0000] {processor.py:208} INFO - Processing /opt/airflow/dags/my_dag.py took 0.101 seconds
[2025-04-22T22:18:38.897+0000] {processor.py:186} INFO - Started process (PID=1975) to work on /opt/airflow/dags/my_dag.py
[2025-04-22T22:18:38.899+0000] {processor.py:914} INFO - Processing file /opt/airflow/dags/my_dag.py for tasks to queue
[2025-04-22T22:18:38.903+0000] {logging_mixin.py:190} INFO - [2025-04-22T22:18:38.902+0000] {dagbag.py:588} INFO - Filling up the DagBag from /opt/airflow/dags/my_dag.py
[2025-04-22T22:18:38.937+0000] {processor.py:925} INFO - DAG(s) 'TFL_DATA_DAG' retrieved from /opt/airflow/dags/my_dag.py
[2025-04-22T22:18:38.980+0000] {logging_mixin.py:190} INFO - [2025-04-22T22:18:38.980+0000] {dag.py:3239} INFO - Sync 1 DAGs
[2025-04-22T22:18:39.016+0000] {logging_mixin.py:190} INFO - [2025-04-22T22:18:39.016+0000] {dag.py:4180} INFO - Setting next_dagrun for TFL_DATA_DAG to 2025-04-22 00:00:00+00:00, run_after=2025-04-23 00:00:00+00:00
[2025-04-22T22:18:39.044+0000] {processor.py:208} INFO - Processing /opt/airflow/dags/my_dag.py took 0.156 seconds
[2025-04-22T22:19:09.487+0000] {processor.py:186} INFO - Started process (PID=1996) to work on /opt/airflow/dags/my_dag.py
[2025-04-22T22:19:09.490+0000] {processor.py:914} INFO - Processing file /opt/airflow/dags/my_dag.py for tasks to queue
[2025-04-22T22:19:09.493+0000] {logging_mixin.py:190} INFO - [2025-04-22T22:19:09.492+0000] {dagbag.py:588} INFO - Filling up the DagBag from /opt/airflow/dags/my_dag.py
[2025-04-22T22:19:09.527+0000] {processor.py:925} INFO - DAG(s) 'TFL_DATA_DAG' retrieved from /opt/airflow/dags/my_dag.py
[2025-04-22T22:19:09.565+0000] {logging_mixin.py:190} INFO - [2025-04-22T22:19:09.565+0000] {dag.py:3239} INFO - Sync 1 DAGs
[2025-04-22T22:19:09.604+0000] {logging_mixin.py:190} INFO - [2025-04-22T22:19:09.604+0000] {dag.py:4180} INFO - Setting next_dagrun for TFL_DATA_DAG to 2025-04-22 00:00:00+00:00, run_after=2025-04-23 00:00:00+00:00
[2025-04-22T22:19:09.632+0000] {processor.py:208} INFO - Processing /opt/airflow/dags/my_dag.py took 0.157 seconds
[2025-04-22T22:19:40.002+0000] {processor.py:186} INFO - Started process (PID=2017) to work on /opt/airflow/dags/my_dag.py
[2025-04-22T22:19:40.005+0000] {processor.py:914} INFO - Processing file /opt/airflow/dags/my_dag.py for tasks to queue
[2025-04-22T22:19:40.008+0000] {logging_mixin.py:190} INFO - [2025-04-22T22:19:40.007+0000] {dagbag.py:588} INFO - Filling up the DagBag from /opt/airflow/dags/my_dag.py
[2025-04-22T22:19:40.042+0000] {processor.py:925} INFO - DAG(s) 'TFL_DATA_DAG' retrieved from /opt/airflow/dags/my_dag.py
[2025-04-22T22:19:40.088+0000] {logging_mixin.py:190} INFO - [2025-04-22T22:19:40.088+0000] {dag.py:3239} INFO - Sync 1 DAGs
[2025-04-22T22:19:40.131+0000] {logging_mixin.py:190} INFO - [2025-04-22T22:19:40.131+0000] {dag.py:4180} INFO - Setting next_dagrun for TFL_DATA_DAG to 2025-04-22 00:00:00+00:00, run_after=2025-04-23 00:00:00+00:00
[2025-04-22T22:19:40.162+0000] {processor.py:208} INFO - Processing /opt/airflow/dags/my_dag.py took 0.171 seconds
[2025-04-22T22:20:10.599+0000] {processor.py:186} INFO - Started process (PID=2038) to work on /opt/airflow/dags/my_dag.py
[2025-04-22T22:20:10.601+0000] {processor.py:914} INFO - Processing file /opt/airflow/dags/my_dag.py for tasks to queue
[2025-04-22T22:20:10.605+0000] {logging_mixin.py:190} INFO - [2025-04-22T22:20:10.604+0000] {dagbag.py:588} INFO - Filling up the DagBag from /opt/airflow/dags/my_dag.py
[2025-04-22T22:20:10.664+0000] {processor.py:925} INFO - DAG(s) 'TFL_DATA_DAG' retrieved from /opt/airflow/dags/my_dag.py
[2025-04-22T22:20:10.705+0000] {logging_mixin.py:190} INFO - [2025-04-22T22:20:10.705+0000] {dag.py:3239} INFO - Sync 1 DAGs
[2025-04-22T22:20:10.744+0000] {logging_mixin.py:190} INFO - [2025-04-22T22:20:10.743+0000] {dag.py:4180} INFO - Setting next_dagrun for TFL_DATA_DAG to 2025-04-22 00:00:00+00:00, run_after=2025-04-23 00:00:00+00:00
[2025-04-22T22:20:10.782+0000] {processor.py:208} INFO - Processing /opt/airflow/dags/my_dag.py took 0.192 seconds
[2025-04-22T22:20:41.142+0000] {processor.py:186} INFO - Started process (PID=2059) to work on /opt/airflow/dags/my_dag.py
[2025-04-22T22:20:41.145+0000] {processor.py:914} INFO - Processing file /opt/airflow/dags/my_dag.py for tasks to queue
[2025-04-22T22:20:41.147+0000] {logging_mixin.py:190} INFO - [2025-04-22T22:20:41.147+0000] {dagbag.py:588} INFO - Filling up the DagBag from /opt/airflow/dags/my_dag.py
[2025-04-22T22:20:41.183+0000] {processor.py:925} INFO - DAG(s) 'TFL_DATA_DAG' retrieved from /opt/airflow/dags/my_dag.py
[2025-04-22T22:20:41.224+0000] {logging_mixin.py:190} INFO - [2025-04-22T22:20:41.224+0000] {dag.py:3239} INFO - Sync 1 DAGs
[2025-04-22T22:20:41.266+0000] {logging_mixin.py:190} INFO - [2025-04-22T22:20:41.265+0000] {dag.py:4180} INFO - Setting next_dagrun for TFL_DATA_DAG to 2025-04-22 00:00:00+00:00, run_after=2025-04-23 00:00:00+00:00
[2025-04-22T22:20:41.293+0000] {processor.py:208} INFO - Processing /opt/airflow/dags/my_dag.py took 0.160 seconds
[2025-04-22T22:21:11.638+0000] {processor.py:186} INFO - Started process (PID=2080) to work on /opt/airflow/dags/my_dag.py
[2025-04-22T22:21:11.640+0000] {processor.py:914} INFO - Processing file /opt/airflow/dags/my_dag.py for tasks to queue
[2025-04-22T22:21:11.641+0000] {logging_mixin.py:190} INFO - [2025-04-22T22:21:11.641+0000] {dagbag.py:588} INFO - Filling up the DagBag from /opt/airflow/dags/my_dag.py
[2025-04-22T22:21:11.665+0000] {processor.py:925} INFO - DAG(s) 'TFL_DATA_DAG' retrieved from /opt/airflow/dags/my_dag.py
[2025-04-22T22:21:11.691+0000] {logging_mixin.py:190} INFO - [2025-04-22T22:21:11.691+0000] {dag.py:3239} INFO - Sync 1 DAGs
[2025-04-22T22:21:11.715+0000] {logging_mixin.py:190} INFO - [2025-04-22T22:21:11.715+0000] {dag.py:4180} INFO - Setting next_dagrun for TFL_DATA_DAG to 2025-04-22 00:00:00+00:00, run_after=2025-04-23 00:00:00+00:00
[2025-04-22T22:21:11.737+0000] {processor.py:208} INFO - Processing /opt/airflow/dags/my_dag.py took 0.104 seconds
[2025-04-22T22:21:42.081+0000] {processor.py:186} INFO - Started process (PID=2101) to work on /opt/airflow/dags/my_dag.py
[2025-04-22T22:21:42.084+0000] {processor.py:914} INFO - Processing file /opt/airflow/dags/my_dag.py for tasks to queue
[2025-04-22T22:21:42.088+0000] {logging_mixin.py:190} INFO - [2025-04-22T22:21:42.087+0000] {dagbag.py:588} INFO - Filling up the DagBag from /opt/airflow/dags/my_dag.py
[2025-04-22T22:21:42.129+0000] {processor.py:925} INFO - DAG(s) 'TFL_DATA_DAG' retrieved from /opt/airflow/dags/my_dag.py
[2025-04-22T22:21:42.170+0000] {logging_mixin.py:190} INFO - [2025-04-22T22:21:42.169+0000] {dag.py:3239} INFO - Sync 1 DAGs
[2025-04-22T22:21:42.219+0000] {logging_mixin.py:190} INFO - [2025-04-22T22:21:42.219+0000] {dag.py:4180} INFO - Setting next_dagrun for TFL_DATA_DAG to 2025-04-22 00:00:00+00:00, run_after=2025-04-23 00:00:00+00:00
[2025-04-22T22:21:42.250+0000] {processor.py:208} INFO - Processing /opt/airflow/dags/my_dag.py took 0.178 seconds
[2025-04-22T22:22:12.611+0000] {processor.py:186} INFO - Started process (PID=2122) to work on /opt/airflow/dags/my_dag.py
[2025-04-22T22:22:12.613+0000] {processor.py:914} INFO - Processing file /opt/airflow/dags/my_dag.py for tasks to queue
[2025-04-22T22:22:12.615+0000] {logging_mixin.py:190} INFO - [2025-04-22T22:22:12.615+0000] {dagbag.py:588} INFO - Filling up the DagBag from /opt/airflow/dags/my_dag.py
[2025-04-22T22:22:12.648+0000] {processor.py:925} INFO - DAG(s) 'TFL_DATA_DAG' retrieved from /opt/airflow/dags/my_dag.py
[2025-04-22T22:22:12.682+0000] {logging_mixin.py:190} INFO - [2025-04-22T22:22:12.682+0000] {dag.py:3239} INFO - Sync 1 DAGs
[2025-04-22T22:22:12.718+0000] {logging_mixin.py:190} INFO - [2025-04-22T22:22:12.717+0000] {dag.py:4180} INFO - Setting next_dagrun for TFL_DATA_DAG to 2025-04-22 00:00:00+00:00, run_after=2025-04-23 00:00:00+00:00
[2025-04-22T22:22:12.745+0000] {processor.py:208} INFO - Processing /opt/airflow/dags/my_dag.py took 0.142 seconds
[2025-04-22T22:22:43.165+0000] {processor.py:186} INFO - Started process (PID=2143) to work on /opt/airflow/dags/my_dag.py
[2025-04-22T22:22:43.167+0000] {processor.py:914} INFO - Processing file /opt/airflow/dags/my_dag.py for tasks to queue
[2025-04-22T22:22:43.170+0000] {logging_mixin.py:190} INFO - [2025-04-22T22:22:43.170+0000] {dagbag.py:588} INFO - Filling up the DagBag from /opt/airflow/dags/my_dag.py
[2025-04-22T22:22:43.197+0000] {processor.py:925} INFO - DAG(s) 'TFL_DATA_DAG' retrieved from /opt/airflow/dags/my_dag.py
[2025-04-22T22:22:43.221+0000] {logging_mixin.py:190} INFO - [2025-04-22T22:22:43.220+0000] {dag.py:3239} INFO - Sync 1 DAGs
[2025-04-22T22:22:43.242+0000] {logging_mixin.py:190} INFO - [2025-04-22T22:22:43.242+0000] {dag.py:4180} INFO - Setting next_dagrun for TFL_DATA_DAG to 2025-04-22 00:00:00+00:00, run_after=2025-04-23 00:00:00+00:00
[2025-04-22T22:22:43.259+0000] {processor.py:208} INFO - Processing /opt/airflow/dags/my_dag.py took 0.106 seconds
[2025-04-22T22:23:13.678+0000] {processor.py:186} INFO - Started process (PID=2164) to work on /opt/airflow/dags/my_dag.py
[2025-04-22T22:23:13.680+0000] {processor.py:914} INFO - Processing file /opt/airflow/dags/my_dag.py for tasks to queue
[2025-04-22T22:23:13.684+0000] {logging_mixin.py:190} INFO - [2025-04-22T22:23:13.683+0000] {dagbag.py:588} INFO - Filling up the DagBag from /opt/airflow/dags/my_dag.py
[2025-04-22T22:23:13.721+0000] {processor.py:925} INFO - DAG(s) 'TFL_DATA_DAG' retrieved from /opt/airflow/dags/my_dag.py
[2025-04-22T22:23:13.770+0000] {logging_mixin.py:190} INFO - [2025-04-22T22:23:13.770+0000] {dag.py:3239} INFO - Sync 1 DAGs
[2025-04-22T22:23:13.816+0000] {logging_mixin.py:190} INFO - [2025-04-22T22:23:13.815+0000] {dag.py:4180} INFO - Setting next_dagrun for TFL_DATA_DAG to 2025-04-22 00:00:00+00:00, run_after=2025-04-23 00:00:00+00:00
[2025-04-22T22:23:13.849+0000] {processor.py:208} INFO - Processing /opt/airflow/dags/my_dag.py took 0.182 seconds
[2025-04-22T22:23:44.232+0000] {processor.py:186} INFO - Started process (PID=2185) to work on /opt/airflow/dags/my_dag.py
[2025-04-22T22:23:44.234+0000] {processor.py:914} INFO - Processing file /opt/airflow/dags/my_dag.py for tasks to queue
[2025-04-22T22:23:44.237+0000] {logging_mixin.py:190} INFO - [2025-04-22T22:23:44.237+0000] {dagbag.py:588} INFO - Filling up the DagBag from /opt/airflow/dags/my_dag.py
[2025-04-22T22:23:44.273+0000] {processor.py:925} INFO - DAG(s) 'TFL_DATA_DAG' retrieved from /opt/airflow/dags/my_dag.py
[2025-04-22T22:23:44.312+0000] {logging_mixin.py:190} INFO - [2025-04-22T22:23:44.312+0000] {dag.py:3239} INFO - Sync 1 DAGs
[2025-04-22T22:23:44.354+0000] {logging_mixin.py:190} INFO - [2025-04-22T22:23:44.354+0000] {dag.py:4180} INFO - Setting next_dagrun for TFL_DATA_DAG to 2025-04-22 00:00:00+00:00, run_after=2025-04-23 00:00:00+00:00
[2025-04-22T22:23:44.391+0000] {processor.py:208} INFO - Processing /opt/airflow/dags/my_dag.py took 0.177 seconds
[2025-04-22T22:24:14.779+0000] {processor.py:186} INFO - Started process (PID=2206) to work on /opt/airflow/dags/my_dag.py
[2025-04-22T22:24:14.782+0000] {processor.py:914} INFO - Processing file /opt/airflow/dags/my_dag.py for tasks to queue
[2025-04-22T22:24:14.784+0000] {logging_mixin.py:190} INFO - [2025-04-22T22:24:14.784+0000] {dagbag.py:588} INFO - Filling up the DagBag from /opt/airflow/dags/my_dag.py
[2025-04-22T22:24:14.812+0000] {processor.py:925} INFO - DAG(s) 'TFL_DATA_DAG' retrieved from /opt/airflow/dags/my_dag.py
[2025-04-22T22:24:14.863+0000] {logging_mixin.py:190} INFO - [2025-04-22T22:24:14.863+0000] {dag.py:3239} INFO - Sync 1 DAGs
[2025-04-22T22:24:14.918+0000] {logging_mixin.py:190} INFO - [2025-04-22T22:24:14.918+0000] {dag.py:4180} INFO - Setting next_dagrun for TFL_DATA_DAG to 2025-04-22 00:00:00+00:00, run_after=2025-04-23 00:00:00+00:00
[2025-04-22T22:24:14.953+0000] {processor.py:208} INFO - Processing /opt/airflow/dags/my_dag.py took 0.189 seconds
[2025-04-22T22:24:45.362+0000] {processor.py:186} INFO - Started process (PID=2227) to work on /opt/airflow/dags/my_dag.py
[2025-04-22T22:24:45.364+0000] {processor.py:914} INFO - Processing file /opt/airflow/dags/my_dag.py for tasks to queue
[2025-04-22T22:24:45.368+0000] {logging_mixin.py:190} INFO - [2025-04-22T22:24:45.367+0000] {dagbag.py:588} INFO - Filling up the DagBag from /opt/airflow/dags/my_dag.py
[2025-04-22T22:24:45.404+0000] {processor.py:925} INFO - DAG(s) 'TFL_DATA_DAG' retrieved from /opt/airflow/dags/my_dag.py
[2025-04-22T22:24:45.445+0000] {logging_mixin.py:190} INFO - [2025-04-22T22:24:45.444+0000] {dag.py:3239} INFO - Sync 1 DAGs
[2025-04-22T22:24:45.484+0000] {logging_mixin.py:190} INFO - [2025-04-22T22:24:45.484+0000] {dag.py:4180} INFO - Setting next_dagrun for TFL_DATA_DAG to 2025-04-22 00:00:00+00:00, run_after=2025-04-23 00:00:00+00:00
[2025-04-22T22:24:45.509+0000] {processor.py:208} INFO - Processing /opt/airflow/dags/my_dag.py took 0.156 seconds
[2025-04-22T22:25:15.941+0000] {processor.py:186} INFO - Started process (PID=2248) to work on /opt/airflow/dags/my_dag.py
[2025-04-22T22:25:15.943+0000] {processor.py:914} INFO - Processing file /opt/airflow/dags/my_dag.py for tasks to queue
[2025-04-22T22:25:15.946+0000] {logging_mixin.py:190} INFO - [2025-04-22T22:25:15.945+0000] {dagbag.py:588} INFO - Filling up the DagBag from /opt/airflow/dags/my_dag.py
[2025-04-22T22:25:15.979+0000] {processor.py:925} INFO - DAG(s) 'TFL_DATA_DAG' retrieved from /opt/airflow/dags/my_dag.py
[2025-04-22T22:25:16.016+0000] {logging_mixin.py:190} INFO - [2025-04-22T22:25:16.016+0000] {dag.py:3239} INFO - Sync 1 DAGs
[2025-04-22T22:25:16.055+0000] {logging_mixin.py:190} INFO - [2025-04-22T22:25:16.054+0000] {dag.py:4180} INFO - Setting next_dagrun for TFL_DATA_DAG to 2025-04-22 00:00:00+00:00, run_after=2025-04-23 00:00:00+00:00
[2025-04-22T22:25:16.081+0000] {processor.py:208} INFO - Processing /opt/airflow/dags/my_dag.py took 0.153 seconds
[2025-04-22T22:25:46.492+0000] {processor.py:186} INFO - Started process (PID=2269) to work on /opt/airflow/dags/my_dag.py
[2025-04-22T22:25:46.494+0000] {processor.py:914} INFO - Processing file /opt/airflow/dags/my_dag.py for tasks to queue
[2025-04-22T22:25:46.497+0000] {logging_mixin.py:190} INFO - [2025-04-22T22:25:46.497+0000] {dagbag.py:588} INFO - Filling up the DagBag from /opt/airflow/dags/my_dag.py
[2025-04-22T22:25:46.531+0000] {processor.py:925} INFO - DAG(s) 'TFL_DATA_DAG' retrieved from /opt/airflow/dags/my_dag.py
[2025-04-22T22:25:46.581+0000] {logging_mixin.py:190} INFO - [2025-04-22T22:25:46.581+0000] {dag.py:3239} INFO - Sync 1 DAGs
[2025-04-22T22:25:46.623+0000] {logging_mixin.py:190} INFO - [2025-04-22T22:25:46.622+0000] {dag.py:4180} INFO - Setting next_dagrun for TFL_DATA_DAG to 2025-04-22 00:00:00+00:00, run_after=2025-04-23 00:00:00+00:00
[2025-04-22T22:25:46.649+0000] {processor.py:208} INFO - Processing /opt/airflow/dags/my_dag.py took 0.166 seconds
[2025-04-22T22:26:17.036+0000] {processor.py:186} INFO - Started process (PID=2290) to work on /opt/airflow/dags/my_dag.py
[2025-04-22T22:26:17.037+0000] {processor.py:914} INFO - Processing file /opt/airflow/dags/my_dag.py for tasks to queue
[2025-04-22T22:26:17.040+0000] {logging_mixin.py:190} INFO - [2025-04-22T22:26:17.040+0000] {dagbag.py:588} INFO - Filling up the DagBag from /opt/airflow/dags/my_dag.py
[2025-04-22T22:26:17.072+0000] {processor.py:925} INFO - DAG(s) 'TFL_DATA_DAG' retrieved from /opt/airflow/dags/my_dag.py
[2025-04-22T22:26:17.110+0000] {logging_mixin.py:190} INFO - [2025-04-22T22:26:17.110+0000] {dag.py:3239} INFO - Sync 1 DAGs
[2025-04-22T22:26:17.147+0000] {logging_mixin.py:190} INFO - [2025-04-22T22:26:17.146+0000] {dag.py:4180} INFO - Setting next_dagrun for TFL_DATA_DAG to 2025-04-22 00:00:00+00:00, run_after=2025-04-23 00:00:00+00:00
[2025-04-22T22:26:17.178+0000] {processor.py:208} INFO - Processing /opt/airflow/dags/my_dag.py took 0.150 seconds
[2025-04-22T22:26:47.598+0000] {processor.py:186} INFO - Started process (PID=2311) to work on /opt/airflow/dags/my_dag.py
[2025-04-22T22:26:47.600+0000] {processor.py:914} INFO - Processing file /opt/airflow/dags/my_dag.py for tasks to queue
[2025-04-22T22:26:47.603+0000] {logging_mixin.py:190} INFO - [2025-04-22T22:26:47.602+0000] {dagbag.py:588} INFO - Filling up the DagBag from /opt/airflow/dags/my_dag.py
[2025-04-22T22:26:47.637+0000] {processor.py:925} INFO - DAG(s) 'TFL_DATA_DAG' retrieved from /opt/airflow/dags/my_dag.py
[2025-04-22T22:26:47.686+0000] {logging_mixin.py:190} INFO - [2025-04-22T22:26:47.685+0000] {dag.py:3239} INFO - Sync 1 DAGs
[2025-04-22T22:26:47.727+0000] {logging_mixin.py:190} INFO - [2025-04-22T22:26:47.727+0000] {dag.py:4180} INFO - Setting next_dagrun for TFL_DATA_DAG to 2025-04-22 00:00:00+00:00, run_after=2025-04-23 00:00:00+00:00
[2025-04-22T22:26:47.762+0000] {processor.py:208} INFO - Processing /opt/airflow/dags/my_dag.py took 0.174 seconds
[2025-04-22T22:27:18.181+0000] {processor.py:186} INFO - Started process (PID=2332) to work on /opt/airflow/dags/my_dag.py
[2025-04-22T22:27:18.183+0000] {processor.py:914} INFO - Processing file /opt/airflow/dags/my_dag.py for tasks to queue
[2025-04-22T22:27:18.187+0000] {logging_mixin.py:190} INFO - [2025-04-22T22:27:18.187+0000] {dagbag.py:588} INFO - Filling up the DagBag from /opt/airflow/dags/my_dag.py
[2025-04-22T22:27:18.224+0000] {processor.py:925} INFO - DAG(s) 'TFL_DATA_DAG' retrieved from /opt/airflow/dags/my_dag.py
[2025-04-22T22:27:18.268+0000] {logging_mixin.py:190} INFO - [2025-04-22T22:27:18.267+0000] {dag.py:3239} INFO - Sync 1 DAGs
[2025-04-22T22:27:18.316+0000] {logging_mixin.py:190} INFO - [2025-04-22T22:27:18.315+0000] {dag.py:4180} INFO - Setting next_dagrun for TFL_DATA_DAG to 2025-04-22 00:00:00+00:00, run_after=2025-04-23 00:00:00+00:00
[2025-04-22T22:27:18.347+0000] {processor.py:208} INFO - Processing /opt/airflow/dags/my_dag.py took 0.178 seconds
[2025-04-22T22:27:48.704+0000] {processor.py:186} INFO - Started process (PID=2353) to work on /opt/airflow/dags/my_dag.py
[2025-04-22T22:27:48.706+0000] {processor.py:914} INFO - Processing file /opt/airflow/dags/my_dag.py for tasks to queue
[2025-04-22T22:27:48.708+0000] {logging_mixin.py:190} INFO - [2025-04-22T22:27:48.707+0000] {dagbag.py:588} INFO - Filling up the DagBag from /opt/airflow/dags/my_dag.py
[2025-04-22T22:27:48.732+0000] {processor.py:925} INFO - DAG(s) 'TFL_DATA_DAG' retrieved from /opt/airflow/dags/my_dag.py
[2025-04-22T22:27:48.757+0000] {logging_mixin.py:190} INFO - [2025-04-22T22:27:48.757+0000] {dag.py:3239} INFO - Sync 1 DAGs
[2025-04-22T22:27:48.783+0000] {logging_mixin.py:190} INFO - [2025-04-22T22:27:48.783+0000] {dag.py:4180} INFO - Setting next_dagrun for TFL_DATA_DAG to 2025-04-22 00:00:00+00:00, run_after=2025-04-23 00:00:00+00:00
[2025-04-22T22:27:48.806+0000] {processor.py:208} INFO - Processing /opt/airflow/dags/my_dag.py took 0.108 seconds
[2025-04-22T22:28:19.194+0000] {processor.py:186} INFO - Started process (PID=2374) to work on /opt/airflow/dags/my_dag.py
[2025-04-22T22:28:19.196+0000] {processor.py:914} INFO - Processing file /opt/airflow/dags/my_dag.py for tasks to queue
[2025-04-22T22:28:19.199+0000] {logging_mixin.py:190} INFO - [2025-04-22T22:28:19.199+0000] {dagbag.py:588} INFO - Filling up the DagBag from /opt/airflow/dags/my_dag.py
[2025-04-22T22:28:19.236+0000] {processor.py:925} INFO - DAG(s) 'TFL_DATA_DAG' retrieved from /opt/airflow/dags/my_dag.py
[2025-04-22T22:28:19.274+0000] {logging_mixin.py:190} INFO - [2025-04-22T22:28:19.273+0000] {dag.py:3239} INFO - Sync 1 DAGs
[2025-04-22T22:28:19.317+0000] {logging_mixin.py:190} INFO - [2025-04-22T22:28:19.316+0000] {dag.py:4180} INFO - Setting next_dagrun for TFL_DATA_DAG to 2025-04-22 00:00:00+00:00, run_after=2025-04-23 00:00:00+00:00
[2025-04-22T22:28:19.346+0000] {processor.py:208} INFO - Processing /opt/airflow/dags/my_dag.py took 0.161 seconds
[2025-04-22T22:28:49.755+0000] {processor.py:186} INFO - Started process (PID=2395) to work on /opt/airflow/dags/my_dag.py
[2025-04-22T22:28:49.758+0000] {processor.py:914} INFO - Processing file /opt/airflow/dags/my_dag.py for tasks to queue
[2025-04-22T22:28:49.760+0000] {logging_mixin.py:190} INFO - [2025-04-22T22:28:49.760+0000] {dagbag.py:588} INFO - Filling up the DagBag from /opt/airflow/dags/my_dag.py
[2025-04-22T22:28:49.793+0000] {processor.py:925} INFO - DAG(s) 'TFL_DATA_DAG' retrieved from /opt/airflow/dags/my_dag.py
[2025-04-22T22:28:49.830+0000] {logging_mixin.py:190} INFO - [2025-04-22T22:28:49.829+0000] {dag.py:3239} INFO - Sync 1 DAGs
[2025-04-22T22:28:49.870+0000] {logging_mixin.py:190} INFO - [2025-04-22T22:28:49.870+0000] {dag.py:4180} INFO - Setting next_dagrun for TFL_DATA_DAG to 2025-04-22 00:00:00+00:00, run_after=2025-04-23 00:00:00+00:00
[2025-04-22T22:28:49.898+0000] {processor.py:208} INFO - Processing /opt/airflow/dags/my_dag.py took 0.153 seconds
[2025-04-22T22:29:20.227+0000] {processor.py:186} INFO - Started process (PID=2416) to work on /opt/airflow/dags/my_dag.py
[2025-04-22T22:29:20.229+0000] {processor.py:914} INFO - Processing file /opt/airflow/dags/my_dag.py for tasks to queue
[2025-04-22T22:29:20.232+0000] {logging_mixin.py:190} INFO - [2025-04-22T22:29:20.231+0000] {dagbag.py:588} INFO - Filling up the DagBag from /opt/airflow/dags/my_dag.py
[2025-04-22T22:29:20.253+0000] {processor.py:925} INFO - DAG(s) 'TFL_DATA_DAG' retrieved from /opt/airflow/dags/my_dag.py
[2025-04-22T22:29:20.280+0000] {logging_mixin.py:190} INFO - [2025-04-22T22:29:20.280+0000] {dag.py:3239} INFO - Sync 1 DAGs
[2025-04-22T22:29:20.305+0000] {logging_mixin.py:190} INFO - [2025-04-22T22:29:20.305+0000] {dag.py:4180} INFO - Setting next_dagrun for TFL_DATA_DAG to 2025-04-22 00:00:00+00:00, run_after=2025-04-23 00:00:00+00:00
[2025-04-22T22:29:20.323+0000] {processor.py:208} INFO - Processing /opt/airflow/dags/my_dag.py took 0.102 seconds
[2025-04-22T22:29:50.722+0000] {processor.py:186} INFO - Started process (PID=2437) to work on /opt/airflow/dags/my_dag.py
[2025-04-22T22:29:50.724+0000] {processor.py:914} INFO - Processing file /opt/airflow/dags/my_dag.py for tasks to queue
[2025-04-22T22:29:50.727+0000] {logging_mixin.py:190} INFO - [2025-04-22T22:29:50.727+0000] {dagbag.py:588} INFO - Filling up the DagBag from /opt/airflow/dags/my_dag.py
[2025-04-22T22:29:50.761+0000] {processor.py:925} INFO - DAG(s) 'TFL_DATA_DAG' retrieved from /opt/airflow/dags/my_dag.py
[2025-04-22T22:29:50.799+0000] {logging_mixin.py:190} INFO - [2025-04-22T22:29:50.799+0000] {dag.py:3239} INFO - Sync 1 DAGs
[2025-04-22T22:29:50.837+0000] {logging_mixin.py:190} INFO - [2025-04-22T22:29:50.837+0000] {dag.py:4180} INFO - Setting next_dagrun for TFL_DATA_DAG to 2025-04-22 00:00:00+00:00, run_after=2025-04-23 00:00:00+00:00
[2025-04-22T22:29:50.867+0000] {processor.py:208} INFO - Processing /opt/airflow/dags/my_dag.py took 0.153 seconds
[2025-04-22T22:30:21.250+0000] {processor.py:186} INFO - Started process (PID=2458) to work on /opt/airflow/dags/my_dag.py
[2025-04-22T22:30:21.251+0000] {processor.py:914} INFO - Processing file /opt/airflow/dags/my_dag.py for tasks to queue
[2025-04-22T22:30:21.253+0000] {logging_mixin.py:190} INFO - [2025-04-22T22:30:21.253+0000] {dagbag.py:588} INFO - Filling up the DagBag from /opt/airflow/dags/my_dag.py
[2025-04-22T22:30:21.282+0000] {processor.py:925} INFO - DAG(s) 'TFL_DATA_DAG' retrieved from /opt/airflow/dags/my_dag.py
[2025-04-22T22:30:21.306+0000] {logging_mixin.py:190} INFO - [2025-04-22T22:30:21.306+0000] {dag.py:3239} INFO - Sync 1 DAGs
[2025-04-22T22:30:21.329+0000] {logging_mixin.py:190} INFO - [2025-04-22T22:30:21.329+0000] {dag.py:4180} INFO - Setting next_dagrun for TFL_DATA_DAG to 2025-04-22 00:00:00+00:00, run_after=2025-04-23 00:00:00+00:00
[2025-04-22T22:30:21.344+0000] {processor.py:208} INFO - Processing /opt/airflow/dags/my_dag.py took 0.100 seconds
[2025-04-22T22:30:51.692+0000] {processor.py:186} INFO - Started process (PID=2479) to work on /opt/airflow/dags/my_dag.py
[2025-04-22T22:30:51.694+0000] {processor.py:914} INFO - Processing file /opt/airflow/dags/my_dag.py for tasks to queue
[2025-04-22T22:30:51.697+0000] {logging_mixin.py:190} INFO - [2025-04-22T22:30:51.696+0000] {dagbag.py:588} INFO - Filling up the DagBag from /opt/airflow/dags/my_dag.py
[2025-04-22T22:30:51.732+0000] {processor.py:925} INFO - DAG(s) 'TFL_DATA_DAG' retrieved from /opt/airflow/dags/my_dag.py
[2025-04-22T22:30:51.763+0000] {logging_mixin.py:190} INFO - [2025-04-22T22:30:51.763+0000] {dag.py:3239} INFO - Sync 1 DAGs
[2025-04-22T22:30:51.800+0000] {logging_mixin.py:190} INFO - [2025-04-22T22:30:51.799+0000] {dag.py:4180} INFO - Setting next_dagrun for TFL_DATA_DAG to 2025-04-22 00:00:00+00:00, run_after=2025-04-23 00:00:00+00:00
[2025-04-22T22:30:51.832+0000] {processor.py:208} INFO - Processing /opt/airflow/dags/my_dag.py took 0.150 seconds
[2025-04-22T22:31:22.257+0000] {processor.py:186} INFO - Started process (PID=2500) to work on /opt/airflow/dags/my_dag.py
[2025-04-22T22:31:22.260+0000] {processor.py:914} INFO - Processing file /opt/airflow/dags/my_dag.py for tasks to queue
[2025-04-22T22:31:22.264+0000] {logging_mixin.py:190} INFO - [2025-04-22T22:31:22.263+0000] {dagbag.py:588} INFO - Filling up the DagBag from /opt/airflow/dags/my_dag.py
[2025-04-22T22:31:22.301+0000] {processor.py:925} INFO - DAG(s) 'TFL_DATA_DAG' retrieved from /opt/airflow/dags/my_dag.py
[2025-04-22T22:31:22.360+0000] {logging_mixin.py:190} INFO - [2025-04-22T22:31:22.360+0000] {dag.py:3239} INFO - Sync 1 DAGs
[2025-04-22T22:31:22.408+0000] {logging_mixin.py:190} INFO - [2025-04-22T22:31:22.408+0000] {dag.py:4180} INFO - Setting next_dagrun for TFL_DATA_DAG to 2025-04-22 00:00:00+00:00, run_after=2025-04-23 00:00:00+00:00
[2025-04-22T22:31:22.440+0000] {processor.py:208} INFO - Processing /opt/airflow/dags/my_dag.py took 0.194 seconds
[2025-04-22T22:31:52.838+0000] {processor.py:186} INFO - Started process (PID=2521) to work on /opt/airflow/dags/my_dag.py
[2025-04-22T22:31:52.842+0000] {processor.py:914} INFO - Processing file /opt/airflow/dags/my_dag.py for tasks to queue
[2025-04-22T22:31:52.846+0000] {logging_mixin.py:190} INFO - [2025-04-22T22:31:52.846+0000] {dagbag.py:588} INFO - Filling up the DagBag from /opt/airflow/dags/my_dag.py
[2025-04-22T22:31:52.880+0000] {processor.py:925} INFO - DAG(s) 'TFL_DATA_DAG' retrieved from /opt/airflow/dags/my_dag.py
[2025-04-22T22:31:52.915+0000] {logging_mixin.py:190} INFO - [2025-04-22T22:31:52.914+0000] {dag.py:3239} INFO - Sync 1 DAGs
[2025-04-22T22:31:52.951+0000] {logging_mixin.py:190} INFO - [2025-04-22T22:31:52.951+0000] {dag.py:4180} INFO - Setting next_dagrun for TFL_DATA_DAG to 2025-04-22 00:00:00+00:00, run_after=2025-04-23 00:00:00+00:00
[2025-04-22T22:31:52.984+0000] {processor.py:208} INFO - Processing /opt/airflow/dags/my_dag.py took 0.156 seconds
[2025-04-22T22:32:23.387+0000] {processor.py:186} INFO - Started process (PID=2542) to work on /opt/airflow/dags/my_dag.py
[2025-04-22T22:32:23.389+0000] {processor.py:914} INFO - Processing file /opt/airflow/dags/my_dag.py for tasks to queue
[2025-04-22T22:32:23.392+0000] {logging_mixin.py:190} INFO - [2025-04-22T22:32:23.391+0000] {dagbag.py:588} INFO - Filling up the DagBag from /opt/airflow/dags/my_dag.py
[2025-04-22T22:32:23.427+0000] {processor.py:925} INFO - DAG(s) 'TFL_DATA_DAG' retrieved from /opt/airflow/dags/my_dag.py
[2025-04-22T22:32:23.467+0000] {logging_mixin.py:190} INFO - [2025-04-22T22:32:23.467+0000] {dag.py:3239} INFO - Sync 1 DAGs
[2025-04-22T22:32:23.510+0000] {logging_mixin.py:190} INFO - [2025-04-22T22:32:23.509+0000] {dag.py:4180} INFO - Setting next_dagrun for TFL_DATA_DAG to 2025-04-22 00:00:00+00:00, run_after=2025-04-23 00:00:00+00:00
[2025-04-22T22:32:23.541+0000] {processor.py:208} INFO - Processing /opt/airflow/dags/my_dag.py took 0.165 seconds
[2025-04-22T22:32:53.967+0000] {processor.py:186} INFO - Started process (PID=2562) to work on /opt/airflow/dags/my_dag.py
[2025-04-22T22:32:53.969+0000] {processor.py:914} INFO - Processing file /opt/airflow/dags/my_dag.py for tasks to queue
[2025-04-22T22:32:53.972+0000] {logging_mixin.py:190} INFO - [2025-04-22T22:32:53.972+0000] {dagbag.py:588} INFO - Filling up the DagBag from /opt/airflow/dags/my_dag.py
[2025-04-22T22:32:54.007+0000] {processor.py:925} INFO - DAG(s) 'TFL_DATA_DAG' retrieved from /opt/airflow/dags/my_dag.py
[2025-04-22T22:32:54.047+0000] {logging_mixin.py:190} INFO - [2025-04-22T22:32:54.046+0000] {dag.py:3239} INFO - Sync 1 DAGs
[2025-04-22T22:32:54.084+0000] {logging_mixin.py:190} INFO - [2025-04-22T22:32:54.084+0000] {dag.py:4180} INFO - Setting next_dagrun for TFL_DATA_DAG to 2025-04-22 00:00:00+00:00, run_after=2025-04-23 00:00:00+00:00
[2025-04-22T22:32:54.110+0000] {processor.py:208} INFO - Processing /opt/airflow/dags/my_dag.py took 0.151 seconds
[2025-04-22T22:33:24.533+0000] {processor.py:186} INFO - Started process (PID=2583) to work on /opt/airflow/dags/my_dag.py
[2025-04-22T22:33:24.539+0000] {processor.py:914} INFO - Processing file /opt/airflow/dags/my_dag.py for tasks to queue
[2025-04-22T22:33:24.543+0000] {logging_mixin.py:190} INFO - [2025-04-22T22:33:24.543+0000] {dagbag.py:588} INFO - Filling up the DagBag from /opt/airflow/dags/my_dag.py
[2025-04-22T22:33:24.582+0000] {processor.py:925} INFO - DAG(s) 'TFL_DATA_DAG' retrieved from /opt/airflow/dags/my_dag.py
[2025-04-22T22:33:24.628+0000] {logging_mixin.py:190} INFO - [2025-04-22T22:33:24.628+0000] {dag.py:3239} INFO - Sync 1 DAGs
[2025-04-22T22:33:24.668+0000] {logging_mixin.py:190} INFO - [2025-04-22T22:33:24.668+0000] {dag.py:4180} INFO - Setting next_dagrun for TFL_DATA_DAG to 2025-04-22 00:00:00+00:00, run_after=2025-04-23 00:00:00+00:00
[2025-04-22T22:33:24.696+0000] {processor.py:208} INFO - Processing /opt/airflow/dags/my_dag.py took 0.173 seconds
[2025-04-22T22:33:55.104+0000] {processor.py:186} INFO - Started process (PID=2604) to work on /opt/airflow/dags/my_dag.py
[2025-04-22T22:33:55.106+0000] {processor.py:914} INFO - Processing file /opt/airflow/dags/my_dag.py for tasks to queue
[2025-04-22T22:33:55.108+0000] {logging_mixin.py:190} INFO - [2025-04-22T22:33:55.108+0000] {dagbag.py:588} INFO - Filling up the DagBag from /opt/airflow/dags/my_dag.py
[2025-04-22T22:33:55.140+0000] {processor.py:925} INFO - DAG(s) 'TFL_DATA_DAG' retrieved from /opt/airflow/dags/my_dag.py
[2025-04-22T22:33:55.176+0000] {logging_mixin.py:190} INFO - [2025-04-22T22:33:55.176+0000] {dag.py:3239} INFO - Sync 1 DAGs
[2025-04-22T22:33:55.215+0000] {logging_mixin.py:190} INFO - [2025-04-22T22:33:55.215+0000] {dag.py:4180} INFO - Setting next_dagrun for TFL_DATA_DAG to 2025-04-22 00:00:00+00:00, run_after=2025-04-23 00:00:00+00:00
[2025-04-22T22:33:55.240+0000] {processor.py:208} INFO - Processing /opt/airflow/dags/my_dag.py took 0.145 seconds
[2025-04-22T22:34:25.635+0000] {processor.py:186} INFO - Started process (PID=2625) to work on /opt/airflow/dags/my_dag.py
[2025-04-22T22:34:25.637+0000] {processor.py:914} INFO - Processing file /opt/airflow/dags/my_dag.py for tasks to queue
[2025-04-22T22:34:25.640+0000] {logging_mixin.py:190} INFO - [2025-04-22T22:34:25.639+0000] {dagbag.py:588} INFO - Filling up the DagBag from /opt/airflow/dags/my_dag.py
[2025-04-22T22:34:25.677+0000] {processor.py:925} INFO - DAG(s) 'TFL_DATA_DAG' retrieved from /opt/airflow/dags/my_dag.py
[2025-04-22T22:34:25.717+0000] {logging_mixin.py:190} INFO - [2025-04-22T22:34:25.716+0000] {dag.py:3239} INFO - Sync 1 DAGs
[2025-04-22T22:34:25.758+0000] {logging_mixin.py:190} INFO - [2025-04-22T22:34:25.757+0000] {dag.py:4180} INFO - Setting next_dagrun for TFL_DATA_DAG to 2025-04-22 00:00:00+00:00, run_after=2025-04-23 00:00:00+00:00
[2025-04-22T22:34:25.785+0000] {processor.py:208} INFO - Processing /opt/airflow/dags/my_dag.py took 0.160 seconds
[2025-04-22T22:34:56.078+0000] {processor.py:186} INFO - Started process (PID=2646) to work on /opt/airflow/dags/my_dag.py
[2025-04-22T22:34:56.080+0000] {processor.py:914} INFO - Processing file /opt/airflow/dags/my_dag.py for tasks to queue
[2025-04-22T22:34:56.081+0000] {logging_mixin.py:190} INFO - [2025-04-22T22:34:56.081+0000] {dagbag.py:588} INFO - Filling up the DagBag from /opt/airflow/dags/my_dag.py
[2025-04-22T22:34:56.096+0000] {processor.py:925} INFO - DAG(s) 'TFL_DATA_DAG' retrieved from /opt/airflow/dags/my_dag.py
[2025-04-22T22:34:56.112+0000] {logging_mixin.py:190} INFO - [2025-04-22T22:34:56.112+0000] {dag.py:3239} INFO - Sync 1 DAGs
[2025-04-22T22:34:56.128+0000] {logging_mixin.py:190} INFO - [2025-04-22T22:34:56.128+0000] {dag.py:4180} INFO - Setting next_dagrun for TFL_DATA_DAG to 2025-04-22 00:00:00+00:00, run_after=2025-04-23 00:00:00+00:00
[2025-04-22T22:34:56.141+0000] {processor.py:208} INFO - Processing /opt/airflow/dags/my_dag.py took 0.067 seconds
[2025-04-22T22:35:26.406+0000] {processor.py:186} INFO - Started process (PID=2667) to work on /opt/airflow/dags/my_dag.py
[2025-04-22T22:35:26.408+0000] {processor.py:914} INFO - Processing file /opt/airflow/dags/my_dag.py for tasks to queue
[2025-04-22T22:35:26.412+0000] {logging_mixin.py:190} INFO - [2025-04-22T22:35:26.411+0000] {dagbag.py:588} INFO - Filling up the DagBag from /opt/airflow/dags/my_dag.py
[2025-04-22T22:35:26.438+0000] {processor.py:925} INFO - DAG(s) 'TFL_DATA_DAG' retrieved from /opt/airflow/dags/my_dag.py
[2025-04-22T22:35:26.458+0000] {logging_mixin.py:190} INFO - [2025-04-22T22:35:26.458+0000] {dag.py:3239} INFO - Sync 1 DAGs
[2025-04-22T22:35:26.475+0000] {logging_mixin.py:190} INFO - [2025-04-22T22:35:26.475+0000] {dag.py:4180} INFO - Setting next_dagrun for TFL_DATA_DAG to 2025-04-22 00:00:00+00:00, run_after=2025-04-23 00:00:00+00:00
[2025-04-22T22:35:26.487+0000] {processor.py:208} INFO - Processing /opt/airflow/dags/my_dag.py took 0.092 seconds
[2025-04-22T22:35:56.762+0000] {processor.py:186} INFO - Started process (PID=2688) to work on /opt/airflow/dags/my_dag.py
[2025-04-22T22:35:56.763+0000] {processor.py:914} INFO - Processing file /opt/airflow/dags/my_dag.py for tasks to queue
[2025-04-22T22:35:56.764+0000] {logging_mixin.py:190} INFO - [2025-04-22T22:35:56.764+0000] {dagbag.py:588} INFO - Filling up the DagBag from /opt/airflow/dags/my_dag.py
[2025-04-22T22:35:56.787+0000] {processor.py:925} INFO - DAG(s) 'TFL_DATA_DAG' retrieved from /opt/airflow/dags/my_dag.py
[2025-04-22T22:35:56.806+0000] {logging_mixin.py:190} INFO - [2025-04-22T22:35:56.806+0000] {dag.py:3239} INFO - Sync 1 DAGs
[2025-04-22T22:35:56.825+0000] {logging_mixin.py:190} INFO - [2025-04-22T22:35:56.825+0000] {dag.py:4180} INFO - Setting next_dagrun for TFL_DATA_DAG to 2025-04-22 00:00:00+00:00, run_after=2025-04-23 00:00:00+00:00
[2025-04-22T22:35:56.838+0000] {processor.py:208} INFO - Processing /opt/airflow/dags/my_dag.py took 0.080 seconds
[2025-04-22T22:36:27.077+0000] {processor.py:186} INFO - Started process (PID=2709) to work on /opt/airflow/dags/my_dag.py
[2025-04-22T22:36:27.078+0000] {processor.py:914} INFO - Processing file /opt/airflow/dags/my_dag.py for tasks to queue
[2025-04-22T22:36:27.079+0000] {logging_mixin.py:190} INFO - [2025-04-22T22:36:27.079+0000] {dagbag.py:588} INFO - Filling up the DagBag from /opt/airflow/dags/my_dag.py
[2025-04-22T22:36:27.095+0000] {processor.py:925} INFO - DAG(s) 'TFL_DATA_DAG' retrieved from /opt/airflow/dags/my_dag.py
[2025-04-22T22:36:27.110+0000] {logging_mixin.py:190} INFO - [2025-04-22T22:36:27.110+0000] {dag.py:3239} INFO - Sync 1 DAGs
[2025-04-22T22:36:27.124+0000] {logging_mixin.py:190} INFO - [2025-04-22T22:36:27.124+0000] {dag.py:4180} INFO - Setting next_dagrun for TFL_DATA_DAG to 2025-04-22 00:00:00+00:00, run_after=2025-04-23 00:00:00+00:00
[2025-04-22T22:36:27.137+0000] {processor.py:208} INFO - Processing /opt/airflow/dags/my_dag.py took 0.063 seconds
[2025-04-22T22:36:57.414+0000] {processor.py:186} INFO - Started process (PID=2730) to work on /opt/airflow/dags/my_dag.py
[2025-04-22T22:36:57.415+0000] {processor.py:914} INFO - Processing file /opt/airflow/dags/my_dag.py for tasks to queue
[2025-04-22T22:36:57.416+0000] {logging_mixin.py:190} INFO - [2025-04-22T22:36:57.416+0000] {dagbag.py:588} INFO - Filling up the DagBag from /opt/airflow/dags/my_dag.py
[2025-04-22T22:36:57.431+0000] {processor.py:925} INFO - DAG(s) 'TFL_DATA_DAG' retrieved from /opt/airflow/dags/my_dag.py
[2025-04-22T22:36:57.448+0000] {logging_mixin.py:190} INFO - [2025-04-22T22:36:57.448+0000] {dag.py:3239} INFO - Sync 1 DAGs
[2025-04-22T22:36:57.466+0000] {logging_mixin.py:190} INFO - [2025-04-22T22:36:57.466+0000] {dag.py:4180} INFO - Setting next_dagrun for TFL_DATA_DAG to 2025-04-22 00:00:00+00:00, run_after=2025-04-23 00:00:00+00:00
[2025-04-22T22:36:57.479+0000] {processor.py:208} INFO - Processing /opt/airflow/dags/my_dag.py took 0.069 seconds
[2025-04-22T22:37:27.786+0000] {processor.py:186} INFO - Started process (PID=2751) to work on /opt/airflow/dags/my_dag.py
[2025-04-22T22:37:27.790+0000] {processor.py:914} INFO - Processing file /opt/airflow/dags/my_dag.py for tasks to queue
[2025-04-22T22:37:27.792+0000] {logging_mixin.py:190} INFO - [2025-04-22T22:37:27.792+0000] {dagbag.py:588} INFO - Filling up the DagBag from /opt/airflow/dags/my_dag.py
[2025-04-22T22:37:27.831+0000] {processor.py:925} INFO - DAG(s) 'TFL_DATA_DAG' retrieved from /opt/airflow/dags/my_dag.py
[2025-04-22T22:37:27.850+0000] {logging_mixin.py:190} INFO - [2025-04-22T22:37:27.850+0000] {dag.py:3239} INFO - Sync 1 DAGs
[2025-04-22T22:37:27.867+0000] {logging_mixin.py:190} INFO - [2025-04-22T22:37:27.867+0000] {dag.py:4180} INFO - Setting next_dagrun for TFL_DATA_DAG to 2025-04-22 00:00:00+00:00, run_after=2025-04-23 00:00:00+00:00
[2025-04-22T22:37:27.882+0000] {processor.py:208} INFO - Processing /opt/airflow/dags/my_dag.py took 0.101 seconds
[2025-04-22T22:37:58.139+0000] {processor.py:186} INFO - Started process (PID=2772) to work on /opt/airflow/dags/my_dag.py
[2025-04-22T22:37:58.144+0000] {processor.py:914} INFO - Processing file /opt/airflow/dags/my_dag.py for tasks to queue
[2025-04-22T22:37:58.146+0000] {logging_mixin.py:190} INFO - [2025-04-22T22:37:58.145+0000] {dagbag.py:588} INFO - Filling up the DagBag from /opt/airflow/dags/my_dag.py
[2025-04-22T22:37:58.209+0000] {processor.py:925} INFO - DAG(s) 'TFL_DATA_DAG' retrieved from /opt/airflow/dags/my_dag.py
[2025-04-22T22:37:58.229+0000] {logging_mixin.py:190} INFO - [2025-04-22T22:37:58.229+0000] {dag.py:3239} INFO - Sync 1 DAGs
[2025-04-22T22:37:58.253+0000] {logging_mixin.py:190} INFO - [2025-04-22T22:37:58.253+0000] {dag.py:4180} INFO - Setting next_dagrun for TFL_DATA_DAG to 2025-04-22 00:00:00+00:00, run_after=2025-04-23 00:00:00+00:00
[2025-04-22T22:37:58.269+0000] {processor.py:208} INFO - Processing /opt/airflow/dags/my_dag.py took 0.135 seconds
[2025-04-22T22:38:28.521+0000] {processor.py:186} INFO - Started process (PID=2793) to work on /opt/airflow/dags/my_dag.py
[2025-04-22T22:38:28.522+0000] {processor.py:914} INFO - Processing file /opt/airflow/dags/my_dag.py for tasks to queue
[2025-04-22T22:38:28.524+0000] {logging_mixin.py:190} INFO - [2025-04-22T22:38:28.524+0000] {dagbag.py:588} INFO - Filling up the DagBag from /opt/airflow/dags/my_dag.py
[2025-04-22T22:38:28.563+0000] {processor.py:925} INFO - DAG(s) 'TFL_DATA_DAG' retrieved from /opt/airflow/dags/my_dag.py
[2025-04-22T22:38:28.582+0000] {logging_mixin.py:190} INFO - [2025-04-22T22:38:28.582+0000] {dag.py:3239} INFO - Sync 1 DAGs
[2025-04-22T22:38:28.602+0000] {logging_mixin.py:190} INFO - [2025-04-22T22:38:28.602+0000] {dag.py:4180} INFO - Setting next_dagrun for TFL_DATA_DAG to 2025-04-22 00:00:00+00:00, run_after=2025-04-23 00:00:00+00:00
[2025-04-22T22:38:28.616+0000] {processor.py:208} INFO - Processing /opt/airflow/dags/my_dag.py took 0.103 seconds
[2025-04-22T22:38:58.882+0000] {processor.py:186} INFO - Started process (PID=2814) to work on /opt/airflow/dags/my_dag.py
[2025-04-22T22:38:58.883+0000] {processor.py:914} INFO - Processing file /opt/airflow/dags/my_dag.py for tasks to queue
[2025-04-22T22:38:58.885+0000] {logging_mixin.py:190} INFO - [2025-04-22T22:38:58.885+0000] {dagbag.py:588} INFO - Filling up the DagBag from /opt/airflow/dags/my_dag.py
[2025-04-22T22:38:58.916+0000] {processor.py:925} INFO - DAG(s) 'TFL_DATA_DAG' retrieved from /opt/airflow/dags/my_dag.py
[2025-04-22T22:38:58.933+0000] {logging_mixin.py:190} INFO - [2025-04-22T22:38:58.933+0000] {dag.py:3239} INFO - Sync 1 DAGs
[2025-04-22T22:38:58.950+0000] {logging_mixin.py:190} INFO - [2025-04-22T22:38:58.950+0000] {dag.py:4180} INFO - Setting next_dagrun for TFL_DATA_DAG to 2025-04-22 00:00:00+00:00, run_after=2025-04-23 00:00:00+00:00
[2025-04-22T22:38:58.962+0000] {processor.py:208} INFO - Processing /opt/airflow/dags/my_dag.py took 0.086 seconds
[2025-04-22T22:39:29.280+0000] {processor.py:186} INFO - Started process (PID=2835) to work on /opt/airflow/dags/my_dag.py
[2025-04-22T22:39:29.281+0000] {processor.py:914} INFO - Processing file /opt/airflow/dags/my_dag.py for tasks to queue
[2025-04-22T22:39:29.283+0000] {logging_mixin.py:190} INFO - [2025-04-22T22:39:29.283+0000] {dagbag.py:588} INFO - Filling up the DagBag from /opt/airflow/dags/my_dag.py
[2025-04-22T22:39:29.309+0000] {processor.py:925} INFO - DAG(s) 'TFL_DATA_DAG' retrieved from /opt/airflow/dags/my_dag.py
[2025-04-22T22:39:29.328+0000] {logging_mixin.py:190} INFO - [2025-04-22T22:39:29.328+0000] {dag.py:3239} INFO - Sync 1 DAGs
[2025-04-22T22:39:29.345+0000] {logging_mixin.py:190} INFO - [2025-04-22T22:39:29.345+0000] {dag.py:4180} INFO - Setting next_dagrun for TFL_DATA_DAG to 2025-04-22 00:00:00+00:00, run_after=2025-04-23 00:00:00+00:00
[2025-04-22T22:39:29.360+0000] {processor.py:208} INFO - Processing /opt/airflow/dags/my_dag.py took 0.084 seconds
[2025-04-22T22:39:59.625+0000] {processor.py:186} INFO - Started process (PID=2856) to work on /opt/airflow/dags/my_dag.py
[2025-04-22T22:39:59.627+0000] {processor.py:914} INFO - Processing file /opt/airflow/dags/my_dag.py for tasks to queue
[2025-04-22T22:39:59.629+0000] {logging_mixin.py:190} INFO - [2025-04-22T22:39:59.628+0000] {dagbag.py:588} INFO - Filling up the DagBag from /opt/airflow/dags/my_dag.py
[2025-04-22T22:39:59.647+0000] {processor.py:925} INFO - DAG(s) 'TFL_DATA_DAG' retrieved from /opt/airflow/dags/my_dag.py
[2025-04-22T22:39:59.663+0000] {logging_mixin.py:190} INFO - [2025-04-22T22:39:59.662+0000] {dag.py:3239} INFO - Sync 1 DAGs
[2025-04-22T22:39:59.680+0000] {logging_mixin.py:190} INFO - [2025-04-22T22:39:59.680+0000] {dag.py:4180} INFO - Setting next_dagrun for TFL_DATA_DAG to 2025-04-22 00:00:00+00:00, run_after=2025-04-23 00:00:00+00:00
[2025-04-22T22:39:59.693+0000] {processor.py:208} INFO - Processing /opt/airflow/dags/my_dag.py took 0.072 seconds
[2025-04-22T22:40:30.040+0000] {processor.py:186} INFO - Started process (PID=2877) to work on /opt/airflow/dags/my_dag.py
[2025-04-22T22:40:30.041+0000] {processor.py:914} INFO - Processing file /opt/airflow/dags/my_dag.py for tasks to queue
[2025-04-22T22:40:30.044+0000] {logging_mixin.py:190} INFO - [2025-04-22T22:40:30.044+0000] {dagbag.py:588} INFO - Filling up the DagBag from /opt/airflow/dags/my_dag.py
[2025-04-22T22:40:30.178+0000] {processor.py:925} INFO - DAG(s) 'TFL_DATA_DAG' retrieved from /opt/airflow/dags/my_dag.py
[2025-04-22T22:40:30.232+0000] {logging_mixin.py:190} INFO - [2025-04-22T22:40:30.232+0000] {dag.py:3239} INFO - Sync 1 DAGs
[2025-04-22T22:40:30.278+0000] {logging_mixin.py:190} INFO - [2025-04-22T22:40:30.278+0000] {dag.py:4180} INFO - Setting next_dagrun for TFL_DATA_DAG to 2025-04-22 00:00:00+00:00, run_after=2025-04-23 00:00:00+00:00
[2025-04-22T22:40:30.291+0000] {processor.py:208} INFO - Processing /opt/airflow/dags/my_dag.py took 0.257 seconds
[2025-04-22T22:41:00.547+0000] {processor.py:186} INFO - Started process (PID=2898) to work on /opt/airflow/dags/my_dag.py
[2025-04-22T22:41:00.550+0000] {processor.py:914} INFO - Processing file /opt/airflow/dags/my_dag.py for tasks to queue
[2025-04-22T22:41:00.557+0000] {logging_mixin.py:190} INFO - [2025-04-22T22:41:00.557+0000] {dagbag.py:588} INFO - Filling up the DagBag from /opt/airflow/dags/my_dag.py
[2025-04-22T22:41:00.588+0000] {processor.py:925} INFO - DAG(s) 'TFL_DATA_DAG' retrieved from /opt/airflow/dags/my_dag.py
[2025-04-22T22:41:00.606+0000] {logging_mixin.py:190} INFO - [2025-04-22T22:41:00.606+0000] {dag.py:3239} INFO - Sync 1 DAGs
[2025-04-22T22:41:00.625+0000] {logging_mixin.py:190} INFO - [2025-04-22T22:41:00.625+0000] {dag.py:4180} INFO - Setting next_dagrun for TFL_DATA_DAG to 2025-04-22 00:00:00+00:00, run_after=2025-04-23 00:00:00+00:00
[2025-04-22T22:41:00.642+0000] {processor.py:208} INFO - Processing /opt/airflow/dags/my_dag.py took 0.099 seconds
[2025-04-22T22:41:30.915+0000] {processor.py:186} INFO - Started process (PID=2919) to work on /opt/airflow/dags/my_dag.py
[2025-04-22T22:41:30.916+0000] {processor.py:914} INFO - Processing file /opt/airflow/dags/my_dag.py for tasks to queue
[2025-04-22T22:41:30.917+0000] {logging_mixin.py:190} INFO - [2025-04-22T22:41:30.917+0000] {dagbag.py:588} INFO - Filling up the DagBag from /opt/airflow/dags/my_dag.py
[2025-04-22T22:41:30.947+0000] {processor.py:925} INFO - DAG(s) 'TFL_DATA_DAG' retrieved from /opt/airflow/dags/my_dag.py
[2025-04-22T22:41:30.963+0000] {logging_mixin.py:190} INFO - [2025-04-22T22:41:30.963+0000] {dag.py:3239} INFO - Sync 1 DAGs
[2025-04-22T22:41:30.979+0000] {logging_mixin.py:190} INFO - [2025-04-22T22:41:30.979+0000] {dag.py:4180} INFO - Setting next_dagrun for TFL_DATA_DAG to 2025-04-22 00:00:00+00:00, run_after=2025-04-23 00:00:00+00:00
[2025-04-22T22:41:30.995+0000] {processor.py:208} INFO - Processing /opt/airflow/dags/my_dag.py took 0.084 seconds
[2025-04-22T22:42:01.235+0000] {processor.py:186} INFO - Started process (PID=2939) to work on /opt/airflow/dags/my_dag.py
[2025-04-22T22:42:01.236+0000] {processor.py:914} INFO - Processing file /opt/airflow/dags/my_dag.py for tasks to queue
[2025-04-22T22:42:01.237+0000] {logging_mixin.py:190} INFO - [2025-04-22T22:42:01.237+0000] {dagbag.py:588} INFO - Filling up the DagBag from /opt/airflow/dags/my_dag.py
[2025-04-22T22:42:01.254+0000] {processor.py:925} INFO - DAG(s) 'TFL_DATA_DAG' retrieved from /opt/airflow/dags/my_dag.py
[2025-04-22T22:42:01.269+0000] {logging_mixin.py:190} INFO - [2025-04-22T22:42:01.269+0000] {dag.py:3239} INFO - Sync 1 DAGs
[2025-04-22T22:42:01.285+0000] {logging_mixin.py:190} INFO - [2025-04-22T22:42:01.285+0000] {dag.py:4180} INFO - Setting next_dagrun for TFL_DATA_DAG to 2025-04-22 00:00:00+00:00, run_after=2025-04-23 00:00:00+00:00
[2025-04-22T22:42:01.297+0000] {processor.py:208} INFO - Processing /opt/airflow/dags/my_dag.py took 0.068 seconds
[2025-04-22T22:42:31.531+0000] {processor.py:186} INFO - Started process (PID=2960) to work on /opt/airflow/dags/my_dag.py
[2025-04-22T22:42:31.532+0000] {processor.py:914} INFO - Processing file /opt/airflow/dags/my_dag.py for tasks to queue
[2025-04-22T22:42:31.533+0000] {logging_mixin.py:190} INFO - [2025-04-22T22:42:31.533+0000] {dagbag.py:588} INFO - Filling up the DagBag from /opt/airflow/dags/my_dag.py
[2025-04-22T22:42:31.562+0000] {processor.py:925} INFO - DAG(s) 'TFL_DATA_DAG' retrieved from /opt/airflow/dags/my_dag.py
[2025-04-22T22:42:31.578+0000] {logging_mixin.py:190} INFO - [2025-04-22T22:42:31.578+0000] {dag.py:3239} INFO - Sync 1 DAGs
[2025-04-22T22:42:31.594+0000] {logging_mixin.py:190} INFO - [2025-04-22T22:42:31.594+0000] {dag.py:4180} INFO - Setting next_dagrun for TFL_DATA_DAG to 2025-04-22 00:00:00+00:00, run_after=2025-04-23 00:00:00+00:00
[2025-04-22T22:42:31.605+0000] {processor.py:208} INFO - Processing /opt/airflow/dags/my_dag.py took 0.078 seconds
[2025-04-22T22:43:01.866+0000] {processor.py:186} INFO - Started process (PID=2981) to work on /opt/airflow/dags/my_dag.py
[2025-04-22T22:43:01.869+0000] {processor.py:914} INFO - Processing file /opt/airflow/dags/my_dag.py for tasks to queue
[2025-04-22T22:43:01.874+0000] {logging_mixin.py:190} INFO - [2025-04-22T22:43:01.874+0000] {dagbag.py:588} INFO - Filling up the DagBag from /opt/airflow/dags/my_dag.py
[2025-04-22T22:43:01.901+0000] {processor.py:925} INFO - DAG(s) 'TFL_DATA_DAG' retrieved from /opt/airflow/dags/my_dag.py
[2025-04-22T22:43:01.919+0000] {logging_mixin.py:190} INFO - [2025-04-22T22:43:01.918+0000] {dag.py:3239} INFO - Sync 1 DAGs
[2025-04-22T22:43:01.937+0000] {logging_mixin.py:190} INFO - [2025-04-22T22:43:01.937+0000] {dag.py:4180} INFO - Setting next_dagrun for TFL_DATA_DAG to 2025-04-22 00:00:00+00:00, run_after=2025-04-23 00:00:00+00:00
[2025-04-22T22:43:01.951+0000] {processor.py:208} INFO - Processing /opt/airflow/dags/my_dag.py took 0.089 seconds
[2025-04-22T22:43:32.301+0000] {processor.py:186} INFO - Started process (PID=3002) to work on /opt/airflow/dags/my_dag.py
[2025-04-22T22:43:32.302+0000] {processor.py:914} INFO - Processing file /opt/airflow/dags/my_dag.py for tasks to queue
[2025-04-22T22:43:32.303+0000] {logging_mixin.py:190} INFO - [2025-04-22T22:43:32.303+0000] {dagbag.py:588} INFO - Filling up the DagBag from /opt/airflow/dags/my_dag.py
[2025-04-22T22:43:32.318+0000] {processor.py:925} INFO - DAG(s) 'TFL_DATA_DAG' retrieved from /opt/airflow/dags/my_dag.py
[2025-04-22T22:43:32.336+0000] {logging_mixin.py:190} INFO - [2025-04-22T22:43:32.336+0000] {dag.py:3239} INFO - Sync 1 DAGs
[2025-04-22T22:43:32.353+0000] {logging_mixin.py:190} INFO - [2025-04-22T22:43:32.352+0000] {dag.py:4180} INFO - Setting next_dagrun for TFL_DATA_DAG to 2025-04-22 00:00:00+00:00, run_after=2025-04-23 00:00:00+00:00
[2025-04-22T22:43:32.366+0000] {processor.py:208} INFO - Processing /opt/airflow/dags/my_dag.py took 0.069 seconds
[2025-04-22T22:44:02.648+0000] {processor.py:186} INFO - Started process (PID=3023) to work on /opt/airflow/dags/my_dag.py
[2025-04-22T22:44:02.653+0000] {processor.py:914} INFO - Processing file /opt/airflow/dags/my_dag.py for tasks to queue
[2025-04-22T22:44:02.655+0000] {logging_mixin.py:190} INFO - [2025-04-22T22:44:02.655+0000] {dagbag.py:588} INFO - Filling up the DagBag from /opt/airflow/dags/my_dag.py
[2025-04-22T22:44:02.685+0000] {processor.py:925} INFO - DAG(s) 'TFL_DATA_DAG' retrieved from /opt/airflow/dags/my_dag.py
[2025-04-22T22:44:02.701+0000] {logging_mixin.py:190} INFO - [2025-04-22T22:44:02.701+0000] {dag.py:3239} INFO - Sync 1 DAGs
[2025-04-22T22:44:02.718+0000] {logging_mixin.py:190} INFO - [2025-04-22T22:44:02.718+0000] {dag.py:4180} INFO - Setting next_dagrun for TFL_DATA_DAG to 2025-04-22 00:00:00+00:00, run_after=2025-04-23 00:00:00+00:00
[2025-04-22T22:44:02.730+0000] {processor.py:208} INFO - Processing /opt/airflow/dags/my_dag.py took 0.086 seconds
[2025-04-22T22:44:32.975+0000] {processor.py:186} INFO - Started process (PID=3044) to work on /opt/airflow/dags/my_dag.py
[2025-04-22T22:44:32.975+0000] {processor.py:914} INFO - Processing file /opt/airflow/dags/my_dag.py for tasks to queue
[2025-04-22T22:44:32.976+0000] {logging_mixin.py:190} INFO - [2025-04-22T22:44:32.976+0000] {dagbag.py:588} INFO - Filling up the DagBag from /opt/airflow/dags/my_dag.py
[2025-04-22T22:44:32.992+0000] {processor.py:925} INFO - DAG(s) 'TFL_DATA_DAG' retrieved from /opt/airflow/dags/my_dag.py
[2025-04-22T22:44:33.009+0000] {logging_mixin.py:190} INFO - [2025-04-22T22:44:33.009+0000] {dag.py:3239} INFO - Sync 1 DAGs
[2025-04-22T22:44:33.026+0000] {logging_mixin.py:190} INFO - [2025-04-22T22:44:33.026+0000] {dag.py:4180} INFO - Setting next_dagrun for TFL_DATA_DAG to 2025-04-22 00:00:00+00:00, run_after=2025-04-23 00:00:00+00:00
[2025-04-22T22:44:33.039+0000] {processor.py:208} INFO - Processing /opt/airflow/dags/my_dag.py took 0.069 seconds
[2025-04-22T22:45:03.383+0000] {processor.py:186} INFO - Started process (PID=3065) to work on /opt/airflow/dags/my_dag.py
[2025-04-22T22:45:03.384+0000] {processor.py:914} INFO - Processing file /opt/airflow/dags/my_dag.py for tasks to queue
[2025-04-22T22:45:03.386+0000] {logging_mixin.py:190} INFO - [2025-04-22T22:45:03.385+0000] {dagbag.py:588} INFO - Filling up the DagBag from /opt/airflow/dags/my_dag.py
[2025-04-22T22:45:03.406+0000] {processor.py:925} INFO - DAG(s) 'TFL_DATA_DAG' retrieved from /opt/airflow/dags/my_dag.py
[2025-04-22T22:45:03.424+0000] {logging_mixin.py:190} INFO - [2025-04-22T22:45:03.423+0000] {dag.py:3239} INFO - Sync 1 DAGs
[2025-04-22T22:45:03.442+0000] {logging_mixin.py:190} INFO - [2025-04-22T22:45:03.442+0000] {dag.py:4180} INFO - Setting next_dagrun for TFL_DATA_DAG to 2025-04-22 00:00:00+00:00, run_after=2025-04-23 00:00:00+00:00
[2025-04-22T22:45:03.458+0000] {processor.py:208} INFO - Processing /opt/airflow/dags/my_dag.py took 0.078 seconds
[2025-04-22T22:45:33.736+0000] {processor.py:186} INFO - Started process (PID=3086) to work on /opt/airflow/dags/my_dag.py
[2025-04-22T22:45:33.737+0000] {processor.py:914} INFO - Processing file /opt/airflow/dags/my_dag.py for tasks to queue
[2025-04-22T22:45:33.738+0000] {logging_mixin.py:190} INFO - [2025-04-22T22:45:33.738+0000] {dagbag.py:588} INFO - Filling up the DagBag from /opt/airflow/dags/my_dag.py
[2025-04-22T22:45:33.754+0000] {processor.py:925} INFO - DAG(s) 'TFL_DATA_DAG' retrieved from /opt/airflow/dags/my_dag.py
[2025-04-22T22:45:33.767+0000] {logging_mixin.py:190} INFO - [2025-04-22T22:45:33.767+0000] {dag.py:3239} INFO - Sync 1 DAGs
[2025-04-22T22:45:33.781+0000] {logging_mixin.py:190} INFO - [2025-04-22T22:45:33.781+0000] {dag.py:4180} INFO - Setting next_dagrun for TFL_DATA_DAG to 2025-04-22 00:00:00+00:00, run_after=2025-04-23 00:00:00+00:00
[2025-04-22T22:45:33.792+0000] {processor.py:208} INFO - Processing /opt/airflow/dags/my_dag.py took 0.060 seconds
[2025-04-22T22:46:04.114+0000] {processor.py:186} INFO - Started process (PID=3107) to work on /opt/airflow/dags/my_dag.py
[2025-04-22T22:46:04.115+0000] {processor.py:914} INFO - Processing file /opt/airflow/dags/my_dag.py for tasks to queue
[2025-04-22T22:46:04.117+0000] {logging_mixin.py:190} INFO - [2025-04-22T22:46:04.116+0000] {dagbag.py:588} INFO - Filling up the DagBag from /opt/airflow/dags/my_dag.py
[2025-04-22T22:46:04.145+0000] {processor.py:925} INFO - DAG(s) 'TFL_DATA_DAG' retrieved from /opt/airflow/dags/my_dag.py
[2025-04-22T22:46:04.161+0000] {logging_mixin.py:190} INFO - [2025-04-22T22:46:04.161+0000] {dag.py:3239} INFO - Sync 1 DAGs
[2025-04-22T22:46:04.176+0000] {logging_mixin.py:190} INFO - [2025-04-22T22:46:04.176+0000] {dag.py:4180} INFO - Setting next_dagrun for TFL_DATA_DAG to 2025-04-22 00:00:00+00:00, run_after=2025-04-23 00:00:00+00:00
[2025-04-22T22:46:04.188+0000] {processor.py:208} INFO - Processing /opt/airflow/dags/my_dag.py took 0.078 seconds
[2025-04-22T22:46:34.482+0000] {processor.py:186} INFO - Started process (PID=3128) to work on /opt/airflow/dags/my_dag.py
[2025-04-22T22:46:34.483+0000] {processor.py:914} INFO - Processing file /opt/airflow/dags/my_dag.py for tasks to queue
[2025-04-22T22:46:34.485+0000] {logging_mixin.py:190} INFO - [2025-04-22T22:46:34.484+0000] {dagbag.py:588} INFO - Filling up the DagBag from /opt/airflow/dags/my_dag.py
[2025-04-22T22:46:34.515+0000] {processor.py:925} INFO - DAG(s) 'TFL_DATA_DAG' retrieved from /opt/airflow/dags/my_dag.py
[2025-04-22T22:46:34.532+0000] {logging_mixin.py:190} INFO - [2025-04-22T22:46:34.532+0000] {dag.py:3239} INFO - Sync 1 DAGs
[2025-04-22T22:46:34.549+0000] {logging_mixin.py:190} INFO - [2025-04-22T22:46:34.549+0000] {dag.py:4180} INFO - Setting next_dagrun for TFL_DATA_DAG to 2025-04-22 00:00:00+00:00, run_after=2025-04-23 00:00:00+00:00
[2025-04-22T22:46:34.561+0000] {processor.py:208} INFO - Processing /opt/airflow/dags/my_dag.py took 0.083 seconds
[2025-04-22T22:47:04.855+0000] {processor.py:186} INFO - Started process (PID=3149) to work on /opt/airflow/dags/my_dag.py
[2025-04-22T22:47:04.856+0000] {processor.py:914} INFO - Processing file /opt/airflow/dags/my_dag.py for tasks to queue
[2025-04-22T22:47:04.858+0000] {logging_mixin.py:190} INFO - [2025-04-22T22:47:04.858+0000] {dagbag.py:588} INFO - Filling up the DagBag from /opt/airflow/dags/my_dag.py
[2025-04-22T22:47:04.872+0000] {processor.py:925} INFO - DAG(s) 'TFL_DATA_DAG' retrieved from /opt/airflow/dags/my_dag.py
[2025-04-22T22:47:04.887+0000] {logging_mixin.py:190} INFO - [2025-04-22T22:47:04.887+0000] {dag.py:3239} INFO - Sync 1 DAGs
[2025-04-22T22:47:04.904+0000] {logging_mixin.py:190} INFO - [2025-04-22T22:47:04.903+0000] {dag.py:4180} INFO - Setting next_dagrun for TFL_DATA_DAG to 2025-04-22 00:00:00+00:00, run_after=2025-04-23 00:00:00+00:00
[2025-04-22T22:47:04.916+0000] {processor.py:208} INFO - Processing /opt/airflow/dags/my_dag.py took 0.064 seconds
[2025-04-22T22:47:35.195+0000] {processor.py:186} INFO - Started process (PID=3170) to work on /opt/airflow/dags/my_dag.py
[2025-04-22T22:47:35.198+0000] {processor.py:914} INFO - Processing file /opt/airflow/dags/my_dag.py for tasks to queue
[2025-04-22T22:47:35.203+0000] {logging_mixin.py:190} INFO - [2025-04-22T22:47:35.203+0000] {dagbag.py:588} INFO - Filling up the DagBag from /opt/airflow/dags/my_dag.py
[2025-04-22T22:47:35.234+0000] {processor.py:925} INFO - DAG(s) 'TFL_DATA_DAG' retrieved from /opt/airflow/dags/my_dag.py
[2025-04-22T22:47:35.252+0000] {logging_mixin.py:190} INFO - [2025-04-22T22:47:35.252+0000] {dag.py:3239} INFO - Sync 1 DAGs
[2025-04-22T22:47:35.269+0000] {logging_mixin.py:190} INFO - [2025-04-22T22:47:35.269+0000] {dag.py:4180} INFO - Setting next_dagrun for TFL_DATA_DAG to 2025-04-22 00:00:00+00:00, run_after=2025-04-23 00:00:00+00:00
[2025-04-22T22:47:35.281+0000] {processor.py:208} INFO - Processing /opt/airflow/dags/my_dag.py took 0.092 seconds
[2025-04-22T22:48:05.565+0000] {processor.py:186} INFO - Started process (PID=3197) to work on /opt/airflow/dags/my_dag.py
[2025-04-22T22:48:05.567+0000] {processor.py:914} INFO - Processing file /opt/airflow/dags/my_dag.py for tasks to queue
[2025-04-22T22:48:05.569+0000] {logging_mixin.py:190} INFO - [2025-04-22T22:48:05.569+0000] {dagbag.py:588} INFO - Filling up the DagBag from /opt/airflow/dags/my_dag.py
[2025-04-22T22:48:05.606+0000] {processor.py:925} INFO - DAG(s) 'TFL_DATA_DAG' retrieved from /opt/airflow/dags/my_dag.py
[2025-04-22T22:48:05.624+0000] {logging_mixin.py:190} INFO - [2025-04-22T22:48:05.624+0000] {dag.py:3239} INFO - Sync 1 DAGs
[2025-04-22T22:48:05.641+0000] {logging_mixin.py:190} INFO - [2025-04-22T22:48:05.641+0000] {dag.py:4180} INFO - Setting next_dagrun for TFL_DATA_DAG to 2025-04-22 00:00:00+00:00, run_after=2025-04-23 00:00:00+00:00
[2025-04-22T22:48:05.653+0000] {processor.py:208} INFO - Processing /opt/airflow/dags/my_dag.py took 0.093 seconds
[2025-04-22T22:48:35.932+0000] {processor.py:186} INFO - Started process (PID=3218) to work on /opt/airflow/dags/my_dag.py
[2025-04-22T22:48:35.933+0000] {processor.py:914} INFO - Processing file /opt/airflow/dags/my_dag.py for tasks to queue
[2025-04-22T22:48:35.934+0000] {logging_mixin.py:190} INFO - [2025-04-22T22:48:35.934+0000] {dagbag.py:588} INFO - Filling up the DagBag from /opt/airflow/dags/my_dag.py
[2025-04-22T22:48:35.947+0000] {processor.py:925} INFO - DAG(s) 'TFL_DATA_DAG' retrieved from /opt/airflow/dags/my_dag.py
[2025-04-22T22:48:35.964+0000] {logging_mixin.py:190} INFO - [2025-04-22T22:48:35.964+0000] {dag.py:3239} INFO - Sync 1 DAGs
[2025-04-22T22:48:35.980+0000] {logging_mixin.py:190} INFO - [2025-04-22T22:48:35.979+0000] {dag.py:4180} INFO - Setting next_dagrun for TFL_DATA_DAG to 2025-04-22 00:00:00+00:00, run_after=2025-04-23 00:00:00+00:00
[2025-04-22T22:48:35.990+0000] {processor.py:208} INFO - Processing /opt/airflow/dags/my_dag.py took 0.063 seconds
[2025-04-22T22:49:06.287+0000] {processor.py:186} INFO - Started process (PID=3240) to work on /opt/airflow/dags/my_dag.py
[2025-04-22T22:49:06.289+0000] {processor.py:914} INFO - Processing file /opt/airflow/dags/my_dag.py for tasks to queue
[2025-04-22T22:49:06.291+0000] {logging_mixin.py:190} INFO - [2025-04-22T22:49:06.290+0000] {dagbag.py:588} INFO - Filling up the DagBag from /opt/airflow/dags/my_dag.py
[2025-04-22T22:49:06.304+0000] {processor.py:925} INFO - DAG(s) 'TFL_DATA_DAG' retrieved from /opt/airflow/dags/my_dag.py
[2025-04-22T22:49:06.321+0000] {logging_mixin.py:190} INFO - [2025-04-22T22:49:06.321+0000] {dag.py:3239} INFO - Sync 1 DAGs
[2025-04-22T22:49:06.337+0000] {logging_mixin.py:190} INFO - [2025-04-22T22:49:06.337+0000] {dag.py:4180} INFO - Setting next_dagrun for TFL_DATA_DAG to 2025-04-22 00:00:00+00:00, run_after=2025-04-23 00:00:00+00:00
[2025-04-22T22:49:06.348+0000] {processor.py:208} INFO - Processing /opt/airflow/dags/my_dag.py took 0.064 seconds
[2025-04-22T22:49:36.620+0000] {processor.py:186} INFO - Started process (PID=3261) to work on /opt/airflow/dags/my_dag.py
[2025-04-22T22:49:36.622+0000] {processor.py:914} INFO - Processing file /opt/airflow/dags/my_dag.py for tasks to queue
[2025-04-22T22:49:36.624+0000] {logging_mixin.py:190} INFO - [2025-04-22T22:49:36.623+0000] {dagbag.py:588} INFO - Filling up the DagBag from /opt/airflow/dags/my_dag.py
[2025-04-22T22:49:36.637+0000] {processor.py:925} INFO - DAG(s) 'TFL_DATA_DAG' retrieved from /opt/airflow/dags/my_dag.py
[2025-04-22T22:49:36.652+0000] {logging_mixin.py:190} INFO - [2025-04-22T22:49:36.651+0000] {dag.py:3239} INFO - Sync 1 DAGs
[2025-04-22T22:49:36.666+0000] {logging_mixin.py:190} INFO - [2025-04-22T22:49:36.666+0000] {dag.py:4180} INFO - Setting next_dagrun for TFL_DATA_DAG to 2025-04-22 00:00:00+00:00, run_after=2025-04-23 00:00:00+00:00
[2025-04-22T22:49:36.678+0000] {processor.py:208} INFO - Processing /opt/airflow/dags/my_dag.py took 0.061 seconds
[2025-04-22T22:50:06.962+0000] {processor.py:186} INFO - Started process (PID=3282) to work on /opt/airflow/dags/my_dag.py
[2025-04-22T22:50:06.963+0000] {processor.py:914} INFO - Processing file /opt/airflow/dags/my_dag.py for tasks to queue
[2025-04-22T22:50:06.965+0000] {logging_mixin.py:190} INFO - [2025-04-22T22:50:06.965+0000] {dagbag.py:588} INFO - Filling up the DagBag from /opt/airflow/dags/my_dag.py
[2025-04-22T22:50:06.990+0000] {processor.py:925} INFO - DAG(s) 'TFL_DATA_DAG' retrieved from /opt/airflow/dags/my_dag.py
[2025-04-22T22:50:07.008+0000] {logging_mixin.py:190} INFO - [2025-04-22T22:50:07.008+0000] {dag.py:3239} INFO - Sync 1 DAGs
[2025-04-22T22:50:07.026+0000] {logging_mixin.py:190} INFO - [2025-04-22T22:50:07.026+0000] {dag.py:4180} INFO - Setting next_dagrun for TFL_DATA_DAG to 2025-04-22 00:00:00+00:00, run_after=2025-04-23 00:00:00+00:00
[2025-04-22T22:50:07.041+0000] {processor.py:208} INFO - Processing /opt/airflow/dags/my_dag.py took 0.083 seconds
[2025-04-22T22:50:37.273+0000] {processor.py:186} INFO - Started process (PID=3303) to work on /opt/airflow/dags/my_dag.py
[2025-04-22T22:50:37.274+0000] {processor.py:914} INFO - Processing file /opt/airflow/dags/my_dag.py for tasks to queue
[2025-04-22T22:50:37.281+0000] {logging_mixin.py:190} INFO - [2025-04-22T22:50:37.281+0000] {dagbag.py:588} INFO - Filling up the DagBag from /opt/airflow/dags/my_dag.py
[2025-04-22T22:50:37.319+0000] {processor.py:925} INFO - DAG(s) 'TFL_DATA_DAG' retrieved from /opt/airflow/dags/my_dag.py
[2025-04-22T22:50:37.334+0000] {logging_mixin.py:190} INFO - [2025-04-22T22:50:37.334+0000] {dag.py:3239} INFO - Sync 1 DAGs
[2025-04-22T22:50:37.352+0000] {logging_mixin.py:190} INFO - [2025-04-22T22:50:37.352+0000] {dag.py:4180} INFO - Setting next_dagrun for TFL_DATA_DAG to 2025-04-22 00:00:00+00:00, run_after=2025-04-23 00:00:00+00:00
[2025-04-22T22:50:37.364+0000] {processor.py:208} INFO - Processing /opt/airflow/dags/my_dag.py took 0.095 seconds
[2025-04-22T22:51:07.692+0000] {processor.py:186} INFO - Started process (PID=3324) to work on /opt/airflow/dags/my_dag.py
[2025-04-22T22:51:07.693+0000] {processor.py:914} INFO - Processing file /opt/airflow/dags/my_dag.py for tasks to queue
[2025-04-22T22:51:07.695+0000] {logging_mixin.py:190} INFO - [2025-04-22T22:51:07.694+0000] {dagbag.py:588} INFO - Filling up the DagBag from /opt/airflow/dags/my_dag.py
[2025-04-22T22:51:07.727+0000] {processor.py:925} INFO - DAG(s) 'TFL_DATA_DAG' retrieved from /opt/airflow/dags/my_dag.py
[2025-04-22T22:51:07.744+0000] {logging_mixin.py:190} INFO - [2025-04-22T22:51:07.744+0000] {dag.py:3239} INFO - Sync 1 DAGs
[2025-04-22T22:51:07.761+0000] {logging_mixin.py:190} INFO - [2025-04-22T22:51:07.760+0000] {dag.py:4180} INFO - Setting next_dagrun for TFL_DATA_DAG to 2025-04-22 00:00:00+00:00, run_after=2025-04-23 00:00:00+00:00
[2025-04-22T22:51:07.772+0000] {processor.py:208} INFO - Processing /opt/airflow/dags/my_dag.py took 0.086 seconds
[2025-04-22T22:51:38.046+0000] {processor.py:186} INFO - Started process (PID=3345) to work on /opt/airflow/dags/my_dag.py
[2025-04-22T22:51:38.047+0000] {processor.py:914} INFO - Processing file /opt/airflow/dags/my_dag.py for tasks to queue
[2025-04-22T22:51:38.049+0000] {logging_mixin.py:190} INFO - [2025-04-22T22:51:38.049+0000] {dagbag.py:588} INFO - Filling up the DagBag from /opt/airflow/dags/my_dag.py
[2025-04-22T22:51:38.080+0000] {processor.py:925} INFO - DAG(s) 'TFL_DATA_DAG' retrieved from /opt/airflow/dags/my_dag.py
[2025-04-22T22:51:38.105+0000] {logging_mixin.py:190} INFO - [2025-04-22T22:51:38.105+0000] {dag.py:3239} INFO - Sync 1 DAGs
[2025-04-22T22:51:38.125+0000] {logging_mixin.py:190} INFO - [2025-04-22T22:51:38.125+0000] {dag.py:4180} INFO - Setting next_dagrun for TFL_DATA_DAG to 2025-04-22 00:00:00+00:00, run_after=2025-04-23 00:00:00+00:00
[2025-04-22T22:51:38.140+0000] {processor.py:208} INFO - Processing /opt/airflow/dags/my_dag.py took 0.101 seconds
[2025-04-22T22:52:08.378+0000] {processor.py:186} INFO - Started process (PID=3366) to work on /opt/airflow/dags/my_dag.py
[2025-04-22T22:52:08.379+0000] {processor.py:914} INFO - Processing file /opt/airflow/dags/my_dag.py for tasks to queue
[2025-04-22T22:52:08.380+0000] {logging_mixin.py:190} INFO - [2025-04-22T22:52:08.380+0000] {dagbag.py:588} INFO - Filling up the DagBag from /opt/airflow/dags/my_dag.py
[2025-04-22T22:52:08.404+0000] {processor.py:925} INFO - DAG(s) 'TFL_DATA_DAG' retrieved from /opt/airflow/dags/my_dag.py
[2025-04-22T22:52:08.424+0000] {logging_mixin.py:190} INFO - [2025-04-22T22:52:08.424+0000] {dag.py:3239} INFO - Sync 1 DAGs
[2025-04-22T22:52:08.446+0000] {logging_mixin.py:190} INFO - [2025-04-22T22:52:08.446+0000] {dag.py:4180} INFO - Setting next_dagrun for TFL_DATA_DAG to 2025-04-22 00:00:00+00:00, run_after=2025-04-23 00:00:00+00:00
[2025-04-22T22:52:08.461+0000] {processor.py:208} INFO - Processing /opt/airflow/dags/my_dag.py took 0.089 seconds
[2025-04-22T22:52:38.712+0000] {processor.py:186} INFO - Started process (PID=3387) to work on /opt/airflow/dags/my_dag.py
[2025-04-22T22:52:38.714+0000] {processor.py:914} INFO - Processing file /opt/airflow/dags/my_dag.py for tasks to queue
[2025-04-22T22:52:38.715+0000] {logging_mixin.py:190} INFO - [2025-04-22T22:52:38.715+0000] {dagbag.py:588} INFO - Filling up the DagBag from /opt/airflow/dags/my_dag.py
[2025-04-22T22:52:38.744+0000] {processor.py:925} INFO - DAG(s) 'TFL_DATA_DAG' retrieved from /opt/airflow/dags/my_dag.py
[2025-04-22T22:52:38.761+0000] {logging_mixin.py:190} INFO - [2025-04-22T22:52:38.761+0000] {dag.py:3239} INFO - Sync 1 DAGs
[2025-04-22T22:52:38.780+0000] {logging_mixin.py:190} INFO - [2025-04-22T22:52:38.779+0000] {dag.py:4180} INFO - Setting next_dagrun for TFL_DATA_DAG to 2025-04-22 00:00:00+00:00, run_after=2025-04-23 00:00:00+00:00
[2025-04-22T22:52:38.794+0000] {processor.py:208} INFO - Processing /opt/airflow/dags/my_dag.py took 0.085 seconds
[2025-04-22T22:53:09.072+0000] {processor.py:186} INFO - Started process (PID=3408) to work on /opt/airflow/dags/my_dag.py
[2025-04-22T22:53:09.074+0000] {processor.py:914} INFO - Processing file /opt/airflow/dags/my_dag.py for tasks to queue
[2025-04-22T22:53:09.077+0000] {logging_mixin.py:190} INFO - [2025-04-22T22:53:09.077+0000] {dagbag.py:588} INFO - Filling up the DagBag from /opt/airflow/dags/my_dag.py
[2025-04-22T22:53:09.103+0000] {processor.py:925} INFO - DAG(s) 'TFL_DATA_DAG' retrieved from /opt/airflow/dags/my_dag.py
[2025-04-22T22:53:09.119+0000] {logging_mixin.py:190} INFO - [2025-04-22T22:53:09.119+0000] {dag.py:3239} INFO - Sync 1 DAGs
[2025-04-22T22:53:09.135+0000] {logging_mixin.py:190} INFO - [2025-04-22T22:53:09.135+0000] {dag.py:4180} INFO - Setting next_dagrun for TFL_DATA_DAG to 2025-04-22 00:00:00+00:00, run_after=2025-04-23 00:00:00+00:00
[2025-04-22T22:53:09.149+0000] {processor.py:208} INFO - Processing /opt/airflow/dags/my_dag.py took 0.083 seconds
[2025-04-22T22:53:39.411+0000] {processor.py:186} INFO - Started process (PID=3429) to work on /opt/airflow/dags/my_dag.py
[2025-04-22T22:53:39.412+0000] {processor.py:914} INFO - Processing file /opt/airflow/dags/my_dag.py for tasks to queue
[2025-04-22T22:53:39.414+0000] {logging_mixin.py:190} INFO - [2025-04-22T22:53:39.413+0000] {dagbag.py:588} INFO - Filling up the DagBag from /opt/airflow/dags/my_dag.py
[2025-04-22T22:53:39.444+0000] {processor.py:925} INFO - DAG(s) 'TFL_DATA_DAG' retrieved from /opt/airflow/dags/my_dag.py
[2025-04-22T22:53:39.460+0000] {logging_mixin.py:190} INFO - [2025-04-22T22:53:39.460+0000] {dag.py:3239} INFO - Sync 1 DAGs
[2025-04-22T22:53:39.477+0000] {logging_mixin.py:190} INFO - [2025-04-22T22:53:39.477+0000] {dag.py:4180} INFO - Setting next_dagrun for TFL_DATA_DAG to 2025-04-22 00:00:00+00:00, run_after=2025-04-23 00:00:00+00:00
[2025-04-22T22:53:39.489+0000] {processor.py:208} INFO - Processing /opt/airflow/dags/my_dag.py took 0.082 seconds
[2025-04-22T22:54:09.748+0000] {processor.py:186} INFO - Started process (PID=3450) to work on /opt/airflow/dags/my_dag.py
[2025-04-22T22:54:09.752+0000] {processor.py:914} INFO - Processing file /opt/airflow/dags/my_dag.py for tasks to queue
[2025-04-22T22:54:09.754+0000] {logging_mixin.py:190} INFO - [2025-04-22T22:54:09.754+0000] {dagbag.py:588} INFO - Filling up the DagBag from /opt/airflow/dags/my_dag.py
[2025-04-22T22:54:09.788+0000] {processor.py:925} INFO - DAG(s) 'TFL_DATA_DAG' retrieved from /opt/airflow/dags/my_dag.py
[2025-04-22T22:54:09.808+0000] {logging_mixin.py:190} INFO - [2025-04-22T22:54:09.808+0000] {dag.py:3239} INFO - Sync 1 DAGs
[2025-04-22T22:54:09.832+0000] {logging_mixin.py:190} INFO - [2025-04-22T22:54:09.832+0000] {dag.py:4180} INFO - Setting next_dagrun for TFL_DATA_DAG to 2025-04-22 00:00:00+00:00, run_after=2025-04-23 00:00:00+00:00
[2025-04-22T22:54:09.848+0000] {processor.py:208} INFO - Processing /opt/airflow/dags/my_dag.py took 0.105 seconds
[2025-04-22T22:54:40.099+0000] {processor.py:186} INFO - Started process (PID=3471) to work on /opt/airflow/dags/my_dag.py
[2025-04-22T22:54:40.100+0000] {processor.py:914} INFO - Processing file /opt/airflow/dags/my_dag.py for tasks to queue
[2025-04-22T22:54:40.101+0000] {logging_mixin.py:190} INFO - [2025-04-22T22:54:40.101+0000] {dagbag.py:588} INFO - Filling up the DagBag from /opt/airflow/dags/my_dag.py
[2025-04-22T22:54:40.116+0000] {processor.py:925} INFO - DAG(s) 'TFL_DATA_DAG' retrieved from /opt/airflow/dags/my_dag.py
[2025-04-22T22:54:40.134+0000] {logging_mixin.py:190} INFO - [2025-04-22T22:54:40.134+0000] {dag.py:3239} INFO - Sync 1 DAGs
[2025-04-22T22:54:40.151+0000] {logging_mixin.py:190} INFO - [2025-04-22T22:54:40.151+0000] {dag.py:4180} INFO - Setting next_dagrun for TFL_DATA_DAG to 2025-04-22 00:00:00+00:00, run_after=2025-04-23 00:00:00+00:00
[2025-04-22T22:54:40.163+0000] {processor.py:208} INFO - Processing /opt/airflow/dags/my_dag.py took 0.068 seconds
[2025-04-22T22:55:10.505+0000] {processor.py:186} INFO - Started process (PID=3492) to work on /opt/airflow/dags/my_dag.py
[2025-04-22T22:55:10.508+0000] {processor.py:914} INFO - Processing file /opt/airflow/dags/my_dag.py for tasks to queue
[2025-04-22T22:55:10.509+0000] {logging_mixin.py:190} INFO - [2025-04-22T22:55:10.509+0000] {dagbag.py:588} INFO - Filling up the DagBag from /opt/airflow/dags/my_dag.py
[2025-04-22T22:55:10.524+0000] {processor.py:925} INFO - DAG(s) 'TFL_DATA_DAG' retrieved from /opt/airflow/dags/my_dag.py
[2025-04-22T22:55:10.544+0000] {logging_mixin.py:190} INFO - [2025-04-22T22:55:10.543+0000] {dag.py:3239} INFO - Sync 1 DAGs
[2025-04-22T22:55:10.561+0000] {logging_mixin.py:190} INFO - [2025-04-22T22:55:10.561+0000] {dag.py:4180} INFO - Setting next_dagrun for TFL_DATA_DAG to 2025-04-22 00:00:00+00:00, run_after=2025-04-23 00:00:00+00:00
[2025-04-22T22:55:10.575+0000] {processor.py:208} INFO - Processing /opt/airflow/dags/my_dag.py took 0.074 seconds
[2025-04-22T22:55:40.823+0000] {processor.py:186} INFO - Started process (PID=3513) to work on /opt/airflow/dags/my_dag.py
[2025-04-22T22:55:40.824+0000] {processor.py:914} INFO - Processing file /opt/airflow/dags/my_dag.py for tasks to queue
[2025-04-22T22:55:40.825+0000] {logging_mixin.py:190} INFO - [2025-04-22T22:55:40.825+0000] {dagbag.py:588} INFO - Filling up the DagBag from /opt/airflow/dags/my_dag.py
[2025-04-22T22:55:40.852+0000] {processor.py:925} INFO - DAG(s) 'TFL_DATA_DAG' retrieved from /opt/airflow/dags/my_dag.py
[2025-04-22T22:55:40.868+0000] {logging_mixin.py:190} INFO - [2025-04-22T22:55:40.868+0000] {dag.py:3239} INFO - Sync 1 DAGs
[2025-04-22T22:55:40.884+0000] {logging_mixin.py:190} INFO - [2025-04-22T22:55:40.884+0000] {dag.py:4180} INFO - Setting next_dagrun for TFL_DATA_DAG to 2025-04-22 00:00:00+00:00, run_after=2025-04-23 00:00:00+00:00
[2025-04-22T22:55:40.906+0000] {processor.py:208} INFO - Processing /opt/airflow/dags/my_dag.py took 0.088 seconds
[2025-04-22T22:56:11.135+0000] {processor.py:186} INFO - Started process (PID=3534) to work on /opt/airflow/dags/my_dag.py
[2025-04-22T22:56:11.136+0000] {processor.py:914} INFO - Processing file /opt/airflow/dags/my_dag.py for tasks to queue
[2025-04-22T22:56:11.138+0000] {logging_mixin.py:190} INFO - [2025-04-22T22:56:11.138+0000] {dagbag.py:588} INFO - Filling up the DagBag from /opt/airflow/dags/my_dag.py
[2025-04-22T22:56:11.167+0000] {processor.py:925} INFO - DAG(s) 'TFL_DATA_DAG' retrieved from /opt/airflow/dags/my_dag.py
[2025-04-22T22:56:11.188+0000] {logging_mixin.py:190} INFO - [2025-04-22T22:56:11.188+0000] {dag.py:3239} INFO - Sync 1 DAGs
[2025-04-22T22:56:11.207+0000] {logging_mixin.py:190} INFO - [2025-04-22T22:56:11.207+0000] {dag.py:4180} INFO - Setting next_dagrun for TFL_DATA_DAG to 2025-04-22 00:00:00+00:00, run_after=2025-04-23 00:00:00+00:00
[2025-04-22T22:56:11.220+0000] {processor.py:208} INFO - Processing /opt/airflow/dags/my_dag.py took 0.089 seconds
[2025-04-22T22:56:41.471+0000] {processor.py:186} INFO - Started process (PID=3555) to work on /opt/airflow/dags/my_dag.py
[2025-04-22T22:56:41.471+0000] {processor.py:914} INFO - Processing file /opt/airflow/dags/my_dag.py for tasks to queue
[2025-04-22T22:56:41.473+0000] {logging_mixin.py:190} INFO - [2025-04-22T22:56:41.472+0000] {dagbag.py:588} INFO - Filling up the DagBag from /opt/airflow/dags/my_dag.py
[2025-04-22T22:56:41.487+0000] {processor.py:925} INFO - DAG(s) 'TFL_DATA_DAG' retrieved from /opt/airflow/dags/my_dag.py
[2025-04-22T22:56:41.502+0000] {logging_mixin.py:190} INFO - [2025-04-22T22:56:41.502+0000] {dag.py:3239} INFO - Sync 1 DAGs
[2025-04-22T22:56:41.517+0000] {logging_mixin.py:190} INFO - [2025-04-22T22:56:41.517+0000] {dag.py:4180} INFO - Setting next_dagrun for TFL_DATA_DAG to 2025-04-22 00:00:00+00:00, run_after=2025-04-23 00:00:00+00:00
[2025-04-22T22:56:41.529+0000] {processor.py:208} INFO - Processing /opt/airflow/dags/my_dag.py took 0.063 seconds
[2025-04-22T22:57:11.802+0000] {processor.py:186} INFO - Started process (PID=3576) to work on /opt/airflow/dags/my_dag.py
[2025-04-22T22:57:11.803+0000] {processor.py:914} INFO - Processing file /opt/airflow/dags/my_dag.py for tasks to queue
[2025-04-22T22:57:11.805+0000] {logging_mixin.py:190} INFO - [2025-04-22T22:57:11.804+0000] {dagbag.py:588} INFO - Filling up the DagBag from /opt/airflow/dags/my_dag.py
[2025-04-22T22:57:11.820+0000] {processor.py:925} INFO - DAG(s) 'TFL_DATA_DAG' retrieved from /opt/airflow/dags/my_dag.py
[2025-04-22T22:57:11.836+0000] {logging_mixin.py:190} INFO - [2025-04-22T22:57:11.836+0000] {dag.py:3239} INFO - Sync 1 DAGs
[2025-04-22T22:57:11.852+0000] {logging_mixin.py:190} INFO - [2025-04-22T22:57:11.852+0000] {dag.py:4180} INFO - Setting next_dagrun for TFL_DATA_DAG to 2025-04-22 00:00:00+00:00, run_after=2025-04-23 00:00:00+00:00
[2025-04-22T22:57:11.863+0000] {processor.py:208} INFO - Processing /opt/airflow/dags/my_dag.py took 0.065 seconds
[2025-04-22T22:57:42.111+0000] {processor.py:186} INFO - Started process (PID=3597) to work on /opt/airflow/dags/my_dag.py
[2025-04-22T22:57:42.112+0000] {processor.py:914} INFO - Processing file /opt/airflow/dags/my_dag.py for tasks to queue
[2025-04-22T22:57:42.116+0000] {logging_mixin.py:190} INFO - [2025-04-22T22:57:42.115+0000] {dagbag.py:588} INFO - Filling up the DagBag from /opt/airflow/dags/my_dag.py
[2025-04-22T22:57:42.153+0000] {processor.py:925} INFO - DAG(s) 'TFL_DATA_DAG' retrieved from /opt/airflow/dags/my_dag.py
[2025-04-22T22:57:42.168+0000] {logging_mixin.py:190} INFO - [2025-04-22T22:57:42.168+0000] {dag.py:3239} INFO - Sync 1 DAGs
[2025-04-22T22:57:42.189+0000] {logging_mixin.py:190} INFO - [2025-04-22T22:57:42.189+0000] {dag.py:4180} INFO - Setting next_dagrun for TFL_DATA_DAG to 2025-04-22 00:00:00+00:00, run_after=2025-04-23 00:00:00+00:00
[2025-04-22T22:57:42.202+0000] {processor.py:208} INFO - Processing /opt/airflow/dags/my_dag.py took 0.095 seconds
[2025-04-22T22:58:12.513+0000] {processor.py:186} INFO - Started process (PID=3618) to work on /opt/airflow/dags/my_dag.py
[2025-04-22T22:58:12.515+0000] {processor.py:914} INFO - Processing file /opt/airflow/dags/my_dag.py for tasks to queue
[2025-04-22T22:58:12.516+0000] {logging_mixin.py:190} INFO - [2025-04-22T22:58:12.516+0000] {dagbag.py:588} INFO - Filling up the DagBag from /opt/airflow/dags/my_dag.py
[2025-04-22T22:58:12.530+0000] {processor.py:925} INFO - DAG(s) 'TFL_DATA_DAG' retrieved from /opt/airflow/dags/my_dag.py
[2025-04-22T22:58:12.543+0000] {logging_mixin.py:190} INFO - [2025-04-22T22:58:12.543+0000] {dag.py:3239} INFO - Sync 1 DAGs
[2025-04-22T22:58:12.558+0000] {logging_mixin.py:190} INFO - [2025-04-22T22:58:12.558+0000] {dag.py:4180} INFO - Setting next_dagrun for TFL_DATA_DAG to 2025-04-22 00:00:00+00:00, run_after=2025-04-23 00:00:00+00:00
[2025-04-22T22:58:12.570+0000] {processor.py:208} INFO - Processing /opt/airflow/dags/my_dag.py took 0.062 seconds
[2025-04-22T22:58:42.841+0000] {processor.py:186} INFO - Started process (PID=3639) to work on /opt/airflow/dags/my_dag.py
[2025-04-22T22:58:42.842+0000] {processor.py:914} INFO - Processing file /opt/airflow/dags/my_dag.py for tasks to queue
[2025-04-22T22:58:42.843+0000] {logging_mixin.py:190} INFO - [2025-04-22T22:58:42.842+0000] {dagbag.py:588} INFO - Filling up the DagBag from /opt/airflow/dags/my_dag.py
[2025-04-22T22:58:42.858+0000] {processor.py:925} INFO - DAG(s) 'TFL_DATA_DAG' retrieved from /opt/airflow/dags/my_dag.py
[2025-04-22T22:58:42.876+0000] {logging_mixin.py:190} INFO - [2025-04-22T22:58:42.876+0000] {dag.py:3239} INFO - Sync 1 DAGs
[2025-04-22T22:58:42.893+0000] {logging_mixin.py:190} INFO - [2025-04-22T22:58:42.893+0000] {dag.py:4180} INFO - Setting next_dagrun for TFL_DATA_DAG to 2025-04-22 00:00:00+00:00, run_after=2025-04-23 00:00:00+00:00
[2025-04-22T22:58:42.905+0000] {processor.py:208} INFO - Processing /opt/airflow/dags/my_dag.py took 0.068 seconds
[2025-04-22T22:59:13.090+0000] {processor.py:186} INFO - Started process (PID=3660) to work on /opt/airflow/dags/my_dag.py
[2025-04-22T22:59:13.092+0000] {processor.py:914} INFO - Processing file /opt/airflow/dags/my_dag.py for tasks to queue
[2025-04-22T22:59:13.094+0000] {logging_mixin.py:190} INFO - [2025-04-22T22:59:13.093+0000] {dagbag.py:588} INFO - Filling up the DagBag from /opt/airflow/dags/my_dag.py
[2025-04-22T22:59:13.110+0000] {processor.py:925} INFO - DAG(s) 'TFL_DATA_DAG' retrieved from /opt/airflow/dags/my_dag.py
[2025-04-22T22:59:13.129+0000] {logging_mixin.py:190} INFO - [2025-04-22T22:59:13.129+0000] {dag.py:3239} INFO - Sync 1 DAGs
[2025-04-22T22:59:13.147+0000] {logging_mixin.py:190} INFO - [2025-04-22T22:59:13.147+0000] {dag.py:4180} INFO - Setting next_dagrun for TFL_DATA_DAG to 2025-04-22 00:00:00+00:00, run_after=2025-04-23 00:00:00+00:00
[2025-04-22T22:59:13.165+0000] {processor.py:208} INFO - Processing /opt/airflow/dags/my_dag.py took 0.079 seconds
[2025-04-22T22:59:34.334+0000] {processor.py:186} INFO - Started process (PID=3667) to work on /opt/airflow/dags/my_dag.py
[2025-04-22T22:59:34.335+0000] {processor.py:914} INFO - Processing file /opt/airflow/dags/my_dag.py for tasks to queue
[2025-04-22T22:59:34.337+0000] {logging_mixin.py:190} INFO - [2025-04-22T22:59:34.336+0000] {dagbag.py:588} INFO - Filling up the DagBag from /opt/airflow/dags/my_dag.py
[2025-04-22T22:59:34.373+0000] {processor.py:925} INFO - DAG(s) 'TFL_DATA_DAG' retrieved from /opt/airflow/dags/my_dag.py
[2025-04-22T22:59:34.387+0000] {logging_mixin.py:190} INFO - [2025-04-22T22:59:34.387+0000] {dag.py:3239} INFO - Sync 1 DAGs
[2025-04-22T22:59:34.402+0000] {logging_mixin.py:190} INFO - [2025-04-22T22:59:34.402+0000] {dag.py:4180} INFO - Setting next_dagrun for TFL_DATA_DAG to 2025-04-22 00:00:00+00:00, run_after=2025-04-23 00:00:00+00:00
[2025-04-22T22:59:34.420+0000] {processor.py:208} INFO - Processing /opt/airflow/dags/my_dag.py took 0.090 seconds
[2025-04-22T23:00:04.893+0000] {processor.py:186} INFO - Started process (PID=3688) to work on /opt/airflow/dags/my_dag.py
[2025-04-22T23:00:04.897+0000] {processor.py:914} INFO - Processing file /opt/airflow/dags/my_dag.py for tasks to queue
[2025-04-22T23:00:04.900+0000] {logging_mixin.py:190} INFO - [2025-04-22T23:00:04.899+0000] {dagbag.py:588} INFO - Filling up the DagBag from /opt/airflow/dags/my_dag.py
[2025-04-22T23:00:04.936+0000] {processor.py:925} INFO - DAG(s) 'TFL_DATA_DAG' retrieved from /opt/airflow/dags/my_dag.py
[2025-04-22T23:00:04.960+0000] {logging_mixin.py:190} INFO - [2025-04-22T23:00:04.959+0000] {dag.py:3239} INFO - Sync 1 DAGs
[2025-04-22T23:00:04.983+0000] {logging_mixin.py:190} INFO - [2025-04-22T23:00:04.983+0000] {dag.py:4180} INFO - Setting next_dagrun for TFL_DATA_DAG to 2025-04-22 00:00:00+00:00, run_after=2025-04-23 00:00:00+00:00
[2025-04-22T23:00:04.997+0000] {processor.py:208} INFO - Processing /opt/airflow/dags/my_dag.py took 0.118 seconds
[2025-04-22T23:00:35.267+0000] {processor.py:186} INFO - Started process (PID=3709) to work on /opt/airflow/dags/my_dag.py
[2025-04-22T23:00:35.268+0000] {processor.py:914} INFO - Processing file /opt/airflow/dags/my_dag.py for tasks to queue
[2025-04-22T23:00:35.270+0000] {logging_mixin.py:190} INFO - [2025-04-22T23:00:35.270+0000] {dagbag.py:588} INFO - Filling up the DagBag from /opt/airflow/dags/my_dag.py
[2025-04-22T23:00:35.285+0000] {processor.py:925} INFO - DAG(s) 'TFL_DATA_DAG' retrieved from /opt/airflow/dags/my_dag.py
[2025-04-22T23:00:35.299+0000] {logging_mixin.py:190} INFO - [2025-04-22T23:00:35.299+0000] {dag.py:3239} INFO - Sync 1 DAGs
[2025-04-22T23:00:35.314+0000] {logging_mixin.py:190} INFO - [2025-04-22T23:00:35.313+0000] {dag.py:4180} INFO - Setting next_dagrun for TFL_DATA_DAG to 2025-04-22 00:00:00+00:00, run_after=2025-04-23 00:00:00+00:00
[2025-04-22T23:00:35.325+0000] {processor.py:208} INFO - Processing /opt/airflow/dags/my_dag.py took 0.062 seconds
[2025-04-22T23:01:05.640+0000] {processor.py:186} INFO - Started process (PID=3730) to work on /opt/airflow/dags/my_dag.py
[2025-04-22T23:01:05.644+0000] {processor.py:914} INFO - Processing file /opt/airflow/dags/my_dag.py for tasks to queue
[2025-04-22T23:01:05.651+0000] {logging_mixin.py:190} INFO - [2025-04-22T23:01:05.651+0000] {dagbag.py:588} INFO - Filling up the DagBag from /opt/airflow/dags/my_dag.py
[2025-04-22T23:01:05.706+0000] {processor.py:925} INFO - DAG(s) 'TFL_DATA_DAG' retrieved from /opt/airflow/dags/my_dag.py
[2025-04-22T23:01:05.726+0000] {logging_mixin.py:190} INFO - [2025-04-22T23:01:05.726+0000] {dag.py:3239} INFO - Sync 1 DAGs
[2025-04-22T23:01:05.743+0000] {logging_mixin.py:190} INFO - [2025-04-22T23:01:05.743+0000] {dag.py:4180} INFO - Setting next_dagrun for TFL_DATA_DAG to 2025-04-22 00:00:00+00:00, run_after=2025-04-23 00:00:00+00:00
[2025-04-22T23:01:05.754+0000] {processor.py:208} INFO - Processing /opt/airflow/dags/my_dag.py took 0.119 seconds
[2025-04-22T23:01:35.889+0000] {processor.py:186} INFO - Started process (PID=3751) to work on /opt/airflow/dags/my_dag.py
[2025-04-22T23:01:35.891+0000] {processor.py:914} INFO - Processing file /opt/airflow/dags/my_dag.py for tasks to queue
[2025-04-22T23:01:35.892+0000] {logging_mixin.py:190} INFO - [2025-04-22T23:01:35.892+0000] {dagbag.py:588} INFO - Filling up the DagBag from /opt/airflow/dags/my_dag.py
[2025-04-22T23:01:35.911+0000] {processor.py:925} INFO - DAG(s) 'TFL_DATA_DAG' retrieved from /opt/airflow/dags/my_dag.py
[2025-04-22T23:01:35.924+0000] {logging_mixin.py:190} INFO - [2025-04-22T23:01:35.924+0000] {dag.py:3239} INFO - Sync 1 DAGs
[2025-04-22T23:01:35.940+0000] {logging_mixin.py:190} INFO - [2025-04-22T23:01:35.940+0000] {dag.py:4180} INFO - Setting next_dagrun for TFL_DATA_DAG to 2025-04-22 00:00:00+00:00, run_after=2025-04-23 00:00:00+00:00
[2025-04-22T23:01:35.951+0000] {processor.py:208} INFO - Processing /opt/airflow/dags/my_dag.py took 0.066 seconds
[2025-04-22T23:02:06.149+0000] {processor.py:186} INFO - Started process (PID=3772) to work on /opt/airflow/dags/my_dag.py
[2025-04-22T23:02:06.150+0000] {processor.py:914} INFO - Processing file /opt/airflow/dags/my_dag.py for tasks to queue
[2025-04-22T23:02:06.151+0000] {logging_mixin.py:190} INFO - [2025-04-22T23:02:06.151+0000] {dagbag.py:588} INFO - Filling up the DagBag from /opt/airflow/dags/my_dag.py
[2025-04-22T23:02:06.168+0000] {processor.py:925} INFO - DAG(s) 'TFL_DATA_DAG' retrieved from /opt/airflow/dags/my_dag.py
[2025-04-22T23:02:06.182+0000] {logging_mixin.py:190} INFO - [2025-04-22T23:02:06.182+0000] {dag.py:3239} INFO - Sync 1 DAGs
[2025-04-22T23:02:06.197+0000] {logging_mixin.py:190} INFO - [2025-04-22T23:02:06.197+0000] {dag.py:4180} INFO - Setting next_dagrun for TFL_DATA_DAG to 2025-04-22 00:00:00+00:00, run_after=2025-04-23 00:00:00+00:00
[2025-04-22T23:02:06.211+0000] {processor.py:208} INFO - Processing /opt/airflow/dags/my_dag.py took 0.066 seconds
[2025-04-22T23:02:36.551+0000] {processor.py:186} INFO - Started process (PID=3793) to work on /opt/airflow/dags/my_dag.py
[2025-04-22T23:02:36.552+0000] {processor.py:914} INFO - Processing file /opt/airflow/dags/my_dag.py for tasks to queue
[2025-04-22T23:02:36.554+0000] {logging_mixin.py:190} INFO - [2025-04-22T23:02:36.553+0000] {dagbag.py:588} INFO - Filling up the DagBag from /opt/airflow/dags/my_dag.py
[2025-04-22T23:02:36.571+0000] {processor.py:925} INFO - DAG(s) 'TFL_DATA_DAG' retrieved from /opt/airflow/dags/my_dag.py
[2025-04-22T23:02:36.584+0000] {logging_mixin.py:190} INFO - [2025-04-22T23:02:36.584+0000] {dag.py:3239} INFO - Sync 1 DAGs
[2025-04-22T23:02:36.600+0000] {logging_mixin.py:190} INFO - [2025-04-22T23:02:36.600+0000] {dag.py:4180} INFO - Setting next_dagrun for TFL_DATA_DAG to 2025-04-22 00:00:00+00:00, run_after=2025-04-23 00:00:00+00:00
[2025-04-22T23:02:36.611+0000] {processor.py:208} INFO - Processing /opt/airflow/dags/my_dag.py took 0.064 seconds
[2025-04-22T23:03:06.892+0000] {processor.py:186} INFO - Started process (PID=3820) to work on /opt/airflow/dags/my_dag.py
[2025-04-22T23:03:06.894+0000] {processor.py:914} INFO - Processing file /opt/airflow/dags/my_dag.py for tasks to queue
[2025-04-22T23:03:06.895+0000] {logging_mixin.py:190} INFO - [2025-04-22T23:03:06.895+0000] {dagbag.py:588} INFO - Filling up the DagBag from /opt/airflow/dags/my_dag.py
[2025-04-22T23:03:06.926+0000] {processor.py:925} INFO - DAG(s) 'TFL_DATA_DAG' retrieved from /opt/airflow/dags/my_dag.py
[2025-04-22T23:03:06.941+0000] {logging_mixin.py:190} INFO - [2025-04-22T23:03:06.940+0000] {dag.py:3239} INFO - Sync 1 DAGs
[2025-04-22T23:03:06.963+0000] {logging_mixin.py:190} INFO - [2025-04-22T23:03:06.962+0000] {dag.py:4180} INFO - Setting next_dagrun for TFL_DATA_DAG to 2025-04-22 00:00:00+00:00, run_after=2025-04-23 00:00:00+00:00
[2025-04-22T23:03:06.978+0000] {processor.py:208} INFO - Processing /opt/airflow/dags/my_dag.py took 0.090 seconds
[2025-04-22T23:03:37.251+0000] {processor.py:186} INFO - Started process (PID=3841) to work on /opt/airflow/dags/my_dag.py
[2025-04-22T23:03:37.252+0000] {processor.py:914} INFO - Processing file /opt/airflow/dags/my_dag.py for tasks to queue
[2025-04-22T23:03:37.254+0000] {logging_mixin.py:190} INFO - [2025-04-22T23:03:37.254+0000] {dagbag.py:588} INFO - Filling up the DagBag from /opt/airflow/dags/my_dag.py
[2025-04-22T23:03:37.267+0000] {processor.py:925} INFO - DAG(s) 'TFL_DATA_DAG' retrieved from /opt/airflow/dags/my_dag.py
[2025-04-22T23:03:37.281+0000] {logging_mixin.py:190} INFO - [2025-04-22T23:03:37.281+0000] {dag.py:3239} INFO - Sync 1 DAGs
[2025-04-22T23:03:37.304+0000] {logging_mixin.py:190} INFO - [2025-04-22T23:03:37.304+0000] {dag.py:4180} INFO - Setting next_dagrun for TFL_DATA_DAG to 2025-04-22 00:00:00+00:00, run_after=2025-04-23 00:00:00+00:00
[2025-04-22T23:03:37.316+0000] {processor.py:208} INFO - Processing /opt/airflow/dags/my_dag.py took 0.068 seconds
[2025-04-22T23:04:07.613+0000] {processor.py:186} INFO - Started process (PID=3862) to work on /opt/airflow/dags/my_dag.py
[2025-04-22T23:04:07.616+0000] {processor.py:914} INFO - Processing file /opt/airflow/dags/my_dag.py for tasks to queue
[2025-04-22T23:04:07.619+0000] {logging_mixin.py:190} INFO - [2025-04-22T23:04:07.618+0000] {dagbag.py:588} INFO - Filling up the DagBag from /opt/airflow/dags/my_dag.py
[2025-04-22T23:04:07.663+0000] {processor.py:925} INFO - DAG(s) 'TFL_DATA_DAG' retrieved from /opt/airflow/dags/my_dag.py
[2025-04-22T23:04:07.679+0000] {logging_mixin.py:190} INFO - [2025-04-22T23:04:07.679+0000] {dag.py:3239} INFO - Sync 1 DAGs
[2025-04-22T23:04:07.695+0000] {logging_mixin.py:190} INFO - [2025-04-22T23:04:07.695+0000] {dag.py:4180} INFO - Setting next_dagrun for TFL_DATA_DAG to 2025-04-22 00:00:00+00:00, run_after=2025-04-23 00:00:00+00:00
[2025-04-22T23:04:07.707+0000] {processor.py:208} INFO - Processing /opt/airflow/dags/my_dag.py took 0.100 seconds
[2025-04-22T23:04:37.943+0000] {processor.py:186} INFO - Started process (PID=3883) to work on /opt/airflow/dags/my_dag.py
[2025-04-22T23:04:37.945+0000] {processor.py:914} INFO - Processing file /opt/airflow/dags/my_dag.py for tasks to queue
[2025-04-22T23:04:37.946+0000] {logging_mixin.py:190} INFO - [2025-04-22T23:04:37.946+0000] {dagbag.py:588} INFO - Filling up the DagBag from /opt/airflow/dags/my_dag.py
[2025-04-22T23:04:37.961+0000] {processor.py:925} INFO - DAG(s) 'TFL_DATA_DAG' retrieved from /opt/airflow/dags/my_dag.py
[2025-04-22T23:04:37.979+0000] {logging_mixin.py:190} INFO - [2025-04-22T23:04:37.978+0000] {dag.py:3239} INFO - Sync 1 DAGs
[2025-04-22T23:04:37.995+0000] {logging_mixin.py:190} INFO - [2025-04-22T23:04:37.995+0000] {dag.py:4180} INFO - Setting next_dagrun for TFL_DATA_DAG to 2025-04-22 00:00:00+00:00, run_after=2025-04-23 00:00:00+00:00
[2025-04-22T23:04:38.014+0000] {processor.py:208} INFO - Processing /opt/airflow/dags/my_dag.py took 0.075 seconds
[2025-04-22T23:05:08.319+0000] {processor.py:186} INFO - Started process (PID=3904) to work on /opt/airflow/dags/my_dag.py
[2025-04-22T23:05:08.320+0000] {processor.py:914} INFO - Processing file /opt/airflow/dags/my_dag.py for tasks to queue
[2025-04-22T23:05:08.321+0000] {logging_mixin.py:190} INFO - [2025-04-22T23:05:08.321+0000] {dagbag.py:588} INFO - Filling up the DagBag from /opt/airflow/dags/my_dag.py
[2025-04-22T23:05:08.345+0000] {processor.py:925} INFO - DAG(s) 'TFL_DATA_DAG' retrieved from /opt/airflow/dags/my_dag.py
[2025-04-22T23:05:08.359+0000] {logging_mixin.py:190} INFO - [2025-04-22T23:05:08.358+0000] {dag.py:3239} INFO - Sync 1 DAGs
[2025-04-22T23:05:08.375+0000] {logging_mixin.py:190} INFO - [2025-04-22T23:05:08.375+0000] {dag.py:4180} INFO - Setting next_dagrun for TFL_DATA_DAG to 2025-04-22 00:00:00+00:00, run_after=2025-04-23 00:00:00+00:00
[2025-04-22T23:05:08.388+0000] {processor.py:208} INFO - Processing /opt/airflow/dags/my_dag.py took 0.073 seconds
[2025-04-22T23:05:38.621+0000] {processor.py:186} INFO - Started process (PID=3925) to work on /opt/airflow/dags/my_dag.py
[2025-04-22T23:05:38.625+0000] {processor.py:914} INFO - Processing file /opt/airflow/dags/my_dag.py for tasks to queue
[2025-04-22T23:05:38.627+0000] {logging_mixin.py:190} INFO - [2025-04-22T23:05:38.627+0000] {dagbag.py:588} INFO - Filling up the DagBag from /opt/airflow/dags/my_dag.py
[2025-04-22T23:05:38.664+0000] {processor.py:925} INFO - DAG(s) 'TFL_DATA_DAG' retrieved from /opt/airflow/dags/my_dag.py
[2025-04-22T23:05:38.678+0000] {logging_mixin.py:190} INFO - [2025-04-22T23:05:38.678+0000] {dag.py:3239} INFO - Sync 1 DAGs
[2025-04-22T23:05:38.694+0000] {logging_mixin.py:190} INFO - [2025-04-22T23:05:38.694+0000] {dag.py:4180} INFO - Setting next_dagrun for TFL_DATA_DAG to 2025-04-22 00:00:00+00:00, run_after=2025-04-23 00:00:00+00:00
[2025-04-22T23:05:38.707+0000] {processor.py:208} INFO - Processing /opt/airflow/dags/my_dag.py took 0.089 seconds
[2025-04-22T23:06:08.911+0000] {processor.py:186} INFO - Started process (PID=3946) to work on /opt/airflow/dags/my_dag.py
[2025-04-22T23:06:08.912+0000] {processor.py:914} INFO - Processing file /opt/airflow/dags/my_dag.py for tasks to queue
[2025-04-22T23:06:08.913+0000] {logging_mixin.py:190} INFO - [2025-04-22T23:06:08.913+0000] {dagbag.py:588} INFO - Filling up the DagBag from /opt/airflow/dags/my_dag.py
[2025-04-22T23:06:08.929+0000] {processor.py:925} INFO - DAG(s) 'TFL_DATA_DAG' retrieved from /opt/airflow/dags/my_dag.py
[2025-04-22T23:06:08.944+0000] {logging_mixin.py:190} INFO - [2025-04-22T23:06:08.944+0000] {dag.py:3239} INFO - Sync 1 DAGs
[2025-04-22T23:06:08.960+0000] {logging_mixin.py:190} INFO - [2025-04-22T23:06:08.960+0000] {dag.py:4180} INFO - Setting next_dagrun for TFL_DATA_DAG to 2025-04-22 00:00:00+00:00, run_after=2025-04-23 00:00:00+00:00
[2025-04-22T23:06:08.973+0000] {processor.py:208} INFO - Processing /opt/airflow/dags/my_dag.py took 0.066 seconds
[2025-04-22T23:06:39.211+0000] {processor.py:186} INFO - Started process (PID=3967) to work on /opt/airflow/dags/my_dag.py
[2025-04-22T23:06:39.213+0000] {processor.py:914} INFO - Processing file /opt/airflow/dags/my_dag.py for tasks to queue
[2025-04-22T23:06:39.214+0000] {logging_mixin.py:190} INFO - [2025-04-22T23:06:39.214+0000] {dagbag.py:588} INFO - Filling up the DagBag from /opt/airflow/dags/my_dag.py
[2025-04-22T23:06:39.235+0000] {processor.py:925} INFO - DAG(s) 'TFL_DATA_DAG' retrieved from /opt/airflow/dags/my_dag.py
[2025-04-22T23:06:39.253+0000] {logging_mixin.py:190} INFO - [2025-04-22T23:06:39.252+0000] {dag.py:3239} INFO - Sync 1 DAGs
[2025-04-22T23:06:39.270+0000] {logging_mixin.py:190} INFO - [2025-04-22T23:06:39.270+0000] {dag.py:4180} INFO - Setting next_dagrun for TFL_DATA_DAG to 2025-04-22 00:00:00+00:00, run_after=2025-04-23 00:00:00+00:00
[2025-04-22T23:06:39.282+0000] {processor.py:208} INFO - Processing /opt/airflow/dags/my_dag.py took 0.075 seconds
[2025-04-22T23:07:09.541+0000] {processor.py:186} INFO - Started process (PID=3988) to work on /opt/airflow/dags/my_dag.py
[2025-04-22T23:07:09.542+0000] {processor.py:914} INFO - Processing file /opt/airflow/dags/my_dag.py for tasks to queue
[2025-04-22T23:07:09.543+0000] {logging_mixin.py:190} INFO - [2025-04-22T23:07:09.542+0000] {dagbag.py:588} INFO - Filling up the DagBag from /opt/airflow/dags/my_dag.py
[2025-04-22T23:07:09.558+0000] {processor.py:925} INFO - DAG(s) 'TFL_DATA_DAG' retrieved from /opt/airflow/dags/my_dag.py
[2025-04-22T23:07:09.571+0000] {logging_mixin.py:190} INFO - [2025-04-22T23:07:09.571+0000] {dag.py:3239} INFO - Sync 1 DAGs
[2025-04-22T23:07:09.586+0000] {logging_mixin.py:190} INFO - [2025-04-22T23:07:09.586+0000] {dag.py:4180} INFO - Setting next_dagrun for TFL_DATA_DAG to 2025-04-22 00:00:00+00:00, run_after=2025-04-23 00:00:00+00:00
[2025-04-22T23:07:09.598+0000] {processor.py:208} INFO - Processing /opt/airflow/dags/my_dag.py took 0.061 seconds
[2025-04-22T23:07:39.869+0000] {processor.py:186} INFO - Started process (PID=4009) to work on /opt/airflow/dags/my_dag.py
[2025-04-22T23:07:39.870+0000] {processor.py:914} INFO - Processing file /opt/airflow/dags/my_dag.py for tasks to queue
[2025-04-22T23:07:39.872+0000] {logging_mixin.py:190} INFO - [2025-04-22T23:07:39.872+0000] {dagbag.py:588} INFO - Filling up the DagBag from /opt/airflow/dags/my_dag.py
[2025-04-22T23:07:39.889+0000] {processor.py:925} INFO - DAG(s) 'TFL_DATA_DAG' retrieved from /opt/airflow/dags/my_dag.py
[2025-04-22T23:07:39.904+0000] {logging_mixin.py:190} INFO - [2025-04-22T23:07:39.904+0000] {dag.py:3239} INFO - Sync 1 DAGs
[2025-04-22T23:07:39.921+0000] {logging_mixin.py:190} INFO - [2025-04-22T23:07:39.921+0000] {dag.py:4180} INFO - Setting next_dagrun for TFL_DATA_DAG to 2025-04-22 00:00:00+00:00, run_after=2025-04-23 00:00:00+00:00
[2025-04-22T23:07:39.935+0000] {processor.py:208} INFO - Processing /opt/airflow/dags/my_dag.py took 0.069 seconds
[2025-04-22T23:08:10.244+0000] {processor.py:186} INFO - Started process (PID=4030) to work on /opt/airflow/dags/my_dag.py
[2025-04-22T23:08:10.246+0000] {processor.py:914} INFO - Processing file /opt/airflow/dags/my_dag.py for tasks to queue
[2025-04-22T23:08:10.248+0000] {logging_mixin.py:190} INFO - [2025-04-22T23:08:10.248+0000] {dagbag.py:588} INFO - Filling up the DagBag from /opt/airflow/dags/my_dag.py
[2025-04-22T23:08:10.265+0000] {processor.py:925} INFO - DAG(s) 'TFL_DATA_DAG' retrieved from /opt/airflow/dags/my_dag.py
[2025-04-22T23:08:10.280+0000] {logging_mixin.py:190} INFO - [2025-04-22T23:08:10.279+0000] {dag.py:3239} INFO - Sync 1 DAGs
[2025-04-22T23:08:10.297+0000] {logging_mixin.py:190} INFO - [2025-04-22T23:08:10.296+0000] {dag.py:4180} INFO - Setting next_dagrun for TFL_DATA_DAG to 2025-04-22 00:00:00+00:00, run_after=2025-04-23 00:00:00+00:00
[2025-04-22T23:08:10.310+0000] {processor.py:208} INFO - Processing /opt/airflow/dags/my_dag.py took 0.070 seconds
[2025-04-22T23:08:40.605+0000] {processor.py:186} INFO - Started process (PID=4051) to work on /opt/airflow/dags/my_dag.py
[2025-04-22T23:08:40.608+0000] {processor.py:914} INFO - Processing file /opt/airflow/dags/my_dag.py for tasks to queue
[2025-04-22T23:08:40.610+0000] {logging_mixin.py:190} INFO - [2025-04-22T23:08:40.609+0000] {dagbag.py:588} INFO - Filling up the DagBag from /opt/airflow/dags/my_dag.py
[2025-04-22T23:08:40.622+0000] {processor.py:925} INFO - DAG(s) 'TFL_DATA_DAG' retrieved from /opt/airflow/dags/my_dag.py
[2025-04-22T23:08:40.636+0000] {logging_mixin.py:190} INFO - [2025-04-22T23:08:40.635+0000] {dag.py:3239} INFO - Sync 1 DAGs
[2025-04-22T23:08:40.649+0000] {logging_mixin.py:190} INFO - [2025-04-22T23:08:40.649+0000] {dag.py:4180} INFO - Setting next_dagrun for TFL_DATA_DAG to 2025-04-22 00:00:00+00:00, run_after=2025-04-23 00:00:00+00:00
[2025-04-22T23:08:40.661+0000] {processor.py:208} INFO - Processing /opt/airflow/dags/my_dag.py took 0.060 seconds
[2025-04-22T23:09:10.884+0000] {processor.py:186} INFO - Started process (PID=4072) to work on /opt/airflow/dags/my_dag.py
[2025-04-22T23:09:10.885+0000] {processor.py:914} INFO - Processing file /opt/airflow/dags/my_dag.py for tasks to queue
[2025-04-22T23:09:10.887+0000] {logging_mixin.py:190} INFO - [2025-04-22T23:09:10.887+0000] {dagbag.py:588} INFO - Filling up the DagBag from /opt/airflow/dags/my_dag.py
[2025-04-22T23:09:10.902+0000] {processor.py:925} INFO - DAG(s) 'TFL_DATA_DAG' retrieved from /opt/airflow/dags/my_dag.py
[2025-04-22T23:09:10.915+0000] {logging_mixin.py:190} INFO - [2025-04-22T23:09:10.915+0000] {dag.py:3239} INFO - Sync 1 DAGs
[2025-04-22T23:09:10.929+0000] {logging_mixin.py:190} INFO - [2025-04-22T23:09:10.929+0000] {dag.py:4180} INFO - Setting next_dagrun for TFL_DATA_DAG to 2025-04-22 00:00:00+00:00, run_after=2025-04-23 00:00:00+00:00
[2025-04-22T23:09:10.941+0000] {processor.py:208} INFO - Processing /opt/airflow/dags/my_dag.py took 0.060 seconds
[2025-04-22T23:09:41.263+0000] {processor.py:186} INFO - Started process (PID=4093) to work on /opt/airflow/dags/my_dag.py
[2025-04-22T23:09:41.265+0000] {processor.py:914} INFO - Processing file /opt/airflow/dags/my_dag.py for tasks to queue
[2025-04-22T23:09:41.267+0000] {logging_mixin.py:190} INFO - [2025-04-22T23:09:41.267+0000] {dagbag.py:588} INFO - Filling up the DagBag from /opt/airflow/dags/my_dag.py
[2025-04-22T23:09:41.283+0000] {processor.py:925} INFO - DAG(s) 'TFL_DATA_DAG' retrieved from /opt/airflow/dags/my_dag.py
[2025-04-22T23:09:41.298+0000] {logging_mixin.py:190} INFO - [2025-04-22T23:09:41.298+0000] {dag.py:3239} INFO - Sync 1 DAGs
[2025-04-22T23:09:41.312+0000] {logging_mixin.py:190} INFO - [2025-04-22T23:09:41.312+0000] {dag.py:4180} INFO - Setting next_dagrun for TFL_DATA_DAG to 2025-04-22 00:00:00+00:00, run_after=2025-04-23 00:00:00+00:00
[2025-04-22T23:09:41.324+0000] {processor.py:208} INFO - Processing /opt/airflow/dags/my_dag.py took 0.064 seconds
[2025-04-22T23:10:11.649+0000] {processor.py:186} INFO - Started process (PID=4114) to work on /opt/airflow/dags/my_dag.py
[2025-04-22T23:10:11.651+0000] {processor.py:914} INFO - Processing file /opt/airflow/dags/my_dag.py for tasks to queue
[2025-04-22T23:10:11.652+0000] {logging_mixin.py:190} INFO - [2025-04-22T23:10:11.652+0000] {dagbag.py:588} INFO - Filling up the DagBag from /opt/airflow/dags/my_dag.py
[2025-04-22T23:10:11.667+0000] {processor.py:925} INFO - DAG(s) 'TFL_DATA_DAG' retrieved from /opt/airflow/dags/my_dag.py
[2025-04-22T23:10:11.682+0000] {logging_mixin.py:190} INFO - [2025-04-22T23:10:11.682+0000] {dag.py:3239} INFO - Sync 1 DAGs
[2025-04-22T23:10:11.697+0000] {logging_mixin.py:190} INFO - [2025-04-22T23:10:11.697+0000] {dag.py:4180} INFO - Setting next_dagrun for TFL_DATA_DAG to 2025-04-22 00:00:00+00:00, run_after=2025-04-23 00:00:00+00:00
[2025-04-22T23:10:11.709+0000] {processor.py:208} INFO - Processing /opt/airflow/dags/my_dag.py took 0.064 seconds
[2025-04-22T23:10:27.866+0000] {processor.py:186} INFO - Started process (PID=4129) to work on /opt/airflow/dags/my_dag.py
[2025-04-22T23:10:27.867+0000] {processor.py:914} INFO - Processing file /opt/airflow/dags/my_dag.py for tasks to queue
[2025-04-22T23:10:27.868+0000] {logging_mixin.py:190} INFO - [2025-04-22T23:10:27.868+0000] {dagbag.py:588} INFO - Filling up the DagBag from /opt/airflow/dags/my_dag.py
[2025-04-22T23:10:27.895+0000] {processor.py:925} INFO - DAG(s) 'TFL_DATA_DAG' retrieved from /opt/airflow/dags/my_dag.py
[2025-04-22T23:10:27.908+0000] {logging_mixin.py:190} INFO - [2025-04-22T23:10:27.908+0000] {dag.py:3239} INFO - Sync 1 DAGs
[2025-04-22T23:10:27.924+0000] {logging_mixin.py:190} INFO - [2025-04-22T23:10:27.924+0000] {dag.py:4180} INFO - Setting next_dagrun for TFL_DATA_DAG to 2025-04-22 00:00:00+00:00, run_after=2025-04-23 00:00:00+00:00
[2025-04-22T23:10:27.941+0000] {processor.py:208} INFO - Processing /opt/airflow/dags/my_dag.py took 0.080 seconds
[2025-04-22T23:10:58.209+0000] {processor.py:186} INFO - Started process (PID=4150) to work on /opt/airflow/dags/my_dag.py
[2025-04-22T23:10:58.211+0000] {processor.py:914} INFO - Processing file /opt/airflow/dags/my_dag.py for tasks to queue
[2025-04-22T23:10:58.213+0000] {logging_mixin.py:190} INFO - [2025-04-22T23:10:58.213+0000] {dagbag.py:588} INFO - Filling up the DagBag from /opt/airflow/dags/my_dag.py
[2025-04-22T23:10:58.233+0000] {processor.py:925} INFO - DAG(s) 'TFL_DATA_DAG' retrieved from /opt/airflow/dags/my_dag.py
[2025-04-22T23:10:58.247+0000] {logging_mixin.py:190} INFO - [2025-04-22T23:10:58.247+0000] {dag.py:3239} INFO - Sync 1 DAGs
[2025-04-22T23:10:58.263+0000] {logging_mixin.py:190} INFO - [2025-04-22T23:10:58.263+0000] {dag.py:4180} INFO - Setting next_dagrun for TFL_DATA_DAG to 2025-04-22 00:00:00+00:00, run_after=2025-04-23 00:00:00+00:00
[2025-04-22T23:10:58.276+0000] {processor.py:208} INFO - Processing /opt/airflow/dags/my_dag.py took 0.070 seconds
[2025-04-22T23:11:28.544+0000] {processor.py:186} INFO - Started process (PID=4171) to work on /opt/airflow/dags/my_dag.py
[2025-04-22T23:11:28.545+0000] {processor.py:914} INFO - Processing file /opt/airflow/dags/my_dag.py for tasks to queue
[2025-04-22T23:11:28.546+0000] {logging_mixin.py:190} INFO - [2025-04-22T23:11:28.546+0000] {dagbag.py:588} INFO - Filling up the DagBag from /opt/airflow/dags/my_dag.py
[2025-04-22T23:11:28.563+0000] {processor.py:925} INFO - DAG(s) 'TFL_DATA_DAG' retrieved from /opt/airflow/dags/my_dag.py
[2025-04-22T23:11:28.580+0000] {logging_mixin.py:190} INFO - [2025-04-22T23:11:28.580+0000] {dag.py:3239} INFO - Sync 1 DAGs
[2025-04-22T23:11:28.596+0000] {logging_mixin.py:190} INFO - [2025-04-22T23:11:28.595+0000] {dag.py:4180} INFO - Setting next_dagrun for TFL_DATA_DAG to 2025-04-22 00:00:00+00:00, run_after=2025-04-23 00:00:00+00:00
[2025-04-22T23:11:28.607+0000] {processor.py:208} INFO - Processing /opt/airflow/dags/my_dag.py took 0.068 seconds
[2025-04-22T23:11:58.897+0000] {processor.py:186} INFO - Started process (PID=4192) to work on /opt/airflow/dags/my_dag.py
[2025-04-22T23:11:58.899+0000] {processor.py:914} INFO - Processing file /opt/airflow/dags/my_dag.py for tasks to queue
[2025-04-22T23:11:58.902+0000] {logging_mixin.py:190} INFO - [2025-04-22T23:11:58.902+0000] {dagbag.py:588} INFO - Filling up the DagBag from /opt/airflow/dags/my_dag.py
[2025-04-22T23:11:58.922+0000] {processor.py:925} INFO - DAG(s) 'TFL_DATA_DAG' retrieved from /opt/airflow/dags/my_dag.py
[2025-04-22T23:11:58.937+0000] {logging_mixin.py:190} INFO - [2025-04-22T23:11:58.937+0000] {dag.py:3239} INFO - Sync 1 DAGs
[2025-04-22T23:11:58.951+0000] {logging_mixin.py:190} INFO - [2025-04-22T23:11:58.951+0000] {dag.py:4180} INFO - Setting next_dagrun for TFL_DATA_DAG to 2025-04-22 00:00:00+00:00, run_after=2025-04-23 00:00:00+00:00
[2025-04-22T23:11:58.962+0000] {processor.py:208} INFO - Processing /opt/airflow/dags/my_dag.py took 0.068 seconds
[2025-04-22T23:12:29.248+0000] {processor.py:186} INFO - Started process (PID=4213) to work on /opt/airflow/dags/my_dag.py
[2025-04-22T23:12:29.251+0000] {processor.py:914} INFO - Processing file /opt/airflow/dags/my_dag.py for tasks to queue
[2025-04-22T23:12:29.254+0000] {logging_mixin.py:190} INFO - [2025-04-22T23:12:29.254+0000] {dagbag.py:588} INFO - Filling up the DagBag from /opt/airflow/dags/my_dag.py
[2025-04-22T23:12:29.315+0000] {processor.py:925} INFO - DAG(s) 'TFL_DATA_DAG' retrieved from /opt/airflow/dags/my_dag.py
[2025-04-22T23:12:29.329+0000] {logging_mixin.py:190} INFO - [2025-04-22T23:12:29.329+0000] {dag.py:3239} INFO - Sync 1 DAGs
[2025-04-22T23:12:29.345+0000] {logging_mixin.py:190} INFO - [2025-04-22T23:12:29.345+0000] {dag.py:4180} INFO - Setting next_dagrun for TFL_DATA_DAG to 2025-04-22 00:00:00+00:00, run_after=2025-04-23 00:00:00+00:00
[2025-04-22T23:12:29.361+0000] {processor.py:208} INFO - Processing /opt/airflow/dags/my_dag.py took 0.117 seconds
[2025-04-22T23:12:59.588+0000] {processor.py:186} INFO - Started process (PID=4234) to work on /opt/airflow/dags/my_dag.py
[2025-04-22T23:12:59.589+0000] {processor.py:914} INFO - Processing file /opt/airflow/dags/my_dag.py for tasks to queue
[2025-04-22T23:12:59.590+0000] {logging_mixin.py:190} INFO - [2025-04-22T23:12:59.590+0000] {dagbag.py:588} INFO - Filling up the DagBag from /opt/airflow/dags/my_dag.py
[2025-04-22T23:12:59.603+0000] {processor.py:925} INFO - DAG(s) 'TFL_DATA_DAG' retrieved from /opt/airflow/dags/my_dag.py
[2025-04-22T23:12:59.619+0000] {logging_mixin.py:190} INFO - [2025-04-22T23:12:59.619+0000] {dag.py:3239} INFO - Sync 1 DAGs
[2025-04-22T23:12:59.634+0000] {logging_mixin.py:190} INFO - [2025-04-22T23:12:59.634+0000] {dag.py:4180} INFO - Setting next_dagrun for TFL_DATA_DAG to 2025-04-22 00:00:00+00:00, run_after=2025-04-23 00:00:00+00:00
[2025-04-22T23:12:59.646+0000] {processor.py:208} INFO - Processing /opt/airflow/dags/my_dag.py took 0.062 seconds
[2025-04-22T23:13:29.967+0000] {processor.py:186} INFO - Started process (PID=4255) to work on /opt/airflow/dags/my_dag.py
[2025-04-22T23:13:29.969+0000] {processor.py:914} INFO - Processing file /opt/airflow/dags/my_dag.py for tasks to queue
[2025-04-22T23:13:29.971+0000] {logging_mixin.py:190} INFO - [2025-04-22T23:13:29.971+0000] {dagbag.py:588} INFO - Filling up the DagBag from /opt/airflow/dags/my_dag.py
[2025-04-22T23:13:30.032+0000] {processor.py:925} INFO - DAG(s) 'TFL_DATA_DAG' retrieved from /opt/airflow/dags/my_dag.py
[2025-04-22T23:13:30.068+0000] {logging_mixin.py:190} INFO - [2025-04-22T23:13:30.068+0000] {dag.py:3239} INFO - Sync 1 DAGs
[2025-04-22T23:13:30.153+0000] {logging_mixin.py:190} INFO - [2025-04-22T23:13:30.153+0000] {dag.py:4180} INFO - Setting next_dagrun for TFL_DATA_DAG to 2025-04-22 00:00:00+00:00, run_after=2025-04-23 00:00:00+00:00
[2025-04-22T23:13:30.177+0000] {processor.py:208} INFO - Processing /opt/airflow/dags/my_dag.py took 0.216 seconds
[2025-04-22T23:14:01.323+0000] {processor.py:186} INFO - Started process (PID=4276) to work on /opt/airflow/dags/my_dag.py
[2025-04-22T23:14:01.328+0000] {processor.py:914} INFO - Processing file /opt/airflow/dags/my_dag.py for tasks to queue
[2025-04-22T23:14:01.330+0000] {logging_mixin.py:190} INFO - [2025-04-22T23:14:01.329+0000] {dagbag.py:588} INFO - Filling up the DagBag from /opt/airflow/dags/my_dag.py
[2025-04-22T23:14:01.366+0000] {processor.py:925} INFO - DAG(s) 'TFL_DATA_DAG' retrieved from /opt/airflow/dags/my_dag.py
[2025-04-22T23:14:01.381+0000] {logging_mixin.py:190} INFO - [2025-04-22T23:14:01.381+0000] {dag.py:3239} INFO - Sync 1 DAGs
[2025-04-22T23:14:01.396+0000] {logging_mixin.py:190} INFO - [2025-04-22T23:14:01.396+0000] {dag.py:4180} INFO - Setting next_dagrun for TFL_DATA_DAG to 2025-04-22 00:00:00+00:00, run_after=2025-04-23 00:00:00+00:00
[2025-04-22T23:14:01.432+0000] {processor.py:208} INFO - Processing /opt/airflow/dags/my_dag.py took 0.115 seconds
[2025-04-22T23:14:31.629+0000] {processor.py:186} INFO - Started process (PID=4297) to work on /opt/airflow/dags/my_dag.py
[2025-04-22T23:14:31.630+0000] {processor.py:914} INFO - Processing file /opt/airflow/dags/my_dag.py for tasks to queue
[2025-04-22T23:14:31.632+0000] {logging_mixin.py:190} INFO - [2025-04-22T23:14:31.632+0000] {dagbag.py:588} INFO - Filling up the DagBag from /opt/airflow/dags/my_dag.py
[2025-04-22T23:14:31.661+0000] {processor.py:925} INFO - DAG(s) 'TFL_DATA_DAG' retrieved from /opt/airflow/dags/my_dag.py
[2025-04-22T23:14:31.683+0000] {logging_mixin.py:190} INFO - [2025-04-22T23:14:31.682+0000] {dag.py:3239} INFO - Sync 1 DAGs
[2025-04-22T23:14:31.702+0000] {logging_mixin.py:190} INFO - [2025-04-22T23:14:31.702+0000] {dag.py:4180} INFO - Setting next_dagrun for TFL_DATA_DAG to 2025-04-22 00:00:00+00:00, run_after=2025-04-23 00:00:00+00:00
[2025-04-22T23:14:31.715+0000] {processor.py:208} INFO - Processing /opt/airflow/dags/my_dag.py took 0.090 seconds
[2025-04-22T23:15:02.155+0000] {processor.py:186} INFO - Started process (PID=4318) to work on /opt/airflow/dags/my_dag.py
[2025-04-22T23:15:02.158+0000] {processor.py:914} INFO - Processing file /opt/airflow/dags/my_dag.py for tasks to queue
[2025-04-22T23:15:02.171+0000] {logging_mixin.py:190} INFO - [2025-04-22T23:15:02.171+0000] {dagbag.py:588} INFO - Filling up the DagBag from /opt/airflow/dags/my_dag.py
[2025-04-22T23:15:02.231+0000] {processor.py:925} INFO - DAG(s) 'TFL_DATA_DAG' retrieved from /opt/airflow/dags/my_dag.py
[2025-04-22T23:15:02.252+0000] {logging_mixin.py:190} INFO - [2025-04-22T23:15:02.252+0000] {dag.py:3239} INFO - Sync 1 DAGs
[2025-04-22T23:15:02.283+0000] {logging_mixin.py:190} INFO - [2025-04-22T23:15:02.282+0000] {dag.py:4180} INFO - Setting next_dagrun for TFL_DATA_DAG to 2025-04-22 00:00:00+00:00, run_after=2025-04-23 00:00:00+00:00
[2025-04-22T23:15:02.301+0000] {processor.py:208} INFO - Processing /opt/airflow/dags/my_dag.py took 0.151 seconds
[2025-04-22T23:15:32.653+0000] {processor.py:186} INFO - Started process (PID=4339) to work on /opt/airflow/dags/my_dag.py
[2025-04-22T23:15:32.657+0000] {processor.py:914} INFO - Processing file /opt/airflow/dags/my_dag.py for tasks to queue
[2025-04-22T23:15:32.659+0000] {logging_mixin.py:190} INFO - [2025-04-22T23:15:32.659+0000] {dagbag.py:588} INFO - Filling up the DagBag from /opt/airflow/dags/my_dag.py
[2025-04-22T23:15:32.700+0000] {processor.py:925} INFO - DAG(s) 'TFL_DATA_DAG' retrieved from /opt/airflow/dags/my_dag.py
[2025-04-22T23:15:32.718+0000] {logging_mixin.py:190} INFO - [2025-04-22T23:15:32.718+0000] {dag.py:3239} INFO - Sync 1 DAGs
[2025-04-22T23:15:32.734+0000] {logging_mixin.py:190} INFO - [2025-04-22T23:15:32.733+0000] {dag.py:4180} INFO - Setting next_dagrun for TFL_DATA_DAG to 2025-04-22 00:00:00+00:00, run_after=2025-04-23 00:00:00+00:00
[2025-04-22T23:15:32.748+0000] {processor.py:208} INFO - Processing /opt/airflow/dags/my_dag.py took 0.099 seconds
[2025-04-22T23:16:03.108+0000] {processor.py:186} INFO - Started process (PID=4360) to work on /opt/airflow/dags/my_dag.py
[2025-04-22T23:16:03.110+0000] {processor.py:914} INFO - Processing file /opt/airflow/dags/my_dag.py for tasks to queue
[2025-04-22T23:16:03.112+0000] {logging_mixin.py:190} INFO - [2025-04-22T23:16:03.112+0000] {dagbag.py:588} INFO - Filling up the DagBag from /opt/airflow/dags/my_dag.py
[2025-04-22T23:16:03.183+0000] {processor.py:925} INFO - DAG(s) 'TFL_DATA_DAG' retrieved from /opt/airflow/dags/my_dag.py
[2025-04-22T23:16:03.200+0000] {logging_mixin.py:190} INFO - [2025-04-22T23:16:03.200+0000] {dag.py:3239} INFO - Sync 1 DAGs
[2025-04-22T23:16:03.216+0000] {logging_mixin.py:190} INFO - [2025-04-22T23:16:03.216+0000] {dag.py:4180} INFO - Setting next_dagrun for TFL_DATA_DAG to 2025-04-22 00:00:00+00:00, run_after=2025-04-23 00:00:00+00:00
[2025-04-22T23:16:03.241+0000] {processor.py:208} INFO - Processing /opt/airflow/dags/my_dag.py took 0.141 seconds
[2025-04-22T23:16:33.457+0000] {processor.py:186} INFO - Started process (PID=4381) to work on /opt/airflow/dags/my_dag.py
[2025-04-22T23:16:33.458+0000] {processor.py:914} INFO - Processing file /opt/airflow/dags/my_dag.py for tasks to queue
[2025-04-22T23:16:33.459+0000] {logging_mixin.py:190} INFO - [2025-04-22T23:16:33.459+0000] {dagbag.py:588} INFO - Filling up the DagBag from /opt/airflow/dags/my_dag.py
[2025-04-22T23:16:33.474+0000] {processor.py:925} INFO - DAG(s) 'TFL_DATA_DAG' retrieved from /opt/airflow/dags/my_dag.py
[2025-04-22T23:16:33.488+0000] {logging_mixin.py:190} INFO - [2025-04-22T23:16:33.488+0000] {dag.py:3239} INFO - Sync 1 DAGs
[2025-04-22T23:16:33.503+0000] {logging_mixin.py:190} INFO - [2025-04-22T23:16:33.503+0000] {dag.py:4180} INFO - Setting next_dagrun for TFL_DATA_DAG to 2025-04-22 00:00:00+00:00, run_after=2025-04-23 00:00:00+00:00
[2025-04-22T23:16:33.514+0000] {processor.py:208} INFO - Processing /opt/airflow/dags/my_dag.py took 0.062 seconds
[2025-04-22T23:17:03.779+0000] {processor.py:186} INFO - Started process (PID=4402) to work on /opt/airflow/dags/my_dag.py
[2025-04-22T23:17:03.780+0000] {processor.py:914} INFO - Processing file /opt/airflow/dags/my_dag.py for tasks to queue
[2025-04-22T23:17:03.782+0000] {logging_mixin.py:190} INFO - [2025-04-22T23:17:03.781+0000] {dagbag.py:588} INFO - Filling up the DagBag from /opt/airflow/dags/my_dag.py
[2025-04-22T23:17:03.795+0000] {processor.py:925} INFO - DAG(s) 'TFL_DATA_DAG' retrieved from /opt/airflow/dags/my_dag.py
[2025-04-22T23:17:03.811+0000] {logging_mixin.py:190} INFO - [2025-04-22T23:17:03.811+0000] {dag.py:3239} INFO - Sync 1 DAGs
[2025-04-22T23:17:03.826+0000] {logging_mixin.py:190} INFO - [2025-04-22T23:17:03.825+0000] {dag.py:4180} INFO - Setting next_dagrun for TFL_DATA_DAG to 2025-04-22 00:00:00+00:00, run_after=2025-04-23 00:00:00+00:00
[2025-04-22T23:17:03.837+0000] {processor.py:208} INFO - Processing /opt/airflow/dags/my_dag.py took 0.061 seconds
[2025-04-22T23:17:34.080+0000] {processor.py:186} INFO - Started process (PID=4423) to work on /opt/airflow/dags/my_dag.py
[2025-04-22T23:17:34.083+0000] {processor.py:914} INFO - Processing file /opt/airflow/dags/my_dag.py for tasks to queue
[2025-04-22T23:17:34.085+0000] {logging_mixin.py:190} INFO - [2025-04-22T23:17:34.085+0000] {dagbag.py:588} INFO - Filling up the DagBag from /opt/airflow/dags/my_dag.py
[2025-04-22T23:17:34.117+0000] {processor.py:925} INFO - DAG(s) 'TFL_DATA_DAG' retrieved from /opt/airflow/dags/my_dag.py
[2025-04-22T23:17:34.130+0000] {logging_mixin.py:190} INFO - [2025-04-22T23:17:34.130+0000] {dag.py:3239} INFO - Sync 1 DAGs
[2025-04-22T23:17:34.147+0000] {logging_mixin.py:190} INFO - [2025-04-22T23:17:34.147+0000] {dag.py:4180} INFO - Setting next_dagrun for TFL_DATA_DAG to 2025-04-22 00:00:00+00:00, run_after=2025-04-23 00:00:00+00:00
[2025-04-22T23:17:34.159+0000] {processor.py:208} INFO - Processing /opt/airflow/dags/my_dag.py took 0.083 seconds
[2025-04-22T23:18:04.432+0000] {processor.py:186} INFO - Started process (PID=4444) to work on /opt/airflow/dags/my_dag.py
[2025-04-22T23:18:04.433+0000] {processor.py:914} INFO - Processing file /opt/airflow/dags/my_dag.py for tasks to queue
[2025-04-22T23:18:04.435+0000] {logging_mixin.py:190} INFO - [2025-04-22T23:18:04.434+0000] {dagbag.py:588} INFO - Filling up the DagBag from /opt/airflow/dags/my_dag.py
[2025-04-22T23:18:04.447+0000] {processor.py:925} INFO - DAG(s) 'TFL_DATA_DAG' retrieved from /opt/airflow/dags/my_dag.py
[2025-04-22T23:18:04.460+0000] {logging_mixin.py:190} INFO - [2025-04-22T23:18:04.460+0000] {dag.py:3239} INFO - Sync 1 DAGs
[2025-04-22T23:18:04.474+0000] {logging_mixin.py:190} INFO - [2025-04-22T23:18:04.474+0000] {dag.py:4180} INFO - Setting next_dagrun for TFL_DATA_DAG to 2025-04-22 00:00:00+00:00, run_after=2025-04-23 00:00:00+00:00
[2025-04-22T23:18:04.486+0000] {processor.py:208} INFO - Processing /opt/airflow/dags/my_dag.py took 0.057 seconds
[2025-04-22T23:18:34.819+0000] {processor.py:186} INFO - Started process (PID=4465) to work on /opt/airflow/dags/my_dag.py
[2025-04-22T23:18:34.822+0000] {processor.py:914} INFO - Processing file /opt/airflow/dags/my_dag.py for tasks to queue
[2025-04-22T23:18:34.826+0000] {logging_mixin.py:190} INFO - [2025-04-22T23:18:34.825+0000] {dagbag.py:588} INFO - Filling up the DagBag from /opt/airflow/dags/my_dag.py
[2025-04-22T23:18:34.859+0000] {processor.py:925} INFO - DAG(s) 'TFL_DATA_DAG' retrieved from /opt/airflow/dags/my_dag.py
[2025-04-22T23:18:34.876+0000] {logging_mixin.py:190} INFO - [2025-04-22T23:18:34.875+0000] {dag.py:3239} INFO - Sync 1 DAGs
[2025-04-22T23:18:34.891+0000] {logging_mixin.py:190} INFO - [2025-04-22T23:18:34.890+0000] {dag.py:4180} INFO - Setting next_dagrun for TFL_DATA_DAG to 2025-04-22 00:00:00+00:00, run_after=2025-04-23 00:00:00+00:00
[2025-04-22T23:18:34.901+0000] {processor.py:208} INFO - Processing /opt/airflow/dags/my_dag.py took 0.085 seconds
[2025-04-22T23:19:05.140+0000] {processor.py:186} INFO - Started process (PID=4486) to work on /opt/airflow/dags/my_dag.py
[2025-04-22T23:19:05.141+0000] {processor.py:914} INFO - Processing file /opt/airflow/dags/my_dag.py for tasks to queue
[2025-04-22T23:19:05.144+0000] {logging_mixin.py:190} INFO - [2025-04-22T23:19:05.144+0000] {dagbag.py:588} INFO - Filling up the DagBag from /opt/airflow/dags/my_dag.py
[2025-04-22T23:19:05.159+0000] {processor.py:925} INFO - DAG(s) 'TFL_DATA_DAG' retrieved from /opt/airflow/dags/my_dag.py
[2025-04-22T23:19:05.176+0000] {logging_mixin.py:190} INFO - [2025-04-22T23:19:05.176+0000] {dag.py:3239} INFO - Sync 1 DAGs
[2025-04-22T23:19:05.191+0000] {logging_mixin.py:190} INFO - [2025-04-22T23:19:05.191+0000] {dag.py:4180} INFO - Setting next_dagrun for TFL_DATA_DAG to 2025-04-22 00:00:00+00:00, run_after=2025-04-23 00:00:00+00:00
[2025-04-22T23:19:05.210+0000] {processor.py:208} INFO - Processing /opt/airflow/dags/my_dag.py took 0.074 seconds
[2025-04-22T23:19:35.514+0000] {processor.py:186} INFO - Started process (PID=4506) to work on /opt/airflow/dags/my_dag.py
[2025-04-22T23:19:35.516+0000] {processor.py:914} INFO - Processing file /opt/airflow/dags/my_dag.py for tasks to queue
[2025-04-22T23:19:35.517+0000] {logging_mixin.py:190} INFO - [2025-04-22T23:19:35.517+0000] {dagbag.py:588} INFO - Filling up the DagBag from /opt/airflow/dags/my_dag.py
[2025-04-22T23:19:35.534+0000] {processor.py:925} INFO - DAG(s) 'TFL_DATA_DAG' retrieved from /opt/airflow/dags/my_dag.py
[2025-04-22T23:19:35.549+0000] {logging_mixin.py:190} INFO - [2025-04-22T23:19:35.548+0000] {dag.py:3239} INFO - Sync 1 DAGs
[2025-04-22T23:19:35.563+0000] {logging_mixin.py:190} INFO - [2025-04-22T23:19:35.563+0000] {dag.py:4180} INFO - Setting next_dagrun for TFL_DATA_DAG to 2025-04-22 00:00:00+00:00, run_after=2025-04-23 00:00:00+00:00
[2025-04-22T23:19:35.574+0000] {processor.py:208} INFO - Processing /opt/airflow/dags/my_dag.py took 0.066 seconds
[2025-04-22T23:20:05.914+0000] {processor.py:186} INFO - Started process (PID=4526) to work on /opt/airflow/dags/my_dag.py
[2025-04-22T23:20:05.915+0000] {processor.py:914} INFO - Processing file /opt/airflow/dags/my_dag.py for tasks to queue
[2025-04-22T23:20:05.917+0000] {logging_mixin.py:190} INFO - [2025-04-22T23:20:05.916+0000] {dagbag.py:588} INFO - Filling up the DagBag from /opt/airflow/dags/my_dag.py
[2025-04-22T23:20:05.931+0000] {processor.py:925} INFO - DAG(s) 'TFL_DATA_DAG' retrieved from /opt/airflow/dags/my_dag.py
[2025-04-22T23:20:05.944+0000] {logging_mixin.py:190} INFO - [2025-04-22T23:20:05.944+0000] {dag.py:3239} INFO - Sync 1 DAGs
[2025-04-22T23:20:05.958+0000] {logging_mixin.py:190} INFO - [2025-04-22T23:20:05.957+0000] {dag.py:4180} INFO - Setting next_dagrun for TFL_DATA_DAG to 2025-04-22 00:00:00+00:00, run_after=2025-04-23 00:00:00+00:00
[2025-04-22T23:20:05.971+0000] {processor.py:208} INFO - Processing /opt/airflow/dags/my_dag.py took 0.061 seconds
[2025-04-22T23:20:36.242+0000] {processor.py:186} INFO - Started process (PID=4547) to work on /opt/airflow/dags/my_dag.py
[2025-04-22T23:20:36.243+0000] {processor.py:914} INFO - Processing file /opt/airflow/dags/my_dag.py for tasks to queue
[2025-04-22T23:20:36.245+0000] {logging_mixin.py:190} INFO - [2025-04-22T23:20:36.244+0000] {dagbag.py:588} INFO - Filling up the DagBag from /opt/airflow/dags/my_dag.py
[2025-04-22T23:20:36.261+0000] {processor.py:925} INFO - DAG(s) 'TFL_DATA_DAG' retrieved from /opt/airflow/dags/my_dag.py
[2025-04-22T23:20:36.275+0000] {logging_mixin.py:190} INFO - [2025-04-22T23:20:36.275+0000] {dag.py:3239} INFO - Sync 1 DAGs
[2025-04-22T23:20:36.290+0000] {logging_mixin.py:190} INFO - [2025-04-22T23:20:36.290+0000] {dag.py:4180} INFO - Setting next_dagrun for TFL_DATA_DAG to 2025-04-22 00:00:00+00:00, run_after=2025-04-23 00:00:00+00:00
[2025-04-22T23:20:36.302+0000] {processor.py:208} INFO - Processing /opt/airflow/dags/my_dag.py took 0.066 seconds
[2025-04-22T23:21:06.603+0000] {processor.py:186} INFO - Started process (PID=4568) to work on /opt/airflow/dags/my_dag.py
[2025-04-22T23:21:06.604+0000] {processor.py:914} INFO - Processing file /opt/airflow/dags/my_dag.py for tasks to queue
[2025-04-22T23:21:06.605+0000] {logging_mixin.py:190} INFO - [2025-04-22T23:21:06.605+0000] {dagbag.py:588} INFO - Filling up the DagBag from /opt/airflow/dags/my_dag.py
[2025-04-22T23:21:06.618+0000] {processor.py:925} INFO - DAG(s) 'TFL_DATA_DAG' retrieved from /opt/airflow/dags/my_dag.py
[2025-04-22T23:21:06.631+0000] {logging_mixin.py:190} INFO - [2025-04-22T23:21:06.631+0000] {dag.py:3239} INFO - Sync 1 DAGs
[2025-04-22T23:21:06.647+0000] {logging_mixin.py:190} INFO - [2025-04-22T23:21:06.646+0000] {dag.py:4180} INFO - Setting next_dagrun for TFL_DATA_DAG to 2025-04-22 00:00:00+00:00, run_after=2025-04-23 00:00:00+00:00
[2025-04-22T23:21:06.659+0000] {processor.py:208} INFO - Processing /opt/airflow/dags/my_dag.py took 0.060 seconds
[2025-04-22T23:21:36.968+0000] {processor.py:186} INFO - Started process (PID=4589) to work on /opt/airflow/dags/my_dag.py
[2025-04-22T23:21:36.970+0000] {processor.py:914} INFO - Processing file /opt/airflow/dags/my_dag.py for tasks to queue
[2025-04-22T23:21:36.971+0000] {logging_mixin.py:190} INFO - [2025-04-22T23:21:36.971+0000] {dagbag.py:588} INFO - Filling up the DagBag from /opt/airflow/dags/my_dag.py
[2025-04-22T23:21:37.002+0000] {processor.py:925} INFO - DAG(s) 'TFL_DATA_DAG' retrieved from /opt/airflow/dags/my_dag.py
[2025-04-22T23:21:37.016+0000] {logging_mixin.py:190} INFO - [2025-04-22T23:21:37.015+0000] {dag.py:3239} INFO - Sync 1 DAGs
[2025-04-22T23:21:37.031+0000] {logging_mixin.py:190} INFO - [2025-04-22T23:21:37.031+0000] {dag.py:4180} INFO - Setting next_dagrun for TFL_DATA_DAG to 2025-04-22 00:00:00+00:00, run_after=2025-04-23 00:00:00+00:00
[2025-04-22T23:21:37.045+0000] {processor.py:208} INFO - Processing /opt/airflow/dags/my_dag.py took 0.081 seconds
[2025-04-22T23:22:07.297+0000] {processor.py:186} INFO - Started process (PID=4610) to work on /opt/airflow/dags/my_dag.py
[2025-04-22T23:22:07.299+0000] {processor.py:914} INFO - Processing file /opt/airflow/dags/my_dag.py for tasks to queue
[2025-04-22T23:22:07.301+0000] {logging_mixin.py:190} INFO - [2025-04-22T23:22:07.300+0000] {dagbag.py:588} INFO - Filling up the DagBag from /opt/airflow/dags/my_dag.py
[2025-04-22T23:22:07.315+0000] {processor.py:925} INFO - DAG(s) 'TFL_DATA_DAG' retrieved from /opt/airflow/dags/my_dag.py
[2025-04-22T23:22:07.330+0000] {logging_mixin.py:190} INFO - [2025-04-22T23:22:07.330+0000] {dag.py:3239} INFO - Sync 1 DAGs
[2025-04-22T23:22:07.346+0000] {logging_mixin.py:190} INFO - [2025-04-22T23:22:07.345+0000] {dag.py:4180} INFO - Setting next_dagrun for TFL_DATA_DAG to 2025-04-22 00:00:00+00:00, run_after=2025-04-23 00:00:00+00:00
[2025-04-22T23:22:07.359+0000] {processor.py:208} INFO - Processing /opt/airflow/dags/my_dag.py took 0.065 seconds
[2025-04-22T23:22:37.679+0000] {processor.py:186} INFO - Started process (PID=4630) to work on /opt/airflow/dags/my_dag.py
[2025-04-22T23:22:37.680+0000] {processor.py:914} INFO - Processing file /opt/airflow/dags/my_dag.py for tasks to queue
[2025-04-22T23:22:37.682+0000] {logging_mixin.py:190} INFO - [2025-04-22T23:22:37.682+0000] {dagbag.py:588} INFO - Filling up the DagBag from /opt/airflow/dags/my_dag.py
[2025-04-22T23:22:37.705+0000] {processor.py:925} INFO - DAG(s) 'TFL_DATA_DAG' retrieved from /opt/airflow/dags/my_dag.py
[2025-04-22T23:22:37.719+0000] {logging_mixin.py:190} INFO - [2025-04-22T23:22:37.719+0000] {dag.py:3239} INFO - Sync 1 DAGs
[2025-04-22T23:22:37.734+0000] {logging_mixin.py:190} INFO - [2025-04-22T23:22:37.734+0000] {dag.py:4180} INFO - Setting next_dagrun for TFL_DATA_DAG to 2025-04-22 00:00:00+00:00, run_after=2025-04-23 00:00:00+00:00
[2025-04-22T23:22:37.747+0000] {processor.py:208} INFO - Processing /opt/airflow/dags/my_dag.py took 0.072 seconds
[2025-04-22T23:23:08.015+0000] {processor.py:186} INFO - Started process (PID=4651) to work on /opt/airflow/dags/my_dag.py
[2025-04-22T23:23:08.017+0000] {processor.py:914} INFO - Processing file /opt/airflow/dags/my_dag.py for tasks to queue
[2025-04-22T23:23:08.018+0000] {logging_mixin.py:190} INFO - [2025-04-22T23:23:08.018+0000] {dagbag.py:588} INFO - Filling up the DagBag from /opt/airflow/dags/my_dag.py
[2025-04-22T23:23:08.032+0000] {processor.py:925} INFO - DAG(s) 'TFL_DATA_DAG' retrieved from /opt/airflow/dags/my_dag.py
[2025-04-22T23:23:08.046+0000] {logging_mixin.py:190} INFO - [2025-04-22T23:23:08.046+0000] {dag.py:3239} INFO - Sync 1 DAGs
[2025-04-22T23:23:08.060+0000] {logging_mixin.py:190} INFO - [2025-04-22T23:23:08.060+0000] {dag.py:4180} INFO - Setting next_dagrun for TFL_DATA_DAG to 2025-04-22 00:00:00+00:00, run_after=2025-04-23 00:00:00+00:00
[2025-04-22T23:23:08.072+0000] {processor.py:208} INFO - Processing /opt/airflow/dags/my_dag.py took 0.062 seconds
[2025-04-22T23:23:38.419+0000] {processor.py:186} INFO - Started process (PID=4677) to work on /opt/airflow/dags/my_dag.py
[2025-04-22T23:23:38.423+0000] {processor.py:914} INFO - Processing file /opt/airflow/dags/my_dag.py for tasks to queue
[2025-04-22T23:23:38.425+0000] {logging_mixin.py:190} INFO - [2025-04-22T23:23:38.425+0000] {dagbag.py:588} INFO - Filling up the DagBag from /opt/airflow/dags/my_dag.py
[2025-04-22T23:23:38.454+0000] {processor.py:925} INFO - DAG(s) 'TFL_DATA_DAG' retrieved from /opt/airflow/dags/my_dag.py
[2025-04-22T23:23:38.468+0000] {logging_mixin.py:190} INFO - [2025-04-22T23:23:38.468+0000] {dag.py:3239} INFO - Sync 1 DAGs
[2025-04-22T23:23:38.482+0000] {logging_mixin.py:190} INFO - [2025-04-22T23:23:38.482+0000] {dag.py:4180} INFO - Setting next_dagrun for TFL_DATA_DAG to 2025-04-22 00:00:00+00:00, run_after=2025-04-23 00:00:00+00:00
[2025-04-22T23:23:38.493+0000] {processor.py:208} INFO - Processing /opt/airflow/dags/my_dag.py took 0.078 seconds
[2025-04-22T23:24:08.747+0000] {processor.py:186} INFO - Started process (PID=4698) to work on /opt/airflow/dags/my_dag.py
[2025-04-22T23:24:08.749+0000] {processor.py:914} INFO - Processing file /opt/airflow/dags/my_dag.py for tasks to queue
[2025-04-22T23:24:08.751+0000] {logging_mixin.py:190} INFO - [2025-04-22T23:24:08.751+0000] {dagbag.py:588} INFO - Filling up the DagBag from /opt/airflow/dags/my_dag.py
[2025-04-22T23:24:08.771+0000] {processor.py:925} INFO - DAG(s) 'TFL_DATA_DAG' retrieved from /opt/airflow/dags/my_dag.py
[2025-04-22T23:24:08.788+0000] {logging_mixin.py:190} INFO - [2025-04-22T23:24:08.788+0000] {dag.py:3239} INFO - Sync 1 DAGs
[2025-04-22T23:24:08.803+0000] {logging_mixin.py:190} INFO - [2025-04-22T23:24:08.803+0000] {dag.py:4180} INFO - Setting next_dagrun for TFL_DATA_DAG to 2025-04-22 00:00:00+00:00, run_after=2025-04-23 00:00:00+00:00
[2025-04-22T23:24:08.816+0000] {processor.py:208} INFO - Processing /opt/airflow/dags/my_dag.py took 0.073 seconds
[2025-04-22T23:24:39.117+0000] {processor.py:186} INFO - Started process (PID=4719) to work on /opt/airflow/dags/my_dag.py
[2025-04-22T23:24:39.118+0000] {processor.py:914} INFO - Processing file /opt/airflow/dags/my_dag.py for tasks to queue
[2025-04-22T23:24:39.119+0000] {logging_mixin.py:190} INFO - [2025-04-22T23:24:39.119+0000] {dagbag.py:588} INFO - Filling up the DagBag from /opt/airflow/dags/my_dag.py
[2025-04-22T23:24:39.134+0000] {processor.py:925} INFO - DAG(s) 'TFL_DATA_DAG' retrieved from /opt/airflow/dags/my_dag.py
[2025-04-22T23:24:39.150+0000] {logging_mixin.py:190} INFO - [2025-04-22T23:24:39.150+0000] {dag.py:3239} INFO - Sync 1 DAGs
[2025-04-22T23:24:39.167+0000] {logging_mixin.py:190} INFO - [2025-04-22T23:24:39.167+0000] {dag.py:4180} INFO - Setting next_dagrun for TFL_DATA_DAG to 2025-04-22 00:00:00+00:00, run_after=2025-04-23 00:00:00+00:00
[2025-04-22T23:24:39.179+0000] {processor.py:208} INFO - Processing /opt/airflow/dags/my_dag.py took 0.066 seconds
[2025-04-22T23:25:09.484+0000] {processor.py:186} INFO - Started process (PID=4740) to work on /opt/airflow/dags/my_dag.py
[2025-04-22T23:25:09.487+0000] {processor.py:914} INFO - Processing file /opt/airflow/dags/my_dag.py for tasks to queue
[2025-04-22T23:25:09.489+0000] {logging_mixin.py:190} INFO - [2025-04-22T23:25:09.489+0000] {dagbag.py:588} INFO - Filling up the DagBag from /opt/airflow/dags/my_dag.py
[2025-04-22T23:25:09.522+0000] {processor.py:925} INFO - DAG(s) 'TFL_DATA_DAG' retrieved from /opt/airflow/dags/my_dag.py
[2025-04-22T23:25:09.537+0000] {logging_mixin.py:190} INFO - [2025-04-22T23:25:09.537+0000] {dag.py:3239} INFO - Sync 1 DAGs
[2025-04-22T23:25:09.554+0000] {logging_mixin.py:190} INFO - [2025-04-22T23:25:09.554+0000] {dag.py:4180} INFO - Setting next_dagrun for TFL_DATA_DAG to 2025-04-22 00:00:00+00:00, run_after=2025-04-23 00:00:00+00:00
[2025-04-22T23:25:09.567+0000] {processor.py:208} INFO - Processing /opt/airflow/dags/my_dag.py took 0.087 seconds
[2025-04-22T23:25:39.816+0000] {processor.py:186} INFO - Started process (PID=4761) to work on /opt/airflow/dags/my_dag.py
[2025-04-22T23:25:39.818+0000] {processor.py:914} INFO - Processing file /opt/airflow/dags/my_dag.py for tasks to queue
[2025-04-22T23:25:39.820+0000] {logging_mixin.py:190} INFO - [2025-04-22T23:25:39.819+0000] {dagbag.py:588} INFO - Filling up the DagBag from /opt/airflow/dags/my_dag.py
[2025-04-22T23:25:39.855+0000] {processor.py:925} INFO - DAG(s) 'TFL_DATA_DAG' retrieved from /opt/airflow/dags/my_dag.py
[2025-04-22T23:25:39.869+0000] {logging_mixin.py:190} INFO - [2025-04-22T23:25:39.869+0000] {dag.py:3239} INFO - Sync 1 DAGs
[2025-04-22T23:25:39.884+0000] {logging_mixin.py:190} INFO - [2025-04-22T23:25:39.884+0000] {dag.py:4180} INFO - Setting next_dagrun for TFL_DATA_DAG to 2025-04-22 00:00:00+00:00, run_after=2025-04-23 00:00:00+00:00
[2025-04-22T23:25:39.895+0000] {processor.py:208} INFO - Processing /opt/airflow/dags/my_dag.py took 0.085 seconds
[2025-04-22T23:26:10.155+0000] {processor.py:186} INFO - Started process (PID=4782) to work on /opt/airflow/dags/my_dag.py
[2025-04-22T23:26:10.156+0000] {processor.py:914} INFO - Processing file /opt/airflow/dags/my_dag.py for tasks to queue
[2025-04-22T23:26:10.158+0000] {logging_mixin.py:190} INFO - [2025-04-22T23:26:10.157+0000] {dagbag.py:588} INFO - Filling up the DagBag from /opt/airflow/dags/my_dag.py
[2025-04-22T23:26:10.176+0000] {processor.py:925} INFO - DAG(s) 'TFL_DATA_DAG' retrieved from /opt/airflow/dags/my_dag.py
[2025-04-22T23:26:10.191+0000] {logging_mixin.py:190} INFO - [2025-04-22T23:26:10.190+0000] {dag.py:3239} INFO - Sync 1 DAGs
[2025-04-22T23:26:10.206+0000] {logging_mixin.py:190} INFO - [2025-04-22T23:26:10.206+0000] {dag.py:4180} INFO - Setting next_dagrun for TFL_DATA_DAG to 2025-04-22 00:00:00+00:00, run_after=2025-04-23 00:00:00+00:00
[2025-04-22T23:26:10.218+0000] {processor.py:208} INFO - Processing /opt/airflow/dags/my_dag.py took 0.067 seconds
[2025-04-22T23:26:40.549+0000] {processor.py:186} INFO - Started process (PID=4802) to work on /opt/airflow/dags/my_dag.py
[2025-04-22T23:26:40.550+0000] {processor.py:914} INFO - Processing file /opt/airflow/dags/my_dag.py for tasks to queue
[2025-04-22T23:26:40.551+0000] {logging_mixin.py:190} INFO - [2025-04-22T23:26:40.551+0000] {dagbag.py:588} INFO - Filling up the DagBag from /opt/airflow/dags/my_dag.py
[2025-04-22T23:26:40.565+0000] {processor.py:925} INFO - DAG(s) 'TFL_DATA_DAG' retrieved from /opt/airflow/dags/my_dag.py
[2025-04-22T23:26:40.579+0000] {logging_mixin.py:190} INFO - [2025-04-22T23:26:40.579+0000] {dag.py:3239} INFO - Sync 1 DAGs
[2025-04-22T23:26:40.594+0000] {logging_mixin.py:190} INFO - [2025-04-22T23:26:40.594+0000] {dag.py:4180} INFO - Setting next_dagrun for TFL_DATA_DAG to 2025-04-22 00:00:00+00:00, run_after=2025-04-23 00:00:00+00:00
[2025-04-22T23:26:40.606+0000] {processor.py:208} INFO - Processing /opt/airflow/dags/my_dag.py took 0.061 seconds
[2025-04-22T23:27:10.870+0000] {processor.py:186} INFO - Started process (PID=4823) to work on /opt/airflow/dags/my_dag.py
[2025-04-22T23:27:10.872+0000] {processor.py:914} INFO - Processing file /opt/airflow/dags/my_dag.py for tasks to queue
[2025-04-22T23:27:10.874+0000] {logging_mixin.py:190} INFO - [2025-04-22T23:27:10.874+0000] {dagbag.py:588} INFO - Filling up the DagBag from /opt/airflow/dags/my_dag.py
[2025-04-22T23:27:10.905+0000] {processor.py:925} INFO - DAG(s) 'TFL_DATA_DAG' retrieved from /opt/airflow/dags/my_dag.py
[2025-04-22T23:27:10.922+0000] {logging_mixin.py:190} INFO - [2025-04-22T23:27:10.922+0000] {dag.py:3239} INFO - Sync 1 DAGs
[2025-04-22T23:27:10.939+0000] {logging_mixin.py:190} INFO - [2025-04-22T23:27:10.939+0000] {dag.py:4180} INFO - Setting next_dagrun for TFL_DATA_DAG to 2025-04-22 00:00:00+00:00, run_after=2025-04-23 00:00:00+00:00
[2025-04-22T23:27:10.953+0000] {processor.py:208} INFO - Processing /opt/airflow/dags/my_dag.py took 0.088 seconds
[2025-04-22T23:27:41.205+0000] {processor.py:186} INFO - Started process (PID=4844) to work on /opt/airflow/dags/my_dag.py
[2025-04-22T23:27:41.207+0000] {processor.py:914} INFO - Processing file /opt/airflow/dags/my_dag.py for tasks to queue
[2025-04-22T23:27:41.208+0000] {logging_mixin.py:190} INFO - [2025-04-22T23:27:41.208+0000] {dagbag.py:588} INFO - Filling up the DagBag from /opt/airflow/dags/my_dag.py
[2025-04-22T23:27:41.223+0000] {processor.py:925} INFO - DAG(s) 'TFL_DATA_DAG' retrieved from /opt/airflow/dags/my_dag.py
[2025-04-22T23:27:41.239+0000] {logging_mixin.py:190} INFO - [2025-04-22T23:27:41.239+0000] {dag.py:3239} INFO - Sync 1 DAGs
[2025-04-22T23:27:41.255+0000] {logging_mixin.py:190} INFO - [2025-04-22T23:27:41.255+0000] {dag.py:4180} INFO - Setting next_dagrun for TFL_DATA_DAG to 2025-04-22 00:00:00+00:00, run_after=2025-04-23 00:00:00+00:00
[2025-04-22T23:27:41.267+0000] {processor.py:208} INFO - Processing /opt/airflow/dags/my_dag.py took 0.066 seconds
[2025-04-22T23:28:11.532+0000] {processor.py:186} INFO - Started process (PID=4865) to work on /opt/airflow/dags/my_dag.py
[2025-04-22T23:28:11.534+0000] {processor.py:914} INFO - Processing file /opt/airflow/dags/my_dag.py for tasks to queue
[2025-04-22T23:28:11.535+0000] {logging_mixin.py:190} INFO - [2025-04-22T23:28:11.535+0000] {dagbag.py:588} INFO - Filling up the DagBag from /opt/airflow/dags/my_dag.py
[2025-04-22T23:28:11.549+0000] {processor.py:925} INFO - DAG(s) 'TFL_DATA_DAG' retrieved from /opt/airflow/dags/my_dag.py
[2025-04-22T23:28:11.564+0000] {logging_mixin.py:190} INFO - [2025-04-22T23:28:11.564+0000] {dag.py:3239} INFO - Sync 1 DAGs
[2025-04-22T23:28:11.579+0000] {logging_mixin.py:190} INFO - [2025-04-22T23:28:11.579+0000] {dag.py:4180} INFO - Setting next_dagrun for TFL_DATA_DAG to 2025-04-22 00:00:00+00:00, run_after=2025-04-23 00:00:00+00:00
[2025-04-22T23:28:11.593+0000] {processor.py:208} INFO - Processing /opt/airflow/dags/my_dag.py took 0.066 seconds
[2025-04-22T23:28:41.940+0000] {processor.py:186} INFO - Started process (PID=4886) to work on /opt/airflow/dags/my_dag.py
[2025-04-22T23:28:41.942+0000] {processor.py:914} INFO - Processing file /opt/airflow/dags/my_dag.py for tasks to queue
[2025-04-22T23:28:41.943+0000] {logging_mixin.py:190} INFO - [2025-04-22T23:28:41.943+0000] {dagbag.py:588} INFO - Filling up the DagBag from /opt/airflow/dags/my_dag.py
[2025-04-22T23:28:41.957+0000] {processor.py:925} INFO - DAG(s) 'TFL_DATA_DAG' retrieved from /opt/airflow/dags/my_dag.py
[2025-04-22T23:28:41.971+0000] {logging_mixin.py:190} INFO - [2025-04-22T23:28:41.971+0000] {dag.py:3239} INFO - Sync 1 DAGs
[2025-04-22T23:28:41.987+0000] {logging_mixin.py:190} INFO - [2025-04-22T23:28:41.987+0000] {dag.py:4180} INFO - Setting next_dagrun for TFL_DATA_DAG to 2025-04-22 00:00:00+00:00, run_after=2025-04-23 00:00:00+00:00
[2025-04-22T23:28:41.998+0000] {processor.py:208} INFO - Processing /opt/airflow/dags/my_dag.py took 0.061 seconds
[2025-04-22T23:29:12.279+0000] {processor.py:186} INFO - Started process (PID=4907) to work on /opt/airflow/dags/my_dag.py
[2025-04-22T23:29:12.280+0000] {processor.py:914} INFO - Processing file /opt/airflow/dags/my_dag.py for tasks to queue
[2025-04-22T23:29:12.281+0000] {logging_mixin.py:190} INFO - [2025-04-22T23:29:12.281+0000] {dagbag.py:588} INFO - Filling up the DagBag from /opt/airflow/dags/my_dag.py
[2025-04-22T23:29:12.298+0000] {processor.py:925} INFO - DAG(s) 'TFL_DATA_DAG' retrieved from /opt/airflow/dags/my_dag.py
[2025-04-22T23:29:12.314+0000] {logging_mixin.py:190} INFO - [2025-04-22T23:29:12.314+0000] {dag.py:3239} INFO - Sync 1 DAGs
[2025-04-22T23:29:12.330+0000] {logging_mixin.py:190} INFO - [2025-04-22T23:29:12.329+0000] {dag.py:4180} INFO - Setting next_dagrun for TFL_DATA_DAG to 2025-04-22 00:00:00+00:00, run_after=2025-04-23 00:00:00+00:00
[2025-04-22T23:29:12.343+0000] {processor.py:208} INFO - Processing /opt/airflow/dags/my_dag.py took 0.068 seconds
[2025-04-22T23:29:42.593+0000] {processor.py:186} INFO - Started process (PID=4928) to work on /opt/airflow/dags/my_dag.py
[2025-04-22T23:29:42.595+0000] {processor.py:914} INFO - Processing file /opt/airflow/dags/my_dag.py for tasks to queue
[2025-04-22T23:29:42.596+0000] {logging_mixin.py:190} INFO - [2025-04-22T23:29:42.596+0000] {dagbag.py:588} INFO - Filling up the DagBag from /opt/airflow/dags/my_dag.py
[2025-04-22T23:29:42.609+0000] {processor.py:925} INFO - DAG(s) 'TFL_DATA_DAG' retrieved from /opt/airflow/dags/my_dag.py
[2025-04-22T23:29:42.622+0000] {logging_mixin.py:190} INFO - [2025-04-22T23:29:42.622+0000] {dag.py:3239} INFO - Sync 1 DAGs
[2025-04-22T23:29:42.637+0000] {logging_mixin.py:190} INFO - [2025-04-22T23:29:42.637+0000] {dag.py:4180} INFO - Setting next_dagrun for TFL_DATA_DAG to 2025-04-22 00:00:00+00:00, run_after=2025-04-23 00:00:00+00:00
[2025-04-22T23:29:42.648+0000] {processor.py:208} INFO - Processing /opt/airflow/dags/my_dag.py took 0.059 seconds
[2025-04-22T23:30:12.981+0000] {processor.py:186} INFO - Started process (PID=4949) to work on /opt/airflow/dags/my_dag.py
[2025-04-22T23:30:12.982+0000] {processor.py:914} INFO - Processing file /opt/airflow/dags/my_dag.py for tasks to queue
[2025-04-22T23:30:12.984+0000] {logging_mixin.py:190} INFO - [2025-04-22T23:30:12.983+0000] {dagbag.py:588} INFO - Filling up the DagBag from /opt/airflow/dags/my_dag.py
[2025-04-22T23:30:13.001+0000] {processor.py:925} INFO - DAG(s) 'TFL_DATA_DAG' retrieved from /opt/airflow/dags/my_dag.py
[2025-04-22T23:30:13.018+0000] {logging_mixin.py:190} INFO - [2025-04-22T23:30:13.018+0000] {dag.py:3239} INFO - Sync 1 DAGs
[2025-04-22T23:30:13.034+0000] {logging_mixin.py:190} INFO - [2025-04-22T23:30:13.034+0000] {dag.py:4180} INFO - Setting next_dagrun for TFL_DATA_DAG to 2025-04-22 00:00:00+00:00, run_after=2025-04-23 00:00:00+00:00
[2025-04-22T23:30:13.045+0000] {processor.py:208} INFO - Processing /opt/airflow/dags/my_dag.py took 0.067 seconds
[2025-04-22T23:30:43.374+0000] {processor.py:186} INFO - Started process (PID=4970) to work on /opt/airflow/dags/my_dag.py
[2025-04-22T23:30:43.375+0000] {processor.py:914} INFO - Processing file /opt/airflow/dags/my_dag.py for tasks to queue
[2025-04-22T23:30:43.376+0000] {logging_mixin.py:190} INFO - [2025-04-22T23:30:43.376+0000] {dagbag.py:588} INFO - Filling up the DagBag from /opt/airflow/dags/my_dag.py
[2025-04-22T23:30:43.396+0000] {processor.py:925} INFO - DAG(s) 'TFL_DATA_DAG' retrieved from /opt/airflow/dags/my_dag.py
[2025-04-22T23:30:43.409+0000] {logging_mixin.py:190} INFO - [2025-04-22T23:30:43.409+0000] {dag.py:3239} INFO - Sync 1 DAGs
[2025-04-22T23:30:43.423+0000] {logging_mixin.py:190} INFO - [2025-04-22T23:30:43.423+0000] {dag.py:4180} INFO - Setting next_dagrun for TFL_DATA_DAG to 2025-04-22 00:00:00+00:00, run_after=2025-04-23 00:00:00+00:00
[2025-04-22T23:30:43.435+0000] {processor.py:208} INFO - Processing /opt/airflow/dags/my_dag.py took 0.065 seconds
[2025-04-22T23:31:13.757+0000] {processor.py:186} INFO - Started process (PID=4991) to work on /opt/airflow/dags/my_dag.py
[2025-04-22T23:31:13.758+0000] {processor.py:914} INFO - Processing file /opt/airflow/dags/my_dag.py for tasks to queue
[2025-04-22T23:31:13.759+0000] {logging_mixin.py:190} INFO - [2025-04-22T23:31:13.759+0000] {dagbag.py:588} INFO - Filling up the DagBag from /opt/airflow/dags/my_dag.py
[2025-04-22T23:31:13.778+0000] {processor.py:925} INFO - DAG(s) 'TFL_DATA_DAG' retrieved from /opt/airflow/dags/my_dag.py
[2025-04-22T23:31:13.793+0000] {logging_mixin.py:190} INFO - [2025-04-22T23:31:13.793+0000] {dag.py:3239} INFO - Sync 1 DAGs
[2025-04-22T23:31:13.809+0000] {logging_mixin.py:190} INFO - [2025-04-22T23:31:13.808+0000] {dag.py:4180} INFO - Setting next_dagrun for TFL_DATA_DAG to 2025-04-22 00:00:00+00:00, run_after=2025-04-23 00:00:00+00:00
[2025-04-22T23:31:13.822+0000] {processor.py:208} INFO - Processing /opt/airflow/dags/my_dag.py took 0.069 seconds
[2025-04-22T23:31:44.051+0000] {processor.py:186} INFO - Started process (PID=5012) to work on /opt/airflow/dags/my_dag.py
[2025-04-22T23:31:44.053+0000] {processor.py:914} INFO - Processing file /opt/airflow/dags/my_dag.py for tasks to queue
[2025-04-22T23:31:44.054+0000] {logging_mixin.py:190} INFO - [2025-04-22T23:31:44.054+0000] {dagbag.py:588} INFO - Filling up the DagBag from /opt/airflow/dags/my_dag.py
[2025-04-22T23:31:44.068+0000] {processor.py:925} INFO - DAG(s) 'TFL_DATA_DAG' retrieved from /opt/airflow/dags/my_dag.py
[2025-04-22T23:31:44.082+0000] {logging_mixin.py:190} INFO - [2025-04-22T23:31:44.082+0000] {dag.py:3239} INFO - Sync 1 DAGs
[2025-04-22T23:31:44.097+0000] {logging_mixin.py:190} INFO - [2025-04-22T23:31:44.096+0000] {dag.py:4180} INFO - Setting next_dagrun for TFL_DATA_DAG to 2025-04-22 00:00:00+00:00, run_after=2025-04-23 00:00:00+00:00
[2025-04-22T23:31:44.108+0000] {processor.py:208} INFO - Processing /opt/airflow/dags/my_dag.py took 0.060 seconds
[2025-04-22T23:32:14.339+0000] {processor.py:186} INFO - Started process (PID=5033) to work on /opt/airflow/dags/my_dag.py
[2025-04-22T23:32:14.341+0000] {processor.py:914} INFO - Processing file /opt/airflow/dags/my_dag.py for tasks to queue
[2025-04-22T23:32:14.343+0000] {logging_mixin.py:190} INFO - [2025-04-22T23:32:14.343+0000] {dagbag.py:588} INFO - Filling up the DagBag from /opt/airflow/dags/my_dag.py
[2025-04-22T23:32:14.357+0000] {processor.py:925} INFO - DAG(s) 'TFL_DATA_DAG' retrieved from /opt/airflow/dags/my_dag.py
[2025-04-22T23:32:14.372+0000] {logging_mixin.py:190} INFO - [2025-04-22T23:32:14.372+0000] {dag.py:3239} INFO - Sync 1 DAGs
[2025-04-22T23:32:14.386+0000] {logging_mixin.py:190} INFO - [2025-04-22T23:32:14.385+0000] {dag.py:4180} INFO - Setting next_dagrun for TFL_DATA_DAG to 2025-04-22 00:00:00+00:00, run_after=2025-04-23 00:00:00+00:00
[2025-04-22T23:32:14.398+0000] {processor.py:208} INFO - Processing /opt/airflow/dags/my_dag.py took 0.062 seconds
[2025-04-22T23:32:44.704+0000] {processor.py:186} INFO - Started process (PID=5054) to work on /opt/airflow/dags/my_dag.py
[2025-04-22T23:32:44.707+0000] {processor.py:914} INFO - Processing file /opt/airflow/dags/my_dag.py for tasks to queue
[2025-04-22T23:32:44.709+0000] {logging_mixin.py:190} INFO - [2025-04-22T23:32:44.709+0000] {dagbag.py:588} INFO - Filling up the DagBag from /opt/airflow/dags/my_dag.py
[2025-04-22T23:32:44.725+0000] {processor.py:925} INFO - DAG(s) 'TFL_DATA_DAG' retrieved from /opt/airflow/dags/my_dag.py
[2025-04-22T23:32:44.738+0000] {logging_mixin.py:190} INFO - [2025-04-22T23:32:44.738+0000] {dag.py:3239} INFO - Sync 1 DAGs
[2025-04-22T23:32:44.755+0000] {logging_mixin.py:190} INFO - [2025-04-22T23:32:44.755+0000] {dag.py:4180} INFO - Setting next_dagrun for TFL_DATA_DAG to 2025-04-22 00:00:00+00:00, run_after=2025-04-23 00:00:00+00:00
[2025-04-22T23:32:44.766+0000] {processor.py:208} INFO - Processing /opt/airflow/dags/my_dag.py took 0.065 seconds
[2025-04-22T23:33:14.998+0000] {processor.py:186} INFO - Started process (PID=5075) to work on /opt/airflow/dags/my_dag.py
[2025-04-22T23:33:14.999+0000] {processor.py:914} INFO - Processing file /opt/airflow/dags/my_dag.py for tasks to queue
[2025-04-22T23:33:15.001+0000] {logging_mixin.py:190} INFO - [2025-04-22T23:33:15.000+0000] {dagbag.py:588} INFO - Filling up the DagBag from /opt/airflow/dags/my_dag.py
[2025-04-22T23:33:15.017+0000] {processor.py:925} INFO - DAG(s) 'TFL_DATA_DAG' retrieved from /opt/airflow/dags/my_dag.py
[2025-04-22T23:33:15.031+0000] {logging_mixin.py:190} INFO - [2025-04-22T23:33:15.030+0000] {dag.py:3239} INFO - Sync 1 DAGs
[2025-04-22T23:33:15.045+0000] {logging_mixin.py:190} INFO - [2025-04-22T23:33:15.044+0000] {dag.py:4180} INFO - Setting next_dagrun for TFL_DATA_DAG to 2025-04-22 00:00:00+00:00, run_after=2025-04-23 00:00:00+00:00
[2025-04-22T23:33:15.055+0000] {processor.py:208} INFO - Processing /opt/airflow/dags/my_dag.py took 0.061 seconds
[2025-04-22T23:33:45.302+0000] {processor.py:186} INFO - Started process (PID=5096) to work on /opt/airflow/dags/my_dag.py
[2025-04-22T23:33:45.303+0000] {processor.py:914} INFO - Processing file /opt/airflow/dags/my_dag.py for tasks to queue
[2025-04-22T23:33:45.304+0000] {logging_mixin.py:190} INFO - [2025-04-22T23:33:45.304+0000] {dagbag.py:588} INFO - Filling up the DagBag from /opt/airflow/dags/my_dag.py
[2025-04-22T23:33:45.317+0000] {processor.py:925} INFO - DAG(s) 'TFL_DATA_DAG' retrieved from /opt/airflow/dags/my_dag.py
[2025-04-22T23:33:45.330+0000] {logging_mixin.py:190} INFO - [2025-04-22T23:33:45.330+0000] {dag.py:3239} INFO - Sync 1 DAGs
[2025-04-22T23:33:45.345+0000] {logging_mixin.py:190} INFO - [2025-04-22T23:33:45.345+0000] {dag.py:4180} INFO - Setting next_dagrun for TFL_DATA_DAG to 2025-04-22 00:00:00+00:00, run_after=2025-04-23 00:00:00+00:00
[2025-04-22T23:33:45.357+0000] {processor.py:208} INFO - Processing /opt/airflow/dags/my_dag.py took 0.059 seconds
[2025-04-22T23:34:15.648+0000] {processor.py:186} INFO - Started process (PID=5117) to work on /opt/airflow/dags/my_dag.py
[2025-04-22T23:34:15.650+0000] {processor.py:914} INFO - Processing file /opt/airflow/dags/my_dag.py for tasks to queue
[2025-04-22T23:34:15.652+0000] {logging_mixin.py:190} INFO - [2025-04-22T23:34:15.652+0000] {dagbag.py:588} INFO - Filling up the DagBag from /opt/airflow/dags/my_dag.py
[2025-04-22T23:34:15.679+0000] {processor.py:925} INFO - DAG(s) 'TFL_DATA_DAG' retrieved from /opt/airflow/dags/my_dag.py
[2025-04-22T23:34:15.702+0000] {logging_mixin.py:190} INFO - [2025-04-22T23:34:15.702+0000] {dag.py:3239} INFO - Sync 1 DAGs
[2025-04-22T23:34:15.720+0000] {logging_mixin.py:190} INFO - [2025-04-22T23:34:15.719+0000] {dag.py:4180} INFO - Setting next_dagrun for TFL_DATA_DAG to 2025-04-22 00:00:00+00:00, run_after=2025-04-23 00:00:00+00:00
[2025-04-22T23:34:15.733+0000] {processor.py:208} INFO - Processing /opt/airflow/dags/my_dag.py took 0.091 seconds
[2025-04-22T23:34:45.969+0000] {processor.py:186} INFO - Started process (PID=5138) to work on /opt/airflow/dags/my_dag.py
[2025-04-22T23:34:45.970+0000] {processor.py:914} INFO - Processing file /opt/airflow/dags/my_dag.py for tasks to queue
[2025-04-22T23:34:45.972+0000] {logging_mixin.py:190} INFO - [2025-04-22T23:34:45.972+0000] {dagbag.py:588} INFO - Filling up the DagBag from /opt/airflow/dags/my_dag.py
[2025-04-22T23:34:45.990+0000] {processor.py:925} INFO - DAG(s) 'TFL_DATA_DAG' retrieved from /opt/airflow/dags/my_dag.py
[2025-04-22T23:34:46.005+0000] {logging_mixin.py:190} INFO - [2025-04-22T23:34:46.005+0000] {dag.py:3239} INFO - Sync 1 DAGs
[2025-04-22T23:34:46.022+0000] {logging_mixin.py:190} INFO - [2025-04-22T23:34:46.022+0000] {dag.py:4180} INFO - Setting next_dagrun for TFL_DATA_DAG to 2025-04-22 00:00:00+00:00, run_after=2025-04-23 00:00:00+00:00
[2025-04-22T23:34:46.035+0000] {processor.py:208} INFO - Processing /opt/airflow/dags/my_dag.py took 0.070 seconds
[2025-04-22T23:35:16.287+0000] {processor.py:186} INFO - Started process (PID=5159) to work on /opt/airflow/dags/my_dag.py
[2025-04-22T23:35:16.289+0000] {processor.py:914} INFO - Processing file /opt/airflow/dags/my_dag.py for tasks to queue
[2025-04-22T23:35:16.290+0000] {logging_mixin.py:190} INFO - [2025-04-22T23:35:16.290+0000] {dagbag.py:588} INFO - Filling up the DagBag from /opt/airflow/dags/my_dag.py
[2025-04-22T23:35:16.316+0000] {processor.py:925} INFO - DAG(s) 'TFL_DATA_DAG' retrieved from /opt/airflow/dags/my_dag.py
[2025-04-22T23:35:16.331+0000] {logging_mixin.py:190} INFO - [2025-04-22T23:35:16.331+0000] {dag.py:3239} INFO - Sync 1 DAGs
[2025-04-22T23:35:16.348+0000] {logging_mixin.py:190} INFO - [2025-04-22T23:35:16.348+0000] {dag.py:4180} INFO - Setting next_dagrun for TFL_DATA_DAG to 2025-04-22 00:00:00+00:00, run_after=2025-04-23 00:00:00+00:00
[2025-04-22T23:35:16.360+0000] {processor.py:208} INFO - Processing /opt/airflow/dags/my_dag.py took 0.077 seconds
[2025-04-22T23:35:46.618+0000] {processor.py:186} INFO - Started process (PID=5180) to work on /opt/airflow/dags/my_dag.py
[2025-04-22T23:35:46.619+0000] {processor.py:914} INFO - Processing file /opt/airflow/dags/my_dag.py for tasks to queue
[2025-04-22T23:35:46.621+0000] {logging_mixin.py:190} INFO - [2025-04-22T23:35:46.621+0000] {dagbag.py:588} INFO - Filling up the DagBag from /opt/airflow/dags/my_dag.py
[2025-04-22T23:35:46.636+0000] {processor.py:925} INFO - DAG(s) 'TFL_DATA_DAG' retrieved from /opt/airflow/dags/my_dag.py
[2025-04-22T23:35:46.651+0000] {logging_mixin.py:190} INFO - [2025-04-22T23:35:46.650+0000] {dag.py:3239} INFO - Sync 1 DAGs
[2025-04-22T23:35:46.666+0000] {logging_mixin.py:190} INFO - [2025-04-22T23:35:46.666+0000] {dag.py:4180} INFO - Setting next_dagrun for TFL_DATA_DAG to 2025-04-22 00:00:00+00:00, run_after=2025-04-23 00:00:00+00:00
[2025-04-22T23:35:46.678+0000] {processor.py:208} INFO - Processing /opt/airflow/dags/my_dag.py took 0.064 seconds
[2025-04-22T23:36:16.929+0000] {processor.py:186} INFO - Started process (PID=5201) to work on /opt/airflow/dags/my_dag.py
[2025-04-22T23:36:16.930+0000] {processor.py:914} INFO - Processing file /opt/airflow/dags/my_dag.py for tasks to queue
[2025-04-22T23:36:16.933+0000] {logging_mixin.py:190} INFO - [2025-04-22T23:36:16.932+0000] {dagbag.py:588} INFO - Filling up the DagBag from /opt/airflow/dags/my_dag.py
[2025-04-22T23:36:16.971+0000] {processor.py:925} INFO - DAG(s) 'TFL_DATA_DAG' retrieved from /opt/airflow/dags/my_dag.py
[2025-04-22T23:36:16.986+0000] {logging_mixin.py:190} INFO - [2025-04-22T23:36:16.986+0000] {dag.py:3239} INFO - Sync 1 DAGs
[2025-04-22T23:36:16.999+0000] {logging_mixin.py:190} INFO - [2025-04-22T23:36:16.999+0000] {dag.py:4180} INFO - Setting next_dagrun for TFL_DATA_DAG to 2025-04-22 00:00:00+00:00, run_after=2025-04-23 00:00:00+00:00
[2025-04-22T23:36:17.010+0000] {processor.py:208} INFO - Processing /opt/airflow/dags/my_dag.py took 0.090 seconds
[2025-04-22T23:36:47.279+0000] {processor.py:186} INFO - Started process (PID=5222) to work on /opt/airflow/dags/my_dag.py
[2025-04-22T23:36:47.280+0000] {processor.py:914} INFO - Processing file /opt/airflow/dags/my_dag.py for tasks to queue
[2025-04-22T23:36:47.282+0000] {logging_mixin.py:190} INFO - [2025-04-22T23:36:47.282+0000] {dagbag.py:588} INFO - Filling up the DagBag from /opt/airflow/dags/my_dag.py
[2025-04-22T23:36:47.299+0000] {processor.py:925} INFO - DAG(s) 'TFL_DATA_DAG' retrieved from /opt/airflow/dags/my_dag.py
[2025-04-22T23:36:47.313+0000] {logging_mixin.py:190} INFO - [2025-04-22T23:36:47.313+0000] {dag.py:3239} INFO - Sync 1 DAGs
[2025-04-22T23:36:47.327+0000] {logging_mixin.py:190} INFO - [2025-04-22T23:36:47.327+0000] {dag.py:4180} INFO - Setting next_dagrun for TFL_DATA_DAG to 2025-04-22 00:00:00+00:00, run_after=2025-04-23 00:00:00+00:00
[2025-04-22T23:36:47.339+0000] {processor.py:208} INFO - Processing /opt/airflow/dags/my_dag.py took 0.065 seconds
[2025-04-22T23:37:17.563+0000] {processor.py:186} INFO - Started process (PID=5243) to work on /opt/airflow/dags/my_dag.py
[2025-04-22T23:37:17.564+0000] {processor.py:914} INFO - Processing file /opt/airflow/dags/my_dag.py for tasks to queue
[2025-04-22T23:37:17.566+0000] {logging_mixin.py:190} INFO - [2025-04-22T23:37:17.565+0000] {dagbag.py:588} INFO - Filling up the DagBag from /opt/airflow/dags/my_dag.py
[2025-04-22T23:37:17.582+0000] {processor.py:925} INFO - DAG(s) 'TFL_DATA_DAG' retrieved from /opt/airflow/dags/my_dag.py
[2025-04-22T23:37:17.597+0000] {logging_mixin.py:190} INFO - [2025-04-22T23:37:17.597+0000] {dag.py:3239} INFO - Sync 1 DAGs
[2025-04-22T23:37:17.612+0000] {logging_mixin.py:190} INFO - [2025-04-22T23:37:17.612+0000] {dag.py:4180} INFO - Setting next_dagrun for TFL_DATA_DAG to 2025-04-22 00:00:00+00:00, run_after=2025-04-23 00:00:00+00:00
[2025-04-22T23:37:17.623+0000] {processor.py:208} INFO - Processing /opt/airflow/dags/my_dag.py took 0.065 seconds
[2025-04-22T23:37:47.907+0000] {processor.py:186} INFO - Started process (PID=5264) to work on /opt/airflow/dags/my_dag.py
[2025-04-22T23:37:47.908+0000] {processor.py:914} INFO - Processing file /opt/airflow/dags/my_dag.py for tasks to queue
[2025-04-22T23:37:47.910+0000] {logging_mixin.py:190} INFO - [2025-04-22T23:37:47.910+0000] {dagbag.py:588} INFO - Filling up the DagBag from /opt/airflow/dags/my_dag.py
[2025-04-22T23:37:47.926+0000] {processor.py:925} INFO - DAG(s) 'TFL_DATA_DAG' retrieved from /opt/airflow/dags/my_dag.py
[2025-04-22T23:37:47.939+0000] {logging_mixin.py:190} INFO - [2025-04-22T23:37:47.939+0000] {dag.py:3239} INFO - Sync 1 DAGs
[2025-04-22T23:37:47.953+0000] {logging_mixin.py:190} INFO - [2025-04-22T23:37:47.953+0000] {dag.py:4180} INFO - Setting next_dagrun for TFL_DATA_DAG to 2025-04-22 00:00:00+00:00, run_after=2025-04-23 00:00:00+00:00
[2025-04-22T23:37:47.965+0000] {processor.py:208} INFO - Processing /opt/airflow/dags/my_dag.py took 0.062 seconds
[2025-04-22T23:38:18.234+0000] {processor.py:186} INFO - Started process (PID=5285) to work on /opt/airflow/dags/my_dag.py
[2025-04-22T23:38:18.235+0000] {processor.py:914} INFO - Processing file /opt/airflow/dags/my_dag.py for tasks to queue
[2025-04-22T23:38:18.237+0000] {logging_mixin.py:190} INFO - [2025-04-22T23:38:18.237+0000] {dagbag.py:588} INFO - Filling up the DagBag from /opt/airflow/dags/my_dag.py
[2025-04-22T23:38:18.267+0000] {processor.py:925} INFO - DAG(s) 'TFL_DATA_DAG' retrieved from /opt/airflow/dags/my_dag.py
[2025-04-22T23:38:18.285+0000] {logging_mixin.py:190} INFO - [2025-04-22T23:38:18.285+0000] {dag.py:3239} INFO - Sync 1 DAGs
[2025-04-22T23:38:18.301+0000] {logging_mixin.py:190} INFO - [2025-04-22T23:38:18.301+0000] {dag.py:4180} INFO - Setting next_dagrun for TFL_DATA_DAG to 2025-04-22 00:00:00+00:00, run_after=2025-04-23 00:00:00+00:00
[2025-04-22T23:38:18.314+0000] {processor.py:208} INFO - Processing /opt/airflow/dags/my_dag.py took 0.083 seconds
[2025-04-22T23:38:48.576+0000] {processor.py:186} INFO - Started process (PID=5306) to work on /opt/airflow/dags/my_dag.py
[2025-04-22T23:38:48.577+0000] {processor.py:914} INFO - Processing file /opt/airflow/dags/my_dag.py for tasks to queue
[2025-04-22T23:38:48.579+0000] {logging_mixin.py:190} INFO - [2025-04-22T23:38:48.578+0000] {dagbag.py:588} INFO - Filling up the DagBag from /opt/airflow/dags/my_dag.py
[2025-04-22T23:38:48.593+0000] {processor.py:925} INFO - DAG(s) 'TFL_DATA_DAG' retrieved from /opt/airflow/dags/my_dag.py
[2025-04-22T23:38:48.608+0000] {logging_mixin.py:190} INFO - [2025-04-22T23:38:48.608+0000] {dag.py:3239} INFO - Sync 1 DAGs
[2025-04-22T23:38:48.625+0000] {logging_mixin.py:190} INFO - [2025-04-22T23:38:48.624+0000] {dag.py:4180} INFO - Setting next_dagrun for TFL_DATA_DAG to 2025-04-22 00:00:00+00:00, run_after=2025-04-23 00:00:00+00:00
[2025-04-22T23:38:48.637+0000] {processor.py:208} INFO - Processing /opt/airflow/dags/my_dag.py took 0.065 seconds
[2025-04-22T23:39:18.946+0000] {processor.py:186} INFO - Started process (PID=5327) to work on /opt/airflow/dags/my_dag.py
[2025-04-22T23:39:18.948+0000] {processor.py:914} INFO - Processing file /opt/airflow/dags/my_dag.py for tasks to queue
[2025-04-22T23:39:18.950+0000] {logging_mixin.py:190} INFO - [2025-04-22T23:39:18.949+0000] {dagbag.py:588} INFO - Filling up the DagBag from /opt/airflow/dags/my_dag.py
[2025-04-22T23:39:18.980+0000] {processor.py:925} INFO - DAG(s) 'TFL_DATA_DAG' retrieved from /opt/airflow/dags/my_dag.py
[2025-04-22T23:39:18.993+0000] {logging_mixin.py:190} INFO - [2025-04-22T23:39:18.993+0000] {dag.py:3239} INFO - Sync 1 DAGs
[2025-04-22T23:39:19.008+0000] {logging_mixin.py:190} INFO - [2025-04-22T23:39:19.007+0000] {dag.py:4180} INFO - Setting next_dagrun for TFL_DATA_DAG to 2025-04-22 00:00:00+00:00, run_after=2025-04-23 00:00:00+00:00
[2025-04-22T23:39:19.019+0000] {processor.py:208} INFO - Processing /opt/airflow/dags/my_dag.py took 0.077 seconds
[2025-04-22T23:39:49.290+0000] {processor.py:186} INFO - Started process (PID=5348) to work on /opt/airflow/dags/my_dag.py
[2025-04-22T23:39:49.292+0000] {processor.py:914} INFO - Processing file /opt/airflow/dags/my_dag.py for tasks to queue
[2025-04-22T23:39:49.293+0000] {logging_mixin.py:190} INFO - [2025-04-22T23:39:49.293+0000] {dagbag.py:588} INFO - Filling up the DagBag from /opt/airflow/dags/my_dag.py
[2025-04-22T23:39:49.316+0000] {processor.py:925} INFO - DAG(s) 'TFL_DATA_DAG' retrieved from /opt/airflow/dags/my_dag.py
[2025-04-22T23:39:49.334+0000] {logging_mixin.py:190} INFO - [2025-04-22T23:39:49.333+0000] {dag.py:3239} INFO - Sync 1 DAGs
[2025-04-22T23:39:49.352+0000] {logging_mixin.py:190} INFO - [2025-04-22T23:39:49.352+0000] {dag.py:4180} INFO - Setting next_dagrun for TFL_DATA_DAG to 2025-04-22 00:00:00+00:00, run_after=2025-04-23 00:00:00+00:00
[2025-04-22T23:39:49.367+0000] {processor.py:208} INFO - Processing /opt/airflow/dags/my_dag.py took 0.081 seconds
[2025-04-22T23:40:19.588+0000] {processor.py:186} INFO - Started process (PID=5369) to work on /opt/airflow/dags/my_dag.py
[2025-04-22T23:40:19.589+0000] {processor.py:914} INFO - Processing file /opt/airflow/dags/my_dag.py for tasks to queue
[2025-04-22T23:40:19.591+0000] {logging_mixin.py:190} INFO - [2025-04-22T23:40:19.591+0000] {dagbag.py:588} INFO - Filling up the DagBag from /opt/airflow/dags/my_dag.py
[2025-04-22T23:40:19.607+0000] {processor.py:925} INFO - DAG(s) 'TFL_DATA_DAG' retrieved from /opt/airflow/dags/my_dag.py
[2025-04-22T23:40:19.623+0000] {logging_mixin.py:190} INFO - [2025-04-22T23:40:19.622+0000] {dag.py:3239} INFO - Sync 1 DAGs
[2025-04-22T23:40:19.638+0000] {logging_mixin.py:190} INFO - [2025-04-22T23:40:19.637+0000] {dag.py:4180} INFO - Setting next_dagrun for TFL_DATA_DAG to 2025-04-22 00:00:00+00:00, run_after=2025-04-23 00:00:00+00:00
[2025-04-22T23:40:19.651+0000] {processor.py:208} INFO - Processing /opt/airflow/dags/my_dag.py took 0.067 seconds
[2025-04-22T23:40:49.878+0000] {processor.py:186} INFO - Started process (PID=5390) to work on /opt/airflow/dags/my_dag.py
[2025-04-22T23:40:49.879+0000] {processor.py:914} INFO - Processing file /opt/airflow/dags/my_dag.py for tasks to queue
[2025-04-22T23:40:49.880+0000] {logging_mixin.py:190} INFO - [2025-04-22T23:40:49.880+0000] {dagbag.py:588} INFO - Filling up the DagBag from /opt/airflow/dags/my_dag.py
[2025-04-22T23:40:49.891+0000] {processor.py:925} INFO - DAG(s) 'TFL_DATA_DAG' retrieved from /opt/airflow/dags/my_dag.py
[2025-04-22T23:40:49.905+0000] {logging_mixin.py:190} INFO - [2025-04-22T23:40:49.904+0000] {dag.py:3239} INFO - Sync 1 DAGs
[2025-04-22T23:40:49.918+0000] {logging_mixin.py:190} INFO - [2025-04-22T23:40:49.918+0000] {dag.py:4180} INFO - Setting next_dagrun for TFL_DATA_DAG to 2025-04-22 00:00:00+00:00, run_after=2025-04-23 00:00:00+00:00
[2025-04-22T23:40:49.929+0000] {processor.py:208} INFO - Processing /opt/airflow/dags/my_dag.py took 0.054 seconds
[2025-04-22T23:41:20.165+0000] {processor.py:186} INFO - Started process (PID=5411) to work on /opt/airflow/dags/my_dag.py
[2025-04-22T23:41:20.166+0000] {processor.py:914} INFO - Processing file /opt/airflow/dags/my_dag.py for tasks to queue
[2025-04-22T23:41:20.167+0000] {logging_mixin.py:190} INFO - [2025-04-22T23:41:20.167+0000] {dagbag.py:588} INFO - Filling up the DagBag from /opt/airflow/dags/my_dag.py
[2025-04-22T23:41:20.181+0000] {processor.py:925} INFO - DAG(s) 'TFL_DATA_DAG' retrieved from /opt/airflow/dags/my_dag.py
[2025-04-22T23:41:20.199+0000] {logging_mixin.py:190} INFO - [2025-04-22T23:41:20.198+0000] {dag.py:3239} INFO - Sync 1 DAGs
[2025-04-22T23:41:20.213+0000] {logging_mixin.py:190} INFO - [2025-04-22T23:41:20.213+0000] {dag.py:4180} INFO - Setting next_dagrun for TFL_DATA_DAG to 2025-04-22 00:00:00+00:00, run_after=2025-04-23 00:00:00+00:00
[2025-04-22T23:41:20.226+0000] {processor.py:208} INFO - Processing /opt/airflow/dags/my_dag.py took 0.065 seconds
[2025-04-22T23:41:50.518+0000] {processor.py:186} INFO - Started process (PID=5432) to work on /opt/airflow/dags/my_dag.py
[2025-04-22T23:41:50.519+0000] {processor.py:914} INFO - Processing file /opt/airflow/dags/my_dag.py for tasks to queue
[2025-04-22T23:41:50.520+0000] {logging_mixin.py:190} INFO - [2025-04-22T23:41:50.519+0000] {dagbag.py:588} INFO - Filling up the DagBag from /opt/airflow/dags/my_dag.py
[2025-04-22T23:41:50.534+0000] {processor.py:925} INFO - DAG(s) 'TFL_DATA_DAG' retrieved from /opt/airflow/dags/my_dag.py
[2025-04-22T23:41:50.547+0000] {logging_mixin.py:190} INFO - [2025-04-22T23:41:50.547+0000] {dag.py:3239} INFO - Sync 1 DAGs
[2025-04-22T23:41:50.562+0000] {logging_mixin.py:190} INFO - [2025-04-22T23:41:50.562+0000] {dag.py:4180} INFO - Setting next_dagrun for TFL_DATA_DAG to 2025-04-22 00:00:00+00:00, run_after=2025-04-23 00:00:00+00:00
[2025-04-22T23:41:50.574+0000] {processor.py:208} INFO - Processing /opt/airflow/dags/my_dag.py took 0.061 seconds
[2025-04-22T23:42:20.882+0000] {processor.py:186} INFO - Started process (PID=5453) to work on /opt/airflow/dags/my_dag.py
[2025-04-22T23:42:20.886+0000] {processor.py:914} INFO - Processing file /opt/airflow/dags/my_dag.py for tasks to queue
[2025-04-22T23:42:20.895+0000] {logging_mixin.py:190} INFO - [2025-04-22T23:42:20.894+0000] {dagbag.py:588} INFO - Filling up the DagBag from /opt/airflow/dags/my_dag.py
[2025-04-22T23:42:20.954+0000] {processor.py:925} INFO - DAG(s) 'TFL_DATA_DAG' retrieved from /opt/airflow/dags/my_dag.py
[2025-04-22T23:42:20.974+0000] {logging_mixin.py:190} INFO - [2025-04-22T23:42:20.974+0000] {dag.py:3239} INFO - Sync 1 DAGs
[2025-04-22T23:42:20.992+0000] {logging_mixin.py:190} INFO - [2025-04-22T23:42:20.992+0000] {dag.py:4180} INFO - Setting next_dagrun for TFL_DATA_DAG to 2025-04-22 00:00:00+00:00, run_after=2025-04-23 00:00:00+00:00
[2025-04-22T23:42:21.007+0000] {processor.py:208} INFO - Processing /opt/airflow/dags/my_dag.py took 0.132 seconds
[2025-04-22T23:42:51.288+0000] {processor.py:186} INFO - Started process (PID=5474) to work on /opt/airflow/dags/my_dag.py
[2025-04-22T23:42:51.290+0000] {processor.py:914} INFO - Processing file /opt/airflow/dags/my_dag.py for tasks to queue
[2025-04-22T23:42:51.292+0000] {logging_mixin.py:190} INFO - [2025-04-22T23:42:51.292+0000] {dagbag.py:588} INFO - Filling up the DagBag from /opt/airflow/dags/my_dag.py
[2025-04-22T23:42:51.308+0000] {processor.py:925} INFO - DAG(s) 'TFL_DATA_DAG' retrieved from /opt/airflow/dags/my_dag.py
[2025-04-22T23:42:51.321+0000] {logging_mixin.py:190} INFO - [2025-04-22T23:42:51.321+0000] {dag.py:3239} INFO - Sync 1 DAGs
[2025-04-22T23:42:51.337+0000] {logging_mixin.py:190} INFO - [2025-04-22T23:42:51.337+0000] {dag.py:4180} INFO - Setting next_dagrun for TFL_DATA_DAG to 2025-04-22 00:00:00+00:00, run_after=2025-04-23 00:00:00+00:00
[2025-04-22T23:42:51.350+0000] {processor.py:208} INFO - Processing /opt/airflow/dags/my_dag.py took 0.071 seconds
[2025-04-22T23:43:21.706+0000] {processor.py:186} INFO - Started process (PID=5495) to work on /opt/airflow/dags/my_dag.py
[2025-04-22T23:43:21.708+0000] {processor.py:914} INFO - Processing file /opt/airflow/dags/my_dag.py for tasks to queue
[2025-04-22T23:43:21.710+0000] {logging_mixin.py:190} INFO - [2025-04-22T23:43:21.710+0000] {dagbag.py:588} INFO - Filling up the DagBag from /opt/airflow/dags/my_dag.py
[2025-04-22T23:43:21.729+0000] {processor.py:925} INFO - DAG(s) 'TFL_DATA_DAG' retrieved from /opt/airflow/dags/my_dag.py
[2025-04-22T23:43:21.744+0000] {logging_mixin.py:190} INFO - [2025-04-22T23:43:21.744+0000] {dag.py:3239} INFO - Sync 1 DAGs
[2025-04-22T23:43:21.760+0000] {logging_mixin.py:190} INFO - [2025-04-22T23:43:21.760+0000] {dag.py:4180} INFO - Setting next_dagrun for TFL_DATA_DAG to 2025-04-22 00:00:00+00:00, run_after=2025-04-23 00:00:00+00:00
[2025-04-22T23:43:21.772+0000] {processor.py:208} INFO - Processing /opt/airflow/dags/my_dag.py took 0.072 seconds
[2025-04-22T23:43:52.058+0000] {processor.py:186} INFO - Started process (PID=5515) to work on /opt/airflow/dags/my_dag.py
[2025-04-22T23:43:52.059+0000] {processor.py:914} INFO - Processing file /opt/airflow/dags/my_dag.py for tasks to queue
[2025-04-22T23:43:52.061+0000] {logging_mixin.py:190} INFO - [2025-04-22T23:43:52.060+0000] {dagbag.py:588} INFO - Filling up the DagBag from /opt/airflow/dags/my_dag.py
[2025-04-22T23:43:52.079+0000] {processor.py:925} INFO - DAG(s) 'TFL_DATA_DAG' retrieved from /opt/airflow/dags/my_dag.py
[2025-04-22T23:43:52.095+0000] {logging_mixin.py:190} INFO - [2025-04-22T23:43:52.095+0000] {dag.py:3239} INFO - Sync 1 DAGs
[2025-04-22T23:43:52.111+0000] {logging_mixin.py:190} INFO - [2025-04-22T23:43:52.111+0000] {dag.py:4180} INFO - Setting next_dagrun for TFL_DATA_DAG to 2025-04-22 00:00:00+00:00, run_after=2025-04-23 00:00:00+00:00
[2025-04-22T23:43:52.123+0000] {processor.py:208} INFO - Processing /opt/airflow/dags/my_dag.py took 0.069 seconds
[2025-04-22T23:44:22.439+0000] {processor.py:186} INFO - Started process (PID=5535) to work on /opt/airflow/dags/my_dag.py
[2025-04-22T23:44:22.441+0000] {processor.py:914} INFO - Processing file /opt/airflow/dags/my_dag.py for tasks to queue
[2025-04-22T23:44:22.443+0000] {logging_mixin.py:190} INFO - [2025-04-22T23:44:22.442+0000] {dagbag.py:588} INFO - Filling up the DagBag from /opt/airflow/dags/my_dag.py
[2025-04-22T23:44:22.470+0000] {processor.py:925} INFO - DAG(s) 'TFL_DATA_DAG' retrieved from /opt/airflow/dags/my_dag.py
[2025-04-22T23:44:22.485+0000] {logging_mixin.py:190} INFO - [2025-04-22T23:44:22.485+0000] {dag.py:3239} INFO - Sync 1 DAGs
[2025-04-22T23:44:22.502+0000] {logging_mixin.py:190} INFO - [2025-04-22T23:44:22.501+0000] {dag.py:4180} INFO - Setting next_dagrun for TFL_DATA_DAG to 2025-04-22 00:00:00+00:00, run_after=2025-04-23 00:00:00+00:00
[2025-04-22T23:44:22.513+0000] {processor.py:208} INFO - Processing /opt/airflow/dags/my_dag.py took 0.078 seconds
[2025-04-22T23:44:52.780+0000] {processor.py:186} INFO - Started process (PID=5556) to work on /opt/airflow/dags/my_dag.py
[2025-04-22T23:44:52.781+0000] {processor.py:914} INFO - Processing file /opt/airflow/dags/my_dag.py for tasks to queue
[2025-04-22T23:44:52.783+0000] {logging_mixin.py:190} INFO - [2025-04-22T23:44:52.782+0000] {dagbag.py:588} INFO - Filling up the DagBag from /opt/airflow/dags/my_dag.py
[2025-04-22T23:44:52.796+0000] {processor.py:925} INFO - DAG(s) 'TFL_DATA_DAG' retrieved from /opt/airflow/dags/my_dag.py
[2025-04-22T23:44:52.809+0000] {logging_mixin.py:190} INFO - [2025-04-22T23:44:52.809+0000] {dag.py:3239} INFO - Sync 1 DAGs
[2025-04-22T23:44:52.825+0000] {logging_mixin.py:190} INFO - [2025-04-22T23:44:52.825+0000] {dag.py:4180} INFO - Setting next_dagrun for TFL_DATA_DAG to 2025-04-22 00:00:00+00:00, run_after=2025-04-23 00:00:00+00:00
[2025-04-22T23:44:52.837+0000] {processor.py:208} INFO - Processing /opt/airflow/dags/my_dag.py took 0.060 seconds
[2025-04-22T23:45:23.342+0000] {processor.py:186} INFO - Started process (PID=5576) to work on /opt/airflow/dags/my_dag.py
[2025-04-22T23:45:23.344+0000] {processor.py:914} INFO - Processing file /opt/airflow/dags/my_dag.py for tasks to queue
[2025-04-22T23:45:23.346+0000] {logging_mixin.py:190} INFO - [2025-04-22T23:45:23.345+0000] {dagbag.py:588} INFO - Filling up the DagBag from /opt/airflow/dags/my_dag.py
[2025-04-22T23:45:23.385+0000] {processor.py:925} INFO - DAG(s) 'TFL_DATA_DAG' retrieved from /opt/airflow/dags/my_dag.py
[2025-04-22T23:45:23.403+0000] {logging_mixin.py:190} INFO - [2025-04-22T23:45:23.403+0000] {dag.py:3239} INFO - Sync 1 DAGs
[2025-04-22T23:45:23.418+0000] {logging_mixin.py:190} INFO - [2025-04-22T23:45:23.418+0000] {dag.py:4180} INFO - Setting next_dagrun for TFL_DATA_DAG to 2025-04-22 00:00:00+00:00, run_after=2025-04-23 00:00:00+00:00
[2025-04-22T23:45:23.432+0000] {processor.py:208} INFO - Processing /opt/airflow/dags/my_dag.py took 0.099 seconds
[2025-04-22T23:45:53.534+0000] {processor.py:186} INFO - Started process (PID=5597) to work on /opt/airflow/dags/my_dag.py
[2025-04-22T23:45:53.536+0000] {processor.py:914} INFO - Processing file /opt/airflow/dags/my_dag.py for tasks to queue
[2025-04-22T23:45:53.538+0000] {logging_mixin.py:190} INFO - [2025-04-22T23:45:53.538+0000] {dagbag.py:588} INFO - Filling up the DagBag from /opt/airflow/dags/my_dag.py
[2025-04-22T23:45:53.552+0000] {processor.py:925} INFO - DAG(s) 'TFL_DATA_DAG' retrieved from /opt/airflow/dags/my_dag.py
[2025-04-22T23:45:53.570+0000] {logging_mixin.py:190} INFO - [2025-04-22T23:45:53.569+0000] {dag.py:3239} INFO - Sync 1 DAGs
[2025-04-22T23:45:53.586+0000] {logging_mixin.py:190} INFO - [2025-04-22T23:45:53.586+0000] {dag.py:4180} INFO - Setting next_dagrun for TFL_DATA_DAG to 2025-04-22 00:00:00+00:00, run_after=2025-04-23 00:00:00+00:00
[2025-04-22T23:45:53.599+0000] {processor.py:208} INFO - Processing /opt/airflow/dags/my_dag.py took 0.069 seconds
[2025-04-22T23:46:23.847+0000] {processor.py:186} INFO - Started process (PID=5618) to work on /opt/airflow/dags/my_dag.py
[2025-04-22T23:46:23.849+0000] {processor.py:914} INFO - Processing file /opt/airflow/dags/my_dag.py for tasks to queue
[2025-04-22T23:46:23.851+0000] {logging_mixin.py:190} INFO - [2025-04-22T23:46:23.851+0000] {dagbag.py:588} INFO - Filling up the DagBag from /opt/airflow/dags/my_dag.py
[2025-04-22T23:46:23.871+0000] {processor.py:925} INFO - DAG(s) 'TFL_DATA_DAG' retrieved from /opt/airflow/dags/my_dag.py
[2025-04-22T23:46:23.887+0000] {logging_mixin.py:190} INFO - [2025-04-22T23:46:23.887+0000] {dag.py:3239} INFO - Sync 1 DAGs
[2025-04-22T23:46:23.905+0000] {logging_mixin.py:190} INFO - [2025-04-22T23:46:23.905+0000] {dag.py:4180} INFO - Setting next_dagrun for TFL_DATA_DAG to 2025-04-22 00:00:00+00:00, run_after=2025-04-23 00:00:00+00:00
[2025-04-22T23:46:23.919+0000] {processor.py:208} INFO - Processing /opt/airflow/dags/my_dag.py took 0.076 seconds
[2025-04-22T23:46:54.251+0000] {processor.py:186} INFO - Started process (PID=5639) to work on /opt/airflow/dags/my_dag.py
[2025-04-22T23:46:54.252+0000] {processor.py:914} INFO - Processing file /opt/airflow/dags/my_dag.py for tasks to queue
[2025-04-22T23:46:54.254+0000] {logging_mixin.py:190} INFO - [2025-04-22T23:46:54.253+0000] {dagbag.py:588} INFO - Filling up the DagBag from /opt/airflow/dags/my_dag.py
[2025-04-22T23:46:54.266+0000] {processor.py:925} INFO - DAG(s) 'TFL_DATA_DAG' retrieved from /opt/airflow/dags/my_dag.py
[2025-04-22T23:46:54.279+0000] {logging_mixin.py:190} INFO - [2025-04-22T23:46:54.279+0000] {dag.py:3239} INFO - Sync 1 DAGs
[2025-04-22T23:46:54.294+0000] {logging_mixin.py:190} INFO - [2025-04-22T23:46:54.294+0000] {dag.py:4180} INFO - Setting next_dagrun for TFL_DATA_DAG to 2025-04-22 00:00:00+00:00, run_after=2025-04-23 00:00:00+00:00
[2025-04-22T23:46:54.306+0000] {processor.py:208} INFO - Processing /opt/airflow/dags/my_dag.py took 0.059 seconds
[2025-04-22T23:47:24.592+0000] {processor.py:186} INFO - Started process (PID=5660) to work on /opt/airflow/dags/my_dag.py
[2025-04-22T23:47:24.593+0000] {processor.py:914} INFO - Processing file /opt/airflow/dags/my_dag.py for tasks to queue
[2025-04-22T23:47:24.595+0000] {logging_mixin.py:190} INFO - [2025-04-22T23:47:24.594+0000] {dagbag.py:588} INFO - Filling up the DagBag from /opt/airflow/dags/my_dag.py
[2025-04-22T23:47:24.607+0000] {processor.py:925} INFO - DAG(s) 'TFL_DATA_DAG' retrieved from /opt/airflow/dags/my_dag.py
[2025-04-22T23:47:24.621+0000] {logging_mixin.py:190} INFO - [2025-04-22T23:47:24.621+0000] {dag.py:3239} INFO - Sync 1 DAGs
[2025-04-22T23:47:24.635+0000] {logging_mixin.py:190} INFO - [2025-04-22T23:47:24.635+0000] {dag.py:4180} INFO - Setting next_dagrun for TFL_DATA_DAG to 2025-04-22 00:00:00+00:00, run_after=2025-04-23 00:00:00+00:00
[2025-04-22T23:47:24.648+0000] {processor.py:208} INFO - Processing /opt/airflow/dags/my_dag.py took 0.060 seconds
[2025-04-22T23:47:54.922+0000] {processor.py:186} INFO - Started process (PID=5681) to work on /opt/airflow/dags/my_dag.py
[2025-04-22T23:47:54.924+0000] {processor.py:914} INFO - Processing file /opt/airflow/dags/my_dag.py for tasks to queue
[2025-04-22T23:47:54.925+0000] {logging_mixin.py:190} INFO - [2025-04-22T23:47:54.925+0000] {dagbag.py:588} INFO - Filling up the DagBag from /opt/airflow/dags/my_dag.py
[2025-04-22T23:47:54.952+0000] {processor.py:925} INFO - DAG(s) 'TFL_DATA_DAG' retrieved from /opt/airflow/dags/my_dag.py
[2025-04-22T23:47:54.965+0000] {logging_mixin.py:190} INFO - [2025-04-22T23:47:54.965+0000] {dag.py:3239} INFO - Sync 1 DAGs
[2025-04-22T23:47:54.979+0000] {logging_mixin.py:190} INFO - [2025-04-22T23:47:54.978+0000] {dag.py:4180} INFO - Setting next_dagrun for TFL_DATA_DAG to 2025-04-22 00:00:00+00:00, run_after=2025-04-23 00:00:00+00:00
[2025-04-22T23:47:54.990+0000] {processor.py:208} INFO - Processing /opt/airflow/dags/my_dag.py took 0.072 seconds
[2025-04-22T23:48:25.239+0000] {processor.py:186} INFO - Started process (PID=5702) to work on /opt/airflow/dags/my_dag.py
[2025-04-22T23:48:25.240+0000] {processor.py:914} INFO - Processing file /opt/airflow/dags/my_dag.py for tasks to queue
[2025-04-22T23:48:25.242+0000] {logging_mixin.py:190} INFO - [2025-04-22T23:48:25.241+0000] {dagbag.py:588} INFO - Filling up the DagBag from /opt/airflow/dags/my_dag.py
[2025-04-22T23:48:25.260+0000] {processor.py:925} INFO - DAG(s) 'TFL_DATA_DAG' retrieved from /opt/airflow/dags/my_dag.py
[2025-04-22T23:48:25.276+0000] {logging_mixin.py:190} INFO - [2025-04-22T23:48:25.276+0000] {dag.py:3239} INFO - Sync 1 DAGs
[2025-04-22T23:48:25.292+0000] {logging_mixin.py:190} INFO - [2025-04-22T23:48:25.292+0000] {dag.py:4180} INFO - Setting next_dagrun for TFL_DATA_DAG to 2025-04-22 00:00:00+00:00, run_after=2025-04-23 00:00:00+00:00
[2025-04-22T23:48:25.307+0000] {processor.py:208} INFO - Processing /opt/airflow/dags/my_dag.py took 0.071 seconds
[2025-04-22T23:48:55.566+0000] {processor.py:186} INFO - Started process (PID=5723) to work on /opt/airflow/dags/my_dag.py
[2025-04-22T23:48:55.567+0000] {processor.py:914} INFO - Processing file /opt/airflow/dags/my_dag.py for tasks to queue
[2025-04-22T23:48:55.569+0000] {logging_mixin.py:190} INFO - [2025-04-22T23:48:55.568+0000] {dagbag.py:588} INFO - Filling up the DagBag from /opt/airflow/dags/my_dag.py
[2025-04-22T23:48:55.586+0000] {processor.py:925} INFO - DAG(s) 'TFL_DATA_DAG' retrieved from /opt/airflow/dags/my_dag.py
[2025-04-22T23:48:55.603+0000] {logging_mixin.py:190} INFO - [2025-04-22T23:48:55.602+0000] {dag.py:3239} INFO - Sync 1 DAGs
[2025-04-22T23:48:55.620+0000] {logging_mixin.py:190} INFO - [2025-04-22T23:48:55.620+0000] {dag.py:4180} INFO - Setting next_dagrun for TFL_DATA_DAG to 2025-04-22 00:00:00+00:00, run_after=2025-04-23 00:00:00+00:00
[2025-04-22T23:48:55.632+0000] {processor.py:208} INFO - Processing /opt/airflow/dags/my_dag.py took 0.071 seconds
[2025-04-22T23:49:25.929+0000] {processor.py:186} INFO - Started process (PID=5744) to work on /opt/airflow/dags/my_dag.py
[2025-04-22T23:49:25.930+0000] {processor.py:914} INFO - Processing file /opt/airflow/dags/my_dag.py for tasks to queue
[2025-04-22T23:49:25.931+0000] {logging_mixin.py:190} INFO - [2025-04-22T23:49:25.931+0000] {dagbag.py:588} INFO - Filling up the DagBag from /opt/airflow/dags/my_dag.py
[2025-04-22T23:49:25.945+0000] {processor.py:925} INFO - DAG(s) 'TFL_DATA_DAG' retrieved from /opt/airflow/dags/my_dag.py
[2025-04-22T23:49:25.957+0000] {logging_mixin.py:190} INFO - [2025-04-22T23:49:25.957+0000] {dag.py:3239} INFO - Sync 1 DAGs
[2025-04-22T23:49:25.971+0000] {logging_mixin.py:190} INFO - [2025-04-22T23:49:25.971+0000] {dag.py:4180} INFO - Setting next_dagrun for TFL_DATA_DAG to 2025-04-22 00:00:00+00:00, run_after=2025-04-23 00:00:00+00:00
[2025-04-22T23:49:25.983+0000] {processor.py:208} INFO - Processing /opt/airflow/dags/my_dag.py took 0.057 seconds
[2025-04-22T23:49:56.286+0000] {processor.py:186} INFO - Started process (PID=5765) to work on /opt/airflow/dags/my_dag.py
[2025-04-22T23:49:56.291+0000] {processor.py:914} INFO - Processing file /opt/airflow/dags/my_dag.py for tasks to queue
[2025-04-22T23:49:56.292+0000] {logging_mixin.py:190} INFO - [2025-04-22T23:49:56.292+0000] {dagbag.py:588} INFO - Filling up the DagBag from /opt/airflow/dags/my_dag.py
[2025-04-22T23:49:56.357+0000] {processor.py:925} INFO - DAG(s) 'TFL_DATA_DAG' retrieved from /opt/airflow/dags/my_dag.py
[2025-04-22T23:49:56.374+0000] {logging_mixin.py:190} INFO - [2025-04-22T23:49:56.374+0000] {dag.py:3239} INFO - Sync 1 DAGs
[2025-04-22T23:49:56.391+0000] {logging_mixin.py:190} INFO - [2025-04-22T23:49:56.391+0000] {dag.py:4180} INFO - Setting next_dagrun for TFL_DATA_DAG to 2025-04-22 00:00:00+00:00, run_after=2025-04-23 00:00:00+00:00
[2025-04-22T23:49:56.410+0000] {processor.py:208} INFO - Processing /opt/airflow/dags/my_dag.py took 0.131 seconds
[2025-04-22T23:50:26.673+0000] {processor.py:186} INFO - Started process (PID=5786) to work on /opt/airflow/dags/my_dag.py
[2025-04-22T23:50:26.674+0000] {processor.py:914} INFO - Processing file /opt/airflow/dags/my_dag.py for tasks to queue
[2025-04-22T23:50:26.675+0000] {logging_mixin.py:190} INFO - [2025-04-22T23:50:26.674+0000] {dagbag.py:588} INFO - Filling up the DagBag from /opt/airflow/dags/my_dag.py
[2025-04-22T23:50:26.686+0000] {processor.py:925} INFO - DAG(s) 'TFL_DATA_DAG' retrieved from /opt/airflow/dags/my_dag.py
[2025-04-22T23:50:26.700+0000] {logging_mixin.py:190} INFO - [2025-04-22T23:50:26.699+0000] {dag.py:3239} INFO - Sync 1 DAGs
[2025-04-22T23:50:26.714+0000] {logging_mixin.py:190} INFO - [2025-04-22T23:50:26.714+0000] {dag.py:4180} INFO - Setting next_dagrun for TFL_DATA_DAG to 2025-04-22 00:00:00+00:00, run_after=2025-04-23 00:00:00+00:00
[2025-04-22T23:50:26.726+0000] {processor.py:208} INFO - Processing /opt/airflow/dags/my_dag.py took 0.057 seconds
[2025-04-22T23:50:37.756+0000] {processor.py:186} INFO - Started process (PID=5791) to work on /opt/airflow/dags/my_dag.py
[2025-04-22T23:50:37.757+0000] {processor.py:914} INFO - Processing file /opt/airflow/dags/my_dag.py for tasks to queue
[2025-04-22T23:50:37.759+0000] {logging_mixin.py:190} INFO - [2025-04-22T23:50:37.758+0000] {dagbag.py:588} INFO - Filling up the DagBag from /opt/airflow/dags/my_dag.py
[2025-04-22T23:50:37.784+0000] {processor.py:925} INFO - DAG(s) 'TFL_DATA_DAG' retrieved from /opt/airflow/dags/my_dag.py
[2025-04-22T23:50:37.798+0000] {logging_mixin.py:190} INFO - [2025-04-22T23:50:37.798+0000] {dag.py:3239} INFO - Sync 1 DAGs
[2025-04-22T23:50:37.812+0000] {logging_mixin.py:190} INFO - [2025-04-22T23:50:37.812+0000] {dag.py:4180} INFO - Setting next_dagrun for TFL_DATA_DAG to 2025-04-22 00:00:00+00:00, run_after=2025-04-23 00:00:00+00:00
[2025-04-22T23:50:37.829+0000] {processor.py:208} INFO - Processing /opt/airflow/dags/my_dag.py took 0.077 seconds
[2025-04-22T23:51:08.179+0000] {processor.py:186} INFO - Started process (PID=5812) to work on /opt/airflow/dags/my_dag.py
[2025-04-22T23:51:08.180+0000] {processor.py:914} INFO - Processing file /opt/airflow/dags/my_dag.py for tasks to queue
[2025-04-22T23:51:08.181+0000] {logging_mixin.py:190} INFO - [2025-04-22T23:51:08.181+0000] {dagbag.py:588} INFO - Filling up the DagBag from /opt/airflow/dags/my_dag.py
[2025-04-22T23:51:08.197+0000] {processor.py:925} INFO - DAG(s) 'TFL_DATA_DAG' retrieved from /opt/airflow/dags/my_dag.py
[2025-04-22T23:51:08.210+0000] {logging_mixin.py:190} INFO - [2025-04-22T23:51:08.210+0000] {dag.py:3239} INFO - Sync 1 DAGs
[2025-04-22T23:51:08.224+0000] {logging_mixin.py:190} INFO - [2025-04-22T23:51:08.224+0000] {dag.py:4180} INFO - Setting next_dagrun for TFL_DATA_DAG to 2025-04-22 00:00:00+00:00, run_after=2025-04-23 00:00:00+00:00
[2025-04-22T23:51:08.238+0000] {processor.py:208} INFO - Processing /opt/airflow/dags/my_dag.py took 0.062 seconds
[2025-04-22T23:51:38.544+0000] {processor.py:186} INFO - Started process (PID=5833) to work on /opt/airflow/dags/my_dag.py
[2025-04-22T23:51:38.547+0000] {processor.py:914} INFO - Processing file /opt/airflow/dags/my_dag.py for tasks to queue
[2025-04-22T23:51:38.548+0000] {logging_mixin.py:190} INFO - [2025-04-22T23:51:38.548+0000] {dagbag.py:588} INFO - Filling up the DagBag from /opt/airflow/dags/my_dag.py
[2025-04-22T23:51:38.561+0000] {processor.py:925} INFO - DAG(s) 'TFL_DATA_DAG' retrieved from /opt/airflow/dags/my_dag.py
[2025-04-22T23:51:38.576+0000] {logging_mixin.py:190} INFO - [2025-04-22T23:51:38.576+0000] {dag.py:3239} INFO - Sync 1 DAGs
[2025-04-22T23:51:38.590+0000] {logging_mixin.py:190} INFO - [2025-04-22T23:51:38.590+0000] {dag.py:4180} INFO - Setting next_dagrun for TFL_DATA_DAG to 2025-04-22 00:00:00+00:00, run_after=2025-04-23 00:00:00+00:00
[2025-04-22T23:51:38.601+0000] {processor.py:208} INFO - Processing /opt/airflow/dags/my_dag.py took 0.063 seconds
[2025-04-22T23:52:08.876+0000] {processor.py:186} INFO - Started process (PID=5854) to work on /opt/airflow/dags/my_dag.py
[2025-04-22T23:52:08.878+0000] {processor.py:914} INFO - Processing file /opt/airflow/dags/my_dag.py for tasks to queue
[2025-04-22T23:52:08.880+0000] {logging_mixin.py:190} INFO - [2025-04-22T23:52:08.879+0000] {dagbag.py:588} INFO - Filling up the DagBag from /opt/airflow/dags/my_dag.py
[2025-04-22T23:52:08.898+0000] {processor.py:925} INFO - DAG(s) 'TFL_DATA_DAG' retrieved from /opt/airflow/dags/my_dag.py
[2025-04-22T23:52:08.914+0000] {logging_mixin.py:190} INFO - [2025-04-22T23:52:08.914+0000] {dag.py:3239} INFO - Sync 1 DAGs
[2025-04-22T23:52:08.928+0000] {logging_mixin.py:190} INFO - [2025-04-22T23:52:08.928+0000] {dag.py:4180} INFO - Setting next_dagrun for TFL_DATA_DAG to 2025-04-22 00:00:00+00:00, run_after=2025-04-23 00:00:00+00:00
[2025-04-22T23:52:08.941+0000] {processor.py:208} INFO - Processing /opt/airflow/dags/my_dag.py took 0.068 seconds
[2025-04-22T23:52:39.180+0000] {processor.py:186} INFO - Started process (PID=5875) to work on /opt/airflow/dags/my_dag.py
[2025-04-22T23:52:39.181+0000] {processor.py:914} INFO - Processing file /opt/airflow/dags/my_dag.py for tasks to queue
[2025-04-22T23:52:39.183+0000] {logging_mixin.py:190} INFO - [2025-04-22T23:52:39.183+0000] {dagbag.py:588} INFO - Filling up the DagBag from /opt/airflow/dags/my_dag.py
[2025-04-22T23:52:39.206+0000] {processor.py:925} INFO - DAG(s) 'TFL_DATA_DAG' retrieved from /opt/airflow/dags/my_dag.py
[2025-04-22T23:52:39.226+0000] {logging_mixin.py:190} INFO - [2025-04-22T23:52:39.226+0000] {dag.py:3239} INFO - Sync 1 DAGs
[2025-04-22T23:52:39.242+0000] {logging_mixin.py:190} INFO - [2025-04-22T23:52:39.242+0000] {dag.py:4180} INFO - Setting next_dagrun for TFL_DATA_DAG to 2025-04-22 00:00:00+00:00, run_after=2025-04-23 00:00:00+00:00
[2025-04-22T23:52:39.254+0000] {processor.py:208} INFO - Processing /opt/airflow/dags/my_dag.py took 0.078 seconds
[2025-04-22T23:53:09.548+0000] {processor.py:186} INFO - Started process (PID=5896) to work on /opt/airflow/dags/my_dag.py
[2025-04-22T23:53:09.549+0000] {processor.py:914} INFO - Processing file /opt/airflow/dags/my_dag.py for tasks to queue
[2025-04-22T23:53:09.550+0000] {logging_mixin.py:190} INFO - [2025-04-22T23:53:09.550+0000] {dagbag.py:588} INFO - Filling up the DagBag from /opt/airflow/dags/my_dag.py
[2025-04-22T23:53:09.565+0000] {processor.py:925} INFO - DAG(s) 'TFL_DATA_DAG' retrieved from /opt/airflow/dags/my_dag.py
[2025-04-22T23:53:09.578+0000] {logging_mixin.py:190} INFO - [2025-04-22T23:53:09.578+0000] {dag.py:3239} INFO - Sync 1 DAGs
[2025-04-22T23:53:09.592+0000] {logging_mixin.py:190} INFO - [2025-04-22T23:53:09.592+0000] {dag.py:4180} INFO - Setting next_dagrun for TFL_DATA_DAG to 2025-04-22 00:00:00+00:00, run_after=2025-04-23 00:00:00+00:00
[2025-04-22T23:53:09.603+0000] {processor.py:208} INFO - Processing /opt/airflow/dags/my_dag.py took 0.059 seconds
[2025-04-22T23:53:39.907+0000] {processor.py:186} INFO - Started process (PID=5917) to work on /opt/airflow/dags/my_dag.py
[2025-04-22T23:53:39.908+0000] {processor.py:914} INFO - Processing file /opt/airflow/dags/my_dag.py for tasks to queue
[2025-04-22T23:53:39.910+0000] {logging_mixin.py:190} INFO - [2025-04-22T23:53:39.910+0000] {dagbag.py:588} INFO - Filling up the DagBag from /opt/airflow/dags/my_dag.py
[2025-04-22T23:53:39.927+0000] {processor.py:925} INFO - DAG(s) 'TFL_DATA_DAG' retrieved from /opt/airflow/dags/my_dag.py
[2025-04-22T23:53:39.941+0000] {logging_mixin.py:190} INFO - [2025-04-22T23:53:39.941+0000] {dag.py:3239} INFO - Sync 1 DAGs
[2025-04-22T23:53:39.957+0000] {logging_mixin.py:190} INFO - [2025-04-22T23:53:39.957+0000] {dag.py:4180} INFO - Setting next_dagrun for TFL_DATA_DAG to 2025-04-22 00:00:00+00:00, run_after=2025-04-23 00:00:00+00:00
[2025-04-22T23:53:39.968+0000] {processor.py:208} INFO - Processing /opt/airflow/dags/my_dag.py took 0.065 seconds
[2025-04-22T23:54:10.250+0000] {processor.py:186} INFO - Started process (PID=5938) to work on /opt/airflow/dags/my_dag.py
[2025-04-22T23:54:10.251+0000] {processor.py:914} INFO - Processing file /opt/airflow/dags/my_dag.py for tasks to queue
[2025-04-22T23:54:10.252+0000] {logging_mixin.py:190} INFO - [2025-04-22T23:54:10.252+0000] {dagbag.py:588} INFO - Filling up the DagBag from /opt/airflow/dags/my_dag.py
[2025-04-22T23:54:10.266+0000] {processor.py:925} INFO - DAG(s) 'TFL_DATA_DAG' retrieved from /opt/airflow/dags/my_dag.py
[2025-04-22T23:54:10.279+0000] {logging_mixin.py:190} INFO - [2025-04-22T23:54:10.279+0000] {dag.py:3239} INFO - Sync 1 DAGs
[2025-04-22T23:54:10.293+0000] {logging_mixin.py:190} INFO - [2025-04-22T23:54:10.293+0000] {dag.py:4180} INFO - Setting next_dagrun for TFL_DATA_DAG to 2025-04-22 00:00:00+00:00, run_after=2025-04-23 00:00:00+00:00
[2025-04-22T23:54:10.304+0000] {processor.py:208} INFO - Processing /opt/airflow/dags/my_dag.py took 0.057 seconds
[2025-04-22T23:54:40.577+0000] {processor.py:186} INFO - Started process (PID=5959) to work on /opt/airflow/dags/my_dag.py
[2025-04-22T23:54:40.578+0000] {processor.py:914} INFO - Processing file /opt/airflow/dags/my_dag.py for tasks to queue
[2025-04-22T23:54:40.580+0000] {logging_mixin.py:190} INFO - [2025-04-22T23:54:40.580+0000] {dagbag.py:588} INFO - Filling up the DagBag from /opt/airflow/dags/my_dag.py
[2025-04-22T23:54:40.593+0000] {processor.py:925} INFO - DAG(s) 'TFL_DATA_DAG' retrieved from /opt/airflow/dags/my_dag.py
[2025-04-22T23:54:40.607+0000] {logging_mixin.py:190} INFO - [2025-04-22T23:54:40.607+0000] {dag.py:3239} INFO - Sync 1 DAGs
[2025-04-22T23:54:40.622+0000] {logging_mixin.py:190} INFO - [2025-04-22T23:54:40.622+0000] {dag.py:4180} INFO - Setting next_dagrun for TFL_DATA_DAG to 2025-04-22 00:00:00+00:00, run_after=2025-04-23 00:00:00+00:00
[2025-04-22T23:54:40.635+0000] {processor.py:208} INFO - Processing /opt/airflow/dags/my_dag.py took 0.062 seconds
[2025-04-22T23:55:11.067+0000] {processor.py:186} INFO - Started process (PID=5986) to work on /opt/airflow/dags/my_dag.py
[2025-04-22T23:55:11.068+0000] {processor.py:914} INFO - Processing file /opt/airflow/dags/my_dag.py for tasks to queue
[2025-04-22T23:55:11.069+0000] {logging_mixin.py:190} INFO - [2025-04-22T23:55:11.068+0000] {dagbag.py:588} INFO - Filling up the DagBag from /opt/airflow/dags/my_dag.py
[2025-04-22T23:55:11.090+0000] {processor.py:925} INFO - DAG(s) 'TFL_DATA_DAG' retrieved from /opt/airflow/dags/my_dag.py
[2025-04-22T23:55:11.110+0000] {logging_mixin.py:190} INFO - [2025-04-22T23:55:11.110+0000] {dag.py:3239} INFO - Sync 1 DAGs
[2025-04-22T23:55:11.124+0000] {logging_mixin.py:190} INFO - [2025-04-22T23:55:11.124+0000] {dag.py:4180} INFO - Setting next_dagrun for TFL_DATA_DAG to 2025-04-22 00:00:00+00:00, run_after=2025-04-23 00:00:00+00:00
[2025-04-22T23:55:11.134+0000] {processor.py:208} INFO - Processing /opt/airflow/dags/my_dag.py took 0.071 seconds
[2025-04-22T23:55:41.381+0000] {processor.py:186} INFO - Started process (PID=6007) to work on /opt/airflow/dags/my_dag.py
[2025-04-22T23:55:41.382+0000] {processor.py:914} INFO - Processing file /opt/airflow/dags/my_dag.py for tasks to queue
[2025-04-22T23:55:41.384+0000] {logging_mixin.py:190} INFO - [2025-04-22T23:55:41.384+0000] {dagbag.py:588} INFO - Filling up the DagBag from /opt/airflow/dags/my_dag.py
[2025-04-22T23:55:41.403+0000] {processor.py:925} INFO - DAG(s) 'TFL_DATA_DAG' retrieved from /opt/airflow/dags/my_dag.py
[2025-04-22T23:55:41.418+0000] {logging_mixin.py:190} INFO - [2025-04-22T23:55:41.418+0000] {dag.py:3239} INFO - Sync 1 DAGs
[2025-04-22T23:55:41.434+0000] {logging_mixin.py:190} INFO - [2025-04-22T23:55:41.434+0000] {dag.py:4180} INFO - Setting next_dagrun for TFL_DATA_DAG to 2025-04-22 00:00:00+00:00, run_after=2025-04-23 00:00:00+00:00
[2025-04-22T23:55:41.445+0000] {processor.py:208} INFO - Processing /opt/airflow/dags/my_dag.py took 0.068 seconds
[2025-04-22T23:56:11.691+0000] {processor.py:186} INFO - Started process (PID=6028) to work on /opt/airflow/dags/my_dag.py
[2025-04-22T23:56:11.693+0000] {processor.py:914} INFO - Processing file /opt/airflow/dags/my_dag.py for tasks to queue
[2025-04-22T23:56:11.694+0000] {logging_mixin.py:190} INFO - [2025-04-22T23:56:11.694+0000] {dagbag.py:588} INFO - Filling up the DagBag from /opt/airflow/dags/my_dag.py
[2025-04-22T23:56:11.707+0000] {processor.py:925} INFO - DAG(s) 'TFL_DATA_DAG' retrieved from /opt/airflow/dags/my_dag.py
[2025-04-22T23:56:11.722+0000] {logging_mixin.py:190} INFO - [2025-04-22T23:56:11.722+0000] {dag.py:3239} INFO - Sync 1 DAGs
[2025-04-22T23:56:11.738+0000] {logging_mixin.py:190} INFO - [2025-04-22T23:56:11.738+0000] {dag.py:4180} INFO - Setting next_dagrun for TFL_DATA_DAG to 2025-04-22 00:00:00+00:00, run_after=2025-04-23 00:00:00+00:00
[2025-04-22T23:56:11.749+0000] {processor.py:208} INFO - Processing /opt/airflow/dags/my_dag.py took 0.062 seconds
[2025-04-22T23:56:42.026+0000] {processor.py:186} INFO - Started process (PID=6049) to work on /opt/airflow/dags/my_dag.py
[2025-04-22T23:56:42.027+0000] {processor.py:914} INFO - Processing file /opt/airflow/dags/my_dag.py for tasks to queue
[2025-04-22T23:56:42.029+0000] {logging_mixin.py:190} INFO - [2025-04-22T23:56:42.029+0000] {dagbag.py:588} INFO - Filling up the DagBag from /opt/airflow/dags/my_dag.py
[2025-04-22T23:56:42.043+0000] {processor.py:925} INFO - DAG(s) 'TFL_DATA_DAG' retrieved from /opt/airflow/dags/my_dag.py
[2025-04-22T23:56:42.058+0000] {logging_mixin.py:190} INFO - [2025-04-22T23:56:42.058+0000] {dag.py:3239} INFO - Sync 1 DAGs
[2025-04-22T23:56:42.075+0000] {logging_mixin.py:190} INFO - [2025-04-22T23:56:42.075+0000] {dag.py:4180} INFO - Setting next_dagrun for TFL_DATA_DAG to 2025-04-22 00:00:00+00:00, run_after=2025-04-23 00:00:00+00:00
[2025-04-22T23:56:42.088+0000] {processor.py:208} INFO - Processing /opt/airflow/dags/my_dag.py took 0.067 seconds
[2025-04-22T23:57:12.344+0000] {processor.py:186} INFO - Started process (PID=6070) to work on /opt/airflow/dags/my_dag.py
[2025-04-22T23:57:12.346+0000] {processor.py:914} INFO - Processing file /opt/airflow/dags/my_dag.py for tasks to queue
[2025-04-22T23:57:12.348+0000] {logging_mixin.py:190} INFO - [2025-04-22T23:57:12.347+0000] {dagbag.py:588} INFO - Filling up the DagBag from /opt/airflow/dags/my_dag.py
[2025-04-22T23:57:12.363+0000] {processor.py:925} INFO - DAG(s) 'TFL_DATA_DAG' retrieved from /opt/airflow/dags/my_dag.py
[2025-04-22T23:57:12.377+0000] {logging_mixin.py:190} INFO - [2025-04-22T23:57:12.377+0000] {dag.py:3239} INFO - Sync 1 DAGs
[2025-04-22T23:57:12.393+0000] {logging_mixin.py:190} INFO - [2025-04-22T23:57:12.392+0000] {dag.py:4180} INFO - Setting next_dagrun for TFL_DATA_DAG to 2025-04-22 00:00:00+00:00, run_after=2025-04-23 00:00:00+00:00
[2025-04-22T23:57:12.405+0000] {processor.py:208} INFO - Processing /opt/airflow/dags/my_dag.py took 0.064 seconds
[2025-04-22T23:57:42.658+0000] {processor.py:186} INFO - Started process (PID=6091) to work on /opt/airflow/dags/my_dag.py
[2025-04-22T23:57:42.659+0000] {processor.py:914} INFO - Processing file /opt/airflow/dags/my_dag.py for tasks to queue
[2025-04-22T23:57:42.660+0000] {logging_mixin.py:190} INFO - [2025-04-22T23:57:42.660+0000] {dagbag.py:588} INFO - Filling up the DagBag from /opt/airflow/dags/my_dag.py
[2025-04-22T23:57:42.673+0000] {processor.py:925} INFO - DAG(s) 'TFL_DATA_DAG' retrieved from /opt/airflow/dags/my_dag.py
[2025-04-22T23:57:42.687+0000] {logging_mixin.py:190} INFO - [2025-04-22T23:57:42.687+0000] {dag.py:3239} INFO - Sync 1 DAGs
[2025-04-22T23:57:42.702+0000] {logging_mixin.py:190} INFO - [2025-04-22T23:57:42.702+0000] {dag.py:4180} INFO - Setting next_dagrun for TFL_DATA_DAG to 2025-04-22 00:00:00+00:00, run_after=2025-04-23 00:00:00+00:00
[2025-04-22T23:57:42.714+0000] {processor.py:208} INFO - Processing /opt/airflow/dags/my_dag.py took 0.061 seconds
[2025-04-22T23:58:12.970+0000] {processor.py:186} INFO - Started process (PID=6112) to work on /opt/airflow/dags/my_dag.py
[2025-04-22T23:58:12.975+0000] {processor.py:914} INFO - Processing file /opt/airflow/dags/my_dag.py for tasks to queue
[2025-04-22T23:58:12.982+0000] {logging_mixin.py:190} INFO - [2025-04-22T23:58:12.982+0000] {dagbag.py:588} INFO - Filling up the DagBag from /opt/airflow/dags/my_dag.py
[2025-04-22T23:58:13.033+0000] {processor.py:925} INFO - DAG(s) 'TFL_DATA_DAG' retrieved from /opt/airflow/dags/my_dag.py
[2025-04-22T23:58:13.051+0000] {logging_mixin.py:190} INFO - [2025-04-22T23:58:13.051+0000] {dag.py:3239} INFO - Sync 1 DAGs
[2025-04-22T23:58:13.068+0000] {logging_mixin.py:190} INFO - [2025-04-22T23:58:13.068+0000] {dag.py:4180} INFO - Setting next_dagrun for TFL_DATA_DAG to 2025-04-22 00:00:00+00:00, run_after=2025-04-23 00:00:00+00:00
[2025-04-22T23:58:13.083+0000] {processor.py:208} INFO - Processing /opt/airflow/dags/my_dag.py took 0.117 seconds
[2025-04-22T23:58:43.160+0000] {processor.py:186} INFO - Started process (PID=6133) to work on /opt/airflow/dags/my_dag.py
[2025-04-22T23:58:43.161+0000] {processor.py:914} INFO - Processing file /opt/airflow/dags/my_dag.py for tasks to queue
[2025-04-22T23:58:43.163+0000] {logging_mixin.py:190} INFO - [2025-04-22T23:58:43.162+0000] {dagbag.py:588} INFO - Filling up the DagBag from /opt/airflow/dags/my_dag.py
[2025-04-22T23:58:43.180+0000] {processor.py:925} INFO - DAG(s) 'TFL_DATA_DAG' retrieved from /opt/airflow/dags/my_dag.py
[2025-04-22T23:58:43.194+0000] {logging_mixin.py:190} INFO - [2025-04-22T23:58:43.194+0000] {dag.py:3239} INFO - Sync 1 DAGs
[2025-04-22T23:58:43.210+0000] {logging_mixin.py:190} INFO - [2025-04-22T23:58:43.209+0000] {dag.py:4180} INFO - Setting next_dagrun for TFL_DATA_DAG to 2025-04-22 00:00:00+00:00, run_after=2025-04-23 00:00:00+00:00
[2025-04-22T23:58:43.222+0000] {processor.py:208} INFO - Processing /opt/airflow/dags/my_dag.py took 0.066 seconds
[2025-04-22T23:59:13.562+0000] {processor.py:186} INFO - Started process (PID=6153) to work on /opt/airflow/dags/my_dag.py
[2025-04-22T23:59:13.567+0000] {processor.py:914} INFO - Processing file /opt/airflow/dags/my_dag.py for tasks to queue
[2025-04-22T23:59:13.573+0000] {logging_mixin.py:190} INFO - [2025-04-22T23:59:13.573+0000] {dagbag.py:588} INFO - Filling up the DagBag from /opt/airflow/dags/my_dag.py
[2025-04-22T23:59:13.615+0000] {processor.py:925} INFO - DAG(s) 'TFL_DATA_DAG' retrieved from /opt/airflow/dags/my_dag.py
[2025-04-22T23:59:13.629+0000] {logging_mixin.py:190} INFO - [2025-04-22T23:59:13.629+0000] {dag.py:3239} INFO - Sync 1 DAGs
[2025-04-22T23:59:13.648+0000] {logging_mixin.py:190} INFO - [2025-04-22T23:59:13.648+0000] {dag.py:4180} INFO - Setting next_dagrun for TFL_DATA_DAG to 2025-04-22 00:00:00+00:00, run_after=2025-04-23 00:00:00+00:00
[2025-04-22T23:59:13.662+0000] {processor.py:208} INFO - Processing /opt/airflow/dags/my_dag.py took 0.104 seconds
[2025-04-22T23:59:43.859+0000] {processor.py:186} INFO - Started process (PID=6174) to work on /opt/airflow/dags/my_dag.py
[2025-04-22T23:59:43.860+0000] {processor.py:914} INFO - Processing file /opt/airflow/dags/my_dag.py for tasks to queue
[2025-04-22T23:59:43.861+0000] {logging_mixin.py:190} INFO - [2025-04-22T23:59:43.861+0000] {dagbag.py:588} INFO - Filling up the DagBag from /opt/airflow/dags/my_dag.py
[2025-04-22T23:59:43.874+0000] {processor.py:925} INFO - DAG(s) 'TFL_DATA_DAG' retrieved from /opt/airflow/dags/my_dag.py
[2025-04-22T23:59:43.887+0000] {logging_mixin.py:190} INFO - [2025-04-22T23:59:43.887+0000] {dag.py:3239} INFO - Sync 1 DAGs
[2025-04-22T23:59:43.902+0000] {logging_mixin.py:190} INFO - [2025-04-22T23:59:43.902+0000] {dag.py:4180} INFO - Setting next_dagrun for TFL_DATA_DAG to 2025-04-22 00:00:00+00:00, run_after=2025-04-23 00:00:00+00:00
[2025-04-22T23:59:43.912+0000] {processor.py:208} INFO - Processing /opt/airflow/dags/my_dag.py took 0.058 seconds
