[2025-04-23T00:00:14.366+0000] {processor.py:186} INFO - Started process (PID=6202) to work on /opt/airflow/dags/my_dag.py
[2025-04-23T00:00:14.367+0000] {processor.py:914} INFO - Processing file /opt/airflow/dags/my_dag.py for tasks to queue
[2025-04-23T00:00:14.369+0000] {logging_mixin.py:190} INFO - [2025-04-23T00:00:14.369+0000] {dagbag.py:588} INFO - Filling up the DagBag from /opt/airflow/dags/my_dag.py
[2025-04-23T00:00:14.383+0000] {processor.py:925} INFO - DAG(s) 'TFL_DATA_DAG' retrieved from /opt/airflow/dags/my_dag.py
[2025-04-23T00:00:14.445+0000] {logging_mixin.py:190} INFO - [2025-04-23T00:00:14.444+0000] {dag.py:3239} INFO - Sync 1 DAGs
[2025-04-23T00:00:14.458+0000] {logging_mixin.py:190} INFO - [2025-04-23T00:00:14.458+0000] {dag.py:4180} INFO - Setting next_dagrun for TFL_DATA_DAG to 2025-04-23 00:00:00+00:00, run_after=2025-04-24 00:00:00+00:00
[2025-04-23T00:00:14.469+0000] {processor.py:208} INFO - Processing /opt/airflow/dags/my_dag.py took 0.107 seconds
[2025-04-23T00:00:44.679+0000] {processor.py:186} INFO - Started process (PID=6223) to work on /opt/airflow/dags/my_dag.py
[2025-04-23T00:00:44.680+0000] {processor.py:914} INFO - Processing file /opt/airflow/dags/my_dag.py for tasks to queue
[2025-04-23T00:00:44.681+0000] {logging_mixin.py:190} INFO - [2025-04-23T00:00:44.681+0000] {dagbag.py:588} INFO - Filling up the DagBag from /opt/airflow/dags/my_dag.py
[2025-04-23T00:00:44.694+0000] {processor.py:925} INFO - DAG(s) 'TFL_DATA_DAG' retrieved from /opt/airflow/dags/my_dag.py
[2025-04-23T00:00:44.711+0000] {logging_mixin.py:190} INFO - [2025-04-23T00:00:44.711+0000] {dag.py:3239} INFO - Sync 1 DAGs
[2025-04-23T00:00:44.727+0000] {logging_mixin.py:190} INFO - [2025-04-23T00:00:44.727+0000] {dag.py:4180} INFO - Setting next_dagrun for TFL_DATA_DAG to 2025-04-23 00:00:00+00:00, run_after=2025-04-24 00:00:00+00:00
[2025-04-23T00:00:44.739+0000] {processor.py:208} INFO - Processing /opt/airflow/dags/my_dag.py took 0.064 seconds
[2025-04-23T00:01:15.032+0000] {processor.py:186} INFO - Started process (PID=6247) to work on /opt/airflow/dags/my_dag.py
[2025-04-23T00:01:15.034+0000] {processor.py:914} INFO - Processing file /opt/airflow/dags/my_dag.py for tasks to queue
[2025-04-23T00:01:15.035+0000] {logging_mixin.py:190} INFO - [2025-04-23T00:01:15.035+0000] {dagbag.py:588} INFO - Filling up the DagBag from /opt/airflow/dags/my_dag.py
[2025-04-23T00:01:15.054+0000] {processor.py:925} INFO - DAG(s) 'TFL_DATA_DAG' retrieved from /opt/airflow/dags/my_dag.py
[2025-04-23T00:01:15.070+0000] {logging_mixin.py:190} INFO - [2025-04-23T00:01:15.070+0000] {dag.py:3239} INFO - Sync 1 DAGs
[2025-04-23T00:01:15.087+0000] {logging_mixin.py:190} INFO - [2025-04-23T00:01:15.087+0000] {dag.py:4180} INFO - Setting next_dagrun for TFL_DATA_DAG to 2025-04-23 00:00:00+00:00, run_after=2025-04-24 00:00:00+00:00
[2025-04-23T00:01:15.098+0000] {processor.py:208} INFO - Processing /opt/airflow/dags/my_dag.py took 0.070 seconds
[2025-04-23T00:01:45.465+0000] {processor.py:186} INFO - Started process (PID=6272) to work on /opt/airflow/dags/my_dag.py
[2025-04-23T00:01:45.466+0000] {processor.py:914} INFO - Processing file /opt/airflow/dags/my_dag.py for tasks to queue
[2025-04-23T00:01:45.468+0000] {logging_mixin.py:190} INFO - [2025-04-23T00:01:45.467+0000] {dagbag.py:588} INFO - Filling up the DagBag from /opt/airflow/dags/my_dag.py
[2025-04-23T00:01:45.480+0000] {processor.py:925} INFO - DAG(s) 'TFL_DATA_DAG' retrieved from /opt/airflow/dags/my_dag.py
[2025-04-23T00:01:45.494+0000] {logging_mixin.py:190} INFO - [2025-04-23T00:01:45.493+0000] {dag.py:3239} INFO - Sync 1 DAGs
[2025-04-23T00:01:45.507+0000] {logging_mixin.py:190} INFO - [2025-04-23T00:01:45.507+0000] {dag.py:4180} INFO - Setting next_dagrun for TFL_DATA_DAG to 2025-04-23 00:00:00+00:00, run_after=2025-04-24 00:00:00+00:00
[2025-04-23T00:01:45.519+0000] {processor.py:208} INFO - Processing /opt/airflow/dags/my_dag.py took 0.057 seconds
[2025-04-23T00:02:15.819+0000] {processor.py:186} INFO - Started process (PID=6293) to work on /opt/airflow/dags/my_dag.py
[2025-04-23T00:02:15.822+0000] {processor.py:914} INFO - Processing file /opt/airflow/dags/my_dag.py for tasks to queue
[2025-04-23T00:02:15.825+0000] {logging_mixin.py:190} INFO - [2025-04-23T00:02:15.825+0000] {dagbag.py:588} INFO - Filling up the DagBag from /opt/airflow/dags/my_dag.py
[2025-04-23T00:02:15.860+0000] {processor.py:925} INFO - DAG(s) 'TFL_DATA_DAG' retrieved from /opt/airflow/dags/my_dag.py
[2025-04-23T00:02:15.875+0000] {logging_mixin.py:190} INFO - [2025-04-23T00:02:15.875+0000] {dag.py:3239} INFO - Sync 1 DAGs
[2025-04-23T00:02:15.892+0000] {logging_mixin.py:190} INFO - [2025-04-23T00:02:15.892+0000] {dag.py:4180} INFO - Setting next_dagrun for TFL_DATA_DAG to 2025-04-23 00:00:00+00:00, run_after=2025-04-24 00:00:00+00:00
[2025-04-23T00:02:15.908+0000] {processor.py:208} INFO - Processing /opt/airflow/dags/my_dag.py took 0.098 seconds
[2025-04-23T00:02:46.263+0000] {processor.py:186} INFO - Started process (PID=6321) to work on /opt/airflow/dags/my_dag.py
[2025-04-23T00:02:46.265+0000] {processor.py:914} INFO - Processing file /opt/airflow/dags/my_dag.py for tasks to queue
[2025-04-23T00:02:46.268+0000] {logging_mixin.py:190} INFO - [2025-04-23T00:02:46.267+0000] {dagbag.py:588} INFO - Filling up the DagBag from /opt/airflow/dags/my_dag.py
[2025-04-23T00:02:46.306+0000] {processor.py:925} INFO - DAG(s) 'TFL_DATA_DAG' retrieved from /opt/airflow/dags/my_dag.py
[2025-04-23T00:02:46.320+0000] {logging_mixin.py:190} INFO - [2025-04-23T00:02:46.320+0000] {dag.py:3239} INFO - Sync 1 DAGs
[2025-04-23T00:02:46.335+0000] {logging_mixin.py:190} INFO - [2025-04-23T00:02:46.335+0000] {dag.py:4180} INFO - Setting next_dagrun for TFL_DATA_DAG to 2025-04-23 00:00:00+00:00, run_after=2025-04-24 00:00:00+00:00
[2025-04-23T00:02:46.346+0000] {processor.py:208} INFO - Processing /opt/airflow/dags/my_dag.py took 0.088 seconds
[2025-04-23T00:03:16.695+0000] {processor.py:186} INFO - Started process (PID=6342) to work on /opt/airflow/dags/my_dag.py
[2025-04-23T00:03:16.697+0000] {processor.py:914} INFO - Processing file /opt/airflow/dags/my_dag.py for tasks to queue
[2025-04-23T00:03:16.699+0000] {logging_mixin.py:190} INFO - [2025-04-23T00:03:16.698+0000] {dagbag.py:588} INFO - Filling up the DagBag from /opt/airflow/dags/my_dag.py
[2025-04-23T00:03:16.720+0000] {processor.py:925} INFO - DAG(s) 'TFL_DATA_DAG' retrieved from /opt/airflow/dags/my_dag.py
[2025-04-23T00:03:16.734+0000] {logging_mixin.py:190} INFO - [2025-04-23T00:03:16.734+0000] {dag.py:3239} INFO - Sync 1 DAGs
[2025-04-23T00:03:16.750+0000] {logging_mixin.py:190} INFO - [2025-04-23T00:03:16.749+0000] {dag.py:4180} INFO - Setting next_dagrun for TFL_DATA_DAG to 2025-04-23 00:00:00+00:00, run_after=2025-04-24 00:00:00+00:00
[2025-04-23T00:03:16.762+0000] {processor.py:208} INFO - Processing /opt/airflow/dags/my_dag.py took 0.074 seconds
[2025-04-23T00:03:47.021+0000] {processor.py:186} INFO - Started process (PID=6363) to work on /opt/airflow/dags/my_dag.py
[2025-04-23T00:03:47.022+0000] {processor.py:914} INFO - Processing file /opt/airflow/dags/my_dag.py for tasks to queue
[2025-04-23T00:03:47.023+0000] {logging_mixin.py:190} INFO - [2025-04-23T00:03:47.023+0000] {dagbag.py:588} INFO - Filling up the DagBag from /opt/airflow/dags/my_dag.py
[2025-04-23T00:03:47.037+0000] {processor.py:925} INFO - DAG(s) 'TFL_DATA_DAG' retrieved from /opt/airflow/dags/my_dag.py
[2025-04-23T00:03:47.050+0000] {logging_mixin.py:190} INFO - [2025-04-23T00:03:47.050+0000] {dag.py:3239} INFO - Sync 1 DAGs
[2025-04-23T00:03:47.065+0000] {logging_mixin.py:190} INFO - [2025-04-23T00:03:47.065+0000] {dag.py:4180} INFO - Setting next_dagrun for TFL_DATA_DAG to 2025-04-23 00:00:00+00:00, run_after=2025-04-24 00:00:00+00:00
[2025-04-23T00:03:47.086+0000] {processor.py:208} INFO - Processing /opt/airflow/dags/my_dag.py took 0.069 seconds
[2025-04-23T00:04:17.382+0000] {processor.py:186} INFO - Started process (PID=6391) to work on /opt/airflow/dags/my_dag.py
[2025-04-23T00:04:17.384+0000] {processor.py:914} INFO - Processing file /opt/airflow/dags/my_dag.py for tasks to queue
[2025-04-23T00:04:17.385+0000] {logging_mixin.py:190} INFO - [2025-04-23T00:04:17.385+0000] {dagbag.py:588} INFO - Filling up the DagBag from /opt/airflow/dags/my_dag.py
[2025-04-23T00:04:17.415+0000] {processor.py:925} INFO - DAG(s) 'TFL_DATA_DAG' retrieved from /opt/airflow/dags/my_dag.py
[2025-04-23T00:04:17.429+0000] {logging_mixin.py:190} INFO - [2025-04-23T00:04:17.429+0000] {dag.py:3239} INFO - Sync 1 DAGs
[2025-04-23T00:04:17.445+0000] {logging_mixin.py:190} INFO - [2025-04-23T00:04:17.445+0000] {dag.py:4180} INFO - Setting next_dagrun for TFL_DATA_DAG to 2025-04-23 00:00:00+00:00, run_after=2025-04-24 00:00:00+00:00
[2025-04-23T00:04:17.457+0000] {processor.py:208} INFO - Processing /opt/airflow/dags/my_dag.py took 0.078 seconds
[2025-04-23T00:04:47.735+0000] {processor.py:186} INFO - Started process (PID=6412) to work on /opt/airflow/dags/my_dag.py
[2025-04-23T00:04:47.736+0000] {processor.py:914} INFO - Processing file /opt/airflow/dags/my_dag.py for tasks to queue
[2025-04-23T00:04:47.737+0000] {logging_mixin.py:190} INFO - [2025-04-23T00:04:47.737+0000] {dagbag.py:588} INFO - Filling up the DagBag from /opt/airflow/dags/my_dag.py
[2025-04-23T00:04:47.758+0000] {processor.py:925} INFO - DAG(s) 'TFL_DATA_DAG' retrieved from /opt/airflow/dags/my_dag.py
[2025-04-23T00:04:47.773+0000] {logging_mixin.py:190} INFO - [2025-04-23T00:04:47.773+0000] {dag.py:3239} INFO - Sync 1 DAGs
[2025-04-23T00:04:47.786+0000] {logging_mixin.py:190} INFO - [2025-04-23T00:04:47.786+0000] {dag.py:4180} INFO - Setting next_dagrun for TFL_DATA_DAG to 2025-04-23 00:00:00+00:00, run_after=2025-04-24 00:00:00+00:00
[2025-04-23T00:04:47.798+0000] {processor.py:208} INFO - Processing /opt/airflow/dags/my_dag.py took 0.067 seconds
[2025-04-23T00:05:18.241+0000] {processor.py:186} INFO - Started process (PID=6438) to work on /opt/airflow/dags/my_dag.py
[2025-04-23T00:05:18.242+0000] {processor.py:914} INFO - Processing file /opt/airflow/dags/my_dag.py for tasks to queue
[2025-04-23T00:05:18.243+0000] {logging_mixin.py:190} INFO - [2025-04-23T00:05:18.243+0000] {dagbag.py:588} INFO - Filling up the DagBag from /opt/airflow/dags/my_dag.py
[2025-04-23T00:05:18.261+0000] {processor.py:925} INFO - DAG(s) 'TFL_DATA_DAG' retrieved from /opt/airflow/dags/my_dag.py
[2025-04-23T00:05:18.277+0000] {logging_mixin.py:190} INFO - [2025-04-23T00:05:18.277+0000] {dag.py:3239} INFO - Sync 1 DAGs
[2025-04-23T00:05:18.293+0000] {logging_mixin.py:190} INFO - [2025-04-23T00:05:18.292+0000] {dag.py:4180} INFO - Setting next_dagrun for TFL_DATA_DAG to 2025-04-23 00:00:00+00:00, run_after=2025-04-24 00:00:00+00:00
[2025-04-23T00:05:18.305+0000] {processor.py:208} INFO - Processing /opt/airflow/dags/my_dag.py took 0.068 seconds
[2025-04-23T00:05:48.574+0000] {processor.py:186} INFO - Started process (PID=6461) to work on /opt/airflow/dags/my_dag.py
[2025-04-23T00:05:48.575+0000] {processor.py:914} INFO - Processing file /opt/airflow/dags/my_dag.py for tasks to queue
[2025-04-23T00:05:48.577+0000] {logging_mixin.py:190} INFO - [2025-04-23T00:05:48.576+0000] {dagbag.py:588} INFO - Filling up the DagBag from /opt/airflow/dags/my_dag.py
[2025-04-23T00:05:48.591+0000] {processor.py:925} INFO - DAG(s) 'TFL_DATA_DAG' retrieved from /opt/airflow/dags/my_dag.py
[2025-04-23T00:05:48.604+0000] {logging_mixin.py:190} INFO - [2025-04-23T00:05:48.604+0000] {dag.py:3239} INFO - Sync 1 DAGs
[2025-04-23T00:05:48.618+0000] {logging_mixin.py:190} INFO - [2025-04-23T00:05:48.618+0000] {dag.py:4180} INFO - Setting next_dagrun for TFL_DATA_DAG to 2025-04-23 00:00:00+00:00, run_after=2025-04-24 00:00:00+00:00
[2025-04-23T00:05:48.629+0000] {processor.py:208} INFO - Processing /opt/airflow/dags/my_dag.py took 0.059 seconds
[2025-04-23T00:06:18.872+0000] {processor.py:186} INFO - Started process (PID=6482) to work on /opt/airflow/dags/my_dag.py
[2025-04-23T00:06:18.873+0000] {processor.py:914} INFO - Processing file /opt/airflow/dags/my_dag.py for tasks to queue
[2025-04-23T00:06:18.875+0000] {logging_mixin.py:190} INFO - [2025-04-23T00:06:18.875+0000] {dagbag.py:588} INFO - Filling up the DagBag from /opt/airflow/dags/my_dag.py
[2025-04-23T00:06:18.887+0000] {processor.py:925} INFO - DAG(s) 'TFL_DATA_DAG' retrieved from /opt/airflow/dags/my_dag.py
[2025-04-23T00:06:18.900+0000] {logging_mixin.py:190} INFO - [2025-04-23T00:06:18.900+0000] {dag.py:3239} INFO - Sync 1 DAGs
[2025-04-23T00:06:18.916+0000] {logging_mixin.py:190} INFO - [2025-04-23T00:06:18.916+0000] {dag.py:4180} INFO - Setting next_dagrun for TFL_DATA_DAG to 2025-04-23 00:00:00+00:00, run_after=2025-04-24 00:00:00+00:00
[2025-04-23T00:06:18.928+0000] {processor.py:208} INFO - Processing /opt/airflow/dags/my_dag.py took 0.060 seconds
[2025-04-23T00:06:49.292+0000] {processor.py:186} INFO - Started process (PID=6510) to work on /opt/airflow/dags/my_dag.py
[2025-04-23T00:06:49.293+0000] {processor.py:914} INFO - Processing file /opt/airflow/dags/my_dag.py for tasks to queue
[2025-04-23T00:06:49.295+0000] {logging_mixin.py:190} INFO - [2025-04-23T00:06:49.294+0000] {dagbag.py:588} INFO - Filling up the DagBag from /opt/airflow/dags/my_dag.py
[2025-04-23T00:06:49.309+0000] {processor.py:925} INFO - DAG(s) 'TFL_DATA_DAG' retrieved from /opt/airflow/dags/my_dag.py
[2025-04-23T00:06:49.324+0000] {logging_mixin.py:190} INFO - [2025-04-23T00:06:49.324+0000] {dag.py:3239} INFO - Sync 1 DAGs
[2025-04-23T00:06:49.340+0000] {logging_mixin.py:190} INFO - [2025-04-23T00:06:49.340+0000] {dag.py:4180} INFO - Setting next_dagrun for TFL_DATA_DAG to 2025-04-23 00:00:00+00:00, run_after=2025-04-24 00:00:00+00:00
[2025-04-23T00:06:49.354+0000] {processor.py:208} INFO - Processing /opt/airflow/dags/my_dag.py took 0.065 seconds
[2025-04-23T00:07:19.664+0000] {processor.py:186} INFO - Started process (PID=6531) to work on /opt/airflow/dags/my_dag.py
[2025-04-23T00:07:19.667+0000] {processor.py:914} INFO - Processing file /opt/airflow/dags/my_dag.py for tasks to queue
[2025-04-23T00:07:19.670+0000] {logging_mixin.py:190} INFO - [2025-04-23T00:07:19.670+0000] {dagbag.py:588} INFO - Filling up the DagBag from /opt/airflow/dags/my_dag.py
[2025-04-23T00:07:19.703+0000] {processor.py:925} INFO - DAG(s) 'TFL_DATA_DAG' retrieved from /opt/airflow/dags/my_dag.py
[2025-04-23T00:07:19.723+0000] {logging_mixin.py:190} INFO - [2025-04-23T00:07:19.722+0000] {dag.py:3239} INFO - Sync 1 DAGs
[2025-04-23T00:07:19.741+0000] {logging_mixin.py:190} INFO - [2025-04-23T00:07:19.741+0000] {dag.py:4180} INFO - Setting next_dagrun for TFL_DATA_DAG to 2025-04-23 00:00:00+00:00, run_after=2025-04-24 00:00:00+00:00
[2025-04-23T00:07:19.753+0000] {processor.py:208} INFO - Processing /opt/airflow/dags/my_dag.py took 0.094 seconds
[2025-04-23T00:07:50.087+0000] {processor.py:186} INFO - Started process (PID=6552) to work on /opt/airflow/dags/my_dag.py
[2025-04-23T00:07:50.088+0000] {processor.py:914} INFO - Processing file /opt/airflow/dags/my_dag.py for tasks to queue
[2025-04-23T00:07:50.089+0000] {logging_mixin.py:190} INFO - [2025-04-23T00:07:50.089+0000] {dagbag.py:588} INFO - Filling up the DagBag from /opt/airflow/dags/my_dag.py
[2025-04-23T00:07:50.103+0000] {processor.py:925} INFO - DAG(s) 'TFL_DATA_DAG' retrieved from /opt/airflow/dags/my_dag.py
[2025-04-23T00:07:50.117+0000] {logging_mixin.py:190} INFO - [2025-04-23T00:07:50.117+0000] {dag.py:3239} INFO - Sync 1 DAGs
[2025-04-23T00:07:50.131+0000] {logging_mixin.py:190} INFO - [2025-04-23T00:07:50.131+0000] {dag.py:4180} INFO - Setting next_dagrun for TFL_DATA_DAG to 2025-04-23 00:00:00+00:00, run_after=2025-04-24 00:00:00+00:00
[2025-04-23T00:07:50.145+0000] {processor.py:208} INFO - Processing /opt/airflow/dags/my_dag.py took 0.063 seconds
[2025-04-23T00:08:20.493+0000] {processor.py:186} INFO - Started process (PID=6573) to work on /opt/airflow/dags/my_dag.py
[2025-04-23T00:08:20.494+0000] {processor.py:914} INFO - Processing file /opt/airflow/dags/my_dag.py for tasks to queue
[2025-04-23T00:08:20.496+0000] {logging_mixin.py:190} INFO - [2025-04-23T00:08:20.495+0000] {dagbag.py:588} INFO - Filling up the DagBag from /opt/airflow/dags/my_dag.py
[2025-04-23T00:08:20.517+0000] {processor.py:925} INFO - DAG(s) 'TFL_DATA_DAG' retrieved from /opt/airflow/dags/my_dag.py
[2025-04-23T00:08:20.531+0000] {logging_mixin.py:190} INFO - [2025-04-23T00:08:20.531+0000] {dag.py:3239} INFO - Sync 1 DAGs
[2025-04-23T00:08:20.545+0000] {logging_mixin.py:190} INFO - [2025-04-23T00:08:20.545+0000] {dag.py:4180} INFO - Setting next_dagrun for TFL_DATA_DAG to 2025-04-23 00:00:00+00:00, run_after=2025-04-24 00:00:00+00:00
[2025-04-23T00:08:20.555+0000] {processor.py:208} INFO - Processing /opt/airflow/dags/my_dag.py took 0.066 seconds
[2025-04-23T00:08:51.034+0000] {processor.py:186} INFO - Started process (PID=6594) to work on /opt/airflow/dags/my_dag.py
[2025-04-23T00:08:51.036+0000] {processor.py:914} INFO - Processing file /opt/airflow/dags/my_dag.py for tasks to queue
[2025-04-23T00:08:51.037+0000] {logging_mixin.py:190} INFO - [2025-04-23T00:08:51.037+0000] {dagbag.py:588} INFO - Filling up the DagBag from /opt/airflow/dags/my_dag.py
[2025-04-23T00:08:51.053+0000] {processor.py:925} INFO - DAG(s) 'TFL_DATA_DAG' retrieved from /opt/airflow/dags/my_dag.py
[2025-04-23T00:08:51.067+0000] {logging_mixin.py:190} INFO - [2025-04-23T00:08:51.067+0000] {dag.py:3239} INFO - Sync 1 DAGs
[2025-04-23T00:08:51.084+0000] {logging_mixin.py:190} INFO - [2025-04-23T00:08:51.084+0000] {dag.py:4180} INFO - Setting next_dagrun for TFL_DATA_DAG to 2025-04-23 00:00:00+00:00, run_after=2025-04-24 00:00:00+00:00
[2025-04-23T00:08:51.097+0000] {processor.py:208} INFO - Processing /opt/airflow/dags/my_dag.py took 0.067 seconds
[2025-04-23T00:09:21.391+0000] {processor.py:186} INFO - Started process (PID=6615) to work on /opt/airflow/dags/my_dag.py
[2025-04-23T00:09:21.391+0000] {processor.py:914} INFO - Processing file /opt/airflow/dags/my_dag.py for tasks to queue
[2025-04-23T00:09:21.393+0000] {logging_mixin.py:190} INFO - [2025-04-23T00:09:21.392+0000] {dagbag.py:588} INFO - Filling up the DagBag from /opt/airflow/dags/my_dag.py
[2025-04-23T00:09:21.404+0000] {processor.py:925} INFO - DAG(s) 'TFL_DATA_DAG' retrieved from /opt/airflow/dags/my_dag.py
[2025-04-23T00:09:21.417+0000] {logging_mixin.py:190} INFO - [2025-04-23T00:09:21.417+0000] {dag.py:3239} INFO - Sync 1 DAGs
[2025-04-23T00:09:21.432+0000] {logging_mixin.py:190} INFO - [2025-04-23T00:09:21.432+0000] {dag.py:4180} INFO - Setting next_dagrun for TFL_DATA_DAG to 2025-04-23 00:00:00+00:00, run_after=2025-04-24 00:00:00+00:00
[2025-04-23T00:09:21.443+0000] {processor.py:208} INFO - Processing /opt/airflow/dags/my_dag.py took 0.056 seconds
[2025-04-23T00:09:51.701+0000] {processor.py:186} INFO - Started process (PID=6636) to work on /opt/airflow/dags/my_dag.py
[2025-04-23T00:09:51.703+0000] {processor.py:914} INFO - Processing file /opt/airflow/dags/my_dag.py for tasks to queue
[2025-04-23T00:09:51.705+0000] {logging_mixin.py:190} INFO - [2025-04-23T00:09:51.704+0000] {dagbag.py:588} INFO - Filling up the DagBag from /opt/airflow/dags/my_dag.py
[2025-04-23T00:09:51.736+0000] {processor.py:925} INFO - DAG(s) 'TFL_DATA_DAG' retrieved from /opt/airflow/dags/my_dag.py
[2025-04-23T00:09:51.769+0000] {logging_mixin.py:190} INFO - [2025-04-23T00:09:51.768+0000] {dag.py:3239} INFO - Sync 1 DAGs
[2025-04-23T00:09:51.797+0000] {logging_mixin.py:190} INFO - [2025-04-23T00:09:51.797+0000] {dag.py:4180} INFO - Setting next_dagrun for TFL_DATA_DAG to 2025-04-23 00:00:00+00:00, run_after=2025-04-24 00:00:00+00:00
[2025-04-23T00:09:51.813+0000] {processor.py:208} INFO - Processing /opt/airflow/dags/my_dag.py took 0.115 seconds
[2025-04-23T00:10:22.041+0000] {processor.py:186} INFO - Started process (PID=6657) to work on /opt/airflow/dags/my_dag.py
[2025-04-23T00:10:22.043+0000] {processor.py:914} INFO - Processing file /opt/airflow/dags/my_dag.py for tasks to queue
[2025-04-23T00:10:22.045+0000] {logging_mixin.py:190} INFO - [2025-04-23T00:10:22.044+0000] {dagbag.py:588} INFO - Filling up the DagBag from /opt/airflow/dags/my_dag.py
[2025-04-23T00:10:22.076+0000] {processor.py:925} INFO - DAG(s) 'TFL_DATA_DAG' retrieved from /opt/airflow/dags/my_dag.py
[2025-04-23T00:10:22.091+0000] {logging_mixin.py:190} INFO - [2025-04-23T00:10:22.090+0000] {dag.py:3239} INFO - Sync 1 DAGs
[2025-04-23T00:10:22.106+0000] {logging_mixin.py:190} INFO - [2025-04-23T00:10:22.106+0000] {dag.py:4180} INFO - Setting next_dagrun for TFL_DATA_DAG to 2025-04-23 00:00:00+00:00, run_after=2025-04-24 00:00:00+00:00
[2025-04-23T00:10:22.120+0000] {processor.py:208} INFO - Processing /opt/airflow/dags/my_dag.py took 0.084 seconds
[2025-04-23T00:10:52.370+0000] {processor.py:186} INFO - Started process (PID=6678) to work on /opt/airflow/dags/my_dag.py
[2025-04-23T00:10:52.372+0000] {processor.py:914} INFO - Processing file /opt/airflow/dags/my_dag.py for tasks to queue
[2025-04-23T00:10:52.374+0000] {logging_mixin.py:190} INFO - [2025-04-23T00:10:52.374+0000] {dagbag.py:588} INFO - Filling up the DagBag from /opt/airflow/dags/my_dag.py
[2025-04-23T00:10:52.414+0000] {processor.py:925} INFO - DAG(s) 'TFL_DATA_DAG' retrieved from /opt/airflow/dags/my_dag.py
[2025-04-23T00:10:52.428+0000] {logging_mixin.py:190} INFO - [2025-04-23T00:10:52.428+0000] {dag.py:3239} INFO - Sync 1 DAGs
[2025-04-23T00:10:52.451+0000] {logging_mixin.py:190} INFO - [2025-04-23T00:10:52.451+0000] {dag.py:4180} INFO - Setting next_dagrun for TFL_DATA_DAG to 2025-04-23 00:00:00+00:00, run_after=2025-04-24 00:00:00+00:00
[2025-04-23T00:10:52.463+0000] {processor.py:208} INFO - Processing /opt/airflow/dags/my_dag.py took 0.101 seconds
[2025-04-23T00:11:22.699+0000] {processor.py:186} INFO - Started process (PID=6699) to work on /opt/airflow/dags/my_dag.py
[2025-04-23T00:11:22.699+0000] {processor.py:914} INFO - Processing file /opt/airflow/dags/my_dag.py for tasks to queue
[2025-04-23T00:11:22.701+0000] {logging_mixin.py:190} INFO - [2025-04-23T00:11:22.700+0000] {dagbag.py:588} INFO - Filling up the DagBag from /opt/airflow/dags/my_dag.py
[2025-04-23T00:11:22.714+0000] {processor.py:925} INFO - DAG(s) 'TFL_DATA_DAG' retrieved from /opt/airflow/dags/my_dag.py
[2025-04-23T00:11:22.730+0000] {logging_mixin.py:190} INFO - [2025-04-23T00:11:22.730+0000] {dag.py:3239} INFO - Sync 1 DAGs
[2025-04-23T00:11:22.746+0000] {logging_mixin.py:190} INFO - [2025-04-23T00:11:22.746+0000] {dag.py:4180} INFO - Setting next_dagrun for TFL_DATA_DAG to 2025-04-23 00:00:00+00:00, run_after=2025-04-24 00:00:00+00:00
[2025-04-23T00:11:22.759+0000] {processor.py:208} INFO - Processing /opt/airflow/dags/my_dag.py took 0.064 seconds
[2025-04-23T00:11:53.074+0000] {processor.py:186} INFO - Started process (PID=6720) to work on /opt/airflow/dags/my_dag.py
[2025-04-23T00:11:53.076+0000] {processor.py:914} INFO - Processing file /opt/airflow/dags/my_dag.py for tasks to queue
[2025-04-23T00:11:53.077+0000] {logging_mixin.py:190} INFO - [2025-04-23T00:11:53.077+0000] {dagbag.py:588} INFO - Filling up the DagBag from /opt/airflow/dags/my_dag.py
[2025-04-23T00:11:53.093+0000] {processor.py:925} INFO - DAG(s) 'TFL_DATA_DAG' retrieved from /opt/airflow/dags/my_dag.py
[2025-04-23T00:11:53.106+0000] {logging_mixin.py:190} INFO - [2025-04-23T00:11:53.106+0000] {dag.py:3239} INFO - Sync 1 DAGs
[2025-04-23T00:11:53.121+0000] {logging_mixin.py:190} INFO - [2025-04-23T00:11:53.121+0000] {dag.py:4180} INFO - Setting next_dagrun for TFL_DATA_DAG to 2025-04-23 00:00:00+00:00, run_after=2025-04-24 00:00:00+00:00
[2025-04-23T00:11:53.130+0000] {processor.py:208} INFO - Processing /opt/airflow/dags/my_dag.py took 0.061 seconds
[2025-04-23T00:12:23.444+0000] {processor.py:186} INFO - Started process (PID=6741) to work on /opt/airflow/dags/my_dag.py
[2025-04-23T00:12:23.447+0000] {processor.py:914} INFO - Processing file /opt/airflow/dags/my_dag.py for tasks to queue
[2025-04-23T00:12:23.448+0000] {logging_mixin.py:190} INFO - [2025-04-23T00:12:23.448+0000] {dagbag.py:588} INFO - Filling up the DagBag from /opt/airflow/dags/my_dag.py
[2025-04-23T00:12:23.477+0000] {processor.py:925} INFO - DAG(s) 'TFL_DATA_DAG' retrieved from /opt/airflow/dags/my_dag.py
[2025-04-23T00:12:23.491+0000] {logging_mixin.py:190} INFO - [2025-04-23T00:12:23.490+0000] {dag.py:3239} INFO - Sync 1 DAGs
[2025-04-23T00:12:23.505+0000] {logging_mixin.py:190} INFO - [2025-04-23T00:12:23.505+0000] {dag.py:4180} INFO - Setting next_dagrun for TFL_DATA_DAG to 2025-04-23 00:00:00+00:00, run_after=2025-04-24 00:00:00+00:00
[2025-04-23T00:12:23.522+0000] {processor.py:208} INFO - Processing /opt/airflow/dags/my_dag.py took 0.082 seconds
[2025-04-23T00:12:53.798+0000] {processor.py:186} INFO - Started process (PID=6762) to work on /opt/airflow/dags/my_dag.py
[2025-04-23T00:12:53.799+0000] {processor.py:914} INFO - Processing file /opt/airflow/dags/my_dag.py for tasks to queue
[2025-04-23T00:12:53.801+0000] {logging_mixin.py:190} INFO - [2025-04-23T00:12:53.801+0000] {dagbag.py:588} INFO - Filling up the DagBag from /opt/airflow/dags/my_dag.py
[2025-04-23T00:12:53.832+0000] {processor.py:925} INFO - DAG(s) 'TFL_DATA_DAG' retrieved from /opt/airflow/dags/my_dag.py
[2025-04-23T00:12:53.848+0000] {logging_mixin.py:190} INFO - [2025-04-23T00:12:53.848+0000] {dag.py:3239} INFO - Sync 1 DAGs
[2025-04-23T00:12:53.864+0000] {logging_mixin.py:190} INFO - [2025-04-23T00:12:53.864+0000] {dag.py:4180} INFO - Setting next_dagrun for TFL_DATA_DAG to 2025-04-23 00:00:00+00:00, run_after=2025-04-24 00:00:00+00:00
[2025-04-23T00:12:53.877+0000] {processor.py:208} INFO - Processing /opt/airflow/dags/my_dag.py took 0.083 seconds
[2025-04-23T00:13:24.095+0000] {processor.py:186} INFO - Started process (PID=6783) to work on /opt/airflow/dags/my_dag.py
[2025-04-23T00:13:24.096+0000] {processor.py:914} INFO - Processing file /opt/airflow/dags/my_dag.py for tasks to queue
[2025-04-23T00:13:24.097+0000] {logging_mixin.py:190} INFO - [2025-04-23T00:13:24.097+0000] {dagbag.py:588} INFO - Filling up the DagBag from /opt/airflow/dags/my_dag.py
[2025-04-23T00:13:24.113+0000] {processor.py:925} INFO - DAG(s) 'TFL_DATA_DAG' retrieved from /opt/airflow/dags/my_dag.py
[2025-04-23T00:13:24.127+0000] {logging_mixin.py:190} INFO - [2025-04-23T00:13:24.126+0000] {dag.py:3239} INFO - Sync 1 DAGs
[2025-04-23T00:13:24.140+0000] {logging_mixin.py:190} INFO - [2025-04-23T00:13:24.140+0000] {dag.py:4180} INFO - Setting next_dagrun for TFL_DATA_DAG to 2025-04-23 00:00:00+00:00, run_after=2025-04-24 00:00:00+00:00
[2025-04-23T00:13:24.151+0000] {processor.py:208} INFO - Processing /opt/airflow/dags/my_dag.py took 0.059 seconds
[2025-04-23T00:13:54.414+0000] {processor.py:186} INFO - Started process (PID=6804) to work on /opt/airflow/dags/my_dag.py
[2025-04-23T00:13:54.415+0000] {processor.py:914} INFO - Processing file /opt/airflow/dags/my_dag.py for tasks to queue
[2025-04-23T00:13:54.416+0000] {logging_mixin.py:190} INFO - [2025-04-23T00:13:54.416+0000] {dagbag.py:588} INFO - Filling up the DagBag from /opt/airflow/dags/my_dag.py
[2025-04-23T00:13:54.431+0000] {processor.py:925} INFO - DAG(s) 'TFL_DATA_DAG' retrieved from /opt/airflow/dags/my_dag.py
[2025-04-23T00:13:54.444+0000] {logging_mixin.py:190} INFO - [2025-04-23T00:13:54.444+0000] {dag.py:3239} INFO - Sync 1 DAGs
[2025-04-23T00:13:54.458+0000] {logging_mixin.py:190} INFO - [2025-04-23T00:13:54.458+0000] {dag.py:4180} INFO - Setting next_dagrun for TFL_DATA_DAG to 2025-04-23 00:00:00+00:00, run_after=2025-04-24 00:00:00+00:00
[2025-04-23T00:13:54.474+0000] {processor.py:208} INFO - Processing /opt/airflow/dags/my_dag.py took 0.063 seconds
[2025-04-23T00:14:24.775+0000] {processor.py:186} INFO - Started process (PID=6825) to work on /opt/airflow/dags/my_dag.py
[2025-04-23T00:14:24.776+0000] {processor.py:914} INFO - Processing file /opt/airflow/dags/my_dag.py for tasks to queue
[2025-04-23T00:14:24.778+0000] {logging_mixin.py:190} INFO - [2025-04-23T00:14:24.777+0000] {dagbag.py:588} INFO - Filling up the DagBag from /opt/airflow/dags/my_dag.py
[2025-04-23T00:14:24.807+0000] {processor.py:925} INFO - DAG(s) 'TFL_DATA_DAG' retrieved from /opt/airflow/dags/my_dag.py
[2025-04-23T00:14:24.824+0000] {logging_mixin.py:190} INFO - [2025-04-23T00:14:24.824+0000] {dag.py:3239} INFO - Sync 1 DAGs
[2025-04-23T00:14:24.839+0000] {logging_mixin.py:190} INFO - [2025-04-23T00:14:24.839+0000] {dag.py:4180} INFO - Setting next_dagrun for TFL_DATA_DAG to 2025-04-23 00:00:00+00:00, run_after=2025-04-24 00:00:00+00:00
[2025-04-23T00:14:24.851+0000] {processor.py:208} INFO - Processing /opt/airflow/dags/my_dag.py took 0.080 seconds
[2025-04-23T00:14:55.095+0000] {processor.py:186} INFO - Started process (PID=6846) to work on /opt/airflow/dags/my_dag.py
[2025-04-23T00:14:55.096+0000] {processor.py:914} INFO - Processing file /opt/airflow/dags/my_dag.py for tasks to queue
[2025-04-23T00:14:55.098+0000] {logging_mixin.py:190} INFO - [2025-04-23T00:14:55.098+0000] {dagbag.py:588} INFO - Filling up the DagBag from /opt/airflow/dags/my_dag.py
[2025-04-23T00:14:55.130+0000] {processor.py:925} INFO - DAG(s) 'TFL_DATA_DAG' retrieved from /opt/airflow/dags/my_dag.py
[2025-04-23T00:14:55.146+0000] {logging_mixin.py:190} INFO - [2025-04-23T00:14:55.146+0000] {dag.py:3239} INFO - Sync 1 DAGs
[2025-04-23T00:14:55.160+0000] {logging_mixin.py:190} INFO - [2025-04-23T00:14:55.160+0000] {dag.py:4180} INFO - Setting next_dagrun for TFL_DATA_DAG to 2025-04-23 00:00:00+00:00, run_after=2025-04-24 00:00:00+00:00
[2025-04-23T00:14:55.173+0000] {processor.py:208} INFO - Processing /opt/airflow/dags/my_dag.py took 0.083 seconds
[2025-04-23T00:15:25.470+0000] {processor.py:186} INFO - Started process (PID=6867) to work on /opt/airflow/dags/my_dag.py
[2025-04-23T00:15:25.471+0000] {processor.py:914} INFO - Processing file /opt/airflow/dags/my_dag.py for tasks to queue
[2025-04-23T00:15:25.473+0000] {logging_mixin.py:190} INFO - [2025-04-23T00:15:25.473+0000] {dagbag.py:588} INFO - Filling up the DagBag from /opt/airflow/dags/my_dag.py
[2025-04-23T00:15:25.498+0000] {processor.py:925} INFO - DAG(s) 'TFL_DATA_DAG' retrieved from /opt/airflow/dags/my_dag.py
[2025-04-23T00:15:25.511+0000] {logging_mixin.py:190} INFO - [2025-04-23T00:15:25.511+0000] {dag.py:3239} INFO - Sync 1 DAGs
[2025-04-23T00:15:25.527+0000] {logging_mixin.py:190} INFO - [2025-04-23T00:15:25.526+0000] {dag.py:4180} INFO - Setting next_dagrun for TFL_DATA_DAG to 2025-04-23 00:00:00+00:00, run_after=2025-04-24 00:00:00+00:00
[2025-04-23T00:15:25.540+0000] {processor.py:208} INFO - Processing /opt/airflow/dags/my_dag.py took 0.074 seconds
[2025-04-23T00:15:55.786+0000] {processor.py:186} INFO - Started process (PID=6888) to work on /opt/airflow/dags/my_dag.py
[2025-04-23T00:15:55.787+0000] {processor.py:914} INFO - Processing file /opt/airflow/dags/my_dag.py for tasks to queue
[2025-04-23T00:15:55.788+0000] {logging_mixin.py:190} INFO - [2025-04-23T00:15:55.788+0000] {dagbag.py:588} INFO - Filling up the DagBag from /opt/airflow/dags/my_dag.py
[2025-04-23T00:15:55.804+0000] {processor.py:925} INFO - DAG(s) 'TFL_DATA_DAG' retrieved from /opt/airflow/dags/my_dag.py
[2025-04-23T00:15:55.818+0000] {logging_mixin.py:190} INFO - [2025-04-23T00:15:55.818+0000] {dag.py:3239} INFO - Sync 1 DAGs
[2025-04-23T00:15:55.834+0000] {logging_mixin.py:190} INFO - [2025-04-23T00:15:55.834+0000] {dag.py:4180} INFO - Setting next_dagrun for TFL_DATA_DAG to 2025-04-23 00:00:00+00:00, run_after=2025-04-24 00:00:00+00:00
[2025-04-23T00:15:55.847+0000] {processor.py:208} INFO - Processing /opt/airflow/dags/my_dag.py took 0.065 seconds
[2025-04-23T00:16:26.114+0000] {processor.py:186} INFO - Started process (PID=6909) to work on /opt/airflow/dags/my_dag.py
[2025-04-23T00:16:26.116+0000] {processor.py:914} INFO - Processing file /opt/airflow/dags/my_dag.py for tasks to queue
[2025-04-23T00:16:26.117+0000] {logging_mixin.py:190} INFO - [2025-04-23T00:16:26.117+0000] {dagbag.py:588} INFO - Filling up the DagBag from /opt/airflow/dags/my_dag.py
[2025-04-23T00:16:26.146+0000] {processor.py:925} INFO - DAG(s) 'TFL_DATA_DAG' retrieved from /opt/airflow/dags/my_dag.py
[2025-04-23T00:16:26.161+0000] {logging_mixin.py:190} INFO - [2025-04-23T00:16:26.161+0000] {dag.py:3239} INFO - Sync 1 DAGs
[2025-04-23T00:16:26.177+0000] {logging_mixin.py:190} INFO - [2025-04-23T00:16:26.177+0000] {dag.py:4180} INFO - Setting next_dagrun for TFL_DATA_DAG to 2025-04-23 00:00:00+00:00, run_after=2025-04-24 00:00:00+00:00
[2025-04-23T00:16:26.188+0000] {processor.py:208} INFO - Processing /opt/airflow/dags/my_dag.py took 0.078 seconds
[2025-04-23T00:16:56.431+0000] {processor.py:186} INFO - Started process (PID=6930) to work on /opt/airflow/dags/my_dag.py
[2025-04-23T00:16:56.433+0000] {processor.py:914} INFO - Processing file /opt/airflow/dags/my_dag.py for tasks to queue
[2025-04-23T00:16:56.436+0000] {logging_mixin.py:190} INFO - [2025-04-23T00:16:56.435+0000] {dagbag.py:588} INFO - Filling up the DagBag from /opt/airflow/dags/my_dag.py
[2025-04-23T00:16:56.467+0000] {processor.py:925} INFO - DAG(s) 'TFL_DATA_DAG' retrieved from /opt/airflow/dags/my_dag.py
[2025-04-23T00:16:56.484+0000] {logging_mixin.py:190} INFO - [2025-04-23T00:16:56.484+0000] {dag.py:3239} INFO - Sync 1 DAGs
[2025-04-23T00:16:56.500+0000] {logging_mixin.py:190} INFO - [2025-04-23T00:16:56.499+0000] {dag.py:4180} INFO - Setting next_dagrun for TFL_DATA_DAG to 2025-04-23 00:00:00+00:00, run_after=2025-04-24 00:00:00+00:00
[2025-04-23T00:16:56.512+0000] {processor.py:208} INFO - Processing /opt/airflow/dags/my_dag.py took 0.088 seconds
[2025-04-23T00:17:26.732+0000] {processor.py:186} INFO - Started process (PID=6951) to work on /opt/airflow/dags/my_dag.py
[2025-04-23T00:17:26.733+0000] {processor.py:914} INFO - Processing file /opt/airflow/dags/my_dag.py for tasks to queue
[2025-04-23T00:17:26.734+0000] {logging_mixin.py:190} INFO - [2025-04-23T00:17:26.734+0000] {dagbag.py:588} INFO - Filling up the DagBag from /opt/airflow/dags/my_dag.py
[2025-04-23T00:17:26.749+0000] {processor.py:925} INFO - DAG(s) 'TFL_DATA_DAG' retrieved from /opt/airflow/dags/my_dag.py
[2025-04-23T00:17:26.763+0000] {logging_mixin.py:190} INFO - [2025-04-23T00:17:26.763+0000] {dag.py:3239} INFO - Sync 1 DAGs
[2025-04-23T00:17:26.781+0000] {logging_mixin.py:190} INFO - [2025-04-23T00:17:26.781+0000] {dag.py:4180} INFO - Setting next_dagrun for TFL_DATA_DAG to 2025-04-23 00:00:00+00:00, run_after=2025-04-24 00:00:00+00:00
[2025-04-23T00:17:26.797+0000] {processor.py:208} INFO - Processing /opt/airflow/dags/my_dag.py took 0.068 seconds
[2025-04-23T00:17:57.041+0000] {processor.py:186} INFO - Started process (PID=6972) to work on /opt/airflow/dags/my_dag.py
[2025-04-23T00:17:57.043+0000] {processor.py:914} INFO - Processing file /opt/airflow/dags/my_dag.py for tasks to queue
[2025-04-23T00:17:57.044+0000] {logging_mixin.py:190} INFO - [2025-04-23T00:17:57.044+0000] {dagbag.py:588} INFO - Filling up the DagBag from /opt/airflow/dags/my_dag.py
[2025-04-23T00:17:57.077+0000] {processor.py:925} INFO - DAG(s) 'TFL_DATA_DAG' retrieved from /opt/airflow/dags/my_dag.py
[2025-04-23T00:17:57.092+0000] {logging_mixin.py:190} INFO - [2025-04-23T00:17:57.092+0000] {dag.py:3239} INFO - Sync 1 DAGs
[2025-04-23T00:17:57.109+0000] {logging_mixin.py:190} INFO - [2025-04-23T00:17:57.109+0000] {dag.py:4180} INFO - Setting next_dagrun for TFL_DATA_DAG to 2025-04-23 00:00:00+00:00, run_after=2025-04-24 00:00:00+00:00
[2025-04-23T00:17:57.121+0000] {processor.py:208} INFO - Processing /opt/airflow/dags/my_dag.py took 0.084 seconds
[2025-04-23T00:18:27.347+0000] {processor.py:186} INFO - Started process (PID=6993) to work on /opt/airflow/dags/my_dag.py
[2025-04-23T00:18:27.349+0000] {processor.py:914} INFO - Processing file /opt/airflow/dags/my_dag.py for tasks to queue
[2025-04-23T00:18:27.351+0000] {logging_mixin.py:190} INFO - [2025-04-23T00:18:27.351+0000] {dagbag.py:588} INFO - Filling up the DagBag from /opt/airflow/dags/my_dag.py
[2025-04-23T00:18:27.393+0000] {processor.py:925} INFO - DAG(s) 'TFL_DATA_DAG' retrieved from /opt/airflow/dags/my_dag.py
[2025-04-23T00:18:27.407+0000] {logging_mixin.py:190} INFO - [2025-04-23T00:18:27.407+0000] {dag.py:3239} INFO - Sync 1 DAGs
[2025-04-23T00:18:27.422+0000] {logging_mixin.py:190} INFO - [2025-04-23T00:18:27.422+0000] {dag.py:4180} INFO - Setting next_dagrun for TFL_DATA_DAG to 2025-04-23 00:00:00+00:00, run_after=2025-04-24 00:00:00+00:00
[2025-04-23T00:18:27.434+0000] {processor.py:208} INFO - Processing /opt/airflow/dags/my_dag.py took 0.090 seconds
[2025-04-23T00:18:57.641+0000] {processor.py:186} INFO - Started process (PID=7014) to work on /opt/airflow/dags/my_dag.py
[2025-04-23T00:18:57.642+0000] {processor.py:914} INFO - Processing file /opt/airflow/dags/my_dag.py for tasks to queue
[2025-04-23T00:18:57.644+0000] {logging_mixin.py:190} INFO - [2025-04-23T00:18:57.644+0000] {dagbag.py:588} INFO - Filling up the DagBag from /opt/airflow/dags/my_dag.py
[2025-04-23T00:18:57.659+0000] {processor.py:925} INFO - DAG(s) 'TFL_DATA_DAG' retrieved from /opt/airflow/dags/my_dag.py
[2025-04-23T00:18:57.672+0000] {logging_mixin.py:190} INFO - [2025-04-23T00:18:57.672+0000] {dag.py:3239} INFO - Sync 1 DAGs
[2025-04-23T00:18:57.686+0000] {logging_mixin.py:190} INFO - [2025-04-23T00:18:57.686+0000] {dag.py:4180} INFO - Setting next_dagrun for TFL_DATA_DAG to 2025-04-23 00:00:00+00:00, run_after=2025-04-24 00:00:00+00:00
[2025-04-23T00:18:57.698+0000] {processor.py:208} INFO - Processing /opt/airflow/dags/my_dag.py took 0.061 seconds
[2025-04-23T00:19:27.994+0000] {processor.py:186} INFO - Started process (PID=7035) to work on /opt/airflow/dags/my_dag.py
[2025-04-23T00:19:27.998+0000] {processor.py:914} INFO - Processing file /opt/airflow/dags/my_dag.py for tasks to queue
[2025-04-23T00:19:28.001+0000] {logging_mixin.py:190} INFO - [2025-04-23T00:19:28.001+0000] {dagbag.py:588} INFO - Filling up the DagBag from /opt/airflow/dags/my_dag.py
[2025-04-23T00:19:28.030+0000] {processor.py:925} INFO - DAG(s) 'TFL_DATA_DAG' retrieved from /opt/airflow/dags/my_dag.py
[2025-04-23T00:19:28.049+0000] {logging_mixin.py:190} INFO - [2025-04-23T00:19:28.049+0000] {dag.py:3239} INFO - Sync 1 DAGs
[2025-04-23T00:19:28.070+0000] {logging_mixin.py:190} INFO - [2025-04-23T00:19:28.070+0000] {dag.py:4180} INFO - Setting next_dagrun for TFL_DATA_DAG to 2025-04-23 00:00:00+00:00, run_after=2025-04-24 00:00:00+00:00
[2025-04-23T00:19:28.084+0000] {processor.py:208} INFO - Processing /opt/airflow/dags/my_dag.py took 0.095 seconds
[2025-04-23T00:19:58.292+0000] {processor.py:186} INFO - Started process (PID=7056) to work on /opt/airflow/dags/my_dag.py
[2025-04-23T00:19:58.294+0000] {processor.py:914} INFO - Processing file /opt/airflow/dags/my_dag.py for tasks to queue
[2025-04-23T00:19:58.295+0000] {logging_mixin.py:190} INFO - [2025-04-23T00:19:58.295+0000] {dagbag.py:588} INFO - Filling up the DagBag from /opt/airflow/dags/my_dag.py
[2025-04-23T00:19:58.316+0000] {processor.py:925} INFO - DAG(s) 'TFL_DATA_DAG' retrieved from /opt/airflow/dags/my_dag.py
[2025-04-23T00:19:58.330+0000] {logging_mixin.py:190} INFO - [2025-04-23T00:19:58.330+0000] {dag.py:3239} INFO - Sync 1 DAGs
[2025-04-23T00:19:58.346+0000] {logging_mixin.py:190} INFO - [2025-04-23T00:19:58.346+0000] {dag.py:4180} INFO - Setting next_dagrun for TFL_DATA_DAG to 2025-04-23 00:00:00+00:00, run_after=2025-04-24 00:00:00+00:00
[2025-04-23T00:19:58.360+0000] {processor.py:208} INFO - Processing /opt/airflow/dags/my_dag.py took 0.071 seconds
[2025-04-23T00:20:28.642+0000] {processor.py:186} INFO - Started process (PID=7077) to work on /opt/airflow/dags/my_dag.py
[2025-04-23T00:20:28.644+0000] {processor.py:914} INFO - Processing file /opt/airflow/dags/my_dag.py for tasks to queue
[2025-04-23T00:20:28.645+0000] {logging_mixin.py:190} INFO - [2025-04-23T00:20:28.645+0000] {dagbag.py:588} INFO - Filling up the DagBag from /opt/airflow/dags/my_dag.py
[2025-04-23T00:20:28.677+0000] {processor.py:925} INFO - DAG(s) 'TFL_DATA_DAG' retrieved from /opt/airflow/dags/my_dag.py
[2025-04-23T00:20:28.695+0000] {logging_mixin.py:190} INFO - [2025-04-23T00:20:28.694+0000] {dag.py:3239} INFO - Sync 1 DAGs
[2025-04-23T00:20:28.711+0000] {logging_mixin.py:190} INFO - [2025-04-23T00:20:28.710+0000] {dag.py:4180} INFO - Setting next_dagrun for TFL_DATA_DAG to 2025-04-23 00:00:00+00:00, run_after=2025-04-24 00:00:00+00:00
[2025-04-23T00:20:28.724+0000] {processor.py:208} INFO - Processing /opt/airflow/dags/my_dag.py took 0.086 seconds
[2025-04-23T00:20:58.964+0000] {processor.py:186} INFO - Started process (PID=7098) to work on /opt/airflow/dags/my_dag.py
[2025-04-23T00:20:58.967+0000] {processor.py:914} INFO - Processing file /opt/airflow/dags/my_dag.py for tasks to queue
[2025-04-23T00:20:58.971+0000] {logging_mixin.py:190} INFO - [2025-04-23T00:20:58.970+0000] {dagbag.py:588} INFO - Filling up the DagBag from /opt/airflow/dags/my_dag.py
[2025-04-23T00:20:59.008+0000] {processor.py:925} INFO - DAG(s) 'TFL_DATA_DAG' retrieved from /opt/airflow/dags/my_dag.py
[2025-04-23T00:20:59.023+0000] {logging_mixin.py:190} INFO - [2025-04-23T00:20:59.023+0000] {dag.py:3239} INFO - Sync 1 DAGs
[2025-04-23T00:20:59.038+0000] {logging_mixin.py:190} INFO - [2025-04-23T00:20:59.038+0000] {dag.py:4180} INFO - Setting next_dagrun for TFL_DATA_DAG to 2025-04-23 00:00:00+00:00, run_after=2025-04-24 00:00:00+00:00
[2025-04-23T00:20:59.050+0000] {processor.py:208} INFO - Processing /opt/airflow/dags/my_dag.py took 0.093 seconds
[2025-04-23T00:21:29.303+0000] {processor.py:186} INFO - Started process (PID=7119) to work on /opt/airflow/dags/my_dag.py
[2025-04-23T00:21:29.305+0000] {processor.py:914} INFO - Processing file /opt/airflow/dags/my_dag.py for tasks to queue
[2025-04-23T00:21:29.306+0000] {logging_mixin.py:190} INFO - [2025-04-23T00:21:29.306+0000] {dagbag.py:588} INFO - Filling up the DagBag from /opt/airflow/dags/my_dag.py
[2025-04-23T00:21:29.336+0000] {processor.py:925} INFO - DAG(s) 'TFL_DATA_DAG' retrieved from /opt/airflow/dags/my_dag.py
[2025-04-23T00:21:29.351+0000] {logging_mixin.py:190} INFO - [2025-04-23T00:21:29.351+0000] {dag.py:3239} INFO - Sync 1 DAGs
[2025-04-23T00:21:29.366+0000] {logging_mixin.py:190} INFO - [2025-04-23T00:21:29.365+0000] {dag.py:4180} INFO - Setting next_dagrun for TFL_DATA_DAG to 2025-04-23 00:00:00+00:00, run_after=2025-04-24 00:00:00+00:00
[2025-04-23T00:21:29.377+0000] {processor.py:208} INFO - Processing /opt/airflow/dags/my_dag.py took 0.078 seconds
[2025-04-23T00:21:59.626+0000] {processor.py:186} INFO - Started process (PID=7140) to work on /opt/airflow/dags/my_dag.py
[2025-04-23T00:21:59.629+0000] {processor.py:914} INFO - Processing file /opt/airflow/dags/my_dag.py for tasks to queue
[2025-04-23T00:21:59.631+0000] {logging_mixin.py:190} INFO - [2025-04-23T00:21:59.631+0000] {dagbag.py:588} INFO - Filling up the DagBag from /opt/airflow/dags/my_dag.py
[2025-04-23T00:21:59.666+0000] {processor.py:925} INFO - DAG(s) 'TFL_DATA_DAG' retrieved from /opt/airflow/dags/my_dag.py
[2025-04-23T00:21:59.681+0000] {logging_mixin.py:190} INFO - [2025-04-23T00:21:59.681+0000] {dag.py:3239} INFO - Sync 1 DAGs
[2025-04-23T00:21:59.697+0000] {logging_mixin.py:190} INFO - [2025-04-23T00:21:59.697+0000] {dag.py:4180} INFO - Setting next_dagrun for TFL_DATA_DAG to 2025-04-23 00:00:00+00:00, run_after=2025-04-24 00:00:00+00:00
[2025-04-23T00:21:59.708+0000] {processor.py:208} INFO - Processing /opt/airflow/dags/my_dag.py took 0.086 seconds
[2025-04-23T00:22:29.931+0000] {processor.py:186} INFO - Started process (PID=7160) to work on /opt/airflow/dags/my_dag.py
[2025-04-23T00:22:29.932+0000] {processor.py:914} INFO - Processing file /opt/airflow/dags/my_dag.py for tasks to queue
[2025-04-23T00:22:29.933+0000] {logging_mixin.py:190} INFO - [2025-04-23T00:22:29.933+0000] {dagbag.py:588} INFO - Filling up the DagBag from /opt/airflow/dags/my_dag.py
[2025-04-23T00:22:29.955+0000] {processor.py:925} INFO - DAG(s) 'TFL_DATA_DAG' retrieved from /opt/airflow/dags/my_dag.py
[2025-04-23T00:22:29.971+0000] {logging_mixin.py:190} INFO - [2025-04-23T00:22:29.971+0000] {dag.py:3239} INFO - Sync 1 DAGs
[2025-04-23T00:22:29.988+0000] {logging_mixin.py:190} INFO - [2025-04-23T00:22:29.988+0000] {dag.py:4180} INFO - Setting next_dagrun for TFL_DATA_DAG to 2025-04-23 00:00:00+00:00, run_after=2025-04-24 00:00:00+00:00
[2025-04-23T00:22:30.000+0000] {processor.py:208} INFO - Processing /opt/airflow/dags/my_dag.py took 0.073 seconds
[2025-04-23T00:23:00.264+0000] {processor.py:186} INFO - Started process (PID=7181) to work on /opt/airflow/dags/my_dag.py
[2025-04-23T00:23:00.265+0000] {processor.py:914} INFO - Processing file /opt/airflow/dags/my_dag.py for tasks to queue
[2025-04-23T00:23:00.266+0000] {logging_mixin.py:190} INFO - [2025-04-23T00:23:00.266+0000] {dagbag.py:588} INFO - Filling up the DagBag from /opt/airflow/dags/my_dag.py
[2025-04-23T00:23:00.279+0000] {processor.py:925} INFO - DAG(s) 'TFL_DATA_DAG' retrieved from /opt/airflow/dags/my_dag.py
[2025-04-23T00:23:00.291+0000] {logging_mixin.py:190} INFO - [2025-04-23T00:23:00.291+0000] {dag.py:3239} INFO - Sync 1 DAGs
[2025-04-23T00:23:00.305+0000] {logging_mixin.py:190} INFO - [2025-04-23T00:23:00.305+0000] {dag.py:4180} INFO - Setting next_dagrun for TFL_DATA_DAG to 2025-04-23 00:00:00+00:00, run_after=2025-04-24 00:00:00+00:00
[2025-04-23T00:23:00.316+0000] {processor.py:208} INFO - Processing /opt/airflow/dags/my_dag.py took 0.056 seconds
[2025-04-23T00:23:30.709+0000] {processor.py:186} INFO - Started process (PID=7202) to work on /opt/airflow/dags/my_dag.py
[2025-04-23T00:23:30.748+0000] {processor.py:914} INFO - Processing file /opt/airflow/dags/my_dag.py for tasks to queue
[2025-04-23T00:23:30.759+0000] {logging_mixin.py:190} INFO - [2025-04-23T00:23:30.758+0000] {dagbag.py:588} INFO - Filling up the DagBag from /opt/airflow/dags/my_dag.py
[2025-04-23T00:23:30.811+0000] {processor.py:925} INFO - DAG(s) 'TFL_DATA_DAG' retrieved from /opt/airflow/dags/my_dag.py
[2025-04-23T00:23:30.825+0000] {logging_mixin.py:190} INFO - [2025-04-23T00:23:30.825+0000] {dag.py:3239} INFO - Sync 1 DAGs
[2025-04-23T00:23:30.843+0000] {logging_mixin.py:190} INFO - [2025-04-23T00:23:30.843+0000] {dag.py:4180} INFO - Setting next_dagrun for TFL_DATA_DAG to 2025-04-23 00:00:00+00:00, run_after=2025-04-24 00:00:00+00:00
[2025-04-23T00:23:30.857+0000] {processor.py:208} INFO - Processing /opt/airflow/dags/my_dag.py took 0.152 seconds
[2025-04-23T00:24:01.077+0000] {processor.py:186} INFO - Started process (PID=7223) to work on /opt/airflow/dags/my_dag.py
[2025-04-23T00:24:01.079+0000] {processor.py:914} INFO - Processing file /opt/airflow/dags/my_dag.py for tasks to queue
[2025-04-23T00:24:01.081+0000] {logging_mixin.py:190} INFO - [2025-04-23T00:24:01.081+0000] {dagbag.py:588} INFO - Filling up the DagBag from /opt/airflow/dags/my_dag.py
[2025-04-23T00:24:01.109+0000] {processor.py:925} INFO - DAG(s) 'TFL_DATA_DAG' retrieved from /opt/airflow/dags/my_dag.py
[2025-04-23T00:24:01.123+0000] {logging_mixin.py:190} INFO - [2025-04-23T00:24:01.123+0000] {dag.py:3239} INFO - Sync 1 DAGs
[2025-04-23T00:24:01.139+0000] {logging_mixin.py:190} INFO - [2025-04-23T00:24:01.138+0000] {dag.py:4180} INFO - Setting next_dagrun for TFL_DATA_DAG to 2025-04-23 00:00:00+00:00, run_after=2025-04-24 00:00:00+00:00
[2025-04-23T00:24:01.150+0000] {processor.py:208} INFO - Processing /opt/airflow/dags/my_dag.py took 0.078 seconds
[2025-04-23T00:24:31.398+0000] {processor.py:186} INFO - Started process (PID=7244) to work on /opt/airflow/dags/my_dag.py
[2025-04-23T00:24:31.400+0000] {processor.py:914} INFO - Processing file /opt/airflow/dags/my_dag.py for tasks to queue
[2025-04-23T00:24:31.402+0000] {logging_mixin.py:190} INFO - [2025-04-23T00:24:31.402+0000] {dagbag.py:588} INFO - Filling up the DagBag from /opt/airflow/dags/my_dag.py
[2025-04-23T00:24:31.431+0000] {processor.py:925} INFO - DAG(s) 'TFL_DATA_DAG' retrieved from /opt/airflow/dags/my_dag.py
[2025-04-23T00:24:31.448+0000] {logging_mixin.py:190} INFO - [2025-04-23T00:24:31.448+0000] {dag.py:3239} INFO - Sync 1 DAGs
[2025-04-23T00:24:31.466+0000] {logging_mixin.py:190} INFO - [2025-04-23T00:24:31.465+0000] {dag.py:4180} INFO - Setting next_dagrun for TFL_DATA_DAG to 2025-04-23 00:00:00+00:00, run_after=2025-04-24 00:00:00+00:00
[2025-04-23T00:24:31.479+0000] {processor.py:208} INFO - Processing /opt/airflow/dags/my_dag.py took 0.085 seconds
[2025-04-23T00:25:01.721+0000] {processor.py:186} INFO - Started process (PID=7265) to work on /opt/airflow/dags/my_dag.py
[2025-04-23T00:25:01.723+0000] {processor.py:914} INFO - Processing file /opt/airflow/dags/my_dag.py for tasks to queue
[2025-04-23T00:25:01.724+0000] {logging_mixin.py:190} INFO - [2025-04-23T00:25:01.724+0000] {dagbag.py:588} INFO - Filling up the DagBag from /opt/airflow/dags/my_dag.py
[2025-04-23T00:25:01.754+0000] {processor.py:925} INFO - DAG(s) 'TFL_DATA_DAG' retrieved from /opt/airflow/dags/my_dag.py
[2025-04-23T00:25:01.769+0000] {logging_mixin.py:190} INFO - [2025-04-23T00:25:01.769+0000] {dag.py:3239} INFO - Sync 1 DAGs
[2025-04-23T00:25:01.784+0000] {logging_mixin.py:190} INFO - [2025-04-23T00:25:01.784+0000] {dag.py:4180} INFO - Setting next_dagrun for TFL_DATA_DAG to 2025-04-23 00:00:00+00:00, run_after=2025-04-24 00:00:00+00:00
[2025-04-23T00:25:01.797+0000] {processor.py:208} INFO - Processing /opt/airflow/dags/my_dag.py took 0.080 seconds
[2025-04-23T00:25:32.116+0000] {processor.py:186} INFO - Started process (PID=7286) to work on /opt/airflow/dags/my_dag.py
[2025-04-23T00:25:32.119+0000] {processor.py:914} INFO - Processing file /opt/airflow/dags/my_dag.py for tasks to queue
[2025-04-23T00:25:32.121+0000] {logging_mixin.py:190} INFO - [2025-04-23T00:25:32.121+0000] {dagbag.py:588} INFO - Filling up the DagBag from /opt/airflow/dags/my_dag.py
[2025-04-23T00:25:32.155+0000] {processor.py:925} INFO - DAG(s) 'TFL_DATA_DAG' retrieved from /opt/airflow/dags/my_dag.py
[2025-04-23T00:25:32.172+0000] {logging_mixin.py:190} INFO - [2025-04-23T00:25:32.172+0000] {dag.py:3239} INFO - Sync 1 DAGs
[2025-04-23T00:25:32.187+0000] {logging_mixin.py:190} INFO - [2025-04-23T00:25:32.187+0000] {dag.py:4180} INFO - Setting next_dagrun for TFL_DATA_DAG to 2025-04-23 00:00:00+00:00, run_after=2025-04-24 00:00:00+00:00
[2025-04-23T00:25:32.199+0000] {processor.py:208} INFO - Processing /opt/airflow/dags/my_dag.py took 0.088 seconds
[2025-04-23T00:26:02.438+0000] {processor.py:186} INFO - Started process (PID=7307) to work on /opt/airflow/dags/my_dag.py
[2025-04-23T00:26:02.442+0000] {processor.py:914} INFO - Processing file /opt/airflow/dags/my_dag.py for tasks to queue
[2025-04-23T00:26:02.443+0000] {logging_mixin.py:190} INFO - [2025-04-23T00:26:02.443+0000] {dagbag.py:588} INFO - Filling up the DagBag from /opt/airflow/dags/my_dag.py
[2025-04-23T00:26:02.479+0000] {processor.py:925} INFO - DAG(s) 'TFL_DATA_DAG' retrieved from /opt/airflow/dags/my_dag.py
[2025-04-23T00:26:02.493+0000] {logging_mixin.py:190} INFO - [2025-04-23T00:26:02.493+0000] {dag.py:3239} INFO - Sync 1 DAGs
[2025-04-23T00:26:02.509+0000] {logging_mixin.py:190} INFO - [2025-04-23T00:26:02.509+0000] {dag.py:4180} INFO - Setting next_dagrun for TFL_DATA_DAG to 2025-04-23 00:00:00+00:00, run_after=2025-04-24 00:00:00+00:00
[2025-04-23T00:26:02.530+0000] {processor.py:208} INFO - Processing /opt/airflow/dags/my_dag.py took 0.099 seconds
[2025-04-23T00:26:32.722+0000] {processor.py:186} INFO - Started process (PID=7328) to work on /opt/airflow/dags/my_dag.py
[2025-04-23T00:26:32.723+0000] {processor.py:914} INFO - Processing file /opt/airflow/dags/my_dag.py for tasks to queue
[2025-04-23T00:26:32.725+0000] {logging_mixin.py:190} INFO - [2025-04-23T00:26:32.725+0000] {dagbag.py:588} INFO - Filling up the DagBag from /opt/airflow/dags/my_dag.py
[2025-04-23T00:26:32.742+0000] {processor.py:925} INFO - DAG(s) 'TFL_DATA_DAG' retrieved from /opt/airflow/dags/my_dag.py
[2025-04-23T00:26:32.755+0000] {logging_mixin.py:190} INFO - [2025-04-23T00:26:32.755+0000] {dag.py:3239} INFO - Sync 1 DAGs
[2025-04-23T00:26:32.769+0000] {logging_mixin.py:190} INFO - [2025-04-23T00:26:32.769+0000] {dag.py:4180} INFO - Setting next_dagrun for TFL_DATA_DAG to 2025-04-23 00:00:00+00:00, run_after=2025-04-24 00:00:00+00:00
[2025-04-23T00:26:32.780+0000] {processor.py:208} INFO - Processing /opt/airflow/dags/my_dag.py took 0.063 seconds
[2025-04-23T00:27:03.051+0000] {processor.py:186} INFO - Started process (PID=7349) to work on /opt/airflow/dags/my_dag.py
[2025-04-23T00:27:03.053+0000] {processor.py:914} INFO - Processing file /opt/airflow/dags/my_dag.py for tasks to queue
[2025-04-23T00:27:03.054+0000] {logging_mixin.py:190} INFO - [2025-04-23T00:27:03.054+0000] {dagbag.py:588} INFO - Filling up the DagBag from /opt/airflow/dags/my_dag.py
[2025-04-23T00:27:03.069+0000] {processor.py:925} INFO - DAG(s) 'TFL_DATA_DAG' retrieved from /opt/airflow/dags/my_dag.py
[2025-04-23T00:27:03.083+0000] {logging_mixin.py:190} INFO - [2025-04-23T00:27:03.083+0000] {dag.py:3239} INFO - Sync 1 DAGs
[2025-04-23T00:27:03.099+0000] {logging_mixin.py:190} INFO - [2025-04-23T00:27:03.099+0000] {dag.py:4180} INFO - Setting next_dagrun for TFL_DATA_DAG to 2025-04-23 00:00:00+00:00, run_after=2025-04-24 00:00:00+00:00
[2025-04-23T00:27:03.114+0000] {processor.py:208} INFO - Processing /opt/airflow/dags/my_dag.py took 0.066 seconds
[2025-04-23T00:27:33.346+0000] {processor.py:186} INFO - Started process (PID=7370) to work on /opt/airflow/dags/my_dag.py
[2025-04-23T00:27:33.349+0000] {processor.py:914} INFO - Processing file /opt/airflow/dags/my_dag.py for tasks to queue
[2025-04-23T00:27:33.351+0000] {logging_mixin.py:190} INFO - [2025-04-23T00:27:33.350+0000] {dagbag.py:588} INFO - Filling up the DagBag from /opt/airflow/dags/my_dag.py
[2025-04-23T00:27:33.392+0000] {processor.py:925} INFO - DAG(s) 'TFL_DATA_DAG' retrieved from /opt/airflow/dags/my_dag.py
[2025-04-23T00:27:33.407+0000] {logging_mixin.py:190} INFO - [2025-04-23T00:27:33.407+0000] {dag.py:3239} INFO - Sync 1 DAGs
[2025-04-23T00:27:33.425+0000] {logging_mixin.py:190} INFO - [2025-04-23T00:27:33.425+0000] {dag.py:4180} INFO - Setting next_dagrun for TFL_DATA_DAG to 2025-04-23 00:00:00+00:00, run_after=2025-04-24 00:00:00+00:00
[2025-04-23T00:27:33.437+0000] {processor.py:208} INFO - Processing /opt/airflow/dags/my_dag.py took 0.095 seconds
[2025-04-23T00:28:03.700+0000] {processor.py:186} INFO - Started process (PID=7391) to work on /opt/airflow/dags/my_dag.py
[2025-04-23T00:28:03.702+0000] {processor.py:914} INFO - Processing file /opt/airflow/dags/my_dag.py for tasks to queue
[2025-04-23T00:28:03.703+0000] {logging_mixin.py:190} INFO - [2025-04-23T00:28:03.703+0000] {dagbag.py:588} INFO - Filling up the DagBag from /opt/airflow/dags/my_dag.py
[2025-04-23T00:28:03.737+0000] {processor.py:925} INFO - DAG(s) 'TFL_DATA_DAG' retrieved from /opt/airflow/dags/my_dag.py
[2025-04-23T00:28:03.752+0000] {logging_mixin.py:190} INFO - [2025-04-23T00:28:03.751+0000] {dag.py:3239} INFO - Sync 1 DAGs
[2025-04-23T00:28:03.766+0000] {logging_mixin.py:190} INFO - [2025-04-23T00:28:03.766+0000] {dag.py:4180} INFO - Setting next_dagrun for TFL_DATA_DAG to 2025-04-23 00:00:00+00:00, run_after=2025-04-24 00:00:00+00:00
[2025-04-23T00:28:03.777+0000] {processor.py:208} INFO - Processing /opt/airflow/dags/my_dag.py took 0.082 seconds
[2025-04-23T00:28:33.986+0000] {processor.py:186} INFO - Started process (PID=7412) to work on /opt/airflow/dags/my_dag.py
[2025-04-23T00:28:33.989+0000] {processor.py:914} INFO - Processing file /opt/airflow/dags/my_dag.py for tasks to queue
[2025-04-23T00:28:33.992+0000] {logging_mixin.py:190} INFO - [2025-04-23T00:28:33.991+0000] {dagbag.py:588} INFO - Filling up the DagBag from /opt/airflow/dags/my_dag.py
[2025-04-23T00:28:34.023+0000] {processor.py:925} INFO - DAG(s) 'TFL_DATA_DAG' retrieved from /opt/airflow/dags/my_dag.py
[2025-04-23T00:28:34.036+0000] {logging_mixin.py:190} INFO - [2025-04-23T00:28:34.036+0000] {dag.py:3239} INFO - Sync 1 DAGs
[2025-04-23T00:28:34.052+0000] {logging_mixin.py:190} INFO - [2025-04-23T00:28:34.051+0000] {dag.py:4180} INFO - Setting next_dagrun for TFL_DATA_DAG to 2025-04-23 00:00:00+00:00, run_after=2025-04-24 00:00:00+00:00
[2025-04-23T00:28:34.064+0000] {processor.py:208} INFO - Processing /opt/airflow/dags/my_dag.py took 0.084 seconds
[2025-04-23T00:29:04.197+0000] {processor.py:186} INFO - Started process (PID=7433) to work on /opt/airflow/dags/my_dag.py
[2025-04-23T00:29:04.202+0000] {processor.py:914} INFO - Processing file /opt/airflow/dags/my_dag.py for tasks to queue
[2025-04-23T00:29:04.205+0000] {logging_mixin.py:190} INFO - [2025-04-23T00:29:04.205+0000] {dagbag.py:588} INFO - Filling up the DagBag from /opt/airflow/dags/my_dag.py
[2025-04-23T00:29:04.234+0000] {processor.py:925} INFO - DAG(s) 'TFL_DATA_DAG' retrieved from /opt/airflow/dags/my_dag.py
[2025-04-23T00:29:04.249+0000] {logging_mixin.py:190} INFO - [2025-04-23T00:29:04.249+0000] {dag.py:3239} INFO - Sync 1 DAGs
[2025-04-23T00:29:04.263+0000] {logging_mixin.py:190} INFO - [2025-04-23T00:29:04.263+0000] {dag.py:4180} INFO - Setting next_dagrun for TFL_DATA_DAG to 2025-04-23 00:00:00+00:00, run_after=2025-04-24 00:00:00+00:00
[2025-04-23T00:29:04.275+0000] {processor.py:208} INFO - Processing /opt/airflow/dags/my_dag.py took 0.085 seconds
[2025-04-23T00:29:34.499+0000] {processor.py:186} INFO - Started process (PID=7454) to work on /opt/airflow/dags/my_dag.py
[2025-04-23T00:29:34.502+0000] {processor.py:914} INFO - Processing file /opt/airflow/dags/my_dag.py for tasks to queue
[2025-04-23T00:29:34.506+0000] {logging_mixin.py:190} INFO - [2025-04-23T00:29:34.505+0000] {dagbag.py:588} INFO - Filling up the DagBag from /opt/airflow/dags/my_dag.py
[2025-04-23T00:29:34.533+0000] {processor.py:925} INFO - DAG(s) 'TFL_DATA_DAG' retrieved from /opt/airflow/dags/my_dag.py
[2025-04-23T00:29:34.547+0000] {logging_mixin.py:190} INFO - [2025-04-23T00:29:34.547+0000] {dag.py:3239} INFO - Sync 1 DAGs
[2025-04-23T00:29:34.563+0000] {logging_mixin.py:190} INFO - [2025-04-23T00:29:34.563+0000] {dag.py:4180} INFO - Setting next_dagrun for TFL_DATA_DAG to 2025-04-23 00:00:00+00:00, run_after=2025-04-24 00:00:00+00:00
[2025-04-23T00:29:34.575+0000] {processor.py:208} INFO - Processing /opt/airflow/dags/my_dag.py took 0.082 seconds
[2025-04-23T00:30:04.878+0000] {processor.py:186} INFO - Started process (PID=7475) to work on /opt/airflow/dags/my_dag.py
[2025-04-23T00:30:04.879+0000] {processor.py:914} INFO - Processing file /opt/airflow/dags/my_dag.py for tasks to queue
[2025-04-23T00:30:04.881+0000] {logging_mixin.py:190} INFO - [2025-04-23T00:30:04.880+0000] {dagbag.py:588} INFO - Filling up the DagBag from /opt/airflow/dags/my_dag.py
[2025-04-23T00:30:04.908+0000] {processor.py:925} INFO - DAG(s) 'TFL_DATA_DAG' retrieved from /opt/airflow/dags/my_dag.py
[2025-04-23T00:30:04.924+0000] {logging_mixin.py:190} INFO - [2025-04-23T00:30:04.924+0000] {dag.py:3239} INFO - Sync 1 DAGs
[2025-04-23T00:30:04.938+0000] {logging_mixin.py:190} INFO - [2025-04-23T00:30:04.938+0000] {dag.py:4180} INFO - Setting next_dagrun for TFL_DATA_DAG to 2025-04-23 00:00:00+00:00, run_after=2025-04-24 00:00:00+00:00
[2025-04-23T00:30:04.950+0000] {processor.py:208} INFO - Processing /opt/airflow/dags/my_dag.py took 0.076 seconds
[2025-04-23T00:30:35.217+0000] {processor.py:186} INFO - Started process (PID=7496) to work on /opt/airflow/dags/my_dag.py
[2025-04-23T00:30:35.219+0000] {processor.py:914} INFO - Processing file /opt/airflow/dags/my_dag.py for tasks to queue
[2025-04-23T00:30:35.220+0000] {logging_mixin.py:190} INFO - [2025-04-23T00:30:35.220+0000] {dagbag.py:588} INFO - Filling up the DagBag from /opt/airflow/dags/my_dag.py
[2025-04-23T00:30:35.250+0000] {processor.py:925} INFO - DAG(s) 'TFL_DATA_DAG' retrieved from /opt/airflow/dags/my_dag.py
[2025-04-23T00:30:35.264+0000] {logging_mixin.py:190} INFO - [2025-04-23T00:30:35.264+0000] {dag.py:3239} INFO - Sync 1 DAGs
[2025-04-23T00:30:35.279+0000] {logging_mixin.py:190} INFO - [2025-04-23T00:30:35.279+0000] {dag.py:4180} INFO - Setting next_dagrun for TFL_DATA_DAG to 2025-04-23 00:00:00+00:00, run_after=2025-04-24 00:00:00+00:00
[2025-04-23T00:30:35.292+0000] {processor.py:208} INFO - Processing /opt/airflow/dags/my_dag.py took 0.079 seconds
[2025-04-23T00:31:05.549+0000] {processor.py:186} INFO - Started process (PID=7517) to work on /opt/airflow/dags/my_dag.py
[2025-04-23T00:31:05.550+0000] {processor.py:914} INFO - Processing file /opt/airflow/dags/my_dag.py for tasks to queue
[2025-04-23T00:31:05.552+0000] {logging_mixin.py:190} INFO - [2025-04-23T00:31:05.551+0000] {dagbag.py:588} INFO - Filling up the DagBag from /opt/airflow/dags/my_dag.py
[2025-04-23T00:31:05.571+0000] {processor.py:925} INFO - DAG(s) 'TFL_DATA_DAG' retrieved from /opt/airflow/dags/my_dag.py
[2025-04-23T00:31:05.588+0000] {logging_mixin.py:190} INFO - [2025-04-23T00:31:05.588+0000] {dag.py:3239} INFO - Sync 1 DAGs
[2025-04-23T00:31:05.607+0000] {logging_mixin.py:190} INFO - [2025-04-23T00:31:05.607+0000] {dag.py:4180} INFO - Setting next_dagrun for TFL_DATA_DAG to 2025-04-23 00:00:00+00:00, run_after=2025-04-24 00:00:00+00:00
[2025-04-23T00:31:05.621+0000] {processor.py:208} INFO - Processing /opt/airflow/dags/my_dag.py took 0.076 seconds
[2025-04-23T00:31:35.834+0000] {processor.py:186} INFO - Started process (PID=7538) to work on /opt/airflow/dags/my_dag.py
[2025-04-23T00:31:35.835+0000] {processor.py:914} INFO - Processing file /opt/airflow/dags/my_dag.py for tasks to queue
[2025-04-23T00:31:35.836+0000] {logging_mixin.py:190} INFO - [2025-04-23T00:31:35.836+0000] {dagbag.py:588} INFO - Filling up the DagBag from /opt/airflow/dags/my_dag.py
[2025-04-23T00:31:35.849+0000] {processor.py:925} INFO - DAG(s) 'TFL_DATA_DAG' retrieved from /opt/airflow/dags/my_dag.py
[2025-04-23T00:31:35.864+0000] {logging_mixin.py:190} INFO - [2025-04-23T00:31:35.864+0000] {dag.py:3239} INFO - Sync 1 DAGs
[2025-04-23T00:31:35.880+0000] {logging_mixin.py:190} INFO - [2025-04-23T00:31:35.880+0000] {dag.py:4180} INFO - Setting next_dagrun for TFL_DATA_DAG to 2025-04-23 00:00:00+00:00, run_after=2025-04-24 00:00:00+00:00
[2025-04-23T00:31:35.893+0000] {processor.py:208} INFO - Processing /opt/airflow/dags/my_dag.py took 0.062 seconds
[2025-04-23T00:32:06.087+0000] {processor.py:186} INFO - Started process (PID=7559) to work on /opt/airflow/dags/my_dag.py
[2025-04-23T00:32:06.093+0000] {processor.py:914} INFO - Processing file /opt/airflow/dags/my_dag.py for tasks to queue
[2025-04-23T00:32:06.098+0000] {logging_mixin.py:190} INFO - [2025-04-23T00:32:06.097+0000] {dagbag.py:588} INFO - Filling up the DagBag from /opt/airflow/dags/my_dag.py
[2025-04-23T00:32:06.142+0000] {processor.py:925} INFO - DAG(s) 'TFL_DATA_DAG' retrieved from /opt/airflow/dags/my_dag.py
[2025-04-23T00:32:06.156+0000] {logging_mixin.py:190} INFO - [2025-04-23T00:32:06.156+0000] {dag.py:3239} INFO - Sync 1 DAGs
[2025-04-23T00:32:06.170+0000] {logging_mixin.py:190} INFO - [2025-04-23T00:32:06.170+0000] {dag.py:4180} INFO - Setting next_dagrun for TFL_DATA_DAG to 2025-04-23 00:00:00+00:00, run_after=2025-04-24 00:00:00+00:00
[2025-04-23T00:32:06.181+0000] {processor.py:208} INFO - Processing /opt/airflow/dags/my_dag.py took 0.098 seconds
[2025-04-23T00:32:36.394+0000] {processor.py:186} INFO - Started process (PID=7579) to work on /opt/airflow/dags/my_dag.py
[2025-04-23T00:32:36.395+0000] {processor.py:914} INFO - Processing file /opt/airflow/dags/my_dag.py for tasks to queue
[2025-04-23T00:32:36.396+0000] {logging_mixin.py:190} INFO - [2025-04-23T00:32:36.395+0000] {dagbag.py:588} INFO - Filling up the DagBag from /opt/airflow/dags/my_dag.py
[2025-04-23T00:32:36.411+0000] {processor.py:925} INFO - DAG(s) 'TFL_DATA_DAG' retrieved from /opt/airflow/dags/my_dag.py
[2025-04-23T00:32:36.425+0000] {logging_mixin.py:190} INFO - [2025-04-23T00:32:36.425+0000] {dag.py:3239} INFO - Sync 1 DAGs
[2025-04-23T00:32:36.441+0000] {logging_mixin.py:190} INFO - [2025-04-23T00:32:36.441+0000] {dag.py:4180} INFO - Setting next_dagrun for TFL_DATA_DAG to 2025-04-23 00:00:00+00:00, run_after=2025-04-24 00:00:00+00:00
[2025-04-23T00:32:36.451+0000] {processor.py:208} INFO - Processing /opt/airflow/dags/my_dag.py took 0.061 seconds
[2025-04-23T00:33:06.714+0000] {processor.py:186} INFO - Started process (PID=7600) to work on /opt/airflow/dags/my_dag.py
[2025-04-23T00:33:06.723+0000] {processor.py:914} INFO - Processing file /opt/airflow/dags/my_dag.py for tasks to queue
[2025-04-23T00:33:06.730+0000] {logging_mixin.py:190} INFO - [2025-04-23T00:33:06.730+0000] {dagbag.py:588} INFO - Filling up the DagBag from /opt/airflow/dags/my_dag.py
[2025-04-23T00:33:06.765+0000] {processor.py:925} INFO - DAG(s) 'TFL_DATA_DAG' retrieved from /opt/airflow/dags/my_dag.py
[2025-04-23T00:33:06.779+0000] {logging_mixin.py:190} INFO - [2025-04-23T00:33:06.779+0000] {dag.py:3239} INFO - Sync 1 DAGs
[2025-04-23T00:33:06.795+0000] {logging_mixin.py:190} INFO - [2025-04-23T00:33:06.795+0000] {dag.py:4180} INFO - Setting next_dagrun for TFL_DATA_DAG to 2025-04-23 00:00:00+00:00, run_after=2025-04-24 00:00:00+00:00
[2025-04-23T00:33:06.808+0000] {processor.py:208} INFO - Processing /opt/airflow/dags/my_dag.py took 0.101 seconds
[2025-04-23T00:33:37.047+0000] {processor.py:186} INFO - Started process (PID=7621) to work on /opt/airflow/dags/my_dag.py
[2025-04-23T00:33:37.048+0000] {processor.py:914} INFO - Processing file /opt/airflow/dags/my_dag.py for tasks to queue
[2025-04-23T00:33:37.049+0000] {logging_mixin.py:190} INFO - [2025-04-23T00:33:37.049+0000] {dagbag.py:588} INFO - Filling up the DagBag from /opt/airflow/dags/my_dag.py
[2025-04-23T00:33:37.063+0000] {processor.py:925} INFO - DAG(s) 'TFL_DATA_DAG' retrieved from /opt/airflow/dags/my_dag.py
[2025-04-23T00:33:37.076+0000] {logging_mixin.py:190} INFO - [2025-04-23T00:33:37.076+0000] {dag.py:3239} INFO - Sync 1 DAGs
[2025-04-23T00:33:37.090+0000] {logging_mixin.py:190} INFO - [2025-04-23T00:33:37.090+0000] {dag.py:4180} INFO - Setting next_dagrun for TFL_DATA_DAG to 2025-04-23 00:00:00+00:00, run_after=2025-04-24 00:00:00+00:00
[2025-04-23T00:33:37.103+0000] {processor.py:208} INFO - Processing /opt/airflow/dags/my_dag.py took 0.060 seconds
[2025-04-23T00:34:07.384+0000] {processor.py:186} INFO - Started process (PID=7642) to work on /opt/airflow/dags/my_dag.py
[2025-04-23T00:34:07.386+0000] {processor.py:914} INFO - Processing file /opt/airflow/dags/my_dag.py for tasks to queue
[2025-04-23T00:34:07.387+0000] {logging_mixin.py:190} INFO - [2025-04-23T00:34:07.387+0000] {dagbag.py:588} INFO - Filling up the DagBag from /opt/airflow/dags/my_dag.py
[2025-04-23T00:34:07.419+0000] {processor.py:925} INFO - DAG(s) 'TFL_DATA_DAG' retrieved from /opt/airflow/dags/my_dag.py
[2025-04-23T00:34:07.435+0000] {logging_mixin.py:190} INFO - [2025-04-23T00:34:07.435+0000] {dag.py:3239} INFO - Sync 1 DAGs
[2025-04-23T00:34:07.450+0000] {logging_mixin.py:190} INFO - [2025-04-23T00:34:07.450+0000] {dag.py:4180} INFO - Setting next_dagrun for TFL_DATA_DAG to 2025-04-23 00:00:00+00:00, run_after=2025-04-24 00:00:00+00:00
[2025-04-23T00:34:07.463+0000] {processor.py:208} INFO - Processing /opt/airflow/dags/my_dag.py took 0.082 seconds
[2025-04-23T00:34:37.741+0000] {processor.py:186} INFO - Started process (PID=7663) to work on /opt/airflow/dags/my_dag.py
[2025-04-23T00:34:37.743+0000] {processor.py:914} INFO - Processing file /opt/airflow/dags/my_dag.py for tasks to queue
[2025-04-23T00:34:37.745+0000] {logging_mixin.py:190} INFO - [2025-04-23T00:34:37.745+0000] {dagbag.py:588} INFO - Filling up the DagBag from /opt/airflow/dags/my_dag.py
[2025-04-23T00:34:37.780+0000] {processor.py:925} INFO - DAG(s) 'TFL_DATA_DAG' retrieved from /opt/airflow/dags/my_dag.py
[2025-04-23T00:34:37.796+0000] {logging_mixin.py:190} INFO - [2025-04-23T00:34:37.796+0000] {dag.py:3239} INFO - Sync 1 DAGs
[2025-04-23T00:34:37.812+0000] {logging_mixin.py:190} INFO - [2025-04-23T00:34:37.812+0000] {dag.py:4180} INFO - Setting next_dagrun for TFL_DATA_DAG to 2025-04-23 00:00:00+00:00, run_after=2025-04-24 00:00:00+00:00
[2025-04-23T00:34:37.824+0000] {processor.py:208} INFO - Processing /opt/airflow/dags/my_dag.py took 0.089 seconds
[2025-04-23T00:35:08.118+0000] {processor.py:186} INFO - Started process (PID=7684) to work on /opt/airflow/dags/my_dag.py
[2025-04-23T00:35:08.119+0000] {processor.py:914} INFO - Processing file /opt/airflow/dags/my_dag.py for tasks to queue
[2025-04-23T00:35:08.120+0000] {logging_mixin.py:190} INFO - [2025-04-23T00:35:08.120+0000] {dagbag.py:588} INFO - Filling up the DagBag from /opt/airflow/dags/my_dag.py
[2025-04-23T00:35:08.137+0000] {processor.py:925} INFO - DAG(s) 'TFL_DATA_DAG' retrieved from /opt/airflow/dags/my_dag.py
[2025-04-23T00:35:08.151+0000] {logging_mixin.py:190} INFO - [2025-04-23T00:35:08.151+0000] {dag.py:3239} INFO - Sync 1 DAGs
[2025-04-23T00:35:08.167+0000] {logging_mixin.py:190} INFO - [2025-04-23T00:35:08.167+0000] {dag.py:4180} INFO - Setting next_dagrun for TFL_DATA_DAG to 2025-04-23 00:00:00+00:00, run_after=2025-04-24 00:00:00+00:00
[2025-04-23T00:35:08.180+0000] {processor.py:208} INFO - Processing /opt/airflow/dags/my_dag.py took 0.065 seconds
[2025-04-23T00:35:38.438+0000] {processor.py:186} INFO - Started process (PID=7705) to work on /opt/airflow/dags/my_dag.py
[2025-04-23T00:35:38.439+0000] {processor.py:914} INFO - Processing file /opt/airflow/dags/my_dag.py for tasks to queue
[2025-04-23T00:35:38.440+0000] {logging_mixin.py:190} INFO - [2025-04-23T00:35:38.440+0000] {dagbag.py:588} INFO - Filling up the DagBag from /opt/airflow/dags/my_dag.py
[2025-04-23T00:35:38.480+0000] {processor.py:925} INFO - DAG(s) 'TFL_DATA_DAG' retrieved from /opt/airflow/dags/my_dag.py
[2025-04-23T00:35:38.495+0000] {logging_mixin.py:190} INFO - [2025-04-23T00:35:38.495+0000] {dag.py:3239} INFO - Sync 1 DAGs
[2025-04-23T00:35:38.510+0000] {logging_mixin.py:190} INFO - [2025-04-23T00:35:38.510+0000] {dag.py:4180} INFO - Setting next_dagrun for TFL_DATA_DAG to 2025-04-23 00:00:00+00:00, run_after=2025-04-24 00:00:00+00:00
[2025-04-23T00:35:38.525+0000] {processor.py:208} INFO - Processing /opt/airflow/dags/my_dag.py took 0.090 seconds
[2025-04-23T00:36:08.755+0000] {processor.py:186} INFO - Started process (PID=7726) to work on /opt/airflow/dags/my_dag.py
[2025-04-23T00:36:08.758+0000] {processor.py:914} INFO - Processing file /opt/airflow/dags/my_dag.py for tasks to queue
[2025-04-23T00:36:08.759+0000] {logging_mixin.py:190} INFO - [2025-04-23T00:36:08.759+0000] {dagbag.py:588} INFO - Filling up the DagBag from /opt/airflow/dags/my_dag.py
[2025-04-23T00:36:08.787+0000] {processor.py:925} INFO - DAG(s) 'TFL_DATA_DAG' retrieved from /opt/airflow/dags/my_dag.py
[2025-04-23T00:36:08.805+0000] {logging_mixin.py:190} INFO - [2025-04-23T00:36:08.804+0000] {dag.py:3239} INFO - Sync 1 DAGs
[2025-04-23T00:36:08.824+0000] {logging_mixin.py:190} INFO - [2025-04-23T00:36:08.824+0000] {dag.py:4180} INFO - Setting next_dagrun for TFL_DATA_DAG to 2025-04-23 00:00:00+00:00, run_after=2025-04-24 00:00:00+00:00
[2025-04-23T00:36:08.837+0000] {processor.py:208} INFO - Processing /opt/airflow/dags/my_dag.py took 0.087 seconds
[2025-04-23T00:36:39.060+0000] {processor.py:186} INFO - Started process (PID=7747) to work on /opt/airflow/dags/my_dag.py
[2025-04-23T00:36:39.061+0000] {processor.py:914} INFO - Processing file /opt/airflow/dags/my_dag.py for tasks to queue
[2025-04-23T00:36:39.063+0000] {logging_mixin.py:190} INFO - [2025-04-23T00:36:39.063+0000] {dagbag.py:588} INFO - Filling up the DagBag from /opt/airflow/dags/my_dag.py
[2025-04-23T00:36:39.089+0000] {processor.py:925} INFO - DAG(s) 'TFL_DATA_DAG' retrieved from /opt/airflow/dags/my_dag.py
[2025-04-23T00:36:39.103+0000] {logging_mixin.py:190} INFO - [2025-04-23T00:36:39.103+0000] {dag.py:3239} INFO - Sync 1 DAGs
[2025-04-23T00:36:39.119+0000] {logging_mixin.py:190} INFO - [2025-04-23T00:36:39.119+0000] {dag.py:4180} INFO - Setting next_dagrun for TFL_DATA_DAG to 2025-04-23 00:00:00+00:00, run_after=2025-04-24 00:00:00+00:00
[2025-04-23T00:36:39.132+0000] {processor.py:208} INFO - Processing /opt/airflow/dags/my_dag.py took 0.076 seconds
[2025-04-23T00:37:09.389+0000] {processor.py:186} INFO - Started process (PID=7768) to work on /opt/airflow/dags/my_dag.py
[2025-04-23T00:37:09.390+0000] {processor.py:914} INFO - Processing file /opt/airflow/dags/my_dag.py for tasks to queue
[2025-04-23T00:37:09.392+0000] {logging_mixin.py:190} INFO - [2025-04-23T00:37:09.391+0000] {dagbag.py:588} INFO - Filling up the DagBag from /opt/airflow/dags/my_dag.py
[2025-04-23T00:37:09.419+0000] {processor.py:925} INFO - DAG(s) 'TFL_DATA_DAG' retrieved from /opt/airflow/dags/my_dag.py
[2025-04-23T00:37:09.436+0000] {logging_mixin.py:190} INFO - [2025-04-23T00:37:09.435+0000] {dag.py:3239} INFO - Sync 1 DAGs
[2025-04-23T00:37:09.451+0000] {logging_mixin.py:190} INFO - [2025-04-23T00:37:09.451+0000] {dag.py:4180} INFO - Setting next_dagrun for TFL_DATA_DAG to 2025-04-23 00:00:00+00:00, run_after=2025-04-24 00:00:00+00:00
[2025-04-23T00:37:09.465+0000] {processor.py:208} INFO - Processing /opt/airflow/dags/my_dag.py took 0.081 seconds
[2025-04-23T00:37:39.686+0000] {processor.py:186} INFO - Started process (PID=7788) to work on /opt/airflow/dags/my_dag.py
[2025-04-23T00:37:39.687+0000] {processor.py:914} INFO - Processing file /opt/airflow/dags/my_dag.py for tasks to queue
[2025-04-23T00:37:39.688+0000] {logging_mixin.py:190} INFO - [2025-04-23T00:37:39.688+0000] {dagbag.py:588} INFO - Filling up the DagBag from /opt/airflow/dags/my_dag.py
[2025-04-23T00:37:39.706+0000] {processor.py:925} INFO - DAG(s) 'TFL_DATA_DAG' retrieved from /opt/airflow/dags/my_dag.py
[2025-04-23T00:37:39.724+0000] {logging_mixin.py:190} INFO - [2025-04-23T00:37:39.724+0000] {dag.py:3239} INFO - Sync 1 DAGs
[2025-04-23T00:37:39.741+0000] {logging_mixin.py:190} INFO - [2025-04-23T00:37:39.740+0000] {dag.py:4180} INFO - Setting next_dagrun for TFL_DATA_DAG to 2025-04-23 00:00:00+00:00, run_after=2025-04-24 00:00:00+00:00
[2025-04-23T00:37:39.756+0000] {processor.py:208} INFO - Processing /opt/airflow/dags/my_dag.py took 0.074 seconds
[2025-04-23T00:38:09.956+0000] {processor.py:186} INFO - Started process (PID=7809) to work on /opt/airflow/dags/my_dag.py
[2025-04-23T00:38:09.960+0000] {processor.py:914} INFO - Processing file /opt/airflow/dags/my_dag.py for tasks to queue
[2025-04-23T00:38:09.965+0000] {logging_mixin.py:190} INFO - [2025-04-23T00:38:09.965+0000] {dagbag.py:588} INFO - Filling up the DagBag from /opt/airflow/dags/my_dag.py
[2025-04-23T00:38:10.019+0000] {processor.py:925} INFO - DAG(s) 'TFL_DATA_DAG' retrieved from /opt/airflow/dags/my_dag.py
[2025-04-23T00:38:10.039+0000] {logging_mixin.py:190} INFO - [2025-04-23T00:38:10.038+0000] {dag.py:3239} INFO - Sync 1 DAGs
[2025-04-23T00:38:10.058+0000] {logging_mixin.py:190} INFO - [2025-04-23T00:38:10.058+0000] {dag.py:4180} INFO - Setting next_dagrun for TFL_DATA_DAG to 2025-04-23 00:00:00+00:00, run_after=2025-04-24 00:00:00+00:00
[2025-04-23T00:38:10.072+0000] {processor.py:208} INFO - Processing /opt/airflow/dags/my_dag.py took 0.119 seconds
[2025-04-23T00:38:40.284+0000] {processor.py:186} INFO - Started process (PID=7830) to work on /opt/airflow/dags/my_dag.py
[2025-04-23T00:38:40.287+0000] {processor.py:914} INFO - Processing file /opt/airflow/dags/my_dag.py for tasks to queue
[2025-04-23T00:38:40.290+0000] {logging_mixin.py:190} INFO - [2025-04-23T00:38:40.289+0000] {dagbag.py:588} INFO - Filling up the DagBag from /opt/airflow/dags/my_dag.py
[2025-04-23T00:38:40.329+0000] {processor.py:925} INFO - DAG(s) 'TFL_DATA_DAG' retrieved from /opt/airflow/dags/my_dag.py
[2025-04-23T00:38:40.344+0000] {logging_mixin.py:190} INFO - [2025-04-23T00:38:40.344+0000] {dag.py:3239} INFO - Sync 1 DAGs
[2025-04-23T00:38:40.361+0000] {logging_mixin.py:190} INFO - [2025-04-23T00:38:40.361+0000] {dag.py:4180} INFO - Setting next_dagrun for TFL_DATA_DAG to 2025-04-23 00:00:00+00:00, run_after=2025-04-24 00:00:00+00:00
[2025-04-23T00:38:40.374+0000] {processor.py:208} INFO - Processing /opt/airflow/dags/my_dag.py took 0.094 seconds
[2025-04-23T00:39:10.609+0000] {processor.py:186} INFO - Started process (PID=7851) to work on /opt/airflow/dags/my_dag.py
[2025-04-23T00:39:10.611+0000] {processor.py:914} INFO - Processing file /opt/airflow/dags/my_dag.py for tasks to queue
[2025-04-23T00:39:10.615+0000] {logging_mixin.py:190} INFO - [2025-04-23T00:39:10.614+0000] {dagbag.py:588} INFO - Filling up the DagBag from /opt/airflow/dags/my_dag.py
[2025-04-23T00:39:10.659+0000] {processor.py:925} INFO - DAG(s) 'TFL_DATA_DAG' retrieved from /opt/airflow/dags/my_dag.py
[2025-04-23T00:39:10.680+0000] {logging_mixin.py:190} INFO - [2025-04-23T00:39:10.680+0000] {dag.py:3239} INFO - Sync 1 DAGs
[2025-04-23T00:39:10.696+0000] {logging_mixin.py:190} INFO - [2025-04-23T00:39:10.696+0000] {dag.py:4180} INFO - Setting next_dagrun for TFL_DATA_DAG to 2025-04-23 00:00:00+00:00, run_after=2025-04-24 00:00:00+00:00
[2025-04-23T00:39:10.708+0000] {processor.py:208} INFO - Processing /opt/airflow/dags/my_dag.py took 0.107 seconds
[2025-04-23T00:39:40.897+0000] {processor.py:186} INFO - Started process (PID=7872) to work on /opt/airflow/dags/my_dag.py
[2025-04-23T00:39:40.898+0000] {processor.py:914} INFO - Processing file /opt/airflow/dags/my_dag.py for tasks to queue
[2025-04-23T00:39:40.900+0000] {logging_mixin.py:190} INFO - [2025-04-23T00:39:40.900+0000] {dagbag.py:588} INFO - Filling up the DagBag from /opt/airflow/dags/my_dag.py
[2025-04-23T00:39:40.918+0000] {processor.py:925} INFO - DAG(s) 'TFL_DATA_DAG' retrieved from /opt/airflow/dags/my_dag.py
[2025-04-23T00:39:40.935+0000] {logging_mixin.py:190} INFO - [2025-04-23T00:39:40.935+0000] {dag.py:3239} INFO - Sync 1 DAGs
[2025-04-23T00:39:40.951+0000] {logging_mixin.py:190} INFO - [2025-04-23T00:39:40.951+0000] {dag.py:4180} INFO - Setting next_dagrun for TFL_DATA_DAG to 2025-04-23 00:00:00+00:00, run_after=2025-04-24 00:00:00+00:00
[2025-04-23T00:39:40.963+0000] {processor.py:208} INFO - Processing /opt/airflow/dags/my_dag.py took 0.070 seconds
[2025-04-23T00:40:11.269+0000] {processor.py:186} INFO - Started process (PID=7893) to work on /opt/airflow/dags/my_dag.py
[2025-04-23T00:40:11.270+0000] {processor.py:914} INFO - Processing file /opt/airflow/dags/my_dag.py for tasks to queue
[2025-04-23T00:40:11.272+0000] {logging_mixin.py:190} INFO - [2025-04-23T00:40:11.271+0000] {dagbag.py:588} INFO - Filling up the DagBag from /opt/airflow/dags/my_dag.py
[2025-04-23T00:40:11.295+0000] {processor.py:925} INFO - DAG(s) 'TFL_DATA_DAG' retrieved from /opt/airflow/dags/my_dag.py
[2025-04-23T00:40:11.310+0000] {logging_mixin.py:190} INFO - [2025-04-23T00:40:11.310+0000] {dag.py:3239} INFO - Sync 1 DAGs
[2025-04-23T00:40:11.325+0000] {logging_mixin.py:190} INFO - [2025-04-23T00:40:11.325+0000] {dag.py:4180} INFO - Setting next_dagrun for TFL_DATA_DAG to 2025-04-23 00:00:00+00:00, run_after=2025-04-24 00:00:00+00:00
[2025-04-23T00:40:11.339+0000] {processor.py:208} INFO - Processing /opt/airflow/dags/my_dag.py took 0.074 seconds
[2025-04-23T00:40:41.628+0000] {processor.py:186} INFO - Started process (PID=7914) to work on /opt/airflow/dags/my_dag.py
[2025-04-23T00:40:41.629+0000] {processor.py:914} INFO - Processing file /opt/airflow/dags/my_dag.py for tasks to queue
[2025-04-23T00:40:41.632+0000] {logging_mixin.py:190} INFO - [2025-04-23T00:40:41.631+0000] {dagbag.py:588} INFO - Filling up the DagBag from /opt/airflow/dags/my_dag.py
[2025-04-23T00:40:41.664+0000] {processor.py:925} INFO - DAG(s) 'TFL_DATA_DAG' retrieved from /opt/airflow/dags/my_dag.py
[2025-04-23T00:40:41.681+0000] {logging_mixin.py:190} INFO - [2025-04-23T00:40:41.681+0000] {dag.py:3239} INFO - Sync 1 DAGs
[2025-04-23T00:40:41.698+0000] {logging_mixin.py:190} INFO - [2025-04-23T00:40:41.698+0000] {dag.py:4180} INFO - Setting next_dagrun for TFL_DATA_DAG to 2025-04-23 00:00:00+00:00, run_after=2025-04-24 00:00:00+00:00
[2025-04-23T00:40:41.711+0000] {processor.py:208} INFO - Processing /opt/airflow/dags/my_dag.py took 0.088 seconds
[2025-04-23T00:41:11.981+0000] {processor.py:186} INFO - Started process (PID=7935) to work on /opt/airflow/dags/my_dag.py
[2025-04-23T00:41:11.982+0000] {processor.py:914} INFO - Processing file /opt/airflow/dags/my_dag.py for tasks to queue
[2025-04-23T00:41:11.984+0000] {logging_mixin.py:190} INFO - [2025-04-23T00:41:11.984+0000] {dagbag.py:588} INFO - Filling up the DagBag from /opt/airflow/dags/my_dag.py
[2025-04-23T00:41:12.013+0000] {processor.py:925} INFO - DAG(s) 'TFL_DATA_DAG' retrieved from /opt/airflow/dags/my_dag.py
[2025-04-23T00:41:12.028+0000] {logging_mixin.py:190} INFO - [2025-04-23T00:41:12.028+0000] {dag.py:3239} INFO - Sync 1 DAGs
[2025-04-23T00:41:12.044+0000] {logging_mixin.py:190} INFO - [2025-04-23T00:41:12.044+0000] {dag.py:4180} INFO - Setting next_dagrun for TFL_DATA_DAG to 2025-04-23 00:00:00+00:00, run_after=2025-04-24 00:00:00+00:00
[2025-04-23T00:41:12.059+0000] {processor.py:208} INFO - Processing /opt/airflow/dags/my_dag.py took 0.082 seconds
[2025-04-23T00:41:42.290+0000] {processor.py:186} INFO - Started process (PID=7956) to work on /opt/airflow/dags/my_dag.py
[2025-04-23T00:41:42.291+0000] {processor.py:914} INFO - Processing file /opt/airflow/dags/my_dag.py for tasks to queue
[2025-04-23T00:41:42.293+0000] {logging_mixin.py:190} INFO - [2025-04-23T00:41:42.293+0000] {dagbag.py:588} INFO - Filling up the DagBag from /opt/airflow/dags/my_dag.py
[2025-04-23T00:41:42.322+0000] {processor.py:925} INFO - DAG(s) 'TFL_DATA_DAG' retrieved from /opt/airflow/dags/my_dag.py
[2025-04-23T00:41:42.338+0000] {logging_mixin.py:190} INFO - [2025-04-23T00:41:42.337+0000] {dag.py:3239} INFO - Sync 1 DAGs
[2025-04-23T00:41:42.356+0000] {logging_mixin.py:190} INFO - [2025-04-23T00:41:42.356+0000] {dag.py:4180} INFO - Setting next_dagrun for TFL_DATA_DAG to 2025-04-23 00:00:00+00:00, run_after=2025-04-24 00:00:00+00:00
[2025-04-23T00:41:42.370+0000] {processor.py:208} INFO - Processing /opt/airflow/dags/my_dag.py took 0.084 seconds
[2025-04-23T00:42:12.569+0000] {processor.py:186} INFO - Started process (PID=7977) to work on /opt/airflow/dags/my_dag.py
[2025-04-23T00:42:12.570+0000] {processor.py:914} INFO - Processing file /opt/airflow/dags/my_dag.py for tasks to queue
[2025-04-23T00:42:12.572+0000] {logging_mixin.py:190} INFO - [2025-04-23T00:42:12.572+0000] {dagbag.py:588} INFO - Filling up the DagBag from /opt/airflow/dags/my_dag.py
[2025-04-23T00:42:12.601+0000] {processor.py:925} INFO - DAG(s) 'TFL_DATA_DAG' retrieved from /opt/airflow/dags/my_dag.py
[2025-04-23T00:42:12.616+0000] {logging_mixin.py:190} INFO - [2025-04-23T00:42:12.616+0000] {dag.py:3239} INFO - Sync 1 DAGs
[2025-04-23T00:42:12.631+0000] {logging_mixin.py:190} INFO - [2025-04-23T00:42:12.631+0000] {dag.py:4180} INFO - Setting next_dagrun for TFL_DATA_DAG to 2025-04-23 00:00:00+00:00, run_after=2025-04-24 00:00:00+00:00
[2025-04-23T00:42:12.644+0000] {processor.py:208} INFO - Processing /opt/airflow/dags/my_dag.py took 0.080 seconds
[2025-04-23T00:42:42.863+0000] {processor.py:186} INFO - Started process (PID=7998) to work on /opt/airflow/dags/my_dag.py
[2025-04-23T00:42:42.864+0000] {processor.py:914} INFO - Processing file /opt/airflow/dags/my_dag.py for tasks to queue
[2025-04-23T00:42:42.865+0000] {logging_mixin.py:190} INFO - [2025-04-23T00:42:42.865+0000] {dagbag.py:588} INFO - Filling up the DagBag from /opt/airflow/dags/my_dag.py
[2025-04-23T00:42:42.880+0000] {processor.py:925} INFO - DAG(s) 'TFL_DATA_DAG' retrieved from /opt/airflow/dags/my_dag.py
[2025-04-23T00:42:42.894+0000] {logging_mixin.py:190} INFO - [2025-04-23T00:42:42.894+0000] {dag.py:3239} INFO - Sync 1 DAGs
[2025-04-23T00:42:42.908+0000] {logging_mixin.py:190} INFO - [2025-04-23T00:42:42.908+0000] {dag.py:4180} INFO - Setting next_dagrun for TFL_DATA_DAG to 2025-04-23 00:00:00+00:00, run_after=2025-04-24 00:00:00+00:00
[2025-04-23T00:42:42.923+0000] {processor.py:208} INFO - Processing /opt/airflow/dags/my_dag.py took 0.063 seconds
[2025-04-23T00:43:13.181+0000] {processor.py:186} INFO - Started process (PID=8019) to work on /opt/airflow/dags/my_dag.py
[2025-04-23T00:43:13.182+0000] {processor.py:914} INFO - Processing file /opt/airflow/dags/my_dag.py for tasks to queue
[2025-04-23T00:43:13.185+0000] {logging_mixin.py:190} INFO - [2025-04-23T00:43:13.185+0000] {dagbag.py:588} INFO - Filling up the DagBag from /opt/airflow/dags/my_dag.py
[2025-04-23T00:43:13.224+0000] {processor.py:925} INFO - DAG(s) 'TFL_DATA_DAG' retrieved from /opt/airflow/dags/my_dag.py
[2025-04-23T00:43:13.241+0000] {logging_mixin.py:190} INFO - [2025-04-23T00:43:13.241+0000] {dag.py:3239} INFO - Sync 1 DAGs
[2025-04-23T00:43:13.257+0000] {logging_mixin.py:190} INFO - [2025-04-23T00:43:13.257+0000] {dag.py:4180} INFO - Setting next_dagrun for TFL_DATA_DAG to 2025-04-23 00:00:00+00:00, run_after=2025-04-24 00:00:00+00:00
[2025-04-23T00:43:13.270+0000] {processor.py:208} INFO - Processing /opt/airflow/dags/my_dag.py took 0.094 seconds
[2025-04-23T00:43:43.515+0000] {processor.py:186} INFO - Started process (PID=8040) to work on /opt/airflow/dags/my_dag.py
[2025-04-23T00:43:43.517+0000] {processor.py:914} INFO - Processing file /opt/airflow/dags/my_dag.py for tasks to queue
[2025-04-23T00:43:43.519+0000] {logging_mixin.py:190} INFO - [2025-04-23T00:43:43.519+0000] {dagbag.py:588} INFO - Filling up the DagBag from /opt/airflow/dags/my_dag.py
[2025-04-23T00:43:43.552+0000] {processor.py:925} INFO - DAG(s) 'TFL_DATA_DAG' retrieved from /opt/airflow/dags/my_dag.py
[2025-04-23T00:43:43.567+0000] {logging_mixin.py:190} INFO - [2025-04-23T00:43:43.567+0000] {dag.py:3239} INFO - Sync 1 DAGs
[2025-04-23T00:43:43.583+0000] {logging_mixin.py:190} INFO - [2025-04-23T00:43:43.583+0000] {dag.py:4180} INFO - Setting next_dagrun for TFL_DATA_DAG to 2025-04-23 00:00:00+00:00, run_after=2025-04-24 00:00:00+00:00
[2025-04-23T00:43:43.595+0000] {processor.py:208} INFO - Processing /opt/airflow/dags/my_dag.py took 0.085 seconds
[2025-04-23T00:44:13.767+0000] {processor.py:186} INFO - Started process (PID=8061) to work on /opt/airflow/dags/my_dag.py
[2025-04-23T00:44:13.768+0000] {processor.py:914} INFO - Processing file /opt/airflow/dags/my_dag.py for tasks to queue
[2025-04-23T00:44:13.769+0000] {logging_mixin.py:190} INFO - [2025-04-23T00:44:13.769+0000] {dagbag.py:588} INFO - Filling up the DagBag from /opt/airflow/dags/my_dag.py
[2025-04-23T00:44:13.781+0000] {processor.py:925} INFO - DAG(s) 'TFL_DATA_DAG' retrieved from /opt/airflow/dags/my_dag.py
[2025-04-23T00:44:13.796+0000] {logging_mixin.py:190} INFO - [2025-04-23T00:44:13.796+0000] {dag.py:3239} INFO - Sync 1 DAGs
[2025-04-23T00:44:13.811+0000] {logging_mixin.py:190} INFO - [2025-04-23T00:44:13.811+0000] {dag.py:4180} INFO - Setting next_dagrun for TFL_DATA_DAG to 2025-04-23 00:00:00+00:00, run_after=2025-04-24 00:00:00+00:00
[2025-04-23T00:44:13.822+0000] {processor.py:208} INFO - Processing /opt/airflow/dags/my_dag.py took 0.058 seconds
[2025-04-23T00:44:44.142+0000] {processor.py:186} INFO - Started process (PID=8082) to work on /opt/airflow/dags/my_dag.py
[2025-04-23T00:44:44.143+0000] {processor.py:914} INFO - Processing file /opt/airflow/dags/my_dag.py for tasks to queue
[2025-04-23T00:44:44.146+0000] {logging_mixin.py:190} INFO - [2025-04-23T00:44:44.145+0000] {dagbag.py:588} INFO - Filling up the DagBag from /opt/airflow/dags/my_dag.py
[2025-04-23T00:44:44.175+0000] {processor.py:925} INFO - DAG(s) 'TFL_DATA_DAG' retrieved from /opt/airflow/dags/my_dag.py
[2025-04-23T00:44:44.190+0000] {logging_mixin.py:190} INFO - [2025-04-23T00:44:44.190+0000] {dag.py:3239} INFO - Sync 1 DAGs
[2025-04-23T00:44:44.206+0000] {logging_mixin.py:190} INFO - [2025-04-23T00:44:44.206+0000] {dag.py:4180} INFO - Setting next_dagrun for TFL_DATA_DAG to 2025-04-23 00:00:00+00:00, run_after=2025-04-24 00:00:00+00:00
[2025-04-23T00:44:44.219+0000] {processor.py:208} INFO - Processing /opt/airflow/dags/my_dag.py took 0.081 seconds
[2025-04-23T00:45:14.486+0000] {processor.py:186} INFO - Started process (PID=8109) to work on /opt/airflow/dags/my_dag.py
[2025-04-23T00:45:14.487+0000] {processor.py:914} INFO - Processing file /opt/airflow/dags/my_dag.py for tasks to queue
[2025-04-23T00:45:14.488+0000] {logging_mixin.py:190} INFO - [2025-04-23T00:45:14.488+0000] {dagbag.py:588} INFO - Filling up the DagBag from /opt/airflow/dags/my_dag.py
[2025-04-23T00:45:14.502+0000] {processor.py:925} INFO - DAG(s) 'TFL_DATA_DAG' retrieved from /opt/airflow/dags/my_dag.py
[2025-04-23T00:45:14.515+0000] {logging_mixin.py:190} INFO - [2025-04-23T00:45:14.515+0000] {dag.py:3239} INFO - Sync 1 DAGs
[2025-04-23T00:45:14.529+0000] {logging_mixin.py:190} INFO - [2025-04-23T00:45:14.529+0000] {dag.py:4180} INFO - Setting next_dagrun for TFL_DATA_DAG to 2025-04-23 00:00:00+00:00, run_after=2025-04-24 00:00:00+00:00
[2025-04-23T00:45:14.540+0000] {processor.py:208} INFO - Processing /opt/airflow/dags/my_dag.py took 0.057 seconds
[2025-04-23T00:45:21.557+0000] {processor.py:186} INFO - Started process (PID=8114) to work on /opt/airflow/dags/my_dag.py
[2025-04-23T00:45:21.560+0000] {processor.py:914} INFO - Processing file /opt/airflow/dags/my_dag.py for tasks to queue
[2025-04-23T00:45:21.567+0000] {logging_mixin.py:190} INFO - [2025-04-23T00:45:21.567+0000] {dagbag.py:588} INFO - Filling up the DagBag from /opt/airflow/dags/my_dag.py
[2025-04-23T00:45:21.634+0000] {logging_mixin.py:190} INFO - [2025-04-23T00:45:21.628+0000] {dagbag.py:387} ERROR - Failed to import: /opt/airflow/dags/my_dag.py
Traceback (most recent call last):
  File "/home/airflow/.local/lib/python3.12/site-packages/airflow/models/dagbag.py", line 383, in parse
    loader.exec_module(new_module)
  File "<frozen importlib._bootstrap_external>", line 999, in exec_module
  File "<frozen importlib._bootstrap>", line 488, in _call_with_frames_removed
  File "/opt/airflow/dags/my_dag.py", line 18, in <module>
    BUCKET_NAME = os.environ["BUCKET_NAME"]
                  ~~~~~~~~~~^^^^^^^^^^^^^^^
  File "<frozen os>", line 714, in __getitem__
KeyError: 'BUCKET_NAME'
[2025-04-23T00:45:21.636+0000] {processor.py:927} WARNING - No viable dags retrieved from /opt/airflow/dags/my_dag.py
[2025-04-23T00:45:21.653+0000] {processor.py:208} INFO - Processing /opt/airflow/dags/my_dag.py took 0.100 seconds
[2025-04-23T00:45:51.991+0000] {processor.py:186} INFO - Started process (PID=8135) to work on /opt/airflow/dags/my_dag.py
[2025-04-23T00:45:51.994+0000] {processor.py:914} INFO - Processing file /opt/airflow/dags/my_dag.py for tasks to queue
[2025-04-23T00:45:51.996+0000] {logging_mixin.py:190} INFO - [2025-04-23T00:45:51.996+0000] {dagbag.py:588} INFO - Filling up the DagBag from /opt/airflow/dags/my_dag.py
[2025-04-23T00:45:52.024+0000] {logging_mixin.py:190} INFO - [2025-04-23T00:45:52.020+0000] {dagbag.py:387} ERROR - Failed to import: /opt/airflow/dags/my_dag.py
Traceback (most recent call last):
  File "/home/airflow/.local/lib/python3.12/site-packages/airflow/models/dagbag.py", line 383, in parse
    loader.exec_module(new_module)
  File "<frozen importlib._bootstrap_external>", line 999, in exec_module
  File "<frozen importlib._bootstrap>", line 488, in _call_with_frames_removed
  File "/opt/airflow/dags/my_dag.py", line 18, in <module>
    BUCKET_NAME = os.environ["BUCKET_NAME"]
                  ~~~~~~~~~~^^^^^^^^^^^^^^^
  File "<frozen os>", line 714, in __getitem__
KeyError: 'BUCKET_NAME'
[2025-04-23T00:45:52.025+0000] {processor.py:927} WARNING - No viable dags retrieved from /opt/airflow/dags/my_dag.py
[2025-04-23T00:45:52.039+0000] {processor.py:208} INFO - Processing /opt/airflow/dags/my_dag.py took 0.052 seconds
[2025-04-23T00:46:22.333+0000] {processor.py:186} INFO - Started process (PID=8156) to work on /opt/airflow/dags/my_dag.py
[2025-04-23T00:46:22.334+0000] {processor.py:914} INFO - Processing file /opt/airflow/dags/my_dag.py for tasks to queue
[2025-04-23T00:46:22.336+0000] {logging_mixin.py:190} INFO - [2025-04-23T00:46:22.336+0000] {dagbag.py:588} INFO - Filling up the DagBag from /opt/airflow/dags/my_dag.py
[2025-04-23T00:46:22.360+0000] {logging_mixin.py:190} INFO - [2025-04-23T00:46:22.355+0000] {dagbag.py:387} ERROR - Failed to import: /opt/airflow/dags/my_dag.py
Traceback (most recent call last):
  File "/home/airflow/.local/lib/python3.12/site-packages/airflow/models/dagbag.py", line 383, in parse
    loader.exec_module(new_module)
  File "<frozen importlib._bootstrap_external>", line 999, in exec_module
  File "<frozen importlib._bootstrap>", line 488, in _call_with_frames_removed
  File "/opt/airflow/dags/my_dag.py", line 18, in <module>
    BUCKET_NAME = os.environ["BUCKET_NAME"]
                  ~~~~~~~~~~^^^^^^^^^^^^^^^
  File "<frozen os>", line 714, in __getitem__
KeyError: 'BUCKET_NAME'
[2025-04-23T00:46:22.361+0000] {processor.py:927} WARNING - No viable dags retrieved from /opt/airflow/dags/my_dag.py
[2025-04-23T00:46:22.374+0000] {processor.py:208} INFO - Processing /opt/airflow/dags/my_dag.py took 0.045 seconds
[2025-04-23T00:46:52.697+0000] {processor.py:186} INFO - Started process (PID=8177) to work on /opt/airflow/dags/my_dag.py
[2025-04-23T00:46:52.699+0000] {processor.py:914} INFO - Processing file /opt/airflow/dags/my_dag.py for tasks to queue
[2025-04-23T00:46:52.701+0000] {logging_mixin.py:190} INFO - [2025-04-23T00:46:52.701+0000] {dagbag.py:588} INFO - Filling up the DagBag from /opt/airflow/dags/my_dag.py
[2025-04-23T00:46:52.736+0000] {logging_mixin.py:190} INFO - [2025-04-23T00:46:52.728+0000] {dagbag.py:387} ERROR - Failed to import: /opt/airflow/dags/my_dag.py
Traceback (most recent call last):
  File "/home/airflow/.local/lib/python3.12/site-packages/airflow/models/dagbag.py", line 383, in parse
    loader.exec_module(new_module)
  File "<frozen importlib._bootstrap_external>", line 999, in exec_module
  File "<frozen importlib._bootstrap>", line 488, in _call_with_frames_removed
  File "/opt/airflow/dags/my_dag.py", line 18, in <module>
    BUCKET_NAME = os.environ["BUCKET_NAME"]
                  ~~~~~~~~~~^^^^^^^^^^^^^^^
  File "<frozen os>", line 714, in __getitem__
KeyError: 'BUCKET_NAME'
[2025-04-23T00:46:52.740+0000] {processor.py:927} WARNING - No viable dags retrieved from /opt/airflow/dags/my_dag.py
[2025-04-23T00:46:52.765+0000] {processor.py:208} INFO - Processing /opt/airflow/dags/my_dag.py took 0.076 seconds
[2025-04-23T00:47:23.055+0000] {processor.py:186} INFO - Started process (PID=8198) to work on /opt/airflow/dags/my_dag.py
[2025-04-23T00:47:23.056+0000] {processor.py:914} INFO - Processing file /opt/airflow/dags/my_dag.py for tasks to queue
[2025-04-23T00:47:23.057+0000] {logging_mixin.py:190} INFO - [2025-04-23T00:47:23.057+0000] {dagbag.py:588} INFO - Filling up the DagBag from /opt/airflow/dags/my_dag.py
[2025-04-23T00:47:23.064+0000] {logging_mixin.py:190} INFO - [2025-04-23T00:47:23.062+0000] {dagbag.py:387} ERROR - Failed to import: /opt/airflow/dags/my_dag.py
Traceback (most recent call last):
  File "/home/airflow/.local/lib/python3.12/site-packages/airflow/models/dagbag.py", line 383, in parse
    loader.exec_module(new_module)
  File "<frozen importlib._bootstrap_external>", line 999, in exec_module
  File "<frozen importlib._bootstrap>", line 488, in _call_with_frames_removed
  File "/opt/airflow/dags/my_dag.py", line 18, in <module>
    BUCKET_NAME = os.environ["BUCKET_NAME"]
                  ~~~~~~~~~~^^^^^^^^^^^^^^^
  File "<frozen os>", line 714, in __getitem__
KeyError: 'BUCKET_NAME'
[2025-04-23T00:47:23.065+0000] {processor.py:927} WARNING - No viable dags retrieved from /opt/airflow/dags/my_dag.py
[2025-04-23T00:47:23.077+0000] {processor.py:208} INFO - Processing /opt/airflow/dags/my_dag.py took 0.026 seconds
[2025-04-23T00:47:53.427+0000] {processor.py:186} INFO - Started process (PID=8219) to work on /opt/airflow/dags/my_dag.py
[2025-04-23T00:47:53.429+0000] {processor.py:914} INFO - Processing file /opt/airflow/dags/my_dag.py for tasks to queue
[2025-04-23T00:47:53.430+0000] {logging_mixin.py:190} INFO - [2025-04-23T00:47:53.430+0000] {dagbag.py:588} INFO - Filling up the DagBag from /opt/airflow/dags/my_dag.py
[2025-04-23T00:47:53.443+0000] {logging_mixin.py:190} INFO - [2025-04-23T00:47:53.437+0000] {dagbag.py:387} ERROR - Failed to import: /opt/airflow/dags/my_dag.py
Traceback (most recent call last):
  File "/home/airflow/.local/lib/python3.12/site-packages/airflow/models/dagbag.py", line 383, in parse
    loader.exec_module(new_module)
  File "<frozen importlib._bootstrap_external>", line 999, in exec_module
  File "<frozen importlib._bootstrap>", line 488, in _call_with_frames_removed
  File "/opt/airflow/dags/my_dag.py", line 18, in <module>
    BUCKET_NAME = os.environ["BUCKET_NAME"]
                  ~~~~~~~~~~^^^^^^^^^^^^^^^
  File "<frozen os>", line 714, in __getitem__
KeyError: 'BUCKET_NAME'
[2025-04-23T00:47:53.444+0000] {processor.py:927} WARNING - No viable dags retrieved from /opt/airflow/dags/my_dag.py
[2025-04-23T00:47:53.455+0000] {processor.py:208} INFO - Processing /opt/airflow/dags/my_dag.py took 0.032 seconds
[2025-04-23T00:48:23.771+0000] {processor.py:186} INFO - Started process (PID=8239) to work on /opt/airflow/dags/my_dag.py
[2025-04-23T00:48:23.772+0000] {processor.py:914} INFO - Processing file /opt/airflow/dags/my_dag.py for tasks to queue
[2025-04-23T00:48:23.773+0000] {logging_mixin.py:190} INFO - [2025-04-23T00:48:23.773+0000] {dagbag.py:588} INFO - Filling up the DagBag from /opt/airflow/dags/my_dag.py
[2025-04-23T00:48:23.781+0000] {logging_mixin.py:190} INFO - [2025-04-23T00:48:23.779+0000] {dagbag.py:387} ERROR - Failed to import: /opt/airflow/dags/my_dag.py
Traceback (most recent call last):
  File "/home/airflow/.local/lib/python3.12/site-packages/airflow/models/dagbag.py", line 383, in parse
    loader.exec_module(new_module)
  File "<frozen importlib._bootstrap_external>", line 999, in exec_module
  File "<frozen importlib._bootstrap>", line 488, in _call_with_frames_removed
  File "/opt/airflow/dags/my_dag.py", line 18, in <module>
    BUCKET_NAME = os.environ["BUCKET_NAME"]
                  ~~~~~~~~~~^^^^^^^^^^^^^^^
  File "<frozen os>", line 714, in __getitem__
KeyError: 'BUCKET_NAME'
[2025-04-23T00:48:23.784+0000] {processor.py:927} WARNING - No viable dags retrieved from /opt/airflow/dags/my_dag.py
[2025-04-23T00:48:23.797+0000] {processor.py:208} INFO - Processing /opt/airflow/dags/my_dag.py took 0.029 seconds
[2025-04-23T00:48:54.064+0000] {processor.py:186} INFO - Started process (PID=8260) to work on /opt/airflow/dags/my_dag.py
[2025-04-23T00:48:54.065+0000] {processor.py:914} INFO - Processing file /opt/airflow/dags/my_dag.py for tasks to queue
[2025-04-23T00:48:54.066+0000] {logging_mixin.py:190} INFO - [2025-04-23T00:48:54.066+0000] {dagbag.py:588} INFO - Filling up the DagBag from /opt/airflow/dags/my_dag.py
[2025-04-23T00:48:54.077+0000] {logging_mixin.py:190} INFO - [2025-04-23T00:48:54.073+0000] {dagbag.py:387} ERROR - Failed to import: /opt/airflow/dags/my_dag.py
Traceback (most recent call last):
  File "/home/airflow/.local/lib/python3.12/site-packages/airflow/models/dagbag.py", line 383, in parse
    loader.exec_module(new_module)
  File "<frozen importlib._bootstrap_external>", line 999, in exec_module
  File "<frozen importlib._bootstrap>", line 488, in _call_with_frames_removed
  File "/opt/airflow/dags/my_dag.py", line 18, in <module>
    BUCKET_NAME = os.environ["BUCKET_NAME"]
                  ~~~~~~~~~~^^^^^^^^^^^^^^^
  File "<frozen os>", line 714, in __getitem__
KeyError: 'BUCKET_NAME'
[2025-04-23T00:48:54.077+0000] {processor.py:927} WARNING - No viable dags retrieved from /opt/airflow/dags/my_dag.py
[2025-04-23T00:48:54.091+0000] {processor.py:208} INFO - Processing /opt/airflow/dags/my_dag.py took 0.031 seconds
[2025-04-23T00:49:24.342+0000] {processor.py:186} INFO - Started process (PID=8281) to work on /opt/airflow/dags/my_dag.py
[2025-04-23T00:49:24.344+0000] {processor.py:914} INFO - Processing file /opt/airflow/dags/my_dag.py for tasks to queue
[2025-04-23T00:49:24.346+0000] {logging_mixin.py:190} INFO - [2025-04-23T00:49:24.345+0000] {dagbag.py:588} INFO - Filling up the DagBag from /opt/airflow/dags/my_dag.py
[2025-04-23T00:49:24.356+0000] {logging_mixin.py:190} INFO - [2025-04-23T00:49:24.353+0000] {dagbag.py:387} ERROR - Failed to import: /opt/airflow/dags/my_dag.py
Traceback (most recent call last):
  File "/home/airflow/.local/lib/python3.12/site-packages/airflow/models/dagbag.py", line 383, in parse
    loader.exec_module(new_module)
  File "<frozen importlib._bootstrap_external>", line 999, in exec_module
  File "<frozen importlib._bootstrap>", line 488, in _call_with_frames_removed
  File "/opt/airflow/dags/my_dag.py", line 18, in <module>
    BUCKET_NAME = os.environ["BUCKET_NAME"]
                  ~~~~~~~~~~^^^^^^^^^^^^^^^
  File "<frozen os>", line 714, in __getitem__
KeyError: 'BUCKET_NAME'
[2025-04-23T00:49:24.357+0000] {processor.py:927} WARNING - No viable dags retrieved from /opt/airflow/dags/my_dag.py
[2025-04-23T00:49:24.370+0000] {processor.py:208} INFO - Processing /opt/airflow/dags/my_dag.py took 0.032 seconds
[2025-04-23T00:49:54.753+0000] {processor.py:186} INFO - Started process (PID=8302) to work on /opt/airflow/dags/my_dag.py
[2025-04-23T00:49:54.754+0000] {processor.py:914} INFO - Processing file /opt/airflow/dags/my_dag.py for tasks to queue
[2025-04-23T00:49:54.756+0000] {logging_mixin.py:190} INFO - [2025-04-23T00:49:54.755+0000] {dagbag.py:588} INFO - Filling up the DagBag from /opt/airflow/dags/my_dag.py
[2025-04-23T00:49:54.764+0000] {logging_mixin.py:190} INFO - [2025-04-23T00:49:54.761+0000] {dagbag.py:387} ERROR - Failed to import: /opt/airflow/dags/my_dag.py
Traceback (most recent call last):
  File "/home/airflow/.local/lib/python3.12/site-packages/airflow/models/dagbag.py", line 383, in parse
    loader.exec_module(new_module)
  File "<frozen importlib._bootstrap_external>", line 999, in exec_module
  File "<frozen importlib._bootstrap>", line 488, in _call_with_frames_removed
  File "/opt/airflow/dags/my_dag.py", line 18, in <module>
    BUCKET_NAME = os.environ["BUCKET_NAME"]
                  ~~~~~~~~~~^^^^^^^^^^^^^^^
  File "<frozen os>", line 714, in __getitem__
KeyError: 'BUCKET_NAME'
[2025-04-23T00:49:54.765+0000] {processor.py:927} WARNING - No viable dags retrieved from /opt/airflow/dags/my_dag.py
[2025-04-23T00:49:54.777+0000] {processor.py:208} INFO - Processing /opt/airflow/dags/my_dag.py took 0.027 seconds
[2025-04-23T00:50:25.203+0000] {processor.py:186} INFO - Started process (PID=8323) to work on /opt/airflow/dags/my_dag.py
[2025-04-23T00:50:25.204+0000] {processor.py:914} INFO - Processing file /opt/airflow/dags/my_dag.py for tasks to queue
[2025-04-23T00:50:25.206+0000] {logging_mixin.py:190} INFO - [2025-04-23T00:50:25.205+0000] {dagbag.py:588} INFO - Filling up the DagBag from /opt/airflow/dags/my_dag.py
[2025-04-23T00:50:25.214+0000] {logging_mixin.py:190} INFO - [2025-04-23T00:50:25.212+0000] {dagbag.py:387} ERROR - Failed to import: /opt/airflow/dags/my_dag.py
Traceback (most recent call last):
  File "/home/airflow/.local/lib/python3.12/site-packages/airflow/models/dagbag.py", line 383, in parse
    loader.exec_module(new_module)
  File "<frozen importlib._bootstrap_external>", line 999, in exec_module
  File "<frozen importlib._bootstrap>", line 488, in _call_with_frames_removed
  File "/opt/airflow/dags/my_dag.py", line 18, in <module>
    BUCKET_NAME = os.environ["BUCKET_NAME"]
                  ~~~~~~~~~~^^^^^^^^^^^^^^^
  File "<frozen os>", line 714, in __getitem__
KeyError: 'BUCKET_NAME'
[2025-04-23T00:50:25.215+0000] {processor.py:927} WARNING - No viable dags retrieved from /opt/airflow/dags/my_dag.py
[2025-04-23T00:50:25.227+0000] {processor.py:208} INFO - Processing /opt/airflow/dags/my_dag.py took 0.028 seconds
[2025-04-23T00:50:55.464+0000] {processor.py:186} INFO - Started process (PID=8344) to work on /opt/airflow/dags/my_dag.py
[2025-04-23T00:50:55.466+0000] {processor.py:914} INFO - Processing file /opt/airflow/dags/my_dag.py for tasks to queue
[2025-04-23T00:50:55.468+0000] {logging_mixin.py:190} INFO - [2025-04-23T00:50:55.467+0000] {dagbag.py:588} INFO - Filling up the DagBag from /opt/airflow/dags/my_dag.py
[2025-04-23T00:50:55.486+0000] {logging_mixin.py:190} INFO - [2025-04-23T00:50:55.484+0000] {dagbag.py:387} ERROR - Failed to import: /opt/airflow/dags/my_dag.py
Traceback (most recent call last):
  File "/home/airflow/.local/lib/python3.12/site-packages/airflow/models/dagbag.py", line 383, in parse
    loader.exec_module(new_module)
  File "<frozen importlib._bootstrap_external>", line 999, in exec_module
  File "<frozen importlib._bootstrap>", line 488, in _call_with_frames_removed
  File "/opt/airflow/dags/my_dag.py", line 18, in <module>
    BUCKET_NAME = os.environ["BUCKET_NAME"]
                  ~~~~~~~~~~^^^^^^^^^^^^^^^
  File "<frozen os>", line 714, in __getitem__
KeyError: 'BUCKET_NAME'
[2025-04-23T00:50:55.487+0000] {processor.py:927} WARNING - No viable dags retrieved from /opt/airflow/dags/my_dag.py
[2025-04-23T00:50:55.500+0000] {processor.py:208} INFO - Processing /opt/airflow/dags/my_dag.py took 0.039 seconds
[2025-04-23T00:51:25.833+0000] {processor.py:186} INFO - Started process (PID=8365) to work on /opt/airflow/dags/my_dag.py
[2025-04-23T00:51:25.834+0000] {processor.py:914} INFO - Processing file /opt/airflow/dags/my_dag.py for tasks to queue
[2025-04-23T00:51:25.835+0000] {logging_mixin.py:190} INFO - [2025-04-23T00:51:25.835+0000] {dagbag.py:588} INFO - Filling up the DagBag from /opt/airflow/dags/my_dag.py
[2025-04-23T00:51:25.847+0000] {logging_mixin.py:190} INFO - [2025-04-23T00:51:25.843+0000] {dagbag.py:387} ERROR - Failed to import: /opt/airflow/dags/my_dag.py
Traceback (most recent call last):
  File "/home/airflow/.local/lib/python3.12/site-packages/airflow/models/dagbag.py", line 383, in parse
    loader.exec_module(new_module)
  File "<frozen importlib._bootstrap_external>", line 999, in exec_module
  File "<frozen importlib._bootstrap>", line 488, in _call_with_frames_removed
  File "/opt/airflow/dags/my_dag.py", line 18, in <module>
    BUCKET_NAME = os.environ["BUCKET_NAME"]
                  ~~~~~~~~~~^^^^^^^^^^^^^^^
  File "<frozen os>", line 714, in __getitem__
KeyError: 'BUCKET_NAME'
[2025-04-23T00:51:25.848+0000] {processor.py:927} WARNING - No viable dags retrieved from /opt/airflow/dags/my_dag.py
[2025-04-23T00:51:25.863+0000] {processor.py:208} INFO - Processing /opt/airflow/dags/my_dag.py took 0.034 seconds
[2025-04-23T00:51:56.309+0000] {processor.py:186} INFO - Started process (PID=8386) to work on /opt/airflow/dags/my_dag.py
[2025-04-23T00:51:56.310+0000] {processor.py:914} INFO - Processing file /opt/airflow/dags/my_dag.py for tasks to queue
[2025-04-23T00:51:56.311+0000] {logging_mixin.py:190} INFO - [2025-04-23T00:51:56.311+0000] {dagbag.py:588} INFO - Filling up the DagBag from /opt/airflow/dags/my_dag.py
[2025-04-23T00:51:56.321+0000] {logging_mixin.py:190} INFO - [2025-04-23T00:51:56.319+0000] {dagbag.py:387} ERROR - Failed to import: /opt/airflow/dags/my_dag.py
Traceback (most recent call last):
  File "/home/airflow/.local/lib/python3.12/site-packages/airflow/models/dagbag.py", line 383, in parse
    loader.exec_module(new_module)
  File "<frozen importlib._bootstrap_external>", line 999, in exec_module
  File "<frozen importlib._bootstrap>", line 488, in _call_with_frames_removed
  File "/opt/airflow/dags/my_dag.py", line 18, in <module>
    BUCKET_NAME = os.environ["BUCKET_NAME"]
                  ~~~~~~~~~~^^^^^^^^^^^^^^^
  File "<frozen os>", line 714, in __getitem__
KeyError: 'BUCKET_NAME'
[2025-04-23T00:51:56.321+0000] {processor.py:927} WARNING - No viable dags retrieved from /opt/airflow/dags/my_dag.py
[2025-04-23T00:51:56.335+0000] {processor.py:208} INFO - Processing /opt/airflow/dags/my_dag.py took 0.029 seconds
[2025-04-23T00:52:26.660+0000] {processor.py:186} INFO - Started process (PID=8407) to work on /opt/airflow/dags/my_dag.py
[2025-04-23T00:52:26.661+0000] {processor.py:914} INFO - Processing file /opt/airflow/dags/my_dag.py for tasks to queue
[2025-04-23T00:52:26.662+0000] {logging_mixin.py:190} INFO - [2025-04-23T00:52:26.662+0000] {dagbag.py:588} INFO - Filling up the DagBag from /opt/airflow/dags/my_dag.py
[2025-04-23T00:52:26.674+0000] {logging_mixin.py:190} INFO - [2025-04-23T00:52:26.671+0000] {dagbag.py:387} ERROR - Failed to import: /opt/airflow/dags/my_dag.py
Traceback (most recent call last):
  File "/home/airflow/.local/lib/python3.12/site-packages/airflow/models/dagbag.py", line 383, in parse
    loader.exec_module(new_module)
  File "<frozen importlib._bootstrap_external>", line 999, in exec_module
  File "<frozen importlib._bootstrap>", line 488, in _call_with_frames_removed
  File "/opt/airflow/dags/my_dag.py", line 18, in <module>
    BUCKET_NAME = os.environ["BUCKET_NAME"]
                  ~~~~~~~~~~^^^^^^^^^^^^^^^
  File "<frozen os>", line 714, in __getitem__
KeyError: 'BUCKET_NAME'
[2025-04-23T00:52:26.675+0000] {processor.py:927} WARNING - No viable dags retrieved from /opt/airflow/dags/my_dag.py
[2025-04-23T00:52:26.687+0000] {processor.py:208} INFO - Processing /opt/airflow/dags/my_dag.py took 0.033 seconds
[2025-04-23T00:52:57.081+0000] {processor.py:186} INFO - Started process (PID=8428) to work on /opt/airflow/dags/my_dag.py
[2025-04-23T00:52:57.085+0000] {processor.py:914} INFO - Processing file /opt/airflow/dags/my_dag.py for tasks to queue
[2025-04-23T00:52:57.091+0000] {logging_mixin.py:190} INFO - [2025-04-23T00:52:57.091+0000] {dagbag.py:588} INFO - Filling up the DagBag from /opt/airflow/dags/my_dag.py
[2025-04-23T00:52:57.129+0000] {logging_mixin.py:190} INFO - [2025-04-23T00:52:57.125+0000] {dagbag.py:387} ERROR - Failed to import: /opt/airflow/dags/my_dag.py
Traceback (most recent call last):
  File "/home/airflow/.local/lib/python3.12/site-packages/airflow/models/dagbag.py", line 383, in parse
    loader.exec_module(new_module)
  File "<frozen importlib._bootstrap_external>", line 999, in exec_module
  File "<frozen importlib._bootstrap>", line 488, in _call_with_frames_removed
  File "/opt/airflow/dags/my_dag.py", line 18, in <module>
    BUCKET_NAME = os.environ["BUCKET_NAME"]
                  ~~~~~~~~~~^^^^^^^^^^^^^^^
  File "<frozen os>", line 714, in __getitem__
KeyError: 'BUCKET_NAME'
[2025-04-23T00:52:57.131+0000] {processor.py:927} WARNING - No viable dags retrieved from /opt/airflow/dags/my_dag.py
[2025-04-23T00:52:57.147+0000] {processor.py:208} INFO - Processing /opt/airflow/dags/my_dag.py took 0.073 seconds
[2025-04-23T00:53:27.434+0000] {processor.py:186} INFO - Started process (PID=8449) to work on /opt/airflow/dags/my_dag.py
[2025-04-23T00:53:27.436+0000] {processor.py:914} INFO - Processing file /opt/airflow/dags/my_dag.py for tasks to queue
[2025-04-23T00:53:27.438+0000] {logging_mixin.py:190} INFO - [2025-04-23T00:53:27.437+0000] {dagbag.py:588} INFO - Filling up the DagBag from /opt/airflow/dags/my_dag.py
[2025-04-23T00:53:27.458+0000] {logging_mixin.py:190} INFO - [2025-04-23T00:53:27.454+0000] {dagbag.py:387} ERROR - Failed to import: /opt/airflow/dags/my_dag.py
Traceback (most recent call last):
  File "/home/airflow/.local/lib/python3.12/site-packages/airflow/models/dagbag.py", line 383, in parse
    loader.exec_module(new_module)
  File "<frozen importlib._bootstrap_external>", line 999, in exec_module
  File "<frozen importlib._bootstrap>", line 488, in _call_with_frames_removed
  File "/opt/airflow/dags/my_dag.py", line 18, in <module>
    BUCKET_NAME = os.environ["BUCKET_NAME"]
                  ~~~~~~~~~~^^^^^^^^^^^^^^^
  File "<frozen os>", line 714, in __getitem__
KeyError: 'BUCKET_NAME'
[2025-04-23T00:53:27.459+0000] {processor.py:927} WARNING - No viable dags retrieved from /opt/airflow/dags/my_dag.py
[2025-04-23T00:53:27.472+0000] {processor.py:208} INFO - Processing /opt/airflow/dags/my_dag.py took 0.042 seconds
[2025-04-23T00:53:57.815+0000] {processor.py:186} INFO - Started process (PID=8470) to work on /opt/airflow/dags/my_dag.py
[2025-04-23T00:53:57.816+0000] {processor.py:914} INFO - Processing file /opt/airflow/dags/my_dag.py for tasks to queue
[2025-04-23T00:53:57.818+0000] {logging_mixin.py:190} INFO - [2025-04-23T00:53:57.817+0000] {dagbag.py:588} INFO - Filling up the DagBag from /opt/airflow/dags/my_dag.py
[2025-04-23T00:53:57.828+0000] {logging_mixin.py:190} INFO - [2025-04-23T00:53:57.825+0000] {dagbag.py:387} ERROR - Failed to import: /opt/airflow/dags/my_dag.py
Traceback (most recent call last):
  File "/home/airflow/.local/lib/python3.12/site-packages/airflow/models/dagbag.py", line 383, in parse
    loader.exec_module(new_module)
  File "<frozen importlib._bootstrap_external>", line 999, in exec_module
  File "<frozen importlib._bootstrap>", line 488, in _call_with_frames_removed
  File "/opt/airflow/dags/my_dag.py", line 18, in <module>
    BUCKET_NAME = os.environ["BUCKET_NAME"]
                  ~~~~~~~~~~^^^^^^^^^^^^^^^
  File "<frozen os>", line 714, in __getitem__
KeyError: 'BUCKET_NAME'
[2025-04-23T00:53:57.829+0000] {processor.py:927} WARNING - No viable dags retrieved from /opt/airflow/dags/my_dag.py
[2025-04-23T00:53:57.842+0000] {processor.py:208} INFO - Processing /opt/airflow/dags/my_dag.py took 0.031 seconds
[2025-04-23T00:54:28.362+0000] {processor.py:186} INFO - Started process (PID=8491) to work on /opt/airflow/dags/my_dag.py
[2025-04-23T00:54:28.363+0000] {processor.py:914} INFO - Processing file /opt/airflow/dags/my_dag.py for tasks to queue
[2025-04-23T00:54:28.364+0000] {logging_mixin.py:190} INFO - [2025-04-23T00:54:28.364+0000] {dagbag.py:588} INFO - Filling up the DagBag from /opt/airflow/dags/my_dag.py
[2025-04-23T00:54:28.375+0000] {logging_mixin.py:190} INFO - [2025-04-23T00:54:28.372+0000] {dagbag.py:387} ERROR - Failed to import: /opt/airflow/dags/my_dag.py
Traceback (most recent call last):
  File "/home/airflow/.local/lib/python3.12/site-packages/airflow/models/dagbag.py", line 383, in parse
    loader.exec_module(new_module)
  File "<frozen importlib._bootstrap_external>", line 999, in exec_module
  File "<frozen importlib._bootstrap>", line 488, in _call_with_frames_removed
  File "/opt/airflow/dags/my_dag.py", line 18, in <module>
    BUCKET_NAME = os.environ["BUCKET_NAME"]
                  ~~~~~~~~~~^^^^^^^^^^^^^^^
  File "<frozen os>", line 714, in __getitem__
KeyError: 'BUCKET_NAME'
[2025-04-23T00:54:28.376+0000] {processor.py:927} WARNING - No viable dags retrieved from /opt/airflow/dags/my_dag.py
[2025-04-23T00:54:28.492+0000] {processor.py:208} INFO - Processing /opt/airflow/dags/my_dag.py took 0.134 seconds
[2025-04-23T00:54:58.961+0000] {processor.py:186} INFO - Started process (PID=8512) to work on /opt/airflow/dags/my_dag.py
[2025-04-23T00:54:58.962+0000] {processor.py:914} INFO - Processing file /opt/airflow/dags/my_dag.py for tasks to queue
[2025-04-23T00:54:58.964+0000] {logging_mixin.py:190} INFO - [2025-04-23T00:54:58.963+0000] {dagbag.py:588} INFO - Filling up the DagBag from /opt/airflow/dags/my_dag.py
[2025-04-23T00:54:58.975+0000] {logging_mixin.py:190} INFO - [2025-04-23T00:54:58.972+0000] {dagbag.py:387} ERROR - Failed to import: /opt/airflow/dags/my_dag.py
Traceback (most recent call last):
  File "/home/airflow/.local/lib/python3.12/site-packages/airflow/models/dagbag.py", line 383, in parse
    loader.exec_module(new_module)
  File "<frozen importlib._bootstrap_external>", line 999, in exec_module
  File "<frozen importlib._bootstrap>", line 488, in _call_with_frames_removed
  File "/opt/airflow/dags/my_dag.py", line 18, in <module>
    BUCKET_NAME = os.environ["BUCKET_NAME"]
                  ~~~~~~~~~~^^^^^^^^^^^^^^^
  File "<frozen os>", line 714, in __getitem__
KeyError: 'BUCKET_NAME'
[2025-04-23T00:54:58.976+0000] {processor.py:927} WARNING - No viable dags retrieved from /opt/airflow/dags/my_dag.py
[2025-04-23T00:54:58.988+0000] {processor.py:208} INFO - Processing /opt/airflow/dags/my_dag.py took 0.031 seconds
[2025-04-23T00:55:29.461+0000] {processor.py:186} INFO - Started process (PID=8533) to work on /opt/airflow/dags/my_dag.py
[2025-04-23T00:55:29.462+0000] {processor.py:914} INFO - Processing file /opt/airflow/dags/my_dag.py for tasks to queue
[2025-04-23T00:55:29.464+0000] {logging_mixin.py:190} INFO - [2025-04-23T00:55:29.464+0000] {dagbag.py:588} INFO - Filling up the DagBag from /opt/airflow/dags/my_dag.py
[2025-04-23T00:55:29.494+0000] {logging_mixin.py:190} INFO - [2025-04-23T00:55:29.487+0000] {dagbag.py:387} ERROR - Failed to import: /opt/airflow/dags/my_dag.py
Traceback (most recent call last):
  File "/home/airflow/.local/lib/python3.12/site-packages/airflow/models/dagbag.py", line 383, in parse
    loader.exec_module(new_module)
  File "<frozen importlib._bootstrap_external>", line 999, in exec_module
  File "<frozen importlib._bootstrap>", line 488, in _call_with_frames_removed
  File "/opt/airflow/dags/my_dag.py", line 18, in <module>
    BUCKET_NAME = os.environ["BUCKET_NAME"]
                  ~~~~~~~~~~^^^^^^^^^^^^^^^
  File "<frozen os>", line 714, in __getitem__
KeyError: 'BUCKET_NAME'
[2025-04-23T00:55:29.495+0000] {processor.py:927} WARNING - No viable dags retrieved from /opt/airflow/dags/my_dag.py
[2025-04-23T00:55:29.514+0000] {processor.py:208} INFO - Processing /opt/airflow/dags/my_dag.py took 0.061 seconds
[2025-04-23T00:55:59.809+0000] {processor.py:186} INFO - Started process (PID=8554) to work on /opt/airflow/dags/my_dag.py
[2025-04-23T00:55:59.810+0000] {processor.py:914} INFO - Processing file /opt/airflow/dags/my_dag.py for tasks to queue
[2025-04-23T00:55:59.812+0000] {logging_mixin.py:190} INFO - [2025-04-23T00:55:59.811+0000] {dagbag.py:588} INFO - Filling up the DagBag from /opt/airflow/dags/my_dag.py
[2025-04-23T00:55:59.829+0000] {logging_mixin.py:190} INFO - [2025-04-23T00:55:59.823+0000] {dagbag.py:387} ERROR - Failed to import: /opt/airflow/dags/my_dag.py
Traceback (most recent call last):
  File "/home/airflow/.local/lib/python3.12/site-packages/airflow/models/dagbag.py", line 383, in parse
    loader.exec_module(new_module)
  File "<frozen importlib._bootstrap_external>", line 999, in exec_module
  File "<frozen importlib._bootstrap>", line 488, in _call_with_frames_removed
  File "/opt/airflow/dags/my_dag.py", line 18, in <module>
    BUCKET_NAME = os.environ["BUCKET_NAME"]
                  ~~~~~~~~~~^^^^^^^^^^^^^^^
  File "<frozen os>", line 714, in __getitem__
KeyError: 'BUCKET_NAME'
[2025-04-23T00:55:59.831+0000] {processor.py:927} WARNING - No viable dags retrieved from /opt/airflow/dags/my_dag.py
[2025-04-23T00:55:59.851+0000] {processor.py:208} INFO - Processing /opt/airflow/dags/my_dag.py took 0.046 seconds
[2025-04-23T00:56:30.060+0000] {processor.py:186} INFO - Started process (PID=8575) to work on /opt/airflow/dags/my_dag.py
[2025-04-23T00:56:30.061+0000] {processor.py:914} INFO - Processing file /opt/airflow/dags/my_dag.py for tasks to queue
[2025-04-23T00:56:30.063+0000] {logging_mixin.py:190} INFO - [2025-04-23T00:56:30.063+0000] {dagbag.py:588} INFO - Filling up the DagBag from /opt/airflow/dags/my_dag.py
[2025-04-23T00:56:30.074+0000] {logging_mixin.py:190} INFO - [2025-04-23T00:56:30.070+0000] {dagbag.py:387} ERROR - Failed to import: /opt/airflow/dags/my_dag.py
Traceback (most recent call last):
  File "/home/airflow/.local/lib/python3.12/site-packages/airflow/models/dagbag.py", line 383, in parse
    loader.exec_module(new_module)
  File "<frozen importlib._bootstrap_external>", line 999, in exec_module
  File "<frozen importlib._bootstrap>", line 488, in _call_with_frames_removed
  File "/opt/airflow/dags/my_dag.py", line 18, in <module>
    BUCKET_NAME = os.environ["BUCKET_NAME"]
                  ~~~~~~~~~~^^^^^^^^^^^^^^^
  File "<frozen os>", line 714, in __getitem__
KeyError: 'BUCKET_NAME'
[2025-04-23T00:56:30.074+0000] {processor.py:927} WARNING - No viable dags retrieved from /opt/airflow/dags/my_dag.py
[2025-04-23T00:56:30.087+0000] {processor.py:208} INFO - Processing /opt/airflow/dags/my_dag.py took 0.030 seconds
[2025-04-23T00:56:31.130+0000] {processor.py:186} INFO - Started process (PID=8580) to work on /opt/airflow/dags/my_dag.py
[2025-04-23T00:56:31.131+0000] {processor.py:914} INFO - Processing file /opt/airflow/dags/my_dag.py for tasks to queue
[2025-04-23T00:56:31.133+0000] {logging_mixin.py:190} INFO - [2025-04-23T00:56:31.133+0000] {dagbag.py:588} INFO - Filling up the DagBag from /opt/airflow/dags/my_dag.py
[2025-04-23T00:56:31.197+0000] {logging_mixin.py:190} INFO - [2025-04-23T00:56:31.192+0000] {dagbag.py:387} ERROR - Failed to import: /opt/airflow/dags/my_dag.py
Traceback (most recent call last):
  File "/home/airflow/.local/lib/python3.12/site-packages/airflow/models/dagbag.py", line 383, in parse
    loader.exec_module(new_module)
  File "<frozen importlib._bootstrap_external>", line 999, in exec_module
  File "<frozen importlib._bootstrap>", line 488, in _call_with_frames_removed
  File "/opt/airflow/dags/my_dag.py", line 18, in <module>
    BUCKET_NAME = os.environ["BUCKET_NAME"]
                  ~~~~~~~~~~^^^^^^^^^^^^^^^
  File "<frozen os>", line 714, in __getitem__
KeyError: 'BUCKET_NAME'
[2025-04-23T00:56:31.199+0000] {processor.py:927} WARNING - No viable dags retrieved from /opt/airflow/dags/my_dag.py
[2025-04-23T00:56:31.215+0000] {processor.py:208} INFO - Processing /opt/airflow/dags/my_dag.py took 0.089 seconds
[2025-04-23T00:57:01.427+0000] {processor.py:186} INFO - Started process (PID=8601) to work on /opt/airflow/dags/my_dag.py
[2025-04-23T00:57:01.430+0000] {processor.py:914} INFO - Processing file /opt/airflow/dags/my_dag.py for tasks to queue
[2025-04-23T00:57:01.432+0000] {logging_mixin.py:190} INFO - [2025-04-23T00:57:01.432+0000] {dagbag.py:588} INFO - Filling up the DagBag from /opt/airflow/dags/my_dag.py
[2025-04-23T00:57:01.469+0000] {logging_mixin.py:190} INFO - [2025-04-23T00:57:01.462+0000] {dagbag.py:387} ERROR - Failed to import: /opt/airflow/dags/my_dag.py
Traceback (most recent call last):
  File "/home/airflow/.local/lib/python3.12/site-packages/airflow/models/dagbag.py", line 383, in parse
    loader.exec_module(new_module)
  File "<frozen importlib._bootstrap_external>", line 999, in exec_module
  File "<frozen importlib._bootstrap>", line 488, in _call_with_frames_removed
  File "/opt/airflow/dags/my_dag.py", line 18, in <module>
    BUCKET_NAME = os.environ["BUCKET_NAME"]
                  ~~~~~~~~~~^^^^^^^^^^^^^^^
  File "<frozen os>", line 714, in __getitem__
KeyError: 'BUCKET_NAME'
[2025-04-23T00:57:01.471+0000] {processor.py:927} WARNING - No viable dags retrieved from /opt/airflow/dags/my_dag.py
[2025-04-23T00:57:01.485+0000] {processor.py:208} INFO - Processing /opt/airflow/dags/my_dag.py took 0.062 seconds
[2025-04-23T00:57:07.632+0000] {processor.py:186} INFO - Started process (PID=8616) to work on /opt/airflow/dags/my_dag.py
[2025-04-23T00:57:07.634+0000] {processor.py:914} INFO - Processing file /opt/airflow/dags/my_dag.py for tasks to queue
[2025-04-23T00:57:07.636+0000] {logging_mixin.py:190} INFO - [2025-04-23T00:57:07.636+0000] {dagbag.py:588} INFO - Filling up the DagBag from /opt/airflow/dags/my_dag.py
[2025-04-23T00:57:07.703+0000] {logging_mixin.py:190} INFO - [2025-04-23T00:57:07.694+0000] {dagbag.py:387} ERROR - Failed to import: /opt/airflow/dags/my_dag.py
Traceback (most recent call last):
  File "/home/airflow/.local/lib/python3.12/site-packages/airflow/models/dagbag.py", line 383, in parse
    loader.exec_module(new_module)
  File "<frozen importlib._bootstrap_external>", line 999, in exec_module
  File "<frozen importlib._bootstrap>", line 488, in _call_with_frames_removed
  File "/opt/airflow/dags/my_dag.py", line 18, in <module>
    BUCKET_NAME = os.environ["BUCKET_NAME"]
                  ~~~~~~~~~~^^^^^^^^^^^^^^^
  File "<frozen os>", line 714, in __getitem__
KeyError: 'BUCKET_NAME'
[2025-04-23T00:57:07.704+0000] {processor.py:927} WARNING - No viable dags retrieved from /opt/airflow/dags/my_dag.py
[2025-04-23T00:57:07.717+0000] {processor.py:208} INFO - Processing /opt/airflow/dags/my_dag.py took 0.090 seconds
[2025-04-23T00:57:37.985+0000] {processor.py:186} INFO - Started process (PID=8637) to work on /opt/airflow/dags/my_dag.py
[2025-04-23T00:57:37.987+0000] {processor.py:914} INFO - Processing file /opt/airflow/dags/my_dag.py for tasks to queue
[2025-04-23T00:57:37.989+0000] {logging_mixin.py:190} INFO - [2025-04-23T00:57:37.988+0000] {dagbag.py:588} INFO - Filling up the DagBag from /opt/airflow/dags/my_dag.py
[2025-04-23T00:57:38.016+0000] {logging_mixin.py:190} INFO - [2025-04-23T00:57:38.009+0000] {dagbag.py:387} ERROR - Failed to import: /opt/airflow/dags/my_dag.py
Traceback (most recent call last):
  File "/home/airflow/.local/lib/python3.12/site-packages/airflow/models/dagbag.py", line 383, in parse
    loader.exec_module(new_module)
  File "<frozen importlib._bootstrap_external>", line 999, in exec_module
  File "<frozen importlib._bootstrap>", line 488, in _call_with_frames_removed
  File "/opt/airflow/dags/my_dag.py", line 18, in <module>
    BUCKET_NAME = os.environ["BUCKET_NAME"]
                  ~~~~~~~~~~^^^^^^^^^^^^^^^
  File "<frozen os>", line 714, in __getitem__
KeyError: 'BUCKET_NAME'
[2025-04-23T00:57:38.017+0000] {processor.py:927} WARNING - No viable dags retrieved from /opt/airflow/dags/my_dag.py
[2025-04-23T00:57:38.029+0000] {processor.py:208} INFO - Processing /opt/airflow/dags/my_dag.py took 0.049 seconds
[2025-04-23T00:58:08.306+0000] {processor.py:186} INFO - Started process (PID=8658) to work on /opt/airflow/dags/my_dag.py
[2025-04-23T00:58:08.309+0000] {processor.py:914} INFO - Processing file /opt/airflow/dags/my_dag.py for tasks to queue
[2025-04-23T00:58:08.311+0000] {logging_mixin.py:190} INFO - [2025-04-23T00:58:08.311+0000] {dagbag.py:588} INFO - Filling up the DagBag from /opt/airflow/dags/my_dag.py
[2025-04-23T00:58:08.341+0000] {logging_mixin.py:190} INFO - [2025-04-23T00:58:08.334+0000] {dagbag.py:387} ERROR - Failed to import: /opt/airflow/dags/my_dag.py
Traceback (most recent call last):
  File "/home/airflow/.local/lib/python3.12/site-packages/airflow/models/dagbag.py", line 383, in parse
    loader.exec_module(new_module)
  File "<frozen importlib._bootstrap_external>", line 999, in exec_module
  File "<frozen importlib._bootstrap>", line 488, in _call_with_frames_removed
  File "/opt/airflow/dags/my_dag.py", line 18, in <module>
    BUCKET_NAME = os.environ["BUCKET_NAME"]
                  ~~~~~~~~~~^^^^^^^^^^^^^^^
  File "<frozen os>", line 714, in __getitem__
KeyError: 'BUCKET_NAME'
[2025-04-23T00:58:08.343+0000] {processor.py:927} WARNING - No viable dags retrieved from /opt/airflow/dags/my_dag.py
[2025-04-23T00:58:08.356+0000] {processor.py:208} INFO - Processing /opt/airflow/dags/my_dag.py took 0.055 seconds
[2025-04-23T00:58:13.371+0000] {processor.py:186} INFO - Started process (PID=8663) to work on /opt/airflow/dags/my_dag.py
[2025-04-23T00:58:13.373+0000] {processor.py:914} INFO - Processing file /opt/airflow/dags/my_dag.py for tasks to queue
[2025-04-23T00:58:13.376+0000] {logging_mixin.py:190} INFO - [2025-04-23T00:58:13.375+0000] {dagbag.py:588} INFO - Filling up the DagBag from /opt/airflow/dags/my_dag.py
[2025-04-23T00:58:13.489+0000] {processor.py:925} INFO - DAG(s) 'TFL_DATA_DAG' retrieved from /opt/airflow/dags/my_dag.py
[2025-04-23T00:58:13.590+0000] {logging_mixin.py:190} INFO - [2025-04-23T00:58:13.589+0000] {dag.py:3239} INFO - Sync 1 DAGs
[2025-04-23T00:58:13.604+0000] {logging_mixin.py:190} INFO - [2025-04-23T00:58:13.604+0000] {dag.py:4180} INFO - Setting next_dagrun for TFL_DATA_DAG to 2025-04-23 00:00:00+00:00, run_after=2025-04-24 00:00:00+00:00
[2025-04-23T00:58:13.626+0000] {processor.py:208} INFO - Processing /opt/airflow/dags/my_dag.py took 0.265 seconds
[2025-04-23T00:58:23.510+0000] {processor.py:186} INFO - Started process (PID=8674) to work on /opt/airflow/dags/my_dag.py
[2025-04-23T00:58:23.511+0000] {processor.py:914} INFO - Processing file /opt/airflow/dags/my_dag.py for tasks to queue
[2025-04-23T00:58:23.513+0000] {logging_mixin.py:190} INFO - [2025-04-23T00:58:23.513+0000] {dagbag.py:588} INFO - Filling up the DagBag from /opt/airflow/dags/my_dag.py
[2025-04-23T00:58:23.598+0000] {logging_mixin.py:190} INFO - [2025-04-23T00:58:23.590+0000] {dagbag.py:387} ERROR - Failed to import: /opt/airflow/dags/my_dag.py
Traceback (most recent call last):
  File "/home/airflow/.local/lib/python3.12/site-packages/airflow/models/dagbag.py", line 383, in parse
    loader.exec_module(new_module)
  File "<frozen importlib._bootstrap_external>", line 999, in exec_module
  File "<frozen importlib._bootstrap>", line 488, in _call_with_frames_removed
  File "/opt/airflow/dags/my_dag.py", line 18, in <module>
    BUCKET_NAME = os.environ["BUCKET_NAME"]
                  ~~~~~~~~~~^^^^^^^^^^^^^^^
  File "<frozen os>", line 714, in __getitem__
KeyError: 'BUCKET_NAME'
[2025-04-23T00:58:23.604+0000] {processor.py:927} WARNING - No viable dags retrieved from /opt/airflow/dags/my_dag.py
[2025-04-23T00:58:23.622+0000] {processor.py:208} INFO - Processing /opt/airflow/dags/my_dag.py took 0.119 seconds
[2025-04-23T00:58:51.721+0000] {processor.py:186} INFO - Started process (PID=195) to work on /opt/airflow/dags/my_dag.py
[2025-04-23T00:58:51.722+0000] {processor.py:914} INFO - Processing file /opt/airflow/dags/my_dag.py for tasks to queue
[2025-04-23T00:58:51.725+0000] {logging_mixin.py:190} INFO - [2025-04-23T00:58:51.725+0000] {dagbag.py:588} INFO - Filling up the DagBag from /opt/airflow/dags/my_dag.py
[2025-04-23T00:58:51.754+0000] {logging_mixin.py:190} INFO - [2025-04-23T00:58:51.746+0000] {dagbag.py:387} ERROR - Failed to import: /opt/airflow/dags/my_dag.py
Traceback (most recent call last):
  File "/home/airflow/.local/lib/python3.12/site-packages/airflow/models/dagbag.py", line 383, in parse
    loader.exec_module(new_module)
  File "<frozen importlib._bootstrap_external>", line 999, in exec_module
  File "<frozen importlib._bootstrap>", line 488, in _call_with_frames_removed
  File "/opt/airflow/dags/my_dag.py", line 8, in <module>
    from airflow_ingestion import get_stop_point_metadata, get_timetable#, get_stops_for_line
    ^^^^^^^^^^^^^^^^^^^^^^^^^^^^^^^^^^^^^^^^^^^^^^^^^^^^^^^^^^^^^^^^^^^^
ImportError: cannot import name 'get_stop_point_metadata' from 'airflow_ingestion' (/opt/airflow/plugins/airflow_ingestion.py)
[2025-04-23T00:58:51.755+0000] {processor.py:927} WARNING - No viable dags retrieved from /opt/airflow/dags/my_dag.py
[2025-04-23T00:58:51.772+0000] {processor.py:208} INFO - Processing /opt/airflow/dags/my_dag.py took 0.056 seconds
[2025-04-23T00:59:22.065+0000] {processor.py:186} INFO - Started process (PID=216) to work on /opt/airflow/dags/my_dag.py
[2025-04-23T00:59:22.067+0000] {processor.py:914} INFO - Processing file /opt/airflow/dags/my_dag.py for tasks to queue
[2025-04-23T00:59:22.072+0000] {logging_mixin.py:190} INFO - [2025-04-23T00:59:22.071+0000] {dagbag.py:588} INFO - Filling up the DagBag from /opt/airflow/dags/my_dag.py
[2025-04-23T00:59:22.104+0000] {logging_mixin.py:190} INFO - [2025-04-23T00:59:22.097+0000] {dagbag.py:387} ERROR - Failed to import: /opt/airflow/dags/my_dag.py
Traceback (most recent call last):
  File "/home/airflow/.local/lib/python3.12/site-packages/airflow/models/dagbag.py", line 383, in parse
    loader.exec_module(new_module)
  File "<frozen importlib._bootstrap_external>", line 999, in exec_module
  File "<frozen importlib._bootstrap>", line 488, in _call_with_frames_removed
  File "/opt/airflow/dags/my_dag.py", line 8, in <module>
    from airflow_ingestion import get_stop_point_metadata, get_timetable#, get_stops_for_line
    ^^^^^^^^^^^^^^^^^^^^^^^^^^^^^^^^^^^^^^^^^^^^^^^^^^^^^^^^^^^^^^^^^^^^
ImportError: cannot import name 'get_stop_point_metadata' from 'airflow_ingestion' (/opt/airflow/plugins/airflow_ingestion.py)
[2025-04-23T00:59:22.105+0000] {processor.py:927} WARNING - No viable dags retrieved from /opt/airflow/dags/my_dag.py
[2025-04-23T00:59:22.118+0000] {processor.py:208} INFO - Processing /opt/airflow/dags/my_dag.py took 0.057 seconds
[2025-04-23T00:59:52.449+0000] {processor.py:186} INFO - Started process (PID=237) to work on /opt/airflow/dags/my_dag.py
[2025-04-23T00:59:52.450+0000] {processor.py:914} INFO - Processing file /opt/airflow/dags/my_dag.py for tasks to queue
[2025-04-23T00:59:52.452+0000] {logging_mixin.py:190} INFO - [2025-04-23T00:59:52.452+0000] {dagbag.py:588} INFO - Filling up the DagBag from /opt/airflow/dags/my_dag.py
[2025-04-23T00:59:52.479+0000] {logging_mixin.py:190} INFO - [2025-04-23T00:59:52.472+0000] {dagbag.py:387} ERROR - Failed to import: /opt/airflow/dags/my_dag.py
Traceback (most recent call last):
  File "/home/airflow/.local/lib/python3.12/site-packages/airflow/models/dagbag.py", line 383, in parse
    loader.exec_module(new_module)
  File "<frozen importlib._bootstrap_external>", line 999, in exec_module
  File "<frozen importlib._bootstrap>", line 488, in _call_with_frames_removed
  File "/opt/airflow/dags/my_dag.py", line 8, in <module>
    from airflow_ingestion import get_stop_point_metadata, get_timetable#, get_stops_for_line
    ^^^^^^^^^^^^^^^^^^^^^^^^^^^^^^^^^^^^^^^^^^^^^^^^^^^^^^^^^^^^^^^^^^^^
ImportError: cannot import name 'get_stop_point_metadata' from 'airflow_ingestion' (/opt/airflow/plugins/airflow_ingestion.py)
[2025-04-23T00:59:52.480+0000] {processor.py:927} WARNING - No viable dags retrieved from /opt/airflow/dags/my_dag.py
[2025-04-23T00:59:52.496+0000] {processor.py:208} INFO - Processing /opt/airflow/dags/my_dag.py took 0.051 seconds
[2025-04-23T01:00:22.786+0000] {processor.py:186} INFO - Started process (PID=258) to work on /opt/airflow/dags/my_dag.py
[2025-04-23T01:00:22.788+0000] {processor.py:914} INFO - Processing file /opt/airflow/dags/my_dag.py for tasks to queue
[2025-04-23T01:00:22.789+0000] {logging_mixin.py:190} INFO - [2025-04-23T01:00:22.789+0000] {dagbag.py:588} INFO - Filling up the DagBag from /opt/airflow/dags/my_dag.py
[2025-04-23T01:00:22.818+0000] {logging_mixin.py:190} INFO - [2025-04-23T01:00:22.811+0000] {dagbag.py:387} ERROR - Failed to import: /opt/airflow/dags/my_dag.py
Traceback (most recent call last):
  File "/home/airflow/.local/lib/python3.12/site-packages/airflow/models/dagbag.py", line 383, in parse
    loader.exec_module(new_module)
  File "<frozen importlib._bootstrap_external>", line 999, in exec_module
  File "<frozen importlib._bootstrap>", line 488, in _call_with_frames_removed
  File "/opt/airflow/dags/my_dag.py", line 8, in <module>
    from airflow_ingestion import get_stop_point_metadata, get_timetable#, get_stops_for_line
    ^^^^^^^^^^^^^^^^^^^^^^^^^^^^^^^^^^^^^^^^^^^^^^^^^^^^^^^^^^^^^^^^^^^^
ImportError: cannot import name 'get_stop_point_metadata' from 'airflow_ingestion' (/opt/airflow/plugins/airflow_ingestion.py)
[2025-04-23T01:00:22.819+0000] {processor.py:927} WARNING - No viable dags retrieved from /opt/airflow/dags/my_dag.py
[2025-04-23T01:00:22.835+0000] {processor.py:208} INFO - Processing /opt/airflow/dags/my_dag.py took 0.052 seconds
[2025-04-23T01:00:53.128+0000] {processor.py:186} INFO - Started process (PID=279) to work on /opt/airflow/dags/my_dag.py
[2025-04-23T01:00:53.132+0000] {processor.py:914} INFO - Processing file /opt/airflow/dags/my_dag.py for tasks to queue
[2025-04-23T01:00:53.133+0000] {logging_mixin.py:190} INFO - [2025-04-23T01:00:53.133+0000] {dagbag.py:588} INFO - Filling up the DagBag from /opt/airflow/dags/my_dag.py
[2025-04-23T01:00:53.161+0000] {logging_mixin.py:190} INFO - [2025-04-23T01:00:53.153+0000] {dagbag.py:387} ERROR - Failed to import: /opt/airflow/dags/my_dag.py
Traceback (most recent call last):
  File "/home/airflow/.local/lib/python3.12/site-packages/airflow/models/dagbag.py", line 383, in parse
    loader.exec_module(new_module)
  File "<frozen importlib._bootstrap_external>", line 999, in exec_module
  File "<frozen importlib._bootstrap>", line 488, in _call_with_frames_removed
  File "/opt/airflow/dags/my_dag.py", line 8, in <module>
    from airflow_ingestion import get_stop_point_metadata, get_timetable#, get_stops_for_line
    ^^^^^^^^^^^^^^^^^^^^^^^^^^^^^^^^^^^^^^^^^^^^^^^^^^^^^^^^^^^^^^^^^^^^
ImportError: cannot import name 'get_stop_point_metadata' from 'airflow_ingestion' (/opt/airflow/plugins/airflow_ingestion.py)
[2025-04-23T01:00:53.163+0000] {processor.py:927} WARNING - No viable dags retrieved from /opt/airflow/dags/my_dag.py
[2025-04-23T01:00:53.177+0000] {processor.py:208} INFO - Processing /opt/airflow/dags/my_dag.py took 0.055 seconds
[2025-04-23T01:01:23.484+0000] {processor.py:186} INFO - Started process (PID=300) to work on /opt/airflow/dags/my_dag.py
[2025-04-23T01:01:23.486+0000] {processor.py:914} INFO - Processing file /opt/airflow/dags/my_dag.py for tasks to queue
[2025-04-23T01:01:23.489+0000] {logging_mixin.py:190} INFO - [2025-04-23T01:01:23.488+0000] {dagbag.py:588} INFO - Filling up the DagBag from /opt/airflow/dags/my_dag.py
[2025-04-23T01:01:23.516+0000] {logging_mixin.py:190} INFO - [2025-04-23T01:01:23.509+0000] {dagbag.py:387} ERROR - Failed to import: /opt/airflow/dags/my_dag.py
Traceback (most recent call last):
  File "/home/airflow/.local/lib/python3.12/site-packages/airflow/models/dagbag.py", line 383, in parse
    loader.exec_module(new_module)
  File "<frozen importlib._bootstrap_external>", line 999, in exec_module
  File "<frozen importlib._bootstrap>", line 488, in _call_with_frames_removed
  File "/opt/airflow/dags/my_dag.py", line 8, in <module>
    from airflow_ingestion import get_stop_point_metadata, get_timetable#, get_stops_for_line
    ^^^^^^^^^^^^^^^^^^^^^^^^^^^^^^^^^^^^^^^^^^^^^^^^^^^^^^^^^^^^^^^^^^^^
ImportError: cannot import name 'get_stop_point_metadata' from 'airflow_ingestion' (/opt/airflow/plugins/airflow_ingestion.py)
[2025-04-23T01:01:23.518+0000] {processor.py:927} WARNING - No viable dags retrieved from /opt/airflow/dags/my_dag.py
[2025-04-23T01:01:23.533+0000] {processor.py:208} INFO - Processing /opt/airflow/dags/my_dag.py took 0.053 seconds
[2025-04-23T01:01:53.816+0000] {processor.py:186} INFO - Started process (PID=321) to work on /opt/airflow/dags/my_dag.py
[2025-04-23T01:01:53.817+0000] {processor.py:914} INFO - Processing file /opt/airflow/dags/my_dag.py for tasks to queue
[2025-04-23T01:01:53.817+0000] {logging_mixin.py:190} INFO - [2025-04-23T01:01:53.817+0000] {dagbag.py:588} INFO - Filling up the DagBag from /opt/airflow/dags/my_dag.py
[2025-04-23T01:01:53.826+0000] {logging_mixin.py:190} INFO - [2025-04-23T01:01:53.824+0000] {dagbag.py:387} ERROR - Failed to import: /opt/airflow/dags/my_dag.py
Traceback (most recent call last):
  File "/home/airflow/.local/lib/python3.12/site-packages/airflow/models/dagbag.py", line 383, in parse
    loader.exec_module(new_module)
  File "<frozen importlib._bootstrap_external>", line 999, in exec_module
  File "<frozen importlib._bootstrap>", line 488, in _call_with_frames_removed
  File "/opt/airflow/dags/my_dag.py", line 8, in <module>
    from airflow_ingestion import get_stop_point_metadata, get_timetable#, get_stops_for_line
    ^^^^^^^^^^^^^^^^^^^^^^^^^^^^^^^^^^^^^^^^^^^^^^^^^^^^^^^^^^^^^^^^^^^^
ImportError: cannot import name 'get_stop_point_metadata' from 'airflow_ingestion' (/opt/airflow/plugins/airflow_ingestion.py)
[2025-04-23T01:01:53.828+0000] {processor.py:927} WARNING - No viable dags retrieved from /opt/airflow/dags/my_dag.py
[2025-04-23T01:01:53.841+0000] {processor.py:208} INFO - Processing /opt/airflow/dags/my_dag.py took 0.028 seconds
[2025-04-23T01:02:24.152+0000] {processor.py:186} INFO - Started process (PID=342) to work on /opt/airflow/dags/my_dag.py
[2025-04-23T01:02:24.154+0000] {processor.py:914} INFO - Processing file /opt/airflow/dags/my_dag.py for tasks to queue
[2025-04-23T01:02:24.156+0000] {logging_mixin.py:190} INFO - [2025-04-23T01:02:24.156+0000] {dagbag.py:588} INFO - Filling up the DagBag from /opt/airflow/dags/my_dag.py
[2025-04-23T01:02:24.185+0000] {logging_mixin.py:190} INFO - [2025-04-23T01:02:24.179+0000] {dagbag.py:387} ERROR - Failed to import: /opt/airflow/dags/my_dag.py
Traceback (most recent call last):
  File "/home/airflow/.local/lib/python3.12/site-packages/airflow/models/dagbag.py", line 383, in parse
    loader.exec_module(new_module)
  File "<frozen importlib._bootstrap_external>", line 999, in exec_module
  File "<frozen importlib._bootstrap>", line 488, in _call_with_frames_removed
  File "/opt/airflow/dags/my_dag.py", line 8, in <module>
    from airflow_ingestion import get_stop_point_metadata, get_timetable#, get_stops_for_line
    ^^^^^^^^^^^^^^^^^^^^^^^^^^^^^^^^^^^^^^^^^^^^^^^^^^^^^^^^^^^^^^^^^^^^
ImportError: cannot import name 'get_stop_point_metadata' from 'airflow_ingestion' (/opt/airflow/plugins/airflow_ingestion.py)
[2025-04-23T01:02:24.186+0000] {processor.py:927} WARNING - No viable dags retrieved from /opt/airflow/dags/my_dag.py
[2025-04-23T01:02:24.202+0000] {processor.py:208} INFO - Processing /opt/airflow/dags/my_dag.py took 0.054 seconds
[2025-04-23T01:02:54.531+0000] {processor.py:186} INFO - Started process (PID=362) to work on /opt/airflow/dags/my_dag.py
[2025-04-23T01:02:54.532+0000] {processor.py:914} INFO - Processing file /opt/airflow/dags/my_dag.py for tasks to queue
[2025-04-23T01:02:54.533+0000] {logging_mixin.py:190} INFO - [2025-04-23T01:02:54.533+0000] {dagbag.py:588} INFO - Filling up the DagBag from /opt/airflow/dags/my_dag.py
[2025-04-23T01:02:54.543+0000] {logging_mixin.py:190} INFO - [2025-04-23T01:02:54.541+0000] {dagbag.py:387} ERROR - Failed to import: /opt/airflow/dags/my_dag.py
Traceback (most recent call last):
  File "/home/airflow/.local/lib/python3.12/site-packages/airflow/models/dagbag.py", line 383, in parse
    loader.exec_module(new_module)
  File "<frozen importlib._bootstrap_external>", line 999, in exec_module
  File "<frozen importlib._bootstrap>", line 488, in _call_with_frames_removed
  File "/opt/airflow/dags/my_dag.py", line 8, in <module>
    from airflow_ingestion import get_stop_point_metadata, get_timetable#, get_stops_for_line
    ^^^^^^^^^^^^^^^^^^^^^^^^^^^^^^^^^^^^^^^^^^^^^^^^^^^^^^^^^^^^^^^^^^^^
ImportError: cannot import name 'get_stop_point_metadata' from 'airflow_ingestion' (/opt/airflow/plugins/airflow_ingestion.py)
[2025-04-23T01:02:54.544+0000] {processor.py:927} WARNING - No viable dags retrieved from /opt/airflow/dags/my_dag.py
[2025-04-23T01:02:54.558+0000] {processor.py:208} INFO - Processing /opt/airflow/dags/my_dag.py took 0.033 seconds
[2025-04-23T01:03:24.812+0000] {processor.py:186} INFO - Started process (PID=383) to work on /opt/airflow/dags/my_dag.py
[2025-04-23T01:03:24.815+0000] {processor.py:914} INFO - Processing file /opt/airflow/dags/my_dag.py for tasks to queue
[2025-04-23T01:03:24.819+0000] {logging_mixin.py:190} INFO - [2025-04-23T01:03:24.818+0000] {dagbag.py:588} INFO - Filling up the DagBag from /opt/airflow/dags/my_dag.py
[2025-04-23T01:03:24.846+0000] {logging_mixin.py:190} INFO - [2025-04-23T01:03:24.838+0000] {dagbag.py:387} ERROR - Failed to import: /opt/airflow/dags/my_dag.py
Traceback (most recent call last):
  File "/home/airflow/.local/lib/python3.12/site-packages/airflow/models/dagbag.py", line 383, in parse
    loader.exec_module(new_module)
  File "<frozen importlib._bootstrap_external>", line 999, in exec_module
  File "<frozen importlib._bootstrap>", line 488, in _call_with_frames_removed
  File "/opt/airflow/dags/my_dag.py", line 8, in <module>
    from airflow_ingestion import get_stop_point_metadata, get_timetable#, get_stops_for_line
    ^^^^^^^^^^^^^^^^^^^^^^^^^^^^^^^^^^^^^^^^^^^^^^^^^^^^^^^^^^^^^^^^^^^^
ImportError: cannot import name 'get_stop_point_metadata' from 'airflow_ingestion' (/opt/airflow/plugins/airflow_ingestion.py)
[2025-04-23T01:03:24.852+0000] {processor.py:927} WARNING - No viable dags retrieved from /opt/airflow/dags/my_dag.py
[2025-04-23T01:03:24.867+0000] {processor.py:208} INFO - Processing /opt/airflow/dags/my_dag.py took 0.058 seconds
[2025-04-23T01:03:39.479+0000] {processor.py:186} INFO - Started process (PID=188) to work on /opt/airflow/dags/my_dag.py
[2025-04-23T01:03:39.481+0000] {processor.py:914} INFO - Processing file /opt/airflow/dags/my_dag.py for tasks to queue
[2025-04-23T01:03:39.484+0000] {logging_mixin.py:190} INFO - [2025-04-23T01:03:39.483+0000] {dagbag.py:588} INFO - Filling up the DagBag from /opt/airflow/dags/my_dag.py
[2025-04-23T01:03:39.507+0000] {logging_mixin.py:190} INFO - [2025-04-23T01:03:39.500+0000] {dagbag.py:387} ERROR - Failed to import: /opt/airflow/dags/my_dag.py
Traceback (most recent call last):
  File "/home/airflow/.local/lib/python3.12/site-packages/airflow/models/dagbag.py", line 383, in parse
    loader.exec_module(new_module)
  File "<frozen importlib._bootstrap_external>", line 999, in exec_module
  File "<frozen importlib._bootstrap>", line 488, in _call_with_frames_removed
  File "/opt/airflow/dags/my_dag.py", line 8, in <module>
    from airflow_ingestion import get_stop_point_metadata, get_timetable#, get_stops_for_line
    ^^^^^^^^^^^^^^^^^^^^^^^^^^^^^^^^^^^^^^^^^^^^^^^^^^^^^^^^^^^^^^^^^^^^
ImportError: cannot import name 'get_stop_point_metadata' from 'airflow_ingestion' (/opt/airflow/plugins/airflow_ingestion.py)
[2025-04-23T01:03:39.508+0000] {processor.py:927} WARNING - No viable dags retrieved from /opt/airflow/dags/my_dag.py
[2025-04-23T01:03:39.527+0000] {processor.py:208} INFO - Processing /opt/airflow/dags/my_dag.py took 0.053 seconds
[2025-04-23T01:04:09.858+0000] {processor.py:186} INFO - Started process (PID=209) to work on /opt/airflow/dags/my_dag.py
[2025-04-23T01:04:09.859+0000] {processor.py:914} INFO - Processing file /opt/airflow/dags/my_dag.py for tasks to queue
[2025-04-23T01:04:09.861+0000] {logging_mixin.py:190} INFO - [2025-04-23T01:04:09.861+0000] {dagbag.py:588} INFO - Filling up the DagBag from /opt/airflow/dags/my_dag.py
[2025-04-23T01:04:09.872+0000] {logging_mixin.py:190} INFO - [2025-04-23T01:04:09.870+0000] {dagbag.py:387} ERROR - Failed to import: /opt/airflow/dags/my_dag.py
Traceback (most recent call last):
  File "/home/airflow/.local/lib/python3.12/site-packages/airflow/models/dagbag.py", line 383, in parse
    loader.exec_module(new_module)
  File "<frozen importlib._bootstrap_external>", line 999, in exec_module
  File "<frozen importlib._bootstrap>", line 488, in _call_with_frames_removed
  File "/opt/airflow/dags/my_dag.py", line 8, in <module>
    from airflow_ingestion import get_stop_point_metadata, get_timetable#, get_stops_for_line
    ^^^^^^^^^^^^^^^^^^^^^^^^^^^^^^^^^^^^^^^^^^^^^^^^^^^^^^^^^^^^^^^^^^^^
ImportError: cannot import name 'get_stop_point_metadata' from 'airflow_ingestion' (/opt/airflow/plugins/airflow_ingestion.py)
[2025-04-23T01:04:09.873+0000] {processor.py:927} WARNING - No viable dags retrieved from /opt/airflow/dags/my_dag.py
[2025-04-23T01:04:09.886+0000] {processor.py:208} INFO - Processing /opt/airflow/dags/my_dag.py took 0.031 seconds
[2025-04-23T01:04:40.148+0000] {processor.py:186} INFO - Started process (PID=230) to work on /opt/airflow/dags/my_dag.py
[2025-04-23T01:04:40.151+0000] {processor.py:914} INFO - Processing file /opt/airflow/dags/my_dag.py for tasks to queue
[2025-04-23T01:04:40.154+0000] {logging_mixin.py:190} INFO - [2025-04-23T01:04:40.153+0000] {dagbag.py:588} INFO - Filling up the DagBag from /opt/airflow/dags/my_dag.py
[2025-04-23T01:04:40.182+0000] {logging_mixin.py:190} INFO - [2025-04-23T01:04:40.177+0000] {dagbag.py:387} ERROR - Failed to import: /opt/airflow/dags/my_dag.py
Traceback (most recent call last):
  File "/home/airflow/.local/lib/python3.12/site-packages/airflow/models/dagbag.py", line 383, in parse
    loader.exec_module(new_module)
  File "<frozen importlib._bootstrap_external>", line 999, in exec_module
  File "<frozen importlib._bootstrap>", line 488, in _call_with_frames_removed
  File "/opt/airflow/dags/my_dag.py", line 8, in <module>
    from airflow_ingestion import get_stop_point_metadata, get_timetable#, get_stops_for_line
    ^^^^^^^^^^^^^^^^^^^^^^^^^^^^^^^^^^^^^^^^^^^^^^^^^^^^^^^^^^^^^^^^^^^^
ImportError: cannot import name 'get_stop_point_metadata' from 'airflow_ingestion' (/opt/airflow/plugins/airflow_ingestion.py)
[2025-04-23T01:04:40.183+0000] {processor.py:927} WARNING - No viable dags retrieved from /opt/airflow/dags/my_dag.py
[2025-04-23T01:04:40.199+0000] {processor.py:208} INFO - Processing /opt/airflow/dags/my_dag.py took 0.054 seconds
[2025-04-23T01:05:10.464+0000] {processor.py:186} INFO - Started process (PID=257) to work on /opt/airflow/dags/my_dag.py
[2025-04-23T01:05:10.468+0000] {processor.py:914} INFO - Processing file /opt/airflow/dags/my_dag.py for tasks to queue
[2025-04-23T01:05:10.471+0000] {logging_mixin.py:190} INFO - [2025-04-23T01:05:10.471+0000] {dagbag.py:588} INFO - Filling up the DagBag from /opt/airflow/dags/my_dag.py
[2025-04-23T01:05:10.498+0000] {logging_mixin.py:190} INFO - [2025-04-23T01:05:10.492+0000] {dagbag.py:387} ERROR - Failed to import: /opt/airflow/dags/my_dag.py
Traceback (most recent call last):
  File "/home/airflow/.local/lib/python3.12/site-packages/airflow/models/dagbag.py", line 383, in parse
    loader.exec_module(new_module)
  File "<frozen importlib._bootstrap_external>", line 999, in exec_module
  File "<frozen importlib._bootstrap>", line 488, in _call_with_frames_removed
  File "/opt/airflow/dags/my_dag.py", line 8, in <module>
    from airflow_ingestion import get_stop_point_metadata, get_timetable#, get_stops_for_line
    ^^^^^^^^^^^^^^^^^^^^^^^^^^^^^^^^^^^^^^^^^^^^^^^^^^^^^^^^^^^^^^^^^^^^
ImportError: cannot import name 'get_stop_point_metadata' from 'airflow_ingestion' (/opt/airflow/plugins/airflow_ingestion.py)
[2025-04-23T01:05:10.502+0000] {processor.py:927} WARNING - No viable dags retrieved from /opt/airflow/dags/my_dag.py
[2025-04-23T01:05:10.516+0000] {processor.py:208} INFO - Processing /opt/airflow/dags/my_dag.py took 0.056 seconds
[2025-04-23T01:05:40.793+0000] {processor.py:186} INFO - Started process (PID=278) to work on /opt/airflow/dags/my_dag.py
[2025-04-23T01:05:40.794+0000] {processor.py:914} INFO - Processing file /opt/airflow/dags/my_dag.py for tasks to queue
[2025-04-23T01:05:40.796+0000] {logging_mixin.py:190} INFO - [2025-04-23T01:05:40.796+0000] {dagbag.py:588} INFO - Filling up the DagBag from /opt/airflow/dags/my_dag.py
[2025-04-23T01:05:40.815+0000] {logging_mixin.py:190} INFO - [2025-04-23T01:05:40.809+0000] {dagbag.py:387} ERROR - Failed to import: /opt/airflow/dags/my_dag.py
Traceback (most recent call last):
  File "/home/airflow/.local/lib/python3.12/site-packages/airflow/models/dagbag.py", line 383, in parse
    loader.exec_module(new_module)
  File "<frozen importlib._bootstrap_external>", line 999, in exec_module
  File "<frozen importlib._bootstrap>", line 488, in _call_with_frames_removed
  File "/opt/airflow/dags/my_dag.py", line 8, in <module>
    from airflow_ingestion import get_stop_point_metadata, get_timetable#, get_stops_for_line
    ^^^^^^^^^^^^^^^^^^^^^^^^^^^^^^^^^^^^^^^^^^^^^^^^^^^^^^^^^^^^^^^^^^^^
ImportError: cannot import name 'get_stop_point_metadata' from 'airflow_ingestion' (/opt/airflow/plugins/airflow_ingestion.py)
[2025-04-23T01:05:40.816+0000] {processor.py:927} WARNING - No viable dags retrieved from /opt/airflow/dags/my_dag.py
[2025-04-23T01:05:40.831+0000] {processor.py:208} INFO - Processing /opt/airflow/dags/my_dag.py took 0.041 seconds
[2025-04-23T01:06:11.127+0000] {processor.py:186} INFO - Started process (PID=299) to work on /opt/airflow/dags/my_dag.py
[2025-04-23T01:06:11.130+0000] {processor.py:914} INFO - Processing file /opt/airflow/dags/my_dag.py for tasks to queue
[2025-04-23T01:06:11.133+0000] {logging_mixin.py:190} INFO - [2025-04-23T01:06:11.132+0000] {dagbag.py:588} INFO - Filling up the DagBag from /opt/airflow/dags/my_dag.py
[2025-04-23T01:06:11.153+0000] {logging_mixin.py:190} INFO - [2025-04-23T01:06:11.149+0000] {dagbag.py:387} ERROR - Failed to import: /opt/airflow/dags/my_dag.py
Traceback (most recent call last):
  File "/home/airflow/.local/lib/python3.12/site-packages/airflow/models/dagbag.py", line 383, in parse
    loader.exec_module(new_module)
  File "<frozen importlib._bootstrap_external>", line 999, in exec_module
  File "<frozen importlib._bootstrap>", line 488, in _call_with_frames_removed
  File "/opt/airflow/dags/my_dag.py", line 8, in <module>
    from airflow_ingestion import get_stop_point_metadata, get_timetable#, get_stops_for_line
    ^^^^^^^^^^^^^^^^^^^^^^^^^^^^^^^^^^^^^^^^^^^^^^^^^^^^^^^^^^^^^^^^^^^^
ImportError: cannot import name 'get_stop_point_metadata' from 'airflow_ingestion' (/opt/airflow/plugins/airflow_ingestion.py)
[2025-04-23T01:06:11.154+0000] {processor.py:927} WARNING - No viable dags retrieved from /opt/airflow/dags/my_dag.py
[2025-04-23T01:06:11.169+0000] {processor.py:208} INFO - Processing /opt/airflow/dags/my_dag.py took 0.047 seconds
[2025-04-23T01:06:41.489+0000] {processor.py:186} INFO - Started process (PID=320) to work on /opt/airflow/dags/my_dag.py
[2025-04-23T01:06:41.491+0000] {processor.py:914} INFO - Processing file /opt/airflow/dags/my_dag.py for tasks to queue
[2025-04-23T01:06:41.500+0000] {logging_mixin.py:190} INFO - [2025-04-23T01:06:41.499+0000] {dagbag.py:588} INFO - Filling up the DagBag from /opt/airflow/dags/my_dag.py
[2025-04-23T01:06:41.511+0000] {logging_mixin.py:190} INFO - [2025-04-23T01:06:41.508+0000] {dagbag.py:387} ERROR - Failed to import: /opt/airflow/dags/my_dag.py
Traceback (most recent call last):
  File "/home/airflow/.local/lib/python3.12/site-packages/airflow/models/dagbag.py", line 383, in parse
    loader.exec_module(new_module)
  File "<frozen importlib._bootstrap_external>", line 999, in exec_module
  File "<frozen importlib._bootstrap>", line 488, in _call_with_frames_removed
  File "/opt/airflow/dags/my_dag.py", line 8, in <module>
    from airflow_ingestion import get_stop_point_metadata, get_timetable#, get_stops_for_line
    ^^^^^^^^^^^^^^^^^^^^^^^^^^^^^^^^^^^^^^^^^^^^^^^^^^^^^^^^^^^^^^^^^^^^
ImportError: cannot import name 'get_stop_point_metadata' from 'airflow_ingestion' (/opt/airflow/plugins/airflow_ingestion.py)
[2025-04-23T01:06:41.512+0000] {processor.py:927} WARNING - No viable dags retrieved from /opt/airflow/dags/my_dag.py
[2025-04-23T01:06:41.525+0000] {processor.py:208} INFO - Processing /opt/airflow/dags/my_dag.py took 0.041 seconds
[2025-04-23T01:07:11.774+0000] {processor.py:186} INFO - Started process (PID=341) to work on /opt/airflow/dags/my_dag.py
[2025-04-23T01:07:11.775+0000] {processor.py:914} INFO - Processing file /opt/airflow/dags/my_dag.py for tasks to queue
[2025-04-23T01:07:11.777+0000] {logging_mixin.py:190} INFO - [2025-04-23T01:07:11.776+0000] {dagbag.py:588} INFO - Filling up the DagBag from /opt/airflow/dags/my_dag.py
[2025-04-23T01:07:11.787+0000] {logging_mixin.py:190} INFO - [2025-04-23T01:07:11.783+0000] {dagbag.py:387} ERROR - Failed to import: /opt/airflow/dags/my_dag.py
Traceback (most recent call last):
  File "/home/airflow/.local/lib/python3.12/site-packages/airflow/models/dagbag.py", line 383, in parse
    loader.exec_module(new_module)
  File "<frozen importlib._bootstrap_external>", line 999, in exec_module
  File "<frozen importlib._bootstrap>", line 488, in _call_with_frames_removed
  File "/opt/airflow/dags/my_dag.py", line 8, in <module>
    from airflow_ingestion import get_stop_point_metadata, get_timetable#, get_stops_for_line
    ^^^^^^^^^^^^^^^^^^^^^^^^^^^^^^^^^^^^^^^^^^^^^^^^^^^^^^^^^^^^^^^^^^^^
ImportError: cannot import name 'get_stop_point_metadata' from 'airflow_ingestion' (/opt/airflow/plugins/airflow_ingestion.py)
[2025-04-23T01:07:11.788+0000] {processor.py:927} WARNING - No viable dags retrieved from /opt/airflow/dags/my_dag.py
[2025-04-23T01:07:11.806+0000] {processor.py:208} INFO - Processing /opt/airflow/dags/my_dag.py took 0.036 seconds
[2025-04-23T01:07:42.066+0000] {processor.py:186} INFO - Started process (PID=362) to work on /opt/airflow/dags/my_dag.py
[2025-04-23T01:07:42.067+0000] {processor.py:914} INFO - Processing file /opt/airflow/dags/my_dag.py for tasks to queue
[2025-04-23T01:07:42.069+0000] {logging_mixin.py:190} INFO - [2025-04-23T01:07:42.069+0000] {dagbag.py:588} INFO - Filling up the DagBag from /opt/airflow/dags/my_dag.py
[2025-04-23T01:07:42.082+0000] {logging_mixin.py:190} INFO - [2025-04-23T01:07:42.080+0000] {dagbag.py:387} ERROR - Failed to import: /opt/airflow/dags/my_dag.py
Traceback (most recent call last):
  File "/home/airflow/.local/lib/python3.12/site-packages/airflow/models/dagbag.py", line 383, in parse
    loader.exec_module(new_module)
  File "<frozen importlib._bootstrap_external>", line 999, in exec_module
  File "<frozen importlib._bootstrap>", line 488, in _call_with_frames_removed
  File "/opt/airflow/dags/my_dag.py", line 8, in <module>
    from airflow_ingestion import get_stop_point_metadata, get_timetable#, get_stops_for_line
    ^^^^^^^^^^^^^^^^^^^^^^^^^^^^^^^^^^^^^^^^^^^^^^^^^^^^^^^^^^^^^^^^^^^^
ImportError: cannot import name 'get_stop_point_metadata' from 'airflow_ingestion' (/opt/airflow/plugins/airflow_ingestion.py)
[2025-04-23T01:07:42.083+0000] {processor.py:927} WARNING - No viable dags retrieved from /opt/airflow/dags/my_dag.py
[2025-04-23T01:07:42.097+0000] {processor.py:208} INFO - Processing /opt/airflow/dags/my_dag.py took 0.034 seconds
[2025-04-23T01:08:12.399+0000] {processor.py:186} INFO - Started process (PID=383) to work on /opt/airflow/dags/my_dag.py
[2025-04-23T01:08:12.401+0000] {processor.py:914} INFO - Processing file /opt/airflow/dags/my_dag.py for tasks to queue
[2025-04-23T01:08:12.403+0000] {logging_mixin.py:190} INFO - [2025-04-23T01:08:12.403+0000] {dagbag.py:588} INFO - Filling up the DagBag from /opt/airflow/dags/my_dag.py
[2025-04-23T01:08:12.433+0000] {logging_mixin.py:190} INFO - [2025-04-23T01:08:12.423+0000] {dagbag.py:387} ERROR - Failed to import: /opt/airflow/dags/my_dag.py
Traceback (most recent call last):
  File "/home/airflow/.local/lib/python3.12/site-packages/airflow/models/dagbag.py", line 383, in parse
    loader.exec_module(new_module)
  File "<frozen importlib._bootstrap_external>", line 999, in exec_module
  File "<frozen importlib._bootstrap>", line 488, in _call_with_frames_removed
  File "/opt/airflow/dags/my_dag.py", line 8, in <module>
    from airflow_ingestion import get_stop_point_metadata, get_timetable#, get_stops_for_line
    ^^^^^^^^^^^^^^^^^^^^^^^^^^^^^^^^^^^^^^^^^^^^^^^^^^^^^^^^^^^^^^^^^^^^
ImportError: cannot import name 'get_stop_point_metadata' from 'airflow_ingestion' (/opt/airflow/plugins/airflow_ingestion.py)
[2025-04-23T01:08:12.435+0000] {processor.py:927} WARNING - No viable dags retrieved from /opt/airflow/dags/my_dag.py
[2025-04-23T01:08:12.452+0000] {processor.py:208} INFO - Processing /opt/airflow/dags/my_dag.py took 0.058 seconds
[2025-04-23T01:08:42.858+0000] {processor.py:186} INFO - Started process (PID=404) to work on /opt/airflow/dags/my_dag.py
[2025-04-23T01:08:42.860+0000] {processor.py:914} INFO - Processing file /opt/airflow/dags/my_dag.py for tasks to queue
[2025-04-23T01:08:42.863+0000] {logging_mixin.py:190} INFO - [2025-04-23T01:08:42.863+0000] {dagbag.py:588} INFO - Filling up the DagBag from /opt/airflow/dags/my_dag.py
[2025-04-23T01:08:42.890+0000] {logging_mixin.py:190} INFO - [2025-04-23T01:08:42.883+0000] {dagbag.py:387} ERROR - Failed to import: /opt/airflow/dags/my_dag.py
Traceback (most recent call last):
  File "/home/airflow/.local/lib/python3.12/site-packages/airflow/models/dagbag.py", line 383, in parse
    loader.exec_module(new_module)
  File "<frozen importlib._bootstrap_external>", line 999, in exec_module
  File "<frozen importlib._bootstrap>", line 488, in _call_with_frames_removed
  File "/opt/airflow/dags/my_dag.py", line 8, in <module>
    from airflow_ingestion import get_stop_point_metadata, get_timetable#, get_stops_for_line
    ^^^^^^^^^^^^^^^^^^^^^^^^^^^^^^^^^^^^^^^^^^^^^^^^^^^^^^^^^^^^^^^^^^^^
ImportError: cannot import name 'get_stop_point_metadata' from 'airflow_ingestion' (/opt/airflow/plugins/airflow_ingestion.py)
[2025-04-23T01:08:42.892+0000] {processor.py:927} WARNING - No viable dags retrieved from /opt/airflow/dags/my_dag.py
[2025-04-23T01:08:42.909+0000] {processor.py:208} INFO - Processing /opt/airflow/dags/my_dag.py took 0.055 seconds
[2025-04-23T01:09:13.190+0000] {processor.py:186} INFO - Started process (PID=425) to work on /opt/airflow/dags/my_dag.py
[2025-04-23T01:09:13.193+0000] {processor.py:914} INFO - Processing file /opt/airflow/dags/my_dag.py for tasks to queue
[2025-04-23T01:09:13.196+0000] {logging_mixin.py:190} INFO - [2025-04-23T01:09:13.195+0000] {dagbag.py:588} INFO - Filling up the DagBag from /opt/airflow/dags/my_dag.py
[2025-04-23T01:09:13.219+0000] {logging_mixin.py:190} INFO - [2025-04-23T01:09:13.214+0000] {dagbag.py:387} ERROR - Failed to import: /opt/airflow/dags/my_dag.py
Traceback (most recent call last):
  File "/home/airflow/.local/lib/python3.12/site-packages/airflow/models/dagbag.py", line 383, in parse
    loader.exec_module(new_module)
  File "<frozen importlib._bootstrap_external>", line 999, in exec_module
  File "<frozen importlib._bootstrap>", line 488, in _call_with_frames_removed
  File "/opt/airflow/dags/my_dag.py", line 8, in <module>
    from airflow_ingestion import get_stop_point_metadata, get_timetable#, get_stops_for_line
    ^^^^^^^^^^^^^^^^^^^^^^^^^^^^^^^^^^^^^^^^^^^^^^^^^^^^^^^^^^^^^^^^^^^^
ImportError: cannot import name 'get_stop_point_metadata' from 'airflow_ingestion' (/opt/airflow/plugins/airflow_ingestion.py)
[2025-04-23T01:09:13.221+0000] {processor.py:927} WARNING - No viable dags retrieved from /opt/airflow/dags/my_dag.py
[2025-04-23T01:09:13.239+0000] {processor.py:208} INFO - Processing /opt/airflow/dags/my_dag.py took 0.052 seconds
[2025-04-23T01:09:43.529+0000] {processor.py:186} INFO - Started process (PID=446) to work on /opt/airflow/dags/my_dag.py
[2025-04-23T01:09:43.530+0000] {processor.py:914} INFO - Processing file /opt/airflow/dags/my_dag.py for tasks to queue
[2025-04-23T01:09:43.536+0000] {logging_mixin.py:190} INFO - [2025-04-23T01:09:43.535+0000] {dagbag.py:588} INFO - Filling up the DagBag from /opt/airflow/dags/my_dag.py
[2025-04-23T01:09:43.578+0000] {logging_mixin.py:190} INFO - [2025-04-23T01:09:43.567+0000] {dagbag.py:387} ERROR - Failed to import: /opt/airflow/dags/my_dag.py
Traceback (most recent call last):
  File "/home/airflow/.local/lib/python3.12/site-packages/airflow/models/dagbag.py", line 383, in parse
    loader.exec_module(new_module)
  File "<frozen importlib._bootstrap_external>", line 999, in exec_module
  File "<frozen importlib._bootstrap>", line 488, in _call_with_frames_removed
  File "/opt/airflow/dags/my_dag.py", line 8, in <module>
    from airflow_ingestion import get_stop_point_metadata, get_timetable#, get_stops_for_line
    ^^^^^^^^^^^^^^^^^^^^^^^^^^^^^^^^^^^^^^^^^^^^^^^^^^^^^^^^^^^^^^^^^^^^
ImportError: cannot import name 'get_stop_point_metadata' from 'airflow_ingestion' (/opt/airflow/plugins/airflow_ingestion.py)
[2025-04-23T01:09:43.581+0000] {processor.py:927} WARNING - No viable dags retrieved from /opt/airflow/dags/my_dag.py
[2025-04-23T01:09:43.607+0000] {processor.py:208} INFO - Processing /opt/airflow/dags/my_dag.py took 0.085 seconds
[2025-04-23T01:10:13.904+0000] {processor.py:186} INFO - Started process (PID=467) to work on /opt/airflow/dags/my_dag.py
[2025-04-23T01:10:13.905+0000] {processor.py:914} INFO - Processing file /opt/airflow/dags/my_dag.py for tasks to queue
[2025-04-23T01:10:13.908+0000] {logging_mixin.py:190} INFO - [2025-04-23T01:10:13.908+0000] {dagbag.py:588} INFO - Filling up the DagBag from /opt/airflow/dags/my_dag.py
[2025-04-23T01:10:13.938+0000] {logging_mixin.py:190} INFO - [2025-04-23T01:10:13.930+0000] {dagbag.py:387} ERROR - Failed to import: /opt/airflow/dags/my_dag.py
Traceback (most recent call last):
  File "/home/airflow/.local/lib/python3.12/site-packages/airflow/models/dagbag.py", line 383, in parse
    loader.exec_module(new_module)
  File "<frozen importlib._bootstrap_external>", line 999, in exec_module
  File "<frozen importlib._bootstrap>", line 488, in _call_with_frames_removed
  File "/opt/airflow/dags/my_dag.py", line 8, in <module>
    from airflow_ingestion import get_stop_point_metadata, get_timetable#, get_stops_for_line
    ^^^^^^^^^^^^^^^^^^^^^^^^^^^^^^^^^^^^^^^^^^^^^^^^^^^^^^^^^^^^^^^^^^^^
ImportError: cannot import name 'get_stop_point_metadata' from 'airflow_ingestion' (/opt/airflow/plugins/airflow_ingestion.py)
[2025-04-23T01:10:13.939+0000] {processor.py:927} WARNING - No viable dags retrieved from /opt/airflow/dags/my_dag.py
[2025-04-23T01:10:13.954+0000] {processor.py:208} INFO - Processing /opt/airflow/dags/my_dag.py took 0.053 seconds
[2025-04-23T01:10:44.240+0000] {processor.py:186} INFO - Started process (PID=488) to work on /opt/airflow/dags/my_dag.py
[2025-04-23T01:10:44.242+0000] {processor.py:914} INFO - Processing file /opt/airflow/dags/my_dag.py for tasks to queue
[2025-04-23T01:10:44.244+0000] {logging_mixin.py:190} INFO - [2025-04-23T01:10:44.244+0000] {dagbag.py:588} INFO - Filling up the DagBag from /opt/airflow/dags/my_dag.py
[2025-04-23T01:10:44.274+0000] {logging_mixin.py:190} INFO - [2025-04-23T01:10:44.271+0000] {dagbag.py:387} ERROR - Failed to import: /opt/airflow/dags/my_dag.py
Traceback (most recent call last):
  File "/home/airflow/.local/lib/python3.12/site-packages/airflow/models/dagbag.py", line 383, in parse
    loader.exec_module(new_module)
  File "<frozen importlib._bootstrap_external>", line 999, in exec_module
  File "<frozen importlib._bootstrap>", line 488, in _call_with_frames_removed
  File "/opt/airflow/dags/my_dag.py", line 8, in <module>
    from airflow_ingestion import get_stop_point_metadata, get_timetable#, get_stops_for_line
    ^^^^^^^^^^^^^^^^^^^^^^^^^^^^^^^^^^^^^^^^^^^^^^^^^^^^^^^^^^^^^^^^^^^^
ImportError: cannot import name 'get_stop_point_metadata' from 'airflow_ingestion' (/opt/airflow/plugins/airflow_ingestion.py)
[2025-04-23T01:10:44.275+0000] {processor.py:927} WARNING - No viable dags retrieved from /opt/airflow/dags/my_dag.py
[2025-04-23T01:10:44.290+0000] {processor.py:208} INFO - Processing /opt/airflow/dags/my_dag.py took 0.053 seconds
[2025-04-23T01:11:14.592+0000] {processor.py:186} INFO - Started process (PID=509) to work on /opt/airflow/dags/my_dag.py
[2025-04-23T01:11:14.594+0000] {processor.py:914} INFO - Processing file /opt/airflow/dags/my_dag.py for tasks to queue
[2025-04-23T01:11:14.597+0000] {logging_mixin.py:190} INFO - [2025-04-23T01:11:14.597+0000] {dagbag.py:588} INFO - Filling up the DagBag from /opt/airflow/dags/my_dag.py
[2025-04-23T01:11:14.626+0000] {logging_mixin.py:190} INFO - [2025-04-23T01:11:14.618+0000] {dagbag.py:387} ERROR - Failed to import: /opt/airflow/dags/my_dag.py
Traceback (most recent call last):
  File "/home/airflow/.local/lib/python3.12/site-packages/airflow/models/dagbag.py", line 383, in parse
    loader.exec_module(new_module)
  File "<frozen importlib._bootstrap_external>", line 999, in exec_module
  File "<frozen importlib._bootstrap>", line 488, in _call_with_frames_removed
  File "/opt/airflow/dags/my_dag.py", line 8, in <module>
    from airflow_ingestion import get_stop_point_metadata, get_timetable#, get_stops_for_line
    ^^^^^^^^^^^^^^^^^^^^^^^^^^^^^^^^^^^^^^^^^^^^^^^^^^^^^^^^^^^^^^^^^^^^
ImportError: cannot import name 'get_stop_point_metadata' from 'airflow_ingestion' (/opt/airflow/plugins/airflow_ingestion.py)
[2025-04-23T01:11:14.628+0000] {processor.py:927} WARNING - No viable dags retrieved from /opt/airflow/dags/my_dag.py
[2025-04-23T01:11:14.643+0000] {processor.py:208} INFO - Processing /opt/airflow/dags/my_dag.py took 0.056 seconds
[2025-04-23T01:11:45.007+0000] {processor.py:186} INFO - Started process (PID=530) to work on /opt/airflow/dags/my_dag.py
[2025-04-23T01:11:45.010+0000] {processor.py:914} INFO - Processing file /opt/airflow/dags/my_dag.py for tasks to queue
[2025-04-23T01:11:45.017+0000] {logging_mixin.py:190} INFO - [2025-04-23T01:11:45.016+0000] {dagbag.py:588} INFO - Filling up the DagBag from /opt/airflow/dags/my_dag.py
[2025-04-23T01:11:45.044+0000] {logging_mixin.py:190} INFO - [2025-04-23T01:11:45.037+0000] {dagbag.py:387} ERROR - Failed to import: /opt/airflow/dags/my_dag.py
Traceback (most recent call last):
  File "/home/airflow/.local/lib/python3.12/site-packages/airflow/models/dagbag.py", line 383, in parse
    loader.exec_module(new_module)
  File "<frozen importlib._bootstrap_external>", line 999, in exec_module
  File "<frozen importlib._bootstrap>", line 488, in _call_with_frames_removed
  File "/opt/airflow/dags/my_dag.py", line 8, in <module>
    from airflow_ingestion import get_stop_point_metadata, get_timetable#, get_stops_for_line
    ^^^^^^^^^^^^^^^^^^^^^^^^^^^^^^^^^^^^^^^^^^^^^^^^^^^^^^^^^^^^^^^^^^^^
ImportError: cannot import name 'get_stop_point_metadata' from 'airflow_ingestion' (/opt/airflow/plugins/airflow_ingestion.py)
[2025-04-23T01:11:45.046+0000] {processor.py:927} WARNING - No viable dags retrieved from /opt/airflow/dags/my_dag.py
[2025-04-23T01:11:45.079+0000] {processor.py:208} INFO - Processing /opt/airflow/dags/my_dag.py took 0.082 seconds
[2025-04-23T01:12:15.606+0000] {processor.py:186} INFO - Started process (PID=551) to work on /opt/airflow/dags/my_dag.py
[2025-04-23T01:12:15.614+0000] {processor.py:914} INFO - Processing file /opt/airflow/dags/my_dag.py for tasks to queue
[2025-04-23T01:12:15.626+0000] {logging_mixin.py:190} INFO - [2025-04-23T01:12:15.625+0000] {dagbag.py:588} INFO - Filling up the DagBag from /opt/airflow/dags/my_dag.py
[2025-04-23T01:12:15.685+0000] {logging_mixin.py:190} INFO - [2025-04-23T01:12:15.668+0000] {dagbag.py:387} ERROR - Failed to import: /opt/airflow/dags/my_dag.py
Traceback (most recent call last):
  File "/home/airflow/.local/lib/python3.12/site-packages/airflow/models/dagbag.py", line 383, in parse
    loader.exec_module(new_module)
  File "<frozen importlib._bootstrap_external>", line 999, in exec_module
  File "<frozen importlib._bootstrap>", line 488, in _call_with_frames_removed
  File "/opt/airflow/dags/my_dag.py", line 8, in <module>
    from airflow_ingestion import get_stop_point_metadata, get_timetable#, get_stops_for_line
    ^^^^^^^^^^^^^^^^^^^^^^^^^^^^^^^^^^^^^^^^^^^^^^^^^^^^^^^^^^^^^^^^^^^^
ImportError: cannot import name 'get_stop_point_metadata' from 'airflow_ingestion' (/opt/airflow/plugins/airflow_ingestion.py)
[2025-04-23T01:12:15.688+0000] {processor.py:927} WARNING - No viable dags retrieved from /opt/airflow/dags/my_dag.py
[2025-04-23T01:12:15.734+0000] {processor.py:208} INFO - Processing /opt/airflow/dags/my_dag.py took 0.139 seconds
[2025-04-23T01:14:28.555+0000] {processor.py:186} INFO - Started process (PID=206) to work on /opt/airflow/dags/my_dag.py
[2025-04-23T01:14:28.557+0000] {processor.py:914} INFO - Processing file /opt/airflow/dags/my_dag.py for tasks to queue
[2025-04-23T01:14:28.563+0000] {logging_mixin.py:190} INFO - [2025-04-23T01:14:28.562+0000] {dagbag.py:588} INFO - Filling up the DagBag from /opt/airflow/dags/my_dag.py
[2025-04-23T01:14:28.612+0000] {processor.py:925} INFO - DAG(s) 'TFL_DATA_DAG' retrieved from /opt/airflow/dags/my_dag.py
[2025-04-23T01:14:28.918+0000] {logging_mixin.py:190} INFO - [2025-04-23T01:14:28.917+0000] {dag.py:3239} INFO - Sync 1 DAGs
[2025-04-23T01:14:28.943+0000] {logging_mixin.py:190} INFO - [2025-04-23T01:14:28.943+0000] {dag.py:4180} INFO - Setting next_dagrun for TFL_DATA_DAG to 2025-04-23 00:00:00+00:00, run_after=2025-04-24 00:00:00+00:00
[2025-04-23T01:14:28.980+0000] {processor.py:208} INFO - Processing /opt/airflow/dags/my_dag.py took 0.433 seconds
[2025-04-23T01:14:59.251+0000] {processor.py:186} INFO - Started process (PID=227) to work on /opt/airflow/dags/my_dag.py
[2025-04-23T01:14:59.253+0000] {processor.py:914} INFO - Processing file /opt/airflow/dags/my_dag.py for tasks to queue
[2025-04-23T01:14:59.258+0000] {logging_mixin.py:190} INFO - [2025-04-23T01:14:59.257+0000] {dagbag.py:588} INFO - Filling up the DagBag from /opt/airflow/dags/my_dag.py
[2025-04-23T01:14:59.286+0000] {processor.py:925} INFO - DAG(s) 'TFL_DATA_DAG' retrieved from /opt/airflow/dags/my_dag.py
[2025-04-23T01:14:59.309+0000] {logging_mixin.py:190} INFO - [2025-04-23T01:14:59.309+0000] {dag.py:3239} INFO - Sync 1 DAGs
[2025-04-23T01:14:59.334+0000] {logging_mixin.py:190} INFO - [2025-04-23T01:14:59.334+0000] {dag.py:4180} INFO - Setting next_dagrun for TFL_DATA_DAG to 2025-04-23 00:00:00+00:00, run_after=2025-04-24 00:00:00+00:00
[2025-04-23T01:14:59.355+0000] {processor.py:208} INFO - Processing /opt/airflow/dags/my_dag.py took 0.109 seconds
[2025-04-23T01:15:29.711+0000] {processor.py:186} INFO - Started process (PID=248) to work on /opt/airflow/dags/my_dag.py
[2025-04-23T01:15:29.713+0000] {processor.py:914} INFO - Processing file /opt/airflow/dags/my_dag.py for tasks to queue
[2025-04-23T01:15:29.717+0000] {logging_mixin.py:190} INFO - [2025-04-23T01:15:29.716+0000] {dagbag.py:588} INFO - Filling up the DagBag from /opt/airflow/dags/my_dag.py
[2025-04-23T01:15:29.755+0000] {processor.py:925} INFO - DAG(s) 'TFL_DATA_DAG' retrieved from /opt/airflow/dags/my_dag.py
[2025-04-23T01:15:29.801+0000] {logging_mixin.py:190} INFO - [2025-04-23T01:15:29.800+0000] {dag.py:3239} INFO - Sync 1 DAGs
[2025-04-23T01:15:29.836+0000] {logging_mixin.py:190} INFO - [2025-04-23T01:15:29.835+0000] {dag.py:4180} INFO - Setting next_dagrun for TFL_DATA_DAG to 2025-04-23 00:00:00+00:00, run_after=2025-04-24 00:00:00+00:00
[2025-04-23T01:15:29.853+0000] {processor.py:208} INFO - Processing /opt/airflow/dags/my_dag.py took 0.151 seconds
[2025-04-23T01:16:00.208+0000] {processor.py:186} INFO - Started process (PID=269) to work on /opt/airflow/dags/my_dag.py
[2025-04-23T01:16:00.211+0000] {processor.py:914} INFO - Processing file /opt/airflow/dags/my_dag.py for tasks to queue
[2025-04-23T01:16:00.218+0000] {logging_mixin.py:190} INFO - [2025-04-23T01:16:00.217+0000] {dagbag.py:588} INFO - Filling up the DagBag from /opt/airflow/dags/my_dag.py
[2025-04-23T01:16:00.256+0000] {processor.py:925} INFO - DAG(s) 'TFL_DATA_DAG' retrieved from /opt/airflow/dags/my_dag.py
[2025-04-23T01:16:00.297+0000] {logging_mixin.py:190} INFO - [2025-04-23T01:16:00.296+0000] {dag.py:3239} INFO - Sync 1 DAGs
[2025-04-23T01:16:00.342+0000] {logging_mixin.py:190} INFO - [2025-04-23T01:16:00.342+0000] {dag.py:4180} INFO - Setting next_dagrun for TFL_DATA_DAG to 2025-04-23 00:00:00+00:00, run_after=2025-04-24 00:00:00+00:00
[2025-04-23T01:16:00.369+0000] {processor.py:208} INFO - Processing /opt/airflow/dags/my_dag.py took 0.169 seconds
[2025-04-23T01:16:30.749+0000] {processor.py:186} INFO - Started process (PID=290) to work on /opt/airflow/dags/my_dag.py
[2025-04-23T01:16:30.751+0000] {processor.py:914} INFO - Processing file /opt/airflow/dags/my_dag.py for tasks to queue
[2025-04-23T01:16:30.755+0000] {logging_mixin.py:190} INFO - [2025-04-23T01:16:30.754+0000] {dagbag.py:588} INFO - Filling up the DagBag from /opt/airflow/dags/my_dag.py
[2025-04-23T01:16:30.786+0000] {processor.py:925} INFO - DAG(s) 'TFL_DATA_DAG' retrieved from /opt/airflow/dags/my_dag.py
[2025-04-23T01:16:30.825+0000] {logging_mixin.py:190} INFO - [2025-04-23T01:16:30.824+0000] {dag.py:3239} INFO - Sync 1 DAGs
[2025-04-23T01:16:30.858+0000] {logging_mixin.py:190} INFO - [2025-04-23T01:16:30.857+0000] {dag.py:4180} INFO - Setting next_dagrun for TFL_DATA_DAG to 2025-04-23 00:00:00+00:00, run_after=2025-04-24 00:00:00+00:00
[2025-04-23T01:16:30.886+0000] {processor.py:208} INFO - Processing /opt/airflow/dags/my_dag.py took 0.146 seconds
[2025-04-23T01:17:01.250+0000] {processor.py:186} INFO - Started process (PID=311) to work on /opt/airflow/dags/my_dag.py
[2025-04-23T01:17:01.252+0000] {processor.py:914} INFO - Processing file /opt/airflow/dags/my_dag.py for tasks to queue
[2025-04-23T01:17:01.260+0000] {logging_mixin.py:190} INFO - [2025-04-23T01:17:01.259+0000] {dagbag.py:588} INFO - Filling up the DagBag from /opt/airflow/dags/my_dag.py
[2025-04-23T01:17:01.295+0000] {processor.py:925} INFO - DAG(s) 'TFL_DATA_DAG' retrieved from /opt/airflow/dags/my_dag.py
[2025-04-23T01:17:01.339+0000] {logging_mixin.py:190} INFO - [2025-04-23T01:17:01.338+0000] {dag.py:3239} INFO - Sync 1 DAGs
[2025-04-23T01:17:01.378+0000] {logging_mixin.py:190} INFO - [2025-04-23T01:17:01.377+0000] {dag.py:4180} INFO - Setting next_dagrun for TFL_DATA_DAG to 2025-04-23 00:00:00+00:00, run_after=2025-04-24 00:00:00+00:00
[2025-04-23T01:17:01.408+0000] {processor.py:208} INFO - Processing /opt/airflow/dags/my_dag.py took 0.167 seconds
[2025-04-23T01:17:31.770+0000] {processor.py:186} INFO - Started process (PID=332) to work on /opt/airflow/dags/my_dag.py
[2025-04-23T01:17:31.774+0000] {processor.py:914} INFO - Processing file /opt/airflow/dags/my_dag.py for tasks to queue
[2025-04-23T01:17:31.778+0000] {logging_mixin.py:190} INFO - [2025-04-23T01:17:31.777+0000] {dagbag.py:588} INFO - Filling up the DagBag from /opt/airflow/dags/my_dag.py
[2025-04-23T01:17:31.813+0000] {processor.py:925} INFO - DAG(s) 'TFL_DATA_DAG' retrieved from /opt/airflow/dags/my_dag.py
[2025-04-23T01:17:31.856+0000] {logging_mixin.py:190} INFO - [2025-04-23T01:17:31.855+0000] {dag.py:3239} INFO - Sync 1 DAGs
[2025-04-23T01:17:31.896+0000] {logging_mixin.py:190} INFO - [2025-04-23T01:17:31.895+0000] {dag.py:4180} INFO - Setting next_dagrun for TFL_DATA_DAG to 2025-04-23 00:00:00+00:00, run_after=2025-04-24 00:00:00+00:00
[2025-04-23T01:17:31.925+0000] {processor.py:208} INFO - Processing /opt/airflow/dags/my_dag.py took 0.164 seconds
[2025-04-23T01:18:02.301+0000] {processor.py:186} INFO - Started process (PID=353) to work on /opt/airflow/dags/my_dag.py
[2025-04-23T01:18:02.303+0000] {processor.py:914} INFO - Processing file /opt/airflow/dags/my_dag.py for tasks to queue
[2025-04-23T01:18:02.307+0000] {logging_mixin.py:190} INFO - [2025-04-23T01:18:02.307+0000] {dagbag.py:588} INFO - Filling up the DagBag from /opt/airflow/dags/my_dag.py
[2025-04-23T01:18:02.339+0000] {processor.py:925} INFO - DAG(s) 'TFL_DATA_DAG' retrieved from /opt/airflow/dags/my_dag.py
[2025-04-23T01:18:02.395+0000] {logging_mixin.py:190} INFO - [2025-04-23T01:18:02.393+0000] {dag.py:3239} INFO - Sync 1 DAGs
[2025-04-23T01:18:02.430+0000] {logging_mixin.py:190} INFO - [2025-04-23T01:18:02.430+0000] {dag.py:4180} INFO - Setting next_dagrun for TFL_DATA_DAG to 2025-04-23 00:00:00+00:00, run_after=2025-04-24 00:00:00+00:00
[2025-04-23T01:18:02.460+0000] {processor.py:208} INFO - Processing /opt/airflow/dags/my_dag.py took 0.170 seconds
[2025-04-23T01:18:32.818+0000] {processor.py:186} INFO - Started process (PID=374) to work on /opt/airflow/dags/my_dag.py
[2025-04-23T01:18:32.820+0000] {processor.py:914} INFO - Processing file /opt/airflow/dags/my_dag.py for tasks to queue
[2025-04-23T01:18:32.824+0000] {logging_mixin.py:190} INFO - [2025-04-23T01:18:32.823+0000] {dagbag.py:588} INFO - Filling up the DagBag from /opt/airflow/dags/my_dag.py
[2025-04-23T01:18:32.845+0000] {processor.py:925} INFO - DAG(s) 'TFL_DATA_DAG' retrieved from /opt/airflow/dags/my_dag.py
[2025-04-23T01:18:32.868+0000] {logging_mixin.py:190} INFO - [2025-04-23T01:18:32.867+0000] {dag.py:3239} INFO - Sync 1 DAGs
[2025-04-23T01:18:32.891+0000] {logging_mixin.py:190} INFO - [2025-04-23T01:18:32.891+0000] {dag.py:4180} INFO - Setting next_dagrun for TFL_DATA_DAG to 2025-04-23 00:00:00+00:00, run_after=2025-04-24 00:00:00+00:00
[2025-04-23T01:18:32.912+0000] {processor.py:208} INFO - Processing /opt/airflow/dags/my_dag.py took 0.098 seconds
[2025-04-23T01:19:03.303+0000] {processor.py:186} INFO - Started process (PID=395) to work on /opt/airflow/dags/my_dag.py
[2025-04-23T01:19:03.307+0000] {processor.py:914} INFO - Processing file /opt/airflow/dags/my_dag.py for tasks to queue
[2025-04-23T01:19:03.313+0000] {logging_mixin.py:190} INFO - [2025-04-23T01:19:03.312+0000] {dagbag.py:588} INFO - Filling up the DagBag from /opt/airflow/dags/my_dag.py
[2025-04-23T01:19:03.348+0000] {processor.py:925} INFO - DAG(s) 'TFL_DATA_DAG' retrieved from /opt/airflow/dags/my_dag.py
[2025-04-23T01:19:03.383+0000] {logging_mixin.py:190} INFO - [2025-04-23T01:19:03.382+0000] {dag.py:3239} INFO - Sync 1 DAGs
[2025-04-23T01:19:03.416+0000] {logging_mixin.py:190} INFO - [2025-04-23T01:19:03.416+0000] {dag.py:4180} INFO - Setting next_dagrun for TFL_DATA_DAG to 2025-04-23 00:00:00+00:00, run_after=2025-04-24 00:00:00+00:00
[2025-04-23T01:19:03.441+0000] {processor.py:208} INFO - Processing /opt/airflow/dags/my_dag.py took 0.148 seconds
[2025-04-23T01:19:33.893+0000] {processor.py:186} INFO - Started process (PID=416) to work on /opt/airflow/dags/my_dag.py
[2025-04-23T01:19:33.897+0000] {processor.py:914} INFO - Processing file /opt/airflow/dags/my_dag.py for tasks to queue
[2025-04-23T01:19:33.903+0000] {logging_mixin.py:190} INFO - [2025-04-23T01:19:33.903+0000] {dagbag.py:588} INFO - Filling up the DagBag from /opt/airflow/dags/my_dag.py
[2025-04-23T01:19:33.942+0000] {processor.py:925} INFO - DAG(s) 'TFL_DATA_DAG' retrieved from /opt/airflow/dags/my_dag.py
[2025-04-23T01:19:33.988+0000] {logging_mixin.py:190} INFO - [2025-04-23T01:19:33.987+0000] {dag.py:3239} INFO - Sync 1 DAGs
[2025-04-23T01:19:34.027+0000] {logging_mixin.py:190} INFO - [2025-04-23T01:19:34.026+0000] {dag.py:4180} INFO - Setting next_dagrun for TFL_DATA_DAG to 2025-04-23 00:00:00+00:00, run_after=2025-04-24 00:00:00+00:00
[2025-04-23T01:19:34.061+0000] {processor.py:208} INFO - Processing /opt/airflow/dags/my_dag.py took 0.178 seconds
[2025-04-23T10:30:48.368+0000] {processor.py:186} INFO - Started process (PID=200) to work on /opt/airflow/dags/my_dag.py
[2025-04-23T10:30:48.374+0000] {processor.py:914} INFO - Processing file /opt/airflow/dags/my_dag.py for tasks to queue
[2025-04-23T10:30:48.389+0000] {logging_mixin.py:190} INFO - [2025-04-23T10:30:48.387+0000] {dagbag.py:588} INFO - Filling up the DagBag from /opt/airflow/dags/my_dag.py
[2025-04-23T10:30:48.493+0000] {processor.py:925} INFO - DAG(s) 'TFL_DATA_DAG' retrieved from /opt/airflow/dags/my_dag.py
[2025-04-23T10:30:48.607+0000] {logging_mixin.py:190} INFO - [2025-04-23T10:30:48.605+0000] {dag.py:3239} INFO - Sync 1 DAGs
[2025-04-23T10:30:48.706+0000] {logging_mixin.py:190} INFO - [2025-04-23T10:30:48.705+0000] {dag.py:4180} INFO - Setting next_dagrun for TFL_DATA_DAG to 2025-04-23 00:00:00+00:00, run_after=2025-04-24 00:00:00+00:00
[2025-04-23T10:30:48.731+0000] {processor.py:208} INFO - Processing /opt/airflow/dags/my_dag.py took 0.391 seconds
[2025-04-23T10:31:19.083+0000] {processor.py:186} INFO - Started process (PID=221) to work on /opt/airflow/dags/my_dag.py
[2025-04-23T10:31:19.085+0000] {processor.py:914} INFO - Processing file /opt/airflow/dags/my_dag.py for tasks to queue
[2025-04-23T10:31:19.096+0000] {logging_mixin.py:190} INFO - [2025-04-23T10:31:19.095+0000] {dagbag.py:588} INFO - Filling up the DagBag from /opt/airflow/dags/my_dag.py
[2025-04-23T10:31:19.150+0000] {processor.py:925} INFO - DAG(s) 'TFL_DATA_DAG' retrieved from /opt/airflow/dags/my_dag.py
[2025-04-23T10:31:19.183+0000] {logging_mixin.py:190} INFO - [2025-04-23T10:31:19.182+0000] {dag.py:3239} INFO - Sync 1 DAGs
[2025-04-23T10:31:19.219+0000] {logging_mixin.py:190} INFO - [2025-04-23T10:31:19.219+0000] {dag.py:4180} INFO - Setting next_dagrun for TFL_DATA_DAG to 2025-04-23 00:00:00+00:00, run_after=2025-04-24 00:00:00+00:00
[2025-04-23T10:31:19.244+0000] {processor.py:208} INFO - Processing /opt/airflow/dags/my_dag.py took 0.168 seconds
[2025-04-23T10:31:49.616+0000] {processor.py:186} INFO - Started process (PID=242) to work on /opt/airflow/dags/my_dag.py
[2025-04-23T10:31:49.619+0000] {processor.py:914} INFO - Processing file /opt/airflow/dags/my_dag.py for tasks to queue
[2025-04-23T10:31:49.626+0000] {logging_mixin.py:190} INFO - [2025-04-23T10:31:49.625+0000] {dagbag.py:588} INFO - Filling up the DagBag from /opt/airflow/dags/my_dag.py
[2025-04-23T10:31:49.668+0000] {processor.py:925} INFO - DAG(s) 'TFL_DATA_DAG' retrieved from /opt/airflow/dags/my_dag.py
[2025-04-23T10:31:49.713+0000] {logging_mixin.py:190} INFO - [2025-04-23T10:31:49.712+0000] {dag.py:3239} INFO - Sync 1 DAGs
[2025-04-23T10:31:49.756+0000] {logging_mixin.py:190} INFO - [2025-04-23T10:31:49.755+0000] {dag.py:4180} INFO - Setting next_dagrun for TFL_DATA_DAG to 2025-04-23 00:00:00+00:00, run_after=2025-04-24 00:00:00+00:00
[2025-04-23T10:31:49.786+0000] {processor.py:208} INFO - Processing /opt/airflow/dags/my_dag.py took 0.178 seconds
[2025-04-23T10:32:20.121+0000] {processor.py:186} INFO - Started process (PID=263) to work on /opt/airflow/dags/my_dag.py
[2025-04-23T10:32:20.124+0000] {processor.py:914} INFO - Processing file /opt/airflow/dags/my_dag.py for tasks to queue
[2025-04-23T10:32:20.129+0000] {logging_mixin.py:190} INFO - [2025-04-23T10:32:20.129+0000] {dagbag.py:588} INFO - Filling up the DagBag from /opt/airflow/dags/my_dag.py
[2025-04-23T10:32:20.163+0000] {processor.py:925} INFO - DAG(s) 'TFL_DATA_DAG' retrieved from /opt/airflow/dags/my_dag.py
[2025-04-23T10:32:20.208+0000] {logging_mixin.py:190} INFO - [2025-04-23T10:32:20.208+0000] {dag.py:3239} INFO - Sync 1 DAGs
[2025-04-23T10:32:20.237+0000] {logging_mixin.py:190} INFO - [2025-04-23T10:32:20.236+0000] {dag.py:4180} INFO - Setting next_dagrun for TFL_DATA_DAG to 2025-04-23 00:00:00+00:00, run_after=2025-04-24 00:00:00+00:00
[2025-04-23T10:32:20.265+0000] {processor.py:208} INFO - Processing /opt/airflow/dags/my_dag.py took 0.152 seconds
[2025-04-23T10:32:50.606+0000] {processor.py:186} INFO - Started process (PID=284) to work on /opt/airflow/dags/my_dag.py
[2025-04-23T10:32:50.608+0000] {processor.py:914} INFO - Processing file /opt/airflow/dags/my_dag.py for tasks to queue
[2025-04-23T10:32:50.616+0000] {logging_mixin.py:190} INFO - [2025-04-23T10:32:50.615+0000] {dagbag.py:588} INFO - Filling up the DagBag from /opt/airflow/dags/my_dag.py
[2025-04-23T10:32:50.650+0000] {processor.py:925} INFO - DAG(s) 'TFL_DATA_DAG' retrieved from /opt/airflow/dags/my_dag.py
[2025-04-23T10:32:50.700+0000] {logging_mixin.py:190} INFO - [2025-04-23T10:32:50.699+0000] {dag.py:3239} INFO - Sync 1 DAGs
[2025-04-23T10:32:50.738+0000] {logging_mixin.py:190} INFO - [2025-04-23T10:32:50.738+0000] {dag.py:4180} INFO - Setting next_dagrun for TFL_DATA_DAG to 2025-04-23 00:00:00+00:00, run_after=2025-04-24 00:00:00+00:00
[2025-04-23T10:32:50.773+0000] {processor.py:208} INFO - Processing /opt/airflow/dags/my_dag.py took 0.174 seconds
[2025-04-23T10:33:21.120+0000] {processor.py:186} INFO - Started process (PID=305) to work on /opt/airflow/dags/my_dag.py
[2025-04-23T10:33:21.122+0000] {processor.py:914} INFO - Processing file /opt/airflow/dags/my_dag.py for tasks to queue
[2025-04-23T10:33:21.127+0000] {logging_mixin.py:190} INFO - [2025-04-23T10:33:21.126+0000] {dagbag.py:588} INFO - Filling up the DagBag from /opt/airflow/dags/my_dag.py
[2025-04-23T10:33:21.158+0000] {processor.py:925} INFO - DAG(s) 'TFL_DATA_DAG' retrieved from /opt/airflow/dags/my_dag.py
[2025-04-23T10:33:21.194+0000] {logging_mixin.py:190} INFO - [2025-04-23T10:33:21.193+0000] {dag.py:3239} INFO - Sync 1 DAGs
[2025-04-23T10:33:21.225+0000] {logging_mixin.py:190} INFO - [2025-04-23T10:33:21.225+0000] {dag.py:4180} INFO - Setting next_dagrun for TFL_DATA_DAG to 2025-04-23 00:00:00+00:00, run_after=2025-04-24 00:00:00+00:00
[2025-04-23T10:33:21.250+0000] {processor.py:208} INFO - Processing /opt/airflow/dags/my_dag.py took 0.138 seconds
[2025-04-23T10:33:51.605+0000] {processor.py:186} INFO - Started process (PID=326) to work on /opt/airflow/dags/my_dag.py
[2025-04-23T10:33:51.609+0000] {processor.py:914} INFO - Processing file /opt/airflow/dags/my_dag.py for tasks to queue
[2025-04-23T10:33:51.613+0000] {logging_mixin.py:190} INFO - [2025-04-23T10:33:51.613+0000] {dagbag.py:588} INFO - Filling up the DagBag from /opt/airflow/dags/my_dag.py
[2025-04-23T10:33:51.647+0000] {processor.py:925} INFO - DAG(s) 'TFL_DATA_DAG' retrieved from /opt/airflow/dags/my_dag.py
[2025-04-23T10:33:51.679+0000] {logging_mixin.py:190} INFO - [2025-04-23T10:33:51.678+0000] {dag.py:3239} INFO - Sync 1 DAGs
[2025-04-23T10:33:51.712+0000] {logging_mixin.py:190} INFO - [2025-04-23T10:33:51.711+0000] {dag.py:4180} INFO - Setting next_dagrun for TFL_DATA_DAG to 2025-04-23 00:00:00+00:00, run_after=2025-04-24 00:00:00+00:00
[2025-04-23T10:33:51.739+0000] {processor.py:208} INFO - Processing /opt/airflow/dags/my_dag.py took 0.143 seconds
[2025-04-23T10:34:22.097+0000] {processor.py:186} INFO - Started process (PID=347) to work on /opt/airflow/dags/my_dag.py
[2025-04-23T10:34:22.099+0000] {processor.py:914} INFO - Processing file /opt/airflow/dags/my_dag.py for tasks to queue
[2025-04-23T10:34:22.105+0000] {logging_mixin.py:190} INFO - [2025-04-23T10:34:22.104+0000] {dagbag.py:588} INFO - Filling up the DagBag from /opt/airflow/dags/my_dag.py
[2025-04-23T10:34:22.134+0000] {processor.py:925} INFO - DAG(s) 'TFL_DATA_DAG' retrieved from /opt/airflow/dags/my_dag.py
[2025-04-23T10:34:22.172+0000] {logging_mixin.py:190} INFO - [2025-04-23T10:34:22.171+0000] {dag.py:3239} INFO - Sync 1 DAGs
[2025-04-23T10:34:22.203+0000] {logging_mixin.py:190} INFO - [2025-04-23T10:34:22.203+0000] {dag.py:4180} INFO - Setting next_dagrun for TFL_DATA_DAG to 2025-04-23 00:00:00+00:00, run_after=2025-04-24 00:00:00+00:00
[2025-04-23T10:34:22.229+0000] {processor.py:208} INFO - Processing /opt/airflow/dags/my_dag.py took 0.142 seconds
[2025-04-23T10:34:52.598+0000] {processor.py:186} INFO - Started process (PID=368) to work on /opt/airflow/dags/my_dag.py
[2025-04-23T10:34:52.601+0000] {processor.py:914} INFO - Processing file /opt/airflow/dags/my_dag.py for tasks to queue
[2025-04-23T10:34:52.608+0000] {logging_mixin.py:190} INFO - [2025-04-23T10:34:52.606+0000] {dagbag.py:588} INFO - Filling up the DagBag from /opt/airflow/dags/my_dag.py
[2025-04-23T10:34:52.646+0000] {processor.py:925} INFO - DAG(s) 'TFL_DATA_DAG' retrieved from /opt/airflow/dags/my_dag.py
[2025-04-23T10:34:52.683+0000] {logging_mixin.py:190} INFO - [2025-04-23T10:34:52.682+0000] {dag.py:3239} INFO - Sync 1 DAGs
[2025-04-23T10:34:52.722+0000] {logging_mixin.py:190} INFO - [2025-04-23T10:34:52.721+0000] {dag.py:4180} INFO - Setting next_dagrun for TFL_DATA_DAG to 2025-04-23 00:00:00+00:00, run_after=2025-04-24 00:00:00+00:00
[2025-04-23T10:34:52.749+0000] {processor.py:208} INFO - Processing /opt/airflow/dags/my_dag.py took 0.159 seconds
[2025-04-23T10:35:23.063+0000] {processor.py:186} INFO - Started process (PID=389) to work on /opt/airflow/dags/my_dag.py
[2025-04-23T10:35:23.065+0000] {processor.py:914} INFO - Processing file /opt/airflow/dags/my_dag.py for tasks to queue
[2025-04-23T10:35:23.068+0000] {logging_mixin.py:190} INFO - [2025-04-23T10:35:23.068+0000] {dagbag.py:588} INFO - Filling up the DagBag from /opt/airflow/dags/my_dag.py
[2025-04-23T10:35:23.094+0000] {processor.py:925} INFO - DAG(s) 'TFL_DATA_DAG' retrieved from /opt/airflow/dags/my_dag.py
[2025-04-23T10:35:23.116+0000] {logging_mixin.py:190} INFO - [2025-04-23T10:35:23.115+0000] {dag.py:3239} INFO - Sync 1 DAGs
[2025-04-23T10:35:23.139+0000] {logging_mixin.py:190} INFO - [2025-04-23T10:35:23.139+0000] {dag.py:4180} INFO - Setting next_dagrun for TFL_DATA_DAG to 2025-04-23 00:00:00+00:00, run_after=2025-04-24 00:00:00+00:00
[2025-04-23T10:35:23.160+0000] {processor.py:208} INFO - Processing /opt/airflow/dags/my_dag.py took 0.102 seconds
[2025-04-23T10:35:53.562+0000] {processor.py:186} INFO - Started process (PID=410) to work on /opt/airflow/dags/my_dag.py
[2025-04-23T10:35:53.564+0000] {processor.py:914} INFO - Processing file /opt/airflow/dags/my_dag.py for tasks to queue
[2025-04-23T10:35:53.570+0000] {logging_mixin.py:190} INFO - [2025-04-23T10:35:53.569+0000] {dagbag.py:588} INFO - Filling up the DagBag from /opt/airflow/dags/my_dag.py
[2025-04-23T10:35:53.606+0000] {processor.py:925} INFO - DAG(s) 'TFL_DATA_DAG' retrieved from /opt/airflow/dags/my_dag.py
[2025-04-23T10:35:53.652+0000] {logging_mixin.py:190} INFO - [2025-04-23T10:35:53.651+0000] {dag.py:3239} INFO - Sync 1 DAGs
[2025-04-23T10:35:53.688+0000] {logging_mixin.py:190} INFO - [2025-04-23T10:35:53.687+0000] {dag.py:4180} INFO - Setting next_dagrun for TFL_DATA_DAG to 2025-04-23 00:00:00+00:00, run_after=2025-04-24 00:00:00+00:00
[2025-04-23T10:35:53.720+0000] {processor.py:208} INFO - Processing /opt/airflow/dags/my_dag.py took 0.166 seconds
[2025-04-23T10:36:24.051+0000] {processor.py:186} INFO - Started process (PID=431) to work on /opt/airflow/dags/my_dag.py
[2025-04-23T10:36:24.054+0000] {processor.py:914} INFO - Processing file /opt/airflow/dags/my_dag.py for tasks to queue
[2025-04-23T10:36:24.058+0000] {logging_mixin.py:190} INFO - [2025-04-23T10:36:24.058+0000] {dagbag.py:588} INFO - Filling up the DagBag from /opt/airflow/dags/my_dag.py
[2025-04-23T10:36:24.089+0000] {processor.py:925} INFO - DAG(s) 'TFL_DATA_DAG' retrieved from /opt/airflow/dags/my_dag.py
[2025-04-23T10:36:24.129+0000] {logging_mixin.py:190} INFO - [2025-04-23T10:36:24.128+0000] {dag.py:3239} INFO - Sync 1 DAGs
[2025-04-23T10:36:24.166+0000] {logging_mixin.py:190} INFO - [2025-04-23T10:36:24.165+0000] {dag.py:4180} INFO - Setting next_dagrun for TFL_DATA_DAG to 2025-04-23 00:00:00+00:00, run_after=2025-04-24 00:00:00+00:00
[2025-04-23T10:36:24.195+0000] {processor.py:208} INFO - Processing /opt/airflow/dags/my_dag.py took 0.152 seconds
[2025-04-23T10:36:54.534+0000] {processor.py:186} INFO - Started process (PID=452) to work on /opt/airflow/dags/my_dag.py
[2025-04-23T10:36:54.537+0000] {processor.py:914} INFO - Processing file /opt/airflow/dags/my_dag.py for tasks to queue
[2025-04-23T10:36:54.542+0000] {logging_mixin.py:190} INFO - [2025-04-23T10:36:54.541+0000] {dagbag.py:588} INFO - Filling up the DagBag from /opt/airflow/dags/my_dag.py
[2025-04-23T10:36:54.577+0000] {processor.py:925} INFO - DAG(s) 'TFL_DATA_DAG' retrieved from /opt/airflow/dags/my_dag.py
[2025-04-23T10:36:54.613+0000] {logging_mixin.py:190} INFO - [2025-04-23T10:36:54.612+0000] {dag.py:3239} INFO - Sync 1 DAGs
[2025-04-23T10:36:54.646+0000] {logging_mixin.py:190} INFO - [2025-04-23T10:36:54.646+0000] {dag.py:4180} INFO - Setting next_dagrun for TFL_DATA_DAG to 2025-04-23 00:00:00+00:00, run_after=2025-04-24 00:00:00+00:00
[2025-04-23T10:36:54.676+0000] {processor.py:208} INFO - Processing /opt/airflow/dags/my_dag.py took 0.152 seconds
[2025-04-23T10:37:25.019+0000] {processor.py:186} INFO - Started process (PID=472) to work on /opt/airflow/dags/my_dag.py
[2025-04-23T10:37:25.021+0000] {processor.py:914} INFO - Processing file /opt/airflow/dags/my_dag.py for tasks to queue
[2025-04-23T10:37:25.025+0000] {logging_mixin.py:190} INFO - [2025-04-23T10:37:25.025+0000] {dagbag.py:588} INFO - Filling up the DagBag from /opt/airflow/dags/my_dag.py
[2025-04-23T10:37:25.055+0000] {processor.py:925} INFO - DAG(s) 'TFL_DATA_DAG' retrieved from /opt/airflow/dags/my_dag.py
[2025-04-23T10:37:25.090+0000] {logging_mixin.py:190} INFO - [2025-04-23T10:37:25.089+0000] {dag.py:3239} INFO - Sync 1 DAGs
[2025-04-23T10:37:25.121+0000] {logging_mixin.py:190} INFO - [2025-04-23T10:37:25.121+0000] {dag.py:4180} INFO - Setting next_dagrun for TFL_DATA_DAG to 2025-04-23 00:00:00+00:00, run_after=2025-04-24 00:00:00+00:00
[2025-04-23T10:37:25.151+0000] {processor.py:208} INFO - Processing /opt/airflow/dags/my_dag.py took 0.140 seconds
[2025-04-23T10:37:55.515+0000] {processor.py:186} INFO - Started process (PID=492) to work on /opt/airflow/dags/my_dag.py
[2025-04-23T10:37:55.517+0000] {processor.py:914} INFO - Processing file /opt/airflow/dags/my_dag.py for tasks to queue
[2025-04-23T10:37:55.521+0000] {logging_mixin.py:190} INFO - [2025-04-23T10:37:55.521+0000] {dagbag.py:588} INFO - Filling up the DagBag from /opt/airflow/dags/my_dag.py
[2025-04-23T10:37:55.565+0000] {processor.py:925} INFO - DAG(s) 'TFL_DATA_DAG' retrieved from /opt/airflow/dags/my_dag.py
[2025-04-23T10:37:55.605+0000] {logging_mixin.py:190} INFO - [2025-04-23T10:37:55.604+0000] {dag.py:3239} INFO - Sync 1 DAGs
[2025-04-23T10:37:55.639+0000] {logging_mixin.py:190} INFO - [2025-04-23T10:37:55.639+0000] {dag.py:4180} INFO - Setting next_dagrun for TFL_DATA_DAG to 2025-04-23 00:00:00+00:00, run_after=2025-04-24 00:00:00+00:00
[2025-04-23T10:37:55.670+0000] {processor.py:208} INFO - Processing /opt/airflow/dags/my_dag.py took 0.167 seconds
[2025-04-23T10:38:26.007+0000] {processor.py:186} INFO - Started process (PID=513) to work on /opt/airflow/dags/my_dag.py
[2025-04-23T10:38:26.010+0000] {processor.py:914} INFO - Processing file /opt/airflow/dags/my_dag.py for tasks to queue
[2025-04-23T10:38:26.014+0000] {logging_mixin.py:190} INFO - [2025-04-23T10:38:26.014+0000] {dagbag.py:588} INFO - Filling up the DagBag from /opt/airflow/dags/my_dag.py
[2025-04-23T10:38:26.053+0000] {processor.py:925} INFO - DAG(s) 'TFL_DATA_DAG' retrieved from /opt/airflow/dags/my_dag.py
[2025-04-23T10:38:26.095+0000] {logging_mixin.py:190} INFO - [2025-04-23T10:38:26.094+0000] {dag.py:3239} INFO - Sync 1 DAGs
[2025-04-23T10:38:26.137+0000] {logging_mixin.py:190} INFO - [2025-04-23T10:38:26.136+0000] {dag.py:4180} INFO - Setting next_dagrun for TFL_DATA_DAG to 2025-04-23 00:00:00+00:00, run_after=2025-04-24 00:00:00+00:00
[2025-04-23T10:38:26.171+0000] {processor.py:208} INFO - Processing /opt/airflow/dags/my_dag.py took 0.174 seconds
[2025-04-23T10:38:56.501+0000] {processor.py:186} INFO - Started process (PID=534) to work on /opt/airflow/dags/my_dag.py
[2025-04-23T10:38:56.504+0000] {processor.py:914} INFO - Processing file /opt/airflow/dags/my_dag.py for tasks to queue
[2025-04-23T10:38:56.510+0000] {logging_mixin.py:190} INFO - [2025-04-23T10:38:56.509+0000] {dagbag.py:588} INFO - Filling up the DagBag from /opt/airflow/dags/my_dag.py
[2025-04-23T10:38:56.543+0000] {processor.py:925} INFO - DAG(s) 'TFL_DATA_DAG' retrieved from /opt/airflow/dags/my_dag.py
[2025-04-23T10:38:56.581+0000] {logging_mixin.py:190} INFO - [2025-04-23T10:38:56.580+0000] {dag.py:3239} INFO - Sync 1 DAGs
[2025-04-23T10:38:56.616+0000] {logging_mixin.py:190} INFO - [2025-04-23T10:38:56.616+0000] {dag.py:4180} INFO - Setting next_dagrun for TFL_DATA_DAG to 2025-04-23 00:00:00+00:00, run_after=2025-04-24 00:00:00+00:00
[2025-04-23T10:38:56.638+0000] {processor.py:208} INFO - Processing /opt/airflow/dags/my_dag.py took 0.145 seconds
[2025-04-23T10:39:26.978+0000] {processor.py:186} INFO - Started process (PID=555) to work on /opt/airflow/dags/my_dag.py
[2025-04-23T10:39:26.981+0000] {processor.py:914} INFO - Processing file /opt/airflow/dags/my_dag.py for tasks to queue
[2025-04-23T10:39:26.985+0000] {logging_mixin.py:190} INFO - [2025-04-23T10:39:26.985+0000] {dagbag.py:588} INFO - Filling up the DagBag from /opt/airflow/dags/my_dag.py
[2025-04-23T10:39:27.022+0000] {processor.py:925} INFO - DAG(s) 'TFL_DATA_DAG' retrieved from /opt/airflow/dags/my_dag.py
[2025-04-23T10:39:27.060+0000] {logging_mixin.py:190} INFO - [2025-04-23T10:39:27.059+0000] {dag.py:3239} INFO - Sync 1 DAGs
[2025-04-23T10:39:27.093+0000] {logging_mixin.py:190} INFO - [2025-04-23T10:39:27.093+0000] {dag.py:4180} INFO - Setting next_dagrun for TFL_DATA_DAG to 2025-04-23 00:00:00+00:00, run_after=2025-04-24 00:00:00+00:00
[2025-04-23T10:39:27.121+0000] {processor.py:208} INFO - Processing /opt/airflow/dags/my_dag.py took 0.151 seconds
[2025-04-23T10:39:57.482+0000] {processor.py:186} INFO - Started process (PID=576) to work on /opt/airflow/dags/my_dag.py
[2025-04-23T10:39:57.484+0000] {processor.py:914} INFO - Processing file /opt/airflow/dags/my_dag.py for tasks to queue
[2025-04-23T10:39:57.490+0000] {logging_mixin.py:190} INFO - [2025-04-23T10:39:57.489+0000] {dagbag.py:588} INFO - Filling up the DagBag from /opt/airflow/dags/my_dag.py
[2025-04-23T10:39:57.533+0000] {processor.py:925} INFO - DAG(s) 'TFL_DATA_DAG' retrieved from /opt/airflow/dags/my_dag.py
[2025-04-23T10:39:57.570+0000] {logging_mixin.py:190} INFO - [2025-04-23T10:39:57.570+0000] {dag.py:3239} INFO - Sync 1 DAGs
[2025-04-23T10:39:57.600+0000] {logging_mixin.py:190} INFO - [2025-04-23T10:39:57.599+0000] {dag.py:4180} INFO - Setting next_dagrun for TFL_DATA_DAG to 2025-04-23 00:00:00+00:00, run_after=2025-04-24 00:00:00+00:00
[2025-04-23T10:39:57.626+0000] {processor.py:208} INFO - Processing /opt/airflow/dags/my_dag.py took 0.153 seconds
[2025-04-23T10:40:27.971+0000] {processor.py:186} INFO - Started process (PID=597) to work on /opt/airflow/dags/my_dag.py
[2025-04-23T10:40:27.973+0000] {processor.py:914} INFO - Processing file /opt/airflow/dags/my_dag.py for tasks to queue
[2025-04-23T10:40:27.978+0000] {logging_mixin.py:190} INFO - [2025-04-23T10:40:27.978+0000] {dagbag.py:588} INFO - Filling up the DagBag from /opt/airflow/dags/my_dag.py
[2025-04-23T10:40:28.018+0000] {processor.py:925} INFO - DAG(s) 'TFL_DATA_DAG' retrieved from /opt/airflow/dags/my_dag.py
[2025-04-23T10:40:28.051+0000] {logging_mixin.py:190} INFO - [2025-04-23T10:40:28.050+0000] {dag.py:3239} INFO - Sync 1 DAGs
[2025-04-23T10:40:28.083+0000] {logging_mixin.py:190} INFO - [2025-04-23T10:40:28.082+0000] {dag.py:4180} INFO - Setting next_dagrun for TFL_DATA_DAG to 2025-04-23 00:00:00+00:00, run_after=2025-04-24 00:00:00+00:00
[2025-04-23T10:40:28.115+0000] {processor.py:208} INFO - Processing /opt/airflow/dags/my_dag.py took 0.154 seconds
[2025-04-23T10:40:58.492+0000] {processor.py:186} INFO - Started process (PID=618) to work on /opt/airflow/dags/my_dag.py
[2025-04-23T10:40:58.494+0000] {processor.py:914} INFO - Processing file /opt/airflow/dags/my_dag.py for tasks to queue
[2025-04-23T10:40:58.499+0000] {logging_mixin.py:190} INFO - [2025-04-23T10:40:58.499+0000] {dagbag.py:588} INFO - Filling up the DagBag from /opt/airflow/dags/my_dag.py
[2025-04-23T10:40:58.528+0000] {processor.py:925} INFO - DAG(s) 'TFL_DATA_DAG' retrieved from /opt/airflow/dags/my_dag.py
[2025-04-23T10:40:58.565+0000] {logging_mixin.py:190} INFO - [2025-04-23T10:40:58.564+0000] {dag.py:3239} INFO - Sync 1 DAGs
[2025-04-23T10:40:58.600+0000] {logging_mixin.py:190} INFO - [2025-04-23T10:40:58.599+0000] {dag.py:4180} INFO - Setting next_dagrun for TFL_DATA_DAG to 2025-04-23 00:00:00+00:00, run_after=2025-04-24 00:00:00+00:00
[2025-04-23T10:40:58.625+0000] {processor.py:208} INFO - Processing /opt/airflow/dags/my_dag.py took 0.147 seconds
[2025-04-23T10:41:29.031+0000] {processor.py:186} INFO - Started process (PID=639) to work on /opt/airflow/dags/my_dag.py
[2025-04-23T10:41:29.035+0000] {processor.py:914} INFO - Processing file /opt/airflow/dags/my_dag.py for tasks to queue
[2025-04-23T10:41:29.045+0000] {logging_mixin.py:190} INFO - [2025-04-23T10:41:29.044+0000] {dagbag.py:588} INFO - Filling up the DagBag from /opt/airflow/dags/my_dag.py
[2025-04-23T10:41:29.106+0000] {processor.py:925} INFO - DAG(s) 'TFL_DATA_DAG' retrieved from /opt/airflow/dags/my_dag.py
[2025-04-23T10:41:29.147+0000] {logging_mixin.py:190} INFO - [2025-04-23T10:41:29.146+0000] {dag.py:3239} INFO - Sync 1 DAGs
[2025-04-23T10:41:29.177+0000] {logging_mixin.py:190} INFO - [2025-04-23T10:41:29.176+0000] {dag.py:4180} INFO - Setting next_dagrun for TFL_DATA_DAG to 2025-04-23 00:00:00+00:00, run_after=2025-04-24 00:00:00+00:00
[2025-04-23T10:41:29.208+0000] {processor.py:208} INFO - Processing /opt/airflow/dags/my_dag.py took 0.186 seconds
[2025-04-23T10:41:59.533+0000] {processor.py:186} INFO - Started process (PID=660) to work on /opt/airflow/dags/my_dag.py
[2025-04-23T10:41:59.534+0000] {processor.py:914} INFO - Processing file /opt/airflow/dags/my_dag.py for tasks to queue
[2025-04-23T10:41:59.538+0000] {logging_mixin.py:190} INFO - [2025-04-23T10:41:59.538+0000] {dagbag.py:588} INFO - Filling up the DagBag from /opt/airflow/dags/my_dag.py
[2025-04-23T10:41:59.557+0000] {processor.py:925} INFO - DAG(s) 'TFL_DATA_DAG' retrieved from /opt/airflow/dags/my_dag.py
[2025-04-23T10:41:59.582+0000] {logging_mixin.py:190} INFO - [2025-04-23T10:41:59.582+0000] {dag.py:3239} INFO - Sync 1 DAGs
[2025-04-23T10:41:59.604+0000] {logging_mixin.py:190} INFO - [2025-04-23T10:41:59.604+0000] {dag.py:4180} INFO - Setting next_dagrun for TFL_DATA_DAG to 2025-04-23 00:00:00+00:00, run_after=2025-04-24 00:00:00+00:00
[2025-04-23T10:41:59.629+0000] {processor.py:208} INFO - Processing /opt/airflow/dags/my_dag.py took 0.101 seconds
[2025-04-23T10:42:29.983+0000] {processor.py:186} INFO - Started process (PID=681) to work on /opt/airflow/dags/my_dag.py
[2025-04-23T10:42:29.990+0000] {processor.py:914} INFO - Processing file /opt/airflow/dags/my_dag.py for tasks to queue
[2025-04-23T10:42:29.996+0000] {logging_mixin.py:190} INFO - [2025-04-23T10:42:29.995+0000] {dagbag.py:588} INFO - Filling up the DagBag from /opt/airflow/dags/my_dag.py
[2025-04-23T10:42:30.033+0000] {processor.py:925} INFO - DAG(s) 'TFL_DATA_DAG' retrieved from /opt/airflow/dags/my_dag.py
[2025-04-23T10:42:30.063+0000] {logging_mixin.py:190} INFO - [2025-04-23T10:42:30.062+0000] {dag.py:3239} INFO - Sync 1 DAGs
[2025-04-23T10:42:30.098+0000] {logging_mixin.py:190} INFO - [2025-04-23T10:42:30.098+0000] {dag.py:4180} INFO - Setting next_dagrun for TFL_DATA_DAG to 2025-04-23 00:00:00+00:00, run_after=2025-04-24 00:00:00+00:00
[2025-04-23T10:42:30.124+0000] {processor.py:208} INFO - Processing /opt/airflow/dags/my_dag.py took 0.150 seconds
[2025-04-23T10:43:00.480+0000] {processor.py:186} INFO - Started process (PID=702) to work on /opt/airflow/dags/my_dag.py
[2025-04-23T10:43:00.482+0000] {processor.py:914} INFO - Processing file /opt/airflow/dags/my_dag.py for tasks to queue
[2025-04-23T10:43:00.487+0000] {logging_mixin.py:190} INFO - [2025-04-23T10:43:00.486+0000] {dagbag.py:588} INFO - Filling up the DagBag from /opt/airflow/dags/my_dag.py
[2025-04-23T10:43:00.519+0000] {processor.py:925} INFO - DAG(s) 'TFL_DATA_DAG' retrieved from /opt/airflow/dags/my_dag.py
[2025-04-23T10:43:00.553+0000] {logging_mixin.py:190} INFO - [2025-04-23T10:43:00.552+0000] {dag.py:3239} INFO - Sync 1 DAGs
[2025-04-23T10:43:00.589+0000] {logging_mixin.py:190} INFO - [2025-04-23T10:43:00.588+0000] {dag.py:4180} INFO - Setting next_dagrun for TFL_DATA_DAG to 2025-04-23 00:00:00+00:00, run_after=2025-04-24 00:00:00+00:00
[2025-04-23T10:43:00.617+0000] {processor.py:208} INFO - Processing /opt/airflow/dags/my_dag.py took 0.145 seconds
[2025-04-23T10:43:30.949+0000] {processor.py:186} INFO - Started process (PID=723) to work on /opt/airflow/dags/my_dag.py
[2025-04-23T10:43:30.950+0000] {processor.py:914} INFO - Processing file /opt/airflow/dags/my_dag.py for tasks to queue
[2025-04-23T10:43:30.954+0000] {logging_mixin.py:190} INFO - [2025-04-23T10:43:30.953+0000] {dagbag.py:588} INFO - Filling up the DagBag from /opt/airflow/dags/my_dag.py
[2025-04-23T10:43:30.974+0000] {processor.py:925} INFO - DAG(s) 'TFL_DATA_DAG' retrieved from /opt/airflow/dags/my_dag.py
[2025-04-23T10:43:30.997+0000] {logging_mixin.py:190} INFO - [2025-04-23T10:43:30.996+0000] {dag.py:3239} INFO - Sync 1 DAGs
[2025-04-23T10:43:31.019+0000] {logging_mixin.py:190} INFO - [2025-04-23T10:43:31.019+0000] {dag.py:4180} INFO - Setting next_dagrun for TFL_DATA_DAG to 2025-04-23 00:00:00+00:00, run_after=2025-04-24 00:00:00+00:00
[2025-04-23T10:43:31.038+0000] {processor.py:208} INFO - Processing /opt/airflow/dags/my_dag.py took 0.094 seconds
[2025-04-23T10:44:01.331+0000] {processor.py:186} INFO - Started process (PID=744) to work on /opt/airflow/dags/my_dag.py
[2025-04-23T10:44:01.333+0000] {processor.py:914} INFO - Processing file /opt/airflow/dags/my_dag.py for tasks to queue
[2025-04-23T10:44:01.338+0000] {logging_mixin.py:190} INFO - [2025-04-23T10:44:01.337+0000] {dagbag.py:588} INFO - Filling up the DagBag from /opt/airflow/dags/my_dag.py
[2025-04-23T10:44:01.370+0000] {processor.py:925} INFO - DAG(s) 'TFL_DATA_DAG' retrieved from /opt/airflow/dags/my_dag.py
[2025-04-23T10:44:01.404+0000] {logging_mixin.py:190} INFO - [2025-04-23T10:44:01.404+0000] {dag.py:3239} INFO - Sync 1 DAGs
[2025-04-23T10:44:01.440+0000] {logging_mixin.py:190} INFO - [2025-04-23T10:44:01.440+0000] {dag.py:4180} INFO - Setting next_dagrun for TFL_DATA_DAG to 2025-04-23 00:00:00+00:00, run_after=2025-04-24 00:00:00+00:00
[2025-04-23T10:44:01.473+0000] {processor.py:208} INFO - Processing /opt/airflow/dags/my_dag.py took 0.150 seconds
[2025-04-23T10:44:31.831+0000] {processor.py:186} INFO - Started process (PID=765) to work on /opt/airflow/dags/my_dag.py
[2025-04-23T10:44:31.834+0000] {processor.py:914} INFO - Processing file /opt/airflow/dags/my_dag.py for tasks to queue
[2025-04-23T10:44:31.839+0000] {logging_mixin.py:190} INFO - [2025-04-23T10:44:31.838+0000] {dagbag.py:588} INFO - Filling up the DagBag from /opt/airflow/dags/my_dag.py
[2025-04-23T10:44:31.871+0000] {processor.py:925} INFO - DAG(s) 'TFL_DATA_DAG' retrieved from /opt/airflow/dags/my_dag.py
[2025-04-23T10:44:31.905+0000] {logging_mixin.py:190} INFO - [2025-04-23T10:44:31.904+0000] {dag.py:3239} INFO - Sync 1 DAGs
[2025-04-23T10:44:31.940+0000] {logging_mixin.py:190} INFO - [2025-04-23T10:44:31.939+0000] {dag.py:4180} INFO - Setting next_dagrun for TFL_DATA_DAG to 2025-04-23 00:00:00+00:00, run_after=2025-04-24 00:00:00+00:00
[2025-04-23T10:44:31.969+0000] {processor.py:208} INFO - Processing /opt/airflow/dags/my_dag.py took 0.147 seconds
[2025-04-23T10:45:02.341+0000] {processor.py:186} INFO - Started process (PID=786) to work on /opt/airflow/dags/my_dag.py
[2025-04-23T10:45:02.343+0000] {processor.py:914} INFO - Processing file /opt/airflow/dags/my_dag.py for tasks to queue
[2025-04-23T10:45:02.349+0000] {logging_mixin.py:190} INFO - [2025-04-23T10:45:02.349+0000] {dagbag.py:588} INFO - Filling up the DagBag from /opt/airflow/dags/my_dag.py
[2025-04-23T10:45:02.385+0000] {processor.py:925} INFO - DAG(s) 'TFL_DATA_DAG' retrieved from /opt/airflow/dags/my_dag.py
[2025-04-23T10:45:02.431+0000] {logging_mixin.py:190} INFO - [2025-04-23T10:45:02.430+0000] {dag.py:3239} INFO - Sync 1 DAGs
[2025-04-23T10:45:02.465+0000] {logging_mixin.py:190} INFO - [2025-04-23T10:45:02.465+0000] {dag.py:4180} INFO - Setting next_dagrun for TFL_DATA_DAG to 2025-04-23 00:00:00+00:00, run_after=2025-04-24 00:00:00+00:00
[2025-04-23T10:45:02.490+0000] {processor.py:208} INFO - Processing /opt/airflow/dags/my_dag.py took 0.165 seconds
[2025-04-23T10:45:32.811+0000] {processor.py:186} INFO - Started process (PID=807) to work on /opt/airflow/dags/my_dag.py
[2025-04-23T10:45:32.813+0000] {processor.py:914} INFO - Processing file /opt/airflow/dags/my_dag.py for tasks to queue
[2025-04-23T10:45:32.817+0000] {logging_mixin.py:190} INFO - [2025-04-23T10:45:32.816+0000] {dagbag.py:588} INFO - Filling up the DagBag from /opt/airflow/dags/my_dag.py
[2025-04-23T10:45:32.847+0000] {processor.py:925} INFO - DAG(s) 'TFL_DATA_DAG' retrieved from /opt/airflow/dags/my_dag.py
[2025-04-23T10:45:32.884+0000] {logging_mixin.py:190} INFO - [2025-04-23T10:45:32.883+0000] {dag.py:3239} INFO - Sync 1 DAGs
[2025-04-23T10:45:32.916+0000] {logging_mixin.py:190} INFO - [2025-04-23T10:45:32.916+0000] {dag.py:4180} INFO - Setting next_dagrun for TFL_DATA_DAG to 2025-04-23 00:00:00+00:00, run_after=2025-04-24 00:00:00+00:00
[2025-04-23T10:45:32.948+0000] {processor.py:208} INFO - Processing /opt/airflow/dags/my_dag.py took 0.146 seconds
[2025-04-23T10:46:03.408+0000] {processor.py:186} INFO - Started process (PID=828) to work on /opt/airflow/dags/my_dag.py
[2025-04-23T10:46:03.410+0000] {processor.py:914} INFO - Processing file /opt/airflow/dags/my_dag.py for tasks to queue
[2025-04-23T10:46:03.415+0000] {logging_mixin.py:190} INFO - [2025-04-23T10:46:03.414+0000] {dagbag.py:588} INFO - Filling up the DagBag from /opt/airflow/dags/my_dag.py
[2025-04-23T10:46:03.451+0000] {processor.py:925} INFO - DAG(s) 'TFL_DATA_DAG' retrieved from /opt/airflow/dags/my_dag.py
[2025-04-23T10:46:03.490+0000] {logging_mixin.py:190} INFO - [2025-04-23T10:46:03.489+0000] {dag.py:3239} INFO - Sync 1 DAGs
[2025-04-23T10:46:03.522+0000] {logging_mixin.py:190} INFO - [2025-04-23T10:46:03.521+0000] {dag.py:4180} INFO - Setting next_dagrun for TFL_DATA_DAG to 2025-04-23 00:00:00+00:00, run_after=2025-04-24 00:00:00+00:00
[2025-04-23T10:46:03.545+0000] {processor.py:208} INFO - Processing /opt/airflow/dags/my_dag.py took 0.145 seconds
[2025-04-23T10:46:33.924+0000] {processor.py:186} INFO - Started process (PID=849) to work on /opt/airflow/dags/my_dag.py
[2025-04-23T10:46:33.927+0000] {processor.py:914} INFO - Processing file /opt/airflow/dags/my_dag.py for tasks to queue
[2025-04-23T10:46:33.931+0000] {logging_mixin.py:190} INFO - [2025-04-23T10:46:33.931+0000] {dagbag.py:588} INFO - Filling up the DagBag from /opt/airflow/dags/my_dag.py
[2025-04-23T10:46:33.968+0000] {processor.py:925} INFO - DAG(s) 'TFL_DATA_DAG' retrieved from /opt/airflow/dags/my_dag.py
[2025-04-23T10:46:34.001+0000] {logging_mixin.py:190} INFO - [2025-04-23T10:46:34.001+0000] {dag.py:3239} INFO - Sync 1 DAGs
[2025-04-23T10:46:34.035+0000] {logging_mixin.py:190} INFO - [2025-04-23T10:46:34.034+0000] {dag.py:4180} INFO - Setting next_dagrun for TFL_DATA_DAG to 2025-04-23 00:00:00+00:00, run_after=2025-04-24 00:00:00+00:00
[2025-04-23T10:46:34.063+0000] {processor.py:208} INFO - Processing /opt/airflow/dags/my_dag.py took 0.149 seconds
[2025-04-23T10:47:04.444+0000] {processor.py:186} INFO - Started process (PID=870) to work on /opt/airflow/dags/my_dag.py
[2025-04-23T10:47:04.447+0000] {processor.py:914} INFO - Processing file /opt/airflow/dags/my_dag.py for tasks to queue
[2025-04-23T10:47:04.452+0000] {logging_mixin.py:190} INFO - [2025-04-23T10:47:04.451+0000] {dagbag.py:588} INFO - Filling up the DagBag from /opt/airflow/dags/my_dag.py
[2025-04-23T10:47:04.487+0000] {processor.py:925} INFO - DAG(s) 'TFL_DATA_DAG' retrieved from /opt/airflow/dags/my_dag.py
[2025-04-23T10:47:04.526+0000] {logging_mixin.py:190} INFO - [2025-04-23T10:47:04.526+0000] {dag.py:3239} INFO - Sync 1 DAGs
[2025-04-23T10:47:04.561+0000] {logging_mixin.py:190} INFO - [2025-04-23T10:47:04.561+0000] {dag.py:4180} INFO - Setting next_dagrun for TFL_DATA_DAG to 2025-04-23 00:00:00+00:00, run_after=2025-04-24 00:00:00+00:00
[2025-04-23T10:47:04.585+0000] {processor.py:208} INFO - Processing /opt/airflow/dags/my_dag.py took 0.150 seconds
[2025-04-23T10:47:34.946+0000] {processor.py:186} INFO - Started process (PID=891) to work on /opt/airflow/dags/my_dag.py
[2025-04-23T10:47:34.949+0000] {processor.py:914} INFO - Processing file /opt/airflow/dags/my_dag.py for tasks to queue
[2025-04-23T10:47:34.954+0000] {logging_mixin.py:190} INFO - [2025-04-23T10:47:34.953+0000] {dagbag.py:588} INFO - Filling up the DagBag from /opt/airflow/dags/my_dag.py
[2025-04-23T10:47:34.990+0000] {processor.py:925} INFO - DAG(s) 'TFL_DATA_DAG' retrieved from /opt/airflow/dags/my_dag.py
[2025-04-23T10:47:35.028+0000] {logging_mixin.py:190} INFO - [2025-04-23T10:47:35.027+0000] {dag.py:3239} INFO - Sync 1 DAGs
[2025-04-23T10:47:35.070+0000] {logging_mixin.py:190} INFO - [2025-04-23T10:47:35.069+0000] {dag.py:4180} INFO - Setting next_dagrun for TFL_DATA_DAG to 2025-04-23 00:00:00+00:00, run_after=2025-04-24 00:00:00+00:00
[2025-04-23T10:47:35.108+0000] {processor.py:208} INFO - Processing /opt/airflow/dags/my_dag.py took 0.173 seconds
[2025-04-23T10:48:05.483+0000] {processor.py:186} INFO - Started process (PID=911) to work on /opt/airflow/dags/my_dag.py
[2025-04-23T10:48:05.485+0000] {processor.py:914} INFO - Processing file /opt/airflow/dags/my_dag.py for tasks to queue
[2025-04-23T10:48:05.491+0000] {logging_mixin.py:190} INFO - [2025-04-23T10:48:05.491+0000] {dagbag.py:588} INFO - Filling up the DagBag from /opt/airflow/dags/my_dag.py
[2025-04-23T10:48:05.526+0000] {processor.py:925} INFO - DAG(s) 'TFL_DATA_DAG' retrieved from /opt/airflow/dags/my_dag.py
[2025-04-23T10:48:05.567+0000] {logging_mixin.py:190} INFO - [2025-04-23T10:48:05.566+0000] {dag.py:3239} INFO - Sync 1 DAGs
[2025-04-23T10:48:05.605+0000] {logging_mixin.py:190} INFO - [2025-04-23T10:48:05.604+0000] {dag.py:4180} INFO - Setting next_dagrun for TFL_DATA_DAG to 2025-04-23 00:00:00+00:00, run_after=2025-04-24 00:00:00+00:00
[2025-04-23T10:48:05.632+0000] {processor.py:208} INFO - Processing /opt/airflow/dags/my_dag.py took 0.159 seconds
[2025-04-23T10:48:36.015+0000] {processor.py:186} INFO - Started process (PID=932) to work on /opt/airflow/dags/my_dag.py
[2025-04-23T10:48:36.018+0000] {processor.py:914} INFO - Processing file /opt/airflow/dags/my_dag.py for tasks to queue
[2025-04-23T10:48:36.026+0000] {logging_mixin.py:190} INFO - [2025-04-23T10:48:36.026+0000] {dagbag.py:588} INFO - Filling up the DagBag from /opt/airflow/dags/my_dag.py
[2025-04-23T10:48:36.083+0000] {processor.py:925} INFO - DAG(s) 'TFL_DATA_DAG' retrieved from /opt/airflow/dags/my_dag.py
[2025-04-23T10:48:36.119+0000] {logging_mixin.py:190} INFO - [2025-04-23T10:48:36.118+0000] {dag.py:3239} INFO - Sync 1 DAGs
[2025-04-23T10:48:36.150+0000] {logging_mixin.py:190} INFO - [2025-04-23T10:48:36.150+0000] {dag.py:4180} INFO - Setting next_dagrun for TFL_DATA_DAG to 2025-04-23 00:00:00+00:00, run_after=2025-04-24 00:00:00+00:00
[2025-04-23T10:48:36.181+0000] {processor.py:208} INFO - Processing /opt/airflow/dags/my_dag.py took 0.178 seconds
[2025-04-23T10:49:06.491+0000] {processor.py:186} INFO - Started process (PID=953) to work on /opt/airflow/dags/my_dag.py
[2025-04-23T10:49:06.493+0000] {processor.py:914} INFO - Processing file /opt/airflow/dags/my_dag.py for tasks to queue
[2025-04-23T10:49:06.497+0000] {logging_mixin.py:190} INFO - [2025-04-23T10:49:06.496+0000] {dagbag.py:588} INFO - Filling up the DagBag from /opt/airflow/dags/my_dag.py
[2025-04-23T10:49:06.528+0000] {processor.py:925} INFO - DAG(s) 'TFL_DATA_DAG' retrieved from /opt/airflow/dags/my_dag.py
[2025-04-23T10:49:06.568+0000] {logging_mixin.py:190} INFO - [2025-04-23T10:49:06.567+0000] {dag.py:3239} INFO - Sync 1 DAGs
[2025-04-23T10:49:06.609+0000] {logging_mixin.py:190} INFO - [2025-04-23T10:49:06.608+0000] {dag.py:4180} INFO - Setting next_dagrun for TFL_DATA_DAG to 2025-04-23 00:00:00+00:00, run_after=2025-04-24 00:00:00+00:00
[2025-04-23T10:49:06.640+0000] {processor.py:208} INFO - Processing /opt/airflow/dags/my_dag.py took 0.154 seconds
[2025-04-23T10:49:36.957+0000] {processor.py:186} INFO - Started process (PID=975) to work on /opt/airflow/dags/my_dag.py
[2025-04-23T10:49:36.958+0000] {processor.py:914} INFO - Processing file /opt/airflow/dags/my_dag.py for tasks to queue
[2025-04-23T10:49:36.962+0000] {logging_mixin.py:190} INFO - [2025-04-23T10:49:36.962+0000] {dagbag.py:588} INFO - Filling up the DagBag from /opt/airflow/dags/my_dag.py
[2025-04-23T10:49:36.981+0000] {processor.py:925} INFO - DAG(s) 'TFL_DATA_DAG' retrieved from /opt/airflow/dags/my_dag.py
[2025-04-23T10:49:37.005+0000] {logging_mixin.py:190} INFO - [2025-04-23T10:49:37.004+0000] {dag.py:3239} INFO - Sync 1 DAGs
[2025-04-23T10:49:37.026+0000] {logging_mixin.py:190} INFO - [2025-04-23T10:49:37.026+0000] {dag.py:4180} INFO - Setting next_dagrun for TFL_DATA_DAG to 2025-04-23 00:00:00+00:00, run_after=2025-04-24 00:00:00+00:00
[2025-04-23T10:49:37.045+0000] {processor.py:208} INFO - Processing /opt/airflow/dags/my_dag.py took 0.094 seconds
[2025-04-23T10:50:07.405+0000] {processor.py:186} INFO - Started process (PID=996) to work on /opt/airflow/dags/my_dag.py
[2025-04-23T10:50:07.407+0000] {processor.py:914} INFO - Processing file /opt/airflow/dags/my_dag.py for tasks to queue
[2025-04-23T10:50:07.412+0000] {logging_mixin.py:190} INFO - [2025-04-23T10:50:07.411+0000] {dagbag.py:588} INFO - Filling up the DagBag from /opt/airflow/dags/my_dag.py
[2025-04-23T10:50:07.450+0000] {processor.py:925} INFO - DAG(s) 'TFL_DATA_DAG' retrieved from /opt/airflow/dags/my_dag.py
[2025-04-23T10:50:07.493+0000] {logging_mixin.py:190} INFO - [2025-04-23T10:50:07.492+0000] {dag.py:3239} INFO - Sync 1 DAGs
[2025-04-23T10:50:07.530+0000] {logging_mixin.py:190} INFO - [2025-04-23T10:50:07.530+0000] {dag.py:4180} INFO - Setting next_dagrun for TFL_DATA_DAG to 2025-04-23 00:00:00+00:00, run_after=2025-04-24 00:00:00+00:00
[2025-04-23T10:50:07.567+0000] {processor.py:208} INFO - Processing /opt/airflow/dags/my_dag.py took 0.174 seconds
[2025-04-23T10:50:37.906+0000] {processor.py:186} INFO - Started process (PID=1017) to work on /opt/airflow/dags/my_dag.py
[2025-04-23T10:50:37.909+0000] {processor.py:914} INFO - Processing file /opt/airflow/dags/my_dag.py for tasks to queue
[2025-04-23T10:50:37.913+0000] {logging_mixin.py:190} INFO - [2025-04-23T10:50:37.913+0000] {dagbag.py:588} INFO - Filling up the DagBag from /opt/airflow/dags/my_dag.py
[2025-04-23T10:50:37.948+0000] {processor.py:925} INFO - DAG(s) 'TFL_DATA_DAG' retrieved from /opt/airflow/dags/my_dag.py
[2025-04-23T10:50:37.996+0000] {logging_mixin.py:190} INFO - [2025-04-23T10:50:37.994+0000] {dag.py:3239} INFO - Sync 1 DAGs
[2025-04-23T10:50:38.035+0000] {logging_mixin.py:190} INFO - [2025-04-23T10:50:38.035+0000] {dag.py:4180} INFO - Setting next_dagrun for TFL_DATA_DAG to 2025-04-23 00:00:00+00:00, run_after=2025-04-24 00:00:00+00:00
[2025-04-23T10:50:38.065+0000] {processor.py:208} INFO - Processing /opt/airflow/dags/my_dag.py took 0.169 seconds
[2025-04-23T10:51:08.503+0000] {processor.py:186} INFO - Started process (PID=1038) to work on /opt/airflow/dags/my_dag.py
[2025-04-23T10:51:08.505+0000] {processor.py:914} INFO - Processing file /opt/airflow/dags/my_dag.py for tasks to queue
[2025-04-23T10:51:08.511+0000] {logging_mixin.py:190} INFO - [2025-04-23T10:51:08.510+0000] {dagbag.py:588} INFO - Filling up the DagBag from /opt/airflow/dags/my_dag.py
[2025-04-23T10:51:08.542+0000] {processor.py:925} INFO - DAG(s) 'TFL_DATA_DAG' retrieved from /opt/airflow/dags/my_dag.py
[2025-04-23T10:51:08.585+0000] {logging_mixin.py:190} INFO - [2025-04-23T10:51:08.585+0000] {dag.py:3239} INFO - Sync 1 DAGs
[2025-04-23T10:51:08.622+0000] {logging_mixin.py:190} INFO - [2025-04-23T10:51:08.622+0000] {dag.py:4180} INFO - Setting next_dagrun for TFL_DATA_DAG to 2025-04-23 00:00:00+00:00, run_after=2025-04-24 00:00:00+00:00
[2025-04-23T10:51:08.651+0000] {processor.py:208} INFO - Processing /opt/airflow/dags/my_dag.py took 0.161 seconds
[2025-04-23T10:51:39.046+0000] {processor.py:186} INFO - Started process (PID=1059) to work on /opt/airflow/dags/my_dag.py
[2025-04-23T10:51:39.049+0000] {processor.py:914} INFO - Processing file /opt/airflow/dags/my_dag.py for tasks to queue
[2025-04-23T10:51:39.054+0000] {logging_mixin.py:190} INFO - [2025-04-23T10:51:39.054+0000] {dagbag.py:588} INFO - Filling up the DagBag from /opt/airflow/dags/my_dag.py
[2025-04-23T10:51:39.094+0000] {processor.py:925} INFO - DAG(s) 'TFL_DATA_DAG' retrieved from /opt/airflow/dags/my_dag.py
[2025-04-23T10:51:39.126+0000] {logging_mixin.py:190} INFO - [2025-04-23T10:51:39.126+0000] {dag.py:3239} INFO - Sync 1 DAGs
[2025-04-23T10:51:39.168+0000] {logging_mixin.py:190} INFO - [2025-04-23T10:51:39.168+0000] {dag.py:4180} INFO - Setting next_dagrun for TFL_DATA_DAG to 2025-04-23 00:00:00+00:00, run_after=2025-04-24 00:00:00+00:00
[2025-04-23T10:51:39.197+0000] {processor.py:208} INFO - Processing /opt/airflow/dags/my_dag.py took 0.158 seconds
[2025-04-23T10:52:09.523+0000] {processor.py:186} INFO - Started process (PID=1080) to work on /opt/airflow/dags/my_dag.py
[2025-04-23T10:52:09.526+0000] {processor.py:914} INFO - Processing file /opt/airflow/dags/my_dag.py for tasks to queue
[2025-04-23T10:52:09.531+0000] {logging_mixin.py:190} INFO - [2025-04-23T10:52:09.530+0000] {dagbag.py:588} INFO - Filling up the DagBag from /opt/airflow/dags/my_dag.py
[2025-04-23T10:52:09.561+0000] {processor.py:925} INFO - DAG(s) 'TFL_DATA_DAG' retrieved from /opt/airflow/dags/my_dag.py
[2025-04-23T10:52:09.602+0000] {logging_mixin.py:190} INFO - [2025-04-23T10:52:09.601+0000] {dag.py:3239} INFO - Sync 1 DAGs
[2025-04-23T10:52:09.640+0000] {logging_mixin.py:190} INFO - [2025-04-23T10:52:09.638+0000] {dag.py:4180} INFO - Setting next_dagrun for TFL_DATA_DAG to 2025-04-23 00:00:00+00:00, run_after=2025-04-24 00:00:00+00:00
[2025-04-23T10:52:09.664+0000] {processor.py:208} INFO - Processing /opt/airflow/dags/my_dag.py took 0.150 seconds
[2025-04-23T10:52:40.026+0000] {processor.py:186} INFO - Started process (PID=1101) to work on /opt/airflow/dags/my_dag.py
[2025-04-23T10:52:40.028+0000] {processor.py:914} INFO - Processing file /opt/airflow/dags/my_dag.py for tasks to queue
[2025-04-23T10:52:40.033+0000] {logging_mixin.py:190} INFO - [2025-04-23T10:52:40.032+0000] {dagbag.py:588} INFO - Filling up the DagBag from /opt/airflow/dags/my_dag.py
[2025-04-23T10:52:40.063+0000] {processor.py:925} INFO - DAG(s) 'TFL_DATA_DAG' retrieved from /opt/airflow/dags/my_dag.py
[2025-04-23T10:52:40.099+0000] {logging_mixin.py:190} INFO - [2025-04-23T10:52:40.099+0000] {dag.py:3239} INFO - Sync 1 DAGs
[2025-04-23T10:52:40.135+0000] {logging_mixin.py:190} INFO - [2025-04-23T10:52:40.135+0000] {dag.py:4180} INFO - Setting next_dagrun for TFL_DATA_DAG to 2025-04-23 00:00:00+00:00, run_after=2025-04-24 00:00:00+00:00
[2025-04-23T10:52:40.165+0000] {processor.py:208} INFO - Processing /opt/airflow/dags/my_dag.py took 0.149 seconds
[2025-04-23T10:53:10.508+0000] {processor.py:186} INFO - Started process (PID=1122) to work on /opt/airflow/dags/my_dag.py
[2025-04-23T10:53:10.510+0000] {processor.py:914} INFO - Processing file /opt/airflow/dags/my_dag.py for tasks to queue
[2025-04-23T10:53:10.516+0000] {logging_mixin.py:190} INFO - [2025-04-23T10:53:10.516+0000] {dagbag.py:588} INFO - Filling up the DagBag from /opt/airflow/dags/my_dag.py
[2025-04-23T10:53:10.550+0000] {processor.py:925} INFO - DAG(s) 'TFL_DATA_DAG' retrieved from /opt/airflow/dags/my_dag.py
[2025-04-23T10:53:10.592+0000] {logging_mixin.py:190} INFO - [2025-04-23T10:53:10.591+0000] {dag.py:3239} INFO - Sync 1 DAGs
[2025-04-23T10:53:10.634+0000] {logging_mixin.py:190} INFO - [2025-04-23T10:53:10.634+0000] {dag.py:4180} INFO - Setting next_dagrun for TFL_DATA_DAG to 2025-04-23 00:00:00+00:00, run_after=2025-04-24 00:00:00+00:00
[2025-04-23T10:53:10.665+0000] {processor.py:208} INFO - Processing /opt/airflow/dags/my_dag.py took 0.164 seconds
[2025-04-23T10:53:41.052+0000] {processor.py:186} INFO - Started process (PID=1143) to work on /opt/airflow/dags/my_dag.py
[2025-04-23T10:53:41.054+0000] {processor.py:914} INFO - Processing file /opt/airflow/dags/my_dag.py for tasks to queue
[2025-04-23T10:53:41.058+0000] {logging_mixin.py:190} INFO - [2025-04-23T10:53:41.058+0000] {dagbag.py:588} INFO - Filling up the DagBag from /opt/airflow/dags/my_dag.py
[2025-04-23T10:53:41.085+0000] {processor.py:925} INFO - DAG(s) 'TFL_DATA_DAG' retrieved from /opt/airflow/dags/my_dag.py
[2025-04-23T10:53:41.120+0000] {logging_mixin.py:190} INFO - [2025-04-23T10:53:41.120+0000] {dag.py:3239} INFO - Sync 1 DAGs
[2025-04-23T10:53:41.153+0000] {logging_mixin.py:190} INFO - [2025-04-23T10:53:41.152+0000] {dag.py:4180} INFO - Setting next_dagrun for TFL_DATA_DAG to 2025-04-23 00:00:00+00:00, run_after=2025-04-24 00:00:00+00:00
[2025-04-23T10:53:41.179+0000] {processor.py:208} INFO - Processing /opt/airflow/dags/my_dag.py took 0.134 seconds
[2025-04-23T10:54:11.563+0000] {processor.py:186} INFO - Started process (PID=1163) to work on /opt/airflow/dags/my_dag.py
[2025-04-23T10:54:11.568+0000] {processor.py:914} INFO - Processing file /opt/airflow/dags/my_dag.py for tasks to queue
[2025-04-23T10:54:11.576+0000] {logging_mixin.py:190} INFO - [2025-04-23T10:54:11.576+0000] {dagbag.py:588} INFO - Filling up the DagBag from /opt/airflow/dags/my_dag.py
[2025-04-23T10:54:11.632+0000] {processor.py:925} INFO - DAG(s) 'TFL_DATA_DAG' retrieved from /opt/airflow/dags/my_dag.py
[2025-04-23T10:54:11.667+0000] {logging_mixin.py:190} INFO - [2025-04-23T10:54:11.666+0000] {dag.py:3239} INFO - Sync 1 DAGs
[2025-04-23T10:54:11.699+0000] {logging_mixin.py:190} INFO - [2025-04-23T10:54:11.699+0000] {dag.py:4180} INFO - Setting next_dagrun for TFL_DATA_DAG to 2025-04-23 00:00:00+00:00, run_after=2025-04-24 00:00:00+00:00
[2025-04-23T10:54:11.727+0000] {processor.py:208} INFO - Processing /opt/airflow/dags/my_dag.py took 0.174 seconds
[2025-04-23T10:54:42.083+0000] {processor.py:186} INFO - Started process (PID=1184) to work on /opt/airflow/dags/my_dag.py
[2025-04-23T10:54:42.086+0000] {processor.py:914} INFO - Processing file /opt/airflow/dags/my_dag.py for tasks to queue
[2025-04-23T10:54:42.091+0000] {logging_mixin.py:190} INFO - [2025-04-23T10:54:42.091+0000] {dagbag.py:588} INFO - Filling up the DagBag from /opt/airflow/dags/my_dag.py
[2025-04-23T10:54:42.125+0000] {processor.py:925} INFO - DAG(s) 'TFL_DATA_DAG' retrieved from /opt/airflow/dags/my_dag.py
[2025-04-23T10:54:42.161+0000] {logging_mixin.py:190} INFO - [2025-04-23T10:54:42.160+0000] {dag.py:3239} INFO - Sync 1 DAGs
[2025-04-23T10:54:42.193+0000] {logging_mixin.py:190} INFO - [2025-04-23T10:54:42.193+0000] {dag.py:4180} INFO - Setting next_dagrun for TFL_DATA_DAG to 2025-04-23 00:00:00+00:00, run_after=2025-04-24 00:00:00+00:00
[2025-04-23T10:54:42.218+0000] {processor.py:208} INFO - Processing /opt/airflow/dags/my_dag.py took 0.144 seconds
[2025-04-23T10:55:12.587+0000] {processor.py:186} INFO - Started process (PID=1205) to work on /opt/airflow/dags/my_dag.py
[2025-04-23T10:55:12.593+0000] {processor.py:914} INFO - Processing file /opt/airflow/dags/my_dag.py for tasks to queue
[2025-04-23T10:55:12.600+0000] {logging_mixin.py:190} INFO - [2025-04-23T10:55:12.600+0000] {dagbag.py:588} INFO - Filling up the DagBag from /opt/airflow/dags/my_dag.py
[2025-04-23T10:55:12.632+0000] {processor.py:925} INFO - DAG(s) 'TFL_DATA_DAG' retrieved from /opt/airflow/dags/my_dag.py
[2025-04-23T10:55:12.667+0000] {logging_mixin.py:190} INFO - [2025-04-23T10:55:12.666+0000] {dag.py:3239} INFO - Sync 1 DAGs
[2025-04-23T10:55:12.697+0000] {logging_mixin.py:190} INFO - [2025-04-23T10:55:12.697+0000] {dag.py:4180} INFO - Setting next_dagrun for TFL_DATA_DAG to 2025-04-23 00:00:00+00:00, run_after=2025-04-24 00:00:00+00:00
[2025-04-23T10:55:12.723+0000] {processor.py:208} INFO - Processing /opt/airflow/dags/my_dag.py took 0.158 seconds
[2025-04-23T10:55:43.069+0000] {processor.py:186} INFO - Started process (PID=1226) to work on /opt/airflow/dags/my_dag.py
[2025-04-23T10:55:43.072+0000] {processor.py:914} INFO - Processing file /opt/airflow/dags/my_dag.py for tasks to queue
[2025-04-23T10:55:43.078+0000] {logging_mixin.py:190} INFO - [2025-04-23T10:55:43.077+0000] {dagbag.py:588} INFO - Filling up the DagBag from /opt/airflow/dags/my_dag.py
[2025-04-23T10:55:43.107+0000] {processor.py:925} INFO - DAG(s) 'TFL_DATA_DAG' retrieved from /opt/airflow/dags/my_dag.py
[2025-04-23T10:55:43.140+0000] {logging_mixin.py:190} INFO - [2025-04-23T10:55:43.140+0000] {dag.py:3239} INFO - Sync 1 DAGs
[2025-04-23T10:55:43.171+0000] {logging_mixin.py:190} INFO - [2025-04-23T10:55:43.171+0000] {dag.py:4180} INFO - Setting next_dagrun for TFL_DATA_DAG to 2025-04-23 00:00:00+00:00, run_after=2025-04-24 00:00:00+00:00
[2025-04-23T10:55:43.201+0000] {processor.py:208} INFO - Processing /opt/airflow/dags/my_dag.py took 0.140 seconds
[2025-04-23T10:56:13.640+0000] {processor.py:186} INFO - Started process (PID=1247) to work on /opt/airflow/dags/my_dag.py
[2025-04-23T10:56:13.643+0000] {processor.py:914} INFO - Processing file /opt/airflow/dags/my_dag.py for tasks to queue
[2025-04-23T10:56:13.650+0000] {logging_mixin.py:190} INFO - [2025-04-23T10:56:13.648+0000] {dagbag.py:588} INFO - Filling up the DagBag from /opt/airflow/dags/my_dag.py
[2025-04-23T10:56:13.693+0000] {processor.py:925} INFO - DAG(s) 'TFL_DATA_DAG' retrieved from /opt/airflow/dags/my_dag.py
[2025-04-23T10:56:13.728+0000] {logging_mixin.py:190} INFO - [2025-04-23T10:56:13.727+0000] {dag.py:3239} INFO - Sync 1 DAGs
[2025-04-23T10:56:13.765+0000] {logging_mixin.py:190} INFO - [2025-04-23T10:56:13.765+0000] {dag.py:4180} INFO - Setting next_dagrun for TFL_DATA_DAG to 2025-04-23 00:00:00+00:00, run_after=2025-04-24 00:00:00+00:00
[2025-04-23T10:56:13.793+0000] {processor.py:208} INFO - Processing /opt/airflow/dags/my_dag.py took 0.165 seconds
[2025-04-23T10:56:44.109+0000] {processor.py:186} INFO - Started process (PID=1268) to work on /opt/airflow/dags/my_dag.py
[2025-04-23T10:56:44.111+0000] {processor.py:914} INFO - Processing file /opt/airflow/dags/my_dag.py for tasks to queue
[2025-04-23T10:56:44.116+0000] {logging_mixin.py:190} INFO - [2025-04-23T10:56:44.116+0000] {dagbag.py:588} INFO - Filling up the DagBag from /opt/airflow/dags/my_dag.py
[2025-04-23T10:56:44.150+0000] {processor.py:925} INFO - DAG(s) 'TFL_DATA_DAG' retrieved from /opt/airflow/dags/my_dag.py
[2025-04-23T10:56:44.187+0000] {logging_mixin.py:190} INFO - [2025-04-23T10:56:44.186+0000] {dag.py:3239} INFO - Sync 1 DAGs
[2025-04-23T10:56:44.220+0000] {logging_mixin.py:190} INFO - [2025-04-23T10:56:44.219+0000] {dag.py:4180} INFO - Setting next_dagrun for TFL_DATA_DAG to 2025-04-23 00:00:00+00:00, run_after=2025-04-24 00:00:00+00:00
[2025-04-23T10:56:44.246+0000] {processor.py:208} INFO - Processing /opt/airflow/dags/my_dag.py took 0.146 seconds
[2025-04-23T10:57:14.613+0000] {processor.py:186} INFO - Started process (PID=1289) to work on /opt/airflow/dags/my_dag.py
[2025-04-23T10:57:14.616+0000] {processor.py:914} INFO - Processing file /opt/airflow/dags/my_dag.py for tasks to queue
[2025-04-23T10:57:14.621+0000] {logging_mixin.py:190} INFO - [2025-04-23T10:57:14.620+0000] {dagbag.py:588} INFO - Filling up the DagBag from /opt/airflow/dags/my_dag.py
[2025-04-23T10:57:14.653+0000] {processor.py:925} INFO - DAG(s) 'TFL_DATA_DAG' retrieved from /opt/airflow/dags/my_dag.py
[2025-04-23T10:57:14.697+0000] {logging_mixin.py:190} INFO - [2025-04-23T10:57:14.696+0000] {dag.py:3239} INFO - Sync 1 DAGs
[2025-04-23T10:57:14.732+0000] {logging_mixin.py:190} INFO - [2025-04-23T10:57:14.732+0000] {dag.py:4180} INFO - Setting next_dagrun for TFL_DATA_DAG to 2025-04-23 00:00:00+00:00, run_after=2025-04-24 00:00:00+00:00
[2025-04-23T10:57:14.760+0000] {processor.py:208} INFO - Processing /opt/airflow/dags/my_dag.py took 0.155 seconds
[2025-04-23T10:57:45.084+0000] {processor.py:186} INFO - Started process (PID=1310) to work on /opt/airflow/dags/my_dag.py
[2025-04-23T10:57:45.086+0000] {processor.py:914} INFO - Processing file /opt/airflow/dags/my_dag.py for tasks to queue
[2025-04-23T10:57:45.092+0000] {logging_mixin.py:190} INFO - [2025-04-23T10:57:45.091+0000] {dagbag.py:588} INFO - Filling up the DagBag from /opt/airflow/dags/my_dag.py
[2025-04-23T10:57:45.123+0000] {processor.py:925} INFO - DAG(s) 'TFL_DATA_DAG' retrieved from /opt/airflow/dags/my_dag.py
[2025-04-23T10:57:45.158+0000] {logging_mixin.py:190} INFO - [2025-04-23T10:57:45.158+0000] {dag.py:3239} INFO - Sync 1 DAGs
[2025-04-23T10:57:45.195+0000] {logging_mixin.py:190} INFO - [2025-04-23T10:57:45.195+0000] {dag.py:4180} INFO - Setting next_dagrun for TFL_DATA_DAG to 2025-04-23 00:00:00+00:00, run_after=2025-04-24 00:00:00+00:00
[2025-04-23T10:57:45.228+0000] {processor.py:208} INFO - Processing /opt/airflow/dags/my_dag.py took 0.153 seconds
[2025-04-23T10:58:15.591+0000] {processor.py:186} INFO - Started process (PID=1331) to work on /opt/airflow/dags/my_dag.py
[2025-04-23T10:58:15.594+0000] {processor.py:914} INFO - Processing file /opt/airflow/dags/my_dag.py for tasks to queue
[2025-04-23T10:58:15.599+0000] {logging_mixin.py:190} INFO - [2025-04-23T10:58:15.599+0000] {dagbag.py:588} INFO - Filling up the DagBag from /opt/airflow/dags/my_dag.py
[2025-04-23T10:58:15.637+0000] {processor.py:925} INFO - DAG(s) 'TFL_DATA_DAG' retrieved from /opt/airflow/dags/my_dag.py
[2025-04-23T10:58:15.673+0000] {logging_mixin.py:190} INFO - [2025-04-23T10:58:15.673+0000] {dag.py:3239} INFO - Sync 1 DAGs
[2025-04-23T10:58:15.708+0000] {logging_mixin.py:190} INFO - [2025-04-23T10:58:15.708+0000] {dag.py:4180} INFO - Setting next_dagrun for TFL_DATA_DAG to 2025-04-23 00:00:00+00:00, run_after=2025-04-24 00:00:00+00:00
[2025-04-23T10:58:15.734+0000] {processor.py:208} INFO - Processing /opt/airflow/dags/my_dag.py took 0.154 seconds
[2025-04-23T10:58:46.088+0000] {processor.py:186} INFO - Started process (PID=1352) to work on /opt/airflow/dags/my_dag.py
[2025-04-23T10:58:46.090+0000] {processor.py:914} INFO - Processing file /opt/airflow/dags/my_dag.py for tasks to queue
[2025-04-23T10:58:46.095+0000] {logging_mixin.py:190} INFO - [2025-04-23T10:58:46.095+0000] {dagbag.py:588} INFO - Filling up the DagBag from /opt/airflow/dags/my_dag.py
[2025-04-23T10:58:46.135+0000] {processor.py:925} INFO - DAG(s) 'TFL_DATA_DAG' retrieved from /opt/airflow/dags/my_dag.py
[2025-04-23T10:58:46.173+0000] {logging_mixin.py:190} INFO - [2025-04-23T10:58:46.172+0000] {dag.py:3239} INFO - Sync 1 DAGs
[2025-04-23T10:58:46.203+0000] {logging_mixin.py:190} INFO - [2025-04-23T10:58:46.203+0000] {dag.py:4180} INFO - Setting next_dagrun for TFL_DATA_DAG to 2025-04-23 00:00:00+00:00, run_after=2025-04-24 00:00:00+00:00
[2025-04-23T10:58:46.228+0000] {processor.py:208} INFO - Processing /opt/airflow/dags/my_dag.py took 0.151 seconds
[2025-04-23T10:59:16.585+0000] {processor.py:186} INFO - Started process (PID=1373) to work on /opt/airflow/dags/my_dag.py
[2025-04-23T10:59:16.588+0000] {processor.py:914} INFO - Processing file /opt/airflow/dags/my_dag.py for tasks to queue
[2025-04-23T10:59:16.596+0000] {logging_mixin.py:190} INFO - [2025-04-23T10:59:16.595+0000] {dagbag.py:588} INFO - Filling up the DagBag from /opt/airflow/dags/my_dag.py
[2025-04-23T10:59:16.642+0000] {processor.py:925} INFO - DAG(s) 'TFL_DATA_DAG' retrieved from /opt/airflow/dags/my_dag.py
[2025-04-23T10:59:16.691+0000] {logging_mixin.py:190} INFO - [2025-04-23T10:59:16.690+0000] {dag.py:3239} INFO - Sync 1 DAGs
[2025-04-23T10:59:16.740+0000] {logging_mixin.py:190} INFO - [2025-04-23T10:59:16.740+0000] {dag.py:4180} INFO - Setting next_dagrun for TFL_DATA_DAG to 2025-04-23 00:00:00+00:00, run_after=2025-04-24 00:00:00+00:00
[2025-04-23T10:59:16.772+0000] {processor.py:208} INFO - Processing /opt/airflow/dags/my_dag.py took 0.198 seconds
[2025-04-23T10:59:47.137+0000] {processor.py:186} INFO - Started process (PID=1394) to work on /opt/airflow/dags/my_dag.py
[2025-04-23T10:59:47.139+0000] {processor.py:914} INFO - Processing file /opt/airflow/dags/my_dag.py for tasks to queue
[2025-04-23T10:59:47.144+0000] {logging_mixin.py:190} INFO - [2025-04-23T10:59:47.143+0000] {dagbag.py:588} INFO - Filling up the DagBag from /opt/airflow/dags/my_dag.py
[2025-04-23T10:59:47.176+0000] {processor.py:925} INFO - DAG(s) 'TFL_DATA_DAG' retrieved from /opt/airflow/dags/my_dag.py
[2025-04-23T10:59:47.213+0000] {logging_mixin.py:190} INFO - [2025-04-23T10:59:47.212+0000] {dag.py:3239} INFO - Sync 1 DAGs
[2025-04-23T10:59:47.245+0000] {logging_mixin.py:190} INFO - [2025-04-23T10:59:47.244+0000] {dag.py:4180} INFO - Setting next_dagrun for TFL_DATA_DAG to 2025-04-23 00:00:00+00:00, run_after=2025-04-24 00:00:00+00:00
[2025-04-23T10:59:47.272+0000] {processor.py:208} INFO - Processing /opt/airflow/dags/my_dag.py took 0.143 seconds
[2025-04-23T11:00:17.657+0000] {processor.py:186} INFO - Started process (PID=1415) to work on /opt/airflow/dags/my_dag.py
[2025-04-23T11:00:17.659+0000] {processor.py:914} INFO - Processing file /opt/airflow/dags/my_dag.py for tasks to queue
[2025-04-23T11:00:17.664+0000] {logging_mixin.py:190} INFO - [2025-04-23T11:00:17.663+0000] {dagbag.py:588} INFO - Filling up the DagBag from /opt/airflow/dags/my_dag.py
[2025-04-23T11:00:17.725+0000] {processor.py:925} INFO - DAG(s) 'TFL_DATA_DAG' retrieved from /opt/airflow/dags/my_dag.py
[2025-04-23T11:00:17.756+0000] {logging_mixin.py:190} INFO - [2025-04-23T11:00:17.755+0000] {dag.py:3239} INFO - Sync 1 DAGs
[2025-04-23T11:00:17.781+0000] {logging_mixin.py:190} INFO - [2025-04-23T11:00:17.781+0000] {dag.py:4180} INFO - Setting next_dagrun for TFL_DATA_DAG to 2025-04-23 00:00:00+00:00, run_after=2025-04-24 00:00:00+00:00
[2025-04-23T11:00:17.803+0000] {processor.py:208} INFO - Processing /opt/airflow/dags/my_dag.py took 0.154 seconds
[2025-04-23T11:00:48.289+0000] {processor.py:186} INFO - Started process (PID=1436) to work on /opt/airflow/dags/my_dag.py
[2025-04-23T11:00:48.295+0000] {processor.py:914} INFO - Processing file /opt/airflow/dags/my_dag.py for tasks to queue
[2025-04-23T11:00:48.307+0000] {logging_mixin.py:190} INFO - [2025-04-23T11:00:48.305+0000] {dagbag.py:588} INFO - Filling up the DagBag from /opt/airflow/dags/my_dag.py
[2025-04-23T11:00:48.386+0000] {processor.py:925} INFO - DAG(s) 'TFL_DATA_DAG' retrieved from /opt/airflow/dags/my_dag.py
[2025-04-23T11:00:48.456+0000] {logging_mixin.py:190} INFO - [2025-04-23T11:00:48.455+0000] {dag.py:3239} INFO - Sync 1 DAGs
[2025-04-23T11:00:48.511+0000] {logging_mixin.py:190} INFO - [2025-04-23T11:00:48.511+0000] {dag.py:4180} INFO - Setting next_dagrun for TFL_DATA_DAG to 2025-04-23 00:00:00+00:00, run_after=2025-04-24 00:00:00+00:00
[2025-04-23T11:00:48.547+0000] {processor.py:208} INFO - Processing /opt/airflow/dags/my_dag.py took 0.277 seconds
[2025-04-23T11:01:18.965+0000] {processor.py:186} INFO - Started process (PID=1457) to work on /opt/airflow/dags/my_dag.py
[2025-04-23T11:01:18.972+0000] {processor.py:914} INFO - Processing file /opt/airflow/dags/my_dag.py for tasks to queue
[2025-04-23T11:01:18.987+0000] {logging_mixin.py:190} INFO - [2025-04-23T11:01:18.985+0000] {dagbag.py:588} INFO - Filling up the DagBag from /opt/airflow/dags/my_dag.py
[2025-04-23T11:01:19.075+0000] {processor.py:925} INFO - DAG(s) 'TFL_DATA_DAG' retrieved from /opt/airflow/dags/my_dag.py
[2025-04-23T11:01:19.120+0000] {logging_mixin.py:190} INFO - [2025-04-23T11:01:19.119+0000] {dag.py:3239} INFO - Sync 1 DAGs
[2025-04-23T11:01:19.153+0000] {logging_mixin.py:190} INFO - [2025-04-23T11:01:19.153+0000] {dag.py:4180} INFO - Setting next_dagrun for TFL_DATA_DAG to 2025-04-23 00:00:00+00:00, run_after=2025-04-24 00:00:00+00:00
[2025-04-23T11:01:19.180+0000] {processor.py:208} INFO - Processing /opt/airflow/dags/my_dag.py took 0.234 seconds
[2025-04-23T11:01:49.519+0000] {processor.py:186} INFO - Started process (PID=1478) to work on /opt/airflow/dags/my_dag.py
[2025-04-23T11:01:49.521+0000] {processor.py:914} INFO - Processing file /opt/airflow/dags/my_dag.py for tasks to queue
[2025-04-23T11:01:49.526+0000] {logging_mixin.py:190} INFO - [2025-04-23T11:01:49.525+0000] {dagbag.py:588} INFO - Filling up the DagBag from /opt/airflow/dags/my_dag.py
[2025-04-23T11:01:49.556+0000] {processor.py:925} INFO - DAG(s) 'TFL_DATA_DAG' retrieved from /opt/airflow/dags/my_dag.py
[2025-04-23T11:01:49.592+0000] {logging_mixin.py:190} INFO - [2025-04-23T11:01:49.591+0000] {dag.py:3239} INFO - Sync 1 DAGs
[2025-04-23T11:01:49.626+0000] {logging_mixin.py:190} INFO - [2025-04-23T11:01:49.625+0000] {dag.py:4180} INFO - Setting next_dagrun for TFL_DATA_DAG to 2025-04-23 00:00:00+00:00, run_after=2025-04-24 00:00:00+00:00
[2025-04-23T11:01:49.651+0000] {processor.py:208} INFO - Processing /opt/airflow/dags/my_dag.py took 0.141 seconds
[2025-04-23T11:02:19.976+0000] {processor.py:186} INFO - Started process (PID=1499) to work on /opt/airflow/dags/my_dag.py
[2025-04-23T11:02:19.978+0000] {processor.py:914} INFO - Processing file /opt/airflow/dags/my_dag.py for tasks to queue
[2025-04-23T11:02:19.982+0000] {logging_mixin.py:190} INFO - [2025-04-23T11:02:19.982+0000] {dagbag.py:588} INFO - Filling up the DagBag from /opt/airflow/dags/my_dag.py
[2025-04-23T11:02:20.017+0000] {processor.py:925} INFO - DAG(s) 'TFL_DATA_DAG' retrieved from /opt/airflow/dags/my_dag.py
[2025-04-23T11:02:20.056+0000] {logging_mixin.py:190} INFO - [2025-04-23T11:02:20.055+0000] {dag.py:3239} INFO - Sync 1 DAGs
[2025-04-23T11:02:20.090+0000] {logging_mixin.py:190} INFO - [2025-04-23T11:02:20.090+0000] {dag.py:4180} INFO - Setting next_dagrun for TFL_DATA_DAG to 2025-04-23 00:00:00+00:00, run_after=2025-04-24 00:00:00+00:00
[2025-04-23T11:02:20.120+0000] {processor.py:208} INFO - Processing /opt/airflow/dags/my_dag.py took 0.153 seconds
[2025-04-23T11:02:50.477+0000] {processor.py:186} INFO - Started process (PID=1526) to work on /opt/airflow/dags/my_dag.py
[2025-04-23T11:02:50.479+0000] {processor.py:914} INFO - Processing file /opt/airflow/dags/my_dag.py for tasks to queue
[2025-04-23T11:02:50.485+0000] {logging_mixin.py:190} INFO - [2025-04-23T11:02:50.484+0000] {dagbag.py:588} INFO - Filling up the DagBag from /opt/airflow/dags/my_dag.py
[2025-04-23T11:02:50.519+0000] {processor.py:925} INFO - DAG(s) 'TFL_DATA_DAG' retrieved from /opt/airflow/dags/my_dag.py
[2025-04-23T11:02:50.552+0000] {logging_mixin.py:190} INFO - [2025-04-23T11:02:50.552+0000] {dag.py:3239} INFO - Sync 1 DAGs
[2025-04-23T11:02:50.581+0000] {logging_mixin.py:190} INFO - [2025-04-23T11:02:50.581+0000] {dag.py:4180} INFO - Setting next_dagrun for TFL_DATA_DAG to 2025-04-23 00:00:00+00:00, run_after=2025-04-24 00:00:00+00:00
[2025-04-23T11:02:50.609+0000] {processor.py:208} INFO - Processing /opt/airflow/dags/my_dag.py took 0.141 seconds
[2025-04-23T11:03:20.967+0000] {processor.py:186} INFO - Started process (PID=1548) to work on /opt/airflow/dags/my_dag.py
[2025-04-23T11:03:20.970+0000] {processor.py:914} INFO - Processing file /opt/airflow/dags/my_dag.py for tasks to queue
[2025-04-23T11:03:20.976+0000] {logging_mixin.py:190} INFO - [2025-04-23T11:03:20.975+0000] {dagbag.py:588} INFO - Filling up the DagBag from /opt/airflow/dags/my_dag.py
[2025-04-23T11:03:21.010+0000] {processor.py:925} INFO - DAG(s) 'TFL_DATA_DAG' retrieved from /opt/airflow/dags/my_dag.py
[2025-04-23T11:03:21.047+0000] {logging_mixin.py:190} INFO - [2025-04-23T11:03:21.047+0000] {dag.py:3239} INFO - Sync 1 DAGs
[2025-04-23T11:03:21.079+0000] {logging_mixin.py:190} INFO - [2025-04-23T11:03:21.079+0000] {dag.py:4180} INFO - Setting next_dagrun for TFL_DATA_DAG to 2025-04-23 00:00:00+00:00, run_after=2025-04-24 00:00:00+00:00
[2025-04-23T11:03:21.106+0000] {processor.py:208} INFO - Processing /opt/airflow/dags/my_dag.py took 0.147 seconds
[2025-04-23T11:03:51.443+0000] {processor.py:186} INFO - Started process (PID=1569) to work on /opt/airflow/dags/my_dag.py
[2025-04-23T11:03:51.445+0000] {processor.py:914} INFO - Processing file /opt/airflow/dags/my_dag.py for tasks to queue
[2025-04-23T11:03:51.450+0000] {logging_mixin.py:190} INFO - [2025-04-23T11:03:51.449+0000] {dagbag.py:588} INFO - Filling up the DagBag from /opt/airflow/dags/my_dag.py
[2025-04-23T11:03:51.480+0000] {processor.py:925} INFO - DAG(s) 'TFL_DATA_DAG' retrieved from /opt/airflow/dags/my_dag.py
[2025-04-23T11:03:51.512+0000] {logging_mixin.py:190} INFO - [2025-04-23T11:03:51.512+0000] {dag.py:3239} INFO - Sync 1 DAGs
[2025-04-23T11:03:51.543+0000] {logging_mixin.py:190} INFO - [2025-04-23T11:03:51.543+0000] {dag.py:4180} INFO - Setting next_dagrun for TFL_DATA_DAG to 2025-04-23 00:00:00+00:00, run_after=2025-04-24 00:00:00+00:00
[2025-04-23T11:03:51.572+0000] {processor.py:208} INFO - Processing /opt/airflow/dags/my_dag.py took 0.137 seconds
[2025-04-23T11:04:21.953+0000] {processor.py:186} INFO - Started process (PID=1590) to work on /opt/airflow/dags/my_dag.py
[2025-04-23T11:04:21.955+0000] {processor.py:914} INFO - Processing file /opt/airflow/dags/my_dag.py for tasks to queue
[2025-04-23T11:04:21.961+0000] {logging_mixin.py:190} INFO - [2025-04-23T11:04:21.960+0000] {dagbag.py:588} INFO - Filling up the DagBag from /opt/airflow/dags/my_dag.py
[2025-04-23T11:04:21.991+0000] {processor.py:925} INFO - DAG(s) 'TFL_DATA_DAG' retrieved from /opt/airflow/dags/my_dag.py
[2025-04-23T11:04:22.024+0000] {logging_mixin.py:190} INFO - [2025-04-23T11:04:22.024+0000] {dag.py:3239} INFO - Sync 1 DAGs
[2025-04-23T11:04:22.059+0000] {logging_mixin.py:190} INFO - [2025-04-23T11:04:22.058+0000] {dag.py:4180} INFO - Setting next_dagrun for TFL_DATA_DAG to 2025-04-23 00:00:00+00:00, run_after=2025-04-24 00:00:00+00:00
[2025-04-23T11:04:22.086+0000] {processor.py:208} INFO - Processing /opt/airflow/dags/my_dag.py took 0.141 seconds
[2025-04-23T11:04:52.448+0000] {processor.py:186} INFO - Started process (PID=1611) to work on /opt/airflow/dags/my_dag.py
[2025-04-23T11:04:52.451+0000] {processor.py:914} INFO - Processing file /opt/airflow/dags/my_dag.py for tasks to queue
[2025-04-23T11:04:52.455+0000] {logging_mixin.py:190} INFO - [2025-04-23T11:04:52.455+0000] {dagbag.py:588} INFO - Filling up the DagBag from /opt/airflow/dags/my_dag.py
[2025-04-23T11:04:52.490+0000] {processor.py:925} INFO - DAG(s) 'TFL_DATA_DAG' retrieved from /opt/airflow/dags/my_dag.py
[2025-04-23T11:04:52.525+0000] {logging_mixin.py:190} INFO - [2025-04-23T11:04:52.524+0000] {dag.py:3239} INFO - Sync 1 DAGs
[2025-04-23T11:04:52.556+0000] {logging_mixin.py:190} INFO - [2025-04-23T11:04:52.555+0000] {dag.py:4180} INFO - Setting next_dagrun for TFL_DATA_DAG to 2025-04-23 00:00:00+00:00, run_after=2025-04-24 00:00:00+00:00
[2025-04-23T11:04:52.586+0000] {processor.py:208} INFO - Processing /opt/airflow/dags/my_dag.py took 0.149 seconds
[2025-04-23T11:05:22.957+0000] {processor.py:186} INFO - Started process (PID=1632) to work on /opt/airflow/dags/my_dag.py
[2025-04-23T11:05:22.960+0000] {processor.py:914} INFO - Processing file /opt/airflow/dags/my_dag.py for tasks to queue
[2025-04-23T11:05:22.964+0000] {logging_mixin.py:190} INFO - [2025-04-23T11:05:22.963+0000] {dagbag.py:588} INFO - Filling up the DagBag from /opt/airflow/dags/my_dag.py
[2025-04-23T11:05:22.996+0000] {processor.py:925} INFO - DAG(s) 'TFL_DATA_DAG' retrieved from /opt/airflow/dags/my_dag.py
[2025-04-23T11:05:23.031+0000] {logging_mixin.py:190} INFO - [2025-04-23T11:05:23.030+0000] {dag.py:3239} INFO - Sync 1 DAGs
[2025-04-23T11:05:23.063+0000] {logging_mixin.py:190} INFO - [2025-04-23T11:05:23.062+0000] {dag.py:4180} INFO - Setting next_dagrun for TFL_DATA_DAG to 2025-04-23 00:00:00+00:00, run_after=2025-04-24 00:00:00+00:00
[2025-04-23T11:05:23.086+0000] {processor.py:208} INFO - Processing /opt/airflow/dags/my_dag.py took 0.138 seconds
[2025-04-23T11:05:53.466+0000] {processor.py:186} INFO - Started process (PID=1653) to work on /opt/airflow/dags/my_dag.py
[2025-04-23T11:05:53.468+0000] {processor.py:914} INFO - Processing file /opt/airflow/dags/my_dag.py for tasks to queue
[2025-04-23T11:05:53.473+0000] {logging_mixin.py:190} INFO - [2025-04-23T11:05:53.472+0000] {dagbag.py:588} INFO - Filling up the DagBag from /opt/airflow/dags/my_dag.py
[2025-04-23T11:05:53.502+0000] {processor.py:925} INFO - DAG(s) 'TFL_DATA_DAG' retrieved from /opt/airflow/dags/my_dag.py
[2025-04-23T11:05:53.533+0000] {logging_mixin.py:190} INFO - [2025-04-23T11:05:53.532+0000] {dag.py:3239} INFO - Sync 1 DAGs
[2025-04-23T11:05:53.565+0000] {logging_mixin.py:190} INFO - [2025-04-23T11:05:53.564+0000] {dag.py:4180} INFO - Setting next_dagrun for TFL_DATA_DAG to 2025-04-23 00:00:00+00:00, run_after=2025-04-24 00:00:00+00:00
[2025-04-23T11:05:53.594+0000] {processor.py:208} INFO - Processing /opt/airflow/dags/my_dag.py took 0.136 seconds
[2025-04-23T11:06:23.923+0000] {processor.py:186} INFO - Started process (PID=1674) to work on /opt/airflow/dags/my_dag.py
[2025-04-23T11:06:23.926+0000] {processor.py:914} INFO - Processing file /opt/airflow/dags/my_dag.py for tasks to queue
[2025-04-23T11:06:23.931+0000] {logging_mixin.py:190} INFO - [2025-04-23T11:06:23.931+0000] {dagbag.py:588} INFO - Filling up the DagBag from /opt/airflow/dags/my_dag.py
[2025-04-23T11:06:23.966+0000] {processor.py:925} INFO - DAG(s) 'TFL_DATA_DAG' retrieved from /opt/airflow/dags/my_dag.py
[2025-04-23T11:06:24.003+0000] {logging_mixin.py:190} INFO - [2025-04-23T11:06:24.002+0000] {dag.py:3239} INFO - Sync 1 DAGs
[2025-04-23T11:06:24.036+0000] {logging_mixin.py:190} INFO - [2025-04-23T11:06:24.036+0000] {dag.py:4180} INFO - Setting next_dagrun for TFL_DATA_DAG to 2025-04-23 00:00:00+00:00, run_after=2025-04-24 00:00:00+00:00
[2025-04-23T11:06:24.062+0000] {processor.py:208} INFO - Processing /opt/airflow/dags/my_dag.py took 0.148 seconds
[2025-04-23T11:06:54.414+0000] {processor.py:186} INFO - Started process (PID=1695) to work on /opt/airflow/dags/my_dag.py
[2025-04-23T11:06:54.416+0000] {processor.py:914} INFO - Processing file /opt/airflow/dags/my_dag.py for tasks to queue
[2025-04-23T11:06:54.421+0000] {logging_mixin.py:190} INFO - [2025-04-23T11:06:54.420+0000] {dagbag.py:588} INFO - Filling up the DagBag from /opt/airflow/dags/my_dag.py
[2025-04-23T11:06:54.452+0000] {processor.py:925} INFO - DAG(s) 'TFL_DATA_DAG' retrieved from /opt/airflow/dags/my_dag.py
[2025-04-23T11:06:54.484+0000] {logging_mixin.py:190} INFO - [2025-04-23T11:06:54.483+0000] {dag.py:3239} INFO - Sync 1 DAGs
[2025-04-23T11:06:54.520+0000] {logging_mixin.py:190} INFO - [2025-04-23T11:06:54.519+0000] {dag.py:4180} INFO - Setting next_dagrun for TFL_DATA_DAG to 2025-04-23 00:00:00+00:00, run_after=2025-04-24 00:00:00+00:00
[2025-04-23T11:06:54.549+0000] {processor.py:208} INFO - Processing /opt/airflow/dags/my_dag.py took 0.142 seconds
[2025-04-23T11:07:24.893+0000] {processor.py:186} INFO - Started process (PID=1716) to work on /opt/airflow/dags/my_dag.py
[2025-04-23T11:07:24.896+0000] {processor.py:914} INFO - Processing file /opt/airflow/dags/my_dag.py for tasks to queue
[2025-04-23T11:07:24.901+0000] {logging_mixin.py:190} INFO - [2025-04-23T11:07:24.900+0000] {dagbag.py:588} INFO - Filling up the DagBag from /opt/airflow/dags/my_dag.py
[2025-04-23T11:07:24.936+0000] {processor.py:925} INFO - DAG(s) 'TFL_DATA_DAG' retrieved from /opt/airflow/dags/my_dag.py
[2025-04-23T11:07:24.980+0000] {logging_mixin.py:190} INFO - [2025-04-23T11:07:24.979+0000] {dag.py:3239} INFO - Sync 1 DAGs
[2025-04-23T11:07:25.016+0000] {logging_mixin.py:190} INFO - [2025-04-23T11:07:25.015+0000] {dag.py:4180} INFO - Setting next_dagrun for TFL_DATA_DAG to 2025-04-23 00:00:00+00:00, run_after=2025-04-24 00:00:00+00:00
[2025-04-23T11:07:25.043+0000] {processor.py:208} INFO - Processing /opt/airflow/dags/my_dag.py took 0.161 seconds
[2025-04-23T11:07:55.393+0000] {processor.py:186} INFO - Started process (PID=1737) to work on /opt/airflow/dags/my_dag.py
[2025-04-23T11:07:55.397+0000] {processor.py:914} INFO - Processing file /opt/airflow/dags/my_dag.py for tasks to queue
[2025-04-23T11:07:55.403+0000] {logging_mixin.py:190} INFO - [2025-04-23T11:07:55.402+0000] {dagbag.py:588} INFO - Filling up the DagBag from /opt/airflow/dags/my_dag.py
[2025-04-23T11:07:55.437+0000] {processor.py:925} INFO - DAG(s) 'TFL_DATA_DAG' retrieved from /opt/airflow/dags/my_dag.py
[2025-04-23T11:07:55.471+0000] {logging_mixin.py:190} INFO - [2025-04-23T11:07:55.471+0000] {dag.py:3239} INFO - Sync 1 DAGs
[2025-04-23T11:07:55.512+0000] {logging_mixin.py:190} INFO - [2025-04-23T11:07:55.512+0000] {dag.py:4180} INFO - Setting next_dagrun for TFL_DATA_DAG to 2025-04-23 00:00:00+00:00, run_after=2025-04-24 00:00:00+00:00
[2025-04-23T11:07:55.541+0000] {processor.py:208} INFO - Processing /opt/airflow/dags/my_dag.py took 0.158 seconds
[2025-04-23T11:08:25.874+0000] {processor.py:186} INFO - Started process (PID=1758) to work on /opt/airflow/dags/my_dag.py
[2025-04-23T11:08:25.877+0000] {processor.py:914} INFO - Processing file /opt/airflow/dags/my_dag.py for tasks to queue
[2025-04-23T11:08:25.882+0000] {logging_mixin.py:190} INFO - [2025-04-23T11:08:25.882+0000] {dagbag.py:588} INFO - Filling up the DagBag from /opt/airflow/dags/my_dag.py
[2025-04-23T11:08:25.920+0000] {processor.py:925} INFO - DAG(s) 'TFL_DATA_DAG' retrieved from /opt/airflow/dags/my_dag.py
[2025-04-23T11:08:25.962+0000] {logging_mixin.py:190} INFO - [2025-04-23T11:08:25.961+0000] {dag.py:3239} INFO - Sync 1 DAGs
[2025-04-23T11:08:25.996+0000] {logging_mixin.py:190} INFO - [2025-04-23T11:08:25.996+0000] {dag.py:4180} INFO - Setting next_dagrun for TFL_DATA_DAG to 2025-04-23 00:00:00+00:00, run_after=2025-04-24 00:00:00+00:00
[2025-04-23T11:08:26.022+0000] {processor.py:208} INFO - Processing /opt/airflow/dags/my_dag.py took 0.158 seconds
[2025-04-23T11:08:56.338+0000] {processor.py:186} INFO - Started process (PID=1779) to work on /opt/airflow/dags/my_dag.py
[2025-04-23T11:08:56.341+0000] {processor.py:914} INFO - Processing file /opt/airflow/dags/my_dag.py for tasks to queue
[2025-04-23T11:08:56.346+0000] {logging_mixin.py:190} INFO - [2025-04-23T11:08:56.346+0000] {dagbag.py:588} INFO - Filling up the DagBag from /opt/airflow/dags/my_dag.py
[2025-04-23T11:08:56.384+0000] {processor.py:925} INFO - DAG(s) 'TFL_DATA_DAG' retrieved from /opt/airflow/dags/my_dag.py
[2025-04-23T11:08:56.422+0000] {logging_mixin.py:190} INFO - [2025-04-23T11:08:56.421+0000] {dag.py:3239} INFO - Sync 1 DAGs
[2025-04-23T11:08:56.458+0000] {logging_mixin.py:190} INFO - [2025-04-23T11:08:56.457+0000] {dag.py:4180} INFO - Setting next_dagrun for TFL_DATA_DAG to 2025-04-23 00:00:00+00:00, run_after=2025-04-24 00:00:00+00:00
[2025-04-23T11:08:56.489+0000] {processor.py:208} INFO - Processing /opt/airflow/dags/my_dag.py took 0.159 seconds
[2025-04-23T11:09:26.825+0000] {processor.py:186} INFO - Started process (PID=1800) to work on /opt/airflow/dags/my_dag.py
[2025-04-23T11:09:26.827+0000] {processor.py:914} INFO - Processing file /opt/airflow/dags/my_dag.py for tasks to queue
[2025-04-23T11:09:26.832+0000] {logging_mixin.py:190} INFO - [2025-04-23T11:09:26.831+0000] {dagbag.py:588} INFO - Filling up the DagBag from /opt/airflow/dags/my_dag.py
[2025-04-23T11:09:26.862+0000] {processor.py:925} INFO - DAG(s) 'TFL_DATA_DAG' retrieved from /opt/airflow/dags/my_dag.py
[2025-04-23T11:09:26.897+0000] {logging_mixin.py:190} INFO - [2025-04-23T11:09:26.897+0000] {dag.py:3239} INFO - Sync 1 DAGs
[2025-04-23T11:09:26.938+0000] {logging_mixin.py:190} INFO - [2025-04-23T11:09:26.938+0000] {dag.py:4180} INFO - Setting next_dagrun for TFL_DATA_DAG to 2025-04-23 00:00:00+00:00, run_after=2025-04-24 00:00:00+00:00
[2025-04-23T11:09:26.967+0000] {processor.py:208} INFO - Processing /opt/airflow/dags/my_dag.py took 0.153 seconds
[2025-04-23T11:09:57.298+0000] {processor.py:186} INFO - Started process (PID=1821) to work on /opt/airflow/dags/my_dag.py
[2025-04-23T11:09:57.301+0000] {processor.py:914} INFO - Processing file /opt/airflow/dags/my_dag.py for tasks to queue
[2025-04-23T11:09:57.305+0000] {logging_mixin.py:190} INFO - [2025-04-23T11:09:57.305+0000] {dagbag.py:588} INFO - Filling up the DagBag from /opt/airflow/dags/my_dag.py
[2025-04-23T11:09:57.338+0000] {processor.py:925} INFO - DAG(s) 'TFL_DATA_DAG' retrieved from /opt/airflow/dags/my_dag.py
[2025-04-23T11:09:57.374+0000] {logging_mixin.py:190} INFO - [2025-04-23T11:09:57.373+0000] {dag.py:3239} INFO - Sync 1 DAGs
[2025-04-23T11:09:57.410+0000] {logging_mixin.py:190} INFO - [2025-04-23T11:09:57.409+0000] {dag.py:4180} INFO - Setting next_dagrun for TFL_DATA_DAG to 2025-04-23 00:00:00+00:00, run_after=2025-04-24 00:00:00+00:00
[2025-04-23T11:09:57.435+0000] {processor.py:208} INFO - Processing /opt/airflow/dags/my_dag.py took 0.146 seconds
[2025-04-23T11:10:27.753+0000] {processor.py:186} INFO - Started process (PID=1842) to work on /opt/airflow/dags/my_dag.py
[2025-04-23T11:10:27.755+0000] {processor.py:914} INFO - Processing file /opt/airflow/dags/my_dag.py for tasks to queue
[2025-04-23T11:10:27.760+0000] {logging_mixin.py:190} INFO - [2025-04-23T11:10:27.759+0000] {dagbag.py:588} INFO - Filling up the DagBag from /opt/airflow/dags/my_dag.py
[2025-04-23T11:10:27.790+0000] {processor.py:925} INFO - DAG(s) 'TFL_DATA_DAG' retrieved from /opt/airflow/dags/my_dag.py
[2025-04-23T11:10:27.842+0000] {logging_mixin.py:190} INFO - [2025-04-23T11:10:27.841+0000] {dag.py:3239} INFO - Sync 1 DAGs
[2025-04-23T11:10:27.873+0000] {logging_mixin.py:190} INFO - [2025-04-23T11:10:27.873+0000] {dag.py:4180} INFO - Setting next_dagrun for TFL_DATA_DAG to 2025-04-23 00:00:00+00:00, run_after=2025-04-24 00:00:00+00:00
[2025-04-23T11:10:27.902+0000] {processor.py:208} INFO - Processing /opt/airflow/dags/my_dag.py took 0.158 seconds
[2025-04-23T11:10:58.366+0000] {processor.py:186} INFO - Started process (PID=1863) to work on /opt/airflow/dags/my_dag.py
[2025-04-23T11:10:58.369+0000] {processor.py:914} INFO - Processing file /opt/airflow/dags/my_dag.py for tasks to queue
[2025-04-23T11:10:58.374+0000] {logging_mixin.py:190} INFO - [2025-04-23T11:10:58.373+0000] {dagbag.py:588} INFO - Filling up the DagBag from /opt/airflow/dags/my_dag.py
[2025-04-23T11:10:58.413+0000] {processor.py:925} INFO - DAG(s) 'TFL_DATA_DAG' retrieved from /opt/airflow/dags/my_dag.py
[2025-04-23T11:10:58.451+0000] {logging_mixin.py:190} INFO - [2025-04-23T11:10:58.450+0000] {dag.py:3239} INFO - Sync 1 DAGs
[2025-04-23T11:10:58.483+0000] {logging_mixin.py:190} INFO - [2025-04-23T11:10:58.482+0000] {dag.py:4180} INFO - Setting next_dagrun for TFL_DATA_DAG to 2025-04-23 00:00:00+00:00, run_after=2025-04-24 00:00:00+00:00
[2025-04-23T11:10:58.509+0000] {processor.py:208} INFO - Processing /opt/airflow/dags/my_dag.py took 0.151 seconds
[2025-04-23T11:11:28.847+0000] {processor.py:186} INFO - Started process (PID=1884) to work on /opt/airflow/dags/my_dag.py
[2025-04-23T11:11:28.850+0000] {processor.py:914} INFO - Processing file /opt/airflow/dags/my_dag.py for tasks to queue
[2025-04-23T11:11:28.855+0000] {logging_mixin.py:190} INFO - [2025-04-23T11:11:28.854+0000] {dagbag.py:588} INFO - Filling up the DagBag from /opt/airflow/dags/my_dag.py
[2025-04-23T11:11:28.887+0000] {processor.py:925} INFO - DAG(s) 'TFL_DATA_DAG' retrieved from /opt/airflow/dags/my_dag.py
[2025-04-23T11:11:28.922+0000] {logging_mixin.py:190} INFO - [2025-04-23T11:11:28.921+0000] {dag.py:3239} INFO - Sync 1 DAGs
[2025-04-23T11:11:28.968+0000] {logging_mixin.py:190} INFO - [2025-04-23T11:11:28.968+0000] {dag.py:4180} INFO - Setting next_dagrun for TFL_DATA_DAG to 2025-04-23 00:00:00+00:00, run_after=2025-04-24 00:00:00+00:00
[2025-04-23T11:11:28.996+0000] {processor.py:208} INFO - Processing /opt/airflow/dags/my_dag.py took 0.158 seconds
[2025-04-23T11:11:59.377+0000] {processor.py:186} INFO - Started process (PID=1905) to work on /opt/airflow/dags/my_dag.py
[2025-04-23T11:11:59.380+0000] {processor.py:914} INFO - Processing file /opt/airflow/dags/my_dag.py for tasks to queue
[2025-04-23T11:11:59.389+0000] {logging_mixin.py:190} INFO - [2025-04-23T11:11:59.388+0000] {dagbag.py:588} INFO - Filling up the DagBag from /opt/airflow/dags/my_dag.py
[2025-04-23T11:11:59.452+0000] {processor.py:925} INFO - DAG(s) 'TFL_DATA_DAG' retrieved from /opt/airflow/dags/my_dag.py
[2025-04-23T11:11:59.498+0000] {logging_mixin.py:190} INFO - [2025-04-23T11:11:59.498+0000] {dag.py:3239} INFO - Sync 1 DAGs
[2025-04-23T11:11:59.530+0000] {logging_mixin.py:190} INFO - [2025-04-23T11:11:59.530+0000] {dag.py:4180} INFO - Setting next_dagrun for TFL_DATA_DAG to 2025-04-23 00:00:00+00:00, run_after=2025-04-24 00:00:00+00:00
[2025-04-23T11:11:59.555+0000] {processor.py:208} INFO - Processing /opt/airflow/dags/my_dag.py took 0.192 seconds
[2025-04-23T11:12:29.925+0000] {processor.py:186} INFO - Started process (PID=1925) to work on /opt/airflow/dags/my_dag.py
[2025-04-23T11:12:29.927+0000] {processor.py:914} INFO - Processing file /opt/airflow/dags/my_dag.py for tasks to queue
[2025-04-23T11:12:29.932+0000] {logging_mixin.py:190} INFO - [2025-04-23T11:12:29.931+0000] {dagbag.py:588} INFO - Filling up the DagBag from /opt/airflow/dags/my_dag.py
[2025-04-23T11:12:29.966+0000] {processor.py:925} INFO - DAG(s) 'TFL_DATA_DAG' retrieved from /opt/airflow/dags/my_dag.py
[2025-04-23T11:12:30.001+0000] {logging_mixin.py:190} INFO - [2025-04-23T11:12:30.000+0000] {dag.py:3239} INFO - Sync 1 DAGs
[2025-04-23T11:12:30.055+0000] {logging_mixin.py:190} INFO - [2025-04-23T11:12:30.054+0000] {dag.py:4180} INFO - Setting next_dagrun for TFL_DATA_DAG to 2025-04-23 00:00:00+00:00, run_after=2025-04-24 00:00:00+00:00
[2025-04-23T11:12:30.084+0000] {processor.py:208} INFO - Processing /opt/airflow/dags/my_dag.py took 0.167 seconds
[2025-04-23T11:13:00.434+0000] {processor.py:186} INFO - Started process (PID=1946) to work on /opt/airflow/dags/my_dag.py
[2025-04-23T11:13:00.438+0000] {processor.py:914} INFO - Processing file /opt/airflow/dags/my_dag.py for tasks to queue
[2025-04-23T11:13:00.442+0000] {logging_mixin.py:190} INFO - [2025-04-23T11:13:00.442+0000] {dagbag.py:588} INFO - Filling up the DagBag from /opt/airflow/dags/my_dag.py
[2025-04-23T11:13:00.486+0000] {processor.py:925} INFO - DAG(s) 'TFL_DATA_DAG' retrieved from /opt/airflow/dags/my_dag.py
[2025-04-23T11:13:00.518+0000] {logging_mixin.py:190} INFO - [2025-04-23T11:13:00.517+0000] {dag.py:3239} INFO - Sync 1 DAGs
[2025-04-23T11:13:00.549+0000] {logging_mixin.py:190} INFO - [2025-04-23T11:13:00.549+0000] {dag.py:4180} INFO - Setting next_dagrun for TFL_DATA_DAG to 2025-04-23 00:00:00+00:00, run_after=2025-04-24 00:00:00+00:00
[2025-04-23T11:13:00.575+0000] {processor.py:208} INFO - Processing /opt/airflow/dags/my_dag.py took 0.147 seconds
[2025-04-23T11:13:30.932+0000] {processor.py:186} INFO - Started process (PID=1967) to work on /opt/airflow/dags/my_dag.py
[2025-04-23T11:13:30.935+0000] {processor.py:914} INFO - Processing file /opt/airflow/dags/my_dag.py for tasks to queue
[2025-04-23T11:13:30.941+0000] {logging_mixin.py:190} INFO - [2025-04-23T11:13:30.940+0000] {dagbag.py:588} INFO - Filling up the DagBag from /opt/airflow/dags/my_dag.py
[2025-04-23T11:13:30.975+0000] {processor.py:925} INFO - DAG(s) 'TFL_DATA_DAG' retrieved from /opt/airflow/dags/my_dag.py
[2025-04-23T11:13:31.011+0000] {logging_mixin.py:190} INFO - [2025-04-23T11:13:31.010+0000] {dag.py:3239} INFO - Sync 1 DAGs
[2025-04-23T11:13:31.042+0000] {logging_mixin.py:190} INFO - [2025-04-23T11:13:31.042+0000] {dag.py:4180} INFO - Setting next_dagrun for TFL_DATA_DAG to 2025-04-23 00:00:00+00:00, run_after=2025-04-24 00:00:00+00:00
[2025-04-23T11:13:31.071+0000] {processor.py:208} INFO - Processing /opt/airflow/dags/my_dag.py took 0.147 seconds
[2025-04-23T11:14:01.431+0000] {processor.py:186} INFO - Started process (PID=1988) to work on /opt/airflow/dags/my_dag.py
[2025-04-23T11:14:01.432+0000] {processor.py:914} INFO - Processing file /opt/airflow/dags/my_dag.py for tasks to queue
[2025-04-23T11:14:01.437+0000] {logging_mixin.py:190} INFO - [2025-04-23T11:14:01.437+0000] {dagbag.py:588} INFO - Filling up the DagBag from /opt/airflow/dags/my_dag.py
[2025-04-23T11:14:01.458+0000] {processor.py:925} INFO - DAG(s) 'TFL_DATA_DAG' retrieved from /opt/airflow/dags/my_dag.py
[2025-04-23T11:14:01.484+0000] {logging_mixin.py:190} INFO - [2025-04-23T11:14:01.483+0000] {dag.py:3239} INFO - Sync 1 DAGs
[2025-04-23T11:14:01.505+0000] {logging_mixin.py:190} INFO - [2025-04-23T11:14:01.505+0000] {dag.py:4180} INFO - Setting next_dagrun for TFL_DATA_DAG to 2025-04-23 00:00:00+00:00, run_after=2025-04-24 00:00:00+00:00
[2025-04-23T11:14:01.525+0000] {processor.py:208} INFO - Processing /opt/airflow/dags/my_dag.py took 0.100 seconds
[2025-04-23T11:14:31.850+0000] {processor.py:186} INFO - Started process (PID=2009) to work on /opt/airflow/dags/my_dag.py
[2025-04-23T11:14:31.851+0000] {processor.py:914} INFO - Processing file /opt/airflow/dags/my_dag.py for tasks to queue
[2025-04-23T11:14:31.855+0000] {logging_mixin.py:190} INFO - [2025-04-23T11:14:31.854+0000] {dagbag.py:588} INFO - Filling up the DagBag from /opt/airflow/dags/my_dag.py
[2025-04-23T11:14:31.881+0000] {processor.py:925} INFO - DAG(s) 'TFL_DATA_DAG' retrieved from /opt/airflow/dags/my_dag.py
[2025-04-23T11:14:31.909+0000] {logging_mixin.py:190} INFO - [2025-04-23T11:14:31.909+0000] {dag.py:3239} INFO - Sync 1 DAGs
[2025-04-23T11:14:31.932+0000] {logging_mixin.py:190} INFO - [2025-04-23T11:14:31.932+0000] {dag.py:4180} INFO - Setting next_dagrun for TFL_DATA_DAG to 2025-04-23 00:00:00+00:00, run_after=2025-04-24 00:00:00+00:00
[2025-04-23T11:14:31.953+0000] {processor.py:208} INFO - Processing /opt/airflow/dags/my_dag.py took 0.109 seconds
[2025-04-23T11:15:02.262+0000] {processor.py:186} INFO - Started process (PID=2030) to work on /opt/airflow/dags/my_dag.py
[2025-04-23T11:15:02.266+0000] {processor.py:914} INFO - Processing file /opt/airflow/dags/my_dag.py for tasks to queue
[2025-04-23T11:15:02.271+0000] {logging_mixin.py:190} INFO - [2025-04-23T11:15:02.270+0000] {dagbag.py:588} INFO - Filling up the DagBag from /opt/airflow/dags/my_dag.py
[2025-04-23T11:15:02.304+0000] {processor.py:925} INFO - DAG(s) 'TFL_DATA_DAG' retrieved from /opt/airflow/dags/my_dag.py
[2025-04-23T11:15:02.347+0000] {logging_mixin.py:190} INFO - [2025-04-23T11:15:02.346+0000] {dag.py:3239} INFO - Sync 1 DAGs
[2025-04-23T11:15:02.389+0000] {logging_mixin.py:190} INFO - [2025-04-23T11:15:02.389+0000] {dag.py:4180} INFO - Setting next_dagrun for TFL_DATA_DAG to 2025-04-23 00:00:00+00:00, run_after=2025-04-24 00:00:00+00:00
[2025-04-23T11:15:02.427+0000] {processor.py:208} INFO - Processing /opt/airflow/dags/my_dag.py took 0.174 seconds
[2025-04-23T11:15:32.781+0000] {processor.py:186} INFO - Started process (PID=2051) to work on /opt/airflow/dags/my_dag.py
[2025-04-23T11:15:32.783+0000] {processor.py:914} INFO - Processing file /opt/airflow/dags/my_dag.py for tasks to queue
[2025-04-23T11:15:32.787+0000] {logging_mixin.py:190} INFO - [2025-04-23T11:15:32.787+0000] {dagbag.py:588} INFO - Filling up the DagBag from /opt/airflow/dags/my_dag.py
[2025-04-23T11:15:32.817+0000] {processor.py:925} INFO - DAG(s) 'TFL_DATA_DAG' retrieved from /opt/airflow/dags/my_dag.py
[2025-04-23T11:15:32.853+0000] {logging_mixin.py:190} INFO - [2025-04-23T11:15:32.853+0000] {dag.py:3239} INFO - Sync 1 DAGs
[2025-04-23T11:15:32.888+0000] {logging_mixin.py:190} INFO - [2025-04-23T11:15:32.887+0000] {dag.py:4180} INFO - Setting next_dagrun for TFL_DATA_DAG to 2025-04-23 00:00:00+00:00, run_after=2025-04-24 00:00:00+00:00
[2025-04-23T11:15:32.915+0000] {processor.py:208} INFO - Processing /opt/airflow/dags/my_dag.py took 0.144 seconds
[2025-04-23T11:16:03.256+0000] {processor.py:186} INFO - Started process (PID=2072) to work on /opt/airflow/dags/my_dag.py
[2025-04-23T11:16:03.258+0000] {processor.py:914} INFO - Processing file /opt/airflow/dags/my_dag.py for tasks to queue
[2025-04-23T11:16:03.264+0000] {logging_mixin.py:190} INFO - [2025-04-23T11:16:03.263+0000] {dagbag.py:588} INFO - Filling up the DagBag from /opt/airflow/dags/my_dag.py
[2025-04-23T11:16:03.300+0000] {processor.py:925} INFO - DAG(s) 'TFL_DATA_DAG' retrieved from /opt/airflow/dags/my_dag.py
[2025-04-23T11:16:03.340+0000] {logging_mixin.py:190} INFO - [2025-04-23T11:16:03.339+0000] {dag.py:3239} INFO - Sync 1 DAGs
[2025-04-23T11:16:03.375+0000] {logging_mixin.py:190} INFO - [2025-04-23T11:16:03.375+0000] {dag.py:4180} INFO - Setting next_dagrun for TFL_DATA_DAG to 2025-04-23 00:00:00+00:00, run_after=2025-04-24 00:00:00+00:00
[2025-04-23T11:16:03.404+0000] {processor.py:208} INFO - Processing /opt/airflow/dags/my_dag.py took 0.157 seconds
[2025-04-23T11:16:33.757+0000] {processor.py:186} INFO - Started process (PID=2093) to work on /opt/airflow/dags/my_dag.py
[2025-04-23T11:16:33.760+0000] {processor.py:914} INFO - Processing file /opt/airflow/dags/my_dag.py for tasks to queue
[2025-04-23T11:16:33.765+0000] {logging_mixin.py:190} INFO - [2025-04-23T11:16:33.764+0000] {dagbag.py:588} INFO - Filling up the DagBag from /opt/airflow/dags/my_dag.py
[2025-04-23T11:16:33.797+0000] {processor.py:925} INFO - DAG(s) 'TFL_DATA_DAG' retrieved from /opt/airflow/dags/my_dag.py
[2025-04-23T11:16:33.837+0000] {logging_mixin.py:190} INFO - [2025-04-23T11:16:33.836+0000] {dag.py:3239} INFO - Sync 1 DAGs
[2025-04-23T11:16:33.873+0000] {logging_mixin.py:190} INFO - [2025-04-23T11:16:33.873+0000] {dag.py:4180} INFO - Setting next_dagrun for TFL_DATA_DAG to 2025-04-23 00:00:00+00:00, run_after=2025-04-24 00:00:00+00:00
[2025-04-23T11:16:33.899+0000] {processor.py:208} INFO - Processing /opt/airflow/dags/my_dag.py took 0.152 seconds
[2025-04-23T11:17:04.233+0000] {processor.py:186} INFO - Started process (PID=2114) to work on /opt/airflow/dags/my_dag.py
[2025-04-23T11:17:04.236+0000] {processor.py:914} INFO - Processing file /opt/airflow/dags/my_dag.py for tasks to queue
[2025-04-23T11:17:04.242+0000] {logging_mixin.py:190} INFO - [2025-04-23T11:17:04.241+0000] {dagbag.py:588} INFO - Filling up the DagBag from /opt/airflow/dags/my_dag.py
[2025-04-23T11:17:04.278+0000] {processor.py:925} INFO - DAG(s) 'TFL_DATA_DAG' retrieved from /opt/airflow/dags/my_dag.py
[2025-04-23T11:17:04.313+0000] {logging_mixin.py:190} INFO - [2025-04-23T11:17:04.312+0000] {dag.py:3239} INFO - Sync 1 DAGs
[2025-04-23T11:17:04.348+0000] {logging_mixin.py:190} INFO - [2025-04-23T11:17:04.348+0000] {dag.py:4180} INFO - Setting next_dagrun for TFL_DATA_DAG to 2025-04-23 00:00:00+00:00, run_after=2025-04-24 00:00:00+00:00
[2025-04-23T11:17:04.375+0000] {processor.py:208} INFO - Processing /opt/airflow/dags/my_dag.py took 0.151 seconds
[2025-04-23T11:17:34.696+0000] {processor.py:186} INFO - Started process (PID=2135) to work on /opt/airflow/dags/my_dag.py
[2025-04-23T11:17:34.698+0000] {processor.py:914} INFO - Processing file /opt/airflow/dags/my_dag.py for tasks to queue
[2025-04-23T11:17:34.711+0000] {logging_mixin.py:190} INFO - [2025-04-23T11:17:34.710+0000] {dagbag.py:588} INFO - Filling up the DagBag from /opt/airflow/dags/my_dag.py
[2025-04-23T11:17:34.739+0000] {processor.py:925} INFO - DAG(s) 'TFL_DATA_DAG' retrieved from /opt/airflow/dags/my_dag.py
[2025-04-23T11:17:34.773+0000] {logging_mixin.py:190} INFO - [2025-04-23T11:17:34.772+0000] {dag.py:3239} INFO - Sync 1 DAGs
[2025-04-23T11:17:34.806+0000] {logging_mixin.py:190} INFO - [2025-04-23T11:17:34.805+0000] {dag.py:4180} INFO - Setting next_dagrun for TFL_DATA_DAG to 2025-04-23 00:00:00+00:00, run_after=2025-04-24 00:00:00+00:00
[2025-04-23T11:17:34.832+0000] {processor.py:208} INFO - Processing /opt/airflow/dags/my_dag.py took 0.145 seconds
[2025-04-23T11:18:05.156+0000] {processor.py:186} INFO - Started process (PID=2156) to work on /opt/airflow/dags/my_dag.py
[2025-04-23T11:18:05.159+0000] {processor.py:914} INFO - Processing file /opt/airflow/dags/my_dag.py for tasks to queue
[2025-04-23T11:18:05.166+0000] {logging_mixin.py:190} INFO - [2025-04-23T11:18:05.165+0000] {dagbag.py:588} INFO - Filling up the DagBag from /opt/airflow/dags/my_dag.py
[2025-04-23T11:18:05.200+0000] {processor.py:925} INFO - DAG(s) 'TFL_DATA_DAG' retrieved from /opt/airflow/dags/my_dag.py
[2025-04-23T11:18:05.233+0000] {logging_mixin.py:190} INFO - [2025-04-23T11:18:05.232+0000] {dag.py:3239} INFO - Sync 1 DAGs
[2025-04-23T11:18:05.267+0000] {logging_mixin.py:190} INFO - [2025-04-23T11:18:05.267+0000] {dag.py:4180} INFO - Setting next_dagrun for TFL_DATA_DAG to 2025-04-23 00:00:00+00:00, run_after=2025-04-24 00:00:00+00:00
[2025-04-23T11:18:05.298+0000] {processor.py:208} INFO - Processing /opt/airflow/dags/my_dag.py took 0.151 seconds
[2025-04-23T11:18:35.651+0000] {processor.py:186} INFO - Started process (PID=2177) to work on /opt/airflow/dags/my_dag.py
[2025-04-23T11:18:35.653+0000] {processor.py:914} INFO - Processing file /opt/airflow/dags/my_dag.py for tasks to queue
[2025-04-23T11:18:35.659+0000] {logging_mixin.py:190} INFO - [2025-04-23T11:18:35.658+0000] {dagbag.py:588} INFO - Filling up the DagBag from /opt/airflow/dags/my_dag.py
[2025-04-23T11:18:35.702+0000] {processor.py:925} INFO - DAG(s) 'TFL_DATA_DAG' retrieved from /opt/airflow/dags/my_dag.py
[2025-04-23T11:18:35.746+0000] {logging_mixin.py:190} INFO - [2025-04-23T11:18:35.745+0000] {dag.py:3239} INFO - Sync 1 DAGs
[2025-04-23T11:18:35.789+0000] {logging_mixin.py:190} INFO - [2025-04-23T11:18:35.789+0000] {dag.py:4180} INFO - Setting next_dagrun for TFL_DATA_DAG to 2025-04-23 00:00:00+00:00, run_after=2025-04-24 00:00:00+00:00
[2025-04-23T11:18:35.822+0000] {processor.py:208} INFO - Processing /opt/airflow/dags/my_dag.py took 0.180 seconds
[2025-04-23T11:19:06.187+0000] {processor.py:186} INFO - Started process (PID=2198) to work on /opt/airflow/dags/my_dag.py
[2025-04-23T11:19:06.189+0000] {processor.py:914} INFO - Processing file /opt/airflow/dags/my_dag.py for tasks to queue
[2025-04-23T11:19:06.194+0000] {logging_mixin.py:190} INFO - [2025-04-23T11:19:06.193+0000] {dagbag.py:588} INFO - Filling up the DagBag from /opt/airflow/dags/my_dag.py
[2025-04-23T11:19:06.227+0000] {processor.py:925} INFO - DAG(s) 'TFL_DATA_DAG' retrieved from /opt/airflow/dags/my_dag.py
[2025-04-23T11:19:06.266+0000] {logging_mixin.py:190} INFO - [2025-04-23T11:19:06.265+0000] {dag.py:3239} INFO - Sync 1 DAGs
[2025-04-23T11:19:06.310+0000] {logging_mixin.py:190} INFO - [2025-04-23T11:19:06.310+0000] {dag.py:4180} INFO - Setting next_dagrun for TFL_DATA_DAG to 2025-04-23 00:00:00+00:00, run_after=2025-04-24 00:00:00+00:00
[2025-04-23T11:19:06.343+0000] {processor.py:208} INFO - Processing /opt/airflow/dags/my_dag.py took 0.165 seconds
[2025-04-23T11:19:36.713+0000] {processor.py:186} INFO - Started process (PID=2219) to work on /opt/airflow/dags/my_dag.py
[2025-04-23T11:19:36.715+0000] {processor.py:914} INFO - Processing file /opt/airflow/dags/my_dag.py for tasks to queue
[2025-04-23T11:19:36.721+0000] {logging_mixin.py:190} INFO - [2025-04-23T11:19:36.720+0000] {dagbag.py:588} INFO - Filling up the DagBag from /opt/airflow/dags/my_dag.py
[2025-04-23T11:19:36.760+0000] {processor.py:925} INFO - DAG(s) 'TFL_DATA_DAG' retrieved from /opt/airflow/dags/my_dag.py
[2025-04-23T11:19:36.801+0000] {logging_mixin.py:190} INFO - [2025-04-23T11:19:36.800+0000] {dag.py:3239} INFO - Sync 1 DAGs
[2025-04-23T11:19:36.845+0000] {logging_mixin.py:190} INFO - [2025-04-23T11:19:36.844+0000] {dag.py:4180} INFO - Setting next_dagrun for TFL_DATA_DAG to 2025-04-23 00:00:00+00:00, run_after=2025-04-24 00:00:00+00:00
[2025-04-23T11:19:36.874+0000] {processor.py:208} INFO - Processing /opt/airflow/dags/my_dag.py took 0.171 seconds
[2025-04-23T11:20:07.237+0000] {processor.py:186} INFO - Started process (PID=2240) to work on /opt/airflow/dags/my_dag.py
[2025-04-23T11:20:07.240+0000] {processor.py:914} INFO - Processing file /opt/airflow/dags/my_dag.py for tasks to queue
[2025-04-23T11:20:07.246+0000] {logging_mixin.py:190} INFO - [2025-04-23T11:20:07.245+0000] {dagbag.py:588} INFO - Filling up the DagBag from /opt/airflow/dags/my_dag.py
[2025-04-23T11:20:07.285+0000] {processor.py:925} INFO - DAG(s) 'TFL_DATA_DAG' retrieved from /opt/airflow/dags/my_dag.py
[2025-04-23T11:20:07.323+0000] {logging_mixin.py:190} INFO - [2025-04-23T11:20:07.322+0000] {dag.py:3239} INFO - Sync 1 DAGs
[2025-04-23T11:20:07.361+0000] {logging_mixin.py:190} INFO - [2025-04-23T11:20:07.361+0000] {dag.py:4180} INFO - Setting next_dagrun for TFL_DATA_DAG to 2025-04-23 00:00:00+00:00, run_after=2025-04-24 00:00:00+00:00
[2025-04-23T11:20:07.396+0000] {processor.py:208} INFO - Processing /opt/airflow/dags/my_dag.py took 0.169 seconds
[2025-04-23T11:20:37.752+0000] {processor.py:186} INFO - Started process (PID=2261) to work on /opt/airflow/dags/my_dag.py
[2025-04-23T11:20:37.754+0000] {processor.py:914} INFO - Processing file /opt/airflow/dags/my_dag.py for tasks to queue
[2025-04-23T11:20:37.760+0000] {logging_mixin.py:190} INFO - [2025-04-23T11:20:37.759+0000] {dagbag.py:588} INFO - Filling up the DagBag from /opt/airflow/dags/my_dag.py
[2025-04-23T11:20:37.793+0000] {processor.py:925} INFO - DAG(s) 'TFL_DATA_DAG' retrieved from /opt/airflow/dags/my_dag.py
[2025-04-23T11:20:37.830+0000] {logging_mixin.py:190} INFO - [2025-04-23T11:20:37.829+0000] {dag.py:3239} INFO - Sync 1 DAGs
[2025-04-23T11:20:37.873+0000] {logging_mixin.py:190} INFO - [2025-04-23T11:20:37.872+0000] {dag.py:4180} INFO - Setting next_dagrun for TFL_DATA_DAG to 2025-04-23 00:00:00+00:00, run_after=2025-04-24 00:00:00+00:00
[2025-04-23T11:20:37.907+0000] {processor.py:208} INFO - Processing /opt/airflow/dags/my_dag.py took 0.165 seconds
[2025-04-23T11:21:08.327+0000] {processor.py:186} INFO - Started process (PID=2282) to work on /opt/airflow/dags/my_dag.py
[2025-04-23T11:21:08.330+0000] {processor.py:914} INFO - Processing file /opt/airflow/dags/my_dag.py for tasks to queue
[2025-04-23T11:21:08.334+0000] {logging_mixin.py:190} INFO - [2025-04-23T11:21:08.333+0000] {dagbag.py:588} INFO - Filling up the DagBag from /opt/airflow/dags/my_dag.py
[2025-04-23T11:21:08.364+0000] {processor.py:925} INFO - DAG(s) 'TFL_DATA_DAG' retrieved from /opt/airflow/dags/my_dag.py
[2025-04-23T11:21:08.401+0000] {logging_mixin.py:190} INFO - [2025-04-23T11:21:08.400+0000] {dag.py:3239} INFO - Sync 1 DAGs
[2025-04-23T11:21:08.433+0000] {logging_mixin.py:190} INFO - [2025-04-23T11:21:08.433+0000] {dag.py:4180} INFO - Setting next_dagrun for TFL_DATA_DAG to 2025-04-23 00:00:00+00:00, run_after=2025-04-24 00:00:00+00:00
[2025-04-23T11:21:08.463+0000] {processor.py:208} INFO - Processing /opt/airflow/dags/my_dag.py took 0.144 seconds
[2025-04-23T11:21:38.870+0000] {processor.py:186} INFO - Started process (PID=2303) to work on /opt/airflow/dags/my_dag.py
[2025-04-23T11:21:38.875+0000] {processor.py:914} INFO - Processing file /opt/airflow/dags/my_dag.py for tasks to queue
[2025-04-23T11:21:38.879+0000] {logging_mixin.py:190} INFO - [2025-04-23T11:21:38.878+0000] {dagbag.py:588} INFO - Filling up the DagBag from /opt/airflow/dags/my_dag.py
[2025-04-23T11:21:38.940+0000] {processor.py:925} INFO - DAG(s) 'TFL_DATA_DAG' retrieved from /opt/airflow/dags/my_dag.py
[2025-04-23T11:21:38.976+0000] {logging_mixin.py:190} INFO - [2025-04-23T11:21:38.975+0000] {dag.py:3239} INFO - Sync 1 DAGs
[2025-04-23T11:21:39.010+0000] {logging_mixin.py:190} INFO - [2025-04-23T11:21:39.009+0000] {dag.py:4180} INFO - Setting next_dagrun for TFL_DATA_DAG to 2025-04-23 00:00:00+00:00, run_after=2025-04-24 00:00:00+00:00
[2025-04-23T11:21:39.035+0000] {processor.py:208} INFO - Processing /opt/airflow/dags/my_dag.py took 0.171 seconds
[2025-04-23T11:22:09.376+0000] {processor.py:186} INFO - Started process (PID=2324) to work on /opt/airflow/dags/my_dag.py
[2025-04-23T11:22:09.380+0000] {processor.py:914} INFO - Processing file /opt/airflow/dags/my_dag.py for tasks to queue
[2025-04-23T11:22:09.386+0000] {logging_mixin.py:190} INFO - [2025-04-23T11:22:09.386+0000] {dagbag.py:588} INFO - Filling up the DagBag from /opt/airflow/dags/my_dag.py
[2025-04-23T11:22:09.427+0000] {processor.py:925} INFO - DAG(s) 'TFL_DATA_DAG' retrieved from /opt/airflow/dags/my_dag.py
[2025-04-23T11:22:09.474+0000] {logging_mixin.py:190} INFO - [2025-04-23T11:22:09.472+0000] {dag.py:3239} INFO - Sync 1 DAGs
[2025-04-23T11:22:09.508+0000] {logging_mixin.py:190} INFO - [2025-04-23T11:22:09.508+0000] {dag.py:4180} INFO - Setting next_dagrun for TFL_DATA_DAG to 2025-04-23 00:00:00+00:00, run_after=2025-04-24 00:00:00+00:00
[2025-04-23T11:22:09.534+0000] {processor.py:208} INFO - Processing /opt/airflow/dags/my_dag.py took 0.168 seconds
[2025-04-23T11:22:39.889+0000] {processor.py:186} INFO - Started process (PID=2345) to work on /opt/airflow/dags/my_dag.py
[2025-04-23T11:22:39.891+0000] {processor.py:914} INFO - Processing file /opt/airflow/dags/my_dag.py for tasks to queue
[2025-04-23T11:22:39.896+0000] {logging_mixin.py:190} INFO - [2025-04-23T11:22:39.896+0000] {dagbag.py:588} INFO - Filling up the DagBag from /opt/airflow/dags/my_dag.py
[2025-04-23T11:22:39.929+0000] {processor.py:925} INFO - DAG(s) 'TFL_DATA_DAG' retrieved from /opt/airflow/dags/my_dag.py
[2025-04-23T11:22:39.960+0000] {logging_mixin.py:190} INFO - [2025-04-23T11:22:39.960+0000] {dag.py:3239} INFO - Sync 1 DAGs
[2025-04-23T11:22:39.997+0000] {logging_mixin.py:190} INFO - [2025-04-23T11:22:39.997+0000] {dag.py:4180} INFO - Setting next_dagrun for TFL_DATA_DAG to 2025-04-23 00:00:00+00:00, run_after=2025-04-24 00:00:00+00:00
[2025-04-23T11:22:40.023+0000] {processor.py:208} INFO - Processing /opt/airflow/dags/my_dag.py took 0.145 seconds
[2025-04-23T11:23:10.363+0000] {processor.py:186} INFO - Started process (PID=2366) to work on /opt/airflow/dags/my_dag.py
[2025-04-23T11:23:10.365+0000] {processor.py:914} INFO - Processing file /opt/airflow/dags/my_dag.py for tasks to queue
[2025-04-23T11:23:10.370+0000] {logging_mixin.py:190} INFO - [2025-04-23T11:23:10.370+0000] {dagbag.py:588} INFO - Filling up the DagBag from /opt/airflow/dags/my_dag.py
[2025-04-23T11:23:10.398+0000] {processor.py:925} INFO - DAG(s) 'TFL_DATA_DAG' retrieved from /opt/airflow/dags/my_dag.py
[2025-04-23T11:23:10.428+0000] {logging_mixin.py:190} INFO - [2025-04-23T11:23:10.427+0000] {dag.py:3239} INFO - Sync 1 DAGs
[2025-04-23T11:23:10.460+0000] {logging_mixin.py:190} INFO - [2025-04-23T11:23:10.460+0000] {dag.py:4180} INFO - Setting next_dagrun for TFL_DATA_DAG to 2025-04-23 00:00:00+00:00, run_after=2025-04-24 00:00:00+00:00
[2025-04-23T11:23:10.493+0000] {processor.py:208} INFO - Processing /opt/airflow/dags/my_dag.py took 0.137 seconds
[2025-04-23T11:23:40.863+0000] {processor.py:186} INFO - Started process (PID=2387) to work on /opt/airflow/dags/my_dag.py
[2025-04-23T11:23:40.866+0000] {processor.py:914} INFO - Processing file /opt/airflow/dags/my_dag.py for tasks to queue
[2025-04-23T11:23:40.871+0000] {logging_mixin.py:190} INFO - [2025-04-23T11:23:40.870+0000] {dagbag.py:588} INFO - Filling up the DagBag from /opt/airflow/dags/my_dag.py
[2025-04-23T11:23:40.902+0000] {processor.py:925} INFO - DAG(s) 'TFL_DATA_DAG' retrieved from /opt/airflow/dags/my_dag.py
[2025-04-23T11:23:40.942+0000] {logging_mixin.py:190} INFO - [2025-04-23T11:23:40.941+0000] {dag.py:3239} INFO - Sync 1 DAGs
[2025-04-23T11:23:40.982+0000] {logging_mixin.py:190} INFO - [2025-04-23T11:23:40.981+0000] {dag.py:4180} INFO - Setting next_dagrun for TFL_DATA_DAG to 2025-04-23 00:00:00+00:00, run_after=2025-04-24 00:00:00+00:00
[2025-04-23T11:23:41.013+0000] {processor.py:208} INFO - Processing /opt/airflow/dags/my_dag.py took 0.158 seconds
[2025-04-23T11:24:11.364+0000] {processor.py:186} INFO - Started process (PID=2408) to work on /opt/airflow/dags/my_dag.py
[2025-04-23T11:24:11.366+0000] {processor.py:914} INFO - Processing file /opt/airflow/dags/my_dag.py for tasks to queue
[2025-04-23T11:24:11.371+0000] {logging_mixin.py:190} INFO - [2025-04-23T11:24:11.371+0000] {dagbag.py:588} INFO - Filling up the DagBag from /opt/airflow/dags/my_dag.py
[2025-04-23T11:24:11.407+0000] {processor.py:925} INFO - DAG(s) 'TFL_DATA_DAG' retrieved from /opt/airflow/dags/my_dag.py
[2025-04-23T11:24:11.442+0000] {logging_mixin.py:190} INFO - [2025-04-23T11:24:11.441+0000] {dag.py:3239} INFO - Sync 1 DAGs
[2025-04-23T11:24:11.478+0000] {logging_mixin.py:190} INFO - [2025-04-23T11:24:11.478+0000] {dag.py:4180} INFO - Setting next_dagrun for TFL_DATA_DAG to 2025-04-23 00:00:00+00:00, run_after=2025-04-24 00:00:00+00:00
[2025-04-23T11:24:11.511+0000] {processor.py:208} INFO - Processing /opt/airflow/dags/my_dag.py took 0.157 seconds
[2025-04-23T11:24:41.871+0000] {processor.py:186} INFO - Started process (PID=2429) to work on /opt/airflow/dags/my_dag.py
[2025-04-23T11:24:41.874+0000] {processor.py:914} INFO - Processing file /opt/airflow/dags/my_dag.py for tasks to queue
[2025-04-23T11:24:41.879+0000] {logging_mixin.py:190} INFO - [2025-04-23T11:24:41.879+0000] {dagbag.py:588} INFO - Filling up the DagBag from /opt/airflow/dags/my_dag.py
[2025-04-23T11:24:41.916+0000] {processor.py:925} INFO - DAG(s) 'TFL_DATA_DAG' retrieved from /opt/airflow/dags/my_dag.py
[2025-04-23T11:24:41.956+0000] {logging_mixin.py:190} INFO - [2025-04-23T11:24:41.955+0000] {dag.py:3239} INFO - Sync 1 DAGs
[2025-04-23T11:24:41.986+0000] {logging_mixin.py:190} INFO - [2025-04-23T11:24:41.986+0000] {dag.py:4180} INFO - Setting next_dagrun for TFL_DATA_DAG to 2025-04-23 00:00:00+00:00, run_after=2025-04-24 00:00:00+00:00
[2025-04-23T11:24:42.013+0000] {processor.py:208} INFO - Processing /opt/airflow/dags/my_dag.py took 0.152 seconds
[2025-04-23T11:25:12.341+0000] {processor.py:186} INFO - Started process (PID=2450) to work on /opt/airflow/dags/my_dag.py
[2025-04-23T11:25:12.344+0000] {processor.py:914} INFO - Processing file /opt/airflow/dags/my_dag.py for tasks to queue
[2025-04-23T11:25:12.348+0000] {logging_mixin.py:190} INFO - [2025-04-23T11:25:12.348+0000] {dagbag.py:588} INFO - Filling up the DagBag from /opt/airflow/dags/my_dag.py
[2025-04-23T11:25:12.380+0000] {processor.py:925} INFO - DAG(s) 'TFL_DATA_DAG' retrieved from /opt/airflow/dags/my_dag.py
[2025-04-23T11:25:12.416+0000] {logging_mixin.py:190} INFO - [2025-04-23T11:25:12.415+0000] {dag.py:3239} INFO - Sync 1 DAGs
[2025-04-23T11:25:12.452+0000] {logging_mixin.py:190} INFO - [2025-04-23T11:25:12.452+0000] {dag.py:4180} INFO - Setting next_dagrun for TFL_DATA_DAG to 2025-04-23 00:00:00+00:00, run_after=2025-04-24 00:00:00+00:00
[2025-04-23T11:25:12.480+0000] {processor.py:208} INFO - Processing /opt/airflow/dags/my_dag.py took 0.146 seconds
[2025-04-23T11:25:42.852+0000] {processor.py:186} INFO - Started process (PID=2471) to work on /opt/airflow/dags/my_dag.py
[2025-04-23T11:25:42.856+0000] {processor.py:914} INFO - Processing file /opt/airflow/dags/my_dag.py for tasks to queue
[2025-04-23T11:25:42.863+0000] {logging_mixin.py:190} INFO - [2025-04-23T11:25:42.861+0000] {dagbag.py:588} INFO - Filling up the DagBag from /opt/airflow/dags/my_dag.py
[2025-04-23T11:25:42.907+0000] {processor.py:925} INFO - DAG(s) 'TFL_DATA_DAG' retrieved from /opt/airflow/dags/my_dag.py
[2025-04-23T11:25:42.958+0000] {logging_mixin.py:190} INFO - [2025-04-23T11:25:42.957+0000] {dag.py:3239} INFO - Sync 1 DAGs
[2025-04-23T11:25:42.996+0000] {logging_mixin.py:190} INFO - [2025-04-23T11:25:42.996+0000] {dag.py:4180} INFO - Setting next_dagrun for TFL_DATA_DAG to 2025-04-23 00:00:00+00:00, run_after=2025-04-24 00:00:00+00:00
[2025-04-23T11:25:43.027+0000] {processor.py:208} INFO - Processing /opt/airflow/dags/my_dag.py took 0.186 seconds
[2025-04-23T11:26:13.447+0000] {processor.py:186} INFO - Started process (PID=2492) to work on /opt/airflow/dags/my_dag.py
[2025-04-23T11:26:13.450+0000] {processor.py:914} INFO - Processing file /opt/airflow/dags/my_dag.py for tasks to queue
[2025-04-23T11:26:13.454+0000] {logging_mixin.py:190} INFO - [2025-04-23T11:26:13.454+0000] {dagbag.py:588} INFO - Filling up the DagBag from /opt/airflow/dags/my_dag.py
[2025-04-23T11:26:13.487+0000] {processor.py:925} INFO - DAG(s) 'TFL_DATA_DAG' retrieved from /opt/airflow/dags/my_dag.py
[2025-04-23T11:26:13.528+0000] {logging_mixin.py:190} INFO - [2025-04-23T11:26:13.526+0000] {dag.py:3239} INFO - Sync 1 DAGs
[2025-04-23T11:26:13.568+0000] {logging_mixin.py:190} INFO - [2025-04-23T11:26:13.568+0000] {dag.py:4180} INFO - Setting next_dagrun for TFL_DATA_DAG to 2025-04-23 00:00:00+00:00, run_after=2025-04-24 00:00:00+00:00
[2025-04-23T11:26:13.602+0000] {processor.py:208} INFO - Processing /opt/airflow/dags/my_dag.py took 0.163 seconds
[2025-04-23T11:26:43.978+0000] {processor.py:186} INFO - Started process (PID=2513) to work on /opt/airflow/dags/my_dag.py
[2025-04-23T11:26:43.980+0000] {processor.py:914} INFO - Processing file /opt/airflow/dags/my_dag.py for tasks to queue
[2025-04-23T11:26:43.986+0000] {logging_mixin.py:190} INFO - [2025-04-23T11:26:43.985+0000] {dagbag.py:588} INFO - Filling up the DagBag from /opt/airflow/dags/my_dag.py
[2025-04-23T11:26:44.018+0000] {processor.py:925} INFO - DAG(s) 'TFL_DATA_DAG' retrieved from /opt/airflow/dags/my_dag.py
[2025-04-23T11:26:44.052+0000] {logging_mixin.py:190} INFO - [2025-04-23T11:26:44.052+0000] {dag.py:3239} INFO - Sync 1 DAGs
[2025-04-23T11:26:44.086+0000] {logging_mixin.py:190} INFO - [2025-04-23T11:26:44.086+0000] {dag.py:4180} INFO - Setting next_dagrun for TFL_DATA_DAG to 2025-04-23 00:00:00+00:00, run_after=2025-04-24 00:00:00+00:00
[2025-04-23T11:26:44.116+0000] {processor.py:208} INFO - Processing /opt/airflow/dags/my_dag.py took 0.147 seconds
[2025-04-23T11:27:14.443+0000] {processor.py:186} INFO - Started process (PID=2534) to work on /opt/airflow/dags/my_dag.py
[2025-04-23T11:27:14.445+0000] {processor.py:914} INFO - Processing file /opt/airflow/dags/my_dag.py for tasks to queue
[2025-04-23T11:27:14.451+0000] {logging_mixin.py:190} INFO - [2025-04-23T11:27:14.450+0000] {dagbag.py:588} INFO - Filling up the DagBag from /opt/airflow/dags/my_dag.py
[2025-04-23T11:27:14.483+0000] {processor.py:925} INFO - DAG(s) 'TFL_DATA_DAG' retrieved from /opt/airflow/dags/my_dag.py
[2025-04-23T11:27:14.517+0000] {logging_mixin.py:190} INFO - [2025-04-23T11:27:14.516+0000] {dag.py:3239} INFO - Sync 1 DAGs
[2025-04-23T11:27:14.556+0000] {logging_mixin.py:190} INFO - [2025-04-23T11:27:14.556+0000] {dag.py:4180} INFO - Setting next_dagrun for TFL_DATA_DAG to 2025-04-23 00:00:00+00:00, run_after=2025-04-24 00:00:00+00:00
[2025-04-23T11:27:14.586+0000] {processor.py:208} INFO - Processing /opt/airflow/dags/my_dag.py took 0.152 seconds
[2025-04-23T11:27:44.958+0000] {processor.py:186} INFO - Started process (PID=2555) to work on /opt/airflow/dags/my_dag.py
[2025-04-23T11:27:44.961+0000] {processor.py:914} INFO - Processing file /opt/airflow/dags/my_dag.py for tasks to queue
[2025-04-23T11:27:44.967+0000] {logging_mixin.py:190} INFO - [2025-04-23T11:27:44.966+0000] {dagbag.py:588} INFO - Filling up the DagBag from /opt/airflow/dags/my_dag.py
[2025-04-23T11:27:45.000+0000] {processor.py:925} INFO - DAG(s) 'TFL_DATA_DAG' retrieved from /opt/airflow/dags/my_dag.py
[2025-04-23T11:27:45.036+0000] {logging_mixin.py:190} INFO - [2025-04-23T11:27:45.035+0000] {dag.py:3239} INFO - Sync 1 DAGs
[2025-04-23T11:27:45.071+0000] {logging_mixin.py:190} INFO - [2025-04-23T11:27:45.071+0000] {dag.py:4180} INFO - Setting next_dagrun for TFL_DATA_DAG to 2025-04-23 00:00:00+00:00, run_after=2025-04-24 00:00:00+00:00
[2025-04-23T11:27:45.096+0000] {processor.py:208} INFO - Processing /opt/airflow/dags/my_dag.py took 0.147 seconds
[2025-04-23T11:28:15.466+0000] {processor.py:186} INFO - Started process (PID=2576) to work on /opt/airflow/dags/my_dag.py
[2025-04-23T11:28:15.468+0000] {processor.py:914} INFO - Processing file /opt/airflow/dags/my_dag.py for tasks to queue
[2025-04-23T11:28:15.474+0000] {logging_mixin.py:190} INFO - [2025-04-23T11:28:15.473+0000] {dagbag.py:588} INFO - Filling up the DagBag from /opt/airflow/dags/my_dag.py
[2025-04-23T11:28:15.506+0000] {processor.py:925} INFO - DAG(s) 'TFL_DATA_DAG' retrieved from /opt/airflow/dags/my_dag.py
[2025-04-23T11:28:15.543+0000] {logging_mixin.py:190} INFO - [2025-04-23T11:28:15.542+0000] {dag.py:3239} INFO - Sync 1 DAGs
[2025-04-23T11:28:15.576+0000] {logging_mixin.py:190} INFO - [2025-04-23T11:28:15.576+0000] {dag.py:4180} INFO - Setting next_dagrun for TFL_DATA_DAG to 2025-04-23 00:00:00+00:00, run_after=2025-04-24 00:00:00+00:00
[2025-04-23T11:28:15.615+0000] {processor.py:208} INFO - Processing /opt/airflow/dags/my_dag.py took 0.158 seconds
[2025-04-23T11:28:46.005+0000] {processor.py:186} INFO - Started process (PID=2597) to work on /opt/airflow/dags/my_dag.py
[2025-04-23T11:28:46.008+0000] {processor.py:914} INFO - Processing file /opt/airflow/dags/my_dag.py for tasks to queue
[2025-04-23T11:28:46.013+0000] {logging_mixin.py:190} INFO - [2025-04-23T11:28:46.012+0000] {dagbag.py:588} INFO - Filling up the DagBag from /opt/airflow/dags/my_dag.py
[2025-04-23T11:28:46.059+0000] {processor.py:925} INFO - DAG(s) 'TFL_DATA_DAG' retrieved from /opt/airflow/dags/my_dag.py
[2025-04-23T11:28:46.088+0000] {logging_mixin.py:190} INFO - [2025-04-23T11:28:46.087+0000] {dag.py:3239} INFO - Sync 1 DAGs
[2025-04-23T11:28:46.123+0000] {logging_mixin.py:190} INFO - [2025-04-23T11:28:46.123+0000] {dag.py:4180} INFO - Setting next_dagrun for TFL_DATA_DAG to 2025-04-23 00:00:00+00:00, run_after=2025-04-24 00:00:00+00:00
[2025-04-23T11:28:46.149+0000] {processor.py:208} INFO - Processing /opt/airflow/dags/my_dag.py took 0.151 seconds
[2025-04-23T11:29:16.507+0000] {processor.py:186} INFO - Started process (PID=2618) to work on /opt/airflow/dags/my_dag.py
[2025-04-23T11:29:16.509+0000] {processor.py:914} INFO - Processing file /opt/airflow/dags/my_dag.py for tasks to queue
[2025-04-23T11:29:16.513+0000] {logging_mixin.py:190} INFO - [2025-04-23T11:29:16.513+0000] {dagbag.py:588} INFO - Filling up the DagBag from /opt/airflow/dags/my_dag.py
[2025-04-23T11:29:16.544+0000] {processor.py:925} INFO - DAG(s) 'TFL_DATA_DAG' retrieved from /opt/airflow/dags/my_dag.py
[2025-04-23T11:29:16.578+0000] {logging_mixin.py:190} INFO - [2025-04-23T11:29:16.577+0000] {dag.py:3239} INFO - Sync 1 DAGs
[2025-04-23T11:29:16.612+0000] {logging_mixin.py:190} INFO - [2025-04-23T11:29:16.611+0000] {dag.py:4180} INFO - Setting next_dagrun for TFL_DATA_DAG to 2025-04-23 00:00:00+00:00, run_after=2025-04-24 00:00:00+00:00
[2025-04-23T11:29:16.638+0000] {processor.py:208} INFO - Processing /opt/airflow/dags/my_dag.py took 0.141 seconds
[2025-04-23T11:29:47.039+0000] {processor.py:186} INFO - Started process (PID=2639) to work on /opt/airflow/dags/my_dag.py
[2025-04-23T11:29:47.042+0000] {processor.py:914} INFO - Processing file /opt/airflow/dags/my_dag.py for tasks to queue
[2025-04-23T11:29:47.047+0000] {logging_mixin.py:190} INFO - [2025-04-23T11:29:47.047+0000] {dagbag.py:588} INFO - Filling up the DagBag from /opt/airflow/dags/my_dag.py
[2025-04-23T11:29:47.079+0000] {processor.py:925} INFO - DAG(s) 'TFL_DATA_DAG' retrieved from /opt/airflow/dags/my_dag.py
[2025-04-23T11:29:47.117+0000] {logging_mixin.py:190} INFO - [2025-04-23T11:29:47.117+0000] {dag.py:3239} INFO - Sync 1 DAGs
[2025-04-23T11:29:47.156+0000] {logging_mixin.py:190} INFO - [2025-04-23T11:29:47.155+0000] {dag.py:4180} INFO - Setting next_dagrun for TFL_DATA_DAG to 2025-04-23 00:00:00+00:00, run_after=2025-04-24 00:00:00+00:00
[2025-04-23T11:29:47.185+0000] {processor.py:208} INFO - Processing /opt/airflow/dags/my_dag.py took 0.154 seconds
[2025-04-23T11:30:17.553+0000] {processor.py:186} INFO - Started process (PID=2660) to work on /opt/airflow/dags/my_dag.py
[2025-04-23T11:30:17.556+0000] {processor.py:914} INFO - Processing file /opt/airflow/dags/my_dag.py for tasks to queue
[2025-04-23T11:30:17.561+0000] {logging_mixin.py:190} INFO - [2025-04-23T11:30:17.561+0000] {dagbag.py:588} INFO - Filling up the DagBag from /opt/airflow/dags/my_dag.py
[2025-04-23T11:30:17.598+0000] {processor.py:925} INFO - DAG(s) 'TFL_DATA_DAG' retrieved from /opt/airflow/dags/my_dag.py
[2025-04-23T11:30:17.634+0000] {logging_mixin.py:190} INFO - [2025-04-23T11:30:17.633+0000] {dag.py:3239} INFO - Sync 1 DAGs
[2025-04-23T11:30:17.672+0000] {logging_mixin.py:190} INFO - [2025-04-23T11:30:17.671+0000] {dag.py:4180} INFO - Setting next_dagrun for TFL_DATA_DAG to 2025-04-23 00:00:00+00:00, run_after=2025-04-24 00:00:00+00:00
[2025-04-23T11:30:17.699+0000] {processor.py:208} INFO - Processing /opt/airflow/dags/my_dag.py took 0.157 seconds
[2025-04-23T11:30:48.092+0000] {processor.py:186} INFO - Started process (PID=2681) to work on /opt/airflow/dags/my_dag.py
[2025-04-23T11:30:48.095+0000] {processor.py:914} INFO - Processing file /opt/airflow/dags/my_dag.py for tasks to queue
[2025-04-23T11:30:48.101+0000] {logging_mixin.py:190} INFO - [2025-04-23T11:30:48.101+0000] {dagbag.py:588} INFO - Filling up the DagBag from /opt/airflow/dags/my_dag.py
[2025-04-23T11:30:48.145+0000] {processor.py:925} INFO - DAG(s) 'TFL_DATA_DAG' retrieved from /opt/airflow/dags/my_dag.py
[2025-04-23T11:30:48.182+0000] {logging_mixin.py:190} INFO - [2025-04-23T11:30:48.181+0000] {dag.py:3239} INFO - Sync 1 DAGs
[2025-04-23T11:30:48.213+0000] {logging_mixin.py:190} INFO - [2025-04-23T11:30:48.213+0000] {dag.py:4180} INFO - Setting next_dagrun for TFL_DATA_DAG to 2025-04-23 00:00:00+00:00, run_after=2025-04-24 00:00:00+00:00
[2025-04-23T11:30:48.247+0000] {processor.py:208} INFO - Processing /opt/airflow/dags/my_dag.py took 0.164 seconds
[2025-04-23T11:31:18.649+0000] {processor.py:186} INFO - Started process (PID=2702) to work on /opt/airflow/dags/my_dag.py
[2025-04-23T11:31:18.652+0000] {processor.py:914} INFO - Processing file /opt/airflow/dags/my_dag.py for tasks to queue
[2025-04-23T11:31:18.656+0000] {logging_mixin.py:190} INFO - [2025-04-23T11:31:18.656+0000] {dagbag.py:588} INFO - Filling up the DagBag from /opt/airflow/dags/my_dag.py
[2025-04-23T11:31:18.688+0000] {processor.py:925} INFO - DAG(s) 'TFL_DATA_DAG' retrieved from /opt/airflow/dags/my_dag.py
[2025-04-23T11:31:18.728+0000] {logging_mixin.py:190} INFO - [2025-04-23T11:31:18.727+0000] {dag.py:3239} INFO - Sync 1 DAGs
[2025-04-23T11:31:18.763+0000] {logging_mixin.py:190} INFO - [2025-04-23T11:31:18.762+0000] {dag.py:4180} INFO - Setting next_dagrun for TFL_DATA_DAG to 2025-04-23 00:00:00+00:00, run_after=2025-04-24 00:00:00+00:00
[2025-04-23T11:31:18.794+0000] {processor.py:208} INFO - Processing /opt/airflow/dags/my_dag.py took 0.153 seconds
[2025-04-23T11:31:49.162+0000] {processor.py:186} INFO - Started process (PID=2723) to work on /opt/airflow/dags/my_dag.py
[2025-04-23T11:31:49.164+0000] {processor.py:914} INFO - Processing file /opt/airflow/dags/my_dag.py for tasks to queue
[2025-04-23T11:31:49.169+0000] {logging_mixin.py:190} INFO - [2025-04-23T11:31:49.168+0000] {dagbag.py:588} INFO - Filling up the DagBag from /opt/airflow/dags/my_dag.py
[2025-04-23T11:31:49.202+0000] {processor.py:925} INFO - DAG(s) 'TFL_DATA_DAG' retrieved from /opt/airflow/dags/my_dag.py
[2025-04-23T11:31:49.236+0000] {logging_mixin.py:190} INFO - [2025-04-23T11:31:49.235+0000] {dag.py:3239} INFO - Sync 1 DAGs
[2025-04-23T11:31:49.270+0000] {logging_mixin.py:190} INFO - [2025-04-23T11:31:49.269+0000] {dag.py:4180} INFO - Setting next_dagrun for TFL_DATA_DAG to 2025-04-23 00:00:00+00:00, run_after=2025-04-24 00:00:00+00:00
[2025-04-23T11:31:49.294+0000] {processor.py:208} INFO - Processing /opt/airflow/dags/my_dag.py took 0.141 seconds
[2025-04-23T11:32:19.646+0000] {processor.py:186} INFO - Started process (PID=2744) to work on /opt/airflow/dags/my_dag.py
[2025-04-23T11:32:19.648+0000] {processor.py:914} INFO - Processing file /opt/airflow/dags/my_dag.py for tasks to queue
[2025-04-23T11:32:19.654+0000] {logging_mixin.py:190} INFO - [2025-04-23T11:32:19.653+0000] {dagbag.py:588} INFO - Filling up the DagBag from /opt/airflow/dags/my_dag.py
[2025-04-23T11:32:19.688+0000] {processor.py:925} INFO - DAG(s) 'TFL_DATA_DAG' retrieved from /opt/airflow/dags/my_dag.py
[2025-04-23T11:32:19.724+0000] {logging_mixin.py:190} INFO - [2025-04-23T11:32:19.723+0000] {dag.py:3239} INFO - Sync 1 DAGs
[2025-04-23T11:32:19.756+0000] {logging_mixin.py:190} INFO - [2025-04-23T11:32:19.755+0000] {dag.py:4180} INFO - Setting next_dagrun for TFL_DATA_DAG to 2025-04-23 00:00:00+00:00, run_after=2025-04-24 00:00:00+00:00
[2025-04-23T11:32:19.781+0000] {processor.py:208} INFO - Processing /opt/airflow/dags/my_dag.py took 0.144 seconds
[2025-04-23T11:32:50.122+0000] {processor.py:186} INFO - Started process (PID=2765) to work on /opt/airflow/dags/my_dag.py
[2025-04-23T11:32:50.125+0000] {processor.py:914} INFO - Processing file /opt/airflow/dags/my_dag.py for tasks to queue
[2025-04-23T11:32:50.129+0000] {logging_mixin.py:190} INFO - [2025-04-23T11:32:50.129+0000] {dagbag.py:588} INFO - Filling up the DagBag from /opt/airflow/dags/my_dag.py
[2025-04-23T11:32:50.161+0000] {processor.py:925} INFO - DAG(s) 'TFL_DATA_DAG' retrieved from /opt/airflow/dags/my_dag.py
[2025-04-23T11:32:50.199+0000] {logging_mixin.py:190} INFO - [2025-04-23T11:32:50.198+0000] {dag.py:3239} INFO - Sync 1 DAGs
[2025-04-23T11:32:50.231+0000] {logging_mixin.py:190} INFO - [2025-04-23T11:32:50.231+0000] {dag.py:4180} INFO - Setting next_dagrun for TFL_DATA_DAG to 2025-04-23 00:00:00+00:00, run_after=2025-04-24 00:00:00+00:00
[2025-04-23T11:32:50.258+0000] {processor.py:208} INFO - Processing /opt/airflow/dags/my_dag.py took 0.143 seconds
[2025-04-23T11:33:20.651+0000] {processor.py:186} INFO - Started process (PID=2786) to work on /opt/airflow/dags/my_dag.py
[2025-04-23T11:33:20.656+0000] {processor.py:914} INFO - Processing file /opt/airflow/dags/my_dag.py for tasks to queue
[2025-04-23T11:33:20.666+0000] {logging_mixin.py:190} INFO - [2025-04-23T11:33:20.665+0000] {dagbag.py:588} INFO - Filling up the DagBag from /opt/airflow/dags/my_dag.py
[2025-04-23T11:33:20.734+0000] {processor.py:925} INFO - DAG(s) 'TFL_DATA_DAG' retrieved from /opt/airflow/dags/my_dag.py
[2025-04-23T11:33:20.766+0000] {logging_mixin.py:190} INFO - [2025-04-23T11:33:20.765+0000] {dag.py:3239} INFO - Sync 1 DAGs
[2025-04-23T11:33:20.801+0000] {logging_mixin.py:190} INFO - [2025-04-23T11:33:20.801+0000] {dag.py:4180} INFO - Setting next_dagrun for TFL_DATA_DAG to 2025-04-23 00:00:00+00:00, run_after=2025-04-24 00:00:00+00:00
[2025-04-23T11:33:20.828+0000] {processor.py:208} INFO - Processing /opt/airflow/dags/my_dag.py took 0.192 seconds
[2025-04-23T11:33:51.225+0000] {processor.py:186} INFO - Started process (PID=2807) to work on /opt/airflow/dags/my_dag.py
[2025-04-23T11:33:51.228+0000] {processor.py:914} INFO - Processing file /opt/airflow/dags/my_dag.py for tasks to queue
[2025-04-23T11:33:51.232+0000] {logging_mixin.py:190} INFO - [2025-04-23T11:33:51.232+0000] {dagbag.py:588} INFO - Filling up the DagBag from /opt/airflow/dags/my_dag.py
[2025-04-23T11:33:51.265+0000] {processor.py:925} INFO - DAG(s) 'TFL_DATA_DAG' retrieved from /opt/airflow/dags/my_dag.py
[2025-04-23T11:33:51.302+0000] {logging_mixin.py:190} INFO - [2025-04-23T11:33:51.302+0000] {dag.py:3239} INFO - Sync 1 DAGs
[2025-04-23T11:33:51.340+0000] {logging_mixin.py:190} INFO - [2025-04-23T11:33:51.340+0000] {dag.py:4180} INFO - Setting next_dagrun for TFL_DATA_DAG to 2025-04-23 00:00:00+00:00, run_after=2025-04-24 00:00:00+00:00
[2025-04-23T11:33:51.369+0000] {processor.py:208} INFO - Processing /opt/airflow/dags/my_dag.py took 0.154 seconds
[2025-04-23T11:34:21.723+0000] {processor.py:186} INFO - Started process (PID=2828) to work on /opt/airflow/dags/my_dag.py
[2025-04-23T11:34:21.725+0000] {processor.py:914} INFO - Processing file /opt/airflow/dags/my_dag.py for tasks to queue
[2025-04-23T11:34:21.730+0000] {logging_mixin.py:190} INFO - [2025-04-23T11:34:21.730+0000] {dagbag.py:588} INFO - Filling up the DagBag from /opt/airflow/dags/my_dag.py
[2025-04-23T11:34:21.760+0000] {processor.py:925} INFO - DAG(s) 'TFL_DATA_DAG' retrieved from /opt/airflow/dags/my_dag.py
[2025-04-23T11:34:21.793+0000] {logging_mixin.py:190} INFO - [2025-04-23T11:34:21.792+0000] {dag.py:3239} INFO - Sync 1 DAGs
[2025-04-23T11:34:21.823+0000] {logging_mixin.py:190} INFO - [2025-04-23T11:34:21.823+0000] {dag.py:4180} INFO - Setting next_dagrun for TFL_DATA_DAG to 2025-04-23 00:00:00+00:00, run_after=2025-04-24 00:00:00+00:00
[2025-04-23T11:34:21.848+0000] {processor.py:208} INFO - Processing /opt/airflow/dags/my_dag.py took 0.132 seconds
[2025-04-23T11:34:52.199+0000] {processor.py:186} INFO - Started process (PID=2849) to work on /opt/airflow/dags/my_dag.py
[2025-04-23T11:34:52.201+0000] {processor.py:914} INFO - Processing file /opt/airflow/dags/my_dag.py for tasks to queue
[2025-04-23T11:34:52.206+0000] {logging_mixin.py:190} INFO - [2025-04-23T11:34:52.206+0000] {dagbag.py:588} INFO - Filling up the DagBag from /opt/airflow/dags/my_dag.py
[2025-04-23T11:34:52.237+0000] {processor.py:925} INFO - DAG(s) 'TFL_DATA_DAG' retrieved from /opt/airflow/dags/my_dag.py
[2025-04-23T11:34:52.272+0000] {logging_mixin.py:190} INFO - [2025-04-23T11:34:52.271+0000] {dag.py:3239} INFO - Sync 1 DAGs
[2025-04-23T11:34:52.305+0000] {logging_mixin.py:190} INFO - [2025-04-23T11:34:52.305+0000] {dag.py:4180} INFO - Setting next_dagrun for TFL_DATA_DAG to 2025-04-23 00:00:00+00:00, run_after=2025-04-24 00:00:00+00:00
[2025-04-23T11:34:52.332+0000] {processor.py:208} INFO - Processing /opt/airflow/dags/my_dag.py took 0.142 seconds
[2025-04-23T11:35:22.707+0000] {processor.py:186} INFO - Started process (PID=2870) to work on /opt/airflow/dags/my_dag.py
[2025-04-23T11:35:22.710+0000] {processor.py:914} INFO - Processing file /opt/airflow/dags/my_dag.py for tasks to queue
[2025-04-23T11:35:22.714+0000] {logging_mixin.py:190} INFO - [2025-04-23T11:35:22.714+0000] {dagbag.py:588} INFO - Filling up the DagBag from /opt/airflow/dags/my_dag.py
[2025-04-23T11:35:22.747+0000] {processor.py:925} INFO - DAG(s) 'TFL_DATA_DAG' retrieved from /opt/airflow/dags/my_dag.py
[2025-04-23T11:35:22.786+0000] {logging_mixin.py:190} INFO - [2025-04-23T11:35:22.785+0000] {dag.py:3239} INFO - Sync 1 DAGs
[2025-04-23T11:35:22.817+0000] {logging_mixin.py:190} INFO - [2025-04-23T11:35:22.817+0000] {dag.py:4180} INFO - Setting next_dagrun for TFL_DATA_DAG to 2025-04-23 00:00:00+00:00, run_after=2025-04-24 00:00:00+00:00
[2025-04-23T11:35:22.842+0000] {processor.py:208} INFO - Processing /opt/airflow/dags/my_dag.py took 0.142 seconds
[2025-04-23T11:35:53.250+0000] {processor.py:186} INFO - Started process (PID=2891) to work on /opt/airflow/dags/my_dag.py
[2025-04-23T11:35:53.253+0000] {processor.py:914} INFO - Processing file /opt/airflow/dags/my_dag.py for tasks to queue
[2025-04-23T11:35:53.258+0000] {logging_mixin.py:190} INFO - [2025-04-23T11:35:53.257+0000] {dagbag.py:588} INFO - Filling up the DagBag from /opt/airflow/dags/my_dag.py
[2025-04-23T11:35:53.291+0000] {processor.py:925} INFO - DAG(s) 'TFL_DATA_DAG' retrieved from /opt/airflow/dags/my_dag.py
[2025-04-23T11:35:53.326+0000] {logging_mixin.py:190} INFO - [2025-04-23T11:35:53.325+0000] {dag.py:3239} INFO - Sync 1 DAGs
[2025-04-23T11:35:53.358+0000] {logging_mixin.py:190} INFO - [2025-04-23T11:35:53.358+0000] {dag.py:4180} INFO - Setting next_dagrun for TFL_DATA_DAG to 2025-04-23 00:00:00+00:00, run_after=2025-04-24 00:00:00+00:00
[2025-04-23T11:35:53.381+0000] {processor.py:208} INFO - Processing /opt/airflow/dags/my_dag.py took 0.139 seconds
[2025-04-23T11:36:23.742+0000] {processor.py:186} INFO - Started process (PID=2912) to work on /opt/airflow/dags/my_dag.py
[2025-04-23T11:36:23.745+0000] {processor.py:914} INFO - Processing file /opt/airflow/dags/my_dag.py for tasks to queue
[2025-04-23T11:36:23.754+0000] {logging_mixin.py:190} INFO - [2025-04-23T11:36:23.754+0000] {dagbag.py:588} INFO - Filling up the DagBag from /opt/airflow/dags/my_dag.py
[2025-04-23T11:36:23.815+0000] {processor.py:925} INFO - DAG(s) 'TFL_DATA_DAG' retrieved from /opt/airflow/dags/my_dag.py
[2025-04-23T11:36:23.848+0000] {logging_mixin.py:190} INFO - [2025-04-23T11:36:23.848+0000] {dag.py:3239} INFO - Sync 1 DAGs
[2025-04-23T11:36:23.877+0000] {logging_mixin.py:190} INFO - [2025-04-23T11:36:23.876+0000] {dag.py:4180} INFO - Setting next_dagrun for TFL_DATA_DAG to 2025-04-23 00:00:00+00:00, run_after=2025-04-24 00:00:00+00:00
[2025-04-23T11:36:23.901+0000] {processor.py:208} INFO - Processing /opt/airflow/dags/my_dag.py took 0.167 seconds
[2025-04-23T11:36:54.308+0000] {processor.py:186} INFO - Started process (PID=2933) to work on /opt/airflow/dags/my_dag.py
[2025-04-23T11:36:54.311+0000] {processor.py:914} INFO - Processing file /opt/airflow/dags/my_dag.py for tasks to queue
[2025-04-23T11:36:54.317+0000] {logging_mixin.py:190} INFO - [2025-04-23T11:36:54.316+0000] {dagbag.py:588} INFO - Filling up the DagBag from /opt/airflow/dags/my_dag.py
[2025-04-23T11:36:54.377+0000] {processor.py:925} INFO - DAG(s) 'TFL_DATA_DAG' retrieved from /opt/airflow/dags/my_dag.py
[2025-04-23T11:36:54.412+0000] {logging_mixin.py:190} INFO - [2025-04-23T11:36:54.411+0000] {dag.py:3239} INFO - Sync 1 DAGs
[2025-04-23T11:36:54.445+0000] {logging_mixin.py:190} INFO - [2025-04-23T11:36:54.445+0000] {dag.py:4180} INFO - Setting next_dagrun for TFL_DATA_DAG to 2025-04-23 00:00:00+00:00, run_after=2025-04-24 00:00:00+00:00
[2025-04-23T11:36:54.468+0000] {processor.py:208} INFO - Processing /opt/airflow/dags/my_dag.py took 0.166 seconds
[2025-04-23T11:37:24.818+0000] {processor.py:186} INFO - Started process (PID=2961) to work on /opt/airflow/dags/my_dag.py
[2025-04-23T11:37:24.820+0000] {processor.py:914} INFO - Processing file /opt/airflow/dags/my_dag.py for tasks to queue
[2025-04-23T11:37:24.825+0000] {logging_mixin.py:190} INFO - [2025-04-23T11:37:24.824+0000] {dagbag.py:588} INFO - Filling up the DagBag from /opt/airflow/dags/my_dag.py
[2025-04-23T11:37:24.858+0000] {processor.py:925} INFO - DAG(s) 'TFL_DATA_DAG' retrieved from /opt/airflow/dags/my_dag.py
[2025-04-23T11:37:24.898+0000] {logging_mixin.py:190} INFO - [2025-04-23T11:37:24.898+0000] {dag.py:3239} INFO - Sync 1 DAGs
[2025-04-23T11:37:24.931+0000] {logging_mixin.py:190} INFO - [2025-04-23T11:37:24.930+0000] {dag.py:4180} INFO - Setting next_dagrun for TFL_DATA_DAG to 2025-04-23 00:00:00+00:00, run_after=2025-04-24 00:00:00+00:00
[2025-04-23T11:37:24.961+0000] {processor.py:208} INFO - Processing /opt/airflow/dags/my_dag.py took 0.152 seconds
[2025-04-23T11:37:55.311+0000] {processor.py:186} INFO - Started process (PID=2982) to work on /opt/airflow/dags/my_dag.py
[2025-04-23T11:37:55.313+0000] {processor.py:914} INFO - Processing file /opt/airflow/dags/my_dag.py for tasks to queue
[2025-04-23T11:37:55.319+0000] {logging_mixin.py:190} INFO - [2025-04-23T11:37:55.318+0000] {dagbag.py:588} INFO - Filling up the DagBag from /opt/airflow/dags/my_dag.py
[2025-04-23T11:37:55.353+0000] {processor.py:925} INFO - DAG(s) 'TFL_DATA_DAG' retrieved from /opt/airflow/dags/my_dag.py
[2025-04-23T11:37:55.386+0000] {logging_mixin.py:190} INFO - [2025-04-23T11:37:55.386+0000] {dag.py:3239} INFO - Sync 1 DAGs
[2025-04-23T11:37:55.443+0000] {logging_mixin.py:190} INFO - [2025-04-23T11:37:55.443+0000] {dag.py:4180} INFO - Setting next_dagrun for TFL_DATA_DAG to 2025-04-23 00:00:00+00:00, run_after=2025-04-24 00:00:00+00:00
[2025-04-23T11:37:55.469+0000] {processor.py:208} INFO - Processing /opt/airflow/dags/my_dag.py took 0.166 seconds
[2025-04-23T11:38:25.814+0000] {processor.py:186} INFO - Started process (PID=3003) to work on /opt/airflow/dags/my_dag.py
[2025-04-23T11:38:25.816+0000] {processor.py:914} INFO - Processing file /opt/airflow/dags/my_dag.py for tasks to queue
[2025-04-23T11:38:25.821+0000] {logging_mixin.py:190} INFO - [2025-04-23T11:38:25.821+0000] {dagbag.py:588} INFO - Filling up the DagBag from /opt/airflow/dags/my_dag.py
[2025-04-23T11:38:25.854+0000] {processor.py:925} INFO - DAG(s) 'TFL_DATA_DAG' retrieved from /opt/airflow/dags/my_dag.py
[2025-04-23T11:38:25.893+0000] {logging_mixin.py:190} INFO - [2025-04-23T11:38:25.892+0000] {dag.py:3239} INFO - Sync 1 DAGs
[2025-04-23T11:38:25.927+0000] {logging_mixin.py:190} INFO - [2025-04-23T11:38:25.926+0000] {dag.py:4180} INFO - Setting next_dagrun for TFL_DATA_DAG to 2025-04-23 00:00:00+00:00, run_after=2025-04-24 00:00:00+00:00
[2025-04-23T11:38:25.954+0000] {processor.py:208} INFO - Processing /opt/airflow/dags/my_dag.py took 0.148 seconds
[2025-04-23T11:38:56.287+0000] {processor.py:186} INFO - Started process (PID=3024) to work on /opt/airflow/dags/my_dag.py
[2025-04-23T11:38:56.289+0000] {processor.py:914} INFO - Processing file /opt/airflow/dags/my_dag.py for tasks to queue
[2025-04-23T11:38:56.294+0000] {logging_mixin.py:190} INFO - [2025-04-23T11:38:56.294+0000] {dagbag.py:588} INFO - Filling up the DagBag from /opt/airflow/dags/my_dag.py
[2025-04-23T11:38:56.331+0000] {processor.py:925} INFO - DAG(s) 'TFL_DATA_DAG' retrieved from /opt/airflow/dags/my_dag.py
[2025-04-23T11:38:56.364+0000] {logging_mixin.py:190} INFO - [2025-04-23T11:38:56.363+0000] {dag.py:3239} INFO - Sync 1 DAGs
[2025-04-23T11:38:56.397+0000] {logging_mixin.py:190} INFO - [2025-04-23T11:38:56.397+0000] {dag.py:4180} INFO - Setting next_dagrun for TFL_DATA_DAG to 2025-04-23 00:00:00+00:00, run_after=2025-04-24 00:00:00+00:00
[2025-04-23T11:38:56.426+0000] {processor.py:208} INFO - Processing /opt/airflow/dags/my_dag.py took 0.147 seconds
[2025-04-23T11:39:26.770+0000] {processor.py:186} INFO - Started process (PID=3045) to work on /opt/airflow/dags/my_dag.py
[2025-04-23T11:39:26.773+0000] {processor.py:914} INFO - Processing file /opt/airflow/dags/my_dag.py for tasks to queue
[2025-04-23T11:39:26.778+0000] {logging_mixin.py:190} INFO - [2025-04-23T11:39:26.777+0000] {dagbag.py:588} INFO - Filling up the DagBag from /opt/airflow/dags/my_dag.py
[2025-04-23T11:39:26.812+0000] {processor.py:925} INFO - DAG(s) 'TFL_DATA_DAG' retrieved from /opt/airflow/dags/my_dag.py
[2025-04-23T11:39:26.852+0000] {logging_mixin.py:190} INFO - [2025-04-23T11:39:26.851+0000] {dag.py:3239} INFO - Sync 1 DAGs
[2025-04-23T11:39:26.897+0000] {logging_mixin.py:190} INFO - [2025-04-23T11:39:26.896+0000] {dag.py:4180} INFO - Setting next_dagrun for TFL_DATA_DAG to 2025-04-23 00:00:00+00:00, run_after=2025-04-24 00:00:00+00:00
[2025-04-23T11:39:26.926+0000] {processor.py:208} INFO - Processing /opt/airflow/dags/my_dag.py took 0.167 seconds
[2025-04-23T11:39:57.290+0000] {processor.py:186} INFO - Started process (PID=3066) to work on /opt/airflow/dags/my_dag.py
[2025-04-23T11:39:57.293+0000] {processor.py:914} INFO - Processing file /opt/airflow/dags/my_dag.py for tasks to queue
[2025-04-23T11:39:57.297+0000] {logging_mixin.py:190} INFO - [2025-04-23T11:39:57.296+0000] {dagbag.py:588} INFO - Filling up the DagBag from /opt/airflow/dags/my_dag.py
[2025-04-23T11:39:57.330+0000] {processor.py:925} INFO - DAG(s) 'TFL_DATA_DAG' retrieved from /opt/airflow/dags/my_dag.py
[2025-04-23T11:39:57.367+0000] {logging_mixin.py:190} INFO - [2025-04-23T11:39:57.364+0000] {dag.py:3239} INFO - Sync 1 DAGs
[2025-04-23T11:39:57.400+0000] {logging_mixin.py:190} INFO - [2025-04-23T11:39:57.399+0000] {dag.py:4180} INFO - Setting next_dagrun for TFL_DATA_DAG to 2025-04-23 00:00:00+00:00, run_after=2025-04-24 00:00:00+00:00
[2025-04-23T11:39:57.430+0000] {processor.py:208} INFO - Processing /opt/airflow/dags/my_dag.py took 0.152 seconds
[2025-04-23T11:40:27.802+0000] {processor.py:186} INFO - Started process (PID=3087) to work on /opt/airflow/dags/my_dag.py
[2025-04-23T11:40:27.804+0000] {processor.py:914} INFO - Processing file /opt/airflow/dags/my_dag.py for tasks to queue
[2025-04-23T11:40:27.809+0000] {logging_mixin.py:190} INFO - [2025-04-23T11:40:27.808+0000] {dagbag.py:588} INFO - Filling up the DagBag from /opt/airflow/dags/my_dag.py
[2025-04-23T11:40:27.844+0000] {processor.py:925} INFO - DAG(s) 'TFL_DATA_DAG' retrieved from /opt/airflow/dags/my_dag.py
[2025-04-23T11:40:27.881+0000] {logging_mixin.py:190} INFO - [2025-04-23T11:40:27.880+0000] {dag.py:3239} INFO - Sync 1 DAGs
[2025-04-23T11:40:27.924+0000] {logging_mixin.py:190} INFO - [2025-04-23T11:40:27.924+0000] {dag.py:4180} INFO - Setting next_dagrun for TFL_DATA_DAG to 2025-04-23 00:00:00+00:00, run_after=2025-04-24 00:00:00+00:00
[2025-04-23T11:40:27.950+0000] {processor.py:208} INFO - Processing /opt/airflow/dags/my_dag.py took 0.158 seconds
[2025-04-23T11:40:58.367+0000] {processor.py:186} INFO - Started process (PID=3108) to work on /opt/airflow/dags/my_dag.py
[2025-04-23T11:40:58.370+0000] {processor.py:914} INFO - Processing file /opt/airflow/dags/my_dag.py for tasks to queue
[2025-04-23T11:40:58.376+0000] {logging_mixin.py:190} INFO - [2025-04-23T11:40:58.375+0000] {dagbag.py:588} INFO - Filling up the DagBag from /opt/airflow/dags/my_dag.py
[2025-04-23T11:40:58.413+0000] {processor.py:925} INFO - DAG(s) 'TFL_DATA_DAG' retrieved from /opt/airflow/dags/my_dag.py
[2025-04-23T11:40:58.447+0000] {logging_mixin.py:190} INFO - [2025-04-23T11:40:58.446+0000] {dag.py:3239} INFO - Sync 1 DAGs
[2025-04-23T11:40:58.478+0000] {logging_mixin.py:190} INFO - [2025-04-23T11:40:58.478+0000] {dag.py:4180} INFO - Setting next_dagrun for TFL_DATA_DAG to 2025-04-23 00:00:00+00:00, run_after=2025-04-24 00:00:00+00:00
[2025-04-23T11:40:58.502+0000] {processor.py:208} INFO - Processing /opt/airflow/dags/my_dag.py took 0.144 seconds
[2025-04-23T11:41:28.837+0000] {processor.py:186} INFO - Started process (PID=3128) to work on /opt/airflow/dags/my_dag.py
[2025-04-23T11:41:28.839+0000] {processor.py:914} INFO - Processing file /opt/airflow/dags/my_dag.py for tasks to queue
[2025-04-23T11:41:28.844+0000] {logging_mixin.py:190} INFO - [2025-04-23T11:41:28.844+0000] {dagbag.py:588} INFO - Filling up the DagBag from /opt/airflow/dags/my_dag.py
[2025-04-23T11:41:28.875+0000] {processor.py:925} INFO - DAG(s) 'TFL_DATA_DAG' retrieved from /opt/airflow/dags/my_dag.py
[2025-04-23T11:41:28.910+0000] {logging_mixin.py:190} INFO - [2025-04-23T11:41:28.910+0000] {dag.py:3239} INFO - Sync 1 DAGs
[2025-04-23T11:41:28.943+0000] {logging_mixin.py:190} INFO - [2025-04-23T11:41:28.943+0000] {dag.py:4180} INFO - Setting next_dagrun for TFL_DATA_DAG to 2025-04-23 00:00:00+00:00, run_after=2025-04-24 00:00:00+00:00
[2025-04-23T11:41:28.973+0000] {processor.py:208} INFO - Processing /opt/airflow/dags/my_dag.py took 0.146 seconds
[2025-04-23T11:41:59.320+0000] {processor.py:186} INFO - Started process (PID=3149) to work on /opt/airflow/dags/my_dag.py
[2025-04-23T11:41:59.322+0000] {processor.py:914} INFO - Processing file /opt/airflow/dags/my_dag.py for tasks to queue
[2025-04-23T11:41:59.327+0000] {logging_mixin.py:190} INFO - [2025-04-23T11:41:59.327+0000] {dagbag.py:588} INFO - Filling up the DagBag from /opt/airflow/dags/my_dag.py
[2025-04-23T11:41:59.366+0000] {processor.py:925} INFO - DAG(s) 'TFL_DATA_DAG' retrieved from /opt/airflow/dags/my_dag.py
[2025-04-23T11:41:59.402+0000] {logging_mixin.py:190} INFO - [2025-04-23T11:41:59.401+0000] {dag.py:3239} INFO - Sync 1 DAGs
[2025-04-23T11:41:59.435+0000] {logging_mixin.py:190} INFO - [2025-04-23T11:41:59.435+0000] {dag.py:4180} INFO - Setting next_dagrun for TFL_DATA_DAG to 2025-04-23 00:00:00+00:00, run_after=2025-04-24 00:00:00+00:00
[2025-04-23T11:41:59.461+0000] {processor.py:208} INFO - Processing /opt/airflow/dags/my_dag.py took 0.150 seconds
[2025-04-23T11:42:29.838+0000] {processor.py:186} INFO - Started process (PID=3170) to work on /opt/airflow/dags/my_dag.py
[2025-04-23T11:42:29.842+0000] {processor.py:914} INFO - Processing file /opt/airflow/dags/my_dag.py for tasks to queue
[2025-04-23T11:42:29.849+0000] {logging_mixin.py:190} INFO - [2025-04-23T11:42:29.848+0000] {dagbag.py:588} INFO - Filling up the DagBag from /opt/airflow/dags/my_dag.py
[2025-04-23T11:42:29.897+0000] {processor.py:925} INFO - DAG(s) 'TFL_DATA_DAG' retrieved from /opt/airflow/dags/my_dag.py
[2025-04-23T11:42:29.930+0000] {logging_mixin.py:190} INFO - [2025-04-23T11:42:29.930+0000] {dag.py:3239} INFO - Sync 1 DAGs
[2025-04-23T11:42:29.963+0000] {logging_mixin.py:190} INFO - [2025-04-23T11:42:29.963+0000] {dag.py:4180} INFO - Setting next_dagrun for TFL_DATA_DAG to 2025-04-23 00:00:00+00:00, run_after=2025-04-24 00:00:00+00:00
[2025-04-23T11:42:29.988+0000] {processor.py:208} INFO - Processing /opt/airflow/dags/my_dag.py took 0.156 seconds
[2025-04-23T11:43:00.353+0000] {processor.py:186} INFO - Started process (PID=3191) to work on /opt/airflow/dags/my_dag.py
[2025-04-23T11:43:00.355+0000] {processor.py:914} INFO - Processing file /opt/airflow/dags/my_dag.py for tasks to queue
[2025-04-23T11:43:00.359+0000] {logging_mixin.py:190} INFO - [2025-04-23T11:43:00.359+0000] {dagbag.py:588} INFO - Filling up the DagBag from /opt/airflow/dags/my_dag.py
[2025-04-23T11:43:00.409+0000] {processor.py:925} INFO - DAG(s) 'TFL_DATA_DAG' retrieved from /opt/airflow/dags/my_dag.py
[2025-04-23T11:43:00.440+0000] {logging_mixin.py:190} INFO - [2025-04-23T11:43:00.440+0000] {dag.py:3239} INFO - Sync 1 DAGs
[2025-04-23T11:43:00.470+0000] {logging_mixin.py:190} INFO - [2025-04-23T11:43:00.470+0000] {dag.py:4180} INFO - Setting next_dagrun for TFL_DATA_DAG to 2025-04-23 00:00:00+00:00, run_after=2025-04-24 00:00:00+00:00
[2025-04-23T11:43:00.494+0000] {processor.py:208} INFO - Processing /opt/airflow/dags/my_dag.py took 0.148 seconds
[2025-04-23T11:43:30.885+0000] {processor.py:186} INFO - Started process (PID=3212) to work on /opt/airflow/dags/my_dag.py
[2025-04-23T11:43:30.888+0000] {processor.py:914} INFO - Processing file /opt/airflow/dags/my_dag.py for tasks to queue
[2025-04-23T11:43:30.893+0000] {logging_mixin.py:190} INFO - [2025-04-23T11:43:30.893+0000] {dagbag.py:588} INFO - Filling up the DagBag from /opt/airflow/dags/my_dag.py
[2025-04-23T11:43:30.929+0000] {processor.py:925} INFO - DAG(s) 'TFL_DATA_DAG' retrieved from /opt/airflow/dags/my_dag.py
[2025-04-23T11:43:30.963+0000] {logging_mixin.py:190} INFO - [2025-04-23T11:43:30.963+0000] {dag.py:3239} INFO - Sync 1 DAGs
[2025-04-23T11:43:30.992+0000] {logging_mixin.py:190} INFO - [2025-04-23T11:43:30.992+0000] {dag.py:4180} INFO - Setting next_dagrun for TFL_DATA_DAG to 2025-04-23 00:00:00+00:00, run_after=2025-04-24 00:00:00+00:00
[2025-04-23T11:43:31.022+0000] {processor.py:208} INFO - Processing /opt/airflow/dags/my_dag.py took 0.147 seconds
[2025-04-23T11:44:01.351+0000] {processor.py:186} INFO - Started process (PID=3233) to work on /opt/airflow/dags/my_dag.py
[2025-04-23T11:44:01.353+0000] {processor.py:914} INFO - Processing file /opt/airflow/dags/my_dag.py for tasks to queue
[2025-04-23T11:44:01.358+0000] {logging_mixin.py:190} INFO - [2025-04-23T11:44:01.358+0000] {dagbag.py:588} INFO - Filling up the DagBag from /opt/airflow/dags/my_dag.py
[2025-04-23T11:44:01.390+0000] {processor.py:925} INFO - DAG(s) 'TFL_DATA_DAG' retrieved from /opt/airflow/dags/my_dag.py
[2025-04-23T11:44:01.427+0000] {logging_mixin.py:190} INFO - [2025-04-23T11:44:01.426+0000] {dag.py:3239} INFO - Sync 1 DAGs
[2025-04-23T11:44:01.461+0000] {logging_mixin.py:190} INFO - [2025-04-23T11:44:01.461+0000] {dag.py:4180} INFO - Setting next_dagrun for TFL_DATA_DAG to 2025-04-23 00:00:00+00:00, run_after=2025-04-24 00:00:00+00:00
[2025-04-23T11:44:01.488+0000] {processor.py:208} INFO - Processing /opt/airflow/dags/my_dag.py took 0.145 seconds
[2025-04-23T11:44:31.822+0000] {processor.py:186} INFO - Started process (PID=3254) to work on /opt/airflow/dags/my_dag.py
[2025-04-23T11:44:31.824+0000] {processor.py:914} INFO - Processing file /opt/airflow/dags/my_dag.py for tasks to queue
[2025-04-23T11:44:31.830+0000] {logging_mixin.py:190} INFO - [2025-04-23T11:44:31.829+0000] {dagbag.py:588} INFO - Filling up the DagBag from /opt/airflow/dags/my_dag.py
[2025-04-23T11:44:31.868+0000] {processor.py:925} INFO - DAG(s) 'TFL_DATA_DAG' retrieved from /opt/airflow/dags/my_dag.py
[2025-04-23T11:44:31.906+0000] {logging_mixin.py:190} INFO - [2025-04-23T11:44:31.905+0000] {dag.py:3239} INFO - Sync 1 DAGs
[2025-04-23T11:44:31.941+0000] {logging_mixin.py:190} INFO - [2025-04-23T11:44:31.940+0000] {dag.py:4180} INFO - Setting next_dagrun for TFL_DATA_DAG to 2025-04-23 00:00:00+00:00, run_after=2025-04-24 00:00:00+00:00
[2025-04-23T11:44:31.965+0000] {processor.py:208} INFO - Processing /opt/airflow/dags/my_dag.py took 0.153 seconds
[2025-04-23T11:45:02.310+0000] {processor.py:186} INFO - Started process (PID=3275) to work on /opt/airflow/dags/my_dag.py
[2025-04-23T11:45:02.312+0000] {processor.py:914} INFO - Processing file /opt/airflow/dags/my_dag.py for tasks to queue
[2025-04-23T11:45:02.317+0000] {logging_mixin.py:190} INFO - [2025-04-23T11:45:02.316+0000] {dagbag.py:588} INFO - Filling up the DagBag from /opt/airflow/dags/my_dag.py
[2025-04-23T11:45:02.347+0000] {processor.py:925} INFO - DAG(s) 'TFL_DATA_DAG' retrieved from /opt/airflow/dags/my_dag.py
[2025-04-23T11:45:02.383+0000] {logging_mixin.py:190} INFO - [2025-04-23T11:45:02.382+0000] {dag.py:3239} INFO - Sync 1 DAGs
[2025-04-23T11:45:02.414+0000] {logging_mixin.py:190} INFO - [2025-04-23T11:45:02.414+0000] {dag.py:4180} INFO - Setting next_dagrun for TFL_DATA_DAG to 2025-04-23 00:00:00+00:00, run_after=2025-04-24 00:00:00+00:00
[2025-04-23T11:45:02.439+0000] {processor.py:208} INFO - Processing /opt/airflow/dags/my_dag.py took 0.137 seconds
[2025-04-23T11:45:32.791+0000] {processor.py:186} INFO - Started process (PID=3296) to work on /opt/airflow/dags/my_dag.py
[2025-04-23T11:45:32.793+0000] {processor.py:914} INFO - Processing file /opt/airflow/dags/my_dag.py for tasks to queue
[2025-04-23T11:45:32.801+0000] {logging_mixin.py:190} INFO - [2025-04-23T11:45:32.800+0000] {dagbag.py:588} INFO - Filling up the DagBag from /opt/airflow/dags/my_dag.py
[2025-04-23T11:45:32.838+0000] {processor.py:925} INFO - DAG(s) 'TFL_DATA_DAG' retrieved from /opt/airflow/dags/my_dag.py
[2025-04-23T11:45:32.881+0000] {logging_mixin.py:190} INFO - [2025-04-23T11:45:32.880+0000] {dag.py:3239} INFO - Sync 1 DAGs
[2025-04-23T11:45:32.915+0000] {logging_mixin.py:190} INFO - [2025-04-23T11:45:32.915+0000] {dag.py:4180} INFO - Setting next_dagrun for TFL_DATA_DAG to 2025-04-23 00:00:00+00:00, run_after=2025-04-24 00:00:00+00:00
[2025-04-23T11:45:32.941+0000] {processor.py:208} INFO - Processing /opt/airflow/dags/my_dag.py took 0.159 seconds
[2025-04-23T11:46:03.292+0000] {processor.py:186} INFO - Started process (PID=3317) to work on /opt/airflow/dags/my_dag.py
[2025-04-23T11:46:03.295+0000] {processor.py:914} INFO - Processing file /opt/airflow/dags/my_dag.py for tasks to queue
[2025-04-23T11:46:03.300+0000] {logging_mixin.py:190} INFO - [2025-04-23T11:46:03.300+0000] {dagbag.py:588} INFO - Filling up the DagBag from /opt/airflow/dags/my_dag.py
[2025-04-23T11:46:03.349+0000] {processor.py:925} INFO - DAG(s) 'TFL_DATA_DAG' retrieved from /opt/airflow/dags/my_dag.py
[2025-04-23T11:46:03.386+0000] {logging_mixin.py:190} INFO - [2025-04-23T11:46:03.386+0000] {dag.py:3239} INFO - Sync 1 DAGs
[2025-04-23T11:46:03.423+0000] {logging_mixin.py:190} INFO - [2025-04-23T11:46:03.423+0000] {dag.py:4180} INFO - Setting next_dagrun for TFL_DATA_DAG to 2025-04-23 00:00:00+00:00, run_after=2025-04-24 00:00:00+00:00
[2025-04-23T11:46:03.449+0000] {processor.py:208} INFO - Processing /opt/airflow/dags/my_dag.py took 0.164 seconds
[2025-04-23T11:46:33.838+0000] {processor.py:186} INFO - Started process (PID=3338) to work on /opt/airflow/dags/my_dag.py
[2025-04-23T11:46:33.840+0000] {processor.py:914} INFO - Processing file /opt/airflow/dags/my_dag.py for tasks to queue
[2025-04-23T11:46:33.845+0000] {logging_mixin.py:190} INFO - [2025-04-23T11:46:33.844+0000] {dagbag.py:588} INFO - Filling up the DagBag from /opt/airflow/dags/my_dag.py
[2025-04-23T11:46:33.876+0000] {processor.py:925} INFO - DAG(s) 'TFL_DATA_DAG' retrieved from /opt/airflow/dags/my_dag.py
[2025-04-23T11:46:33.909+0000] {logging_mixin.py:190} INFO - [2025-04-23T11:46:33.908+0000] {dag.py:3239} INFO - Sync 1 DAGs
[2025-04-23T11:46:33.942+0000] {logging_mixin.py:190} INFO - [2025-04-23T11:46:33.942+0000] {dag.py:4180} INFO - Setting next_dagrun for TFL_DATA_DAG to 2025-04-23 00:00:00+00:00, run_after=2025-04-24 00:00:00+00:00
[2025-04-23T11:46:33.967+0000] {processor.py:208} INFO - Processing /opt/airflow/dags/my_dag.py took 0.139 seconds
[2025-04-23T11:47:04.296+0000] {processor.py:186} INFO - Started process (PID=3359) to work on /opt/airflow/dags/my_dag.py
[2025-04-23T11:47:04.298+0000] {processor.py:914} INFO - Processing file /opt/airflow/dags/my_dag.py for tasks to queue
[2025-04-23T11:47:04.302+0000] {logging_mixin.py:190} INFO - [2025-04-23T11:47:04.301+0000] {dagbag.py:588} INFO - Filling up the DagBag from /opt/airflow/dags/my_dag.py
[2025-04-23T11:47:04.335+0000] {processor.py:925} INFO - DAG(s) 'TFL_DATA_DAG' retrieved from /opt/airflow/dags/my_dag.py
[2025-04-23T11:47:04.377+0000] {logging_mixin.py:190} INFO - [2025-04-23T11:47:04.377+0000] {dag.py:3239} INFO - Sync 1 DAGs
[2025-04-23T11:47:04.410+0000] {logging_mixin.py:190} INFO - [2025-04-23T11:47:04.409+0000] {dag.py:4180} INFO - Setting next_dagrun for TFL_DATA_DAG to 2025-04-23 00:00:00+00:00, run_after=2025-04-24 00:00:00+00:00
[2025-04-23T11:47:04.434+0000] {processor.py:208} INFO - Processing /opt/airflow/dags/my_dag.py took 0.147 seconds
[2025-04-23T11:47:34.780+0000] {processor.py:186} INFO - Started process (PID=3380) to work on /opt/airflow/dags/my_dag.py
[2025-04-23T11:47:34.783+0000] {processor.py:914} INFO - Processing file /opt/airflow/dags/my_dag.py for tasks to queue
[2025-04-23T11:47:34.788+0000] {logging_mixin.py:190} INFO - [2025-04-23T11:47:34.787+0000] {dagbag.py:588} INFO - Filling up the DagBag from /opt/airflow/dags/my_dag.py
[2025-04-23T11:47:34.823+0000] {processor.py:925} INFO - DAG(s) 'TFL_DATA_DAG' retrieved from /opt/airflow/dags/my_dag.py
[2025-04-23T11:47:34.861+0000] {logging_mixin.py:190} INFO - [2025-04-23T11:47:34.860+0000] {dag.py:3239} INFO - Sync 1 DAGs
[2025-04-23T11:47:34.896+0000] {logging_mixin.py:190} INFO - [2025-04-23T11:47:34.895+0000] {dag.py:4180} INFO - Setting next_dagrun for TFL_DATA_DAG to 2025-04-23 00:00:00+00:00, run_after=2025-04-24 00:00:00+00:00
[2025-04-23T11:47:34.924+0000] {processor.py:208} INFO - Processing /opt/airflow/dags/my_dag.py took 0.152 seconds
[2025-04-23T11:48:05.267+0000] {processor.py:186} INFO - Started process (PID=3401) to work on /opt/airflow/dags/my_dag.py
[2025-04-23T11:48:05.270+0000] {processor.py:914} INFO - Processing file /opt/airflow/dags/my_dag.py for tasks to queue
[2025-04-23T11:48:05.275+0000] {logging_mixin.py:190} INFO - [2025-04-23T11:48:05.275+0000] {dagbag.py:588} INFO - Filling up the DagBag from /opt/airflow/dags/my_dag.py
[2025-04-23T11:48:05.307+0000] {processor.py:925} INFO - DAG(s) 'TFL_DATA_DAG' retrieved from /opt/airflow/dags/my_dag.py
[2025-04-23T11:48:05.340+0000] {logging_mixin.py:190} INFO - [2025-04-23T11:48:05.340+0000] {dag.py:3239} INFO - Sync 1 DAGs
[2025-04-23T11:48:05.379+0000] {logging_mixin.py:190} INFO - [2025-04-23T11:48:05.378+0000] {dag.py:4180} INFO - Setting next_dagrun for TFL_DATA_DAG to 2025-04-23 00:00:00+00:00, run_after=2025-04-24 00:00:00+00:00
[2025-04-23T11:48:05.412+0000] {processor.py:208} INFO - Processing /opt/airflow/dags/my_dag.py took 0.152 seconds
[2025-04-23T11:48:35.743+0000] {processor.py:186} INFO - Started process (PID=3422) to work on /opt/airflow/dags/my_dag.py
[2025-04-23T11:48:35.745+0000] {processor.py:914} INFO - Processing file /opt/airflow/dags/my_dag.py for tasks to queue
[2025-04-23T11:48:35.750+0000] {logging_mixin.py:190} INFO - [2025-04-23T11:48:35.750+0000] {dagbag.py:588} INFO - Filling up the DagBag from /opt/airflow/dags/my_dag.py
[2025-04-23T11:48:35.781+0000] {processor.py:925} INFO - DAG(s) 'TFL_DATA_DAG' retrieved from /opt/airflow/dags/my_dag.py
[2025-04-23T11:48:35.820+0000] {logging_mixin.py:190} INFO - [2025-04-23T11:48:35.819+0000] {dag.py:3239} INFO - Sync 1 DAGs
[2025-04-23T11:48:35.855+0000] {logging_mixin.py:190} INFO - [2025-04-23T11:48:35.854+0000] {dag.py:4180} INFO - Setting next_dagrun for TFL_DATA_DAG to 2025-04-23 00:00:00+00:00, run_after=2025-04-24 00:00:00+00:00
[2025-04-23T11:48:35.883+0000] {processor.py:208} INFO - Processing /opt/airflow/dags/my_dag.py took 0.150 seconds
[2025-04-23T11:49:06.219+0000] {processor.py:186} INFO - Started process (PID=3443) to work on /opt/airflow/dags/my_dag.py
[2025-04-23T11:49:06.221+0000] {processor.py:914} INFO - Processing file /opt/airflow/dags/my_dag.py for tasks to queue
[2025-04-23T11:49:06.227+0000] {logging_mixin.py:190} INFO - [2025-04-23T11:49:06.226+0000] {dagbag.py:588} INFO - Filling up the DagBag from /opt/airflow/dags/my_dag.py
[2025-04-23T11:49:06.259+0000] {processor.py:925} INFO - DAG(s) 'TFL_DATA_DAG' retrieved from /opt/airflow/dags/my_dag.py
[2025-04-23T11:49:06.296+0000] {logging_mixin.py:190} INFO - [2025-04-23T11:49:06.296+0000] {dag.py:3239} INFO - Sync 1 DAGs
[2025-04-23T11:49:06.329+0000] {logging_mixin.py:190} INFO - [2025-04-23T11:49:06.329+0000] {dag.py:4180} INFO - Setting next_dagrun for TFL_DATA_DAG to 2025-04-23 00:00:00+00:00, run_after=2025-04-24 00:00:00+00:00
[2025-04-23T11:49:06.358+0000] {processor.py:208} INFO - Processing /opt/airflow/dags/my_dag.py took 0.147 seconds
[2025-04-23T11:49:36.720+0000] {processor.py:186} INFO - Started process (PID=3463) to work on /opt/airflow/dags/my_dag.py
[2025-04-23T11:49:36.722+0000] {processor.py:914} INFO - Processing file /opt/airflow/dags/my_dag.py for tasks to queue
[2025-04-23T11:49:36.726+0000] {logging_mixin.py:190} INFO - [2025-04-23T11:49:36.725+0000] {dagbag.py:588} INFO - Filling up the DagBag from /opt/airflow/dags/my_dag.py
[2025-04-23T11:49:36.757+0000] {processor.py:925} INFO - DAG(s) 'TFL_DATA_DAG' retrieved from /opt/airflow/dags/my_dag.py
[2025-04-23T11:49:36.791+0000] {logging_mixin.py:190} INFO - [2025-04-23T11:49:36.790+0000] {dag.py:3239} INFO - Sync 1 DAGs
[2025-04-23T11:49:36.824+0000] {logging_mixin.py:190} INFO - [2025-04-23T11:49:36.824+0000] {dag.py:4180} INFO - Setting next_dagrun for TFL_DATA_DAG to 2025-04-23 00:00:00+00:00, run_after=2025-04-24 00:00:00+00:00
[2025-04-23T11:49:36.851+0000] {processor.py:208} INFO - Processing /opt/airflow/dags/my_dag.py took 0.140 seconds
[2025-04-23T11:50:07.174+0000] {processor.py:186} INFO - Started process (PID=3484) to work on /opt/airflow/dags/my_dag.py
[2025-04-23T11:50:07.177+0000] {processor.py:914} INFO - Processing file /opt/airflow/dags/my_dag.py for tasks to queue
[2025-04-23T11:50:07.183+0000] {logging_mixin.py:190} INFO - [2025-04-23T11:50:07.182+0000] {dagbag.py:588} INFO - Filling up the DagBag from /opt/airflow/dags/my_dag.py
[2025-04-23T11:50:07.217+0000] {processor.py:925} INFO - DAG(s) 'TFL_DATA_DAG' retrieved from /opt/airflow/dags/my_dag.py
[2025-04-23T11:50:07.261+0000] {logging_mixin.py:190} INFO - [2025-04-23T11:50:07.260+0000] {dag.py:3239} INFO - Sync 1 DAGs
[2025-04-23T11:50:07.302+0000] {logging_mixin.py:190} INFO - [2025-04-23T11:50:07.302+0000] {dag.py:4180} INFO - Setting next_dagrun for TFL_DATA_DAG to 2025-04-23 00:00:00+00:00, run_after=2025-04-24 00:00:00+00:00
[2025-04-23T11:50:07.335+0000] {processor.py:208} INFO - Processing /opt/airflow/dags/my_dag.py took 0.170 seconds
[2025-04-23T11:50:37.676+0000] {processor.py:186} INFO - Started process (PID=3504) to work on /opt/airflow/dags/my_dag.py
[2025-04-23T11:50:37.679+0000] {processor.py:914} INFO - Processing file /opt/airflow/dags/my_dag.py for tasks to queue
[2025-04-23T11:50:37.683+0000] {logging_mixin.py:190} INFO - [2025-04-23T11:50:37.682+0000] {dagbag.py:588} INFO - Filling up the DagBag from /opt/airflow/dags/my_dag.py
[2025-04-23T11:50:37.716+0000] {processor.py:925} INFO - DAG(s) 'TFL_DATA_DAG' retrieved from /opt/airflow/dags/my_dag.py
[2025-04-23T11:50:37.754+0000] {logging_mixin.py:190} INFO - [2025-04-23T11:50:37.754+0000] {dag.py:3239} INFO - Sync 1 DAGs
[2025-04-23T11:50:37.786+0000] {logging_mixin.py:190} INFO - [2025-04-23T11:50:37.785+0000] {dag.py:4180} INFO - Setting next_dagrun for TFL_DATA_DAG to 2025-04-23 00:00:00+00:00, run_after=2025-04-24 00:00:00+00:00
[2025-04-23T11:50:37.816+0000] {processor.py:208} INFO - Processing /opt/airflow/dags/my_dag.py took 0.150 seconds
[2025-04-23T11:51:08.200+0000] {processor.py:186} INFO - Started process (PID=3525) to work on /opt/airflow/dags/my_dag.py
[2025-04-23T11:51:08.204+0000] {processor.py:914} INFO - Processing file /opt/airflow/dags/my_dag.py for tasks to queue
[2025-04-23T11:51:08.210+0000] {logging_mixin.py:190} INFO - [2025-04-23T11:51:08.209+0000] {dagbag.py:588} INFO - Filling up the DagBag from /opt/airflow/dags/my_dag.py
[2025-04-23T11:51:08.240+0000] {processor.py:925} INFO - DAG(s) 'TFL_DATA_DAG' retrieved from /opt/airflow/dags/my_dag.py
[2025-04-23T11:51:08.279+0000] {logging_mixin.py:190} INFO - [2025-04-23T11:51:08.279+0000] {dag.py:3239} INFO - Sync 1 DAGs
[2025-04-23T11:51:08.316+0000] {logging_mixin.py:190} INFO - [2025-04-23T11:51:08.315+0000] {dag.py:4180} INFO - Setting next_dagrun for TFL_DATA_DAG to 2025-04-23 00:00:00+00:00, run_after=2025-04-24 00:00:00+00:00
[2025-04-23T11:51:08.340+0000] {processor.py:208} INFO - Processing /opt/airflow/dags/my_dag.py took 0.150 seconds
[2025-04-23T11:51:38.676+0000] {processor.py:186} INFO - Started process (PID=3546) to work on /opt/airflow/dags/my_dag.py
[2025-04-23T11:51:38.678+0000] {processor.py:914} INFO - Processing file /opt/airflow/dags/my_dag.py for tasks to queue
[2025-04-23T11:51:38.683+0000] {logging_mixin.py:190} INFO - [2025-04-23T11:51:38.682+0000] {dagbag.py:588} INFO - Filling up the DagBag from /opt/airflow/dags/my_dag.py
[2025-04-23T11:51:38.714+0000] {processor.py:925} INFO - DAG(s) 'TFL_DATA_DAG' retrieved from /opt/airflow/dags/my_dag.py
[2025-04-23T11:51:38.752+0000] {logging_mixin.py:190} INFO - [2025-04-23T11:51:38.751+0000] {dag.py:3239} INFO - Sync 1 DAGs
[2025-04-23T11:51:38.782+0000] {logging_mixin.py:190} INFO - [2025-04-23T11:51:38.782+0000] {dag.py:4180} INFO - Setting next_dagrun for TFL_DATA_DAG to 2025-04-23 00:00:00+00:00, run_after=2025-04-24 00:00:00+00:00
[2025-04-23T11:51:38.810+0000] {processor.py:208} INFO - Processing /opt/airflow/dags/my_dag.py took 0.142 seconds
[2025-04-23T11:52:09.140+0000] {processor.py:186} INFO - Started process (PID=3567) to work on /opt/airflow/dags/my_dag.py
[2025-04-23T11:52:09.142+0000] {processor.py:914} INFO - Processing file /opt/airflow/dags/my_dag.py for tasks to queue
[2025-04-23T11:52:09.147+0000] {logging_mixin.py:190} INFO - [2025-04-23T11:52:09.147+0000] {dagbag.py:588} INFO - Filling up the DagBag from /opt/airflow/dags/my_dag.py
[2025-04-23T11:52:09.182+0000] {processor.py:925} INFO - DAG(s) 'TFL_DATA_DAG' retrieved from /opt/airflow/dags/my_dag.py
[2025-04-23T11:52:09.217+0000] {logging_mixin.py:190} INFO - [2025-04-23T11:52:09.217+0000] {dag.py:3239} INFO - Sync 1 DAGs
[2025-04-23T11:52:09.251+0000] {logging_mixin.py:190} INFO - [2025-04-23T11:52:09.251+0000] {dag.py:4180} INFO - Setting next_dagrun for TFL_DATA_DAG to 2025-04-23 00:00:00+00:00, run_after=2025-04-24 00:00:00+00:00
[2025-04-23T11:52:09.277+0000] {processor.py:208} INFO - Processing /opt/airflow/dags/my_dag.py took 0.147 seconds
[2025-04-23T11:52:39.621+0000] {processor.py:186} INFO - Started process (PID=3588) to work on /opt/airflow/dags/my_dag.py
[2025-04-23T11:52:39.624+0000] {processor.py:914} INFO - Processing file /opt/airflow/dags/my_dag.py for tasks to queue
[2025-04-23T11:52:39.628+0000] {logging_mixin.py:190} INFO - [2025-04-23T11:52:39.628+0000] {dagbag.py:588} INFO - Filling up the DagBag from /opt/airflow/dags/my_dag.py
[2025-04-23T11:52:39.662+0000] {processor.py:925} INFO - DAG(s) 'TFL_DATA_DAG' retrieved from /opt/airflow/dags/my_dag.py
[2025-04-23T11:52:39.709+0000] {logging_mixin.py:190} INFO - [2025-04-23T11:52:39.708+0000] {dag.py:3239} INFO - Sync 1 DAGs
[2025-04-23T11:52:39.745+0000] {logging_mixin.py:190} INFO - [2025-04-23T11:52:39.744+0000] {dag.py:4180} INFO - Setting next_dagrun for TFL_DATA_DAG to 2025-04-23 00:00:00+00:00, run_after=2025-04-24 00:00:00+00:00
[2025-04-23T11:52:39.771+0000] {processor.py:208} INFO - Processing /opt/airflow/dags/my_dag.py took 0.158 seconds
[2025-04-23T11:53:10.146+0000] {processor.py:186} INFO - Started process (PID=3609) to work on /opt/airflow/dags/my_dag.py
[2025-04-23T11:53:10.149+0000] {processor.py:914} INFO - Processing file /opt/airflow/dags/my_dag.py for tasks to queue
[2025-04-23T11:53:10.154+0000] {logging_mixin.py:190} INFO - [2025-04-23T11:53:10.153+0000] {dagbag.py:588} INFO - Filling up the DagBag from /opt/airflow/dags/my_dag.py
[2025-04-23T11:53:10.192+0000] {processor.py:925} INFO - DAG(s) 'TFL_DATA_DAG' retrieved from /opt/airflow/dags/my_dag.py
[2025-04-23T11:53:10.234+0000] {logging_mixin.py:190} INFO - [2025-04-23T11:53:10.233+0000] {dag.py:3239} INFO - Sync 1 DAGs
[2025-04-23T11:53:10.270+0000] {logging_mixin.py:190} INFO - [2025-04-23T11:53:10.270+0000] {dag.py:4180} INFO - Setting next_dagrun for TFL_DATA_DAG to 2025-04-23 00:00:00+00:00, run_after=2025-04-24 00:00:00+00:00
[2025-04-23T11:53:10.302+0000] {processor.py:208} INFO - Processing /opt/airflow/dags/my_dag.py took 0.164 seconds
[2025-04-23T11:53:40.664+0000] {processor.py:186} INFO - Started process (PID=3630) to work on /opt/airflow/dags/my_dag.py
[2025-04-23T11:53:40.666+0000] {processor.py:914} INFO - Processing file /opt/airflow/dags/my_dag.py for tasks to queue
[2025-04-23T11:53:40.671+0000] {logging_mixin.py:190} INFO - [2025-04-23T11:53:40.670+0000] {dagbag.py:588} INFO - Filling up the DagBag from /opt/airflow/dags/my_dag.py
[2025-04-23T11:53:40.703+0000] {processor.py:925} INFO - DAG(s) 'TFL_DATA_DAG' retrieved from /opt/airflow/dags/my_dag.py
[2025-04-23T11:53:40.745+0000] {logging_mixin.py:190} INFO - [2025-04-23T11:53:40.744+0000] {dag.py:3239} INFO - Sync 1 DAGs
[2025-04-23T11:53:40.780+0000] {logging_mixin.py:190} INFO - [2025-04-23T11:53:40.780+0000] {dag.py:4180} INFO - Setting next_dagrun for TFL_DATA_DAG to 2025-04-23 00:00:00+00:00, run_after=2025-04-24 00:00:00+00:00
[2025-04-23T11:53:40.807+0000] {processor.py:208} INFO - Processing /opt/airflow/dags/my_dag.py took 0.152 seconds
[2025-04-23T11:54:11.142+0000] {processor.py:186} INFO - Started process (PID=3651) to work on /opt/airflow/dags/my_dag.py
[2025-04-23T11:54:11.144+0000] {processor.py:914} INFO - Processing file /opt/airflow/dags/my_dag.py for tasks to queue
[2025-04-23T11:54:11.149+0000] {logging_mixin.py:190} INFO - [2025-04-23T11:54:11.148+0000] {dagbag.py:588} INFO - Filling up the DagBag from /opt/airflow/dags/my_dag.py
[2025-04-23T11:54:11.183+0000] {processor.py:925} INFO - DAG(s) 'TFL_DATA_DAG' retrieved from /opt/airflow/dags/my_dag.py
[2025-04-23T11:54:11.221+0000] {logging_mixin.py:190} INFO - [2025-04-23T11:54:11.220+0000] {dag.py:3239} INFO - Sync 1 DAGs
[2025-04-23T11:54:11.264+0000] {logging_mixin.py:190} INFO - [2025-04-23T11:54:11.264+0000] {dag.py:4180} INFO - Setting next_dagrun for TFL_DATA_DAG to 2025-04-23 00:00:00+00:00, run_after=2025-04-24 00:00:00+00:00
[2025-04-23T11:54:11.294+0000] {processor.py:208} INFO - Processing /opt/airflow/dags/my_dag.py took 0.161 seconds
[2025-04-23T11:54:41.629+0000] {processor.py:186} INFO - Started process (PID=3672) to work on /opt/airflow/dags/my_dag.py
[2025-04-23T11:54:41.632+0000] {processor.py:914} INFO - Processing file /opt/airflow/dags/my_dag.py for tasks to queue
[2025-04-23T11:54:41.637+0000] {logging_mixin.py:190} INFO - [2025-04-23T11:54:41.636+0000] {dagbag.py:588} INFO - Filling up the DagBag from /opt/airflow/dags/my_dag.py
[2025-04-23T11:54:41.675+0000] {processor.py:925} INFO - DAG(s) 'TFL_DATA_DAG' retrieved from /opt/airflow/dags/my_dag.py
[2025-04-23T11:54:41.714+0000] {logging_mixin.py:190} INFO - [2025-04-23T11:54:41.713+0000] {dag.py:3239} INFO - Sync 1 DAGs
[2025-04-23T11:54:41.746+0000] {logging_mixin.py:190} INFO - [2025-04-23T11:54:41.746+0000] {dag.py:4180} INFO - Setting next_dagrun for TFL_DATA_DAG to 2025-04-23 00:00:00+00:00, run_after=2025-04-24 00:00:00+00:00
[2025-04-23T11:54:41.772+0000] {processor.py:208} INFO - Processing /opt/airflow/dags/my_dag.py took 0.152 seconds
[2025-04-23T11:55:12.107+0000] {processor.py:186} INFO - Started process (PID=3693) to work on /opt/airflow/dags/my_dag.py
[2025-04-23T11:55:12.110+0000] {processor.py:914} INFO - Processing file /opt/airflow/dags/my_dag.py for tasks to queue
[2025-04-23T11:55:12.114+0000] {logging_mixin.py:190} INFO - [2025-04-23T11:55:12.114+0000] {dagbag.py:588} INFO - Filling up the DagBag from /opt/airflow/dags/my_dag.py
[2025-04-23T11:55:12.146+0000] {processor.py:925} INFO - DAG(s) 'TFL_DATA_DAG' retrieved from /opt/airflow/dags/my_dag.py
[2025-04-23T11:55:12.181+0000] {logging_mixin.py:190} INFO - [2025-04-23T11:55:12.180+0000] {dag.py:3239} INFO - Sync 1 DAGs
[2025-04-23T11:55:12.211+0000] {logging_mixin.py:190} INFO - [2025-04-23T11:55:12.211+0000] {dag.py:4180} INFO - Setting next_dagrun for TFL_DATA_DAG to 2025-04-23 00:00:00+00:00, run_after=2025-04-24 00:00:00+00:00
[2025-04-23T11:55:12.237+0000] {processor.py:208} INFO - Processing /opt/airflow/dags/my_dag.py took 0.139 seconds
[2025-04-23T11:55:42.613+0000] {processor.py:186} INFO - Started process (PID=3714) to work on /opt/airflow/dags/my_dag.py
[2025-04-23T11:55:42.615+0000] {processor.py:914} INFO - Processing file /opt/airflow/dags/my_dag.py for tasks to queue
[2025-04-23T11:55:42.620+0000] {logging_mixin.py:190} INFO - [2025-04-23T11:55:42.620+0000] {dagbag.py:588} INFO - Filling up the DagBag from /opt/airflow/dags/my_dag.py
[2025-04-23T11:55:42.663+0000] {processor.py:925} INFO - DAG(s) 'TFL_DATA_DAG' retrieved from /opt/airflow/dags/my_dag.py
[2025-04-23T11:55:42.700+0000] {logging_mixin.py:190} INFO - [2025-04-23T11:55:42.699+0000] {dag.py:3239} INFO - Sync 1 DAGs
[2025-04-23T11:55:42.729+0000] {logging_mixin.py:190} INFO - [2025-04-23T11:55:42.729+0000] {dag.py:4180} INFO - Setting next_dagrun for TFL_DATA_DAG to 2025-04-23 00:00:00+00:00, run_after=2025-04-24 00:00:00+00:00
[2025-04-23T11:55:42.760+0000] {processor.py:208} INFO - Processing /opt/airflow/dags/my_dag.py took 0.156 seconds
[2025-04-23T11:56:13.103+0000] {processor.py:186} INFO - Started process (PID=3735) to work on /opt/airflow/dags/my_dag.py
[2025-04-23T11:56:13.105+0000] {processor.py:914} INFO - Processing file /opt/airflow/dags/my_dag.py for tasks to queue
[2025-04-23T11:56:13.109+0000] {logging_mixin.py:190} INFO - [2025-04-23T11:56:13.109+0000] {dagbag.py:588} INFO - Filling up the DagBag from /opt/airflow/dags/my_dag.py
[2025-04-23T11:56:13.138+0000] {processor.py:925} INFO - DAG(s) 'TFL_DATA_DAG' retrieved from /opt/airflow/dags/my_dag.py
[2025-04-23T11:56:13.175+0000] {logging_mixin.py:190} INFO - [2025-04-23T11:56:13.174+0000] {dag.py:3239} INFO - Sync 1 DAGs
[2025-04-23T11:56:13.207+0000] {logging_mixin.py:190} INFO - [2025-04-23T11:56:13.207+0000] {dag.py:4180} INFO - Setting next_dagrun for TFL_DATA_DAG to 2025-04-23 00:00:00+00:00, run_after=2025-04-24 00:00:00+00:00
[2025-04-23T11:56:13.233+0000] {processor.py:208} INFO - Processing /opt/airflow/dags/my_dag.py took 0.139 seconds
[2025-04-23T11:56:43.592+0000] {processor.py:186} INFO - Started process (PID=3756) to work on /opt/airflow/dags/my_dag.py
[2025-04-23T11:56:43.595+0000] {processor.py:914} INFO - Processing file /opt/airflow/dags/my_dag.py for tasks to queue
[2025-04-23T11:56:43.599+0000] {logging_mixin.py:190} INFO - [2025-04-23T11:56:43.599+0000] {dagbag.py:588} INFO - Filling up the DagBag from /opt/airflow/dags/my_dag.py
[2025-04-23T11:56:43.633+0000] {processor.py:925} INFO - DAG(s) 'TFL_DATA_DAG' retrieved from /opt/airflow/dags/my_dag.py
[2025-04-23T11:56:43.671+0000] {logging_mixin.py:190} INFO - [2025-04-23T11:56:43.670+0000] {dag.py:3239} INFO - Sync 1 DAGs
[2025-04-23T11:56:43.701+0000] {logging_mixin.py:190} INFO - [2025-04-23T11:56:43.701+0000] {dag.py:4180} INFO - Setting next_dagrun for TFL_DATA_DAG to 2025-04-23 00:00:00+00:00, run_after=2025-04-24 00:00:00+00:00
[2025-04-23T11:56:43.726+0000] {processor.py:208} INFO - Processing /opt/airflow/dags/my_dag.py took 0.143 seconds
[2025-04-23T11:57:14.054+0000] {processor.py:186} INFO - Started process (PID=3777) to work on /opt/airflow/dags/my_dag.py
[2025-04-23T11:57:14.055+0000] {processor.py:914} INFO - Processing file /opt/airflow/dags/my_dag.py for tasks to queue
[2025-04-23T11:57:14.060+0000] {logging_mixin.py:190} INFO - [2025-04-23T11:57:14.059+0000] {dagbag.py:588} INFO - Filling up the DagBag from /opt/airflow/dags/my_dag.py
[2025-04-23T11:57:14.089+0000] {processor.py:925} INFO - DAG(s) 'TFL_DATA_DAG' retrieved from /opt/airflow/dags/my_dag.py
[2025-04-23T11:57:14.116+0000] {logging_mixin.py:190} INFO - [2025-04-23T11:57:14.115+0000] {dag.py:3239} INFO - Sync 1 DAGs
[2025-04-23T11:57:14.147+0000] {logging_mixin.py:190} INFO - [2025-04-23T11:57:14.146+0000] {dag.py:4180} INFO - Setting next_dagrun for TFL_DATA_DAG to 2025-04-23 00:00:00+00:00, run_after=2025-04-24 00:00:00+00:00
[2025-04-23T11:57:14.175+0000] {processor.py:208} INFO - Processing /opt/airflow/dags/my_dag.py took 0.129 seconds
[2025-04-23T11:57:44.549+0000] {processor.py:186} INFO - Started process (PID=3798) to work on /opt/airflow/dags/my_dag.py
[2025-04-23T11:57:44.551+0000] {processor.py:914} INFO - Processing file /opt/airflow/dags/my_dag.py for tasks to queue
[2025-04-23T11:57:44.556+0000] {logging_mixin.py:190} INFO - [2025-04-23T11:57:44.555+0000] {dagbag.py:588} INFO - Filling up the DagBag from /opt/airflow/dags/my_dag.py
[2025-04-23T11:57:44.584+0000] {processor.py:925} INFO - DAG(s) 'TFL_DATA_DAG' retrieved from /opt/airflow/dags/my_dag.py
[2025-04-23T11:57:44.620+0000] {logging_mixin.py:190} INFO - [2025-04-23T11:57:44.619+0000] {dag.py:3239} INFO - Sync 1 DAGs
[2025-04-23T11:57:44.654+0000] {logging_mixin.py:190} INFO - [2025-04-23T11:57:44.654+0000] {dag.py:4180} INFO - Setting next_dagrun for TFL_DATA_DAG to 2025-04-23 00:00:00+00:00, run_after=2025-04-24 00:00:00+00:00
[2025-04-23T11:57:44.679+0000] {processor.py:208} INFO - Processing /opt/airflow/dags/my_dag.py took 0.137 seconds
[2025-04-23T11:58:14.984+0000] {processor.py:186} INFO - Started process (PID=3819) to work on /opt/airflow/dags/my_dag.py
[2025-04-23T11:58:14.987+0000] {processor.py:914} INFO - Processing file /opt/airflow/dags/my_dag.py for tasks to queue
[2025-04-23T11:58:14.991+0000] {logging_mixin.py:190} INFO - [2025-04-23T11:58:14.991+0000] {dagbag.py:588} INFO - Filling up the DagBag from /opt/airflow/dags/my_dag.py
[2025-04-23T11:58:15.023+0000] {processor.py:925} INFO - DAG(s) 'TFL_DATA_DAG' retrieved from /opt/airflow/dags/my_dag.py
[2025-04-23T11:58:15.060+0000] {logging_mixin.py:190} INFO - [2025-04-23T11:58:15.060+0000] {dag.py:3239} INFO - Sync 1 DAGs
[2025-04-23T11:58:15.097+0000] {logging_mixin.py:190} INFO - [2025-04-23T11:58:15.097+0000] {dag.py:4180} INFO - Setting next_dagrun for TFL_DATA_DAG to 2025-04-23 00:00:00+00:00, run_after=2025-04-24 00:00:00+00:00
[2025-04-23T11:58:15.127+0000] {processor.py:208} INFO - Processing /opt/airflow/dags/my_dag.py took 0.152 seconds
[2025-04-23T11:58:45.491+0000] {processor.py:186} INFO - Started process (PID=3840) to work on /opt/airflow/dags/my_dag.py
[2025-04-23T11:58:45.493+0000] {processor.py:914} INFO - Processing file /opt/airflow/dags/my_dag.py for tasks to queue
[2025-04-23T11:58:45.498+0000] {logging_mixin.py:190} INFO - [2025-04-23T11:58:45.497+0000] {dagbag.py:588} INFO - Filling up the DagBag from /opt/airflow/dags/my_dag.py
[2025-04-23T11:58:45.528+0000] {processor.py:925} INFO - DAG(s) 'TFL_DATA_DAG' retrieved from /opt/airflow/dags/my_dag.py
[2025-04-23T11:58:45.562+0000] {logging_mixin.py:190} INFO - [2025-04-23T11:58:45.561+0000] {dag.py:3239} INFO - Sync 1 DAGs
[2025-04-23T11:58:45.597+0000] {logging_mixin.py:190} INFO - [2025-04-23T11:58:45.597+0000] {dag.py:4180} INFO - Setting next_dagrun for TFL_DATA_DAG to 2025-04-23 00:00:00+00:00, run_after=2025-04-24 00:00:00+00:00
[2025-04-23T11:58:45.621+0000] {processor.py:208} INFO - Processing /opt/airflow/dags/my_dag.py took 0.138 seconds
[2025-04-23T11:59:15.947+0000] {processor.py:186} INFO - Started process (PID=3861) to work on /opt/airflow/dags/my_dag.py
[2025-04-23T11:59:15.949+0000] {processor.py:914} INFO - Processing file /opt/airflow/dags/my_dag.py for tasks to queue
[2025-04-23T11:59:15.955+0000] {logging_mixin.py:190} INFO - [2025-04-23T11:59:15.954+0000] {dagbag.py:588} INFO - Filling up the DagBag from /opt/airflow/dags/my_dag.py
[2025-04-23T11:59:15.988+0000] {processor.py:925} INFO - DAG(s) 'TFL_DATA_DAG' retrieved from /opt/airflow/dags/my_dag.py
[2025-04-23T11:59:16.024+0000] {logging_mixin.py:190} INFO - [2025-04-23T11:59:16.023+0000] {dag.py:3239} INFO - Sync 1 DAGs
[2025-04-23T11:59:16.062+0000] {logging_mixin.py:190} INFO - [2025-04-23T11:59:16.062+0000] {dag.py:4180} INFO - Setting next_dagrun for TFL_DATA_DAG to 2025-04-23 00:00:00+00:00, run_after=2025-04-24 00:00:00+00:00
[2025-04-23T11:59:16.088+0000] {processor.py:208} INFO - Processing /opt/airflow/dags/my_dag.py took 0.149 seconds
[2025-04-23T11:59:46.448+0000] {processor.py:186} INFO - Started process (PID=3882) to work on /opt/airflow/dags/my_dag.py
[2025-04-23T11:59:46.450+0000] {processor.py:914} INFO - Processing file /opt/airflow/dags/my_dag.py for tasks to queue
[2025-04-23T11:59:46.455+0000] {logging_mixin.py:190} INFO - [2025-04-23T11:59:46.455+0000] {dagbag.py:588} INFO - Filling up the DagBag from /opt/airflow/dags/my_dag.py
[2025-04-23T11:59:46.490+0000] {processor.py:925} INFO - DAG(s) 'TFL_DATA_DAG' retrieved from /opt/airflow/dags/my_dag.py
[2025-04-23T11:59:46.525+0000] {logging_mixin.py:190} INFO - [2025-04-23T11:59:46.525+0000] {dag.py:3239} INFO - Sync 1 DAGs
[2025-04-23T11:59:46.555+0000] {logging_mixin.py:190} INFO - [2025-04-23T11:59:46.554+0000] {dag.py:4180} INFO - Setting next_dagrun for TFL_DATA_DAG to 2025-04-23 00:00:00+00:00, run_after=2025-04-24 00:00:00+00:00
[2025-04-23T11:59:46.579+0000] {processor.py:208} INFO - Processing /opt/airflow/dags/my_dag.py took 0.140 seconds
[2025-04-23T12:00:16.896+0000] {processor.py:186} INFO - Started process (PID=3903) to work on /opt/airflow/dags/my_dag.py
[2025-04-23T12:00:16.899+0000] {processor.py:914} INFO - Processing file /opt/airflow/dags/my_dag.py for tasks to queue
[2025-04-23T12:00:16.904+0000] {logging_mixin.py:190} INFO - [2025-04-23T12:00:16.903+0000] {dagbag.py:588} INFO - Filling up the DagBag from /opt/airflow/dags/my_dag.py
[2025-04-23T12:00:16.936+0000] {processor.py:925} INFO - DAG(s) 'TFL_DATA_DAG' retrieved from /opt/airflow/dags/my_dag.py
[2025-04-23T12:00:16.970+0000] {logging_mixin.py:190} INFO - [2025-04-23T12:00:16.970+0000] {dag.py:3239} INFO - Sync 1 DAGs
[2025-04-23T12:00:17.001+0000] {logging_mixin.py:190} INFO - [2025-04-23T12:00:17.001+0000] {dag.py:4180} INFO - Setting next_dagrun for TFL_DATA_DAG to 2025-04-23 00:00:00+00:00, run_after=2025-04-24 00:00:00+00:00
[2025-04-23T12:00:17.026+0000] {processor.py:208} INFO - Processing /opt/airflow/dags/my_dag.py took 0.139 seconds
[2025-04-23T12:00:47.370+0000] {processor.py:186} INFO - Started process (PID=3924) to work on /opt/airflow/dags/my_dag.py
[2025-04-23T12:00:47.372+0000] {processor.py:914} INFO - Processing file /opt/airflow/dags/my_dag.py for tasks to queue
[2025-04-23T12:00:47.377+0000] {logging_mixin.py:190} INFO - [2025-04-23T12:00:47.376+0000] {dagbag.py:588} INFO - Filling up the DagBag from /opt/airflow/dags/my_dag.py
[2025-04-23T12:00:47.406+0000] {processor.py:925} INFO - DAG(s) 'TFL_DATA_DAG' retrieved from /opt/airflow/dags/my_dag.py
[2025-04-23T12:00:47.443+0000] {logging_mixin.py:190} INFO - [2025-04-23T12:00:47.442+0000] {dag.py:3239} INFO - Sync 1 DAGs
[2025-04-23T12:00:47.478+0000] {logging_mixin.py:190} INFO - [2025-04-23T12:00:47.478+0000] {dag.py:4180} INFO - Setting next_dagrun for TFL_DATA_DAG to 2025-04-23 00:00:00+00:00, run_after=2025-04-24 00:00:00+00:00
[2025-04-23T12:00:47.505+0000] {processor.py:208} INFO - Processing /opt/airflow/dags/my_dag.py took 0.144 seconds
[2025-04-23T12:01:17.930+0000] {processor.py:186} INFO - Started process (PID=3945) to work on /opt/airflow/dags/my_dag.py
[2025-04-23T12:01:17.933+0000] {processor.py:914} INFO - Processing file /opt/airflow/dags/my_dag.py for tasks to queue
[2025-04-23T12:01:17.938+0000] {logging_mixin.py:190} INFO - [2025-04-23T12:01:17.938+0000] {dagbag.py:588} INFO - Filling up the DagBag from /opt/airflow/dags/my_dag.py
[2025-04-23T12:01:17.972+0000] {processor.py:925} INFO - DAG(s) 'TFL_DATA_DAG' retrieved from /opt/airflow/dags/my_dag.py
[2025-04-23T12:01:18.012+0000] {logging_mixin.py:190} INFO - [2025-04-23T12:01:18.011+0000] {dag.py:3239} INFO - Sync 1 DAGs
[2025-04-23T12:01:18.047+0000] {logging_mixin.py:190} INFO - [2025-04-23T12:01:18.046+0000] {dag.py:4180} INFO - Setting next_dagrun for TFL_DATA_DAG to 2025-04-23 00:00:00+00:00, run_after=2025-04-24 00:00:00+00:00
[2025-04-23T12:01:18.076+0000] {processor.py:208} INFO - Processing /opt/airflow/dags/my_dag.py took 0.158 seconds
[2025-04-23T12:01:48.419+0000] {processor.py:186} INFO - Started process (PID=3966) to work on /opt/airflow/dags/my_dag.py
[2025-04-23T12:01:48.422+0000] {processor.py:914} INFO - Processing file /opt/airflow/dags/my_dag.py for tasks to queue
[2025-04-23T12:01:48.426+0000] {logging_mixin.py:190} INFO - [2025-04-23T12:01:48.426+0000] {dagbag.py:588} INFO - Filling up the DagBag from /opt/airflow/dags/my_dag.py
[2025-04-23T12:01:48.459+0000] {processor.py:925} INFO - DAG(s) 'TFL_DATA_DAG' retrieved from /opt/airflow/dags/my_dag.py
[2025-04-23T12:01:48.500+0000] {logging_mixin.py:190} INFO - [2025-04-23T12:01:48.499+0000] {dag.py:3239} INFO - Sync 1 DAGs
[2025-04-23T12:01:48.540+0000] {logging_mixin.py:190} INFO - [2025-04-23T12:01:48.540+0000] {dag.py:4180} INFO - Setting next_dagrun for TFL_DATA_DAG to 2025-04-23 00:00:00+00:00, run_after=2025-04-24 00:00:00+00:00
[2025-04-23T12:01:48.570+0000] {processor.py:208} INFO - Processing /opt/airflow/dags/my_dag.py took 0.159 seconds
[2025-04-23T12:02:18.923+0000] {processor.py:186} INFO - Started process (PID=3987) to work on /opt/airflow/dags/my_dag.py
[2025-04-23T12:02:18.927+0000] {processor.py:914} INFO - Processing file /opt/airflow/dags/my_dag.py for tasks to queue
[2025-04-23T12:02:18.933+0000] {logging_mixin.py:190} INFO - [2025-04-23T12:02:18.933+0000] {dagbag.py:588} INFO - Filling up the DagBag from /opt/airflow/dags/my_dag.py
[2025-04-23T12:02:18.967+0000] {processor.py:925} INFO - DAG(s) 'TFL_DATA_DAG' retrieved from /opt/airflow/dags/my_dag.py
[2025-04-23T12:02:19.004+0000] {logging_mixin.py:190} INFO - [2025-04-23T12:02:19.003+0000] {dag.py:3239} INFO - Sync 1 DAGs
[2025-04-23T12:02:19.038+0000] {logging_mixin.py:190} INFO - [2025-04-23T12:02:19.037+0000] {dag.py:4180} INFO - Setting next_dagrun for TFL_DATA_DAG to 2025-04-23 00:00:00+00:00, run_after=2025-04-24 00:00:00+00:00
[2025-04-23T12:02:19.064+0000] {processor.py:208} INFO - Processing /opt/airflow/dags/my_dag.py took 0.150 seconds
[2025-04-23T12:02:49.405+0000] {processor.py:186} INFO - Started process (PID=4008) to work on /opt/airflow/dags/my_dag.py
[2025-04-23T12:02:49.408+0000] {processor.py:914} INFO - Processing file /opt/airflow/dags/my_dag.py for tasks to queue
[2025-04-23T12:02:49.414+0000] {logging_mixin.py:190} INFO - [2025-04-23T12:02:49.413+0000] {dagbag.py:588} INFO - Filling up the DagBag from /opt/airflow/dags/my_dag.py
[2025-04-23T12:02:49.451+0000] {processor.py:925} INFO - DAG(s) 'TFL_DATA_DAG' retrieved from /opt/airflow/dags/my_dag.py
[2025-04-23T12:02:49.488+0000] {logging_mixin.py:190} INFO - [2025-04-23T12:02:49.488+0000] {dag.py:3239} INFO - Sync 1 DAGs
[2025-04-23T12:02:49.524+0000] {logging_mixin.py:190} INFO - [2025-04-23T12:02:49.524+0000] {dag.py:4180} INFO - Setting next_dagrun for TFL_DATA_DAG to 2025-04-23 00:00:00+00:00, run_after=2025-04-24 00:00:00+00:00
[2025-04-23T12:02:49.552+0000] {processor.py:208} INFO - Processing /opt/airflow/dags/my_dag.py took 0.157 seconds
[2025-04-23T12:03:19.932+0000] {processor.py:186} INFO - Started process (PID=4029) to work on /opt/airflow/dags/my_dag.py
[2025-04-23T12:03:19.940+0000] {processor.py:914} INFO - Processing file /opt/airflow/dags/my_dag.py for tasks to queue
[2025-04-23T12:03:19.950+0000] {logging_mixin.py:190} INFO - [2025-04-23T12:03:19.948+0000] {dagbag.py:588} INFO - Filling up the DagBag from /opt/airflow/dags/my_dag.py
[2025-04-23T12:03:19.985+0000] {processor.py:925} INFO - DAG(s) 'TFL_DATA_DAG' retrieved from /opt/airflow/dags/my_dag.py
[2025-04-23T12:03:20.023+0000] {logging_mixin.py:190} INFO - [2025-04-23T12:03:20.022+0000] {dag.py:3239} INFO - Sync 1 DAGs
[2025-04-23T12:03:20.056+0000] {logging_mixin.py:190} INFO - [2025-04-23T12:03:20.055+0000] {dag.py:4180} INFO - Setting next_dagrun for TFL_DATA_DAG to 2025-04-23 00:00:00+00:00, run_after=2025-04-24 00:00:00+00:00
[2025-04-23T12:03:20.087+0000] {processor.py:208} INFO - Processing /opt/airflow/dags/my_dag.py took 0.172 seconds
[2025-04-23T12:03:50.448+0000] {processor.py:186} INFO - Started process (PID=4050) to work on /opt/airflow/dags/my_dag.py
[2025-04-23T12:03:50.451+0000] {processor.py:914} INFO - Processing file /opt/airflow/dags/my_dag.py for tasks to queue
[2025-04-23T12:03:50.457+0000] {logging_mixin.py:190} INFO - [2025-04-23T12:03:50.456+0000] {dagbag.py:588} INFO - Filling up the DagBag from /opt/airflow/dags/my_dag.py
[2025-04-23T12:03:50.491+0000] {processor.py:925} INFO - DAG(s) 'TFL_DATA_DAG' retrieved from /opt/airflow/dags/my_dag.py
[2025-04-23T12:03:50.526+0000] {logging_mixin.py:190} INFO - [2025-04-23T12:03:50.526+0000] {dag.py:3239} INFO - Sync 1 DAGs
[2025-04-23T12:03:50.559+0000] {logging_mixin.py:190} INFO - [2025-04-23T12:03:50.559+0000] {dag.py:4180} INFO - Setting next_dagrun for TFL_DATA_DAG to 2025-04-23 00:00:00+00:00, run_after=2025-04-24 00:00:00+00:00
[2025-04-23T12:03:50.583+0000] {processor.py:208} INFO - Processing /opt/airflow/dags/my_dag.py took 0.145 seconds
[2025-04-23T12:04:20.929+0000] {processor.py:186} INFO - Started process (PID=4071) to work on /opt/airflow/dags/my_dag.py
[2025-04-23T12:04:20.931+0000] {processor.py:914} INFO - Processing file /opt/airflow/dags/my_dag.py for tasks to queue
[2025-04-23T12:04:20.937+0000] {logging_mixin.py:190} INFO - [2025-04-23T12:04:20.936+0000] {dagbag.py:588} INFO - Filling up the DagBag from /opt/airflow/dags/my_dag.py
[2025-04-23T12:04:20.969+0000] {processor.py:925} INFO - DAG(s) 'TFL_DATA_DAG' retrieved from /opt/airflow/dags/my_dag.py
[2025-04-23T12:04:21.005+0000] {logging_mixin.py:190} INFO - [2025-04-23T12:04:21.004+0000] {dag.py:3239} INFO - Sync 1 DAGs
[2025-04-23T12:04:21.042+0000] {logging_mixin.py:190} INFO - [2025-04-23T12:04:21.041+0000] {dag.py:4180} INFO - Setting next_dagrun for TFL_DATA_DAG to 2025-04-23 00:00:00+00:00, run_after=2025-04-24 00:00:00+00:00
[2025-04-23T12:04:21.067+0000] {processor.py:208} INFO - Processing /opt/airflow/dags/my_dag.py took 0.146 seconds
[2025-04-23T12:04:51.384+0000] {processor.py:186} INFO - Started process (PID=4092) to work on /opt/airflow/dags/my_dag.py
[2025-04-23T12:04:51.387+0000] {processor.py:914} INFO - Processing file /opt/airflow/dags/my_dag.py for tasks to queue
[2025-04-23T12:04:51.391+0000] {logging_mixin.py:190} INFO - [2025-04-23T12:04:51.390+0000] {dagbag.py:588} INFO - Filling up the DagBag from /opt/airflow/dags/my_dag.py
[2025-04-23T12:04:51.421+0000] {processor.py:925} INFO - DAG(s) 'TFL_DATA_DAG' retrieved from /opt/airflow/dags/my_dag.py
[2025-04-23T12:04:51.461+0000] {logging_mixin.py:190} INFO - [2025-04-23T12:04:51.460+0000] {dag.py:3239} INFO - Sync 1 DAGs
[2025-04-23T12:04:51.498+0000] {logging_mixin.py:190} INFO - [2025-04-23T12:04:51.498+0000] {dag.py:4180} INFO - Setting next_dagrun for TFL_DATA_DAG to 2025-04-23 00:00:00+00:00, run_after=2025-04-24 00:00:00+00:00
[2025-04-23T12:04:51.528+0000] {processor.py:208} INFO - Processing /opt/airflow/dags/my_dag.py took 0.152 seconds
[2025-04-23T12:05:21.862+0000] {processor.py:186} INFO - Started process (PID=4112) to work on /opt/airflow/dags/my_dag.py
[2025-04-23T12:05:21.864+0000] {processor.py:914} INFO - Processing file /opt/airflow/dags/my_dag.py for tasks to queue
[2025-04-23T12:05:21.869+0000] {logging_mixin.py:190} INFO - [2025-04-23T12:05:21.869+0000] {dagbag.py:588} INFO - Filling up the DagBag from /opt/airflow/dags/my_dag.py
[2025-04-23T12:05:21.902+0000] {processor.py:925} INFO - DAG(s) 'TFL_DATA_DAG' retrieved from /opt/airflow/dags/my_dag.py
[2025-04-23T12:05:21.943+0000] {logging_mixin.py:190} INFO - [2025-04-23T12:05:21.942+0000] {dag.py:3239} INFO - Sync 1 DAGs
[2025-04-23T12:05:21.977+0000] {logging_mixin.py:190} INFO - [2025-04-23T12:05:21.977+0000] {dag.py:4180} INFO - Setting next_dagrun for TFL_DATA_DAG to 2025-04-23 00:00:00+00:00, run_after=2025-04-24 00:00:00+00:00
[2025-04-23T12:05:22.003+0000] {processor.py:208} INFO - Processing /opt/airflow/dags/my_dag.py took 0.148 seconds
[2025-04-23T12:05:52.382+0000] {processor.py:186} INFO - Started process (PID=4133) to work on /opt/airflow/dags/my_dag.py
[2025-04-23T12:05:52.384+0000] {processor.py:914} INFO - Processing file /opt/airflow/dags/my_dag.py for tasks to queue
[2025-04-23T12:05:52.388+0000] {logging_mixin.py:190} INFO - [2025-04-23T12:05:52.387+0000] {dagbag.py:588} INFO - Filling up the DagBag from /opt/airflow/dags/my_dag.py
[2025-04-23T12:05:52.418+0000] {processor.py:925} INFO - DAG(s) 'TFL_DATA_DAG' retrieved from /opt/airflow/dags/my_dag.py
[2025-04-23T12:05:52.451+0000] {logging_mixin.py:190} INFO - [2025-04-23T12:05:52.450+0000] {dag.py:3239} INFO - Sync 1 DAGs
[2025-04-23T12:05:52.485+0000] {logging_mixin.py:190} INFO - [2025-04-23T12:05:52.485+0000] {dag.py:4180} INFO - Setting next_dagrun for TFL_DATA_DAG to 2025-04-23 00:00:00+00:00, run_after=2025-04-24 00:00:00+00:00
[2025-04-23T12:05:52.512+0000] {processor.py:208} INFO - Processing /opt/airflow/dags/my_dag.py took 0.139 seconds
[2025-04-23T12:06:22.849+0000] {processor.py:186} INFO - Started process (PID=4154) to work on /opt/airflow/dags/my_dag.py
[2025-04-23T12:06:22.852+0000] {processor.py:914} INFO - Processing file /opt/airflow/dags/my_dag.py for tasks to queue
[2025-04-23T12:06:22.856+0000] {logging_mixin.py:190} INFO - [2025-04-23T12:06:22.856+0000] {dagbag.py:588} INFO - Filling up the DagBag from /opt/airflow/dags/my_dag.py
[2025-04-23T12:06:22.890+0000] {processor.py:925} INFO - DAG(s) 'TFL_DATA_DAG' retrieved from /opt/airflow/dags/my_dag.py
[2025-04-23T12:06:22.928+0000] {logging_mixin.py:190} INFO - [2025-04-23T12:06:22.927+0000] {dag.py:3239} INFO - Sync 1 DAGs
[2025-04-23T12:06:22.961+0000] {logging_mixin.py:190} INFO - [2025-04-23T12:06:22.961+0000] {dag.py:4180} INFO - Setting next_dagrun for TFL_DATA_DAG to 2025-04-23 00:00:00+00:00, run_after=2025-04-24 00:00:00+00:00
[2025-04-23T12:06:22.988+0000] {processor.py:208} INFO - Processing /opt/airflow/dags/my_dag.py took 0.149 seconds
[2025-04-23T12:06:53.332+0000] {processor.py:186} INFO - Started process (PID=4175) to work on /opt/airflow/dags/my_dag.py
[2025-04-23T12:06:53.335+0000] {processor.py:914} INFO - Processing file /opt/airflow/dags/my_dag.py for tasks to queue
[2025-04-23T12:06:53.339+0000] {logging_mixin.py:190} INFO - [2025-04-23T12:06:53.339+0000] {dagbag.py:588} INFO - Filling up the DagBag from /opt/airflow/dags/my_dag.py
[2025-04-23T12:06:53.372+0000] {processor.py:925} INFO - DAG(s) 'TFL_DATA_DAG' retrieved from /opt/airflow/dags/my_dag.py
[2025-04-23T12:06:53.403+0000] {logging_mixin.py:190} INFO - [2025-04-23T12:06:53.403+0000] {dag.py:3239} INFO - Sync 1 DAGs
[2025-04-23T12:06:53.433+0000] {logging_mixin.py:190} INFO - [2025-04-23T12:06:53.433+0000] {dag.py:4180} INFO - Setting next_dagrun for TFL_DATA_DAG to 2025-04-23 00:00:00+00:00, run_after=2025-04-24 00:00:00+00:00
[2025-04-23T12:06:53.457+0000] {processor.py:208} INFO - Processing /opt/airflow/dags/my_dag.py took 0.134 seconds
[2025-04-23T12:07:23.786+0000] {processor.py:186} INFO - Started process (PID=4196) to work on /opt/airflow/dags/my_dag.py
[2025-04-23T12:07:23.788+0000] {processor.py:914} INFO - Processing file /opt/airflow/dags/my_dag.py for tasks to queue
[2025-04-23T12:07:23.793+0000] {logging_mixin.py:190} INFO - [2025-04-23T12:07:23.792+0000] {dagbag.py:588} INFO - Filling up the DagBag from /opt/airflow/dags/my_dag.py
[2025-04-23T12:07:23.826+0000] {processor.py:925} INFO - DAG(s) 'TFL_DATA_DAG' retrieved from /opt/airflow/dags/my_dag.py
[2025-04-23T12:07:23.863+0000] {logging_mixin.py:190} INFO - [2025-04-23T12:07:23.861+0000] {dag.py:3239} INFO - Sync 1 DAGs
[2025-04-23T12:07:23.893+0000] {logging_mixin.py:190} INFO - [2025-04-23T12:07:23.892+0000] {dag.py:4180} INFO - Setting next_dagrun for TFL_DATA_DAG to 2025-04-23 00:00:00+00:00, run_after=2025-04-24 00:00:00+00:00
[2025-04-23T12:07:23.920+0000] {processor.py:208} INFO - Processing /opt/airflow/dags/my_dag.py took 0.144 seconds
[2025-04-23T12:07:54.267+0000] {processor.py:186} INFO - Started process (PID=4217) to work on /opt/airflow/dags/my_dag.py
[2025-04-23T12:07:54.269+0000] {processor.py:914} INFO - Processing file /opt/airflow/dags/my_dag.py for tasks to queue
[2025-04-23T12:07:54.274+0000] {logging_mixin.py:190} INFO - [2025-04-23T12:07:54.274+0000] {dagbag.py:588} INFO - Filling up the DagBag from /opt/airflow/dags/my_dag.py
[2025-04-23T12:07:54.306+0000] {processor.py:925} INFO - DAG(s) 'TFL_DATA_DAG' retrieved from /opt/airflow/dags/my_dag.py
[2025-04-23T12:07:54.342+0000] {logging_mixin.py:190} INFO - [2025-04-23T12:07:54.341+0000] {dag.py:3239} INFO - Sync 1 DAGs
[2025-04-23T12:07:54.374+0000] {logging_mixin.py:190} INFO - [2025-04-23T12:07:54.374+0000] {dag.py:4180} INFO - Setting next_dagrun for TFL_DATA_DAG to 2025-04-23 00:00:00+00:00, run_after=2025-04-24 00:00:00+00:00
[2025-04-23T12:07:54.398+0000] {processor.py:208} INFO - Processing /opt/airflow/dags/my_dag.py took 0.140 seconds
[2025-04-23T12:08:24.758+0000] {processor.py:186} INFO - Started process (PID=4238) to work on /opt/airflow/dags/my_dag.py
[2025-04-23T12:08:24.760+0000] {processor.py:914} INFO - Processing file /opt/airflow/dags/my_dag.py for tasks to queue
[2025-04-23T12:08:24.763+0000] {logging_mixin.py:190} INFO - [2025-04-23T12:08:24.763+0000] {dagbag.py:588} INFO - Filling up the DagBag from /opt/airflow/dags/my_dag.py
[2025-04-23T12:08:24.792+0000] {processor.py:925} INFO - DAG(s) 'TFL_DATA_DAG' retrieved from /opt/airflow/dags/my_dag.py
[2025-04-23T12:08:24.822+0000] {logging_mixin.py:190} INFO - [2025-04-23T12:08:24.821+0000] {dag.py:3239} INFO - Sync 1 DAGs
[2025-04-23T12:08:24.853+0000] {logging_mixin.py:190} INFO - [2025-04-23T12:08:24.853+0000] {dag.py:4180} INFO - Setting next_dagrun for TFL_DATA_DAG to 2025-04-23 00:00:00+00:00, run_after=2025-04-24 00:00:00+00:00
[2025-04-23T12:08:24.876+0000] {processor.py:208} INFO - Processing /opt/airflow/dags/my_dag.py took 0.126 seconds
[2025-04-23T12:08:55.195+0000] {processor.py:186} INFO - Started process (PID=4259) to work on /opt/airflow/dags/my_dag.py
[2025-04-23T12:08:55.197+0000] {processor.py:914} INFO - Processing file /opt/airflow/dags/my_dag.py for tasks to queue
[2025-04-23T12:08:55.202+0000] {logging_mixin.py:190} INFO - [2025-04-23T12:08:55.201+0000] {dagbag.py:588} INFO - Filling up the DagBag from /opt/airflow/dags/my_dag.py
[2025-04-23T12:08:55.235+0000] {processor.py:925} INFO - DAG(s) 'TFL_DATA_DAG' retrieved from /opt/airflow/dags/my_dag.py
[2025-04-23T12:08:55.271+0000] {logging_mixin.py:190} INFO - [2025-04-23T12:08:55.270+0000] {dag.py:3239} INFO - Sync 1 DAGs
[2025-04-23T12:08:55.305+0000] {logging_mixin.py:190} INFO - [2025-04-23T12:08:55.305+0000] {dag.py:4180} INFO - Setting next_dagrun for TFL_DATA_DAG to 2025-04-23 00:00:00+00:00, run_after=2025-04-24 00:00:00+00:00
[2025-04-23T12:08:55.331+0000] {processor.py:208} INFO - Processing /opt/airflow/dags/my_dag.py took 0.145 seconds
[2025-04-23T12:09:25.635+0000] {processor.py:186} INFO - Started process (PID=4280) to work on /opt/airflow/dags/my_dag.py
[2025-04-23T12:09:25.637+0000] {processor.py:914} INFO - Processing file /opt/airflow/dags/my_dag.py for tasks to queue
[2025-04-23T12:09:25.642+0000] {logging_mixin.py:190} INFO - [2025-04-23T12:09:25.642+0000] {dagbag.py:588} INFO - Filling up the DagBag from /opt/airflow/dags/my_dag.py
[2025-04-23T12:09:25.674+0000] {processor.py:925} INFO - DAG(s) 'TFL_DATA_DAG' retrieved from /opt/airflow/dags/my_dag.py
[2025-04-23T12:09:25.707+0000] {logging_mixin.py:190} INFO - [2025-04-23T12:09:25.706+0000] {dag.py:3239} INFO - Sync 1 DAGs
[2025-04-23T12:09:25.742+0000] {logging_mixin.py:190} INFO - [2025-04-23T12:09:25.742+0000] {dag.py:4180} INFO - Setting next_dagrun for TFL_DATA_DAG to 2025-04-23 00:00:00+00:00, run_after=2025-04-24 00:00:00+00:00
[2025-04-23T12:09:25.770+0000] {processor.py:208} INFO - Processing /opt/airflow/dags/my_dag.py took 0.143 seconds
[2025-04-23T12:09:56.117+0000] {processor.py:186} INFO - Started process (PID=4301) to work on /opt/airflow/dags/my_dag.py
[2025-04-23T12:09:56.119+0000] {processor.py:914} INFO - Processing file /opt/airflow/dags/my_dag.py for tasks to queue
[2025-04-23T12:09:56.124+0000] {logging_mixin.py:190} INFO - [2025-04-23T12:09:56.123+0000] {dagbag.py:588} INFO - Filling up the DagBag from /opt/airflow/dags/my_dag.py
[2025-04-23T12:09:56.153+0000] {processor.py:925} INFO - DAG(s) 'TFL_DATA_DAG' retrieved from /opt/airflow/dags/my_dag.py
[2025-04-23T12:09:56.190+0000] {logging_mixin.py:190} INFO - [2025-04-23T12:09:56.190+0000] {dag.py:3239} INFO - Sync 1 DAGs
[2025-04-23T12:09:56.223+0000] {logging_mixin.py:190} INFO - [2025-04-23T12:09:56.223+0000] {dag.py:4180} INFO - Setting next_dagrun for TFL_DATA_DAG to 2025-04-23 00:00:00+00:00, run_after=2025-04-24 00:00:00+00:00
[2025-04-23T12:09:56.251+0000] {processor.py:208} INFO - Processing /opt/airflow/dags/my_dag.py took 0.141 seconds
[2025-04-23T12:10:26.591+0000] {processor.py:186} INFO - Started process (PID=4321) to work on /opt/airflow/dags/my_dag.py
[2025-04-23T12:10:26.593+0000] {processor.py:914} INFO - Processing file /opt/airflow/dags/my_dag.py for tasks to queue
[2025-04-23T12:10:26.597+0000] {logging_mixin.py:190} INFO - [2025-04-23T12:10:26.597+0000] {dagbag.py:588} INFO - Filling up the DagBag from /opt/airflow/dags/my_dag.py
[2025-04-23T12:10:26.630+0000] {processor.py:925} INFO - DAG(s) 'TFL_DATA_DAG' retrieved from /opt/airflow/dags/my_dag.py
[2025-04-23T12:10:26.667+0000] {logging_mixin.py:190} INFO - [2025-04-23T12:10:26.667+0000] {dag.py:3239} INFO - Sync 1 DAGs
[2025-04-23T12:10:26.706+0000] {logging_mixin.py:190} INFO - [2025-04-23T12:10:26.705+0000] {dag.py:4180} INFO - Setting next_dagrun for TFL_DATA_DAG to 2025-04-23 00:00:00+00:00, run_after=2025-04-24 00:00:00+00:00
[2025-04-23T12:10:26.730+0000] {processor.py:208} INFO - Processing /opt/airflow/dags/my_dag.py took 0.147 seconds
[2025-04-23T12:10:57.119+0000] {processor.py:186} INFO - Started process (PID=4342) to work on /opt/airflow/dags/my_dag.py
[2025-04-23T12:10:57.121+0000] {processor.py:914} INFO - Processing file /opt/airflow/dags/my_dag.py for tasks to queue
[2025-04-23T12:10:57.126+0000] {logging_mixin.py:190} INFO - [2025-04-23T12:10:57.125+0000] {dagbag.py:588} INFO - Filling up the DagBag from /opt/airflow/dags/my_dag.py
[2025-04-23T12:10:57.159+0000] {processor.py:925} INFO - DAG(s) 'TFL_DATA_DAG' retrieved from /opt/airflow/dags/my_dag.py
[2025-04-23T12:10:57.195+0000] {logging_mixin.py:190} INFO - [2025-04-23T12:10:57.194+0000] {dag.py:3239} INFO - Sync 1 DAGs
[2025-04-23T12:10:57.228+0000] {logging_mixin.py:190} INFO - [2025-04-23T12:10:57.228+0000] {dag.py:4180} INFO - Setting next_dagrun for TFL_DATA_DAG to 2025-04-23 00:00:00+00:00, run_after=2025-04-24 00:00:00+00:00
[2025-04-23T12:10:57.255+0000] {processor.py:208} INFO - Processing /opt/airflow/dags/my_dag.py took 0.147 seconds
[2025-04-23T12:11:27.631+0000] {processor.py:186} INFO - Started process (PID=4363) to work on /opt/airflow/dags/my_dag.py
[2025-04-23T12:11:27.634+0000] {processor.py:914} INFO - Processing file /opt/airflow/dags/my_dag.py for tasks to queue
[2025-04-23T12:11:27.638+0000] {logging_mixin.py:190} INFO - [2025-04-23T12:11:27.638+0000] {dagbag.py:588} INFO - Filling up the DagBag from /opt/airflow/dags/my_dag.py
[2025-04-23T12:11:27.669+0000] {processor.py:925} INFO - DAG(s) 'TFL_DATA_DAG' retrieved from /opt/airflow/dags/my_dag.py
[2025-04-23T12:11:27.707+0000] {logging_mixin.py:190} INFO - [2025-04-23T12:11:27.707+0000] {dag.py:3239} INFO - Sync 1 DAGs
[2025-04-23T12:11:27.742+0000] {logging_mixin.py:190} INFO - [2025-04-23T12:11:27.742+0000] {dag.py:4180} INFO - Setting next_dagrun for TFL_DATA_DAG to 2025-04-23 00:00:00+00:00, run_after=2025-04-24 00:00:00+00:00
[2025-04-23T12:11:27.770+0000] {processor.py:208} INFO - Processing /opt/airflow/dags/my_dag.py took 0.148 seconds
[2025-04-23T12:11:58.115+0000] {processor.py:186} INFO - Started process (PID=4384) to work on /opt/airflow/dags/my_dag.py
[2025-04-23T12:11:58.117+0000] {processor.py:914} INFO - Processing file /opt/airflow/dags/my_dag.py for tasks to queue
[2025-04-23T12:11:58.122+0000] {logging_mixin.py:190} INFO - [2025-04-23T12:11:58.121+0000] {dagbag.py:588} INFO - Filling up the DagBag from /opt/airflow/dags/my_dag.py
[2025-04-23T12:11:58.155+0000] {processor.py:925} INFO - DAG(s) 'TFL_DATA_DAG' retrieved from /opt/airflow/dags/my_dag.py
[2025-04-23T12:11:58.190+0000] {logging_mixin.py:190} INFO - [2025-04-23T12:11:58.190+0000] {dag.py:3239} INFO - Sync 1 DAGs
[2025-04-23T12:11:58.229+0000] {logging_mixin.py:190} INFO - [2025-04-23T12:11:58.227+0000] {dag.py:4180} INFO - Setting next_dagrun for TFL_DATA_DAG to 2025-04-23 00:00:00+00:00, run_after=2025-04-24 00:00:00+00:00
[2025-04-23T12:11:58.275+0000] {processor.py:208} INFO - Processing /opt/airflow/dags/my_dag.py took 0.168 seconds
[2025-04-23T12:12:28.624+0000] {processor.py:186} INFO - Started process (PID=4404) to work on /opt/airflow/dags/my_dag.py
[2025-04-23T12:12:28.627+0000] {processor.py:914} INFO - Processing file /opt/airflow/dags/my_dag.py for tasks to queue
[2025-04-23T12:12:28.634+0000] {logging_mixin.py:190} INFO - [2025-04-23T12:12:28.633+0000] {dagbag.py:588} INFO - Filling up the DagBag from /opt/airflow/dags/my_dag.py
[2025-04-23T12:12:28.675+0000] {processor.py:925} INFO - DAG(s) 'TFL_DATA_DAG' retrieved from /opt/airflow/dags/my_dag.py
[2025-04-23T12:12:28.718+0000] {logging_mixin.py:190} INFO - [2025-04-23T12:12:28.718+0000] {dag.py:3239} INFO - Sync 1 DAGs
[2025-04-23T12:12:28.760+0000] {logging_mixin.py:190} INFO - [2025-04-23T12:12:28.759+0000] {dag.py:4180} INFO - Setting next_dagrun for TFL_DATA_DAG to 2025-04-23 00:00:00+00:00, run_after=2025-04-24 00:00:00+00:00
[2025-04-23T12:12:28.787+0000] {processor.py:208} INFO - Processing /opt/airflow/dags/my_dag.py took 0.173 seconds
[2025-04-23T12:12:59.136+0000] {processor.py:186} INFO - Started process (PID=4425) to work on /opt/airflow/dags/my_dag.py
[2025-04-23T12:12:59.138+0000] {processor.py:914} INFO - Processing file /opt/airflow/dags/my_dag.py for tasks to queue
[2025-04-23T12:12:59.143+0000] {logging_mixin.py:190} INFO - [2025-04-23T12:12:59.143+0000] {dagbag.py:588} INFO - Filling up the DagBag from /opt/airflow/dags/my_dag.py
[2025-04-23T12:12:59.179+0000] {processor.py:925} INFO - DAG(s) 'TFL_DATA_DAG' retrieved from /opt/airflow/dags/my_dag.py
[2025-04-23T12:12:59.219+0000] {logging_mixin.py:190} INFO - [2025-04-23T12:12:59.218+0000] {dag.py:3239} INFO - Sync 1 DAGs
[2025-04-23T12:12:59.258+0000] {logging_mixin.py:190} INFO - [2025-04-23T12:12:59.258+0000] {dag.py:4180} INFO - Setting next_dagrun for TFL_DATA_DAG to 2025-04-23 00:00:00+00:00, run_after=2025-04-24 00:00:00+00:00
[2025-04-23T12:12:59.287+0000] {processor.py:208} INFO - Processing /opt/airflow/dags/my_dag.py took 0.160 seconds
[2025-04-23T12:13:29.612+0000] {processor.py:186} INFO - Started process (PID=4452) to work on /opt/airflow/dags/my_dag.py
[2025-04-23T12:13:29.614+0000] {processor.py:914} INFO - Processing file /opt/airflow/dags/my_dag.py for tasks to queue
[2025-04-23T12:13:29.619+0000] {logging_mixin.py:190} INFO - [2025-04-23T12:13:29.619+0000] {dagbag.py:588} INFO - Filling up the DagBag from /opt/airflow/dags/my_dag.py
[2025-04-23T12:13:29.653+0000] {processor.py:925} INFO - DAG(s) 'TFL_DATA_DAG' retrieved from /opt/airflow/dags/my_dag.py
[2025-04-23T12:13:29.692+0000] {logging_mixin.py:190} INFO - [2025-04-23T12:13:29.691+0000] {dag.py:3239} INFO - Sync 1 DAGs
[2025-04-23T12:13:29.723+0000] {logging_mixin.py:190} INFO - [2025-04-23T12:13:29.722+0000] {dag.py:4180} INFO - Setting next_dagrun for TFL_DATA_DAG to 2025-04-23 00:00:00+00:00, run_after=2025-04-24 00:00:00+00:00
[2025-04-23T12:13:29.749+0000] {processor.py:208} INFO - Processing /opt/airflow/dags/my_dag.py took 0.146 seconds
[2025-04-23T12:14:00.111+0000] {processor.py:186} INFO - Started process (PID=4473) to work on /opt/airflow/dags/my_dag.py
[2025-04-23T12:14:00.113+0000] {processor.py:914} INFO - Processing file /opt/airflow/dags/my_dag.py for tasks to queue
[2025-04-23T12:14:00.117+0000] {logging_mixin.py:190} INFO - [2025-04-23T12:14:00.117+0000] {dagbag.py:588} INFO - Filling up the DagBag from /opt/airflow/dags/my_dag.py
[2025-04-23T12:14:00.147+0000] {processor.py:925} INFO - DAG(s) 'TFL_DATA_DAG' retrieved from /opt/airflow/dags/my_dag.py
[2025-04-23T12:14:00.177+0000] {logging_mixin.py:190} INFO - [2025-04-23T12:14:00.176+0000] {dag.py:3239} INFO - Sync 1 DAGs
[2025-04-23T12:14:00.213+0000] {logging_mixin.py:190} INFO - [2025-04-23T12:14:00.212+0000] {dag.py:4180} INFO - Setting next_dagrun for TFL_DATA_DAG to 2025-04-23 00:00:00+00:00, run_after=2025-04-24 00:00:00+00:00
[2025-04-23T12:14:00.235+0000] {processor.py:208} INFO - Processing /opt/airflow/dags/my_dag.py took 0.133 seconds
[2025-04-23T12:14:30.598+0000] {processor.py:186} INFO - Started process (PID=4494) to work on /opt/airflow/dags/my_dag.py
[2025-04-23T12:14:30.601+0000] {processor.py:914} INFO - Processing file /opt/airflow/dags/my_dag.py for tasks to queue
[2025-04-23T12:14:30.606+0000] {logging_mixin.py:190} INFO - [2025-04-23T12:14:30.605+0000] {dagbag.py:588} INFO - Filling up the DagBag from /opt/airflow/dags/my_dag.py
[2025-04-23T12:14:30.639+0000] {processor.py:925} INFO - DAG(s) 'TFL_DATA_DAG' retrieved from /opt/airflow/dags/my_dag.py
[2025-04-23T12:14:30.683+0000] {logging_mixin.py:190} INFO - [2025-04-23T12:14:30.682+0000] {dag.py:3239} INFO - Sync 1 DAGs
[2025-04-23T12:14:30.720+0000] {logging_mixin.py:190} INFO - [2025-04-23T12:14:30.720+0000] {dag.py:4180} INFO - Setting next_dagrun for TFL_DATA_DAG to 2025-04-23 00:00:00+00:00, run_after=2025-04-24 00:00:00+00:00
[2025-04-23T12:14:30.749+0000] {processor.py:208} INFO - Processing /opt/airflow/dags/my_dag.py took 0.160 seconds
[2025-04-23T12:15:01.093+0000] {processor.py:186} INFO - Started process (PID=4515) to work on /opt/airflow/dags/my_dag.py
[2025-04-23T12:15:01.098+0000] {processor.py:914} INFO - Processing file /opt/airflow/dags/my_dag.py for tasks to queue
[2025-04-23T12:15:01.103+0000] {logging_mixin.py:190} INFO - [2025-04-23T12:15:01.103+0000] {dagbag.py:588} INFO - Filling up the DagBag from /opt/airflow/dags/my_dag.py
[2025-04-23T12:15:01.141+0000] {processor.py:925} INFO - DAG(s) 'TFL_DATA_DAG' retrieved from /opt/airflow/dags/my_dag.py
[2025-04-23T12:15:01.175+0000] {logging_mixin.py:190} INFO - [2025-04-23T12:15:01.174+0000] {dag.py:3239} INFO - Sync 1 DAGs
[2025-04-23T12:15:01.211+0000] {logging_mixin.py:190} INFO - [2025-04-23T12:15:01.210+0000] {dag.py:4180} INFO - Setting next_dagrun for TFL_DATA_DAG to 2025-04-23 00:00:00+00:00, run_after=2025-04-24 00:00:00+00:00
[2025-04-23T12:15:01.237+0000] {processor.py:208} INFO - Processing /opt/airflow/dags/my_dag.py took 0.154 seconds
[2025-04-23T12:15:31.623+0000] {processor.py:186} INFO - Started process (PID=4536) to work on /opt/airflow/dags/my_dag.py
[2025-04-23T12:15:31.626+0000] {processor.py:914} INFO - Processing file /opt/airflow/dags/my_dag.py for tasks to queue
[2025-04-23T12:15:31.633+0000] {logging_mixin.py:190} INFO - [2025-04-23T12:15:31.632+0000] {dagbag.py:588} INFO - Filling up the DagBag from /opt/airflow/dags/my_dag.py
[2025-04-23T12:15:31.668+0000] {processor.py:925} INFO - DAG(s) 'TFL_DATA_DAG' retrieved from /opt/airflow/dags/my_dag.py
[2025-04-23T12:15:31.704+0000] {logging_mixin.py:190} INFO - [2025-04-23T12:15:31.703+0000] {dag.py:3239} INFO - Sync 1 DAGs
[2025-04-23T12:15:31.739+0000] {logging_mixin.py:190} INFO - [2025-04-23T12:15:31.738+0000] {dag.py:4180} INFO - Setting next_dagrun for TFL_DATA_DAG to 2025-04-23 00:00:00+00:00, run_after=2025-04-24 00:00:00+00:00
[2025-04-23T12:15:31.765+0000] {processor.py:208} INFO - Processing /opt/airflow/dags/my_dag.py took 0.154 seconds
[2025-04-23T12:16:02.104+0000] {processor.py:186} INFO - Started process (PID=4557) to work on /opt/airflow/dags/my_dag.py
[2025-04-23T12:16:02.106+0000] {processor.py:914} INFO - Processing file /opt/airflow/dags/my_dag.py for tasks to queue
[2025-04-23T12:16:02.111+0000] {logging_mixin.py:190} INFO - [2025-04-23T12:16:02.111+0000] {dagbag.py:588} INFO - Filling up the DagBag from /opt/airflow/dags/my_dag.py
[2025-04-23T12:16:02.145+0000] {processor.py:925} INFO - DAG(s) 'TFL_DATA_DAG' retrieved from /opt/airflow/dags/my_dag.py
[2025-04-23T12:16:02.186+0000] {logging_mixin.py:190} INFO - [2025-04-23T12:16:02.185+0000] {dag.py:3239} INFO - Sync 1 DAGs
[2025-04-23T12:16:02.230+0000] {logging_mixin.py:190} INFO - [2025-04-23T12:16:02.230+0000] {dag.py:4180} INFO - Setting next_dagrun for TFL_DATA_DAG to 2025-04-23 00:00:00+00:00, run_after=2025-04-24 00:00:00+00:00
[2025-04-23T12:16:02.258+0000] {processor.py:208} INFO - Processing /opt/airflow/dags/my_dag.py took 0.162 seconds
[2025-04-23T12:16:32.627+0000] {processor.py:186} INFO - Started process (PID=4578) to work on /opt/airflow/dags/my_dag.py
[2025-04-23T12:16:32.629+0000] {processor.py:914} INFO - Processing file /opt/airflow/dags/my_dag.py for tasks to queue
[2025-04-23T12:16:32.634+0000] {logging_mixin.py:190} INFO - [2025-04-23T12:16:32.633+0000] {dagbag.py:588} INFO - Filling up the DagBag from /opt/airflow/dags/my_dag.py
[2025-04-23T12:16:32.665+0000] {processor.py:925} INFO - DAG(s) 'TFL_DATA_DAG' retrieved from /opt/airflow/dags/my_dag.py
[2025-04-23T12:16:32.703+0000] {logging_mixin.py:190} INFO - [2025-04-23T12:16:32.702+0000] {dag.py:3239} INFO - Sync 1 DAGs
[2025-04-23T12:16:32.735+0000] {logging_mixin.py:190} INFO - [2025-04-23T12:16:32.735+0000] {dag.py:4180} INFO - Setting next_dagrun for TFL_DATA_DAG to 2025-04-23 00:00:00+00:00, run_after=2025-04-24 00:00:00+00:00
[2025-04-23T12:16:32.762+0000] {processor.py:208} INFO - Processing /opt/airflow/dags/my_dag.py took 0.144 seconds
[2025-04-23T12:17:03.125+0000] {processor.py:186} INFO - Started process (PID=4599) to work on /opt/airflow/dags/my_dag.py
[2025-04-23T12:17:03.127+0000] {processor.py:914} INFO - Processing file /opt/airflow/dags/my_dag.py for tasks to queue
[2025-04-23T12:17:03.132+0000] {logging_mixin.py:190} INFO - [2025-04-23T12:17:03.132+0000] {dagbag.py:588} INFO - Filling up the DagBag from /opt/airflow/dags/my_dag.py
[2025-04-23T12:17:03.164+0000] {processor.py:925} INFO - DAG(s) 'TFL_DATA_DAG' retrieved from /opt/airflow/dags/my_dag.py
[2025-04-23T12:17:03.206+0000] {logging_mixin.py:190} INFO - [2025-04-23T12:17:03.206+0000] {dag.py:3239} INFO - Sync 1 DAGs
[2025-04-23T12:17:03.240+0000] {logging_mixin.py:190} INFO - [2025-04-23T12:17:03.240+0000] {dag.py:4180} INFO - Setting next_dagrun for TFL_DATA_DAG to 2025-04-23 00:00:00+00:00, run_after=2025-04-24 00:00:00+00:00
[2025-04-23T12:17:03.266+0000] {processor.py:208} INFO - Processing /opt/airflow/dags/my_dag.py took 0.151 seconds
[2025-04-23T12:17:33.630+0000] {processor.py:186} INFO - Started process (PID=4620) to work on /opt/airflow/dags/my_dag.py
[2025-04-23T12:17:33.634+0000] {processor.py:914} INFO - Processing file /opt/airflow/dags/my_dag.py for tasks to queue
[2025-04-23T12:17:33.639+0000] {logging_mixin.py:190} INFO - [2025-04-23T12:17:33.639+0000] {dagbag.py:588} INFO - Filling up the DagBag from /opt/airflow/dags/my_dag.py
[2025-04-23T12:17:33.679+0000] {processor.py:925} INFO - DAG(s) 'TFL_DATA_DAG' retrieved from /opt/airflow/dags/my_dag.py
[2025-04-23T12:17:33.717+0000] {logging_mixin.py:190} INFO - [2025-04-23T12:17:33.716+0000] {dag.py:3239} INFO - Sync 1 DAGs
[2025-04-23T12:17:33.746+0000] {logging_mixin.py:190} INFO - [2025-04-23T12:17:33.746+0000] {dag.py:4180} INFO - Setting next_dagrun for TFL_DATA_DAG to 2025-04-23 00:00:00+00:00, run_after=2025-04-24 00:00:00+00:00
[2025-04-23T12:17:33.772+0000] {processor.py:208} INFO - Processing /opt/airflow/dags/my_dag.py took 0.150 seconds
[2025-04-23T12:18:04.101+0000] {processor.py:186} INFO - Started process (PID=4641) to work on /opt/airflow/dags/my_dag.py
[2025-04-23T12:18:04.103+0000] {processor.py:914} INFO - Processing file /opt/airflow/dags/my_dag.py for tasks to queue
[2025-04-23T12:18:04.108+0000] {logging_mixin.py:190} INFO - [2025-04-23T12:18:04.107+0000] {dagbag.py:588} INFO - Filling up the DagBag from /opt/airflow/dags/my_dag.py
[2025-04-23T12:18:04.134+0000] {processor.py:925} INFO - DAG(s) 'TFL_DATA_DAG' retrieved from /opt/airflow/dags/my_dag.py
[2025-04-23T12:18:04.165+0000] {logging_mixin.py:190} INFO - [2025-04-23T12:18:04.164+0000] {dag.py:3239} INFO - Sync 1 DAGs
[2025-04-23T12:18:04.192+0000] {logging_mixin.py:190} INFO - [2025-04-23T12:18:04.192+0000] {dag.py:4180} INFO - Setting next_dagrun for TFL_DATA_DAG to 2025-04-23 00:00:00+00:00, run_after=2025-04-24 00:00:00+00:00
[2025-04-23T12:18:04.216+0000] {processor.py:208} INFO - Processing /opt/airflow/dags/my_dag.py took 0.122 seconds
[2025-04-23T12:18:34.589+0000] {processor.py:186} INFO - Started process (PID=4662) to work on /opt/airflow/dags/my_dag.py
[2025-04-23T12:18:34.593+0000] {processor.py:914} INFO - Processing file /opt/airflow/dags/my_dag.py for tasks to queue
[2025-04-23T12:18:34.600+0000] {logging_mixin.py:190} INFO - [2025-04-23T12:18:34.600+0000] {dagbag.py:588} INFO - Filling up the DagBag from /opt/airflow/dags/my_dag.py
[2025-04-23T12:18:34.659+0000] {processor.py:925} INFO - DAG(s) 'TFL_DATA_DAG' retrieved from /opt/airflow/dags/my_dag.py
[2025-04-23T12:18:34.703+0000] {logging_mixin.py:190} INFO - [2025-04-23T12:18:34.702+0000] {dag.py:3239} INFO - Sync 1 DAGs
[2025-04-23T12:18:34.741+0000] {logging_mixin.py:190} INFO - [2025-04-23T12:18:34.740+0000] {dag.py:4180} INFO - Setting next_dagrun for TFL_DATA_DAG to 2025-04-23 00:00:00+00:00, run_after=2025-04-24 00:00:00+00:00
[2025-04-23T12:18:34.783+0000] {processor.py:208} INFO - Processing /opt/airflow/dags/my_dag.py took 0.202 seconds
[2025-04-23T12:19:05.145+0000] {processor.py:186} INFO - Started process (PID=4682) to work on /opt/airflow/dags/my_dag.py
[2025-04-23T12:19:05.148+0000] {processor.py:914} INFO - Processing file /opt/airflow/dags/my_dag.py for tasks to queue
[2025-04-23T12:19:05.153+0000] {logging_mixin.py:190} INFO - [2025-04-23T12:19:05.153+0000] {dagbag.py:588} INFO - Filling up the DagBag from /opt/airflow/dags/my_dag.py
[2025-04-23T12:19:05.188+0000] {processor.py:925} INFO - DAG(s) 'TFL_DATA_DAG' retrieved from /opt/airflow/dags/my_dag.py
[2025-04-23T12:19:05.228+0000] {logging_mixin.py:190} INFO - [2025-04-23T12:19:05.227+0000] {dag.py:3239} INFO - Sync 1 DAGs
[2025-04-23T12:19:05.267+0000] {logging_mixin.py:190} INFO - [2025-04-23T12:19:05.267+0000] {dag.py:4180} INFO - Setting next_dagrun for TFL_DATA_DAG to 2025-04-23 00:00:00+00:00, run_after=2025-04-24 00:00:00+00:00
[2025-04-23T12:19:05.294+0000] {processor.py:208} INFO - Processing /opt/airflow/dags/my_dag.py took 0.159 seconds
[2025-04-23T12:19:35.626+0000] {processor.py:186} INFO - Started process (PID=4704) to work on /opt/airflow/dags/my_dag.py
[2025-04-23T12:19:35.629+0000] {processor.py:914} INFO - Processing file /opt/airflow/dags/my_dag.py for tasks to queue
[2025-04-23T12:19:35.633+0000] {logging_mixin.py:190} INFO - [2025-04-23T12:19:35.633+0000] {dagbag.py:588} INFO - Filling up the DagBag from /opt/airflow/dags/my_dag.py
[2025-04-23T12:19:35.660+0000] {processor.py:925} INFO - DAG(s) 'TFL_DATA_DAG' retrieved from /opt/airflow/dags/my_dag.py
[2025-04-23T12:19:35.694+0000] {logging_mixin.py:190} INFO - [2025-04-23T12:19:35.693+0000] {dag.py:3239} INFO - Sync 1 DAGs
[2025-04-23T12:19:35.723+0000] {logging_mixin.py:190} INFO - [2025-04-23T12:19:35.723+0000] {dag.py:4180} INFO - Setting next_dagrun for TFL_DATA_DAG to 2025-04-23 00:00:00+00:00, run_after=2025-04-24 00:00:00+00:00
[2025-04-23T12:19:35.749+0000] {processor.py:208} INFO - Processing /opt/airflow/dags/my_dag.py took 0.131 seconds
[2025-04-23T12:20:06.067+0000] {processor.py:186} INFO - Started process (PID=4725) to work on /opt/airflow/dags/my_dag.py
[2025-04-23T12:20:06.070+0000] {processor.py:914} INFO - Processing file /opt/airflow/dags/my_dag.py for tasks to queue
[2025-04-23T12:20:06.076+0000] {logging_mixin.py:190} INFO - [2025-04-23T12:20:06.075+0000] {dagbag.py:588} INFO - Filling up the DagBag from /opt/airflow/dags/my_dag.py
[2025-04-23T12:20:06.114+0000] {processor.py:925} INFO - DAG(s) 'TFL_DATA_DAG' retrieved from /opt/airflow/dags/my_dag.py
[2025-04-23T12:20:06.155+0000] {logging_mixin.py:190} INFO - [2025-04-23T12:20:06.154+0000] {dag.py:3239} INFO - Sync 1 DAGs
[2025-04-23T12:20:06.185+0000] {logging_mixin.py:190} INFO - [2025-04-23T12:20:06.185+0000] {dag.py:4180} INFO - Setting next_dagrun for TFL_DATA_DAG to 2025-04-23 00:00:00+00:00, run_after=2025-04-24 00:00:00+00:00
[2025-04-23T12:20:06.217+0000] {processor.py:208} INFO - Processing /opt/airflow/dags/my_dag.py took 0.158 seconds
[2025-04-23T12:20:36.575+0000] {processor.py:186} INFO - Started process (PID=4746) to work on /opt/airflow/dags/my_dag.py
[2025-04-23T12:20:36.577+0000] {processor.py:914} INFO - Processing file /opt/airflow/dags/my_dag.py for tasks to queue
[2025-04-23T12:20:36.582+0000] {logging_mixin.py:190} INFO - [2025-04-23T12:20:36.582+0000] {dagbag.py:588} INFO - Filling up the DagBag from /opt/airflow/dags/my_dag.py
[2025-04-23T12:20:36.613+0000] {processor.py:925} INFO - DAG(s) 'TFL_DATA_DAG' retrieved from /opt/airflow/dags/my_dag.py
[2025-04-23T12:20:36.647+0000] {logging_mixin.py:190} INFO - [2025-04-23T12:20:36.647+0000] {dag.py:3239} INFO - Sync 1 DAGs
[2025-04-23T12:20:36.681+0000] {logging_mixin.py:190} INFO - [2025-04-23T12:20:36.681+0000] {dag.py:4180} INFO - Setting next_dagrun for TFL_DATA_DAG to 2025-04-23 00:00:00+00:00, run_after=2025-04-24 00:00:00+00:00
[2025-04-23T12:20:36.708+0000] {processor.py:208} INFO - Processing /opt/airflow/dags/my_dag.py took 0.144 seconds
[2025-04-23T12:21:07.135+0000] {processor.py:186} INFO - Started process (PID=4767) to work on /opt/airflow/dags/my_dag.py
[2025-04-23T12:21:07.138+0000] {processor.py:914} INFO - Processing file /opt/airflow/dags/my_dag.py for tasks to queue
[2025-04-23T12:21:07.143+0000] {logging_mixin.py:190} INFO - [2025-04-23T12:21:07.143+0000] {dagbag.py:588} INFO - Filling up the DagBag from /opt/airflow/dags/my_dag.py
[2025-04-23T12:21:07.210+0000] {processor.py:925} INFO - DAG(s) 'TFL_DATA_DAG' retrieved from /opt/airflow/dags/my_dag.py
[2025-04-23T12:21:07.253+0000] {logging_mixin.py:190} INFO - [2025-04-23T12:21:07.252+0000] {dag.py:3239} INFO - Sync 1 DAGs
[2025-04-23T12:21:07.284+0000] {logging_mixin.py:190} INFO - [2025-04-23T12:21:07.284+0000] {dag.py:4180} INFO - Setting next_dagrun for TFL_DATA_DAG to 2025-04-23 00:00:00+00:00, run_after=2025-04-24 00:00:00+00:00
[2025-04-23T12:21:07.309+0000] {processor.py:208} INFO - Processing /opt/airflow/dags/my_dag.py took 0.182 seconds
[2025-04-23T12:21:37.654+0000] {processor.py:186} INFO - Started process (PID=4788) to work on /opt/airflow/dags/my_dag.py
[2025-04-23T12:21:37.657+0000] {processor.py:914} INFO - Processing file /opt/airflow/dags/my_dag.py for tasks to queue
[2025-04-23T12:21:37.662+0000] {logging_mixin.py:190} INFO - [2025-04-23T12:21:37.662+0000] {dagbag.py:588} INFO - Filling up the DagBag from /opt/airflow/dags/my_dag.py
[2025-04-23T12:21:37.700+0000] {processor.py:925} INFO - DAG(s) 'TFL_DATA_DAG' retrieved from /opt/airflow/dags/my_dag.py
[2025-04-23T12:21:37.732+0000] {logging_mixin.py:190} INFO - [2025-04-23T12:21:37.732+0000] {dag.py:3239} INFO - Sync 1 DAGs
[2025-04-23T12:21:37.763+0000] {logging_mixin.py:190} INFO - [2025-04-23T12:21:37.763+0000] {dag.py:4180} INFO - Setting next_dagrun for TFL_DATA_DAG to 2025-04-23 00:00:00+00:00, run_after=2025-04-24 00:00:00+00:00
[2025-04-23T12:21:37.787+0000] {processor.py:208} INFO - Processing /opt/airflow/dags/my_dag.py took 0.142 seconds
[2025-04-23T12:22:08.122+0000] {processor.py:186} INFO - Started process (PID=4809) to work on /opt/airflow/dags/my_dag.py
[2025-04-23T12:22:08.125+0000] {processor.py:914} INFO - Processing file /opt/airflow/dags/my_dag.py for tasks to queue
[2025-04-23T12:22:08.131+0000] {logging_mixin.py:190} INFO - [2025-04-23T12:22:08.131+0000] {dagbag.py:588} INFO - Filling up the DagBag from /opt/airflow/dags/my_dag.py
[2025-04-23T12:22:08.172+0000] {processor.py:925} INFO - DAG(s) 'TFL_DATA_DAG' retrieved from /opt/airflow/dags/my_dag.py
[2025-04-23T12:22:08.212+0000] {logging_mixin.py:190} INFO - [2025-04-23T12:22:08.211+0000] {dag.py:3239} INFO - Sync 1 DAGs
[2025-04-23T12:22:08.251+0000] {logging_mixin.py:190} INFO - [2025-04-23T12:22:08.251+0000] {dag.py:4180} INFO - Setting next_dagrun for TFL_DATA_DAG to 2025-04-23 00:00:00+00:00, run_after=2025-04-24 00:00:00+00:00
[2025-04-23T12:22:08.278+0000] {processor.py:208} INFO - Processing /opt/airflow/dags/my_dag.py took 0.167 seconds
[2025-04-23T12:22:38.631+0000] {processor.py:186} INFO - Started process (PID=4829) to work on /opt/airflow/dags/my_dag.py
[2025-04-23T12:22:38.633+0000] {processor.py:914} INFO - Processing file /opt/airflow/dags/my_dag.py for tasks to queue
[2025-04-23T12:22:38.638+0000] {logging_mixin.py:190} INFO - [2025-04-23T12:22:38.637+0000] {dagbag.py:588} INFO - Filling up the DagBag from /opt/airflow/dags/my_dag.py
[2025-04-23T12:22:38.683+0000] {processor.py:925} INFO - DAG(s) 'TFL_DATA_DAG' retrieved from /opt/airflow/dags/my_dag.py
[2025-04-23T12:22:38.727+0000] {logging_mixin.py:190} INFO - [2025-04-23T12:22:38.726+0000] {dag.py:3239} INFO - Sync 1 DAGs
[2025-04-23T12:22:38.771+0000] {logging_mixin.py:190} INFO - [2025-04-23T12:22:38.771+0000] {dag.py:4180} INFO - Setting next_dagrun for TFL_DATA_DAG to 2025-04-23 00:00:00+00:00, run_after=2025-04-24 00:00:00+00:00
[2025-04-23T12:22:38.801+0000] {processor.py:208} INFO - Processing /opt/airflow/dags/my_dag.py took 0.181 seconds
[2025-04-23T12:23:09.137+0000] {processor.py:186} INFO - Started process (PID=4850) to work on /opt/airflow/dags/my_dag.py
[2025-04-23T12:23:09.139+0000] {processor.py:914} INFO - Processing file /opt/airflow/dags/my_dag.py for tasks to queue
[2025-04-23T12:23:09.144+0000] {logging_mixin.py:190} INFO - [2025-04-23T12:23:09.143+0000] {dagbag.py:588} INFO - Filling up the DagBag from /opt/airflow/dags/my_dag.py
[2025-04-23T12:23:09.177+0000] {processor.py:925} INFO - DAG(s) 'TFL_DATA_DAG' retrieved from /opt/airflow/dags/my_dag.py
[2025-04-23T12:23:09.215+0000] {logging_mixin.py:190} INFO - [2025-04-23T12:23:09.214+0000] {dag.py:3239} INFO - Sync 1 DAGs
[2025-04-23T12:23:09.253+0000] {logging_mixin.py:190} INFO - [2025-04-23T12:23:09.253+0000] {dag.py:4180} INFO - Setting next_dagrun for TFL_DATA_DAG to 2025-04-23 00:00:00+00:00, run_after=2025-04-24 00:00:00+00:00
[2025-04-23T12:23:09.282+0000] {processor.py:208} INFO - Processing /opt/airflow/dags/my_dag.py took 0.154 seconds
[2025-04-23T12:23:39.643+0000] {processor.py:186} INFO - Started process (PID=4871) to work on /opt/airflow/dags/my_dag.py
[2025-04-23T12:23:39.646+0000] {processor.py:914} INFO - Processing file /opt/airflow/dags/my_dag.py for tasks to queue
[2025-04-23T12:23:39.651+0000] {logging_mixin.py:190} INFO - [2025-04-23T12:23:39.650+0000] {dagbag.py:588} INFO - Filling up the DagBag from /opt/airflow/dags/my_dag.py
[2025-04-23T12:23:39.681+0000] {processor.py:925} INFO - DAG(s) 'TFL_DATA_DAG' retrieved from /opt/airflow/dags/my_dag.py
[2025-04-23T12:23:39.723+0000] {logging_mixin.py:190} INFO - [2025-04-23T12:23:39.722+0000] {dag.py:3239} INFO - Sync 1 DAGs
[2025-04-23T12:23:39.765+0000] {logging_mixin.py:190} INFO - [2025-04-23T12:23:39.764+0000] {dag.py:4180} INFO - Setting next_dagrun for TFL_DATA_DAG to 2025-04-23 00:00:00+00:00, run_after=2025-04-24 00:00:00+00:00
[2025-04-23T12:23:39.796+0000] {processor.py:208} INFO - Processing /opt/airflow/dags/my_dag.py took 0.165 seconds
[2025-04-23T12:24:10.115+0000] {processor.py:186} INFO - Started process (PID=4892) to work on /opt/airflow/dags/my_dag.py
[2025-04-23T12:24:10.117+0000] {processor.py:914} INFO - Processing file /opt/airflow/dags/my_dag.py for tasks to queue
[2025-04-23T12:24:10.121+0000] {logging_mixin.py:190} INFO - [2025-04-23T12:24:10.121+0000] {dagbag.py:588} INFO - Filling up the DagBag from /opt/airflow/dags/my_dag.py
[2025-04-23T12:24:10.150+0000] {processor.py:925} INFO - DAG(s) 'TFL_DATA_DAG' retrieved from /opt/airflow/dags/my_dag.py
[2025-04-23T12:24:10.185+0000] {logging_mixin.py:190} INFO - [2025-04-23T12:24:10.184+0000] {dag.py:3239} INFO - Sync 1 DAGs
[2025-04-23T12:24:10.222+0000] {logging_mixin.py:190} INFO - [2025-04-23T12:24:10.222+0000] {dag.py:4180} INFO - Setting next_dagrun for TFL_DATA_DAG to 2025-04-23 00:00:00+00:00, run_after=2025-04-24 00:00:00+00:00
[2025-04-23T12:24:10.255+0000] {processor.py:208} INFO - Processing /opt/airflow/dags/my_dag.py took 0.148 seconds
[2025-04-23T12:24:40.607+0000] {processor.py:186} INFO - Started process (PID=4913) to work on /opt/airflow/dags/my_dag.py
[2025-04-23T12:24:40.609+0000] {processor.py:914} INFO - Processing file /opt/airflow/dags/my_dag.py for tasks to queue
[2025-04-23T12:24:40.614+0000] {logging_mixin.py:190} INFO - [2025-04-23T12:24:40.613+0000] {dagbag.py:588} INFO - Filling up the DagBag from /opt/airflow/dags/my_dag.py
[2025-04-23T12:24:40.647+0000] {processor.py:925} INFO - DAG(s) 'TFL_DATA_DAG' retrieved from /opt/airflow/dags/my_dag.py
[2025-04-23T12:24:40.690+0000] {logging_mixin.py:190} INFO - [2025-04-23T12:24:40.689+0000] {dag.py:3239} INFO - Sync 1 DAGs
[2025-04-23T12:24:40.728+0000] {logging_mixin.py:190} INFO - [2025-04-23T12:24:40.728+0000] {dag.py:4180} INFO - Setting next_dagrun for TFL_DATA_DAG to 2025-04-23 00:00:00+00:00, run_after=2025-04-24 00:00:00+00:00
[2025-04-23T12:24:40.757+0000] {processor.py:208} INFO - Processing /opt/airflow/dags/my_dag.py took 0.158 seconds
[2025-04-23T12:25:11.096+0000] {processor.py:186} INFO - Started process (PID=4934) to work on /opt/airflow/dags/my_dag.py
[2025-04-23T12:25:11.099+0000] {processor.py:914} INFO - Processing file /opt/airflow/dags/my_dag.py for tasks to queue
[2025-04-23T12:25:11.103+0000] {logging_mixin.py:190} INFO - [2025-04-23T12:25:11.103+0000] {dagbag.py:588} INFO - Filling up the DagBag from /opt/airflow/dags/my_dag.py
[2025-04-23T12:25:11.134+0000] {processor.py:925} INFO - DAG(s) 'TFL_DATA_DAG' retrieved from /opt/airflow/dags/my_dag.py
[2025-04-23T12:25:11.169+0000] {logging_mixin.py:190} INFO - [2025-04-23T12:25:11.168+0000] {dag.py:3239} INFO - Sync 1 DAGs
[2025-04-23T12:25:11.205+0000] {logging_mixin.py:190} INFO - [2025-04-23T12:25:11.204+0000] {dag.py:4180} INFO - Setting next_dagrun for TFL_DATA_DAG to 2025-04-23 00:00:00+00:00, run_after=2025-04-24 00:00:00+00:00
[2025-04-23T12:25:11.231+0000] {processor.py:208} INFO - Processing /opt/airflow/dags/my_dag.py took 0.143 seconds
[2025-04-23T12:25:41.583+0000] {processor.py:186} INFO - Started process (PID=4954) to work on /opt/airflow/dags/my_dag.py
[2025-04-23T12:25:41.585+0000] {processor.py:914} INFO - Processing file /opt/airflow/dags/my_dag.py for tasks to queue
[2025-04-23T12:25:41.592+0000] {logging_mixin.py:190} INFO - [2025-04-23T12:25:41.591+0000] {dagbag.py:588} INFO - Filling up the DagBag from /opt/airflow/dags/my_dag.py
[2025-04-23T12:25:41.626+0000] {processor.py:925} INFO - DAG(s) 'TFL_DATA_DAG' retrieved from /opt/airflow/dags/my_dag.py
[2025-04-23T12:25:41.663+0000] {logging_mixin.py:190} INFO - [2025-04-23T12:25:41.662+0000] {dag.py:3239} INFO - Sync 1 DAGs
[2025-04-23T12:25:41.700+0000] {logging_mixin.py:190} INFO - [2025-04-23T12:25:41.699+0000] {dag.py:4180} INFO - Setting next_dagrun for TFL_DATA_DAG to 2025-04-23 00:00:00+00:00, run_after=2025-04-24 00:00:00+00:00
[2025-04-23T12:25:41.728+0000] {processor.py:208} INFO - Processing /opt/airflow/dags/my_dag.py took 0.155 seconds
[2025-04-23T12:26:12.065+0000] {processor.py:186} INFO - Started process (PID=4974) to work on /opt/airflow/dags/my_dag.py
[2025-04-23T12:26:12.067+0000] {processor.py:914} INFO - Processing file /opt/airflow/dags/my_dag.py for tasks to queue
[2025-04-23T12:26:12.072+0000] {logging_mixin.py:190} INFO - [2025-04-23T12:26:12.072+0000] {dagbag.py:588} INFO - Filling up the DagBag from /opt/airflow/dags/my_dag.py
[2025-04-23T12:26:12.107+0000] {processor.py:925} INFO - DAG(s) 'TFL_DATA_DAG' retrieved from /opt/airflow/dags/my_dag.py
[2025-04-23T12:26:12.147+0000] {logging_mixin.py:190} INFO - [2025-04-23T12:26:12.146+0000] {dag.py:3239} INFO - Sync 1 DAGs
[2025-04-23T12:26:12.187+0000] {logging_mixin.py:190} INFO - [2025-04-23T12:26:12.186+0000] {dag.py:4180} INFO - Setting next_dagrun for TFL_DATA_DAG to 2025-04-23 00:00:00+00:00, run_after=2025-04-24 00:00:00+00:00
[2025-04-23T12:26:12.218+0000] {processor.py:208} INFO - Processing /opt/airflow/dags/my_dag.py took 0.163 seconds
[2025-04-23T12:26:42.581+0000] {processor.py:186} INFO - Started process (PID=4995) to work on /opt/airflow/dags/my_dag.py
[2025-04-23T12:26:42.584+0000] {processor.py:914} INFO - Processing file /opt/airflow/dags/my_dag.py for tasks to queue
[2025-04-23T12:26:42.589+0000] {logging_mixin.py:190} INFO - [2025-04-23T12:26:42.589+0000] {dagbag.py:588} INFO - Filling up the DagBag from /opt/airflow/dags/my_dag.py
[2025-04-23T12:26:42.624+0000] {processor.py:925} INFO - DAG(s) 'TFL_DATA_DAG' retrieved from /opt/airflow/dags/my_dag.py
[2025-04-23T12:26:42.657+0000] {logging_mixin.py:190} INFO - [2025-04-23T12:26:42.657+0000] {dag.py:3239} INFO - Sync 1 DAGs
[2025-04-23T12:26:42.695+0000] {logging_mixin.py:190} INFO - [2025-04-23T12:26:42.694+0000] {dag.py:4180} INFO - Setting next_dagrun for TFL_DATA_DAG to 2025-04-23 00:00:00+00:00, run_after=2025-04-24 00:00:00+00:00
[2025-04-23T12:26:42.718+0000] {processor.py:208} INFO - Processing /opt/airflow/dags/my_dag.py took 0.146 seconds
[2025-04-23T12:27:13.075+0000] {processor.py:186} INFO - Started process (PID=5016) to work on /opt/airflow/dags/my_dag.py
[2025-04-23T12:27:13.078+0000] {processor.py:914} INFO - Processing file /opt/airflow/dags/my_dag.py for tasks to queue
[2025-04-23T12:27:13.083+0000] {logging_mixin.py:190} INFO - [2025-04-23T12:27:13.082+0000] {dagbag.py:588} INFO - Filling up the DagBag from /opt/airflow/dags/my_dag.py
[2025-04-23T12:27:13.130+0000] {processor.py:925} INFO - DAG(s) 'TFL_DATA_DAG' retrieved from /opt/airflow/dags/my_dag.py
[2025-04-23T12:27:13.168+0000] {logging_mixin.py:190} INFO - [2025-04-23T12:27:13.167+0000] {dag.py:3239} INFO - Sync 1 DAGs
[2025-04-23T12:27:13.198+0000] {logging_mixin.py:190} INFO - [2025-04-23T12:27:13.198+0000] {dag.py:4180} INFO - Setting next_dagrun for TFL_DATA_DAG to 2025-04-23 00:00:00+00:00, run_after=2025-04-24 00:00:00+00:00
[2025-04-23T12:27:13.222+0000] {processor.py:208} INFO - Processing /opt/airflow/dags/my_dag.py took 0.155 seconds
[2025-04-23T12:27:43.555+0000] {processor.py:186} INFO - Started process (PID=5037) to work on /opt/airflow/dags/my_dag.py
[2025-04-23T12:27:43.558+0000] {processor.py:914} INFO - Processing file /opt/airflow/dags/my_dag.py for tasks to queue
[2025-04-23T12:27:43.563+0000] {logging_mixin.py:190} INFO - [2025-04-23T12:27:43.562+0000] {dagbag.py:588} INFO - Filling up the DagBag from /opt/airflow/dags/my_dag.py
[2025-04-23T12:27:43.599+0000] {processor.py:925} INFO - DAG(s) 'TFL_DATA_DAG' retrieved from /opt/airflow/dags/my_dag.py
[2025-04-23T12:27:43.639+0000] {logging_mixin.py:190} INFO - [2025-04-23T12:27:43.638+0000] {dag.py:3239} INFO - Sync 1 DAGs
[2025-04-23T12:27:43.670+0000] {logging_mixin.py:190} INFO - [2025-04-23T12:27:43.670+0000] {dag.py:4180} INFO - Setting next_dagrun for TFL_DATA_DAG to 2025-04-23 00:00:00+00:00, run_after=2025-04-24 00:00:00+00:00
[2025-04-23T12:27:43.697+0000] {processor.py:208} INFO - Processing /opt/airflow/dags/my_dag.py took 0.151 seconds
[2025-04-23T12:28:14.026+0000] {processor.py:186} INFO - Started process (PID=5058) to work on /opt/airflow/dags/my_dag.py
[2025-04-23T12:28:14.028+0000] {processor.py:914} INFO - Processing file /opt/airflow/dags/my_dag.py for tasks to queue
[2025-04-23T12:28:14.033+0000] {logging_mixin.py:190} INFO - [2025-04-23T12:28:14.032+0000] {dagbag.py:588} INFO - Filling up the DagBag from /opt/airflow/dags/my_dag.py
[2025-04-23T12:28:14.064+0000] {processor.py:925} INFO - DAG(s) 'TFL_DATA_DAG' retrieved from /opt/airflow/dags/my_dag.py
[2025-04-23T12:28:14.099+0000] {logging_mixin.py:190} INFO - [2025-04-23T12:28:14.098+0000] {dag.py:3239} INFO - Sync 1 DAGs
[2025-04-23T12:28:14.134+0000] {logging_mixin.py:190} INFO - [2025-04-23T12:28:14.134+0000] {dag.py:4180} INFO - Setting next_dagrun for TFL_DATA_DAG to 2025-04-23 00:00:00+00:00, run_after=2025-04-24 00:00:00+00:00
[2025-04-23T12:28:14.167+0000] {processor.py:208} INFO - Processing /opt/airflow/dags/my_dag.py took 0.150 seconds
[2025-04-23T12:28:44.499+0000] {processor.py:186} INFO - Started process (PID=5079) to work on /opt/airflow/dags/my_dag.py
[2025-04-23T12:28:44.501+0000] {processor.py:914} INFO - Processing file /opt/airflow/dags/my_dag.py for tasks to queue
[2025-04-23T12:28:44.506+0000] {logging_mixin.py:190} INFO - [2025-04-23T12:28:44.506+0000] {dagbag.py:588} INFO - Filling up the DagBag from /opt/airflow/dags/my_dag.py
[2025-04-23T12:28:44.538+0000] {processor.py:925} INFO - DAG(s) 'TFL_DATA_DAG' retrieved from /opt/airflow/dags/my_dag.py
[2025-04-23T12:28:44.575+0000] {logging_mixin.py:190} INFO - [2025-04-23T12:28:44.574+0000] {dag.py:3239} INFO - Sync 1 DAGs
[2025-04-23T12:28:44.605+0000] {logging_mixin.py:190} INFO - [2025-04-23T12:28:44.604+0000] {dag.py:4180} INFO - Setting next_dagrun for TFL_DATA_DAG to 2025-04-23 00:00:00+00:00, run_after=2025-04-24 00:00:00+00:00
[2025-04-23T12:28:44.633+0000] {processor.py:208} INFO - Processing /opt/airflow/dags/my_dag.py took 0.142 seconds
[2025-04-23T12:29:14.981+0000] {processor.py:186} INFO - Started process (PID=5100) to work on /opt/airflow/dags/my_dag.py
[2025-04-23T12:29:14.983+0000] {processor.py:914} INFO - Processing file /opt/airflow/dags/my_dag.py for tasks to queue
[2025-04-23T12:29:14.988+0000] {logging_mixin.py:190} INFO - [2025-04-23T12:29:14.988+0000] {dagbag.py:588} INFO - Filling up the DagBag from /opt/airflow/dags/my_dag.py
[2025-04-23T12:29:15.022+0000] {processor.py:925} INFO - DAG(s) 'TFL_DATA_DAG' retrieved from /opt/airflow/dags/my_dag.py
[2025-04-23T12:29:15.058+0000] {logging_mixin.py:190} INFO - [2025-04-23T12:29:15.057+0000] {dag.py:3239} INFO - Sync 1 DAGs
[2025-04-23T12:29:15.093+0000] {logging_mixin.py:190} INFO - [2025-04-23T12:29:15.093+0000] {dag.py:4180} INFO - Setting next_dagrun for TFL_DATA_DAG to 2025-04-23 00:00:00+00:00, run_after=2025-04-24 00:00:00+00:00
[2025-04-23T12:29:15.121+0000] {processor.py:208} INFO - Processing /opt/airflow/dags/my_dag.py took 0.148 seconds
[2025-04-23T12:29:45.463+0000] {processor.py:186} INFO - Started process (PID=5121) to work on /opt/airflow/dags/my_dag.py
[2025-04-23T12:29:45.465+0000] {processor.py:914} INFO - Processing file /opt/airflow/dags/my_dag.py for tasks to queue
[2025-04-23T12:29:45.469+0000] {logging_mixin.py:190} INFO - [2025-04-23T12:29:45.469+0000] {dagbag.py:588} INFO - Filling up the DagBag from /opt/airflow/dags/my_dag.py
[2025-04-23T12:29:45.503+0000] {processor.py:925} INFO - DAG(s) 'TFL_DATA_DAG' retrieved from /opt/airflow/dags/my_dag.py
[2025-04-23T12:29:45.539+0000] {logging_mixin.py:190} INFO - [2025-04-23T12:29:45.538+0000] {dag.py:3239} INFO - Sync 1 DAGs
[2025-04-23T12:29:45.571+0000] {logging_mixin.py:190} INFO - [2025-04-23T12:29:45.570+0000] {dag.py:4180} INFO - Setting next_dagrun for TFL_DATA_DAG to 2025-04-23 00:00:00+00:00, run_after=2025-04-24 00:00:00+00:00
[2025-04-23T12:29:45.597+0000] {processor.py:208} INFO - Processing /opt/airflow/dags/my_dag.py took 0.144 seconds
[2025-04-23T12:30:15.929+0000] {processor.py:186} INFO - Started process (PID=5143) to work on /opt/airflow/dags/my_dag.py
[2025-04-23T12:30:15.932+0000] {processor.py:914} INFO - Processing file /opt/airflow/dags/my_dag.py for tasks to queue
[2025-04-23T12:30:15.935+0000] {logging_mixin.py:190} INFO - [2025-04-23T12:30:15.935+0000] {dagbag.py:588} INFO - Filling up the DagBag from /opt/airflow/dags/my_dag.py
[2025-04-23T12:30:15.965+0000] {processor.py:925} INFO - DAG(s) 'TFL_DATA_DAG' retrieved from /opt/airflow/dags/my_dag.py
[2025-04-23T12:30:16.001+0000] {logging_mixin.py:190} INFO - [2025-04-23T12:30:16.000+0000] {dag.py:3239} INFO - Sync 1 DAGs
[2025-04-23T12:30:16.036+0000] {logging_mixin.py:190} INFO - [2025-04-23T12:30:16.036+0000] {dag.py:4180} INFO - Setting next_dagrun for TFL_DATA_DAG to 2025-04-23 00:00:00+00:00, run_after=2025-04-24 00:00:00+00:00
[2025-04-23T12:30:16.064+0000] {processor.py:208} INFO - Processing /opt/airflow/dags/my_dag.py took 0.145 seconds
[2025-04-23T12:30:46.484+0000] {processor.py:186} INFO - Started process (PID=5164) to work on /opt/airflow/dags/my_dag.py
[2025-04-23T12:30:46.488+0000] {processor.py:914} INFO - Processing file /opt/airflow/dags/my_dag.py for tasks to queue
[2025-04-23T12:30:46.498+0000] {logging_mixin.py:190} INFO - [2025-04-23T12:30:46.497+0000] {dagbag.py:588} INFO - Filling up the DagBag from /opt/airflow/dags/my_dag.py
[2025-04-23T12:30:46.554+0000] {processor.py:925} INFO - DAG(s) 'TFL_DATA_DAG' retrieved from /opt/airflow/dags/my_dag.py
[2025-04-23T12:30:46.600+0000] {logging_mixin.py:190} INFO - [2025-04-23T12:30:46.599+0000] {dag.py:3239} INFO - Sync 1 DAGs
[2025-04-23T12:30:46.648+0000] {logging_mixin.py:190} INFO - [2025-04-23T12:30:46.647+0000] {dag.py:4180} INFO - Setting next_dagrun for TFL_DATA_DAG to 2025-04-23 00:00:00+00:00, run_after=2025-04-24 00:00:00+00:00
[2025-04-23T12:30:46.683+0000] {processor.py:208} INFO - Processing /opt/airflow/dags/my_dag.py took 0.209 seconds
[2025-04-23T12:31:17.133+0000] {processor.py:186} INFO - Started process (PID=5185) to work on /opt/airflow/dags/my_dag.py
[2025-04-23T12:31:17.136+0000] {processor.py:914} INFO - Processing file /opt/airflow/dags/my_dag.py for tasks to queue
[2025-04-23T12:31:17.140+0000] {logging_mixin.py:190} INFO - [2025-04-23T12:31:17.140+0000] {dagbag.py:588} INFO - Filling up the DagBag from /opt/airflow/dags/my_dag.py
[2025-04-23T12:31:17.175+0000] {processor.py:925} INFO - DAG(s) 'TFL_DATA_DAG' retrieved from /opt/airflow/dags/my_dag.py
[2025-04-23T12:31:17.209+0000] {logging_mixin.py:190} INFO - [2025-04-23T12:31:17.208+0000] {dag.py:3239} INFO - Sync 1 DAGs
[2025-04-23T12:31:17.240+0000] {logging_mixin.py:190} INFO - [2025-04-23T12:31:17.240+0000] {dag.py:4180} INFO - Setting next_dagrun for TFL_DATA_DAG to 2025-04-23 00:00:00+00:00, run_after=2025-04-24 00:00:00+00:00
[2025-04-23T12:31:17.265+0000] {processor.py:208} INFO - Processing /opt/airflow/dags/my_dag.py took 0.140 seconds
[2025-04-23T12:31:47.597+0000] {processor.py:186} INFO - Started process (PID=5206) to work on /opt/airflow/dags/my_dag.py
[2025-04-23T12:31:47.601+0000] {processor.py:914} INFO - Processing file /opt/airflow/dags/my_dag.py for tasks to queue
[2025-04-23T12:31:47.605+0000] {logging_mixin.py:190} INFO - [2025-04-23T12:31:47.605+0000] {dagbag.py:588} INFO - Filling up the DagBag from /opt/airflow/dags/my_dag.py
[2025-04-23T12:31:47.636+0000] {processor.py:925} INFO - DAG(s) 'TFL_DATA_DAG' retrieved from /opt/airflow/dags/my_dag.py
[2025-04-23T12:31:47.673+0000] {logging_mixin.py:190} INFO - [2025-04-23T12:31:47.672+0000] {dag.py:3239} INFO - Sync 1 DAGs
[2025-04-23T12:31:47.704+0000] {logging_mixin.py:190} INFO - [2025-04-23T12:31:47.704+0000] {dag.py:4180} INFO - Setting next_dagrun for TFL_DATA_DAG to 2025-04-23 00:00:00+00:00, run_after=2025-04-24 00:00:00+00:00
[2025-04-23T12:31:47.746+0000] {processor.py:208} INFO - Processing /opt/airflow/dags/my_dag.py took 0.160 seconds
[2025-04-23T12:32:18.072+0000] {processor.py:186} INFO - Started process (PID=5227) to work on /opt/airflow/dags/my_dag.py
[2025-04-23T12:32:18.074+0000] {processor.py:914} INFO - Processing file /opt/airflow/dags/my_dag.py for tasks to queue
[2025-04-23T12:32:18.080+0000] {logging_mixin.py:190} INFO - [2025-04-23T12:32:18.079+0000] {dagbag.py:588} INFO - Filling up the DagBag from /opt/airflow/dags/my_dag.py
[2025-04-23T12:32:18.115+0000] {processor.py:925} INFO - DAG(s) 'TFL_DATA_DAG' retrieved from /opt/airflow/dags/my_dag.py
[2025-04-23T12:32:18.151+0000] {logging_mixin.py:190} INFO - [2025-04-23T12:32:18.150+0000] {dag.py:3239} INFO - Sync 1 DAGs
[2025-04-23T12:32:18.185+0000] {logging_mixin.py:190} INFO - [2025-04-23T12:32:18.185+0000] {dag.py:4180} INFO - Setting next_dagrun for TFL_DATA_DAG to 2025-04-23 00:00:00+00:00, run_after=2025-04-24 00:00:00+00:00
[2025-04-23T12:32:18.212+0000] {processor.py:208} INFO - Processing /opt/airflow/dags/my_dag.py took 0.149 seconds
[2025-04-23T12:32:48.524+0000] {processor.py:186} INFO - Started process (PID=5248) to work on /opt/airflow/dags/my_dag.py
[2025-04-23T12:32:48.527+0000] {processor.py:914} INFO - Processing file /opt/airflow/dags/my_dag.py for tasks to queue
[2025-04-23T12:32:48.532+0000] {logging_mixin.py:190} INFO - [2025-04-23T12:32:48.532+0000] {dagbag.py:588} INFO - Filling up the DagBag from /opt/airflow/dags/my_dag.py
[2025-04-23T12:32:48.565+0000] {processor.py:925} INFO - DAG(s) 'TFL_DATA_DAG' retrieved from /opt/airflow/dags/my_dag.py
[2025-04-23T12:32:48.602+0000] {logging_mixin.py:190} INFO - [2025-04-23T12:32:48.601+0000] {dag.py:3239} INFO - Sync 1 DAGs
[2025-04-23T12:32:48.640+0000] {logging_mixin.py:190} INFO - [2025-04-23T12:32:48.639+0000] {dag.py:4180} INFO - Setting next_dagrun for TFL_DATA_DAG to 2025-04-23 00:00:00+00:00, run_after=2025-04-24 00:00:00+00:00
[2025-04-23T12:32:48.664+0000] {processor.py:208} INFO - Processing /opt/airflow/dags/my_dag.py took 0.147 seconds
[2025-04-23T12:33:18.978+0000] {processor.py:186} INFO - Started process (PID=5269) to work on /opt/airflow/dags/my_dag.py
[2025-04-23T12:33:18.980+0000] {processor.py:914} INFO - Processing file /opt/airflow/dags/my_dag.py for tasks to queue
[2025-04-23T12:33:18.984+0000] {logging_mixin.py:190} INFO - [2025-04-23T12:33:18.984+0000] {dagbag.py:588} INFO - Filling up the DagBag from /opt/airflow/dags/my_dag.py
[2025-04-23T12:33:19.014+0000] {processor.py:925} INFO - DAG(s) 'TFL_DATA_DAG' retrieved from /opt/airflow/dags/my_dag.py
[2025-04-23T12:33:19.047+0000] {logging_mixin.py:190} INFO - [2025-04-23T12:33:19.046+0000] {dag.py:3239} INFO - Sync 1 DAGs
[2025-04-23T12:33:19.080+0000] {logging_mixin.py:190} INFO - [2025-04-23T12:33:19.080+0000] {dag.py:4180} INFO - Setting next_dagrun for TFL_DATA_DAG to 2025-04-23 00:00:00+00:00, run_after=2025-04-24 00:00:00+00:00
[2025-04-23T12:33:19.104+0000] {processor.py:208} INFO - Processing /opt/airflow/dags/my_dag.py took 0.136 seconds
[2025-04-23T12:33:49.439+0000] {processor.py:186} INFO - Started process (PID=5290) to work on /opt/airflow/dags/my_dag.py
[2025-04-23T12:33:49.442+0000] {processor.py:914} INFO - Processing file /opt/airflow/dags/my_dag.py for tasks to queue
[2025-04-23T12:33:49.448+0000] {logging_mixin.py:190} INFO - [2025-04-23T12:33:49.447+0000] {dagbag.py:588} INFO - Filling up the DagBag from /opt/airflow/dags/my_dag.py
[2025-04-23T12:33:49.479+0000] {processor.py:925} INFO - DAG(s) 'TFL_DATA_DAG' retrieved from /opt/airflow/dags/my_dag.py
[2025-04-23T12:33:49.519+0000] {logging_mixin.py:190} INFO - [2025-04-23T12:33:49.519+0000] {dag.py:3239} INFO - Sync 1 DAGs
[2025-04-23T12:33:49.557+0000] {logging_mixin.py:190} INFO - [2025-04-23T12:33:49.556+0000] {dag.py:4180} INFO - Setting next_dagrun for TFL_DATA_DAG to 2025-04-23 00:00:00+00:00, run_after=2025-04-24 00:00:00+00:00
[2025-04-23T12:33:49.584+0000] {processor.py:208} INFO - Processing /opt/airflow/dags/my_dag.py took 0.154 seconds
[2025-04-23T12:34:19.927+0000] {processor.py:186} INFO - Started process (PID=5311) to work on /opt/airflow/dags/my_dag.py
[2025-04-23T12:34:19.930+0000] {processor.py:914} INFO - Processing file /opt/airflow/dags/my_dag.py for tasks to queue
[2025-04-23T12:34:19.935+0000] {logging_mixin.py:190} INFO - [2025-04-23T12:34:19.935+0000] {dagbag.py:588} INFO - Filling up the DagBag from /opt/airflow/dags/my_dag.py
[2025-04-23T12:34:19.968+0000] {processor.py:925} INFO - DAG(s) 'TFL_DATA_DAG' retrieved from /opt/airflow/dags/my_dag.py
[2025-04-23T12:34:20.013+0000] {logging_mixin.py:190} INFO - [2025-04-23T12:34:20.012+0000] {dag.py:3239} INFO - Sync 1 DAGs
[2025-04-23T12:34:20.055+0000] {logging_mixin.py:190} INFO - [2025-04-23T12:34:20.054+0000] {dag.py:4180} INFO - Setting next_dagrun for TFL_DATA_DAG to 2025-04-23 00:00:00+00:00, run_after=2025-04-24 00:00:00+00:00
[2025-04-23T12:34:20.086+0000] {processor.py:208} INFO - Processing /opt/airflow/dags/my_dag.py took 0.168 seconds
[2025-04-23T12:34:50.448+0000] {processor.py:186} INFO - Started process (PID=5332) to work on /opt/airflow/dags/my_dag.py
[2025-04-23T12:34:50.451+0000] {processor.py:914} INFO - Processing file /opt/airflow/dags/my_dag.py for tasks to queue
[2025-04-23T12:34:50.456+0000] {logging_mixin.py:190} INFO - [2025-04-23T12:34:50.455+0000] {dagbag.py:588} INFO - Filling up the DagBag from /opt/airflow/dags/my_dag.py
[2025-04-23T12:34:50.489+0000] {processor.py:925} INFO - DAG(s) 'TFL_DATA_DAG' retrieved from /opt/airflow/dags/my_dag.py
[2025-04-23T12:34:50.524+0000] {logging_mixin.py:190} INFO - [2025-04-23T12:34:50.523+0000] {dag.py:3239} INFO - Sync 1 DAGs
[2025-04-23T12:34:50.555+0000] {logging_mixin.py:190} INFO - [2025-04-23T12:34:50.555+0000] {dag.py:4180} INFO - Setting next_dagrun for TFL_DATA_DAG to 2025-04-23 00:00:00+00:00, run_after=2025-04-24 00:00:00+00:00
[2025-04-23T12:34:50.583+0000] {processor.py:208} INFO - Processing /opt/airflow/dags/my_dag.py took 0.144 seconds
[2025-04-23T12:35:20.908+0000] {processor.py:186} INFO - Started process (PID=5353) to work on /opt/airflow/dags/my_dag.py
[2025-04-23T12:35:20.910+0000] {processor.py:914} INFO - Processing file /opt/airflow/dags/my_dag.py for tasks to queue
[2025-04-23T12:35:20.915+0000] {logging_mixin.py:190} INFO - [2025-04-23T12:35:20.915+0000] {dagbag.py:588} INFO - Filling up the DagBag from /opt/airflow/dags/my_dag.py
[2025-04-23T12:35:20.945+0000] {processor.py:925} INFO - DAG(s) 'TFL_DATA_DAG' retrieved from /opt/airflow/dags/my_dag.py
[2025-04-23T12:35:20.987+0000] {logging_mixin.py:190} INFO - [2025-04-23T12:35:20.986+0000] {dag.py:3239} INFO - Sync 1 DAGs
[2025-04-23T12:35:21.021+0000] {logging_mixin.py:190} INFO - [2025-04-23T12:35:21.020+0000] {dag.py:4180} INFO - Setting next_dagrun for TFL_DATA_DAG to 2025-04-23 00:00:00+00:00, run_after=2025-04-24 00:00:00+00:00
[2025-04-23T12:35:21.046+0000] {processor.py:208} INFO - Processing /opt/airflow/dags/my_dag.py took 0.146 seconds
[2025-04-23T12:35:51.383+0000] {processor.py:186} INFO - Started process (PID=5373) to work on /opt/airflow/dags/my_dag.py
[2025-04-23T12:35:51.386+0000] {processor.py:914} INFO - Processing file /opt/airflow/dags/my_dag.py for tasks to queue
[2025-04-23T12:35:51.390+0000] {logging_mixin.py:190} INFO - [2025-04-23T12:35:51.390+0000] {dagbag.py:588} INFO - Filling up the DagBag from /opt/airflow/dags/my_dag.py
[2025-04-23T12:35:51.424+0000] {processor.py:925} INFO - DAG(s) 'TFL_DATA_DAG' retrieved from /opt/airflow/dags/my_dag.py
[2025-04-23T12:35:51.462+0000] {logging_mixin.py:190} INFO - [2025-04-23T12:35:51.461+0000] {dag.py:3239} INFO - Sync 1 DAGs
[2025-04-23T12:35:51.495+0000] {logging_mixin.py:190} INFO - [2025-04-23T12:35:51.494+0000] {dag.py:4180} INFO - Setting next_dagrun for TFL_DATA_DAG to 2025-04-23 00:00:00+00:00, run_after=2025-04-24 00:00:00+00:00
[2025-04-23T12:35:51.522+0000] {processor.py:208} INFO - Processing /opt/airflow/dags/my_dag.py took 0.148 seconds
[2025-04-23T12:36:21.896+0000] {processor.py:186} INFO - Started process (PID=5393) to work on /opt/airflow/dags/my_dag.py
[2025-04-23T12:36:21.899+0000] {processor.py:914} INFO - Processing file /opt/airflow/dags/my_dag.py for tasks to queue
[2025-04-23T12:36:21.903+0000] {logging_mixin.py:190} INFO - [2025-04-23T12:36:21.903+0000] {dagbag.py:588} INFO - Filling up the DagBag from /opt/airflow/dags/my_dag.py
[2025-04-23T12:36:21.933+0000] {processor.py:925} INFO - DAG(s) 'TFL_DATA_DAG' retrieved from /opt/airflow/dags/my_dag.py
[2025-04-23T12:36:21.971+0000] {logging_mixin.py:190} INFO - [2025-04-23T12:36:21.970+0000] {dag.py:3239} INFO - Sync 1 DAGs
[2025-04-23T12:36:22.006+0000] {logging_mixin.py:190} INFO - [2025-04-23T12:36:22.005+0000] {dag.py:4180} INFO - Setting next_dagrun for TFL_DATA_DAG to 2025-04-23 00:00:00+00:00, run_after=2025-04-24 00:00:00+00:00
[2025-04-23T12:36:22.035+0000] {processor.py:208} INFO - Processing /opt/airflow/dags/my_dag.py took 0.149 seconds
[2025-04-23T12:36:52.410+0000] {processor.py:186} INFO - Started process (PID=5414) to work on /opt/airflow/dags/my_dag.py
[2025-04-23T12:36:52.414+0000] {processor.py:914} INFO - Processing file /opt/airflow/dags/my_dag.py for tasks to queue
[2025-04-23T12:36:52.424+0000] {logging_mixin.py:190} INFO - [2025-04-23T12:36:52.423+0000] {dagbag.py:588} INFO - Filling up the DagBag from /opt/airflow/dags/my_dag.py
[2025-04-23T12:36:52.491+0000] {processor.py:925} INFO - DAG(s) 'TFL_DATA_DAG' retrieved from /opt/airflow/dags/my_dag.py
[2025-04-23T12:36:52.529+0000] {logging_mixin.py:190} INFO - [2025-04-23T12:36:52.528+0000] {dag.py:3239} INFO - Sync 1 DAGs
[2025-04-23T12:36:52.558+0000] {logging_mixin.py:190} INFO - [2025-04-23T12:36:52.558+0000] {dag.py:4180} INFO - Setting next_dagrun for TFL_DATA_DAG to 2025-04-23 00:00:00+00:00, run_after=2025-04-24 00:00:00+00:00
[2025-04-23T12:36:52.582+0000] {processor.py:208} INFO - Processing /opt/airflow/dags/my_dag.py took 0.178 seconds
[2025-04-23T12:37:22.945+0000] {processor.py:186} INFO - Started process (PID=5434) to work on /opt/airflow/dags/my_dag.py
[2025-04-23T12:37:22.947+0000] {processor.py:914} INFO - Processing file /opt/airflow/dags/my_dag.py for tasks to queue
[2025-04-23T12:37:22.952+0000] {logging_mixin.py:190} INFO - [2025-04-23T12:37:22.951+0000] {dagbag.py:588} INFO - Filling up the DagBag from /opt/airflow/dags/my_dag.py
[2025-04-23T12:37:22.985+0000] {processor.py:925} INFO - DAG(s) 'TFL_DATA_DAG' retrieved from /opt/airflow/dags/my_dag.py
[2025-04-23T12:37:23.023+0000] {logging_mixin.py:190} INFO - [2025-04-23T12:37:23.022+0000] {dag.py:3239} INFO - Sync 1 DAGs
[2025-04-23T12:37:23.058+0000] {logging_mixin.py:190} INFO - [2025-04-23T12:37:23.058+0000] {dag.py:4180} INFO - Setting next_dagrun for TFL_DATA_DAG to 2025-04-23 00:00:00+00:00, run_after=2025-04-24 00:00:00+00:00
[2025-04-23T12:37:23.087+0000] {processor.py:208} INFO - Processing /opt/airflow/dags/my_dag.py took 0.150 seconds
[2025-04-23T12:37:53.411+0000] {processor.py:186} INFO - Started process (PID=5455) to work on /opt/airflow/dags/my_dag.py
[2025-04-23T12:37:53.414+0000] {processor.py:914} INFO - Processing file /opt/airflow/dags/my_dag.py for tasks to queue
[2025-04-23T12:37:53.419+0000] {logging_mixin.py:190} INFO - [2025-04-23T12:37:53.419+0000] {dagbag.py:588} INFO - Filling up the DagBag from /opt/airflow/dags/my_dag.py
[2025-04-23T12:37:53.448+0000] {processor.py:925} INFO - DAG(s) 'TFL_DATA_DAG' retrieved from /opt/airflow/dags/my_dag.py
[2025-04-23T12:37:53.483+0000] {logging_mixin.py:190} INFO - [2025-04-23T12:37:53.482+0000] {dag.py:3239} INFO - Sync 1 DAGs
[2025-04-23T12:37:53.518+0000] {logging_mixin.py:190} INFO - [2025-04-23T12:37:53.518+0000] {dag.py:4180} INFO - Setting next_dagrun for TFL_DATA_DAG to 2025-04-23 00:00:00+00:00, run_after=2025-04-24 00:00:00+00:00
[2025-04-23T12:37:53.543+0000] {processor.py:208} INFO - Processing /opt/airflow/dags/my_dag.py took 0.141 seconds
[2025-04-23T12:38:23.879+0000] {processor.py:186} INFO - Started process (PID=5476) to work on /opt/airflow/dags/my_dag.py
[2025-04-23T12:38:23.882+0000] {processor.py:914} INFO - Processing file /opt/airflow/dags/my_dag.py for tasks to queue
[2025-04-23T12:38:23.887+0000] {logging_mixin.py:190} INFO - [2025-04-23T12:38:23.886+0000] {dagbag.py:588} INFO - Filling up the DagBag from /opt/airflow/dags/my_dag.py
[2025-04-23T12:38:23.920+0000] {processor.py:925} INFO - DAG(s) 'TFL_DATA_DAG' retrieved from /opt/airflow/dags/my_dag.py
[2025-04-23T12:38:23.953+0000] {logging_mixin.py:190} INFO - [2025-04-23T12:38:23.952+0000] {dag.py:3239} INFO - Sync 1 DAGs
[2025-04-23T12:38:23.986+0000] {logging_mixin.py:190} INFO - [2025-04-23T12:38:23.986+0000] {dag.py:4180} INFO - Setting next_dagrun for TFL_DATA_DAG to 2025-04-23 00:00:00+00:00, run_after=2025-04-24 00:00:00+00:00
[2025-04-23T12:38:24.014+0000] {processor.py:208} INFO - Processing /opt/airflow/dags/my_dag.py took 0.145 seconds
[2025-04-23T12:38:54.347+0000] {processor.py:186} INFO - Started process (PID=5497) to work on /opt/airflow/dags/my_dag.py
[2025-04-23T12:38:54.349+0000] {processor.py:914} INFO - Processing file /opt/airflow/dags/my_dag.py for tasks to queue
[2025-04-23T12:38:54.354+0000] {logging_mixin.py:190} INFO - [2025-04-23T12:38:54.354+0000] {dagbag.py:588} INFO - Filling up the DagBag from /opt/airflow/dags/my_dag.py
[2025-04-23T12:38:54.386+0000] {processor.py:925} INFO - DAG(s) 'TFL_DATA_DAG' retrieved from /opt/airflow/dags/my_dag.py
[2025-04-23T12:38:54.422+0000] {logging_mixin.py:190} INFO - [2025-04-23T12:38:54.421+0000] {dag.py:3239} INFO - Sync 1 DAGs
[2025-04-23T12:38:54.458+0000] {logging_mixin.py:190} INFO - [2025-04-23T12:38:54.458+0000] {dag.py:4180} INFO - Setting next_dagrun for TFL_DATA_DAG to 2025-04-23 00:00:00+00:00, run_after=2025-04-24 00:00:00+00:00
[2025-04-23T12:38:54.489+0000] {processor.py:208} INFO - Processing /opt/airflow/dags/my_dag.py took 0.151 seconds
[2025-04-23T12:39:24.837+0000] {processor.py:186} INFO - Started process (PID=5518) to work on /opt/airflow/dags/my_dag.py
[2025-04-23T12:39:24.841+0000] {processor.py:914} INFO - Processing file /opt/airflow/dags/my_dag.py for tasks to queue
[2025-04-23T12:39:24.846+0000] {logging_mixin.py:190} INFO - [2025-04-23T12:39:24.846+0000] {dagbag.py:588} INFO - Filling up the DagBag from /opt/airflow/dags/my_dag.py
[2025-04-23T12:39:24.878+0000] {processor.py:925} INFO - DAG(s) 'TFL_DATA_DAG' retrieved from /opt/airflow/dags/my_dag.py
[2025-04-23T12:39:24.919+0000] {logging_mixin.py:190} INFO - [2025-04-23T12:39:24.918+0000] {dag.py:3239} INFO - Sync 1 DAGs
[2025-04-23T12:39:24.956+0000] {logging_mixin.py:190} INFO - [2025-04-23T12:39:24.955+0000] {dag.py:4180} INFO - Setting next_dagrun for TFL_DATA_DAG to 2025-04-23 00:00:00+00:00, run_after=2025-04-24 00:00:00+00:00
[2025-04-23T12:39:24.984+0000] {processor.py:208} INFO - Processing /opt/airflow/dags/my_dag.py took 0.156 seconds
[2025-04-23T12:39:55.334+0000] {processor.py:186} INFO - Started process (PID=5539) to work on /opt/airflow/dags/my_dag.py
[2025-04-23T12:39:55.337+0000] {processor.py:914} INFO - Processing file /opt/airflow/dags/my_dag.py for tasks to queue
[2025-04-23T12:39:55.342+0000] {logging_mixin.py:190} INFO - [2025-04-23T12:39:55.342+0000] {dagbag.py:588} INFO - Filling up the DagBag from /opt/airflow/dags/my_dag.py
[2025-04-23T12:39:55.376+0000] {processor.py:925} INFO - DAG(s) 'TFL_DATA_DAG' retrieved from /opt/airflow/dags/my_dag.py
[2025-04-23T12:39:55.412+0000] {logging_mixin.py:190} INFO - [2025-04-23T12:39:55.411+0000] {dag.py:3239} INFO - Sync 1 DAGs
[2025-04-23T12:39:55.451+0000] {logging_mixin.py:190} INFO - [2025-04-23T12:39:55.451+0000] {dag.py:4180} INFO - Setting next_dagrun for TFL_DATA_DAG to 2025-04-23 00:00:00+00:00, run_after=2025-04-24 00:00:00+00:00
[2025-04-23T12:39:55.477+0000] {processor.py:208} INFO - Processing /opt/airflow/dags/my_dag.py took 0.151 seconds
[2025-04-23T12:40:25.810+0000] {processor.py:186} INFO - Started process (PID=5560) to work on /opt/airflow/dags/my_dag.py
[2025-04-23T12:40:25.813+0000] {processor.py:914} INFO - Processing file /opt/airflow/dags/my_dag.py for tasks to queue
[2025-04-23T12:40:25.818+0000] {logging_mixin.py:190} INFO - [2025-04-23T12:40:25.818+0000] {dagbag.py:588} INFO - Filling up the DagBag from /opt/airflow/dags/my_dag.py
[2025-04-23T12:40:25.852+0000] {processor.py:925} INFO - DAG(s) 'TFL_DATA_DAG' retrieved from /opt/airflow/dags/my_dag.py
[2025-04-23T12:40:25.897+0000] {logging_mixin.py:190} INFO - [2025-04-23T12:40:25.896+0000] {dag.py:3239} INFO - Sync 1 DAGs
[2025-04-23T12:40:25.932+0000] {logging_mixin.py:190} INFO - [2025-04-23T12:40:25.931+0000] {dag.py:4180} INFO - Setting next_dagrun for TFL_DATA_DAG to 2025-04-23 00:00:00+00:00, run_after=2025-04-24 00:00:00+00:00
[2025-04-23T12:40:25.958+0000] {processor.py:208} INFO - Processing /opt/airflow/dags/my_dag.py took 0.156 seconds
[2025-04-23T12:40:56.318+0000] {processor.py:186} INFO - Started process (PID=5581) to work on /opt/airflow/dags/my_dag.py
[2025-04-23T12:40:56.320+0000] {processor.py:914} INFO - Processing file /opt/airflow/dags/my_dag.py for tasks to queue
[2025-04-23T12:40:56.325+0000] {logging_mixin.py:190} INFO - [2025-04-23T12:40:56.325+0000] {dagbag.py:588} INFO - Filling up the DagBag from /opt/airflow/dags/my_dag.py
[2025-04-23T12:40:56.358+0000] {processor.py:925} INFO - DAG(s) 'TFL_DATA_DAG' retrieved from /opt/airflow/dags/my_dag.py
[2025-04-23T12:40:56.396+0000] {logging_mixin.py:190} INFO - [2025-04-23T12:40:56.395+0000] {dag.py:3239} INFO - Sync 1 DAGs
[2025-04-23T12:40:56.432+0000] {logging_mixin.py:190} INFO - [2025-04-23T12:40:56.432+0000] {dag.py:4180} INFO - Setting next_dagrun for TFL_DATA_DAG to 2025-04-23 00:00:00+00:00, run_after=2025-04-24 00:00:00+00:00
[2025-04-23T12:40:56.456+0000] {processor.py:208} INFO - Processing /opt/airflow/dags/my_dag.py took 0.145 seconds
[2025-04-23T12:41:26.781+0000] {processor.py:186} INFO - Started process (PID=5602) to work on /opt/airflow/dags/my_dag.py
[2025-04-23T12:41:26.784+0000] {processor.py:914} INFO - Processing file /opt/airflow/dags/my_dag.py for tasks to queue
[2025-04-23T12:41:26.789+0000] {logging_mixin.py:190} INFO - [2025-04-23T12:41:26.788+0000] {dagbag.py:588} INFO - Filling up the DagBag from /opt/airflow/dags/my_dag.py
[2025-04-23T12:41:26.818+0000] {processor.py:925} INFO - DAG(s) 'TFL_DATA_DAG' retrieved from /opt/airflow/dags/my_dag.py
[2025-04-23T12:41:26.856+0000] {logging_mixin.py:190} INFO - [2025-04-23T12:41:26.855+0000] {dag.py:3239} INFO - Sync 1 DAGs
[2025-04-23T12:41:26.889+0000] {logging_mixin.py:190} INFO - [2025-04-23T12:41:26.888+0000] {dag.py:4180} INFO - Setting next_dagrun for TFL_DATA_DAG to 2025-04-23 00:00:00+00:00, run_after=2025-04-24 00:00:00+00:00
[2025-04-23T12:41:26.915+0000] {processor.py:208} INFO - Processing /opt/airflow/dags/my_dag.py took 0.144 seconds
[2025-04-23T12:41:57.237+0000] {processor.py:186} INFO - Started process (PID=5622) to work on /opt/airflow/dags/my_dag.py
[2025-04-23T12:41:57.240+0000] {processor.py:914} INFO - Processing file /opt/airflow/dags/my_dag.py for tasks to queue
[2025-04-23T12:41:57.250+0000] {logging_mixin.py:190} INFO - [2025-04-23T12:41:57.249+0000] {dagbag.py:588} INFO - Filling up the DagBag from /opt/airflow/dags/my_dag.py
[2025-04-23T12:41:57.287+0000] {processor.py:925} INFO - DAG(s) 'TFL_DATA_DAG' retrieved from /opt/airflow/dags/my_dag.py
[2025-04-23T12:41:57.320+0000] {logging_mixin.py:190} INFO - [2025-04-23T12:41:57.320+0000] {dag.py:3239} INFO - Sync 1 DAGs
[2025-04-23T12:41:57.354+0000] {logging_mixin.py:190} INFO - [2025-04-23T12:41:57.354+0000] {dag.py:4180} INFO - Setting next_dagrun for TFL_DATA_DAG to 2025-04-23 00:00:00+00:00, run_after=2025-04-24 00:00:00+00:00
[2025-04-23T12:41:57.381+0000] {processor.py:208} INFO - Processing /opt/airflow/dags/my_dag.py took 0.152 seconds
[2025-04-23T12:42:27.719+0000] {processor.py:186} INFO - Started process (PID=5643) to work on /opt/airflow/dags/my_dag.py
[2025-04-23T12:42:27.722+0000] {processor.py:914} INFO - Processing file /opt/airflow/dags/my_dag.py for tasks to queue
[2025-04-23T12:42:27.727+0000] {logging_mixin.py:190} INFO - [2025-04-23T12:42:27.726+0000] {dagbag.py:588} INFO - Filling up the DagBag from /opt/airflow/dags/my_dag.py
[2025-04-23T12:42:27.757+0000] {processor.py:925} INFO - DAG(s) 'TFL_DATA_DAG' retrieved from /opt/airflow/dags/my_dag.py
[2025-04-23T12:42:27.794+0000] {logging_mixin.py:190} INFO - [2025-04-23T12:42:27.794+0000] {dag.py:3239} INFO - Sync 1 DAGs
[2025-04-23T12:42:27.830+0000] {logging_mixin.py:190} INFO - [2025-04-23T12:42:27.829+0000] {dag.py:4180} INFO - Setting next_dagrun for TFL_DATA_DAG to 2025-04-23 00:00:00+00:00, run_after=2025-04-24 00:00:00+00:00
[2025-04-23T12:42:27.858+0000] {processor.py:208} INFO - Processing /opt/airflow/dags/my_dag.py took 0.147 seconds
[2025-04-23T12:42:58.190+0000] {processor.py:186} INFO - Started process (PID=5664) to work on /opt/airflow/dags/my_dag.py
[2025-04-23T12:42:58.193+0000] {processor.py:914} INFO - Processing file /opt/airflow/dags/my_dag.py for tasks to queue
[2025-04-23T12:42:58.197+0000] {logging_mixin.py:190} INFO - [2025-04-23T12:42:58.196+0000] {dagbag.py:588} INFO - Filling up the DagBag from /opt/airflow/dags/my_dag.py
[2025-04-23T12:42:58.231+0000] {processor.py:925} INFO - DAG(s) 'TFL_DATA_DAG' retrieved from /opt/airflow/dags/my_dag.py
[2025-04-23T12:42:58.267+0000] {logging_mixin.py:190} INFO - [2025-04-23T12:42:58.266+0000] {dag.py:3239} INFO - Sync 1 DAGs
[2025-04-23T12:42:58.308+0000] {logging_mixin.py:190} INFO - [2025-04-23T12:42:58.308+0000] {dag.py:4180} INFO - Setting next_dagrun for TFL_DATA_DAG to 2025-04-23 00:00:00+00:00, run_after=2025-04-24 00:00:00+00:00
[2025-04-23T12:42:58.337+0000] {processor.py:208} INFO - Processing /opt/airflow/dags/my_dag.py took 0.156 seconds
[2025-04-23T12:43:28.700+0000] {processor.py:186} INFO - Started process (PID=5685) to work on /opt/airflow/dags/my_dag.py
[2025-04-23T12:43:28.703+0000] {processor.py:914} INFO - Processing file /opt/airflow/dags/my_dag.py for tasks to queue
[2025-04-23T12:43:28.707+0000] {logging_mixin.py:190} INFO - [2025-04-23T12:43:28.707+0000] {dagbag.py:588} INFO - Filling up the DagBag from /opt/airflow/dags/my_dag.py
[2025-04-23T12:43:28.757+0000] {processor.py:925} INFO - DAG(s) 'TFL_DATA_DAG' retrieved from /opt/airflow/dags/my_dag.py
[2025-04-23T12:43:28.787+0000] {logging_mixin.py:190} INFO - [2025-04-23T12:43:28.786+0000] {dag.py:3239} INFO - Sync 1 DAGs
[2025-04-23T12:43:28.814+0000] {logging_mixin.py:190} INFO - [2025-04-23T12:43:28.814+0000] {dag.py:4180} INFO - Setting next_dagrun for TFL_DATA_DAG to 2025-04-23 00:00:00+00:00, run_after=2025-04-24 00:00:00+00:00
[2025-04-23T12:43:28.842+0000] {processor.py:208} INFO - Processing /opt/airflow/dags/my_dag.py took 0.149 seconds
[2025-04-23T12:43:59.233+0000] {processor.py:186} INFO - Started process (PID=5706) to work on /opt/airflow/dags/my_dag.py
[2025-04-23T12:43:59.237+0000] {processor.py:914} INFO - Processing file /opt/airflow/dags/my_dag.py for tasks to queue
[2025-04-23T12:43:59.244+0000] {logging_mixin.py:190} INFO - [2025-04-23T12:43:59.243+0000] {dagbag.py:588} INFO - Filling up the DagBag from /opt/airflow/dags/my_dag.py
[2025-04-23T12:43:59.307+0000] {processor.py:925} INFO - DAG(s) 'TFL_DATA_DAG' retrieved from /opt/airflow/dags/my_dag.py
[2025-04-23T12:43:59.360+0000] {logging_mixin.py:190} INFO - [2025-04-23T12:43:59.359+0000] {dag.py:3239} INFO - Sync 1 DAGs
[2025-04-23T12:43:59.401+0000] {logging_mixin.py:190} INFO - [2025-04-23T12:43:59.401+0000] {dag.py:4180} INFO - Setting next_dagrun for TFL_DATA_DAG to 2025-04-23 00:00:00+00:00, run_after=2025-04-24 00:00:00+00:00
[2025-04-23T12:43:59.431+0000] {processor.py:208} INFO - Processing /opt/airflow/dags/my_dag.py took 0.207 seconds
[2025-04-23T12:44:29.783+0000] {processor.py:186} INFO - Started process (PID=5726) to work on /opt/airflow/dags/my_dag.py
[2025-04-23T12:44:29.786+0000] {processor.py:914} INFO - Processing file /opt/airflow/dags/my_dag.py for tasks to queue
[2025-04-23T12:44:29.791+0000] {logging_mixin.py:190} INFO - [2025-04-23T12:44:29.790+0000] {dagbag.py:588} INFO - Filling up the DagBag from /opt/airflow/dags/my_dag.py
[2025-04-23T12:44:29.827+0000] {processor.py:925} INFO - DAG(s) 'TFL_DATA_DAG' retrieved from /opt/airflow/dags/my_dag.py
[2025-04-23T12:44:29.873+0000] {logging_mixin.py:190} INFO - [2025-04-23T12:44:29.872+0000] {dag.py:3239} INFO - Sync 1 DAGs
[2025-04-23T12:44:29.913+0000] {logging_mixin.py:190} INFO - [2025-04-23T12:44:29.913+0000] {dag.py:4180} INFO - Setting next_dagrun for TFL_DATA_DAG to 2025-04-23 00:00:00+00:00, run_after=2025-04-24 00:00:00+00:00
[2025-04-23T12:44:29.946+0000] {processor.py:208} INFO - Processing /opt/airflow/dags/my_dag.py took 0.171 seconds
[2025-04-23T12:45:00.289+0000] {processor.py:186} INFO - Started process (PID=5747) to work on /opt/airflow/dags/my_dag.py
[2025-04-23T12:45:00.291+0000] {processor.py:914} INFO - Processing file /opt/airflow/dags/my_dag.py for tasks to queue
[2025-04-23T12:45:00.295+0000] {logging_mixin.py:190} INFO - [2025-04-23T12:45:00.295+0000] {dagbag.py:588} INFO - Filling up the DagBag from /opt/airflow/dags/my_dag.py
[2025-04-23T12:45:00.332+0000] {processor.py:925} INFO - DAG(s) 'TFL_DATA_DAG' retrieved from /opt/airflow/dags/my_dag.py
[2025-04-23T12:45:00.370+0000] {logging_mixin.py:190} INFO - [2025-04-23T12:45:00.369+0000] {dag.py:3239} INFO - Sync 1 DAGs
[2025-04-23T12:45:00.409+0000] {logging_mixin.py:190} INFO - [2025-04-23T12:45:00.408+0000] {dag.py:4180} INFO - Setting next_dagrun for TFL_DATA_DAG to 2025-04-23 00:00:00+00:00, run_after=2025-04-24 00:00:00+00:00
[2025-04-23T12:45:00.438+0000] {processor.py:208} INFO - Processing /opt/airflow/dags/my_dag.py took 0.159 seconds
[2025-04-23T12:45:30.776+0000] {processor.py:186} INFO - Started process (PID=5768) to work on /opt/airflow/dags/my_dag.py
[2025-04-23T12:45:30.779+0000] {processor.py:914} INFO - Processing file /opt/airflow/dags/my_dag.py for tasks to queue
[2025-04-23T12:45:30.784+0000] {logging_mixin.py:190} INFO - [2025-04-23T12:45:30.783+0000] {dagbag.py:588} INFO - Filling up the DagBag from /opt/airflow/dags/my_dag.py
[2025-04-23T12:45:30.816+0000] {processor.py:925} INFO - DAG(s) 'TFL_DATA_DAG' retrieved from /opt/airflow/dags/my_dag.py
[2025-04-23T12:45:30.851+0000] {logging_mixin.py:190} INFO - [2025-04-23T12:45:30.851+0000] {dag.py:3239} INFO - Sync 1 DAGs
[2025-04-23T12:45:30.883+0000] {logging_mixin.py:190} INFO - [2025-04-23T12:45:30.883+0000] {dag.py:4180} INFO - Setting next_dagrun for TFL_DATA_DAG to 2025-04-23 00:00:00+00:00, run_after=2025-04-24 00:00:00+00:00
[2025-04-23T12:45:30.908+0000] {processor.py:208} INFO - Processing /opt/airflow/dags/my_dag.py took 0.142 seconds
[2025-04-23T12:46:01.260+0000] {processor.py:186} INFO - Started process (PID=5789) to work on /opt/airflow/dags/my_dag.py
[2025-04-23T12:46:01.262+0000] {processor.py:914} INFO - Processing file /opt/airflow/dags/my_dag.py for tasks to queue
[2025-04-23T12:46:01.267+0000] {logging_mixin.py:190} INFO - [2025-04-23T12:46:01.267+0000] {dagbag.py:588} INFO - Filling up the DagBag from /opt/airflow/dags/my_dag.py
[2025-04-23T12:46:01.300+0000] {processor.py:925} INFO - DAG(s) 'TFL_DATA_DAG' retrieved from /opt/airflow/dags/my_dag.py
[2025-04-23T12:46:01.334+0000] {logging_mixin.py:190} INFO - [2025-04-23T12:46:01.334+0000] {dag.py:3239} INFO - Sync 1 DAGs
[2025-04-23T12:46:01.367+0000] {logging_mixin.py:190} INFO - [2025-04-23T12:46:01.367+0000] {dag.py:4180} INFO - Setting next_dagrun for TFL_DATA_DAG to 2025-04-23 00:00:00+00:00, run_after=2025-04-24 00:00:00+00:00
[2025-04-23T12:46:01.400+0000] {processor.py:208} INFO - Processing /opt/airflow/dags/my_dag.py took 0.149 seconds
[2025-04-23T12:46:31.733+0000] {processor.py:186} INFO - Started process (PID=5809) to work on /opt/airflow/dags/my_dag.py
[2025-04-23T12:46:31.736+0000] {processor.py:914} INFO - Processing file /opt/airflow/dags/my_dag.py for tasks to queue
[2025-04-23T12:46:31.741+0000] {logging_mixin.py:190} INFO - [2025-04-23T12:46:31.740+0000] {dagbag.py:588} INFO - Filling up the DagBag from /opt/airflow/dags/my_dag.py
[2025-04-23T12:46:31.772+0000] {processor.py:925} INFO - DAG(s) 'TFL_DATA_DAG' retrieved from /opt/airflow/dags/my_dag.py
[2025-04-23T12:46:31.808+0000] {logging_mixin.py:190} INFO - [2025-04-23T12:46:31.808+0000] {dag.py:3239} INFO - Sync 1 DAGs
[2025-04-23T12:46:31.845+0000] {logging_mixin.py:190} INFO - [2025-04-23T12:46:31.844+0000] {dag.py:4180} INFO - Setting next_dagrun for TFL_DATA_DAG to 2025-04-23 00:00:00+00:00, run_after=2025-04-24 00:00:00+00:00
[2025-04-23T12:46:31.874+0000] {processor.py:208} INFO - Processing /opt/airflow/dags/my_dag.py took 0.149 seconds
[2025-04-23T12:47:02.216+0000] {processor.py:186} INFO - Started process (PID=5830) to work on /opt/airflow/dags/my_dag.py
[2025-04-23T12:47:02.219+0000] {processor.py:914} INFO - Processing file /opt/airflow/dags/my_dag.py for tasks to queue
[2025-04-23T12:47:02.223+0000] {logging_mixin.py:190} INFO - [2025-04-23T12:47:02.223+0000] {dagbag.py:588} INFO - Filling up the DagBag from /opt/airflow/dags/my_dag.py
[2025-04-23T12:47:02.255+0000] {processor.py:925} INFO - DAG(s) 'TFL_DATA_DAG' retrieved from /opt/airflow/dags/my_dag.py
[2025-04-23T12:47:02.286+0000] {logging_mixin.py:190} INFO - [2025-04-23T12:47:02.285+0000] {dag.py:3239} INFO - Sync 1 DAGs
[2025-04-23T12:47:02.319+0000] {logging_mixin.py:190} INFO - [2025-04-23T12:47:02.319+0000] {dag.py:4180} INFO - Setting next_dagrun for TFL_DATA_DAG to 2025-04-23 00:00:00+00:00, run_after=2025-04-24 00:00:00+00:00
[2025-04-23T12:47:02.343+0000] {processor.py:208} INFO - Processing /opt/airflow/dags/my_dag.py took 0.135 seconds
[2025-04-23T12:47:32.703+0000] {processor.py:186} INFO - Started process (PID=5851) to work on /opt/airflow/dags/my_dag.py
[2025-04-23T12:47:32.706+0000] {processor.py:914} INFO - Processing file /opt/airflow/dags/my_dag.py for tasks to queue
[2025-04-23T12:47:32.710+0000] {logging_mixin.py:190} INFO - [2025-04-23T12:47:32.710+0000] {dagbag.py:588} INFO - Filling up the DagBag from /opt/airflow/dags/my_dag.py
[2025-04-23T12:47:32.748+0000] {processor.py:925} INFO - DAG(s) 'TFL_DATA_DAG' retrieved from /opt/airflow/dags/my_dag.py
[2025-04-23T12:47:32.801+0000] {logging_mixin.py:190} INFO - [2025-04-23T12:47:32.799+0000] {dag.py:3239} INFO - Sync 1 DAGs
[2025-04-23T12:47:32.845+0000] {logging_mixin.py:190} INFO - [2025-04-23T12:47:32.844+0000] {dag.py:4180} INFO - Setting next_dagrun for TFL_DATA_DAG to 2025-04-23 00:00:00+00:00, run_after=2025-04-24 00:00:00+00:00
[2025-04-23T12:47:32.881+0000] {processor.py:208} INFO - Processing /opt/airflow/dags/my_dag.py took 0.187 seconds
[2025-04-23T12:48:03.237+0000] {processor.py:186} INFO - Started process (PID=5872) to work on /opt/airflow/dags/my_dag.py
[2025-04-23T12:48:03.239+0000] {processor.py:914} INFO - Processing file /opt/airflow/dags/my_dag.py for tasks to queue
[2025-04-23T12:48:03.245+0000] {logging_mixin.py:190} INFO - [2025-04-23T12:48:03.244+0000] {dagbag.py:588} INFO - Filling up the DagBag from /opt/airflow/dags/my_dag.py
[2025-04-23T12:48:03.293+0000] {processor.py:925} INFO - DAG(s) 'TFL_DATA_DAG' retrieved from /opt/airflow/dags/my_dag.py
[2025-04-23T12:48:03.324+0000] {logging_mixin.py:190} INFO - [2025-04-23T12:48:03.324+0000] {dag.py:3239} INFO - Sync 1 DAGs
[2025-04-23T12:48:03.356+0000] {logging_mixin.py:190} INFO - [2025-04-23T12:48:03.356+0000] {dag.py:4180} INFO - Setting next_dagrun for TFL_DATA_DAG to 2025-04-23 00:00:00+00:00, run_after=2025-04-24 00:00:00+00:00
[2025-04-23T12:48:03.382+0000] {processor.py:208} INFO - Processing /opt/airflow/dags/my_dag.py took 0.152 seconds
[2025-04-23T12:48:33.728+0000] {processor.py:186} INFO - Started process (PID=5893) to work on /opt/airflow/dags/my_dag.py
[2025-04-23T12:48:33.732+0000] {processor.py:914} INFO - Processing file /opt/airflow/dags/my_dag.py for tasks to queue
[2025-04-23T12:48:33.736+0000] {logging_mixin.py:190} INFO - [2025-04-23T12:48:33.736+0000] {dagbag.py:588} INFO - Filling up the DagBag from /opt/airflow/dags/my_dag.py
[2025-04-23T12:48:33.767+0000] {processor.py:925} INFO - DAG(s) 'TFL_DATA_DAG' retrieved from /opt/airflow/dags/my_dag.py
[2025-04-23T12:48:33.800+0000] {logging_mixin.py:190} INFO - [2025-04-23T12:48:33.799+0000] {dag.py:3239} INFO - Sync 1 DAGs
[2025-04-23T12:48:33.831+0000] {logging_mixin.py:190} INFO - [2025-04-23T12:48:33.831+0000] {dag.py:4180} INFO - Setting next_dagrun for TFL_DATA_DAG to 2025-04-23 00:00:00+00:00, run_after=2025-04-24 00:00:00+00:00
[2025-04-23T12:48:33.859+0000] {processor.py:208} INFO - Processing /opt/airflow/dags/my_dag.py took 0.138 seconds
[2025-04-23T12:49:04.210+0000] {processor.py:186} INFO - Started process (PID=5920) to work on /opt/airflow/dags/my_dag.py
[2025-04-23T12:49:04.213+0000] {processor.py:914} INFO - Processing file /opt/airflow/dags/my_dag.py for tasks to queue
[2025-04-23T12:49:04.218+0000] {logging_mixin.py:190} INFO - [2025-04-23T12:49:04.218+0000] {dagbag.py:588} INFO - Filling up the DagBag from /opt/airflow/dags/my_dag.py
[2025-04-23T12:49:04.254+0000] {processor.py:925} INFO - DAG(s) 'TFL_DATA_DAG' retrieved from /opt/airflow/dags/my_dag.py
[2025-04-23T12:49:04.293+0000] {logging_mixin.py:190} INFO - [2025-04-23T12:49:04.291+0000] {dag.py:3239} INFO - Sync 1 DAGs
[2025-04-23T12:49:04.331+0000] {logging_mixin.py:190} INFO - [2025-04-23T12:49:04.331+0000] {dag.py:4180} INFO - Setting next_dagrun for TFL_DATA_DAG to 2025-04-23 00:00:00+00:00, run_after=2025-04-24 00:00:00+00:00
[2025-04-23T12:49:04.360+0000] {processor.py:208} INFO - Processing /opt/airflow/dags/my_dag.py took 0.158 seconds
[2025-04-23T12:49:34.698+0000] {processor.py:186} INFO - Started process (PID=5941) to work on /opt/airflow/dags/my_dag.py
[2025-04-23T12:49:34.700+0000] {processor.py:914} INFO - Processing file /opt/airflow/dags/my_dag.py for tasks to queue
[2025-04-23T12:49:34.704+0000] {logging_mixin.py:190} INFO - [2025-04-23T12:49:34.704+0000] {dagbag.py:588} INFO - Filling up the DagBag from /opt/airflow/dags/my_dag.py
[2025-04-23T12:49:34.734+0000] {processor.py:925} INFO - DAG(s) 'TFL_DATA_DAG' retrieved from /opt/airflow/dags/my_dag.py
[2025-04-23T12:49:34.770+0000] {logging_mixin.py:190} INFO - [2025-04-23T12:49:34.769+0000] {dag.py:3239} INFO - Sync 1 DAGs
[2025-04-23T12:49:34.802+0000] {logging_mixin.py:190} INFO - [2025-04-23T12:49:34.802+0000] {dag.py:4180} INFO - Setting next_dagrun for TFL_DATA_DAG to 2025-04-23 00:00:00+00:00, run_after=2025-04-24 00:00:00+00:00
[2025-04-23T12:49:34.829+0000] {processor.py:208} INFO - Processing /opt/airflow/dags/my_dag.py took 0.139 seconds
[2025-04-23T12:50:05.152+0000] {processor.py:186} INFO - Started process (PID=5962) to work on /opt/airflow/dags/my_dag.py
[2025-04-23T12:50:05.156+0000] {processor.py:914} INFO - Processing file /opt/airflow/dags/my_dag.py for tasks to queue
[2025-04-23T12:50:05.162+0000] {logging_mixin.py:190} INFO - [2025-04-23T12:50:05.162+0000] {dagbag.py:588} INFO - Filling up the DagBag from /opt/airflow/dags/my_dag.py
[2025-04-23T12:50:05.204+0000] {processor.py:925} INFO - DAG(s) 'TFL_DATA_DAG' retrieved from /opt/airflow/dags/my_dag.py
[2025-04-23T12:50:05.250+0000] {logging_mixin.py:190} INFO - [2025-04-23T12:50:05.249+0000] {dag.py:3239} INFO - Sync 1 DAGs
[2025-04-23T12:50:05.285+0000] {logging_mixin.py:190} INFO - [2025-04-23T12:50:05.284+0000] {dag.py:4180} INFO - Setting next_dagrun for TFL_DATA_DAG to 2025-04-23 00:00:00+00:00, run_after=2025-04-24 00:00:00+00:00
[2025-04-23T12:50:05.318+0000] {processor.py:208} INFO - Processing /opt/airflow/dags/my_dag.py took 0.175 seconds
[2025-04-23T12:50:35.645+0000] {processor.py:186} INFO - Started process (PID=5983) to work on /opt/airflow/dags/my_dag.py
[2025-04-23T12:50:35.648+0000] {processor.py:914} INFO - Processing file /opt/airflow/dags/my_dag.py for tasks to queue
[2025-04-23T12:50:35.653+0000] {logging_mixin.py:190} INFO - [2025-04-23T12:50:35.652+0000] {dagbag.py:588} INFO - Filling up the DagBag from /opt/airflow/dags/my_dag.py
[2025-04-23T12:50:35.688+0000] {processor.py:925} INFO - DAG(s) 'TFL_DATA_DAG' retrieved from /opt/airflow/dags/my_dag.py
[2025-04-23T12:50:35.722+0000] {logging_mixin.py:190} INFO - [2025-04-23T12:50:35.721+0000] {dag.py:3239} INFO - Sync 1 DAGs
[2025-04-23T12:50:35.758+0000] {logging_mixin.py:190} INFO - [2025-04-23T12:50:35.758+0000] {dag.py:4180} INFO - Setting next_dagrun for TFL_DATA_DAG to 2025-04-23 00:00:00+00:00, run_after=2025-04-24 00:00:00+00:00
[2025-04-23T12:50:35.791+0000] {processor.py:208} INFO - Processing /opt/airflow/dags/my_dag.py took 0.157 seconds
[2025-04-23T12:51:06.195+0000] {processor.py:186} INFO - Started process (PID=6004) to work on /opt/airflow/dags/my_dag.py
[2025-04-23T12:51:06.198+0000] {processor.py:914} INFO - Processing file /opt/airflow/dags/my_dag.py for tasks to queue
[2025-04-23T12:51:06.202+0000] {logging_mixin.py:190} INFO - [2025-04-23T12:51:06.202+0000] {dagbag.py:588} INFO - Filling up the DagBag from /opt/airflow/dags/my_dag.py
[2025-04-23T12:51:06.231+0000] {processor.py:925} INFO - DAG(s) 'TFL_DATA_DAG' retrieved from /opt/airflow/dags/my_dag.py
[2025-04-23T12:51:06.270+0000] {logging_mixin.py:190} INFO - [2025-04-23T12:51:06.269+0000] {dag.py:3239} INFO - Sync 1 DAGs
[2025-04-23T12:51:06.303+0000] {logging_mixin.py:190} INFO - [2025-04-23T12:51:06.302+0000] {dag.py:4180} INFO - Setting next_dagrun for TFL_DATA_DAG to 2025-04-23 00:00:00+00:00, run_after=2025-04-24 00:00:00+00:00
[2025-04-23T12:51:06.331+0000] {processor.py:208} INFO - Processing /opt/airflow/dags/my_dag.py took 0.145 seconds
[2025-04-23T12:51:36.682+0000] {processor.py:186} INFO - Started process (PID=6025) to work on /opt/airflow/dags/my_dag.py
[2025-04-23T12:51:36.684+0000] {processor.py:914} INFO - Processing file /opt/airflow/dags/my_dag.py for tasks to queue
[2025-04-23T12:51:36.689+0000] {logging_mixin.py:190} INFO - [2025-04-23T12:51:36.688+0000] {dagbag.py:588} INFO - Filling up the DagBag from /opt/airflow/dags/my_dag.py
[2025-04-23T12:51:36.721+0000] {processor.py:925} INFO - DAG(s) 'TFL_DATA_DAG' retrieved from /opt/airflow/dags/my_dag.py
[2025-04-23T12:51:36.764+0000] {logging_mixin.py:190} INFO - [2025-04-23T12:51:36.763+0000] {dag.py:3239} INFO - Sync 1 DAGs
[2025-04-23T12:51:36.803+0000] {logging_mixin.py:190} INFO - [2025-04-23T12:51:36.803+0000] {dag.py:4180} INFO - Setting next_dagrun for TFL_DATA_DAG to 2025-04-23 00:00:00+00:00, run_after=2025-04-24 00:00:00+00:00
[2025-04-23T12:51:36.834+0000] {processor.py:208} INFO - Processing /opt/airflow/dags/my_dag.py took 0.162 seconds
[2025-04-23T12:52:07.183+0000] {processor.py:186} INFO - Started process (PID=6046) to work on /opt/airflow/dags/my_dag.py
[2025-04-23T12:52:07.186+0000] {processor.py:914} INFO - Processing file /opt/airflow/dags/my_dag.py for tasks to queue
[2025-04-23T12:52:07.192+0000] {logging_mixin.py:190} INFO - [2025-04-23T12:52:07.191+0000] {dagbag.py:588} INFO - Filling up the DagBag from /opt/airflow/dags/my_dag.py
[2025-04-23T12:52:07.240+0000] {processor.py:925} INFO - DAG(s) 'TFL_DATA_DAG' retrieved from /opt/airflow/dags/my_dag.py
[2025-04-23T12:52:07.284+0000] {logging_mixin.py:190} INFO - [2025-04-23T12:52:07.284+0000] {dag.py:3239} INFO - Sync 1 DAGs
[2025-04-23T12:52:07.327+0000] {logging_mixin.py:190} INFO - [2025-04-23T12:52:07.327+0000] {dag.py:4180} INFO - Setting next_dagrun for TFL_DATA_DAG to 2025-04-23 00:00:00+00:00, run_after=2025-04-24 00:00:00+00:00
[2025-04-23T12:52:07.352+0000] {processor.py:208} INFO - Processing /opt/airflow/dags/my_dag.py took 0.177 seconds
[2025-04-23T12:52:37.681+0000] {processor.py:186} INFO - Started process (PID=6067) to work on /opt/airflow/dags/my_dag.py
[2025-04-23T12:52:37.684+0000] {processor.py:914} INFO - Processing file /opt/airflow/dags/my_dag.py for tasks to queue
[2025-04-23T12:52:37.689+0000] {logging_mixin.py:190} INFO - [2025-04-23T12:52:37.688+0000] {dagbag.py:588} INFO - Filling up the DagBag from /opt/airflow/dags/my_dag.py
[2025-04-23T12:52:37.724+0000] {processor.py:925} INFO - DAG(s) 'TFL_DATA_DAG' retrieved from /opt/airflow/dags/my_dag.py
[2025-04-23T12:52:37.766+0000] {logging_mixin.py:190} INFO - [2025-04-23T12:52:37.765+0000] {dag.py:3239} INFO - Sync 1 DAGs
[2025-04-23T12:52:37.805+0000] {logging_mixin.py:190} INFO - [2025-04-23T12:52:37.804+0000] {dag.py:4180} INFO - Setting next_dagrun for TFL_DATA_DAG to 2025-04-23 00:00:00+00:00, run_after=2025-04-24 00:00:00+00:00
[2025-04-23T12:52:37.836+0000] {processor.py:208} INFO - Processing /opt/airflow/dags/my_dag.py took 0.163 seconds
[2025-04-23T12:53:08.178+0000] {processor.py:186} INFO - Started process (PID=6088) to work on /opt/airflow/dags/my_dag.py
[2025-04-23T12:53:08.181+0000] {processor.py:914} INFO - Processing file /opt/airflow/dags/my_dag.py for tasks to queue
[2025-04-23T12:53:08.186+0000] {logging_mixin.py:190} INFO - [2025-04-23T12:53:08.185+0000] {dagbag.py:588} INFO - Filling up the DagBag from /opt/airflow/dags/my_dag.py
[2025-04-23T12:53:08.220+0000] {processor.py:925} INFO - DAG(s) 'TFL_DATA_DAG' retrieved from /opt/airflow/dags/my_dag.py
[2025-04-23T12:53:08.263+0000] {logging_mixin.py:190} INFO - [2025-04-23T12:53:08.263+0000] {dag.py:3239} INFO - Sync 1 DAGs
[2025-04-23T12:53:08.311+0000] {logging_mixin.py:190} INFO - [2025-04-23T12:53:08.310+0000] {dag.py:4180} INFO - Setting next_dagrun for TFL_DATA_DAG to 2025-04-23 00:00:00+00:00, run_after=2025-04-24 00:00:00+00:00
[2025-04-23T12:53:08.344+0000] {processor.py:208} INFO - Processing /opt/airflow/dags/my_dag.py took 0.174 seconds
[2025-04-23T12:53:38.726+0000] {processor.py:186} INFO - Started process (PID=6108) to work on /opt/airflow/dags/my_dag.py
[2025-04-23T12:53:38.730+0000] {processor.py:914} INFO - Processing file /opt/airflow/dags/my_dag.py for tasks to queue
[2025-04-23T12:53:38.741+0000] {logging_mixin.py:190} INFO - [2025-04-23T12:53:38.740+0000] {dagbag.py:588} INFO - Filling up the DagBag from /opt/airflow/dags/my_dag.py
[2025-04-23T12:53:38.808+0000] {processor.py:925} INFO - DAG(s) 'TFL_DATA_DAG' retrieved from /opt/airflow/dags/my_dag.py
[2025-04-23T12:53:38.859+0000] {logging_mixin.py:190} INFO - [2025-04-23T12:53:38.858+0000] {dag.py:3239} INFO - Sync 1 DAGs
[2025-04-23T12:53:38.888+0000] {logging_mixin.py:190} INFO - [2025-04-23T12:53:38.888+0000] {dag.py:4180} INFO - Setting next_dagrun for TFL_DATA_DAG to 2025-04-23 00:00:00+00:00, run_after=2025-04-24 00:00:00+00:00
[2025-04-23T12:53:38.913+0000] {processor.py:208} INFO - Processing /opt/airflow/dags/my_dag.py took 0.200 seconds
[2025-04-23T12:54:09.265+0000] {processor.py:186} INFO - Started process (PID=6129) to work on /opt/airflow/dags/my_dag.py
[2025-04-23T12:54:09.267+0000] {processor.py:914} INFO - Processing file /opt/airflow/dags/my_dag.py for tasks to queue
[2025-04-23T12:54:09.271+0000] {logging_mixin.py:190} INFO - [2025-04-23T12:54:09.270+0000] {dagbag.py:588} INFO - Filling up the DagBag from /opt/airflow/dags/my_dag.py
[2025-04-23T12:54:09.315+0000] {processor.py:925} INFO - DAG(s) 'TFL_DATA_DAG' retrieved from /opt/airflow/dags/my_dag.py
[2025-04-23T12:54:09.350+0000] {logging_mixin.py:190} INFO - [2025-04-23T12:54:09.349+0000] {dag.py:3239} INFO - Sync 1 DAGs
[2025-04-23T12:54:09.382+0000] {logging_mixin.py:190} INFO - [2025-04-23T12:54:09.382+0000] {dag.py:4180} INFO - Setting next_dagrun for TFL_DATA_DAG to 2025-04-23 00:00:00+00:00, run_after=2025-04-24 00:00:00+00:00
[2025-04-23T12:54:09.416+0000] {processor.py:208} INFO - Processing /opt/airflow/dags/my_dag.py took 0.158 seconds
[2025-04-23T12:54:39.781+0000] {processor.py:186} INFO - Started process (PID=6150) to work on /opt/airflow/dags/my_dag.py
[2025-04-23T12:54:39.784+0000] {processor.py:914} INFO - Processing file /opt/airflow/dags/my_dag.py for tasks to queue
[2025-04-23T12:54:39.790+0000] {logging_mixin.py:190} INFO - [2025-04-23T12:54:39.789+0000] {dagbag.py:588} INFO - Filling up the DagBag from /opt/airflow/dags/my_dag.py
[2025-04-23T12:54:39.824+0000] {processor.py:925} INFO - DAG(s) 'TFL_DATA_DAG' retrieved from /opt/airflow/dags/my_dag.py
[2025-04-23T12:54:39.869+0000] {logging_mixin.py:190} INFO - [2025-04-23T12:54:39.868+0000] {dag.py:3239} INFO - Sync 1 DAGs
[2025-04-23T12:54:39.906+0000] {logging_mixin.py:190} INFO - [2025-04-23T12:54:39.905+0000] {dag.py:4180} INFO - Setting next_dagrun for TFL_DATA_DAG to 2025-04-23 00:00:00+00:00, run_after=2025-04-24 00:00:00+00:00
[2025-04-23T12:54:39.936+0000] {processor.py:208} INFO - Processing /opt/airflow/dags/my_dag.py took 0.166 seconds
[2025-04-23T12:55:10.288+0000] {processor.py:186} INFO - Started process (PID=6171) to work on /opt/airflow/dags/my_dag.py
[2025-04-23T12:55:10.291+0000] {processor.py:914} INFO - Processing file /opt/airflow/dags/my_dag.py for tasks to queue
[2025-04-23T12:55:10.296+0000] {logging_mixin.py:190} INFO - [2025-04-23T12:55:10.296+0000] {dagbag.py:588} INFO - Filling up the DagBag from /opt/airflow/dags/my_dag.py
[2025-04-23T12:55:10.332+0000] {processor.py:925} INFO - DAG(s) 'TFL_DATA_DAG' retrieved from /opt/airflow/dags/my_dag.py
[2025-04-23T12:55:10.378+0000] {logging_mixin.py:190} INFO - [2025-04-23T12:55:10.377+0000] {dag.py:3239} INFO - Sync 1 DAGs
[2025-04-23T12:55:10.418+0000] {logging_mixin.py:190} INFO - [2025-04-23T12:55:10.418+0000] {dag.py:4180} INFO - Setting next_dagrun for TFL_DATA_DAG to 2025-04-23 00:00:00+00:00, run_after=2025-04-24 00:00:00+00:00
[2025-04-23T12:55:10.451+0000] {processor.py:208} INFO - Processing /opt/airflow/dags/my_dag.py took 0.172 seconds
[2025-04-23T12:55:40.789+0000] {processor.py:186} INFO - Started process (PID=6192) to work on /opt/airflow/dags/my_dag.py
[2025-04-23T12:55:40.791+0000] {processor.py:914} INFO - Processing file /opt/airflow/dags/my_dag.py for tasks to queue
[2025-04-23T12:55:40.799+0000] {logging_mixin.py:190} INFO - [2025-04-23T12:55:40.798+0000] {dagbag.py:588} INFO - Filling up the DagBag from /opt/airflow/dags/my_dag.py
[2025-04-23T12:55:40.840+0000] {processor.py:925} INFO - DAG(s) 'TFL_DATA_DAG' retrieved from /opt/airflow/dags/my_dag.py
[2025-04-23T12:55:40.886+0000] {logging_mixin.py:190} INFO - [2025-04-23T12:55:40.885+0000] {dag.py:3239} INFO - Sync 1 DAGs
[2025-04-23T12:55:40.932+0000] {logging_mixin.py:190} INFO - [2025-04-23T12:55:40.931+0000] {dag.py:4180} INFO - Setting next_dagrun for TFL_DATA_DAG to 2025-04-23 00:00:00+00:00, run_after=2025-04-24 00:00:00+00:00
[2025-04-23T12:55:40.972+0000] {processor.py:208} INFO - Processing /opt/airflow/dags/my_dag.py took 0.191 seconds
[2025-04-23T12:56:11.351+0000] {processor.py:186} INFO - Started process (PID=6213) to work on /opt/airflow/dags/my_dag.py
[2025-04-23T12:56:11.353+0000] {processor.py:914} INFO - Processing file /opt/airflow/dags/my_dag.py for tasks to queue
[2025-04-23T12:56:11.359+0000] {logging_mixin.py:190} INFO - [2025-04-23T12:56:11.358+0000] {dagbag.py:588} INFO - Filling up the DagBag from /opt/airflow/dags/my_dag.py
[2025-04-23T12:56:11.394+0000] {processor.py:925} INFO - DAG(s) 'TFL_DATA_DAG' retrieved from /opt/airflow/dags/my_dag.py
[2025-04-23T12:56:11.430+0000] {logging_mixin.py:190} INFO - [2025-04-23T12:56:11.430+0000] {dag.py:3239} INFO - Sync 1 DAGs
[2025-04-23T12:56:11.466+0000] {logging_mixin.py:190} INFO - [2025-04-23T12:56:11.466+0000] {dag.py:4180} INFO - Setting next_dagrun for TFL_DATA_DAG to 2025-04-23 00:00:00+00:00, run_after=2025-04-24 00:00:00+00:00
[2025-04-23T12:56:11.502+0000] {processor.py:208} INFO - Processing /opt/airflow/dags/my_dag.py took 0.160 seconds
[2025-04-23T12:56:41.849+0000] {processor.py:186} INFO - Started process (PID=6234) to work on /opt/airflow/dags/my_dag.py
[2025-04-23T12:56:41.855+0000] {processor.py:914} INFO - Processing file /opt/airflow/dags/my_dag.py for tasks to queue
[2025-04-23T12:56:41.865+0000] {logging_mixin.py:190} INFO - [2025-04-23T12:56:41.864+0000] {dagbag.py:588} INFO - Filling up the DagBag from /opt/airflow/dags/my_dag.py
[2025-04-23T12:56:41.897+0000] {processor.py:925} INFO - DAG(s) 'TFL_DATA_DAG' retrieved from /opt/airflow/dags/my_dag.py
[2025-04-23T12:56:41.935+0000] {logging_mixin.py:190} INFO - [2025-04-23T12:56:41.934+0000] {dag.py:3239} INFO - Sync 1 DAGs
[2025-04-23T12:56:41.972+0000] {logging_mixin.py:190} INFO - [2025-04-23T12:56:41.972+0000] {dag.py:4180} INFO - Setting next_dagrun for TFL_DATA_DAG to 2025-04-23 00:00:00+00:00, run_after=2025-04-24 00:00:00+00:00
[2025-04-23T12:56:42.007+0000] {processor.py:208} INFO - Processing /opt/airflow/dags/my_dag.py took 0.170 seconds
[2025-04-23T12:57:12.349+0000] {processor.py:186} INFO - Started process (PID=6255) to work on /opt/airflow/dags/my_dag.py
[2025-04-23T12:57:12.352+0000] {processor.py:914} INFO - Processing file /opt/airflow/dags/my_dag.py for tasks to queue
[2025-04-23T12:57:12.357+0000] {logging_mixin.py:190} INFO - [2025-04-23T12:57:12.357+0000] {dagbag.py:588} INFO - Filling up the DagBag from /opt/airflow/dags/my_dag.py
[2025-04-23T12:57:12.389+0000] {processor.py:925} INFO - DAG(s) 'TFL_DATA_DAG' retrieved from /opt/airflow/dags/my_dag.py
[2025-04-23T12:57:12.428+0000] {logging_mixin.py:190} INFO - [2025-04-23T12:57:12.427+0000] {dag.py:3239} INFO - Sync 1 DAGs
[2025-04-23T12:57:12.462+0000] {logging_mixin.py:190} INFO - [2025-04-23T12:57:12.461+0000] {dag.py:4180} INFO - Setting next_dagrun for TFL_DATA_DAG to 2025-04-23 00:00:00+00:00, run_after=2025-04-24 00:00:00+00:00
[2025-04-23T12:57:12.487+0000] {processor.py:208} INFO - Processing /opt/airflow/dags/my_dag.py took 0.147 seconds
[2025-04-23T12:57:42.854+0000] {processor.py:186} INFO - Started process (PID=6276) to work on /opt/airflow/dags/my_dag.py
[2025-04-23T12:57:42.856+0000] {processor.py:914} INFO - Processing file /opt/airflow/dags/my_dag.py for tasks to queue
[2025-04-23T12:57:42.861+0000] {logging_mixin.py:190} INFO - [2025-04-23T12:57:42.860+0000] {dagbag.py:588} INFO - Filling up the DagBag from /opt/airflow/dags/my_dag.py
[2025-04-23T12:57:42.891+0000] {processor.py:925} INFO - DAG(s) 'TFL_DATA_DAG' retrieved from /opt/airflow/dags/my_dag.py
[2025-04-23T12:57:42.925+0000] {logging_mixin.py:190} INFO - [2025-04-23T12:57:42.924+0000] {dag.py:3239} INFO - Sync 1 DAGs
[2025-04-23T12:57:42.957+0000] {logging_mixin.py:190} INFO - [2025-04-23T12:57:42.957+0000] {dag.py:4180} INFO - Setting next_dagrun for TFL_DATA_DAG to 2025-04-23 00:00:00+00:00, run_after=2025-04-24 00:00:00+00:00
[2025-04-23T12:57:42.983+0000] {processor.py:208} INFO - Processing /opt/airflow/dags/my_dag.py took 0.139 seconds
[2025-04-23T12:58:13.312+0000] {processor.py:186} INFO - Started process (PID=6297) to work on /opt/airflow/dags/my_dag.py
[2025-04-23T12:58:13.314+0000] {processor.py:914} INFO - Processing file /opt/airflow/dags/my_dag.py for tasks to queue
[2025-04-23T12:58:13.318+0000] {logging_mixin.py:190} INFO - [2025-04-23T12:58:13.318+0000] {dagbag.py:588} INFO - Filling up the DagBag from /opt/airflow/dags/my_dag.py
[2025-04-23T12:58:13.348+0000] {processor.py:925} INFO - DAG(s) 'TFL_DATA_DAG' retrieved from /opt/airflow/dags/my_dag.py
[2025-04-23T12:58:13.383+0000] {logging_mixin.py:190} INFO - [2025-04-23T12:58:13.382+0000] {dag.py:3239} INFO - Sync 1 DAGs
[2025-04-23T12:58:13.412+0000] {logging_mixin.py:190} INFO - [2025-04-23T12:58:13.412+0000] {dag.py:4180} INFO - Setting next_dagrun for TFL_DATA_DAG to 2025-04-23 00:00:00+00:00, run_after=2025-04-24 00:00:00+00:00
[2025-04-23T12:58:13.434+0000] {processor.py:208} INFO - Processing /opt/airflow/dags/my_dag.py took 0.129 seconds
[2025-04-23T12:58:43.804+0000] {processor.py:186} INFO - Started process (PID=6318) to work on /opt/airflow/dags/my_dag.py
[2025-04-23T12:58:43.807+0000] {processor.py:914} INFO - Processing file /opt/airflow/dags/my_dag.py for tasks to queue
[2025-04-23T12:58:43.813+0000] {logging_mixin.py:190} INFO - [2025-04-23T12:58:43.812+0000] {dagbag.py:588} INFO - Filling up the DagBag from /opt/airflow/dags/my_dag.py
[2025-04-23T12:58:43.870+0000] {processor.py:925} INFO - DAG(s) 'TFL_DATA_DAG' retrieved from /opt/airflow/dags/my_dag.py
[2025-04-23T12:58:43.903+0000] {logging_mixin.py:190} INFO - [2025-04-23T12:58:43.902+0000] {dag.py:3239} INFO - Sync 1 DAGs
[2025-04-23T12:58:43.938+0000] {logging_mixin.py:190} INFO - [2025-04-23T12:58:43.937+0000] {dag.py:4180} INFO - Setting next_dagrun for TFL_DATA_DAG to 2025-04-23 00:00:00+00:00, run_after=2025-04-24 00:00:00+00:00
[2025-04-23T12:58:43.966+0000] {processor.py:208} INFO - Processing /opt/airflow/dags/my_dag.py took 0.174 seconds
[2025-04-23T12:59:14.324+0000] {processor.py:186} INFO - Started process (PID=6339) to work on /opt/airflow/dags/my_dag.py
[2025-04-23T12:59:14.326+0000] {processor.py:914} INFO - Processing file /opt/airflow/dags/my_dag.py for tasks to queue
[2025-04-23T12:59:14.331+0000] {logging_mixin.py:190} INFO - [2025-04-23T12:59:14.330+0000] {dagbag.py:588} INFO - Filling up the DagBag from /opt/airflow/dags/my_dag.py
[2025-04-23T12:59:14.360+0000] {processor.py:925} INFO - DAG(s) 'TFL_DATA_DAG' retrieved from /opt/airflow/dags/my_dag.py
[2025-04-23T12:59:14.394+0000] {logging_mixin.py:190} INFO - [2025-04-23T12:59:14.394+0000] {dag.py:3239} INFO - Sync 1 DAGs
[2025-04-23T12:59:14.423+0000] {logging_mixin.py:190} INFO - [2025-04-23T12:59:14.423+0000] {dag.py:4180} INFO - Setting next_dagrun for TFL_DATA_DAG to 2025-04-23 00:00:00+00:00, run_after=2025-04-24 00:00:00+00:00
[2025-04-23T12:59:14.450+0000] {processor.py:208} INFO - Processing /opt/airflow/dags/my_dag.py took 0.132 seconds
[2025-04-23T12:59:44.787+0000] {processor.py:186} INFO - Started process (PID=6361) to work on /opt/airflow/dags/my_dag.py
[2025-04-23T12:59:44.790+0000] {processor.py:914} INFO - Processing file /opt/airflow/dags/my_dag.py for tasks to queue
[2025-04-23T12:59:44.795+0000] {logging_mixin.py:190} INFO - [2025-04-23T12:59:44.794+0000] {dagbag.py:588} INFO - Filling up the DagBag from /opt/airflow/dags/my_dag.py
[2025-04-23T12:59:44.825+0000] {processor.py:925} INFO - DAG(s) 'TFL_DATA_DAG' retrieved from /opt/airflow/dags/my_dag.py
[2025-04-23T12:59:44.860+0000] {logging_mixin.py:190} INFO - [2025-04-23T12:59:44.860+0000] {dag.py:3239} INFO - Sync 1 DAGs
[2025-04-23T12:59:44.894+0000] {logging_mixin.py:190} INFO - [2025-04-23T12:59:44.894+0000] {dag.py:4180} INFO - Setting next_dagrun for TFL_DATA_DAG to 2025-04-23 00:00:00+00:00, run_after=2025-04-24 00:00:00+00:00
[2025-04-23T12:59:44.926+0000] {processor.py:208} INFO - Processing /opt/airflow/dags/my_dag.py took 0.147 seconds
[2025-04-23T13:00:15.295+0000] {processor.py:186} INFO - Started process (PID=6382) to work on /opt/airflow/dags/my_dag.py
[2025-04-23T13:00:15.298+0000] {processor.py:914} INFO - Processing file /opt/airflow/dags/my_dag.py for tasks to queue
[2025-04-23T13:00:15.305+0000] {logging_mixin.py:190} INFO - [2025-04-23T13:00:15.304+0000] {dagbag.py:588} INFO - Filling up the DagBag from /opt/airflow/dags/my_dag.py
[2025-04-23T13:00:15.352+0000] {processor.py:925} INFO - DAG(s) 'TFL_DATA_DAG' retrieved from /opt/airflow/dags/my_dag.py
[2025-04-23T13:00:15.382+0000] {logging_mixin.py:190} INFO - [2025-04-23T13:00:15.382+0000] {dag.py:3239} INFO - Sync 1 DAGs
[2025-04-23T13:00:15.420+0000] {logging_mixin.py:190} INFO - [2025-04-23T13:00:15.419+0000] {dag.py:4180} INFO - Setting next_dagrun for TFL_DATA_DAG to 2025-04-23 00:00:00+00:00, run_after=2025-04-24 00:00:00+00:00
[2025-04-23T13:00:15.454+0000] {processor.py:208} INFO - Processing /opt/airflow/dags/my_dag.py took 0.169 seconds
[2025-04-23T13:00:45.818+0000] {processor.py:186} INFO - Started process (PID=6403) to work on /opt/airflow/dags/my_dag.py
[2025-04-23T13:00:45.820+0000] {processor.py:914} INFO - Processing file /opt/airflow/dags/my_dag.py for tasks to queue
[2025-04-23T13:00:45.826+0000] {logging_mixin.py:190} INFO - [2025-04-23T13:00:45.826+0000] {dagbag.py:588} INFO - Filling up the DagBag from /opt/airflow/dags/my_dag.py
[2025-04-23T13:00:45.861+0000] {processor.py:925} INFO - DAG(s) 'TFL_DATA_DAG' retrieved from /opt/airflow/dags/my_dag.py
[2025-04-23T13:00:45.896+0000] {logging_mixin.py:190} INFO - [2025-04-23T13:00:45.896+0000] {dag.py:3239} INFO - Sync 1 DAGs
[2025-04-23T13:00:45.929+0000] {logging_mixin.py:190} INFO - [2025-04-23T13:00:45.929+0000] {dag.py:4180} INFO - Setting next_dagrun for TFL_DATA_DAG to 2025-04-23 00:00:00+00:00, run_after=2025-04-24 00:00:00+00:00
[2025-04-23T13:00:45.959+0000] {processor.py:208} INFO - Processing /opt/airflow/dags/my_dag.py took 0.151 seconds
[2025-04-23T13:01:16.312+0000] {processor.py:186} INFO - Started process (PID=6424) to work on /opt/airflow/dags/my_dag.py
[2025-04-23T13:01:16.314+0000] {processor.py:914} INFO - Processing file /opt/airflow/dags/my_dag.py for tasks to queue
[2025-04-23T13:01:16.319+0000] {logging_mixin.py:190} INFO - [2025-04-23T13:01:16.318+0000] {dagbag.py:588} INFO - Filling up the DagBag from /opt/airflow/dags/my_dag.py
[2025-04-23T13:01:16.348+0000] {processor.py:925} INFO - DAG(s) 'TFL_DATA_DAG' retrieved from /opt/airflow/dags/my_dag.py
[2025-04-23T13:01:16.383+0000] {logging_mixin.py:190} INFO - [2025-04-23T13:01:16.382+0000] {dag.py:3239} INFO - Sync 1 DAGs
[2025-04-23T13:01:16.416+0000] {logging_mixin.py:190} INFO - [2025-04-23T13:01:16.416+0000] {dag.py:4180} INFO - Setting next_dagrun for TFL_DATA_DAG to 2025-04-23 00:00:00+00:00, run_after=2025-04-24 00:00:00+00:00
[2025-04-23T13:01:16.442+0000] {processor.py:208} INFO - Processing /opt/airflow/dags/my_dag.py took 0.138 seconds
[2025-04-23T13:01:46.787+0000] {processor.py:186} INFO - Started process (PID=6444) to work on /opt/airflow/dags/my_dag.py
[2025-04-23T13:01:46.789+0000] {processor.py:914} INFO - Processing file /opt/airflow/dags/my_dag.py for tasks to queue
[2025-04-23T13:01:46.793+0000] {logging_mixin.py:190} INFO - [2025-04-23T13:01:46.793+0000] {dagbag.py:588} INFO - Filling up the DagBag from /opt/airflow/dags/my_dag.py
[2025-04-23T13:01:46.824+0000] {processor.py:925} INFO - DAG(s) 'TFL_DATA_DAG' retrieved from /opt/airflow/dags/my_dag.py
[2025-04-23T13:01:46.861+0000] {logging_mixin.py:190} INFO - [2025-04-23T13:01:46.860+0000] {dag.py:3239} INFO - Sync 1 DAGs
[2025-04-23T13:01:46.893+0000] {logging_mixin.py:190} INFO - [2025-04-23T13:01:46.893+0000] {dag.py:4180} INFO - Setting next_dagrun for TFL_DATA_DAG to 2025-04-23 00:00:00+00:00, run_after=2025-04-24 00:00:00+00:00
[2025-04-23T13:01:46.918+0000] {processor.py:208} INFO - Processing /opt/airflow/dags/my_dag.py took 0.139 seconds
[2025-04-23T13:02:17.231+0000] {processor.py:186} INFO - Started process (PID=6465) to work on /opt/airflow/dags/my_dag.py
[2025-04-23T13:02:17.233+0000] {processor.py:914} INFO - Processing file /opt/airflow/dags/my_dag.py for tasks to queue
[2025-04-23T13:02:17.239+0000] {logging_mixin.py:190} INFO - [2025-04-23T13:02:17.238+0000] {dagbag.py:588} INFO - Filling up the DagBag from /opt/airflow/dags/my_dag.py
[2025-04-23T13:02:17.274+0000] {processor.py:925} INFO - DAG(s) 'TFL_DATA_DAG' retrieved from /opt/airflow/dags/my_dag.py
[2025-04-23T13:02:17.314+0000] {logging_mixin.py:190} INFO - [2025-04-23T13:02:17.313+0000] {dag.py:3239} INFO - Sync 1 DAGs
[2025-04-23T13:02:17.351+0000] {logging_mixin.py:190} INFO - [2025-04-23T13:02:17.351+0000] {dag.py:4180} INFO - Setting next_dagrun for TFL_DATA_DAG to 2025-04-23 00:00:00+00:00, run_after=2025-04-24 00:00:00+00:00
[2025-04-23T13:02:17.378+0000] {processor.py:208} INFO - Processing /opt/airflow/dags/my_dag.py took 0.157 seconds
[2025-04-23T13:02:47.702+0000] {processor.py:186} INFO - Started process (PID=6486) to work on /opt/airflow/dags/my_dag.py
[2025-04-23T13:02:47.704+0000] {processor.py:914} INFO - Processing file /opt/airflow/dags/my_dag.py for tasks to queue
[2025-04-23T13:02:47.709+0000] {logging_mixin.py:190} INFO - [2025-04-23T13:02:47.708+0000] {dagbag.py:588} INFO - Filling up the DagBag from /opt/airflow/dags/my_dag.py
[2025-04-23T13:02:47.742+0000] {processor.py:925} INFO - DAG(s) 'TFL_DATA_DAG' retrieved from /opt/airflow/dags/my_dag.py
[2025-04-23T13:02:47.778+0000] {logging_mixin.py:190} INFO - [2025-04-23T13:02:47.777+0000] {dag.py:3239} INFO - Sync 1 DAGs
[2025-04-23T13:02:47.817+0000] {logging_mixin.py:190} INFO - [2025-04-23T13:02:47.816+0000] {dag.py:4180} INFO - Setting next_dagrun for TFL_DATA_DAG to 2025-04-23 00:00:00+00:00, run_after=2025-04-24 00:00:00+00:00
[2025-04-23T13:02:47.844+0000] {processor.py:208} INFO - Processing /opt/airflow/dags/my_dag.py took 0.151 seconds
[2025-04-23T13:03:18.168+0000] {processor.py:186} INFO - Started process (PID=6507) to work on /opt/airflow/dags/my_dag.py
[2025-04-23T13:03:18.174+0000] {processor.py:914} INFO - Processing file /opt/airflow/dags/my_dag.py for tasks to queue
[2025-04-23T13:03:18.181+0000] {logging_mixin.py:190} INFO - [2025-04-23T13:03:18.180+0000] {dagbag.py:588} INFO - Filling up the DagBag from /opt/airflow/dags/my_dag.py
[2025-04-23T13:03:18.216+0000] {processor.py:925} INFO - DAG(s) 'TFL_DATA_DAG' retrieved from /opt/airflow/dags/my_dag.py
[2025-04-23T13:03:18.250+0000] {logging_mixin.py:190} INFO - [2025-04-23T13:03:18.250+0000] {dag.py:3239} INFO - Sync 1 DAGs
[2025-04-23T13:03:18.283+0000] {logging_mixin.py:190} INFO - [2025-04-23T13:03:18.283+0000] {dag.py:4180} INFO - Setting next_dagrun for TFL_DATA_DAG to 2025-04-23 00:00:00+00:00, run_after=2025-04-24 00:00:00+00:00
[2025-04-23T13:03:18.310+0000] {processor.py:208} INFO - Processing /opt/airflow/dags/my_dag.py took 0.154 seconds
[2025-04-23T13:03:48.664+0000] {processor.py:186} INFO - Started process (PID=6528) to work on /opt/airflow/dags/my_dag.py
[2025-04-23T13:03:48.666+0000] {processor.py:914} INFO - Processing file /opt/airflow/dags/my_dag.py for tasks to queue
[2025-04-23T13:03:48.676+0000] {logging_mixin.py:190} INFO - [2025-04-23T13:03:48.675+0000] {dagbag.py:588} INFO - Filling up the DagBag from /opt/airflow/dags/my_dag.py
[2025-04-23T13:03:48.716+0000] {processor.py:925} INFO - DAG(s) 'TFL_DATA_DAG' retrieved from /opt/airflow/dags/my_dag.py
[2025-04-23T13:03:48.756+0000] {logging_mixin.py:190} INFO - [2025-04-23T13:03:48.755+0000] {dag.py:3239} INFO - Sync 1 DAGs
[2025-04-23T13:03:48.788+0000] {logging_mixin.py:190} INFO - [2025-04-23T13:03:48.788+0000] {dag.py:4180} INFO - Setting next_dagrun for TFL_DATA_DAG to 2025-04-23 00:00:00+00:00, run_after=2025-04-24 00:00:00+00:00
[2025-04-23T13:03:48.813+0000] {processor.py:208} INFO - Processing /opt/airflow/dags/my_dag.py took 0.159 seconds
[2025-04-23T13:04:19.143+0000] {processor.py:186} INFO - Started process (PID=6549) to work on /opt/airflow/dags/my_dag.py
[2025-04-23T13:04:19.145+0000] {processor.py:914} INFO - Processing file /opt/airflow/dags/my_dag.py for tasks to queue
[2025-04-23T13:04:19.151+0000] {logging_mixin.py:190} INFO - [2025-04-23T13:04:19.151+0000] {dagbag.py:588} INFO - Filling up the DagBag from /opt/airflow/dags/my_dag.py
[2025-04-23T13:04:19.183+0000] {processor.py:925} INFO - DAG(s) 'TFL_DATA_DAG' retrieved from /opt/airflow/dags/my_dag.py
[2025-04-23T13:04:19.215+0000] {logging_mixin.py:190} INFO - [2025-04-23T13:04:19.214+0000] {dag.py:3239} INFO - Sync 1 DAGs
[2025-04-23T13:04:19.243+0000] {logging_mixin.py:190} INFO - [2025-04-23T13:04:19.243+0000] {dag.py:4180} INFO - Setting next_dagrun for TFL_DATA_DAG to 2025-04-23 00:00:00+00:00, run_after=2025-04-24 00:00:00+00:00
[2025-04-23T13:04:19.268+0000] {processor.py:208} INFO - Processing /opt/airflow/dags/my_dag.py took 0.132 seconds
[2025-04-23T13:04:49.635+0000] {processor.py:186} INFO - Started process (PID=6570) to work on /opt/airflow/dags/my_dag.py
[2025-04-23T13:04:49.637+0000] {processor.py:914} INFO - Processing file /opt/airflow/dags/my_dag.py for tasks to queue
[2025-04-23T13:04:49.642+0000] {logging_mixin.py:190} INFO - [2025-04-23T13:04:49.642+0000] {dagbag.py:588} INFO - Filling up the DagBag from /opt/airflow/dags/my_dag.py
[2025-04-23T13:04:49.693+0000] {processor.py:925} INFO - DAG(s) 'TFL_DATA_DAG' retrieved from /opt/airflow/dags/my_dag.py
[2025-04-23T13:04:49.723+0000] {logging_mixin.py:190} INFO - [2025-04-23T13:04:49.722+0000] {dag.py:3239} INFO - Sync 1 DAGs
[2025-04-23T13:04:49.751+0000] {logging_mixin.py:190} INFO - [2025-04-23T13:04:49.751+0000] {dag.py:4180} INFO - Setting next_dagrun for TFL_DATA_DAG to 2025-04-23 00:00:00+00:00, run_after=2025-04-24 00:00:00+00:00
[2025-04-23T13:04:49.777+0000] {processor.py:208} INFO - Processing /opt/airflow/dags/my_dag.py took 0.149 seconds
[2025-04-23T13:05:20.120+0000] {processor.py:186} INFO - Started process (PID=6591) to work on /opt/airflow/dags/my_dag.py
[2025-04-23T13:05:20.122+0000] {processor.py:914} INFO - Processing file /opt/airflow/dags/my_dag.py for tasks to queue
[2025-04-23T13:05:20.129+0000] {logging_mixin.py:190} INFO - [2025-04-23T13:05:20.128+0000] {dagbag.py:588} INFO - Filling up the DagBag from /opt/airflow/dags/my_dag.py
[2025-04-23T13:05:20.163+0000] {processor.py:925} INFO - DAG(s) 'TFL_DATA_DAG' retrieved from /opt/airflow/dags/my_dag.py
[2025-04-23T13:05:20.201+0000] {logging_mixin.py:190} INFO - [2025-04-23T13:05:20.200+0000] {dag.py:3239} INFO - Sync 1 DAGs
[2025-04-23T13:05:20.233+0000] {logging_mixin.py:190} INFO - [2025-04-23T13:05:20.233+0000] {dag.py:4180} INFO - Setting next_dagrun for TFL_DATA_DAG to 2025-04-23 00:00:00+00:00, run_after=2025-04-24 00:00:00+00:00
[2025-04-23T13:05:20.258+0000] {processor.py:208} INFO - Processing /opt/airflow/dags/my_dag.py took 0.151 seconds
[2025-04-23T13:05:50.608+0000] {processor.py:186} INFO - Started process (PID=6612) to work on /opt/airflow/dags/my_dag.py
[2025-04-23T13:05:50.612+0000] {processor.py:914} INFO - Processing file /opt/airflow/dags/my_dag.py for tasks to queue
[2025-04-23T13:05:50.623+0000] {logging_mixin.py:190} INFO - [2025-04-23T13:05:50.622+0000] {dagbag.py:588} INFO - Filling up the DagBag from /opt/airflow/dags/my_dag.py
[2025-04-23T13:05:50.661+0000] {processor.py:925} INFO - DAG(s) 'TFL_DATA_DAG' retrieved from /opt/airflow/dags/my_dag.py
[2025-04-23T13:05:50.696+0000] {logging_mixin.py:190} INFO - [2025-04-23T13:05:50.695+0000] {dag.py:3239} INFO - Sync 1 DAGs
[2025-04-23T13:05:50.730+0000] {logging_mixin.py:190} INFO - [2025-04-23T13:05:50.730+0000] {dag.py:4180} INFO - Setting next_dagrun for TFL_DATA_DAG to 2025-04-23 00:00:00+00:00, run_after=2025-04-24 00:00:00+00:00
[2025-04-23T13:05:50.755+0000] {processor.py:208} INFO - Processing /opt/airflow/dags/my_dag.py took 0.156 seconds
[2025-04-23T13:06:21.224+0000] {processor.py:186} INFO - Started process (PID=6633) to work on /opt/airflow/dags/my_dag.py
[2025-04-23T13:06:21.227+0000] {processor.py:914} INFO - Processing file /opt/airflow/dags/my_dag.py for tasks to queue
[2025-04-23T13:06:21.232+0000] {logging_mixin.py:190} INFO - [2025-04-23T13:06:21.231+0000] {dagbag.py:588} INFO - Filling up the DagBag from /opt/airflow/dags/my_dag.py
[2025-04-23T13:06:21.265+0000] {processor.py:925} INFO - DAG(s) 'TFL_DATA_DAG' retrieved from /opt/airflow/dags/my_dag.py
[2025-04-23T13:06:21.299+0000] {logging_mixin.py:190} INFO - [2025-04-23T13:06:21.298+0000] {dag.py:3239} INFO - Sync 1 DAGs
[2025-04-23T13:06:21.334+0000] {logging_mixin.py:190} INFO - [2025-04-23T13:06:21.334+0000] {dag.py:4180} INFO - Setting next_dagrun for TFL_DATA_DAG to 2025-04-23 00:00:00+00:00, run_after=2025-04-24 00:00:00+00:00
[2025-04-23T13:06:21.362+0000] {processor.py:208} INFO - Processing /opt/airflow/dags/my_dag.py took 0.148 seconds
[2025-04-23T13:06:51.745+0000] {processor.py:186} INFO - Started process (PID=6654) to work on /opt/airflow/dags/my_dag.py
[2025-04-23T13:06:51.748+0000] {processor.py:914} INFO - Processing file /opt/airflow/dags/my_dag.py for tasks to queue
[2025-04-23T13:06:51.753+0000] {logging_mixin.py:190} INFO - [2025-04-23T13:06:51.753+0000] {dagbag.py:588} INFO - Filling up the DagBag from /opt/airflow/dags/my_dag.py
[2025-04-23T13:06:51.784+0000] {processor.py:925} INFO - DAG(s) 'TFL_DATA_DAG' retrieved from /opt/airflow/dags/my_dag.py
[2025-04-23T13:06:51.816+0000] {logging_mixin.py:190} INFO - [2025-04-23T13:06:51.816+0000] {dag.py:3239} INFO - Sync 1 DAGs
[2025-04-23T13:06:51.851+0000] {logging_mixin.py:190} INFO - [2025-04-23T13:06:51.851+0000] {dag.py:4180} INFO - Setting next_dagrun for TFL_DATA_DAG to 2025-04-23 00:00:00+00:00, run_after=2025-04-24 00:00:00+00:00
[2025-04-23T13:06:51.881+0000] {processor.py:208} INFO - Processing /opt/airflow/dags/my_dag.py took 0.145 seconds
[2025-04-23T13:07:22.239+0000] {processor.py:186} INFO - Started process (PID=6675) to work on /opt/airflow/dags/my_dag.py
[2025-04-23T13:07:22.241+0000] {processor.py:914} INFO - Processing file /opt/airflow/dags/my_dag.py for tasks to queue
[2025-04-23T13:07:22.247+0000] {logging_mixin.py:190} INFO - [2025-04-23T13:07:22.246+0000] {dagbag.py:588} INFO - Filling up the DagBag from /opt/airflow/dags/my_dag.py
[2025-04-23T13:07:22.288+0000] {processor.py:925} INFO - DAG(s) 'TFL_DATA_DAG' retrieved from /opt/airflow/dags/my_dag.py
[2025-04-23T13:07:22.330+0000] {logging_mixin.py:190} INFO - [2025-04-23T13:07:22.329+0000] {dag.py:3239} INFO - Sync 1 DAGs
[2025-04-23T13:07:22.377+0000] {logging_mixin.py:190} INFO - [2025-04-23T13:07:22.377+0000] {dag.py:4180} INFO - Setting next_dagrun for TFL_DATA_DAG to 2025-04-23 00:00:00+00:00, run_after=2025-04-24 00:00:00+00:00
[2025-04-23T13:07:22.413+0000] {processor.py:208} INFO - Processing /opt/airflow/dags/my_dag.py took 0.187 seconds
[2025-04-23T13:07:52.753+0000] {processor.py:186} INFO - Started process (PID=6696) to work on /opt/airflow/dags/my_dag.py
[2025-04-23T13:07:52.756+0000] {processor.py:914} INFO - Processing file /opt/airflow/dags/my_dag.py for tasks to queue
[2025-04-23T13:07:52.760+0000] {logging_mixin.py:190} INFO - [2025-04-23T13:07:52.760+0000] {dagbag.py:588} INFO - Filling up the DagBag from /opt/airflow/dags/my_dag.py
[2025-04-23T13:07:52.792+0000] {processor.py:925} INFO - DAG(s) 'TFL_DATA_DAG' retrieved from /opt/airflow/dags/my_dag.py
[2025-04-23T13:07:52.834+0000] {logging_mixin.py:190} INFO - [2025-04-23T13:07:52.833+0000] {dag.py:3239} INFO - Sync 1 DAGs
[2025-04-23T13:07:52.868+0000] {logging_mixin.py:190} INFO - [2025-04-23T13:07:52.868+0000] {dag.py:4180} INFO - Setting next_dagrun for TFL_DATA_DAG to 2025-04-23 00:00:00+00:00, run_after=2025-04-24 00:00:00+00:00
[2025-04-23T13:07:52.899+0000] {processor.py:208} INFO - Processing /opt/airflow/dags/my_dag.py took 0.154 seconds
[2025-04-23T13:08:23.230+0000] {processor.py:186} INFO - Started process (PID=6717) to work on /opt/airflow/dags/my_dag.py
[2025-04-23T13:08:23.232+0000] {processor.py:914} INFO - Processing file /opt/airflow/dags/my_dag.py for tasks to queue
[2025-04-23T13:08:23.235+0000] {logging_mixin.py:190} INFO - [2025-04-23T13:08:23.235+0000] {dagbag.py:588} INFO - Filling up the DagBag from /opt/airflow/dags/my_dag.py
[2025-04-23T13:08:23.257+0000] {processor.py:925} INFO - DAG(s) 'TFL_DATA_DAG' retrieved from /opt/airflow/dags/my_dag.py
[2025-04-23T13:08:23.281+0000] {logging_mixin.py:190} INFO - [2025-04-23T13:08:23.280+0000] {dag.py:3239} INFO - Sync 1 DAGs
[2025-04-23T13:08:23.299+0000] {logging_mixin.py:190} INFO - [2025-04-23T13:08:23.299+0000] {dag.py:4180} INFO - Setting next_dagrun for TFL_DATA_DAG to 2025-04-23 00:00:00+00:00, run_after=2025-04-24 00:00:00+00:00
[2025-04-23T13:08:23.316+0000] {processor.py:208} INFO - Processing /opt/airflow/dags/my_dag.py took 0.091 seconds
[2025-04-23T13:08:53.635+0000] {processor.py:186} INFO - Started process (PID=6738) to work on /opt/airflow/dags/my_dag.py
[2025-04-23T13:08:53.636+0000] {processor.py:914} INFO - Processing file /opt/airflow/dags/my_dag.py for tasks to queue
[2025-04-23T13:08:53.641+0000] {logging_mixin.py:190} INFO - [2025-04-23T13:08:53.640+0000] {dagbag.py:588} INFO - Filling up the DagBag from /opt/airflow/dags/my_dag.py
[2025-04-23T13:08:53.677+0000] {processor.py:925} INFO - DAG(s) 'TFL_DATA_DAG' retrieved from /opt/airflow/dags/my_dag.py
[2025-04-23T13:08:53.701+0000] {logging_mixin.py:190} INFO - [2025-04-23T13:08:53.701+0000] {dag.py:3239} INFO - Sync 1 DAGs
[2025-04-23T13:08:53.723+0000] {logging_mixin.py:190} INFO - [2025-04-23T13:08:53.723+0000] {dag.py:4180} INFO - Setting next_dagrun for TFL_DATA_DAG to 2025-04-23 00:00:00+00:00, run_after=2025-04-24 00:00:00+00:00
[2025-04-23T13:08:53.741+0000] {processor.py:208} INFO - Processing /opt/airflow/dags/my_dag.py took 0.112 seconds
[2025-04-23T13:09:24.107+0000] {processor.py:186} INFO - Started process (PID=6759) to work on /opt/airflow/dags/my_dag.py
[2025-04-23T13:09:24.110+0000] {processor.py:914} INFO - Processing file /opt/airflow/dags/my_dag.py for tasks to queue
[2025-04-23T13:09:24.117+0000] {logging_mixin.py:190} INFO - [2025-04-23T13:09:24.116+0000] {dagbag.py:588} INFO - Filling up the DagBag from /opt/airflow/dags/my_dag.py
[2025-04-23T13:09:24.150+0000] {processor.py:925} INFO - DAG(s) 'TFL_DATA_DAG' retrieved from /opt/airflow/dags/my_dag.py
[2025-04-23T13:09:24.187+0000] {logging_mixin.py:190} INFO - [2025-04-23T13:09:24.187+0000] {dag.py:3239} INFO - Sync 1 DAGs
[2025-04-23T13:09:24.237+0000] {logging_mixin.py:190} INFO - [2025-04-23T13:09:24.237+0000] {dag.py:4180} INFO - Setting next_dagrun for TFL_DATA_DAG to 2025-04-23 00:00:00+00:00, run_after=2025-04-24 00:00:00+00:00
[2025-04-23T13:09:24.270+0000] {processor.py:208} INFO - Processing /opt/airflow/dags/my_dag.py took 0.176 seconds
[2025-04-23T13:09:54.728+0000] {processor.py:186} INFO - Started process (PID=6780) to work on /opt/airflow/dags/my_dag.py
[2025-04-23T13:09:54.732+0000] {processor.py:914} INFO - Processing file /opt/airflow/dags/my_dag.py for tasks to queue
[2025-04-23T13:09:54.743+0000] {logging_mixin.py:190} INFO - [2025-04-23T13:09:54.742+0000] {dagbag.py:588} INFO - Filling up the DagBag from /opt/airflow/dags/my_dag.py
[2025-04-23T13:09:54.806+0000] {processor.py:925} INFO - DAG(s) 'TFL_DATA_DAG' retrieved from /opt/airflow/dags/my_dag.py
[2025-04-23T13:09:54.836+0000] {logging_mixin.py:190} INFO - [2025-04-23T13:09:54.836+0000] {dag.py:3239} INFO - Sync 1 DAGs
[2025-04-23T13:09:54.864+0000] {logging_mixin.py:190} INFO - [2025-04-23T13:09:54.864+0000] {dag.py:4180} INFO - Setting next_dagrun for TFL_DATA_DAG to 2025-04-23 00:00:00+00:00, run_after=2025-04-24 00:00:00+00:00
[2025-04-23T13:09:54.891+0000] {processor.py:208} INFO - Processing /opt/airflow/dags/my_dag.py took 0.176 seconds
[2025-04-23T13:10:25.262+0000] {processor.py:186} INFO - Started process (PID=6801) to work on /opt/airflow/dags/my_dag.py
[2025-04-23T13:10:25.264+0000] {processor.py:914} INFO - Processing file /opt/airflow/dags/my_dag.py for tasks to queue
[2025-04-23T13:10:25.269+0000] {logging_mixin.py:190} INFO - [2025-04-23T13:10:25.268+0000] {dagbag.py:588} INFO - Filling up the DagBag from /opt/airflow/dags/my_dag.py
[2025-04-23T13:10:25.300+0000] {processor.py:925} INFO - DAG(s) 'TFL_DATA_DAG' retrieved from /opt/airflow/dags/my_dag.py
[2025-04-23T13:10:25.338+0000] {logging_mixin.py:190} INFO - [2025-04-23T13:10:25.337+0000] {dag.py:3239} INFO - Sync 1 DAGs
[2025-04-23T13:10:25.367+0000] {logging_mixin.py:190} INFO - [2025-04-23T13:10:25.367+0000] {dag.py:4180} INFO - Setting next_dagrun for TFL_DATA_DAG to 2025-04-23 00:00:00+00:00, run_after=2025-04-24 00:00:00+00:00
[2025-04-23T13:10:25.394+0000] {processor.py:208} INFO - Processing /opt/airflow/dags/my_dag.py took 0.139 seconds
[2025-04-23T13:10:55.730+0000] {processor.py:186} INFO - Started process (PID=6822) to work on /opt/airflow/dags/my_dag.py
[2025-04-23T13:10:55.733+0000] {processor.py:914} INFO - Processing file /opt/airflow/dags/my_dag.py for tasks to queue
[2025-04-23T13:10:55.737+0000] {logging_mixin.py:190} INFO - [2025-04-23T13:10:55.737+0000] {dagbag.py:588} INFO - Filling up the DagBag from /opt/airflow/dags/my_dag.py
[2025-04-23T13:10:55.775+0000] {processor.py:925} INFO - DAG(s) 'TFL_DATA_DAG' retrieved from /opt/airflow/dags/my_dag.py
[2025-04-23T13:10:55.812+0000] {logging_mixin.py:190} INFO - [2025-04-23T13:10:55.811+0000] {dag.py:3239} INFO - Sync 1 DAGs
[2025-04-23T13:10:55.854+0000] {logging_mixin.py:190} INFO - [2025-04-23T13:10:55.854+0000] {dag.py:4180} INFO - Setting next_dagrun for TFL_DATA_DAG to 2025-04-23 00:00:00+00:00, run_after=2025-04-24 00:00:00+00:00
[2025-04-23T13:10:55.880+0000] {processor.py:208} INFO - Processing /opt/airflow/dags/my_dag.py took 0.161 seconds
[2025-04-23T13:11:26.292+0000] {processor.py:186} INFO - Started process (PID=6842) to work on /opt/airflow/dags/my_dag.py
[2025-04-23T13:11:26.295+0000] {processor.py:914} INFO - Processing file /opt/airflow/dags/my_dag.py for tasks to queue
[2025-04-23T13:11:26.300+0000] {logging_mixin.py:190} INFO - [2025-04-23T13:11:26.299+0000] {dagbag.py:588} INFO - Filling up the DagBag from /opt/airflow/dags/my_dag.py
[2025-04-23T13:11:26.335+0000] {processor.py:925} INFO - DAG(s) 'TFL_DATA_DAG' retrieved from /opt/airflow/dags/my_dag.py
[2025-04-23T13:11:26.380+0000] {logging_mixin.py:190} INFO - [2025-04-23T13:11:26.379+0000] {dag.py:3239} INFO - Sync 1 DAGs
[2025-04-23T13:11:26.413+0000] {logging_mixin.py:190} INFO - [2025-04-23T13:11:26.413+0000] {dag.py:4180} INFO - Setting next_dagrun for TFL_DATA_DAG to 2025-04-23 00:00:00+00:00, run_after=2025-04-24 00:00:00+00:00
[2025-04-23T13:11:26.437+0000] {processor.py:208} INFO - Processing /opt/airflow/dags/my_dag.py took 0.155 seconds
[2025-04-23T13:11:56.795+0000] {processor.py:186} INFO - Started process (PID=6863) to work on /opt/airflow/dags/my_dag.py
[2025-04-23T13:11:56.797+0000] {processor.py:914} INFO - Processing file /opt/airflow/dags/my_dag.py for tasks to queue
[2025-04-23T13:11:56.802+0000] {logging_mixin.py:190} INFO - [2025-04-23T13:11:56.802+0000] {dagbag.py:588} INFO - Filling up the DagBag from /opt/airflow/dags/my_dag.py
[2025-04-23T13:11:56.835+0000] {processor.py:925} INFO - DAG(s) 'TFL_DATA_DAG' retrieved from /opt/airflow/dags/my_dag.py
[2025-04-23T13:11:56.870+0000] {logging_mixin.py:190} INFO - [2025-04-23T13:11:56.869+0000] {dag.py:3239} INFO - Sync 1 DAGs
[2025-04-23T13:11:56.900+0000] {logging_mixin.py:190} INFO - [2025-04-23T13:11:56.900+0000] {dag.py:4180} INFO - Setting next_dagrun for TFL_DATA_DAG to 2025-04-23 00:00:00+00:00, run_after=2025-04-24 00:00:00+00:00
[2025-04-23T13:11:56.925+0000] {processor.py:208} INFO - Processing /opt/airflow/dags/my_dag.py took 0.141 seconds
[2025-04-23T13:12:27.280+0000] {processor.py:186} INFO - Started process (PID=6884) to work on /opt/airflow/dags/my_dag.py
[2025-04-23T13:12:27.283+0000] {processor.py:914} INFO - Processing file /opt/airflow/dags/my_dag.py for tasks to queue
[2025-04-23T13:12:27.288+0000] {logging_mixin.py:190} INFO - [2025-04-23T13:12:27.287+0000] {dagbag.py:588} INFO - Filling up the DagBag from /opt/airflow/dags/my_dag.py
[2025-04-23T13:12:27.319+0000] {processor.py:925} INFO - DAG(s) 'TFL_DATA_DAG' retrieved from /opt/airflow/dags/my_dag.py
[2025-04-23T13:12:27.352+0000] {logging_mixin.py:190} INFO - [2025-04-23T13:12:27.352+0000] {dag.py:3239} INFO - Sync 1 DAGs
[2025-04-23T13:12:27.384+0000] {logging_mixin.py:190} INFO - [2025-04-23T13:12:27.384+0000] {dag.py:4180} INFO - Setting next_dagrun for TFL_DATA_DAG to 2025-04-23 00:00:00+00:00, run_after=2025-04-24 00:00:00+00:00
[2025-04-23T13:12:27.408+0000] {processor.py:208} INFO - Processing /opt/airflow/dags/my_dag.py took 0.135 seconds
[2025-04-23T13:12:57.779+0000] {processor.py:186} INFO - Started process (PID=6904) to work on /opt/airflow/dags/my_dag.py
[2025-04-23T13:12:57.781+0000] {processor.py:914} INFO - Processing file /opt/airflow/dags/my_dag.py for tasks to queue
[2025-04-23T13:12:57.786+0000] {logging_mixin.py:190} INFO - [2025-04-23T13:12:57.786+0000] {dagbag.py:588} INFO - Filling up the DagBag from /opt/airflow/dags/my_dag.py
[2025-04-23T13:12:57.819+0000] {processor.py:925} INFO - DAG(s) 'TFL_DATA_DAG' retrieved from /opt/airflow/dags/my_dag.py
[2025-04-23T13:12:57.852+0000] {logging_mixin.py:190} INFO - [2025-04-23T13:12:57.852+0000] {dag.py:3239} INFO - Sync 1 DAGs
[2025-04-23T13:12:57.883+0000] {logging_mixin.py:190} INFO - [2025-04-23T13:12:57.883+0000] {dag.py:4180} INFO - Setting next_dagrun for TFL_DATA_DAG to 2025-04-23 00:00:00+00:00, run_after=2025-04-24 00:00:00+00:00
[2025-04-23T13:12:57.910+0000] {processor.py:208} INFO - Processing /opt/airflow/dags/my_dag.py took 0.142 seconds
[2025-04-23T13:13:28.271+0000] {processor.py:186} INFO - Started process (PID=6925) to work on /opt/airflow/dags/my_dag.py
[2025-04-23T13:13:28.273+0000] {processor.py:914} INFO - Processing file /opt/airflow/dags/my_dag.py for tasks to queue
[2025-04-23T13:13:28.277+0000] {logging_mixin.py:190} INFO - [2025-04-23T13:13:28.277+0000] {dagbag.py:588} INFO - Filling up the DagBag from /opt/airflow/dags/my_dag.py
[2025-04-23T13:13:28.308+0000] {processor.py:925} INFO - DAG(s) 'TFL_DATA_DAG' retrieved from /opt/airflow/dags/my_dag.py
[2025-04-23T13:13:28.341+0000] {logging_mixin.py:190} INFO - [2025-04-23T13:13:28.340+0000] {dag.py:3239} INFO - Sync 1 DAGs
[2025-04-23T13:13:28.373+0000] {logging_mixin.py:190} INFO - [2025-04-23T13:13:28.373+0000] {dag.py:4180} INFO - Setting next_dagrun for TFL_DATA_DAG to 2025-04-23 00:00:00+00:00, run_after=2025-04-24 00:00:00+00:00
[2025-04-23T13:13:28.403+0000] {processor.py:208} INFO - Processing /opt/airflow/dags/my_dag.py took 0.141 seconds
[2025-04-23T13:13:58.763+0000] {processor.py:186} INFO - Started process (PID=6946) to work on /opt/airflow/dags/my_dag.py
[2025-04-23T13:13:58.766+0000] {processor.py:914} INFO - Processing file /opt/airflow/dags/my_dag.py for tasks to queue
[2025-04-23T13:13:58.772+0000] {logging_mixin.py:190} INFO - [2025-04-23T13:13:58.771+0000] {dagbag.py:588} INFO - Filling up the DagBag from /opt/airflow/dags/my_dag.py
[2025-04-23T13:13:58.801+0000] {processor.py:925} INFO - DAG(s) 'TFL_DATA_DAG' retrieved from /opt/airflow/dags/my_dag.py
[2025-04-23T13:13:58.837+0000] {logging_mixin.py:190} INFO - [2025-04-23T13:13:58.836+0000] {dag.py:3239} INFO - Sync 1 DAGs
[2025-04-23T13:13:58.872+0000] {logging_mixin.py:190} INFO - [2025-04-23T13:13:58.872+0000] {dag.py:4180} INFO - Setting next_dagrun for TFL_DATA_DAG to 2025-04-23 00:00:00+00:00, run_after=2025-04-24 00:00:00+00:00
[2025-04-23T13:13:58.901+0000] {processor.py:208} INFO - Processing /opt/airflow/dags/my_dag.py took 0.146 seconds
[2025-04-23T13:14:29.273+0000] {processor.py:186} INFO - Started process (PID=6967) to work on /opt/airflow/dags/my_dag.py
[2025-04-23T13:14:29.276+0000] {processor.py:914} INFO - Processing file /opt/airflow/dags/my_dag.py for tasks to queue
[2025-04-23T13:14:29.281+0000] {logging_mixin.py:190} INFO - [2025-04-23T13:14:29.280+0000] {dagbag.py:588} INFO - Filling up the DagBag from /opt/airflow/dags/my_dag.py
[2025-04-23T13:14:29.311+0000] {processor.py:925} INFO - DAG(s) 'TFL_DATA_DAG' retrieved from /opt/airflow/dags/my_dag.py
[2025-04-23T13:14:29.345+0000] {logging_mixin.py:190} INFO - [2025-04-23T13:14:29.345+0000] {dag.py:3239} INFO - Sync 1 DAGs
[2025-04-23T13:14:29.382+0000] {logging_mixin.py:190} INFO - [2025-04-23T13:14:29.381+0000] {dag.py:4180} INFO - Setting next_dagrun for TFL_DATA_DAG to 2025-04-23 00:00:00+00:00, run_after=2025-04-24 00:00:00+00:00
[2025-04-23T13:14:29.405+0000] {processor.py:208} INFO - Processing /opt/airflow/dags/my_dag.py took 0.141 seconds
[2025-04-23T13:14:59.770+0000] {processor.py:186} INFO - Started process (PID=6988) to work on /opt/airflow/dags/my_dag.py
[2025-04-23T13:14:59.772+0000] {processor.py:914} INFO - Processing file /opt/airflow/dags/my_dag.py for tasks to queue
[2025-04-23T13:14:59.777+0000] {logging_mixin.py:190} INFO - [2025-04-23T13:14:59.777+0000] {dagbag.py:588} INFO - Filling up the DagBag from /opt/airflow/dags/my_dag.py
[2025-04-23T13:14:59.811+0000] {processor.py:925} INFO - DAG(s) 'TFL_DATA_DAG' retrieved from /opt/airflow/dags/my_dag.py
[2025-04-23T13:14:59.848+0000] {logging_mixin.py:190} INFO - [2025-04-23T13:14:59.847+0000] {dag.py:3239} INFO - Sync 1 DAGs
[2025-04-23T13:14:59.882+0000] {logging_mixin.py:190} INFO - [2025-04-23T13:14:59.882+0000] {dag.py:4180} INFO - Setting next_dagrun for TFL_DATA_DAG to 2025-04-23 00:00:00+00:00, run_after=2025-04-24 00:00:00+00:00
[2025-04-23T13:14:59.911+0000] {processor.py:208} INFO - Processing /opt/airflow/dags/my_dag.py took 0.148 seconds
[2025-04-23T13:15:30.288+0000] {processor.py:186} INFO - Started process (PID=7009) to work on /opt/airflow/dags/my_dag.py
[2025-04-23T13:15:30.291+0000] {processor.py:914} INFO - Processing file /opt/airflow/dags/my_dag.py for tasks to queue
[2025-04-23T13:15:30.295+0000] {logging_mixin.py:190} INFO - [2025-04-23T13:15:30.295+0000] {dagbag.py:588} INFO - Filling up the DagBag from /opt/airflow/dags/my_dag.py
[2025-04-23T13:15:30.327+0000] {processor.py:925} INFO - DAG(s) 'TFL_DATA_DAG' retrieved from /opt/airflow/dags/my_dag.py
[2025-04-23T13:15:30.364+0000] {logging_mixin.py:190} INFO - [2025-04-23T13:15:30.364+0000] {dag.py:3239} INFO - Sync 1 DAGs
[2025-04-23T13:15:30.401+0000] {logging_mixin.py:190} INFO - [2025-04-23T13:15:30.400+0000] {dag.py:4180} INFO - Setting next_dagrun for TFL_DATA_DAG to 2025-04-23 00:00:00+00:00, run_after=2025-04-24 00:00:00+00:00
[2025-04-23T13:15:30.427+0000] {processor.py:208} INFO - Processing /opt/airflow/dags/my_dag.py took 0.148 seconds
[2025-04-23T13:16:00.874+0000] {processor.py:186} INFO - Started process (PID=7030) to work on /opt/airflow/dags/my_dag.py
[2025-04-23T13:16:00.876+0000] {processor.py:914} INFO - Processing file /opt/airflow/dags/my_dag.py for tasks to queue
[2025-04-23T13:16:00.881+0000] {logging_mixin.py:190} INFO - [2025-04-23T13:16:00.881+0000] {dagbag.py:588} INFO - Filling up the DagBag from /opt/airflow/dags/my_dag.py
[2025-04-23T13:16:00.912+0000] {processor.py:925} INFO - DAG(s) 'TFL_DATA_DAG' retrieved from /opt/airflow/dags/my_dag.py
[2025-04-23T13:16:00.950+0000] {logging_mixin.py:190} INFO - [2025-04-23T13:16:00.949+0000] {dag.py:3239} INFO - Sync 1 DAGs
[2025-04-23T13:16:00.985+0000] {logging_mixin.py:190} INFO - [2025-04-23T13:16:00.984+0000] {dag.py:4180} INFO - Setting next_dagrun for TFL_DATA_DAG to 2025-04-23 00:00:00+00:00, run_after=2025-04-24 00:00:00+00:00
[2025-04-23T13:16:01.014+0000] {processor.py:208} INFO - Processing /opt/airflow/dags/my_dag.py took 0.149 seconds
[2025-04-23T13:16:31.403+0000] {processor.py:186} INFO - Started process (PID=7051) to work on /opt/airflow/dags/my_dag.py
[2025-04-23T13:16:31.406+0000] {processor.py:914} INFO - Processing file /opt/airflow/dags/my_dag.py for tasks to queue
[2025-04-23T13:16:31.412+0000] {logging_mixin.py:190} INFO - [2025-04-23T13:16:31.411+0000] {dagbag.py:588} INFO - Filling up the DagBag from /opt/airflow/dags/my_dag.py
[2025-04-23T13:16:31.448+0000] {processor.py:925} INFO - DAG(s) 'TFL_DATA_DAG' retrieved from /opt/airflow/dags/my_dag.py
[2025-04-23T13:16:31.494+0000] {logging_mixin.py:190} INFO - [2025-04-23T13:16:31.493+0000] {dag.py:3239} INFO - Sync 1 DAGs
[2025-04-23T13:16:31.531+0000] {logging_mixin.py:190} INFO - [2025-04-23T13:16:31.531+0000] {dag.py:4180} INFO - Setting next_dagrun for TFL_DATA_DAG to 2025-04-23 00:00:00+00:00, run_after=2025-04-24 00:00:00+00:00
[2025-04-23T13:16:31.562+0000] {processor.py:208} INFO - Processing /opt/airflow/dags/my_dag.py took 0.168 seconds
[2025-04-23T13:17:01.959+0000] {processor.py:186} INFO - Started process (PID=7072) to work on /opt/airflow/dags/my_dag.py
[2025-04-23T13:17:01.961+0000] {processor.py:914} INFO - Processing file /opt/airflow/dags/my_dag.py for tasks to queue
[2025-04-23T13:17:01.966+0000] {logging_mixin.py:190} INFO - [2025-04-23T13:17:01.965+0000] {dagbag.py:588} INFO - Filling up the DagBag from /opt/airflow/dags/my_dag.py
[2025-04-23T13:17:01.997+0000] {processor.py:925} INFO - DAG(s) 'TFL_DATA_DAG' retrieved from /opt/airflow/dags/my_dag.py
[2025-04-23T13:17:02.031+0000] {logging_mixin.py:190} INFO - [2025-04-23T13:17:02.030+0000] {dag.py:3239} INFO - Sync 1 DAGs
[2025-04-23T13:17:02.065+0000] {logging_mixin.py:190} INFO - [2025-04-23T13:17:02.065+0000] {dag.py:4180} INFO - Setting next_dagrun for TFL_DATA_DAG to 2025-04-23 00:00:00+00:00, run_after=2025-04-24 00:00:00+00:00
[2025-04-23T13:17:02.097+0000] {processor.py:208} INFO - Processing /opt/airflow/dags/my_dag.py took 0.148 seconds
[2025-04-23T13:17:32.491+0000] {processor.py:186} INFO - Started process (PID=7093) to work on /opt/airflow/dags/my_dag.py
[2025-04-23T13:17:32.493+0000] {processor.py:914} INFO - Processing file /opt/airflow/dags/my_dag.py for tasks to queue
[2025-04-23T13:17:32.497+0000] {logging_mixin.py:190} INFO - [2025-04-23T13:17:32.496+0000] {dagbag.py:588} INFO - Filling up the DagBag from /opt/airflow/dags/my_dag.py
[2025-04-23T13:17:32.529+0000] {processor.py:925} INFO - DAG(s) 'TFL_DATA_DAG' retrieved from /opt/airflow/dags/my_dag.py
[2025-04-23T13:17:32.564+0000] {logging_mixin.py:190} INFO - [2025-04-23T13:17:32.563+0000] {dag.py:3239} INFO - Sync 1 DAGs
[2025-04-23T13:17:32.598+0000] {logging_mixin.py:190} INFO - [2025-04-23T13:17:32.598+0000] {dag.py:4180} INFO - Setting next_dagrun for TFL_DATA_DAG to 2025-04-23 00:00:00+00:00, run_after=2025-04-24 00:00:00+00:00
[2025-04-23T13:17:32.623+0000] {processor.py:208} INFO - Processing /opt/airflow/dags/my_dag.py took 0.140 seconds
[2025-04-23T13:18:03.006+0000] {processor.py:186} INFO - Started process (PID=7114) to work on /opt/airflow/dags/my_dag.py
[2025-04-23T13:18:03.008+0000] {processor.py:914} INFO - Processing file /opt/airflow/dags/my_dag.py for tasks to queue
[2025-04-23T13:18:03.013+0000] {logging_mixin.py:190} INFO - [2025-04-23T13:18:03.013+0000] {dagbag.py:588} INFO - Filling up the DagBag from /opt/airflow/dags/my_dag.py
[2025-04-23T13:18:03.045+0000] {processor.py:925} INFO - DAG(s) 'TFL_DATA_DAG' retrieved from /opt/airflow/dags/my_dag.py
[2025-04-23T13:18:03.081+0000] {logging_mixin.py:190} INFO - [2025-04-23T13:18:03.080+0000] {dag.py:3239} INFO - Sync 1 DAGs
[2025-04-23T13:18:03.119+0000] {logging_mixin.py:190} INFO - [2025-04-23T13:18:03.119+0000] {dag.py:4180} INFO - Setting next_dagrun for TFL_DATA_DAG to 2025-04-23 00:00:00+00:00, run_after=2025-04-24 00:00:00+00:00
[2025-04-23T13:18:03.146+0000] {processor.py:208} INFO - Processing /opt/airflow/dags/my_dag.py took 0.148 seconds
[2025-04-23T13:18:33.528+0000] {processor.py:186} INFO - Started process (PID=7135) to work on /opt/airflow/dags/my_dag.py
[2025-04-23T13:18:33.531+0000] {processor.py:914} INFO - Processing file /opt/airflow/dags/my_dag.py for tasks to queue
[2025-04-23T13:18:33.536+0000] {logging_mixin.py:190} INFO - [2025-04-23T13:18:33.535+0000] {dagbag.py:588} INFO - Filling up the DagBag from /opt/airflow/dags/my_dag.py
[2025-04-23T13:18:33.572+0000] {processor.py:925} INFO - DAG(s) 'TFL_DATA_DAG' retrieved from /opt/airflow/dags/my_dag.py
[2025-04-23T13:18:33.617+0000] {logging_mixin.py:190} INFO - [2025-04-23T13:18:33.616+0000] {dag.py:3239} INFO - Sync 1 DAGs
[2025-04-23T13:18:33.649+0000] {logging_mixin.py:190} INFO - [2025-04-23T13:18:33.649+0000] {dag.py:4180} INFO - Setting next_dagrun for TFL_DATA_DAG to 2025-04-23 00:00:00+00:00, run_after=2025-04-24 00:00:00+00:00
[2025-04-23T13:18:33.684+0000] {processor.py:208} INFO - Processing /opt/airflow/dags/my_dag.py took 0.165 seconds
[2025-04-23T13:19:04.062+0000] {processor.py:186} INFO - Started process (PID=7156) to work on /opt/airflow/dags/my_dag.py
[2025-04-23T13:19:04.065+0000] {processor.py:914} INFO - Processing file /opt/airflow/dags/my_dag.py for tasks to queue
[2025-04-23T13:19:04.070+0000] {logging_mixin.py:190} INFO - [2025-04-23T13:19:04.069+0000] {dagbag.py:588} INFO - Filling up the DagBag from /opt/airflow/dags/my_dag.py
[2025-04-23T13:19:04.109+0000] {processor.py:925} INFO - DAG(s) 'TFL_DATA_DAG' retrieved from /opt/airflow/dags/my_dag.py
[2025-04-23T13:19:04.151+0000] {logging_mixin.py:190} INFO - [2025-04-23T13:19:04.151+0000] {dag.py:3239} INFO - Sync 1 DAGs
[2025-04-23T13:19:04.186+0000] {logging_mixin.py:190} INFO - [2025-04-23T13:19:04.186+0000] {dag.py:4180} INFO - Setting next_dagrun for TFL_DATA_DAG to 2025-04-23 00:00:00+00:00, run_after=2025-04-24 00:00:00+00:00
[2025-04-23T13:19:04.215+0000] {processor.py:208} INFO - Processing /opt/airflow/dags/my_dag.py took 0.162 seconds
[2025-04-23T13:19:34.582+0000] {processor.py:186} INFO - Started process (PID=7178) to work on /opt/airflow/dags/my_dag.py
[2025-04-23T13:19:34.586+0000] {processor.py:914} INFO - Processing file /opt/airflow/dags/my_dag.py for tasks to queue
[2025-04-23T13:19:34.591+0000] {logging_mixin.py:190} INFO - [2025-04-23T13:19:34.590+0000] {dagbag.py:588} INFO - Filling up the DagBag from /opt/airflow/dags/my_dag.py
[2025-04-23T13:19:34.629+0000] {processor.py:925} INFO - DAG(s) 'TFL_DATA_DAG' retrieved from /opt/airflow/dags/my_dag.py
[2025-04-23T13:19:34.665+0000] {logging_mixin.py:190} INFO - [2025-04-23T13:19:34.664+0000] {dag.py:3239} INFO - Sync 1 DAGs
[2025-04-23T13:19:34.701+0000] {logging_mixin.py:190} INFO - [2025-04-23T13:19:34.700+0000] {dag.py:4180} INFO - Setting next_dagrun for TFL_DATA_DAG to 2025-04-23 00:00:00+00:00, run_after=2025-04-24 00:00:00+00:00
[2025-04-23T13:19:34.727+0000] {processor.py:208} INFO - Processing /opt/airflow/dags/my_dag.py took 0.153 seconds
[2025-04-23T13:20:05.116+0000] {processor.py:186} INFO - Started process (PID=7199) to work on /opt/airflow/dags/my_dag.py
[2025-04-23T13:20:05.120+0000] {processor.py:914} INFO - Processing file /opt/airflow/dags/my_dag.py for tasks to queue
[2025-04-23T13:20:05.126+0000] {logging_mixin.py:190} INFO - [2025-04-23T13:20:05.126+0000] {dagbag.py:588} INFO - Filling up the DagBag from /opt/airflow/dags/my_dag.py
[2025-04-23T13:20:05.163+0000] {processor.py:925} INFO - DAG(s) 'TFL_DATA_DAG' retrieved from /opt/airflow/dags/my_dag.py
[2025-04-23T13:20:05.195+0000] {logging_mixin.py:190} INFO - [2025-04-23T13:20:05.194+0000] {dag.py:3239} INFO - Sync 1 DAGs
[2025-04-23T13:20:05.226+0000] {logging_mixin.py:190} INFO - [2025-04-23T13:20:05.226+0000] {dag.py:4180} INFO - Setting next_dagrun for TFL_DATA_DAG to 2025-04-23 00:00:00+00:00, run_after=2025-04-24 00:00:00+00:00
[2025-04-23T13:20:05.255+0000] {processor.py:208} INFO - Processing /opt/airflow/dags/my_dag.py took 0.147 seconds
[2025-04-23T13:20:35.653+0000] {processor.py:186} INFO - Started process (PID=7220) to work on /opt/airflow/dags/my_dag.py
[2025-04-23T13:20:35.656+0000] {processor.py:914} INFO - Processing file /opt/airflow/dags/my_dag.py for tasks to queue
[2025-04-23T13:20:35.661+0000] {logging_mixin.py:190} INFO - [2025-04-23T13:20:35.660+0000] {dagbag.py:588} INFO - Filling up the DagBag from /opt/airflow/dags/my_dag.py
[2025-04-23T13:20:35.689+0000] {processor.py:925} INFO - DAG(s) 'TFL_DATA_DAG' retrieved from /opt/airflow/dags/my_dag.py
[2025-04-23T13:20:35.725+0000] {logging_mixin.py:190} INFO - [2025-04-23T13:20:35.725+0000] {dag.py:3239} INFO - Sync 1 DAGs
[2025-04-23T13:20:35.761+0000] {logging_mixin.py:190} INFO - [2025-04-23T13:20:35.760+0000] {dag.py:4180} INFO - Setting next_dagrun for TFL_DATA_DAG to 2025-04-23 00:00:00+00:00, run_after=2025-04-24 00:00:00+00:00
[2025-04-23T13:20:35.803+0000] {processor.py:208} INFO - Processing /opt/airflow/dags/my_dag.py took 0.159 seconds
[2025-04-23T13:21:06.278+0000] {processor.py:186} INFO - Started process (PID=7241) to work on /opt/airflow/dags/my_dag.py
[2025-04-23T13:21:06.282+0000] {processor.py:914} INFO - Processing file /opt/airflow/dags/my_dag.py for tasks to queue
[2025-04-23T13:21:06.288+0000] {logging_mixin.py:190} INFO - [2025-04-23T13:21:06.287+0000] {dagbag.py:588} INFO - Filling up the DagBag from /opt/airflow/dags/my_dag.py
[2025-04-23T13:21:06.336+0000] {processor.py:925} INFO - DAG(s) 'TFL_DATA_DAG' retrieved from /opt/airflow/dags/my_dag.py
[2025-04-23T13:21:06.366+0000] {logging_mixin.py:190} INFO - [2025-04-23T13:21:06.366+0000] {dag.py:3239} INFO - Sync 1 DAGs
[2025-04-23T13:21:06.394+0000] {logging_mixin.py:190} INFO - [2025-04-23T13:21:06.394+0000] {dag.py:4180} INFO - Setting next_dagrun for TFL_DATA_DAG to 2025-04-23 00:00:00+00:00, run_after=2025-04-24 00:00:00+00:00
[2025-04-23T13:21:06.420+0000] {processor.py:208} INFO - Processing /opt/airflow/dags/my_dag.py took 0.151 seconds
[2025-04-23T13:21:36.796+0000] {processor.py:186} INFO - Started process (PID=7262) to work on /opt/airflow/dags/my_dag.py
[2025-04-23T13:21:36.799+0000] {processor.py:914} INFO - Processing file /opt/airflow/dags/my_dag.py for tasks to queue
[2025-04-23T13:21:36.804+0000] {logging_mixin.py:190} INFO - [2025-04-23T13:21:36.803+0000] {dagbag.py:588} INFO - Filling up the DagBag from /opt/airflow/dags/my_dag.py
[2025-04-23T13:21:36.836+0000] {processor.py:925} INFO - DAG(s) 'TFL_DATA_DAG' retrieved from /opt/airflow/dags/my_dag.py
[2025-04-23T13:21:36.878+0000] {logging_mixin.py:190} INFO - [2025-04-23T13:21:36.877+0000] {dag.py:3239} INFO - Sync 1 DAGs
[2025-04-23T13:21:36.919+0000] {logging_mixin.py:190} INFO - [2025-04-23T13:21:36.919+0000] {dag.py:4180} INFO - Setting next_dagrun for TFL_DATA_DAG to 2025-04-23 00:00:00+00:00, run_after=2025-04-24 00:00:00+00:00
[2025-04-23T13:21:36.949+0000] {processor.py:208} INFO - Processing /opt/airflow/dags/my_dag.py took 0.161 seconds
[2025-04-23T13:22:07.329+0000] {processor.py:186} INFO - Started process (PID=7282) to work on /opt/airflow/dags/my_dag.py
[2025-04-23T13:22:07.332+0000] {processor.py:914} INFO - Processing file /opt/airflow/dags/my_dag.py for tasks to queue
[2025-04-23T13:22:07.337+0000] {logging_mixin.py:190} INFO - [2025-04-23T13:22:07.337+0000] {dagbag.py:588} INFO - Filling up the DagBag from /opt/airflow/dags/my_dag.py
[2025-04-23T13:22:07.370+0000] {processor.py:925} INFO - DAG(s) 'TFL_DATA_DAG' retrieved from /opt/airflow/dags/my_dag.py
[2025-04-23T13:22:07.406+0000] {logging_mixin.py:190} INFO - [2025-04-23T13:22:07.405+0000] {dag.py:3239} INFO - Sync 1 DAGs
[2025-04-23T13:22:07.440+0000] {logging_mixin.py:190} INFO - [2025-04-23T13:22:07.440+0000] {dag.py:4180} INFO - Setting next_dagrun for TFL_DATA_DAG to 2025-04-23 00:00:00+00:00, run_after=2025-04-24 00:00:00+00:00
[2025-04-23T13:22:07.468+0000] {processor.py:208} INFO - Processing /opt/airflow/dags/my_dag.py took 0.148 seconds
[2025-04-23T13:22:37.883+0000] {processor.py:186} INFO - Started process (PID=7303) to work on /opt/airflow/dags/my_dag.py
[2025-04-23T13:22:37.887+0000] {processor.py:914} INFO - Processing file /opt/airflow/dags/my_dag.py for tasks to queue
[2025-04-23T13:22:37.893+0000] {logging_mixin.py:190} INFO - [2025-04-23T13:22:37.893+0000] {dagbag.py:588} INFO - Filling up the DagBag from /opt/airflow/dags/my_dag.py
[2025-04-23T13:22:37.934+0000] {processor.py:925} INFO - DAG(s) 'TFL_DATA_DAG' retrieved from /opt/airflow/dags/my_dag.py
[2025-04-23T13:22:37.979+0000] {logging_mixin.py:190} INFO - [2025-04-23T13:22:37.978+0000] {dag.py:3239} INFO - Sync 1 DAGs
[2025-04-23T13:22:38.020+0000] {logging_mixin.py:190} INFO - [2025-04-23T13:22:38.019+0000] {dag.py:4180} INFO - Setting next_dagrun for TFL_DATA_DAG to 2025-04-23 00:00:00+00:00, run_after=2025-04-24 00:00:00+00:00
[2025-04-23T13:22:38.056+0000] {processor.py:208} INFO - Processing /opt/airflow/dags/my_dag.py took 0.184 seconds
[2025-04-23T13:23:08.426+0000] {processor.py:186} INFO - Started process (PID=7324) to work on /opt/airflow/dags/my_dag.py
[2025-04-23T13:23:08.429+0000] {processor.py:914} INFO - Processing file /opt/airflow/dags/my_dag.py for tasks to queue
[2025-04-23T13:23:08.434+0000] {logging_mixin.py:190} INFO - [2025-04-23T13:23:08.434+0000] {dagbag.py:588} INFO - Filling up the DagBag from /opt/airflow/dags/my_dag.py
[2025-04-23T13:23:08.462+0000] {processor.py:925} INFO - DAG(s) 'TFL_DATA_DAG' retrieved from /opt/airflow/dags/my_dag.py
[2025-04-23T13:23:08.501+0000] {logging_mixin.py:190} INFO - [2025-04-23T13:23:08.500+0000] {dag.py:3239} INFO - Sync 1 DAGs
[2025-04-23T13:23:08.533+0000] {logging_mixin.py:190} INFO - [2025-04-23T13:23:08.533+0000] {dag.py:4180} INFO - Setting next_dagrun for TFL_DATA_DAG to 2025-04-23 00:00:00+00:00, run_after=2025-04-24 00:00:00+00:00
[2025-04-23T13:23:08.564+0000] {processor.py:208} INFO - Processing /opt/airflow/dags/my_dag.py took 0.144 seconds
[2025-04-23T13:23:38.951+0000] {processor.py:186} INFO - Started process (PID=7351) to work on /opt/airflow/dags/my_dag.py
[2025-04-23T13:23:38.954+0000] {processor.py:914} INFO - Processing file /opt/airflow/dags/my_dag.py for tasks to queue
[2025-04-23T13:23:38.959+0000] {logging_mixin.py:190} INFO - [2025-04-23T13:23:38.959+0000] {dagbag.py:588} INFO - Filling up the DagBag from /opt/airflow/dags/my_dag.py
[2025-04-23T13:23:38.999+0000] {processor.py:925} INFO - DAG(s) 'TFL_DATA_DAG' retrieved from /opt/airflow/dags/my_dag.py
[2025-04-23T13:23:39.034+0000] {logging_mixin.py:190} INFO - [2025-04-23T13:23:39.033+0000] {dag.py:3239} INFO - Sync 1 DAGs
[2025-04-23T13:23:39.069+0000] {logging_mixin.py:190} INFO - [2025-04-23T13:23:39.069+0000] {dag.py:4180} INFO - Setting next_dagrun for TFL_DATA_DAG to 2025-04-23 00:00:00+00:00, run_after=2025-04-24 00:00:00+00:00
[2025-04-23T13:23:39.096+0000] {processor.py:208} INFO - Processing /opt/airflow/dags/my_dag.py took 0.153 seconds
[2025-04-23T13:24:09.461+0000] {processor.py:186} INFO - Started process (PID=7372) to work on /opt/airflow/dags/my_dag.py
[2025-04-23T13:24:09.463+0000] {processor.py:914} INFO - Processing file /opt/airflow/dags/my_dag.py for tasks to queue
[2025-04-23T13:24:09.469+0000] {logging_mixin.py:190} INFO - [2025-04-23T13:24:09.468+0000] {dagbag.py:588} INFO - Filling up the DagBag from /opt/airflow/dags/my_dag.py
[2025-04-23T13:24:09.501+0000] {processor.py:925} INFO - DAG(s) 'TFL_DATA_DAG' retrieved from /opt/airflow/dags/my_dag.py
[2025-04-23T13:24:09.536+0000] {logging_mixin.py:190} INFO - [2025-04-23T13:24:09.536+0000] {dag.py:3239} INFO - Sync 1 DAGs
[2025-04-23T13:24:09.571+0000] {logging_mixin.py:190} INFO - [2025-04-23T13:24:09.570+0000] {dag.py:4180} INFO - Setting next_dagrun for TFL_DATA_DAG to 2025-04-23 00:00:00+00:00, run_after=2025-04-24 00:00:00+00:00
[2025-04-23T13:24:09.593+0000] {processor.py:208} INFO - Processing /opt/airflow/dags/my_dag.py took 0.140 seconds
[2025-04-23T13:24:40.008+0000] {processor.py:186} INFO - Started process (PID=7393) to work on /opt/airflow/dags/my_dag.py
[2025-04-23T13:24:40.012+0000] {processor.py:914} INFO - Processing file /opt/airflow/dags/my_dag.py for tasks to queue
[2025-04-23T13:24:40.017+0000] {logging_mixin.py:190} INFO - [2025-04-23T13:24:40.017+0000] {dagbag.py:588} INFO - Filling up the DagBag from /opt/airflow/dags/my_dag.py
[2025-04-23T13:24:40.051+0000] {processor.py:925} INFO - DAG(s) 'TFL_DATA_DAG' retrieved from /opt/airflow/dags/my_dag.py
[2025-04-23T13:24:40.085+0000] {logging_mixin.py:190} INFO - [2025-04-23T13:24:40.084+0000] {dag.py:3239} INFO - Sync 1 DAGs
[2025-04-23T13:24:40.119+0000] {logging_mixin.py:190} INFO - [2025-04-23T13:24:40.118+0000] {dag.py:4180} INFO - Setting next_dagrun for TFL_DATA_DAG to 2025-04-23 00:00:00+00:00, run_after=2025-04-24 00:00:00+00:00
[2025-04-23T13:24:40.145+0000] {processor.py:208} INFO - Processing /opt/airflow/dags/my_dag.py took 0.149 seconds
[2025-04-23T13:25:10.477+0000] {processor.py:186} INFO - Started process (PID=7414) to work on /opt/airflow/dags/my_dag.py
[2025-04-23T13:25:10.479+0000] {processor.py:914} INFO - Processing file /opt/airflow/dags/my_dag.py for tasks to queue
[2025-04-23T13:25:10.483+0000] {logging_mixin.py:190} INFO - [2025-04-23T13:25:10.483+0000] {dagbag.py:588} INFO - Filling up the DagBag from /opt/airflow/dags/my_dag.py
[2025-04-23T13:25:10.503+0000] {processor.py:925} INFO - DAG(s) 'TFL_DATA_DAG' retrieved from /opt/airflow/dags/my_dag.py
[2025-04-23T13:25:10.526+0000] {logging_mixin.py:190} INFO - [2025-04-23T13:25:10.526+0000] {dag.py:3239} INFO - Sync 1 DAGs
[2025-04-23T13:25:10.550+0000] {logging_mixin.py:190} INFO - [2025-04-23T13:25:10.550+0000] {dag.py:4180} INFO - Setting next_dagrun for TFL_DATA_DAG to 2025-04-23 00:00:00+00:00, run_after=2025-04-24 00:00:00+00:00
[2025-04-23T13:25:10.568+0000] {processor.py:208} INFO - Processing /opt/airflow/dags/my_dag.py took 0.095 seconds
[2025-04-23T13:25:40.959+0000] {processor.py:186} INFO - Started process (PID=7435) to work on /opt/airflow/dags/my_dag.py
[2025-04-23T13:25:40.962+0000] {processor.py:914} INFO - Processing file /opt/airflow/dags/my_dag.py for tasks to queue
[2025-04-23T13:25:40.966+0000] {logging_mixin.py:190} INFO - [2025-04-23T13:25:40.965+0000] {dagbag.py:588} INFO - Filling up the DagBag from /opt/airflow/dags/my_dag.py
[2025-04-23T13:25:40.998+0000] {processor.py:925} INFO - DAG(s) 'TFL_DATA_DAG' retrieved from /opt/airflow/dags/my_dag.py
[2025-04-23T13:25:41.036+0000] {logging_mixin.py:190} INFO - [2025-04-23T13:25:41.035+0000] {dag.py:3239} INFO - Sync 1 DAGs
[2025-04-23T13:25:41.070+0000] {logging_mixin.py:190} INFO - [2025-04-23T13:25:41.069+0000] {dag.py:4180} INFO - Setting next_dagrun for TFL_DATA_DAG to 2025-04-23 00:00:00+00:00, run_after=2025-04-24 00:00:00+00:00
[2025-04-23T13:25:41.098+0000] {processor.py:208} INFO - Processing /opt/airflow/dags/my_dag.py took 0.147 seconds
[2025-04-23T13:26:11.541+0000] {processor.py:186} INFO - Started process (PID=7455) to work on /opt/airflow/dags/my_dag.py
[2025-04-23T13:26:11.548+0000] {processor.py:914} INFO - Processing file /opt/airflow/dags/my_dag.py for tasks to queue
[2025-04-23T13:26:11.554+0000] {logging_mixin.py:190} INFO - [2025-04-23T13:26:11.553+0000] {dagbag.py:588} INFO - Filling up the DagBag from /opt/airflow/dags/my_dag.py
[2025-04-23T13:26:11.591+0000] {processor.py:925} INFO - DAG(s) 'TFL_DATA_DAG' retrieved from /opt/airflow/dags/my_dag.py
[2025-04-23T13:26:11.630+0000] {logging_mixin.py:190} INFO - [2025-04-23T13:26:11.629+0000] {dag.py:3239} INFO - Sync 1 DAGs
[2025-04-23T13:26:11.673+0000] {logging_mixin.py:190} INFO - [2025-04-23T13:26:11.672+0000] {dag.py:4180} INFO - Setting next_dagrun for TFL_DATA_DAG to 2025-04-23 00:00:00+00:00, run_after=2025-04-24 00:00:00+00:00
[2025-04-23T13:26:11.700+0000] {processor.py:208} INFO - Processing /opt/airflow/dags/my_dag.py took 0.167 seconds
[2025-04-23T13:26:42.074+0000] {processor.py:186} INFO - Started process (PID=7475) to work on /opt/airflow/dags/my_dag.py
[2025-04-23T13:26:42.078+0000] {processor.py:914} INFO - Processing file /opt/airflow/dags/my_dag.py for tasks to queue
[2025-04-23T13:26:42.083+0000] {logging_mixin.py:190} INFO - [2025-04-23T13:26:42.083+0000] {dagbag.py:588} INFO - Filling up the DagBag from /opt/airflow/dags/my_dag.py
[2025-04-23T13:26:42.121+0000] {processor.py:925} INFO - DAG(s) 'TFL_DATA_DAG' retrieved from /opt/airflow/dags/my_dag.py
[2025-04-23T13:26:42.159+0000] {logging_mixin.py:190} INFO - [2025-04-23T13:26:42.158+0000] {dag.py:3239} INFO - Sync 1 DAGs
[2025-04-23T13:26:42.194+0000] {logging_mixin.py:190} INFO - [2025-04-23T13:26:42.194+0000] {dag.py:4180} INFO - Setting next_dagrun for TFL_DATA_DAG to 2025-04-23 00:00:00+00:00, run_after=2025-04-24 00:00:00+00:00
[2025-04-23T13:26:42.221+0000] {processor.py:208} INFO - Processing /opt/airflow/dags/my_dag.py took 0.157 seconds
[2025-04-23T13:27:12.587+0000] {processor.py:186} INFO - Started process (PID=7496) to work on /opt/airflow/dags/my_dag.py
[2025-04-23T13:27:12.590+0000] {processor.py:914} INFO - Processing file /opt/airflow/dags/my_dag.py for tasks to queue
[2025-04-23T13:27:12.595+0000] {logging_mixin.py:190} INFO - [2025-04-23T13:27:12.594+0000] {dagbag.py:588} INFO - Filling up the DagBag from /opt/airflow/dags/my_dag.py
[2025-04-23T13:27:12.630+0000] {processor.py:925} INFO - DAG(s) 'TFL_DATA_DAG' retrieved from /opt/airflow/dags/my_dag.py
[2025-04-23T13:27:12.673+0000] {logging_mixin.py:190} INFO - [2025-04-23T13:27:12.672+0000] {dag.py:3239} INFO - Sync 1 DAGs
[2025-04-23T13:27:12.714+0000] {logging_mixin.py:190} INFO - [2025-04-23T13:27:12.714+0000] {dag.py:4180} INFO - Setting next_dagrun for TFL_DATA_DAG to 2025-04-23 00:00:00+00:00, run_after=2025-04-24 00:00:00+00:00
[2025-04-23T13:27:12.750+0000] {processor.py:208} INFO - Processing /opt/airflow/dags/my_dag.py took 0.173 seconds
[2025-04-23T13:27:43.144+0000] {processor.py:186} INFO - Started process (PID=7516) to work on /opt/airflow/dags/my_dag.py
[2025-04-23T13:27:43.147+0000] {processor.py:914} INFO - Processing file /opt/airflow/dags/my_dag.py for tasks to queue
[2025-04-23T13:27:43.152+0000] {logging_mixin.py:190} INFO - [2025-04-23T13:27:43.152+0000] {dagbag.py:588} INFO - Filling up the DagBag from /opt/airflow/dags/my_dag.py
[2025-04-23T13:27:43.192+0000] {processor.py:925} INFO - DAG(s) 'TFL_DATA_DAG' retrieved from /opt/airflow/dags/my_dag.py
[2025-04-23T13:27:43.229+0000] {logging_mixin.py:190} INFO - [2025-04-23T13:27:43.228+0000] {dag.py:3239} INFO - Sync 1 DAGs
[2025-04-23T13:27:43.264+0000] {logging_mixin.py:190} INFO - [2025-04-23T13:27:43.263+0000] {dag.py:4180} INFO - Setting next_dagrun for TFL_DATA_DAG to 2025-04-23 00:00:00+00:00, run_after=2025-04-24 00:00:00+00:00
[2025-04-23T13:27:43.291+0000] {processor.py:208} INFO - Processing /opt/airflow/dags/my_dag.py took 0.159 seconds
[2025-04-23T13:28:13.676+0000] {processor.py:186} INFO - Started process (PID=7537) to work on /opt/airflow/dags/my_dag.py
[2025-04-23T13:28:13.678+0000] {processor.py:914} INFO - Processing file /opt/airflow/dags/my_dag.py for tasks to queue
[2025-04-23T13:28:13.684+0000] {logging_mixin.py:190} INFO - [2025-04-23T13:28:13.683+0000] {dagbag.py:588} INFO - Filling up the DagBag from /opt/airflow/dags/my_dag.py
[2025-04-23T13:28:13.721+0000] {processor.py:925} INFO - DAG(s) 'TFL_DATA_DAG' retrieved from /opt/airflow/dags/my_dag.py
[2025-04-23T13:28:13.756+0000] {logging_mixin.py:190} INFO - [2025-04-23T13:28:13.755+0000] {dag.py:3239} INFO - Sync 1 DAGs
[2025-04-23T13:28:13.790+0000] {logging_mixin.py:190} INFO - [2025-04-23T13:28:13.790+0000] {dag.py:4180} INFO - Setting next_dagrun for TFL_DATA_DAG to 2025-04-23 00:00:00+00:00, run_after=2025-04-24 00:00:00+00:00
[2025-04-23T13:28:13.816+0000] {processor.py:208} INFO - Processing /opt/airflow/dags/my_dag.py took 0.148 seconds
[2025-04-23T13:28:44.212+0000] {processor.py:186} INFO - Started process (PID=7558) to work on /opt/airflow/dags/my_dag.py
[2025-04-23T13:28:44.214+0000] {processor.py:914} INFO - Processing file /opt/airflow/dags/my_dag.py for tasks to queue
[2025-04-23T13:28:44.219+0000] {logging_mixin.py:190} INFO - [2025-04-23T13:28:44.219+0000] {dagbag.py:588} INFO - Filling up the DagBag from /opt/airflow/dags/my_dag.py
[2025-04-23T13:28:44.251+0000] {processor.py:925} INFO - DAG(s) 'TFL_DATA_DAG' retrieved from /opt/airflow/dags/my_dag.py
[2025-04-23T13:28:44.283+0000] {logging_mixin.py:190} INFO - [2025-04-23T13:28:44.282+0000] {dag.py:3239} INFO - Sync 1 DAGs
[2025-04-23T13:28:44.316+0000] {logging_mixin.py:190} INFO - [2025-04-23T13:28:44.316+0000] {dag.py:4180} INFO - Setting next_dagrun for TFL_DATA_DAG to 2025-04-23 00:00:00+00:00, run_after=2025-04-24 00:00:00+00:00
[2025-04-23T13:28:44.343+0000] {processor.py:208} INFO - Processing /opt/airflow/dags/my_dag.py took 0.140 seconds
[2025-04-23T13:29:14.703+0000] {processor.py:186} INFO - Started process (PID=7579) to work on /opt/airflow/dags/my_dag.py
[2025-04-23T13:29:14.705+0000] {processor.py:914} INFO - Processing file /opt/airflow/dags/my_dag.py for tasks to queue
[2025-04-23T13:29:14.710+0000] {logging_mixin.py:190} INFO - [2025-04-23T13:29:14.709+0000] {dagbag.py:588} INFO - Filling up the DagBag from /opt/airflow/dags/my_dag.py
[2025-04-23T13:29:14.744+0000] {processor.py:925} INFO - DAG(s) 'TFL_DATA_DAG' retrieved from /opt/airflow/dags/my_dag.py
[2025-04-23T13:29:14.779+0000] {logging_mixin.py:190} INFO - [2025-04-23T13:29:14.778+0000] {dag.py:3239} INFO - Sync 1 DAGs
[2025-04-23T13:29:14.811+0000] {logging_mixin.py:190} INFO - [2025-04-23T13:29:14.811+0000] {dag.py:4180} INFO - Setting next_dagrun for TFL_DATA_DAG to 2025-04-23 00:00:00+00:00, run_after=2025-04-24 00:00:00+00:00
[2025-04-23T13:29:14.840+0000] {processor.py:208} INFO - Processing /opt/airflow/dags/my_dag.py took 0.146 seconds
[2025-04-23T13:29:45.160+0000] {processor.py:186} INFO - Started process (PID=7600) to work on /opt/airflow/dags/my_dag.py
[2025-04-23T13:29:45.162+0000] {processor.py:914} INFO - Processing file /opt/airflow/dags/my_dag.py for tasks to queue
[2025-04-23T13:29:45.165+0000] {logging_mixin.py:190} INFO - [2025-04-23T13:29:45.165+0000] {dagbag.py:588} INFO - Filling up the DagBag from /opt/airflow/dags/my_dag.py
[2025-04-23T13:29:45.188+0000] {processor.py:925} INFO - DAG(s) 'TFL_DATA_DAG' retrieved from /opt/airflow/dags/my_dag.py
[2025-04-23T13:29:45.214+0000] {logging_mixin.py:190} INFO - [2025-04-23T13:29:45.214+0000] {dag.py:3239} INFO - Sync 1 DAGs
[2025-04-23T13:29:45.237+0000] {logging_mixin.py:190} INFO - [2025-04-23T13:29:45.237+0000] {dag.py:4180} INFO - Setting next_dagrun for TFL_DATA_DAG to 2025-04-23 00:00:00+00:00, run_after=2025-04-24 00:00:00+00:00
[2025-04-23T13:29:45.259+0000] {processor.py:208} INFO - Processing /opt/airflow/dags/my_dag.py took 0.104 seconds
[2025-04-23T13:30:15.583+0000] {processor.py:186} INFO - Started process (PID=7620) to work on /opt/airflow/dags/my_dag.py
[2025-04-23T13:30:15.585+0000] {processor.py:914} INFO - Processing file /opt/airflow/dags/my_dag.py for tasks to queue
[2025-04-23T13:30:15.591+0000] {logging_mixin.py:190} INFO - [2025-04-23T13:30:15.591+0000] {dagbag.py:588} INFO - Filling up the DagBag from /opt/airflow/dags/my_dag.py
[2025-04-23T13:30:15.623+0000] {processor.py:925} INFO - DAG(s) 'TFL_DATA_DAG' retrieved from /opt/airflow/dags/my_dag.py
[2025-04-23T13:30:15.645+0000] {logging_mixin.py:190} INFO - [2025-04-23T13:30:15.645+0000] {dag.py:3239} INFO - Sync 1 DAGs
[2025-04-23T13:30:15.663+0000] {logging_mixin.py:190} INFO - [2025-04-23T13:30:15.663+0000] {dag.py:4180} INFO - Setting next_dagrun for TFL_DATA_DAG to 2025-04-23 00:00:00+00:00, run_after=2025-04-24 00:00:00+00:00
[2025-04-23T13:30:15.685+0000] {processor.py:208} INFO - Processing /opt/airflow/dags/my_dag.py took 0.111 seconds
[2025-04-23T13:30:46.033+0000] {processor.py:186} INFO - Started process (PID=7641) to work on /opt/airflow/dags/my_dag.py
[2025-04-23T13:30:46.035+0000] {processor.py:914} INFO - Processing file /opt/airflow/dags/my_dag.py for tasks to queue
[2025-04-23T13:30:46.038+0000] {logging_mixin.py:190} INFO - [2025-04-23T13:30:46.038+0000] {dagbag.py:588} INFO - Filling up the DagBag from /opt/airflow/dags/my_dag.py
[2025-04-23T13:30:46.064+0000] {processor.py:925} INFO - DAG(s) 'TFL_DATA_DAG' retrieved from /opt/airflow/dags/my_dag.py
[2025-04-23T13:30:46.089+0000] {logging_mixin.py:190} INFO - [2025-04-23T13:30:46.088+0000] {dag.py:3239} INFO - Sync 1 DAGs
[2025-04-23T13:30:46.116+0000] {logging_mixin.py:190} INFO - [2025-04-23T13:30:46.116+0000] {dag.py:4180} INFO - Setting next_dagrun for TFL_DATA_DAG to 2025-04-23 00:00:00+00:00, run_after=2025-04-24 00:00:00+00:00
[2025-04-23T13:30:46.141+0000] {processor.py:208} INFO - Processing /opt/airflow/dags/my_dag.py took 0.115 seconds
[2025-04-23T13:31:16.481+0000] {processor.py:186} INFO - Started process (PID=7661) to work on /opt/airflow/dags/my_dag.py
[2025-04-23T13:31:16.483+0000] {processor.py:914} INFO - Processing file /opt/airflow/dags/my_dag.py for tasks to queue
[2025-04-23T13:31:16.485+0000] {logging_mixin.py:190} INFO - [2025-04-23T13:31:16.485+0000] {dagbag.py:588} INFO - Filling up the DagBag from /opt/airflow/dags/my_dag.py
[2025-04-23T13:31:16.508+0000] {processor.py:925} INFO - DAG(s) 'TFL_DATA_DAG' retrieved from /opt/airflow/dags/my_dag.py
[2025-04-23T13:31:16.533+0000] {logging_mixin.py:190} INFO - [2025-04-23T13:31:16.533+0000] {dag.py:3239} INFO - Sync 1 DAGs
[2025-04-23T13:31:16.571+0000] {logging_mixin.py:190} INFO - [2025-04-23T13:31:16.571+0000] {dag.py:4180} INFO - Setting next_dagrun for TFL_DATA_DAG to 2025-04-23 00:00:00+00:00, run_after=2025-04-24 00:00:00+00:00
[2025-04-23T13:31:16.602+0000] {processor.py:208} INFO - Processing /opt/airflow/dags/my_dag.py took 0.127 seconds
[2025-04-23T13:31:47.002+0000] {processor.py:186} INFO - Started process (PID=7682) to work on /opt/airflow/dags/my_dag.py
[2025-04-23T13:31:47.005+0000] {processor.py:914} INFO - Processing file /opt/airflow/dags/my_dag.py for tasks to queue
[2025-04-23T13:31:47.010+0000] {logging_mixin.py:190} INFO - [2025-04-23T13:31:47.010+0000] {dagbag.py:588} INFO - Filling up the DagBag from /opt/airflow/dags/my_dag.py
[2025-04-23T13:31:47.046+0000] {processor.py:925} INFO - DAG(s) 'TFL_DATA_DAG' retrieved from /opt/airflow/dags/my_dag.py
[2025-04-23T13:31:47.084+0000] {logging_mixin.py:190} INFO - [2025-04-23T13:31:47.083+0000] {dag.py:3239} INFO - Sync 1 DAGs
[2025-04-23T13:31:47.119+0000] {logging_mixin.py:190} INFO - [2025-04-23T13:31:47.118+0000] {dag.py:4180} INFO - Setting next_dagrun for TFL_DATA_DAG to 2025-04-23 00:00:00+00:00, run_after=2025-04-24 00:00:00+00:00
[2025-04-23T13:31:47.144+0000] {processor.py:208} INFO - Processing /opt/airflow/dags/my_dag.py took 0.154 seconds
[2025-04-23T13:32:17.527+0000] {processor.py:186} INFO - Started process (PID=7703) to work on /opt/airflow/dags/my_dag.py
[2025-04-23T13:32:17.530+0000] {processor.py:914} INFO - Processing file /opt/airflow/dags/my_dag.py for tasks to queue
[2025-04-23T13:32:17.536+0000] {logging_mixin.py:190} INFO - [2025-04-23T13:32:17.535+0000] {dagbag.py:588} INFO - Filling up the DagBag from /opt/airflow/dags/my_dag.py
[2025-04-23T13:32:17.571+0000] {processor.py:925} INFO - DAG(s) 'TFL_DATA_DAG' retrieved from /opt/airflow/dags/my_dag.py
[2025-04-23T13:32:17.611+0000] {logging_mixin.py:190} INFO - [2025-04-23T13:32:17.610+0000] {dag.py:3239} INFO - Sync 1 DAGs
[2025-04-23T13:32:17.646+0000] {logging_mixin.py:190} INFO - [2025-04-23T13:32:17.646+0000] {dag.py:4180} INFO - Setting next_dagrun for TFL_DATA_DAG to 2025-04-23 00:00:00+00:00, run_after=2025-04-24 00:00:00+00:00
[2025-04-23T13:32:17.672+0000] {processor.py:208} INFO - Processing /opt/airflow/dags/my_dag.py took 0.155 seconds
[2025-04-23T13:32:48.079+0000] {processor.py:186} INFO - Started process (PID=7724) to work on /opt/airflow/dags/my_dag.py
[2025-04-23T13:32:48.082+0000] {processor.py:914} INFO - Processing file /opt/airflow/dags/my_dag.py for tasks to queue
[2025-04-23T13:32:48.086+0000] {logging_mixin.py:190} INFO - [2025-04-23T13:32:48.085+0000] {dagbag.py:588} INFO - Filling up the DagBag from /opt/airflow/dags/my_dag.py
[2025-04-23T13:32:48.118+0000] {processor.py:925} INFO - DAG(s) 'TFL_DATA_DAG' retrieved from /opt/airflow/dags/my_dag.py
[2025-04-23T13:32:48.154+0000] {logging_mixin.py:190} INFO - [2025-04-23T13:32:48.153+0000] {dag.py:3239} INFO - Sync 1 DAGs
[2025-04-23T13:32:48.189+0000] {logging_mixin.py:190} INFO - [2025-04-23T13:32:48.189+0000] {dag.py:4180} INFO - Setting next_dagrun for TFL_DATA_DAG to 2025-04-23 00:00:00+00:00, run_after=2025-04-24 00:00:00+00:00
[2025-04-23T13:32:48.218+0000] {processor.py:208} INFO - Processing /opt/airflow/dags/my_dag.py took 0.146 seconds
[2025-04-23T13:33:18.616+0000] {processor.py:186} INFO - Started process (PID=7745) to work on /opt/airflow/dags/my_dag.py
[2025-04-23T13:33:18.618+0000] {processor.py:914} INFO - Processing file /opt/airflow/dags/my_dag.py for tasks to queue
[2025-04-23T13:33:18.623+0000] {logging_mixin.py:190} INFO - [2025-04-23T13:33:18.623+0000] {dagbag.py:588} INFO - Filling up the DagBag from /opt/airflow/dags/my_dag.py
[2025-04-23T13:33:18.656+0000] {processor.py:925} INFO - DAG(s) 'TFL_DATA_DAG' retrieved from /opt/airflow/dags/my_dag.py
[2025-04-23T13:33:18.694+0000] {logging_mixin.py:190} INFO - [2025-04-23T13:33:18.694+0000] {dag.py:3239} INFO - Sync 1 DAGs
[2025-04-23T13:33:18.728+0000] {logging_mixin.py:190} INFO - [2025-04-23T13:33:18.727+0000] {dag.py:4180} INFO - Setting next_dagrun for TFL_DATA_DAG to 2025-04-23 00:00:00+00:00, run_after=2025-04-24 00:00:00+00:00
[2025-04-23T13:33:18.755+0000] {processor.py:208} INFO - Processing /opt/airflow/dags/my_dag.py took 0.149 seconds
[2025-04-23T13:33:49.137+0000] {processor.py:186} INFO - Started process (PID=7766) to work on /opt/airflow/dags/my_dag.py
[2025-04-23T13:33:49.140+0000] {processor.py:914} INFO - Processing file /opt/airflow/dags/my_dag.py for tasks to queue
[2025-04-23T13:33:49.145+0000] {logging_mixin.py:190} INFO - [2025-04-23T13:33:49.145+0000] {dagbag.py:588} INFO - Filling up the DagBag from /opt/airflow/dags/my_dag.py
[2025-04-23T13:33:49.175+0000] {processor.py:925} INFO - DAG(s) 'TFL_DATA_DAG' retrieved from /opt/airflow/dags/my_dag.py
[2025-04-23T13:33:49.210+0000] {logging_mixin.py:190} INFO - [2025-04-23T13:33:49.209+0000] {dag.py:3239} INFO - Sync 1 DAGs
[2025-04-23T13:33:49.243+0000] {logging_mixin.py:190} INFO - [2025-04-23T13:33:49.243+0000] {dag.py:4180} INFO - Setting next_dagrun for TFL_DATA_DAG to 2025-04-23 00:00:00+00:00, run_after=2025-04-24 00:00:00+00:00
[2025-04-23T13:33:49.279+0000] {processor.py:208} INFO - Processing /opt/airflow/dags/my_dag.py took 0.151 seconds
[2025-04-23T13:34:19.655+0000] {processor.py:186} INFO - Started process (PID=7787) to work on /opt/airflow/dags/my_dag.py
[2025-04-23T13:34:19.657+0000] {processor.py:914} INFO - Processing file /opt/airflow/dags/my_dag.py for tasks to queue
[2025-04-23T13:34:19.661+0000] {logging_mixin.py:190} INFO - [2025-04-23T13:34:19.661+0000] {dagbag.py:588} INFO - Filling up the DagBag from /opt/airflow/dags/my_dag.py
[2025-04-23T13:34:19.693+0000] {processor.py:925} INFO - DAG(s) 'TFL_DATA_DAG' retrieved from /opt/airflow/dags/my_dag.py
[2025-04-23T13:34:19.726+0000] {logging_mixin.py:190} INFO - [2025-04-23T13:34:19.725+0000] {dag.py:3239} INFO - Sync 1 DAGs
[2025-04-23T13:34:19.757+0000] {logging_mixin.py:190} INFO - [2025-04-23T13:34:19.756+0000] {dag.py:4180} INFO - Setting next_dagrun for TFL_DATA_DAG to 2025-04-23 00:00:00+00:00, run_after=2025-04-24 00:00:00+00:00
[2025-04-23T13:34:19.786+0000] {processor.py:208} INFO - Processing /opt/airflow/dags/my_dag.py took 0.140 seconds
[2025-04-23T13:34:50.207+0000] {processor.py:186} INFO - Started process (PID=7808) to work on /opt/airflow/dags/my_dag.py
[2025-04-23T13:34:50.211+0000] {processor.py:914} INFO - Processing file /opt/airflow/dags/my_dag.py for tasks to queue
[2025-04-23T13:34:50.216+0000] {logging_mixin.py:190} INFO - [2025-04-23T13:34:50.215+0000] {dagbag.py:588} INFO - Filling up the DagBag from /opt/airflow/dags/my_dag.py
[2025-04-23T13:34:50.247+0000] {processor.py:925} INFO - DAG(s) 'TFL_DATA_DAG' retrieved from /opt/airflow/dags/my_dag.py
[2025-04-23T13:34:50.286+0000] {logging_mixin.py:190} INFO - [2025-04-23T13:34:50.285+0000] {dag.py:3239} INFO - Sync 1 DAGs
[2025-04-23T13:34:50.322+0000] {logging_mixin.py:190} INFO - [2025-04-23T13:34:50.322+0000] {dag.py:4180} INFO - Setting next_dagrun for TFL_DATA_DAG to 2025-04-23 00:00:00+00:00, run_after=2025-04-24 00:00:00+00:00
[2025-04-23T13:34:50.348+0000] {processor.py:208} INFO - Processing /opt/airflow/dags/my_dag.py took 0.150 seconds
[2025-04-23T13:35:20.711+0000] {processor.py:186} INFO - Started process (PID=7829) to work on /opt/airflow/dags/my_dag.py
[2025-04-23T13:35:20.714+0000] {processor.py:914} INFO - Processing file /opt/airflow/dags/my_dag.py for tasks to queue
[2025-04-23T13:35:20.719+0000] {logging_mixin.py:190} INFO - [2025-04-23T13:35:20.718+0000] {dagbag.py:588} INFO - Filling up the DagBag from /opt/airflow/dags/my_dag.py
[2025-04-23T13:35:20.751+0000] {processor.py:925} INFO - DAG(s) 'TFL_DATA_DAG' retrieved from /opt/airflow/dags/my_dag.py
[2025-04-23T13:35:20.785+0000] {logging_mixin.py:190} INFO - [2025-04-23T13:35:20.784+0000] {dag.py:3239} INFO - Sync 1 DAGs
[2025-04-23T13:35:20.818+0000] {logging_mixin.py:190} INFO - [2025-04-23T13:35:20.818+0000] {dag.py:4180} INFO - Setting next_dagrun for TFL_DATA_DAG to 2025-04-23 00:00:00+00:00, run_after=2025-04-24 00:00:00+00:00
[2025-04-23T13:35:20.847+0000] {processor.py:208} INFO - Processing /opt/airflow/dags/my_dag.py took 0.145 seconds
[2025-04-23T13:35:51.225+0000] {processor.py:186} INFO - Started process (PID=7850) to work on /opt/airflow/dags/my_dag.py
[2025-04-23T13:35:51.229+0000] {processor.py:914} INFO - Processing file /opt/airflow/dags/my_dag.py for tasks to queue
[2025-04-23T13:35:51.235+0000] {logging_mixin.py:190} INFO - [2025-04-23T13:35:51.234+0000] {dagbag.py:588} INFO - Filling up the DagBag from /opt/airflow/dags/my_dag.py
[2025-04-23T13:35:51.275+0000] {processor.py:925} INFO - DAG(s) 'TFL_DATA_DAG' retrieved from /opt/airflow/dags/my_dag.py
[2025-04-23T13:35:51.322+0000] {logging_mixin.py:190} INFO - [2025-04-23T13:35:51.321+0000] {dag.py:3239} INFO - Sync 1 DAGs
[2025-04-23T13:35:51.361+0000] {logging_mixin.py:190} INFO - [2025-04-23T13:35:51.361+0000] {dag.py:4180} INFO - Setting next_dagrun for TFL_DATA_DAG to 2025-04-23 00:00:00+00:00, run_after=2025-04-24 00:00:00+00:00
[2025-04-23T13:35:51.397+0000] {processor.py:208} INFO - Processing /opt/airflow/dags/my_dag.py took 0.181 seconds
[2025-04-23T13:36:21.841+0000] {processor.py:186} INFO - Started process (PID=7871) to work on /opt/airflow/dags/my_dag.py
[2025-04-23T13:36:21.844+0000] {processor.py:914} INFO - Processing file /opt/airflow/dags/my_dag.py for tasks to queue
[2025-04-23T13:36:21.848+0000] {logging_mixin.py:190} INFO - [2025-04-23T13:36:21.848+0000] {dagbag.py:588} INFO - Filling up the DagBag from /opt/airflow/dags/my_dag.py
[2025-04-23T13:36:21.882+0000] {processor.py:925} INFO - DAG(s) 'TFL_DATA_DAG' retrieved from /opt/airflow/dags/my_dag.py
[2025-04-23T13:36:21.916+0000] {logging_mixin.py:190} INFO - [2025-04-23T13:36:21.915+0000] {dag.py:3239} INFO - Sync 1 DAGs
[2025-04-23T13:36:21.950+0000] {logging_mixin.py:190} INFO - [2025-04-23T13:36:21.950+0000] {dag.py:4180} INFO - Setting next_dagrun for TFL_DATA_DAG to 2025-04-23 00:00:00+00:00, run_after=2025-04-24 00:00:00+00:00
[2025-04-23T13:36:21.976+0000] {processor.py:208} INFO - Processing /opt/airflow/dags/my_dag.py took 0.144 seconds
[2025-04-23T13:36:52.358+0000] {processor.py:186} INFO - Started process (PID=7892) to work on /opt/airflow/dags/my_dag.py
[2025-04-23T13:36:52.360+0000] {processor.py:914} INFO - Processing file /opt/airflow/dags/my_dag.py for tasks to queue
[2025-04-23T13:36:52.366+0000] {logging_mixin.py:190} INFO - [2025-04-23T13:36:52.366+0000] {dagbag.py:588} INFO - Filling up the DagBag from /opt/airflow/dags/my_dag.py
[2025-04-23T13:36:52.407+0000] {processor.py:925} INFO - DAG(s) 'TFL_DATA_DAG' retrieved from /opt/airflow/dags/my_dag.py
[2025-04-23T13:36:52.443+0000] {logging_mixin.py:190} INFO - [2025-04-23T13:36:52.443+0000] {dag.py:3239} INFO - Sync 1 DAGs
[2025-04-23T13:36:52.475+0000] {logging_mixin.py:190} INFO - [2025-04-23T13:36:52.475+0000] {dag.py:4180} INFO - Setting next_dagrun for TFL_DATA_DAG to 2025-04-23 00:00:00+00:00, run_after=2025-04-24 00:00:00+00:00
[2025-04-23T13:36:52.510+0000] {processor.py:208} INFO - Processing /opt/airflow/dags/my_dag.py took 0.163 seconds
[2025-04-23T13:37:22.921+0000] {processor.py:186} INFO - Started process (PID=7913) to work on /opt/airflow/dags/my_dag.py
[2025-04-23T13:37:22.924+0000] {processor.py:914} INFO - Processing file /opt/airflow/dags/my_dag.py for tasks to queue
[2025-04-23T13:37:22.929+0000] {logging_mixin.py:190} INFO - [2025-04-23T13:37:22.928+0000] {dagbag.py:588} INFO - Filling up the DagBag from /opt/airflow/dags/my_dag.py
[2025-04-23T13:37:22.965+0000] {processor.py:925} INFO - DAG(s) 'TFL_DATA_DAG' retrieved from /opt/airflow/dags/my_dag.py
[2025-04-23T13:37:23.003+0000] {logging_mixin.py:190} INFO - [2025-04-23T13:37:23.002+0000] {dag.py:3239} INFO - Sync 1 DAGs
[2025-04-23T13:37:23.040+0000] {logging_mixin.py:190} INFO - [2025-04-23T13:37:23.039+0000] {dag.py:4180} INFO - Setting next_dagrun for TFL_DATA_DAG to 2025-04-23 00:00:00+00:00, run_after=2025-04-24 00:00:00+00:00
[2025-04-23T13:37:23.068+0000] {processor.py:208} INFO - Processing /opt/airflow/dags/my_dag.py took 0.157 seconds
[2025-04-23T13:37:53.449+0000] {processor.py:186} INFO - Started process (PID=7934) to work on /opt/airflow/dags/my_dag.py
[2025-04-23T13:37:53.452+0000] {processor.py:914} INFO - Processing file /opt/airflow/dags/my_dag.py for tasks to queue
[2025-04-23T13:37:53.457+0000] {logging_mixin.py:190} INFO - [2025-04-23T13:37:53.457+0000] {dagbag.py:588} INFO - Filling up the DagBag from /opt/airflow/dags/my_dag.py
[2025-04-23T13:37:53.496+0000] {processor.py:925} INFO - DAG(s) 'TFL_DATA_DAG' retrieved from /opt/airflow/dags/my_dag.py
[2025-04-23T13:37:53.540+0000] {logging_mixin.py:190} INFO - [2025-04-23T13:37:53.540+0000] {dag.py:3239} INFO - Sync 1 DAGs
[2025-04-23T13:37:53.579+0000] {logging_mixin.py:190} INFO - [2025-04-23T13:37:53.578+0000] {dag.py:4180} INFO - Setting next_dagrun for TFL_DATA_DAG to 2025-04-23 00:00:00+00:00, run_after=2025-04-24 00:00:00+00:00
[2025-04-23T13:37:53.609+0000] {processor.py:208} INFO - Processing /opt/airflow/dags/my_dag.py took 0.169 seconds
[2025-04-23T13:38:23.991+0000] {processor.py:186} INFO - Started process (PID=7955) to work on /opt/airflow/dags/my_dag.py
[2025-04-23T13:38:23.994+0000] {processor.py:914} INFO - Processing file /opt/airflow/dags/my_dag.py for tasks to queue
[2025-04-23T13:38:24.000+0000] {logging_mixin.py:190} INFO - [2025-04-23T13:38:23.999+0000] {dagbag.py:588} INFO - Filling up the DagBag from /opt/airflow/dags/my_dag.py
[2025-04-23T13:38:24.038+0000] {processor.py:925} INFO - DAG(s) 'TFL_DATA_DAG' retrieved from /opt/airflow/dags/my_dag.py
[2025-04-23T13:38:24.081+0000] {logging_mixin.py:190} INFO - [2025-04-23T13:38:24.080+0000] {dag.py:3239} INFO - Sync 1 DAGs
[2025-04-23T13:38:24.120+0000] {logging_mixin.py:190} INFO - [2025-04-23T13:38:24.120+0000] {dag.py:4180} INFO - Setting next_dagrun for TFL_DATA_DAG to 2025-04-23 00:00:00+00:00, run_after=2025-04-24 00:00:00+00:00
[2025-04-23T13:38:24.147+0000] {processor.py:208} INFO - Processing /opt/airflow/dags/my_dag.py took 0.166 seconds
[2025-04-23T13:38:54.537+0000] {processor.py:186} INFO - Started process (PID=7976) to work on /opt/airflow/dags/my_dag.py
[2025-04-23T13:38:54.540+0000] {processor.py:914} INFO - Processing file /opt/airflow/dags/my_dag.py for tasks to queue
[2025-04-23T13:38:54.544+0000] {logging_mixin.py:190} INFO - [2025-04-23T13:38:54.544+0000] {dagbag.py:588} INFO - Filling up the DagBag from /opt/airflow/dags/my_dag.py
[2025-04-23T13:38:54.575+0000] {processor.py:925} INFO - DAG(s) 'TFL_DATA_DAG' retrieved from /opt/airflow/dags/my_dag.py
[2025-04-23T13:38:54.611+0000] {logging_mixin.py:190} INFO - [2025-04-23T13:38:54.610+0000] {dag.py:3239} INFO - Sync 1 DAGs
[2025-04-23T13:38:54.645+0000] {logging_mixin.py:190} INFO - [2025-04-23T13:38:54.645+0000] {dag.py:4180} INFO - Setting next_dagrun for TFL_DATA_DAG to 2025-04-23 00:00:00+00:00, run_after=2025-04-24 00:00:00+00:00
[2025-04-23T13:38:54.670+0000] {processor.py:208} INFO - Processing /opt/airflow/dags/my_dag.py took 0.141 seconds
[2025-04-23T13:39:25.034+0000] {processor.py:186} INFO - Started process (PID=7997) to work on /opt/airflow/dags/my_dag.py
[2025-04-23T13:39:25.037+0000] {processor.py:914} INFO - Processing file /opt/airflow/dags/my_dag.py for tasks to queue
[2025-04-23T13:39:25.041+0000] {logging_mixin.py:190} INFO - [2025-04-23T13:39:25.041+0000] {dagbag.py:588} INFO - Filling up the DagBag from /opt/airflow/dags/my_dag.py
[2025-04-23T13:39:25.078+0000] {processor.py:925} INFO - DAG(s) 'TFL_DATA_DAG' retrieved from /opt/airflow/dags/my_dag.py
[2025-04-23T13:39:25.122+0000] {logging_mixin.py:190} INFO - [2025-04-23T13:39:25.121+0000] {dag.py:3239} INFO - Sync 1 DAGs
[2025-04-23T13:39:25.157+0000] {logging_mixin.py:190} INFO - [2025-04-23T13:39:25.156+0000] {dag.py:4180} INFO - Setting next_dagrun for TFL_DATA_DAG to 2025-04-23 00:00:00+00:00, run_after=2025-04-24 00:00:00+00:00
[2025-04-23T13:39:25.184+0000] {processor.py:208} INFO - Processing /opt/airflow/dags/my_dag.py took 0.159 seconds
[2025-04-23T13:39:55.556+0000] {processor.py:186} INFO - Started process (PID=8018) to work on /opt/airflow/dags/my_dag.py
[2025-04-23T13:39:55.559+0000] {processor.py:914} INFO - Processing file /opt/airflow/dags/my_dag.py for tasks to queue
[2025-04-23T13:39:55.565+0000] {logging_mixin.py:190} INFO - [2025-04-23T13:39:55.564+0000] {dagbag.py:588} INFO - Filling up the DagBag from /opt/airflow/dags/my_dag.py
[2025-04-23T13:39:55.597+0000] {processor.py:925} INFO - DAG(s) 'TFL_DATA_DAG' retrieved from /opt/airflow/dags/my_dag.py
[2025-04-23T13:39:55.632+0000] {logging_mixin.py:190} INFO - [2025-04-23T13:39:55.631+0000] {dag.py:3239} INFO - Sync 1 DAGs
[2025-04-23T13:39:55.667+0000] {logging_mixin.py:190} INFO - [2025-04-23T13:39:55.667+0000] {dag.py:4180} INFO - Setting next_dagrun for TFL_DATA_DAG to 2025-04-23 00:00:00+00:00, run_after=2025-04-24 00:00:00+00:00
[2025-04-23T13:39:55.691+0000] {processor.py:208} INFO - Processing /opt/airflow/dags/my_dag.py took 0.144 seconds
[2025-04-23T13:40:26.080+0000] {processor.py:186} INFO - Started process (PID=8039) to work on /opt/airflow/dags/my_dag.py
[2025-04-23T13:40:26.084+0000] {processor.py:914} INFO - Processing file /opt/airflow/dags/my_dag.py for tasks to queue
[2025-04-23T13:40:26.091+0000] {logging_mixin.py:190} INFO - [2025-04-23T13:40:26.090+0000] {dagbag.py:588} INFO - Filling up the DagBag from /opt/airflow/dags/my_dag.py
[2025-04-23T13:40:26.138+0000] {processor.py:925} INFO - DAG(s) 'TFL_DATA_DAG' retrieved from /opt/airflow/dags/my_dag.py
[2025-04-23T13:40:26.190+0000] {logging_mixin.py:190} INFO - [2025-04-23T13:40:26.189+0000] {dag.py:3239} INFO - Sync 1 DAGs
[2025-04-23T13:40:26.235+0000] {logging_mixin.py:190} INFO - [2025-04-23T13:40:26.235+0000] {dag.py:4180} INFO - Setting next_dagrun for TFL_DATA_DAG to 2025-04-23 00:00:00+00:00, run_after=2025-04-24 00:00:00+00:00
[2025-04-23T13:40:26.278+0000] {processor.py:208} INFO - Processing /opt/airflow/dags/my_dag.py took 0.212 seconds
[2025-04-23T13:40:56.671+0000] {processor.py:186} INFO - Started process (PID=8059) to work on /opt/airflow/dags/my_dag.py
[2025-04-23T13:40:56.673+0000] {processor.py:914} INFO - Processing file /opt/airflow/dags/my_dag.py for tasks to queue
[2025-04-23T13:40:56.678+0000] {logging_mixin.py:190} INFO - [2025-04-23T13:40:56.677+0000] {dagbag.py:588} INFO - Filling up the DagBag from /opt/airflow/dags/my_dag.py
[2025-04-23T13:40:56.709+0000] {processor.py:925} INFO - DAG(s) 'TFL_DATA_DAG' retrieved from /opt/airflow/dags/my_dag.py
[2025-04-23T13:40:56.743+0000] {logging_mixin.py:190} INFO - [2025-04-23T13:40:56.743+0000] {dag.py:3239} INFO - Sync 1 DAGs
[2025-04-23T13:40:56.779+0000] {logging_mixin.py:190} INFO - [2025-04-23T13:40:56.778+0000] {dag.py:4180} INFO - Setting next_dagrun for TFL_DATA_DAG to 2025-04-23 00:00:00+00:00, run_after=2025-04-24 00:00:00+00:00
[2025-04-23T13:40:56.806+0000] {processor.py:208} INFO - Processing /opt/airflow/dags/my_dag.py took 0.144 seconds
[2025-04-23T13:41:27.220+0000] {processor.py:186} INFO - Started process (PID=8080) to work on /opt/airflow/dags/my_dag.py
[2025-04-23T13:41:27.222+0000] {processor.py:914} INFO - Processing file /opt/airflow/dags/my_dag.py for tasks to queue
[2025-04-23T13:41:27.227+0000] {logging_mixin.py:190} INFO - [2025-04-23T13:41:27.226+0000] {dagbag.py:588} INFO - Filling up the DagBag from /opt/airflow/dags/my_dag.py
[2025-04-23T13:41:27.251+0000] {processor.py:925} INFO - DAG(s) 'TFL_DATA_DAG' retrieved from /opt/airflow/dags/my_dag.py
[2025-04-23T13:41:27.281+0000] {logging_mixin.py:190} INFO - [2025-04-23T13:41:27.280+0000] {dag.py:3239} INFO - Sync 1 DAGs
[2025-04-23T13:41:27.301+0000] {logging_mixin.py:190} INFO - [2025-04-23T13:41:27.301+0000] {dag.py:4180} INFO - Setting next_dagrun for TFL_DATA_DAG to 2025-04-23 00:00:00+00:00, run_after=2025-04-24 00:00:00+00:00
[2025-04-23T13:41:27.318+0000] {processor.py:208} INFO - Processing /opt/airflow/dags/my_dag.py took 0.108 seconds
[2025-04-23T13:41:57.680+0000] {processor.py:186} INFO - Started process (PID=8101) to work on /opt/airflow/dags/my_dag.py
[2025-04-23T13:41:57.683+0000] {processor.py:914} INFO - Processing file /opt/airflow/dags/my_dag.py for tasks to queue
[2025-04-23T13:41:57.688+0000] {logging_mixin.py:190} INFO - [2025-04-23T13:41:57.688+0000] {dagbag.py:588} INFO - Filling up the DagBag from /opt/airflow/dags/my_dag.py
[2025-04-23T13:41:57.722+0000] {processor.py:925} INFO - DAG(s) 'TFL_DATA_DAG' retrieved from /opt/airflow/dags/my_dag.py
[2025-04-23T13:41:57.756+0000] {logging_mixin.py:190} INFO - [2025-04-23T13:41:57.755+0000] {dag.py:3239} INFO - Sync 1 DAGs
[2025-04-23T13:41:57.786+0000] {logging_mixin.py:190} INFO - [2025-04-23T13:41:57.786+0000] {dag.py:4180} INFO - Setting next_dagrun for TFL_DATA_DAG to 2025-04-23 00:00:00+00:00, run_after=2025-04-24 00:00:00+00:00
[2025-04-23T13:41:57.813+0000] {processor.py:208} INFO - Processing /opt/airflow/dags/my_dag.py took 0.142 seconds
[2025-04-23T13:42:28.187+0000] {processor.py:186} INFO - Started process (PID=8122) to work on /opt/airflow/dags/my_dag.py
[2025-04-23T13:42:28.191+0000] {processor.py:914} INFO - Processing file /opt/airflow/dags/my_dag.py for tasks to queue
[2025-04-23T13:42:28.197+0000] {logging_mixin.py:190} INFO - [2025-04-23T13:42:28.196+0000] {dagbag.py:588} INFO - Filling up the DagBag from /opt/airflow/dags/my_dag.py
[2025-04-23T13:42:28.235+0000] {processor.py:925} INFO - DAG(s) 'TFL_DATA_DAG' retrieved from /opt/airflow/dags/my_dag.py
[2025-04-23T13:42:28.276+0000] {logging_mixin.py:190} INFO - [2025-04-23T13:42:28.275+0000] {dag.py:3239} INFO - Sync 1 DAGs
[2025-04-23T13:42:28.315+0000] {logging_mixin.py:190} INFO - [2025-04-23T13:42:28.315+0000] {dag.py:4180} INFO - Setting next_dagrun for TFL_DATA_DAG to 2025-04-23 00:00:00+00:00, run_after=2025-04-24 00:00:00+00:00
[2025-04-23T13:42:28.344+0000] {processor.py:208} INFO - Processing /opt/airflow/dags/my_dag.py took 0.169 seconds
[2025-04-23T13:42:58.718+0000] {processor.py:186} INFO - Started process (PID=8143) to work on /opt/airflow/dags/my_dag.py
[2025-04-23T13:42:58.722+0000] {processor.py:914} INFO - Processing file /opt/airflow/dags/my_dag.py for tasks to queue
[2025-04-23T13:42:58.728+0000] {logging_mixin.py:190} INFO - [2025-04-23T13:42:58.727+0000] {dagbag.py:588} INFO - Filling up the DagBag from /opt/airflow/dags/my_dag.py
[2025-04-23T13:42:58.762+0000] {processor.py:925} INFO - DAG(s) 'TFL_DATA_DAG' retrieved from /opt/airflow/dags/my_dag.py
[2025-04-23T13:42:58.806+0000] {logging_mixin.py:190} INFO - [2025-04-23T13:42:58.806+0000] {dag.py:3239} INFO - Sync 1 DAGs
[2025-04-23T13:42:58.845+0000] {logging_mixin.py:190} INFO - [2025-04-23T13:42:58.845+0000] {dag.py:4180} INFO - Setting next_dagrun for TFL_DATA_DAG to 2025-04-23 00:00:00+00:00, run_after=2025-04-24 00:00:00+00:00
[2025-04-23T13:42:58.873+0000] {processor.py:208} INFO - Processing /opt/airflow/dags/my_dag.py took 0.163 seconds
[2025-04-23T13:43:29.265+0000] {processor.py:186} INFO - Started process (PID=8164) to work on /opt/airflow/dags/my_dag.py
[2025-04-23T13:43:29.268+0000] {processor.py:914} INFO - Processing file /opt/airflow/dags/my_dag.py for tasks to queue
[2025-04-23T13:43:29.273+0000] {logging_mixin.py:190} INFO - [2025-04-23T13:43:29.272+0000] {dagbag.py:588} INFO - Filling up the DagBag from /opt/airflow/dags/my_dag.py
[2025-04-23T13:43:29.306+0000] {processor.py:925} INFO - DAG(s) 'TFL_DATA_DAG' retrieved from /opt/airflow/dags/my_dag.py
[2025-04-23T13:43:29.340+0000] {logging_mixin.py:190} INFO - [2025-04-23T13:43:29.339+0000] {dag.py:3239} INFO - Sync 1 DAGs
[2025-04-23T13:43:29.376+0000] {logging_mixin.py:190} INFO - [2025-04-23T13:43:29.376+0000] {dag.py:4180} INFO - Setting next_dagrun for TFL_DATA_DAG to 2025-04-23 00:00:00+00:00, run_after=2025-04-24 00:00:00+00:00
[2025-04-23T13:43:29.405+0000] {processor.py:208} INFO - Processing /opt/airflow/dags/my_dag.py took 0.149 seconds
[2025-04-23T13:43:59.789+0000] {processor.py:186} INFO - Started process (PID=8185) to work on /opt/airflow/dags/my_dag.py
[2025-04-23T13:43:59.791+0000] {processor.py:914} INFO - Processing file /opt/airflow/dags/my_dag.py for tasks to queue
[2025-04-23T13:43:59.796+0000] {logging_mixin.py:190} INFO - [2025-04-23T13:43:59.795+0000] {dagbag.py:588} INFO - Filling up the DagBag from /opt/airflow/dags/my_dag.py
[2025-04-23T13:43:59.827+0000] {processor.py:925} INFO - DAG(s) 'TFL_DATA_DAG' retrieved from /opt/airflow/dags/my_dag.py
[2025-04-23T13:43:59.861+0000] {logging_mixin.py:190} INFO - [2025-04-23T13:43:59.860+0000] {dag.py:3239} INFO - Sync 1 DAGs
[2025-04-23T13:43:59.899+0000] {logging_mixin.py:190} INFO - [2025-04-23T13:43:59.898+0000] {dag.py:4180} INFO - Setting next_dagrun for TFL_DATA_DAG to 2025-04-23 00:00:00+00:00, run_after=2025-04-24 00:00:00+00:00
[2025-04-23T13:43:59.929+0000] {processor.py:208} INFO - Processing /opt/airflow/dags/my_dag.py took 0.149 seconds
[2025-04-23T13:44:30.318+0000] {processor.py:186} INFO - Started process (PID=8206) to work on /opt/airflow/dags/my_dag.py
[2025-04-23T13:44:30.324+0000] {processor.py:914} INFO - Processing file /opt/airflow/dags/my_dag.py for tasks to queue
[2025-04-23T13:44:30.335+0000] {logging_mixin.py:190} INFO - [2025-04-23T13:44:30.334+0000] {dagbag.py:588} INFO - Filling up the DagBag from /opt/airflow/dags/my_dag.py
[2025-04-23T13:44:30.383+0000] {processor.py:925} INFO - DAG(s) 'TFL_DATA_DAG' retrieved from /opt/airflow/dags/my_dag.py
[2025-04-23T13:44:30.417+0000] {logging_mixin.py:190} INFO - [2025-04-23T13:44:30.416+0000] {dag.py:3239} INFO - Sync 1 DAGs
[2025-04-23T13:44:30.451+0000] {logging_mixin.py:190} INFO - [2025-04-23T13:44:30.451+0000] {dag.py:4180} INFO - Setting next_dagrun for TFL_DATA_DAG to 2025-04-23 00:00:00+00:00, run_after=2025-04-24 00:00:00+00:00
[2025-04-23T13:44:30.479+0000] {processor.py:208} INFO - Processing /opt/airflow/dags/my_dag.py took 0.169 seconds
[2025-04-23T13:45:00.848+0000] {processor.py:186} INFO - Started process (PID=8227) to work on /opt/airflow/dags/my_dag.py
[2025-04-23T13:45:00.850+0000] {processor.py:914} INFO - Processing file /opt/airflow/dags/my_dag.py for tasks to queue
[2025-04-23T13:45:00.855+0000] {logging_mixin.py:190} INFO - [2025-04-23T13:45:00.855+0000] {dagbag.py:588} INFO - Filling up the DagBag from /opt/airflow/dags/my_dag.py
[2025-04-23T13:45:00.898+0000] {processor.py:925} INFO - DAG(s) 'TFL_DATA_DAG' retrieved from /opt/airflow/dags/my_dag.py
[2025-04-23T13:45:00.938+0000] {logging_mixin.py:190} INFO - [2025-04-23T13:45:00.937+0000] {dag.py:3239} INFO - Sync 1 DAGs
[2025-04-23T13:45:00.970+0000] {logging_mixin.py:190} INFO - [2025-04-23T13:45:00.969+0000] {dag.py:4180} INFO - Setting next_dagrun for TFL_DATA_DAG to 2025-04-23 00:00:00+00:00, run_after=2025-04-24 00:00:00+00:00
[2025-04-23T13:45:00.999+0000] {processor.py:208} INFO - Processing /opt/airflow/dags/my_dag.py took 0.157 seconds
[2025-04-23T13:45:31.362+0000] {processor.py:186} INFO - Started process (PID=8248) to work on /opt/airflow/dags/my_dag.py
[2025-04-23T13:45:31.365+0000] {processor.py:914} INFO - Processing file /opt/airflow/dags/my_dag.py for tasks to queue
[2025-04-23T13:45:31.370+0000] {logging_mixin.py:190} INFO - [2025-04-23T13:45:31.370+0000] {dagbag.py:588} INFO - Filling up the DagBag from /opt/airflow/dags/my_dag.py
[2025-04-23T13:45:31.411+0000] {processor.py:925} INFO - DAG(s) 'TFL_DATA_DAG' retrieved from /opt/airflow/dags/my_dag.py
[2025-04-23T13:45:31.442+0000] {logging_mixin.py:190} INFO - [2025-04-23T13:45:31.441+0000] {dag.py:3239} INFO - Sync 1 DAGs
[2025-04-23T13:45:31.467+0000] {logging_mixin.py:190} INFO - [2025-04-23T13:45:31.466+0000] {dag.py:4180} INFO - Setting next_dagrun for TFL_DATA_DAG to 2025-04-23 00:00:00+00:00, run_after=2025-04-24 00:00:00+00:00
[2025-04-23T13:45:31.492+0000] {processor.py:208} INFO - Processing /opt/airflow/dags/my_dag.py took 0.136 seconds
[2025-04-23T13:46:01.855+0000] {processor.py:186} INFO - Started process (PID=8269) to work on /opt/airflow/dags/my_dag.py
[2025-04-23T13:46:01.858+0000] {processor.py:914} INFO - Processing file /opt/airflow/dags/my_dag.py for tasks to queue
[2025-04-23T13:46:01.863+0000] {logging_mixin.py:190} INFO - [2025-04-23T13:46:01.863+0000] {dagbag.py:588} INFO - Filling up the DagBag from /opt/airflow/dags/my_dag.py
[2025-04-23T13:46:01.892+0000] {processor.py:925} INFO - DAG(s) 'TFL_DATA_DAG' retrieved from /opt/airflow/dags/my_dag.py
[2025-04-23T13:46:01.929+0000] {logging_mixin.py:190} INFO - [2025-04-23T13:46:01.929+0000] {dag.py:3239} INFO - Sync 1 DAGs
[2025-04-23T13:46:01.965+0000] {logging_mixin.py:190} INFO - [2025-04-23T13:46:01.964+0000] {dag.py:4180} INFO - Setting next_dagrun for TFL_DATA_DAG to 2025-04-23 00:00:00+00:00, run_after=2025-04-24 00:00:00+00:00
[2025-04-23T13:46:01.994+0000] {processor.py:208} INFO - Processing /opt/airflow/dags/my_dag.py took 0.147 seconds
[2025-04-23T13:46:32.371+0000] {processor.py:186} INFO - Started process (PID=8290) to work on /opt/airflow/dags/my_dag.py
[2025-04-23T13:46:32.374+0000] {processor.py:914} INFO - Processing file /opt/airflow/dags/my_dag.py for tasks to queue
[2025-04-23T13:46:32.380+0000] {logging_mixin.py:190} INFO - [2025-04-23T13:46:32.379+0000] {dagbag.py:588} INFO - Filling up the DagBag from /opt/airflow/dags/my_dag.py
[2025-04-23T13:46:32.414+0000] {processor.py:925} INFO - DAG(s) 'TFL_DATA_DAG' retrieved from /opt/airflow/dags/my_dag.py
[2025-04-23T13:46:32.458+0000] {logging_mixin.py:190} INFO - [2025-04-23T13:46:32.457+0000] {dag.py:3239} INFO - Sync 1 DAGs
[2025-04-23T13:46:32.489+0000] {logging_mixin.py:190} INFO - [2025-04-23T13:46:32.489+0000] {dag.py:4180} INFO - Setting next_dagrun for TFL_DATA_DAG to 2025-04-23 00:00:00+00:00, run_after=2025-04-24 00:00:00+00:00
[2025-04-23T13:46:32.516+0000] {processor.py:208} INFO - Processing /opt/airflow/dags/my_dag.py took 0.153 seconds
[2025-04-23T13:47:02.907+0000] {processor.py:186} INFO - Started process (PID=8311) to work on /opt/airflow/dags/my_dag.py
[2025-04-23T13:47:02.910+0000] {processor.py:914} INFO - Processing file /opt/airflow/dags/my_dag.py for tasks to queue
[2025-04-23T13:47:02.914+0000] {logging_mixin.py:190} INFO - [2025-04-23T13:47:02.913+0000] {dagbag.py:588} INFO - Filling up the DagBag from /opt/airflow/dags/my_dag.py
[2025-04-23T13:47:02.946+0000] {processor.py:925} INFO - DAG(s) 'TFL_DATA_DAG' retrieved from /opt/airflow/dags/my_dag.py
[2025-04-23T13:47:02.980+0000] {logging_mixin.py:190} INFO - [2025-04-23T13:47:02.980+0000] {dag.py:3239} INFO - Sync 1 DAGs
[2025-04-23T13:47:03.015+0000] {logging_mixin.py:190} INFO - [2025-04-23T13:47:03.014+0000] {dag.py:4180} INFO - Setting next_dagrun for TFL_DATA_DAG to 2025-04-23 00:00:00+00:00, run_after=2025-04-24 00:00:00+00:00
[2025-04-23T13:47:03.042+0000] {processor.py:208} INFO - Processing /opt/airflow/dags/my_dag.py took 0.142 seconds
[2025-04-23T13:47:33.398+0000] {processor.py:186} INFO - Started process (PID=8332) to work on /opt/airflow/dags/my_dag.py
[2025-04-23T13:47:33.401+0000] {processor.py:914} INFO - Processing file /opt/airflow/dags/my_dag.py for tasks to queue
[2025-04-23T13:47:33.406+0000] {logging_mixin.py:190} INFO - [2025-04-23T13:47:33.405+0000] {dagbag.py:588} INFO - Filling up the DagBag from /opt/airflow/dags/my_dag.py
[2025-04-23T13:47:33.441+0000] {processor.py:925} INFO - DAG(s) 'TFL_DATA_DAG' retrieved from /opt/airflow/dags/my_dag.py
[2025-04-23T13:47:33.476+0000] {logging_mixin.py:190} INFO - [2025-04-23T13:47:33.475+0000] {dag.py:3239} INFO - Sync 1 DAGs
[2025-04-23T13:47:33.507+0000] {logging_mixin.py:190} INFO - [2025-04-23T13:47:33.507+0000] {dag.py:4180} INFO - Setting next_dagrun for TFL_DATA_DAG to 2025-04-23 00:00:00+00:00, run_after=2025-04-24 00:00:00+00:00
[2025-04-23T13:47:33.538+0000] {processor.py:208} INFO - Processing /opt/airflow/dags/my_dag.py took 0.148 seconds
[2025-04-23T13:48:03.920+0000] {processor.py:186} INFO - Started process (PID=8353) to work on /opt/airflow/dags/my_dag.py
[2025-04-23T13:48:03.922+0000] {processor.py:914} INFO - Processing file /opt/airflow/dags/my_dag.py for tasks to queue
[2025-04-23T13:48:03.928+0000] {logging_mixin.py:190} INFO - [2025-04-23T13:48:03.927+0000] {dagbag.py:588} INFO - Filling up the DagBag from /opt/airflow/dags/my_dag.py
[2025-04-23T13:48:03.960+0000] {processor.py:925} INFO - DAG(s) 'TFL_DATA_DAG' retrieved from /opt/airflow/dags/my_dag.py
[2025-04-23T13:48:03.994+0000] {logging_mixin.py:190} INFO - [2025-04-23T13:48:03.993+0000] {dag.py:3239} INFO - Sync 1 DAGs
[2025-04-23T13:48:04.025+0000] {logging_mixin.py:190} INFO - [2025-04-23T13:48:04.025+0000] {dag.py:4180} INFO - Setting next_dagrun for TFL_DATA_DAG to 2025-04-23 00:00:00+00:00, run_after=2025-04-24 00:00:00+00:00
[2025-04-23T13:48:04.049+0000] {processor.py:208} INFO - Processing /opt/airflow/dags/my_dag.py took 0.138 seconds
[2025-04-23T13:48:34.439+0000] {processor.py:186} INFO - Started process (PID=8374) to work on /opt/airflow/dags/my_dag.py
[2025-04-23T13:48:34.442+0000] {processor.py:914} INFO - Processing file /opt/airflow/dags/my_dag.py for tasks to queue
[2025-04-23T13:48:34.448+0000] {logging_mixin.py:190} INFO - [2025-04-23T13:48:34.447+0000] {dagbag.py:588} INFO - Filling up the DagBag from /opt/airflow/dags/my_dag.py
[2025-04-23T13:48:34.482+0000] {processor.py:925} INFO - DAG(s) 'TFL_DATA_DAG' retrieved from /opt/airflow/dags/my_dag.py
[2025-04-23T13:48:34.520+0000] {logging_mixin.py:190} INFO - [2025-04-23T13:48:34.519+0000] {dag.py:3239} INFO - Sync 1 DAGs
[2025-04-23T13:48:34.556+0000] {logging_mixin.py:190} INFO - [2025-04-23T13:48:34.556+0000] {dag.py:4180} INFO - Setting next_dagrun for TFL_DATA_DAG to 2025-04-23 00:00:00+00:00, run_after=2025-04-24 00:00:00+00:00
[2025-04-23T13:48:34.585+0000] {processor.py:208} INFO - Processing /opt/airflow/dags/my_dag.py took 0.157 seconds
[2025-04-23T13:49:04.968+0000] {processor.py:186} INFO - Started process (PID=8395) to work on /opt/airflow/dags/my_dag.py
[2025-04-23T13:49:04.971+0000] {processor.py:914} INFO - Processing file /opt/airflow/dags/my_dag.py for tasks to queue
[2025-04-23T13:49:04.975+0000] {logging_mixin.py:190} INFO - [2025-04-23T13:49:04.975+0000] {dagbag.py:588} INFO - Filling up the DagBag from /opt/airflow/dags/my_dag.py
[2025-04-23T13:49:05.004+0000] {processor.py:925} INFO - DAG(s) 'TFL_DATA_DAG' retrieved from /opt/airflow/dags/my_dag.py
[2025-04-23T13:49:05.037+0000] {logging_mixin.py:190} INFO - [2025-04-23T13:49:05.037+0000] {dag.py:3239} INFO - Sync 1 DAGs
[2025-04-23T13:49:05.072+0000] {logging_mixin.py:190} INFO - [2025-04-23T13:49:05.072+0000] {dag.py:4180} INFO - Setting next_dagrun for TFL_DATA_DAG to 2025-04-23 00:00:00+00:00, run_after=2025-04-24 00:00:00+00:00
[2025-04-23T13:49:05.096+0000] {processor.py:208} INFO - Processing /opt/airflow/dags/my_dag.py took 0.136 seconds
[2025-04-23T13:49:35.461+0000] {processor.py:186} INFO - Started process (PID=8416) to work on /opt/airflow/dags/my_dag.py
[2025-04-23T13:49:35.463+0000] {processor.py:914} INFO - Processing file /opt/airflow/dags/my_dag.py for tasks to queue
[2025-04-23T13:49:35.468+0000] {logging_mixin.py:190} INFO - [2025-04-23T13:49:35.467+0000] {dagbag.py:588} INFO - Filling up the DagBag from /opt/airflow/dags/my_dag.py
[2025-04-23T13:49:35.499+0000] {processor.py:925} INFO - DAG(s) 'TFL_DATA_DAG' retrieved from /opt/airflow/dags/my_dag.py
[2025-04-23T13:49:35.534+0000] {logging_mixin.py:190} INFO - [2025-04-23T13:49:35.533+0000] {dag.py:3239} INFO - Sync 1 DAGs
[2025-04-23T13:49:35.567+0000] {logging_mixin.py:190} INFO - [2025-04-23T13:49:35.566+0000] {dag.py:4180} INFO - Setting next_dagrun for TFL_DATA_DAG to 2025-04-23 00:00:00+00:00, run_after=2025-04-24 00:00:00+00:00
[2025-04-23T13:49:35.593+0000] {processor.py:208} INFO - Processing /opt/airflow/dags/my_dag.py took 0.140 seconds
[2025-04-23T13:50:05.997+0000] {processor.py:186} INFO - Started process (PID=8436) to work on /opt/airflow/dags/my_dag.py
[2025-04-23T13:50:06.000+0000] {processor.py:914} INFO - Processing file /opt/airflow/dags/my_dag.py for tasks to queue
[2025-04-23T13:50:06.005+0000] {logging_mixin.py:190} INFO - [2025-04-23T13:50:06.005+0000] {dagbag.py:588} INFO - Filling up the DagBag from /opt/airflow/dags/my_dag.py
[2025-04-23T13:50:06.056+0000] {processor.py:925} INFO - DAG(s) 'TFL_DATA_DAG' retrieved from /opt/airflow/dags/my_dag.py
[2025-04-23T13:50:06.095+0000] {logging_mixin.py:190} INFO - [2025-04-23T13:50:06.095+0000] {dag.py:3239} INFO - Sync 1 DAGs
[2025-04-23T13:50:06.124+0000] {logging_mixin.py:190} INFO - [2025-04-23T13:50:06.124+0000] {dag.py:4180} INFO - Setting next_dagrun for TFL_DATA_DAG to 2025-04-23 00:00:00+00:00, run_after=2025-04-24 00:00:00+00:00
[2025-04-23T13:50:06.149+0000] {processor.py:208} INFO - Processing /opt/airflow/dags/my_dag.py took 0.159 seconds
[2025-04-23T13:50:36.502+0000] {processor.py:186} INFO - Started process (PID=8457) to work on /opt/airflow/dags/my_dag.py
[2025-04-23T13:50:36.505+0000] {processor.py:914} INFO - Processing file /opt/airflow/dags/my_dag.py for tasks to queue
[2025-04-23T13:50:36.510+0000] {logging_mixin.py:190} INFO - [2025-04-23T13:50:36.510+0000] {dagbag.py:588} INFO - Filling up the DagBag from /opt/airflow/dags/my_dag.py
[2025-04-23T13:50:36.548+0000] {processor.py:925} INFO - DAG(s) 'TFL_DATA_DAG' retrieved from /opt/airflow/dags/my_dag.py
[2025-04-23T13:50:36.583+0000] {logging_mixin.py:190} INFO - [2025-04-23T13:50:36.582+0000] {dag.py:3239} INFO - Sync 1 DAGs
[2025-04-23T13:50:36.614+0000] {logging_mixin.py:190} INFO - [2025-04-23T13:50:36.614+0000] {dag.py:4180} INFO - Setting next_dagrun for TFL_DATA_DAG to 2025-04-23 00:00:00+00:00, run_after=2025-04-24 00:00:00+00:00
[2025-04-23T13:50:36.641+0000] {processor.py:208} INFO - Processing /opt/airflow/dags/my_dag.py took 0.147 seconds
[2025-04-23T13:51:07.064+0000] {processor.py:186} INFO - Started process (PID=8478) to work on /opt/airflow/dags/my_dag.py
[2025-04-23T13:51:07.068+0000] {processor.py:914} INFO - Processing file /opt/airflow/dags/my_dag.py for tasks to queue
[2025-04-23T13:51:07.072+0000] {logging_mixin.py:190} INFO - [2025-04-23T13:51:07.072+0000] {dagbag.py:588} INFO - Filling up the DagBag from /opt/airflow/dags/my_dag.py
[2025-04-23T13:51:07.107+0000] {processor.py:925} INFO - DAG(s) 'TFL_DATA_DAG' retrieved from /opt/airflow/dags/my_dag.py
[2025-04-23T13:51:07.142+0000] {logging_mixin.py:190} INFO - [2025-04-23T13:51:07.141+0000] {dag.py:3239} INFO - Sync 1 DAGs
[2025-04-23T13:51:07.179+0000] {logging_mixin.py:190} INFO - [2025-04-23T13:51:07.179+0000] {dag.py:4180} INFO - Setting next_dagrun for TFL_DATA_DAG to 2025-04-23 00:00:00+00:00, run_after=2025-04-24 00:00:00+00:00
[2025-04-23T13:51:07.205+0000] {processor.py:208} INFO - Processing /opt/airflow/dags/my_dag.py took 0.149 seconds
[2025-04-23T13:51:37.572+0000] {processor.py:186} INFO - Started process (PID=8499) to work on /opt/airflow/dags/my_dag.py
[2025-04-23T13:51:37.576+0000] {processor.py:914} INFO - Processing file /opt/airflow/dags/my_dag.py for tasks to queue
[2025-04-23T13:51:37.582+0000] {logging_mixin.py:190} INFO - [2025-04-23T13:51:37.581+0000] {dagbag.py:588} INFO - Filling up the DagBag from /opt/airflow/dags/my_dag.py
[2025-04-23T13:51:37.615+0000] {processor.py:925} INFO - DAG(s) 'TFL_DATA_DAG' retrieved from /opt/airflow/dags/my_dag.py
[2025-04-23T13:51:37.647+0000] {logging_mixin.py:190} INFO - [2025-04-23T13:51:37.646+0000] {dag.py:3239} INFO - Sync 1 DAGs
[2025-04-23T13:51:37.682+0000] {logging_mixin.py:190} INFO - [2025-04-23T13:51:37.681+0000] {dag.py:4180} INFO - Setting next_dagrun for TFL_DATA_DAG to 2025-04-23 00:00:00+00:00, run_after=2025-04-24 00:00:00+00:00
[2025-04-23T13:51:37.711+0000] {processor.py:208} INFO - Processing /opt/airflow/dags/my_dag.py took 0.149 seconds
[2025-04-23T13:52:08.105+0000] {processor.py:186} INFO - Started process (PID=8520) to work on /opt/airflow/dags/my_dag.py
[2025-04-23T13:52:08.107+0000] {processor.py:914} INFO - Processing file /opt/airflow/dags/my_dag.py for tasks to queue
[2025-04-23T13:52:08.111+0000] {logging_mixin.py:190} INFO - [2025-04-23T13:52:08.111+0000] {dagbag.py:588} INFO - Filling up the DagBag from /opt/airflow/dags/my_dag.py
[2025-04-23T13:52:08.145+0000] {processor.py:925} INFO - DAG(s) 'TFL_DATA_DAG' retrieved from /opt/airflow/dags/my_dag.py
[2025-04-23T13:52:08.178+0000] {logging_mixin.py:190} INFO - [2025-04-23T13:52:08.178+0000] {dag.py:3239} INFO - Sync 1 DAGs
[2025-04-23T13:52:08.215+0000] {logging_mixin.py:190} INFO - [2025-04-23T13:52:08.215+0000] {dag.py:4180} INFO - Setting next_dagrun for TFL_DATA_DAG to 2025-04-23 00:00:00+00:00, run_after=2025-04-24 00:00:00+00:00
[2025-04-23T13:52:08.241+0000] {processor.py:208} INFO - Processing /opt/airflow/dags/my_dag.py took 0.145 seconds
[2025-04-23T13:52:38.642+0000] {processor.py:186} INFO - Started process (PID=8541) to work on /opt/airflow/dags/my_dag.py
[2025-04-23T13:52:38.645+0000] {processor.py:914} INFO - Processing file /opt/airflow/dags/my_dag.py for tasks to queue
[2025-04-23T13:52:38.651+0000] {logging_mixin.py:190} INFO - [2025-04-23T13:52:38.650+0000] {dagbag.py:588} INFO - Filling up the DagBag from /opt/airflow/dags/my_dag.py
[2025-04-23T13:52:38.689+0000] {processor.py:925} INFO - DAG(s) 'TFL_DATA_DAG' retrieved from /opt/airflow/dags/my_dag.py
[2025-04-23T13:52:38.726+0000] {logging_mixin.py:190} INFO - [2025-04-23T13:52:38.725+0000] {dag.py:3239} INFO - Sync 1 DAGs
[2025-04-23T13:52:38.764+0000] {logging_mixin.py:190} INFO - [2025-04-23T13:52:38.764+0000] {dag.py:4180} INFO - Setting next_dagrun for TFL_DATA_DAG to 2025-04-23 00:00:00+00:00, run_after=2025-04-24 00:00:00+00:00
[2025-04-23T13:52:38.792+0000] {processor.py:208} INFO - Processing /opt/airflow/dags/my_dag.py took 0.160 seconds
[2025-04-23T13:53:09.177+0000] {processor.py:186} INFO - Started process (PID=8562) to work on /opt/airflow/dags/my_dag.py
[2025-04-23T13:53:09.180+0000] {processor.py:914} INFO - Processing file /opt/airflow/dags/my_dag.py for tasks to queue
[2025-04-23T13:53:09.184+0000] {logging_mixin.py:190} INFO - [2025-04-23T13:53:09.184+0000] {dagbag.py:588} INFO - Filling up the DagBag from /opt/airflow/dags/my_dag.py
[2025-04-23T13:53:09.220+0000] {processor.py:925} INFO - DAG(s) 'TFL_DATA_DAG' retrieved from /opt/airflow/dags/my_dag.py
[2025-04-23T13:53:09.256+0000] {logging_mixin.py:190} INFO - [2025-04-23T13:53:09.255+0000] {dag.py:3239} INFO - Sync 1 DAGs
[2025-04-23T13:53:09.296+0000] {logging_mixin.py:190} INFO - [2025-04-23T13:53:09.296+0000] {dag.py:4180} INFO - Setting next_dagrun for TFL_DATA_DAG to 2025-04-23 00:00:00+00:00, run_after=2025-04-24 00:00:00+00:00
[2025-04-23T13:53:09.329+0000] {processor.py:208} INFO - Processing /opt/airflow/dags/my_dag.py took 0.161 seconds
[2025-04-23T13:53:39.712+0000] {processor.py:186} INFO - Started process (PID=8583) to work on /opt/airflow/dags/my_dag.py
[2025-04-23T13:53:39.714+0000] {processor.py:914} INFO - Processing file /opt/airflow/dags/my_dag.py for tasks to queue
[2025-04-23T13:53:39.719+0000] {logging_mixin.py:190} INFO - [2025-04-23T13:53:39.718+0000] {dagbag.py:588} INFO - Filling up the DagBag from /opt/airflow/dags/my_dag.py
[2025-04-23T13:53:39.750+0000] {processor.py:925} INFO - DAG(s) 'TFL_DATA_DAG' retrieved from /opt/airflow/dags/my_dag.py
[2025-04-23T13:53:39.783+0000] {logging_mixin.py:190} INFO - [2025-04-23T13:53:39.782+0000] {dag.py:3239} INFO - Sync 1 DAGs
[2025-04-23T13:53:39.817+0000] {logging_mixin.py:190} INFO - [2025-04-23T13:53:39.816+0000] {dag.py:4180} INFO - Setting next_dagrun for TFL_DATA_DAG to 2025-04-23 00:00:00+00:00, run_after=2025-04-24 00:00:00+00:00
[2025-04-23T13:53:39.844+0000] {processor.py:208} INFO - Processing /opt/airflow/dags/my_dag.py took 0.140 seconds
[2025-04-23T13:54:10.245+0000] {processor.py:186} INFO - Started process (PID=8604) to work on /opt/airflow/dags/my_dag.py
[2025-04-23T13:54:10.247+0000] {processor.py:914} INFO - Processing file /opt/airflow/dags/my_dag.py for tasks to queue
[2025-04-23T13:54:10.253+0000] {logging_mixin.py:190} INFO - [2025-04-23T13:54:10.253+0000] {dagbag.py:588} INFO - Filling up the DagBag from /opt/airflow/dags/my_dag.py
[2025-04-23T13:54:10.286+0000] {processor.py:925} INFO - DAG(s) 'TFL_DATA_DAG' retrieved from /opt/airflow/dags/my_dag.py
[2025-04-23T13:54:10.323+0000] {logging_mixin.py:190} INFO - [2025-04-23T13:54:10.322+0000] {dag.py:3239} INFO - Sync 1 DAGs
[2025-04-23T13:54:10.358+0000] {logging_mixin.py:190} INFO - [2025-04-23T13:54:10.357+0000] {dag.py:4180} INFO - Setting next_dagrun for TFL_DATA_DAG to 2025-04-23 00:00:00+00:00, run_after=2025-04-24 00:00:00+00:00
[2025-04-23T13:54:10.386+0000] {processor.py:208} INFO - Processing /opt/airflow/dags/my_dag.py took 0.156 seconds
[2025-04-23T13:54:40.784+0000] {processor.py:186} INFO - Started process (PID=8625) to work on /opt/airflow/dags/my_dag.py
[2025-04-23T13:54:40.786+0000] {processor.py:914} INFO - Processing file /opt/airflow/dags/my_dag.py for tasks to queue
[2025-04-23T13:54:40.790+0000] {logging_mixin.py:190} INFO - [2025-04-23T13:54:40.790+0000] {dagbag.py:588} INFO - Filling up the DagBag from /opt/airflow/dags/my_dag.py
[2025-04-23T13:54:40.824+0000] {processor.py:925} INFO - DAG(s) 'TFL_DATA_DAG' retrieved from /opt/airflow/dags/my_dag.py
[2025-04-23T13:54:40.862+0000] {logging_mixin.py:190} INFO - [2025-04-23T13:54:40.861+0000] {dag.py:3239} INFO - Sync 1 DAGs
[2025-04-23T13:54:40.903+0000] {logging_mixin.py:190} INFO - [2025-04-23T13:54:40.903+0000] {dag.py:4180} INFO - Setting next_dagrun for TFL_DATA_DAG to 2025-04-23 00:00:00+00:00, run_after=2025-04-24 00:00:00+00:00
[2025-04-23T13:54:40.935+0000] {processor.py:208} INFO - Processing /opt/airflow/dags/my_dag.py took 0.159 seconds
[2025-04-23T13:55:11.336+0000] {processor.py:186} INFO - Started process (PID=8646) to work on /opt/airflow/dags/my_dag.py
[2025-04-23T13:55:11.339+0000] {processor.py:914} INFO - Processing file /opt/airflow/dags/my_dag.py for tasks to queue
[2025-04-23T13:55:11.344+0000] {logging_mixin.py:190} INFO - [2025-04-23T13:55:11.344+0000] {dagbag.py:588} INFO - Filling up the DagBag from /opt/airflow/dags/my_dag.py
[2025-04-23T13:55:11.383+0000] {processor.py:925} INFO - DAG(s) 'TFL_DATA_DAG' retrieved from /opt/airflow/dags/my_dag.py
[2025-04-23T13:55:11.425+0000] {logging_mixin.py:190} INFO - [2025-04-23T13:55:11.424+0000] {dag.py:3239} INFO - Sync 1 DAGs
[2025-04-23T13:55:11.462+0000] {logging_mixin.py:190} INFO - [2025-04-23T13:55:11.461+0000] {dag.py:4180} INFO - Setting next_dagrun for TFL_DATA_DAG to 2025-04-23 00:00:00+00:00, run_after=2025-04-24 00:00:00+00:00
[2025-04-23T13:55:11.491+0000] {processor.py:208} INFO - Processing /opt/airflow/dags/my_dag.py took 0.166 seconds
[2025-04-23T13:55:41.876+0000] {processor.py:186} INFO - Started process (PID=8667) to work on /opt/airflow/dags/my_dag.py
[2025-04-23T13:55:41.879+0000] {processor.py:914} INFO - Processing file /opt/airflow/dags/my_dag.py for tasks to queue
[2025-04-23T13:55:41.884+0000] {logging_mixin.py:190} INFO - [2025-04-23T13:55:41.883+0000] {dagbag.py:588} INFO - Filling up the DagBag from /opt/airflow/dags/my_dag.py
[2025-04-23T13:55:41.921+0000] {processor.py:925} INFO - DAG(s) 'TFL_DATA_DAG' retrieved from /opt/airflow/dags/my_dag.py
[2025-04-23T13:55:41.957+0000] {logging_mixin.py:190} INFO - [2025-04-23T13:55:41.956+0000] {dag.py:3239} INFO - Sync 1 DAGs
[2025-04-23T13:55:41.997+0000] {logging_mixin.py:190} INFO - [2025-04-23T13:55:41.997+0000] {dag.py:4180} INFO - Setting next_dagrun for TFL_DATA_DAG to 2025-04-23 00:00:00+00:00, run_after=2025-04-24 00:00:00+00:00
[2025-04-23T13:55:42.030+0000] {processor.py:208} INFO - Processing /opt/airflow/dags/my_dag.py took 0.165 seconds
[2025-04-23T13:56:12.467+0000] {processor.py:186} INFO - Started process (PID=8688) to work on /opt/airflow/dags/my_dag.py
[2025-04-23T13:56:12.469+0000] {processor.py:914} INFO - Processing file /opt/airflow/dags/my_dag.py for tasks to queue
[2025-04-23T13:56:12.474+0000] {logging_mixin.py:190} INFO - [2025-04-23T13:56:12.474+0000] {dagbag.py:588} INFO - Filling up the DagBag from /opt/airflow/dags/my_dag.py
[2025-04-23T13:56:12.506+0000] {processor.py:925} INFO - DAG(s) 'TFL_DATA_DAG' retrieved from /opt/airflow/dags/my_dag.py
[2025-04-23T13:56:12.537+0000] {logging_mixin.py:190} INFO - [2025-04-23T13:56:12.536+0000] {dag.py:3239} INFO - Sync 1 DAGs
[2025-04-23T13:56:12.568+0000] {logging_mixin.py:190} INFO - [2025-04-23T13:56:12.567+0000] {dag.py:4180} INFO - Setting next_dagrun for TFL_DATA_DAG to 2025-04-23 00:00:00+00:00, run_after=2025-04-24 00:00:00+00:00
[2025-04-23T13:56:12.592+0000] {processor.py:208} INFO - Processing /opt/airflow/dags/my_dag.py took 0.135 seconds
[2025-04-23T13:56:43.000+0000] {processor.py:186} INFO - Started process (PID=8709) to work on /opt/airflow/dags/my_dag.py
[2025-04-23T13:56:43.003+0000] {processor.py:914} INFO - Processing file /opt/airflow/dags/my_dag.py for tasks to queue
[2025-04-23T13:56:43.008+0000] {logging_mixin.py:190} INFO - [2025-04-23T13:56:43.007+0000] {dagbag.py:588} INFO - Filling up the DagBag from /opt/airflow/dags/my_dag.py
[2025-04-23T13:56:43.044+0000] {processor.py:925} INFO - DAG(s) 'TFL_DATA_DAG' retrieved from /opt/airflow/dags/my_dag.py
[2025-04-23T13:56:43.080+0000] {logging_mixin.py:190} INFO - [2025-04-23T13:56:43.079+0000] {dag.py:3239} INFO - Sync 1 DAGs
[2025-04-23T13:56:43.110+0000] {logging_mixin.py:190} INFO - [2025-04-23T13:56:43.110+0000] {dag.py:4180} INFO - Setting next_dagrun for TFL_DATA_DAG to 2025-04-23 00:00:00+00:00, run_after=2025-04-24 00:00:00+00:00
[2025-04-23T13:56:43.136+0000] {processor.py:208} INFO - Processing /opt/airflow/dags/my_dag.py took 0.145 seconds
[2025-04-23T13:57:13.543+0000] {processor.py:186} INFO - Started process (PID=8730) to work on /opt/airflow/dags/my_dag.py
[2025-04-23T13:57:13.546+0000] {processor.py:914} INFO - Processing file /opt/airflow/dags/my_dag.py for tasks to queue
[2025-04-23T13:57:13.550+0000] {logging_mixin.py:190} INFO - [2025-04-23T13:57:13.550+0000] {dagbag.py:588} INFO - Filling up the DagBag from /opt/airflow/dags/my_dag.py
[2025-04-23T13:57:13.582+0000] {processor.py:925} INFO - DAG(s) 'TFL_DATA_DAG' retrieved from /opt/airflow/dags/my_dag.py
[2025-04-23T13:57:13.618+0000] {logging_mixin.py:190} INFO - [2025-04-23T13:57:13.618+0000] {dag.py:3239} INFO - Sync 1 DAGs
[2025-04-23T13:57:13.653+0000] {logging_mixin.py:190} INFO - [2025-04-23T13:57:13.652+0000] {dag.py:4180} INFO - Setting next_dagrun for TFL_DATA_DAG to 2025-04-23 00:00:00+00:00, run_after=2025-04-24 00:00:00+00:00
[2025-04-23T13:57:13.679+0000] {processor.py:208} INFO - Processing /opt/airflow/dags/my_dag.py took 0.147 seconds
[2025-04-23T13:57:44.099+0000] {processor.py:186} INFO - Started process (PID=8757) to work on /opt/airflow/dags/my_dag.py
[2025-04-23T13:57:44.102+0000] {processor.py:914} INFO - Processing file /opt/airflow/dags/my_dag.py for tasks to queue
[2025-04-23T13:57:44.108+0000] {logging_mixin.py:190} INFO - [2025-04-23T13:57:44.107+0000] {dagbag.py:588} INFO - Filling up the DagBag from /opt/airflow/dags/my_dag.py
[2025-04-23T13:57:44.142+0000] {processor.py:925} INFO - DAG(s) 'TFL_DATA_DAG' retrieved from /opt/airflow/dags/my_dag.py
[2025-04-23T13:57:44.179+0000] {logging_mixin.py:190} INFO - [2025-04-23T13:57:44.178+0000] {dag.py:3239} INFO - Sync 1 DAGs
[2025-04-23T13:57:44.214+0000] {logging_mixin.py:190} INFO - [2025-04-23T13:57:44.214+0000] {dag.py:4180} INFO - Setting next_dagrun for TFL_DATA_DAG to 2025-04-23 00:00:00+00:00, run_after=2025-04-24 00:00:00+00:00
[2025-04-23T13:57:44.244+0000] {processor.py:208} INFO - Processing /opt/airflow/dags/my_dag.py took 0.156 seconds
[2025-04-23T13:58:14.630+0000] {processor.py:186} INFO - Started process (PID=8778) to work on /opt/airflow/dags/my_dag.py
[2025-04-23T13:58:14.633+0000] {processor.py:914} INFO - Processing file /opt/airflow/dags/my_dag.py for tasks to queue
[2025-04-23T13:58:14.639+0000] {logging_mixin.py:190} INFO - [2025-04-23T13:58:14.638+0000] {dagbag.py:588} INFO - Filling up the DagBag from /opt/airflow/dags/my_dag.py
[2025-04-23T13:58:14.671+0000] {processor.py:925} INFO - DAG(s) 'TFL_DATA_DAG' retrieved from /opt/airflow/dags/my_dag.py
[2025-04-23T13:58:14.708+0000] {logging_mixin.py:190} INFO - [2025-04-23T13:58:14.708+0000] {dag.py:3239} INFO - Sync 1 DAGs
[2025-04-23T13:58:14.744+0000] {logging_mixin.py:190} INFO - [2025-04-23T13:58:14.744+0000] {dag.py:4180} INFO - Setting next_dagrun for TFL_DATA_DAG to 2025-04-23 00:00:00+00:00, run_after=2025-04-24 00:00:00+00:00
[2025-04-23T13:58:14.770+0000] {processor.py:208} INFO - Processing /opt/airflow/dags/my_dag.py took 0.149 seconds
[2025-04-23T13:58:45.195+0000] {processor.py:186} INFO - Started process (PID=8799) to work on /opt/airflow/dags/my_dag.py
[2025-04-23T13:58:45.198+0000] {processor.py:914} INFO - Processing file /opt/airflow/dags/my_dag.py for tasks to queue
[2025-04-23T13:58:45.205+0000] {logging_mixin.py:190} INFO - [2025-04-23T13:58:45.204+0000] {dagbag.py:588} INFO - Filling up the DagBag from /opt/airflow/dags/my_dag.py
[2025-04-23T13:58:45.242+0000] {processor.py:925} INFO - DAG(s) 'TFL_DATA_DAG' retrieved from /opt/airflow/dags/my_dag.py
[2025-04-23T13:58:45.286+0000] {logging_mixin.py:190} INFO - [2025-04-23T13:58:45.285+0000] {dag.py:3239} INFO - Sync 1 DAGs
[2025-04-23T13:58:45.322+0000] {logging_mixin.py:190} INFO - [2025-04-23T13:58:45.322+0000] {dag.py:4180} INFO - Setting next_dagrun for TFL_DATA_DAG to 2025-04-23 00:00:00+00:00, run_after=2025-04-24 00:00:00+00:00
[2025-04-23T13:58:45.351+0000] {processor.py:208} INFO - Processing /opt/airflow/dags/my_dag.py took 0.170 seconds
[2025-04-23T13:59:15.740+0000] {processor.py:186} INFO - Started process (PID=8820) to work on /opt/airflow/dags/my_dag.py
[2025-04-23T13:59:15.742+0000] {processor.py:914} INFO - Processing file /opt/airflow/dags/my_dag.py for tasks to queue
[2025-04-23T13:59:15.748+0000] {logging_mixin.py:190} INFO - [2025-04-23T13:59:15.747+0000] {dagbag.py:588} INFO - Filling up the DagBag from /opt/airflow/dags/my_dag.py
[2025-04-23T13:59:15.783+0000] {processor.py:925} INFO - DAG(s) 'TFL_DATA_DAG' retrieved from /opt/airflow/dags/my_dag.py
[2025-04-23T13:59:15.817+0000] {logging_mixin.py:190} INFO - [2025-04-23T13:59:15.816+0000] {dag.py:3239} INFO - Sync 1 DAGs
[2025-04-23T13:59:15.848+0000] {logging_mixin.py:190} INFO - [2025-04-23T13:59:15.848+0000] {dag.py:4180} INFO - Setting next_dagrun for TFL_DATA_DAG to 2025-04-23 00:00:00+00:00, run_after=2025-04-24 00:00:00+00:00
[2025-04-23T13:59:15.875+0000] {processor.py:208} INFO - Processing /opt/airflow/dags/my_dag.py took 0.144 seconds
[2025-04-23T13:59:46.281+0000] {processor.py:186} INFO - Started process (PID=8841) to work on /opt/airflow/dags/my_dag.py
[2025-04-23T13:59:46.284+0000] {processor.py:914} INFO - Processing file /opt/airflow/dags/my_dag.py for tasks to queue
[2025-04-23T13:59:46.289+0000] {logging_mixin.py:190} INFO - [2025-04-23T13:59:46.289+0000] {dagbag.py:588} INFO - Filling up the DagBag from /opt/airflow/dags/my_dag.py
[2025-04-23T13:59:46.324+0000] {processor.py:925} INFO - DAG(s) 'TFL_DATA_DAG' retrieved from /opt/airflow/dags/my_dag.py
[2025-04-23T13:59:46.363+0000] {logging_mixin.py:190} INFO - [2025-04-23T13:59:46.362+0000] {dag.py:3239} INFO - Sync 1 DAGs
[2025-04-23T13:59:46.403+0000] {logging_mixin.py:190} INFO - [2025-04-23T13:59:46.403+0000] {dag.py:4180} INFO - Setting next_dagrun for TFL_DATA_DAG to 2025-04-23 00:00:00+00:00, run_after=2025-04-24 00:00:00+00:00
[2025-04-23T13:59:46.426+0000] {processor.py:208} INFO - Processing /opt/airflow/dags/my_dag.py took 0.155 seconds
[2025-04-23T14:00:16.796+0000] {processor.py:186} INFO - Started process (PID=8862) to work on /opt/airflow/dags/my_dag.py
[2025-04-23T14:00:16.798+0000] {processor.py:914} INFO - Processing file /opt/airflow/dags/my_dag.py for tasks to queue
[2025-04-23T14:00:16.804+0000] {logging_mixin.py:190} INFO - [2025-04-23T14:00:16.803+0000] {dagbag.py:588} INFO - Filling up the DagBag from /opt/airflow/dags/my_dag.py
[2025-04-23T14:00:16.839+0000] {processor.py:925} INFO - DAG(s) 'TFL_DATA_DAG' retrieved from /opt/airflow/dags/my_dag.py
[2025-04-23T14:00:16.873+0000] {logging_mixin.py:190} INFO - [2025-04-23T14:00:16.873+0000] {dag.py:3239} INFO - Sync 1 DAGs
[2025-04-23T14:00:16.905+0000] {logging_mixin.py:190} INFO - [2025-04-23T14:00:16.905+0000] {dag.py:4180} INFO - Setting next_dagrun for TFL_DATA_DAG to 2025-04-23 00:00:00+00:00, run_after=2025-04-24 00:00:00+00:00
[2025-04-23T14:00:16.928+0000] {processor.py:208} INFO - Processing /opt/airflow/dags/my_dag.py took 0.142 seconds
[2025-04-23T14:00:47.323+0000] {processor.py:186} INFO - Started process (PID=8883) to work on /opt/airflow/dags/my_dag.py
[2025-04-23T14:00:47.325+0000] {processor.py:914} INFO - Processing file /opt/airflow/dags/my_dag.py for tasks to queue
[2025-04-23T14:00:47.330+0000] {logging_mixin.py:190} INFO - [2025-04-23T14:00:47.330+0000] {dagbag.py:588} INFO - Filling up the DagBag from /opt/airflow/dags/my_dag.py
[2025-04-23T14:00:47.364+0000] {processor.py:925} INFO - DAG(s) 'TFL_DATA_DAG' retrieved from /opt/airflow/dags/my_dag.py
[2025-04-23T14:00:47.404+0000] {logging_mixin.py:190} INFO - [2025-04-23T14:00:47.403+0000] {dag.py:3239} INFO - Sync 1 DAGs
[2025-04-23T14:00:47.437+0000] {logging_mixin.py:190} INFO - [2025-04-23T14:00:47.436+0000] {dag.py:4180} INFO - Setting next_dagrun for TFL_DATA_DAG to 2025-04-23 00:00:00+00:00, run_after=2025-04-24 00:00:00+00:00
[2025-04-23T14:00:47.462+0000] {processor.py:208} INFO - Processing /opt/airflow/dags/my_dag.py took 0.147 seconds
[2025-04-23T14:01:17.896+0000] {processor.py:186} INFO - Started process (PID=8904) to work on /opt/airflow/dags/my_dag.py
[2025-04-23T14:01:17.900+0000] {processor.py:914} INFO - Processing file /opt/airflow/dags/my_dag.py for tasks to queue
[2025-04-23T14:01:17.906+0000] {logging_mixin.py:190} INFO - [2025-04-23T14:01:17.905+0000] {dagbag.py:588} INFO - Filling up the DagBag from /opt/airflow/dags/my_dag.py
[2025-04-23T14:01:17.940+0000] {processor.py:925} INFO - DAG(s) 'TFL_DATA_DAG' retrieved from /opt/airflow/dags/my_dag.py
[2025-04-23T14:01:17.974+0000] {logging_mixin.py:190} INFO - [2025-04-23T14:01:17.973+0000] {dag.py:3239} INFO - Sync 1 DAGs
[2025-04-23T14:01:18.012+0000] {logging_mixin.py:190} INFO - [2025-04-23T14:01:18.012+0000] {dag.py:4180} INFO - Setting next_dagrun for TFL_DATA_DAG to 2025-04-23 00:00:00+00:00, run_after=2025-04-24 00:00:00+00:00
[2025-04-23T14:01:18.046+0000] {processor.py:208} INFO - Processing /opt/airflow/dags/my_dag.py took 0.163 seconds
[2025-04-23T14:01:48.462+0000] {processor.py:186} INFO - Started process (PID=8925) to work on /opt/airflow/dags/my_dag.py
[2025-04-23T14:01:48.464+0000] {processor.py:914} INFO - Processing file /opt/airflow/dags/my_dag.py for tasks to queue
[2025-04-23T14:01:48.468+0000] {logging_mixin.py:190} INFO - [2025-04-23T14:01:48.468+0000] {dagbag.py:588} INFO - Filling up the DagBag from /opt/airflow/dags/my_dag.py
[2025-04-23T14:01:48.498+0000] {processor.py:925} INFO - DAG(s) 'TFL_DATA_DAG' retrieved from /opt/airflow/dags/my_dag.py
[2025-04-23T14:01:48.533+0000] {logging_mixin.py:190} INFO - [2025-04-23T14:01:48.532+0000] {dag.py:3239} INFO - Sync 1 DAGs
[2025-04-23T14:01:48.570+0000] {logging_mixin.py:190} INFO - [2025-04-23T14:01:48.569+0000] {dag.py:4180} INFO - Setting next_dagrun for TFL_DATA_DAG to 2025-04-23 00:00:00+00:00, run_after=2025-04-24 00:00:00+00:00
[2025-04-23T14:01:48.598+0000] {processor.py:208} INFO - Processing /opt/airflow/dags/my_dag.py took 0.146 seconds
[2025-04-23T14:02:18.951+0000] {processor.py:186} INFO - Started process (PID=8945) to work on /opt/airflow/dags/my_dag.py
[2025-04-23T14:02:18.953+0000] {processor.py:914} INFO - Processing file /opt/airflow/dags/my_dag.py for tasks to queue
[2025-04-23T14:02:18.959+0000] {logging_mixin.py:190} INFO - [2025-04-23T14:02:18.958+0000] {dagbag.py:588} INFO - Filling up the DagBag from /opt/airflow/dags/my_dag.py
[2025-04-23T14:02:18.989+0000] {processor.py:925} INFO - DAG(s) 'TFL_DATA_DAG' retrieved from /opt/airflow/dags/my_dag.py
[2025-04-23T14:02:19.025+0000] {logging_mixin.py:190} INFO - [2025-04-23T14:02:19.025+0000] {dag.py:3239} INFO - Sync 1 DAGs
[2025-04-23T14:02:19.066+0000] {logging_mixin.py:190} INFO - [2025-04-23T14:02:19.066+0000] {dag.py:4180} INFO - Setting next_dagrun for TFL_DATA_DAG to 2025-04-23 00:00:00+00:00, run_after=2025-04-24 00:00:00+00:00
[2025-04-23T14:02:19.097+0000] {processor.py:208} INFO - Processing /opt/airflow/dags/my_dag.py took 0.156 seconds
[2025-04-23T14:02:49.480+0000] {processor.py:186} INFO - Started process (PID=8966) to work on /opt/airflow/dags/my_dag.py
[2025-04-23T14:02:49.482+0000] {processor.py:914} INFO - Processing file /opt/airflow/dags/my_dag.py for tasks to queue
[2025-04-23T14:02:49.487+0000] {logging_mixin.py:190} INFO - [2025-04-23T14:02:49.487+0000] {dagbag.py:588} INFO - Filling up the DagBag from /opt/airflow/dags/my_dag.py
[2025-04-23T14:02:49.517+0000] {processor.py:925} INFO - DAG(s) 'TFL_DATA_DAG' retrieved from /opt/airflow/dags/my_dag.py
[2025-04-23T14:02:49.551+0000] {logging_mixin.py:190} INFO - [2025-04-23T14:02:49.550+0000] {dag.py:3239} INFO - Sync 1 DAGs
[2025-04-23T14:02:49.584+0000] {logging_mixin.py:190} INFO - [2025-04-23T14:02:49.584+0000] {dag.py:4180} INFO - Setting next_dagrun for TFL_DATA_DAG to 2025-04-23 00:00:00+00:00, run_after=2025-04-24 00:00:00+00:00
[2025-04-23T14:02:49.612+0000] {processor.py:208} INFO - Processing /opt/airflow/dags/my_dag.py took 0.140 seconds
[2025-04-23T14:03:19.995+0000] {processor.py:186} INFO - Started process (PID=8987) to work on /opt/airflow/dags/my_dag.py
[2025-04-23T14:03:19.997+0000] {processor.py:914} INFO - Processing file /opt/airflow/dags/my_dag.py for tasks to queue
[2025-04-23T14:03:20.003+0000] {logging_mixin.py:190} INFO - [2025-04-23T14:03:20.003+0000] {dagbag.py:588} INFO - Filling up the DagBag from /opt/airflow/dags/my_dag.py
[2025-04-23T14:03:20.036+0000] {processor.py:925} INFO - DAG(s) 'TFL_DATA_DAG' retrieved from /opt/airflow/dags/my_dag.py
[2025-04-23T14:03:20.073+0000] {logging_mixin.py:190} INFO - [2025-04-23T14:03:20.072+0000] {dag.py:3239} INFO - Sync 1 DAGs
[2025-04-23T14:03:20.106+0000] {logging_mixin.py:190} INFO - [2025-04-23T14:03:20.106+0000] {dag.py:4180} INFO - Setting next_dagrun for TFL_DATA_DAG to 2025-04-23 00:00:00+00:00, run_after=2025-04-24 00:00:00+00:00
[2025-04-23T14:03:20.138+0000] {processor.py:208} INFO - Processing /opt/airflow/dags/my_dag.py took 0.154 seconds
[2025-04-23T14:03:50.551+0000] {processor.py:186} INFO - Started process (PID=9008) to work on /opt/airflow/dags/my_dag.py
[2025-04-23T14:03:50.554+0000] {processor.py:914} INFO - Processing file /opt/airflow/dags/my_dag.py for tasks to queue
[2025-04-23T14:03:50.562+0000] {logging_mixin.py:190} INFO - [2025-04-23T14:03:50.561+0000] {dagbag.py:588} INFO - Filling up the DagBag from /opt/airflow/dags/my_dag.py
[2025-04-23T14:03:50.604+0000] {processor.py:925} INFO - DAG(s) 'TFL_DATA_DAG' retrieved from /opt/airflow/dags/my_dag.py
[2025-04-23T14:03:50.645+0000] {logging_mixin.py:190} INFO - [2025-04-23T14:03:50.644+0000] {dag.py:3239} INFO - Sync 1 DAGs
[2025-04-23T14:03:50.677+0000] {logging_mixin.py:190} INFO - [2025-04-23T14:03:50.676+0000] {dag.py:4180} INFO - Setting next_dagrun for TFL_DATA_DAG to 2025-04-23 00:00:00+00:00, run_after=2025-04-24 00:00:00+00:00
[2025-04-23T14:03:50.705+0000] {processor.py:208} INFO - Processing /opt/airflow/dags/my_dag.py took 0.165 seconds
[2025-04-23T14:04:21.091+0000] {processor.py:186} INFO - Started process (PID=9029) to work on /opt/airflow/dags/my_dag.py
[2025-04-23T14:04:21.093+0000] {processor.py:914} INFO - Processing file /opt/airflow/dags/my_dag.py for tasks to queue
[2025-04-23T14:04:21.099+0000] {logging_mixin.py:190} INFO - [2025-04-23T14:04:21.099+0000] {dagbag.py:588} INFO - Filling up the DagBag from /opt/airflow/dags/my_dag.py
[2025-04-23T14:04:21.132+0000] {processor.py:925} INFO - DAG(s) 'TFL_DATA_DAG' retrieved from /opt/airflow/dags/my_dag.py
[2025-04-23T14:04:21.165+0000] {logging_mixin.py:190} INFO - [2025-04-23T14:04:21.164+0000] {dag.py:3239} INFO - Sync 1 DAGs
[2025-04-23T14:04:21.200+0000] {logging_mixin.py:190} INFO - [2025-04-23T14:04:21.199+0000] {dag.py:4180} INFO - Setting next_dagrun for TFL_DATA_DAG to 2025-04-23 00:00:00+00:00, run_after=2025-04-24 00:00:00+00:00
[2025-04-23T14:04:21.225+0000] {processor.py:208} INFO - Processing /opt/airflow/dags/my_dag.py took 0.145 seconds
[2025-04-23T14:04:51.630+0000] {processor.py:186} INFO - Started process (PID=9049) to work on /opt/airflow/dags/my_dag.py
[2025-04-23T14:04:51.632+0000] {processor.py:914} INFO - Processing file /opt/airflow/dags/my_dag.py for tasks to queue
[2025-04-23T14:04:51.637+0000] {logging_mixin.py:190} INFO - [2025-04-23T14:04:51.637+0000] {dagbag.py:588} INFO - Filling up the DagBag from /opt/airflow/dags/my_dag.py
[2025-04-23T14:04:51.669+0000] {processor.py:925} INFO - DAG(s) 'TFL_DATA_DAG' retrieved from /opt/airflow/dags/my_dag.py
[2025-04-23T14:04:51.703+0000] {logging_mixin.py:190} INFO - [2025-04-23T14:04:51.702+0000] {dag.py:3239} INFO - Sync 1 DAGs
[2025-04-23T14:04:51.737+0000] {logging_mixin.py:190} INFO - [2025-04-23T14:04:51.737+0000] {dag.py:4180} INFO - Setting next_dagrun for TFL_DATA_DAG to 2025-04-23 00:00:00+00:00, run_after=2025-04-24 00:00:00+00:00
[2025-04-23T14:04:51.763+0000] {processor.py:208} INFO - Processing /opt/airflow/dags/my_dag.py took 0.142 seconds
[2025-04-23T14:05:22.130+0000] {processor.py:186} INFO - Started process (PID=9070) to work on /opt/airflow/dags/my_dag.py
[2025-04-23T14:05:22.132+0000] {processor.py:914} INFO - Processing file /opt/airflow/dags/my_dag.py for tasks to queue
[2025-04-23T14:05:22.136+0000] {logging_mixin.py:190} INFO - [2025-04-23T14:05:22.136+0000] {dagbag.py:588} INFO - Filling up the DagBag from /opt/airflow/dags/my_dag.py
[2025-04-23T14:05:22.168+0000] {processor.py:925} INFO - DAG(s) 'TFL_DATA_DAG' retrieved from /opt/airflow/dags/my_dag.py
[2025-04-23T14:05:22.204+0000] {logging_mixin.py:190} INFO - [2025-04-23T14:05:22.203+0000] {dag.py:3239} INFO - Sync 1 DAGs
[2025-04-23T14:05:22.235+0000] {logging_mixin.py:190} INFO - [2025-04-23T14:05:22.235+0000] {dag.py:4180} INFO - Setting next_dagrun for TFL_DATA_DAG to 2025-04-23 00:00:00+00:00, run_after=2025-04-24 00:00:00+00:00
[2025-04-23T14:05:22.262+0000] {processor.py:208} INFO - Processing /opt/airflow/dags/my_dag.py took 0.140 seconds
[2025-04-23T14:05:52.668+0000] {processor.py:186} INFO - Started process (PID=9090) to work on /opt/airflow/dags/my_dag.py
[2025-04-23T14:05:52.672+0000] {processor.py:914} INFO - Processing file /opt/airflow/dags/my_dag.py for tasks to queue
[2025-04-23T14:05:52.677+0000] {logging_mixin.py:190} INFO - [2025-04-23T14:05:52.677+0000] {dagbag.py:588} INFO - Filling up the DagBag from /opt/airflow/dags/my_dag.py
[2025-04-23T14:05:52.708+0000] {processor.py:925} INFO - DAG(s) 'TFL_DATA_DAG' retrieved from /opt/airflow/dags/my_dag.py
[2025-04-23T14:05:52.747+0000] {logging_mixin.py:190} INFO - [2025-04-23T14:05:52.746+0000] {dag.py:3239} INFO - Sync 1 DAGs
[2025-04-23T14:05:52.782+0000] {logging_mixin.py:190} INFO - [2025-04-23T14:05:52.782+0000] {dag.py:4180} INFO - Setting next_dagrun for TFL_DATA_DAG to 2025-04-23 00:00:00+00:00, run_after=2025-04-24 00:00:00+00:00
[2025-04-23T14:05:52.812+0000] {processor.py:208} INFO - Processing /opt/airflow/dags/my_dag.py took 0.153 seconds
[2025-04-23T14:06:23.259+0000] {processor.py:186} INFO - Started process (PID=9111) to work on /opt/airflow/dags/my_dag.py
[2025-04-23T14:06:23.262+0000] {processor.py:914} INFO - Processing file /opt/airflow/dags/my_dag.py for tasks to queue
[2025-04-23T14:06:23.268+0000] {logging_mixin.py:190} INFO - [2025-04-23T14:06:23.267+0000] {dagbag.py:588} INFO - Filling up the DagBag from /opt/airflow/dags/my_dag.py
[2025-04-23T14:06:23.304+0000] {processor.py:925} INFO - DAG(s) 'TFL_DATA_DAG' retrieved from /opt/airflow/dags/my_dag.py
[2025-04-23T14:06:23.342+0000] {logging_mixin.py:190} INFO - [2025-04-23T14:06:23.342+0000] {dag.py:3239} INFO - Sync 1 DAGs
[2025-04-23T14:06:23.375+0000] {logging_mixin.py:190} INFO - [2025-04-23T14:06:23.375+0000] {dag.py:4180} INFO - Setting next_dagrun for TFL_DATA_DAG to 2025-04-23 00:00:00+00:00, run_after=2025-04-24 00:00:00+00:00
[2025-04-23T14:06:23.402+0000] {processor.py:208} INFO - Processing /opt/airflow/dags/my_dag.py took 0.155 seconds
[2025-04-23T14:06:53.804+0000] {processor.py:186} INFO - Started process (PID=9132) to work on /opt/airflow/dags/my_dag.py
[2025-04-23T14:06:53.806+0000] {processor.py:914} INFO - Processing file /opt/airflow/dags/my_dag.py for tasks to queue
[2025-04-23T14:06:53.813+0000] {logging_mixin.py:190} INFO - [2025-04-23T14:06:53.812+0000] {dagbag.py:588} INFO - Filling up the DagBag from /opt/airflow/dags/my_dag.py
[2025-04-23T14:06:53.843+0000] {processor.py:925} INFO - DAG(s) 'TFL_DATA_DAG' retrieved from /opt/airflow/dags/my_dag.py
[2025-04-23T14:06:53.875+0000] {logging_mixin.py:190} INFO - [2025-04-23T14:06:53.875+0000] {dag.py:3239} INFO - Sync 1 DAGs
[2025-04-23T14:06:53.917+0000] {logging_mixin.py:190} INFO - [2025-04-23T14:06:53.917+0000] {dag.py:4180} INFO - Setting next_dagrun for TFL_DATA_DAG to 2025-04-23 00:00:00+00:00, run_after=2025-04-24 00:00:00+00:00
[2025-04-23T14:06:53.950+0000] {processor.py:208} INFO - Processing /opt/airflow/dags/my_dag.py took 0.154 seconds
[2025-04-23T14:07:24.321+0000] {processor.py:186} INFO - Started process (PID=9153) to work on /opt/airflow/dags/my_dag.py
[2025-04-23T14:07:24.324+0000] {processor.py:914} INFO - Processing file /opt/airflow/dags/my_dag.py for tasks to queue
[2025-04-23T14:07:24.328+0000] {logging_mixin.py:190} INFO - [2025-04-23T14:07:24.327+0000] {dagbag.py:588} INFO - Filling up the DagBag from /opt/airflow/dags/my_dag.py
[2025-04-23T14:07:24.358+0000] {processor.py:925} INFO - DAG(s) 'TFL_DATA_DAG' retrieved from /opt/airflow/dags/my_dag.py
[2025-04-23T14:07:24.394+0000] {logging_mixin.py:190} INFO - [2025-04-23T14:07:24.393+0000] {dag.py:3239} INFO - Sync 1 DAGs
[2025-04-23T14:07:24.424+0000] {logging_mixin.py:190} INFO - [2025-04-23T14:07:24.424+0000] {dag.py:4180} INFO - Setting next_dagrun for TFL_DATA_DAG to 2025-04-23 00:00:00+00:00, run_after=2025-04-24 00:00:00+00:00
[2025-04-23T14:07:24.446+0000] {processor.py:208} INFO - Processing /opt/airflow/dags/my_dag.py took 0.134 seconds
[2025-04-23T14:07:54.852+0000] {processor.py:186} INFO - Started process (PID=9174) to work on /opt/airflow/dags/my_dag.py
[2025-04-23T14:07:54.854+0000] {processor.py:914} INFO - Processing file /opt/airflow/dags/my_dag.py for tasks to queue
[2025-04-23T14:07:54.860+0000] {logging_mixin.py:190} INFO - [2025-04-23T14:07:54.859+0000] {dagbag.py:588} INFO - Filling up the DagBag from /opt/airflow/dags/my_dag.py
[2025-04-23T14:07:54.892+0000] {processor.py:925} INFO - DAG(s) 'TFL_DATA_DAG' retrieved from /opt/airflow/dags/my_dag.py
[2025-04-23T14:07:54.927+0000] {logging_mixin.py:190} INFO - [2025-04-23T14:07:54.926+0000] {dag.py:3239} INFO - Sync 1 DAGs
[2025-04-23T14:07:54.957+0000] {logging_mixin.py:190} INFO - [2025-04-23T14:07:54.957+0000] {dag.py:4180} INFO - Setting next_dagrun for TFL_DATA_DAG to 2025-04-23 00:00:00+00:00, run_after=2025-04-24 00:00:00+00:00
[2025-04-23T14:07:54.988+0000] {processor.py:208} INFO - Processing /opt/airflow/dags/my_dag.py took 0.144 seconds
[2025-04-23T14:08:25.373+0000] {processor.py:186} INFO - Started process (PID=9195) to work on /opt/airflow/dags/my_dag.py
[2025-04-23T14:08:25.376+0000] {processor.py:914} INFO - Processing file /opt/airflow/dags/my_dag.py for tasks to queue
[2025-04-23T14:08:25.382+0000] {logging_mixin.py:190} INFO - [2025-04-23T14:08:25.382+0000] {dagbag.py:588} INFO - Filling up the DagBag from /opt/airflow/dags/my_dag.py
[2025-04-23T14:08:25.414+0000] {processor.py:925} INFO - DAG(s) 'TFL_DATA_DAG' retrieved from /opt/airflow/dags/my_dag.py
[2025-04-23T14:08:25.448+0000] {logging_mixin.py:190} INFO - [2025-04-23T14:08:25.448+0000] {dag.py:3239} INFO - Sync 1 DAGs
[2025-04-23T14:08:25.486+0000] {logging_mixin.py:190} INFO - [2025-04-23T14:08:25.486+0000] {dag.py:4180} INFO - Setting next_dagrun for TFL_DATA_DAG to 2025-04-23 00:00:00+00:00, run_after=2025-04-24 00:00:00+00:00
[2025-04-23T14:08:25.516+0000] {processor.py:208} INFO - Processing /opt/airflow/dags/my_dag.py took 0.152 seconds
[2025-04-23T14:08:55.882+0000] {processor.py:186} INFO - Started process (PID=9216) to work on /opt/airflow/dags/my_dag.py
[2025-04-23T14:08:55.884+0000] {processor.py:914} INFO - Processing file /opt/airflow/dags/my_dag.py for tasks to queue
[2025-04-23T14:08:55.889+0000] {logging_mixin.py:190} INFO - [2025-04-23T14:08:55.888+0000] {dagbag.py:588} INFO - Filling up the DagBag from /opt/airflow/dags/my_dag.py
[2025-04-23T14:08:55.924+0000] {processor.py:925} INFO - DAG(s) 'TFL_DATA_DAG' retrieved from /opt/airflow/dags/my_dag.py
[2025-04-23T14:08:55.960+0000] {logging_mixin.py:190} INFO - [2025-04-23T14:08:55.959+0000] {dag.py:3239} INFO - Sync 1 DAGs
[2025-04-23T14:08:55.992+0000] {logging_mixin.py:190} INFO - [2025-04-23T14:08:55.991+0000] {dag.py:4180} INFO - Setting next_dagrun for TFL_DATA_DAG to 2025-04-23 00:00:00+00:00, run_after=2025-04-24 00:00:00+00:00
[2025-04-23T14:08:56.018+0000] {processor.py:208} INFO - Processing /opt/airflow/dags/my_dag.py took 0.145 seconds
[2025-04-23T14:09:26.388+0000] {processor.py:186} INFO - Started process (PID=9237) to work on /opt/airflow/dags/my_dag.py
[2025-04-23T14:09:26.390+0000] {processor.py:914} INFO - Processing file /opt/airflow/dags/my_dag.py for tasks to queue
[2025-04-23T14:09:26.394+0000] {logging_mixin.py:190} INFO - [2025-04-23T14:09:26.393+0000] {dagbag.py:588} INFO - Filling up the DagBag from /opt/airflow/dags/my_dag.py
[2025-04-23T14:09:26.426+0000] {processor.py:925} INFO - DAG(s) 'TFL_DATA_DAG' retrieved from /opt/airflow/dags/my_dag.py
[2025-04-23T14:09:26.460+0000] {logging_mixin.py:190} INFO - [2025-04-23T14:09:26.459+0000] {dag.py:3239} INFO - Sync 1 DAGs
[2025-04-23T14:09:26.491+0000] {logging_mixin.py:190} INFO - [2025-04-23T14:09:26.491+0000] {dag.py:4180} INFO - Setting next_dagrun for TFL_DATA_DAG to 2025-04-23 00:00:00+00:00, run_after=2025-04-24 00:00:00+00:00
[2025-04-23T14:09:26.517+0000] {processor.py:208} INFO - Processing /opt/airflow/dags/my_dag.py took 0.137 seconds
[2025-04-23T14:09:56.936+0000] {processor.py:186} INFO - Started process (PID=9258) to work on /opt/airflow/dags/my_dag.py
[2025-04-23T14:09:56.939+0000] {processor.py:914} INFO - Processing file /opt/airflow/dags/my_dag.py for tasks to queue
[2025-04-23T14:09:56.943+0000] {logging_mixin.py:190} INFO - [2025-04-23T14:09:56.943+0000] {dagbag.py:588} INFO - Filling up the DagBag from /opt/airflow/dags/my_dag.py
[2025-04-23T14:09:56.976+0000] {processor.py:925} INFO - DAG(s) 'TFL_DATA_DAG' retrieved from /opt/airflow/dags/my_dag.py
[2025-04-23T14:09:57.010+0000] {logging_mixin.py:190} INFO - [2025-04-23T14:09:57.010+0000] {dag.py:3239} INFO - Sync 1 DAGs
[2025-04-23T14:09:57.041+0000] {logging_mixin.py:190} INFO - [2025-04-23T14:09:57.041+0000] {dag.py:4180} INFO - Setting next_dagrun for TFL_DATA_DAG to 2025-04-23 00:00:00+00:00, run_after=2025-04-24 00:00:00+00:00
[2025-04-23T14:09:57.068+0000] {processor.py:208} INFO - Processing /opt/airflow/dags/my_dag.py took 0.140 seconds
[2025-04-23T14:10:27.456+0000] {processor.py:186} INFO - Started process (PID=9279) to work on /opt/airflow/dags/my_dag.py
[2025-04-23T14:10:27.458+0000] {processor.py:914} INFO - Processing file /opt/airflow/dags/my_dag.py for tasks to queue
[2025-04-23T14:10:27.463+0000] {logging_mixin.py:190} INFO - [2025-04-23T14:10:27.463+0000] {dagbag.py:588} INFO - Filling up the DagBag from /opt/airflow/dags/my_dag.py
[2025-04-23T14:10:27.498+0000] {processor.py:925} INFO - DAG(s) 'TFL_DATA_DAG' retrieved from /opt/airflow/dags/my_dag.py
[2025-04-23T14:10:27.529+0000] {logging_mixin.py:190} INFO - [2025-04-23T14:10:27.528+0000] {dag.py:3239} INFO - Sync 1 DAGs
[2025-04-23T14:10:27.558+0000] {logging_mixin.py:190} INFO - [2025-04-23T14:10:27.558+0000] {dag.py:4180} INFO - Setting next_dagrun for TFL_DATA_DAG to 2025-04-23 00:00:00+00:00, run_after=2025-04-24 00:00:00+00:00
[2025-04-23T14:10:27.585+0000] {processor.py:208} INFO - Processing /opt/airflow/dags/my_dag.py took 0.137 seconds
[2025-04-23T14:10:57.994+0000] {processor.py:186} INFO - Started process (PID=9300) to work on /opt/airflow/dags/my_dag.py
[2025-04-23T14:10:57.997+0000] {processor.py:914} INFO - Processing file /opt/airflow/dags/my_dag.py for tasks to queue
[2025-04-23T14:10:58.003+0000] {logging_mixin.py:190} INFO - [2025-04-23T14:10:58.002+0000] {dagbag.py:588} INFO - Filling up the DagBag from /opt/airflow/dags/my_dag.py
[2025-04-23T14:10:58.038+0000] {processor.py:925} INFO - DAG(s) 'TFL_DATA_DAG' retrieved from /opt/airflow/dags/my_dag.py
[2025-04-23T14:10:58.073+0000] {logging_mixin.py:190} INFO - [2025-04-23T14:10:58.073+0000] {dag.py:3239} INFO - Sync 1 DAGs
[2025-04-23T14:10:58.107+0000] {logging_mixin.py:190} INFO - [2025-04-23T14:10:58.106+0000] {dag.py:4180} INFO - Setting next_dagrun for TFL_DATA_DAG to 2025-04-23 00:00:00+00:00, run_after=2025-04-24 00:00:00+00:00
[2025-04-23T14:10:58.132+0000] {processor.py:208} INFO - Processing /opt/airflow/dags/my_dag.py took 0.148 seconds
[2025-04-23T14:11:28.588+0000] {processor.py:186} INFO - Started process (PID=9321) to work on /opt/airflow/dags/my_dag.py
[2025-04-23T14:11:28.590+0000] {processor.py:914} INFO - Processing file /opt/airflow/dags/my_dag.py for tasks to queue
[2025-04-23T14:11:28.595+0000] {logging_mixin.py:190} INFO - [2025-04-23T14:11:28.595+0000] {dagbag.py:588} INFO - Filling up the DagBag from /opt/airflow/dags/my_dag.py
[2025-04-23T14:11:28.644+0000] {processor.py:925} INFO - DAG(s) 'TFL_DATA_DAG' retrieved from /opt/airflow/dags/my_dag.py
[2025-04-23T14:11:28.677+0000] {logging_mixin.py:190} INFO - [2025-04-23T14:11:28.676+0000] {dag.py:3239} INFO - Sync 1 DAGs
[2025-04-23T14:11:28.709+0000] {logging_mixin.py:190} INFO - [2025-04-23T14:11:28.708+0000] {dag.py:4180} INFO - Setting next_dagrun for TFL_DATA_DAG to 2025-04-23 00:00:00+00:00, run_after=2025-04-24 00:00:00+00:00
[2025-04-23T14:11:28.735+0000] {processor.py:208} INFO - Processing /opt/airflow/dags/my_dag.py took 0.155 seconds
[2025-04-23T14:11:59.113+0000] {processor.py:186} INFO - Started process (PID=9342) to work on /opt/airflow/dags/my_dag.py
[2025-04-23T14:11:59.115+0000] {processor.py:914} INFO - Processing file /opt/airflow/dags/my_dag.py for tasks to queue
[2025-04-23T14:11:59.120+0000] {logging_mixin.py:190} INFO - [2025-04-23T14:11:59.119+0000] {dagbag.py:588} INFO - Filling up the DagBag from /opt/airflow/dags/my_dag.py
[2025-04-23T14:11:59.151+0000] {processor.py:925} INFO - DAG(s) 'TFL_DATA_DAG' retrieved from /opt/airflow/dags/my_dag.py
[2025-04-23T14:11:59.185+0000] {logging_mixin.py:190} INFO - [2025-04-23T14:11:59.184+0000] {dag.py:3239} INFO - Sync 1 DAGs
[2025-04-23T14:11:59.218+0000] {logging_mixin.py:190} INFO - [2025-04-23T14:11:59.218+0000] {dag.py:4180} INFO - Setting next_dagrun for TFL_DATA_DAG to 2025-04-23 00:00:00+00:00, run_after=2025-04-24 00:00:00+00:00
[2025-04-23T14:11:59.248+0000] {processor.py:208} INFO - Processing /opt/airflow/dags/my_dag.py took 0.145 seconds
[2025-04-23T14:12:29.626+0000] {processor.py:186} INFO - Started process (PID=9363) to work on /opt/airflow/dags/my_dag.py
[2025-04-23T14:12:29.629+0000] {processor.py:914} INFO - Processing file /opt/airflow/dags/my_dag.py for tasks to queue
[2025-04-23T14:12:29.634+0000] {logging_mixin.py:190} INFO - [2025-04-23T14:12:29.634+0000] {dagbag.py:588} INFO - Filling up the DagBag from /opt/airflow/dags/my_dag.py
[2025-04-23T14:12:29.667+0000] {processor.py:925} INFO - DAG(s) 'TFL_DATA_DAG' retrieved from /opt/airflow/dags/my_dag.py
[2025-04-23T14:12:29.705+0000] {logging_mixin.py:190} INFO - [2025-04-23T14:12:29.704+0000] {dag.py:3239} INFO - Sync 1 DAGs
[2025-04-23T14:12:29.746+0000] {logging_mixin.py:190} INFO - [2025-04-23T14:12:29.745+0000] {dag.py:4180} INFO - Setting next_dagrun for TFL_DATA_DAG to 2025-04-23 00:00:00+00:00, run_after=2025-04-24 00:00:00+00:00
[2025-04-23T14:12:29.774+0000] {processor.py:208} INFO - Processing /opt/airflow/dags/my_dag.py took 0.156 seconds
[2025-04-23T14:13:00.198+0000] {processor.py:186} INFO - Started process (PID=9384) to work on /opt/airflow/dags/my_dag.py
[2025-04-23T14:13:00.200+0000] {processor.py:914} INFO - Processing file /opt/airflow/dags/my_dag.py for tasks to queue
[2025-04-23T14:13:00.206+0000] {logging_mixin.py:190} INFO - [2025-04-23T14:13:00.205+0000] {dagbag.py:588} INFO - Filling up the DagBag from /opt/airflow/dags/my_dag.py
[2025-04-23T14:13:00.239+0000] {processor.py:925} INFO - DAG(s) 'TFL_DATA_DAG' retrieved from /opt/airflow/dags/my_dag.py
[2025-04-23T14:13:00.280+0000] {logging_mixin.py:190} INFO - [2025-04-23T14:13:00.279+0000] {dag.py:3239} INFO - Sync 1 DAGs
[2025-04-23T14:13:00.314+0000] {logging_mixin.py:190} INFO - [2025-04-23T14:13:00.313+0000] {dag.py:4180} INFO - Setting next_dagrun for TFL_DATA_DAG to 2025-04-23 00:00:00+00:00, run_after=2025-04-24 00:00:00+00:00
[2025-04-23T14:13:00.345+0000] {processor.py:208} INFO - Processing /opt/airflow/dags/my_dag.py took 0.155 seconds
[2025-04-23T14:13:30.768+0000] {processor.py:186} INFO - Started process (PID=9404) to work on /opt/airflow/dags/my_dag.py
[2025-04-23T14:13:30.772+0000] {processor.py:914} INFO - Processing file /opt/airflow/dags/my_dag.py for tasks to queue
[2025-04-23T14:13:30.780+0000] {logging_mixin.py:190} INFO - [2025-04-23T14:13:30.779+0000] {dagbag.py:588} INFO - Filling up the DagBag from /opt/airflow/dags/my_dag.py
[2025-04-23T14:13:30.828+0000] {processor.py:925} INFO - DAG(s) 'TFL_DATA_DAG' retrieved from /opt/airflow/dags/my_dag.py
[2025-04-23T14:13:30.865+0000] {logging_mixin.py:190} INFO - [2025-04-23T14:13:30.864+0000] {dag.py:3239} INFO - Sync 1 DAGs
[2025-04-23T14:13:30.896+0000] {logging_mixin.py:190} INFO - [2025-04-23T14:13:30.895+0000] {dag.py:4180} INFO - Setting next_dagrun for TFL_DATA_DAG to 2025-04-23 00:00:00+00:00, run_after=2025-04-24 00:00:00+00:00
[2025-04-23T14:13:30.924+0000] {processor.py:208} INFO - Processing /opt/airflow/dags/my_dag.py took 0.166 seconds
[2025-04-23T14:14:01.323+0000] {processor.py:186} INFO - Started process (PID=9424) to work on /opt/airflow/dags/my_dag.py
[2025-04-23T14:14:01.326+0000] {processor.py:914} INFO - Processing file /opt/airflow/dags/my_dag.py for tasks to queue
[2025-04-23T14:14:01.330+0000] {logging_mixin.py:190} INFO - [2025-04-23T14:14:01.330+0000] {dagbag.py:588} INFO - Filling up the DagBag from /opt/airflow/dags/my_dag.py
[2025-04-23T14:14:01.363+0000] {processor.py:925} INFO - DAG(s) 'TFL_DATA_DAG' retrieved from /opt/airflow/dags/my_dag.py
[2025-04-23T14:14:01.407+0000] {logging_mixin.py:190} INFO - [2025-04-23T14:14:01.407+0000] {dag.py:3239} INFO - Sync 1 DAGs
[2025-04-23T14:14:01.443+0000] {logging_mixin.py:190} INFO - [2025-04-23T14:14:01.443+0000] {dag.py:4180} INFO - Setting next_dagrun for TFL_DATA_DAG to 2025-04-23 00:00:00+00:00, run_after=2025-04-24 00:00:00+00:00
[2025-04-23T14:14:01.469+0000] {processor.py:208} INFO - Processing /opt/airflow/dags/my_dag.py took 0.157 seconds
[2025-04-23T14:14:31.844+0000] {processor.py:186} INFO - Started process (PID=9445) to work on /opt/airflow/dags/my_dag.py
[2025-04-23T14:14:31.846+0000] {processor.py:914} INFO - Processing file /opt/airflow/dags/my_dag.py for tasks to queue
[2025-04-23T14:14:31.850+0000] {logging_mixin.py:190} INFO - [2025-04-23T14:14:31.849+0000] {dagbag.py:588} INFO - Filling up the DagBag from /opt/airflow/dags/my_dag.py
[2025-04-23T14:14:31.882+0000] {processor.py:925} INFO - DAG(s) 'TFL_DATA_DAG' retrieved from /opt/airflow/dags/my_dag.py
[2025-04-23T14:14:31.917+0000] {logging_mixin.py:190} INFO - [2025-04-23T14:14:31.917+0000] {dag.py:3239} INFO - Sync 1 DAGs
[2025-04-23T14:14:31.955+0000] {logging_mixin.py:190} INFO - [2025-04-23T14:14:31.955+0000] {dag.py:4180} INFO - Setting next_dagrun for TFL_DATA_DAG to 2025-04-23 00:00:00+00:00, run_after=2025-04-24 00:00:00+00:00
[2025-04-23T14:14:31.985+0000] {processor.py:208} INFO - Processing /opt/airflow/dags/my_dag.py took 0.151 seconds
[2025-04-23T14:15:02.374+0000] {processor.py:186} INFO - Started process (PID=9466) to work on /opt/airflow/dags/my_dag.py
[2025-04-23T14:15:02.377+0000] {processor.py:914} INFO - Processing file /opt/airflow/dags/my_dag.py for tasks to queue
[2025-04-23T14:15:02.382+0000] {logging_mixin.py:190} INFO - [2025-04-23T14:15:02.382+0000] {dagbag.py:588} INFO - Filling up the DagBag from /opt/airflow/dags/my_dag.py
[2025-04-23T14:15:02.419+0000] {processor.py:925} INFO - DAG(s) 'TFL_DATA_DAG' retrieved from /opt/airflow/dags/my_dag.py
[2025-04-23T14:15:02.457+0000] {logging_mixin.py:190} INFO - [2025-04-23T14:15:02.457+0000] {dag.py:3239} INFO - Sync 1 DAGs
[2025-04-23T14:15:02.492+0000] {logging_mixin.py:190} INFO - [2025-04-23T14:15:02.492+0000] {dag.py:4180} INFO - Setting next_dagrun for TFL_DATA_DAG to 2025-04-23 00:00:00+00:00, run_after=2025-04-24 00:00:00+00:00
[2025-04-23T14:15:02.518+0000] {processor.py:208} INFO - Processing /opt/airflow/dags/my_dag.py took 0.153 seconds
[2025-04-23T14:15:32.895+0000] {processor.py:186} INFO - Started process (PID=9487) to work on /opt/airflow/dags/my_dag.py
[2025-04-23T14:15:32.898+0000] {processor.py:914} INFO - Processing file /opt/airflow/dags/my_dag.py for tasks to queue
[2025-04-23T14:15:32.904+0000] {logging_mixin.py:190} INFO - [2025-04-23T14:15:32.903+0000] {dagbag.py:588} INFO - Filling up the DagBag from /opt/airflow/dags/my_dag.py
[2025-04-23T14:15:32.937+0000] {processor.py:925} INFO - DAG(s) 'TFL_DATA_DAG' retrieved from /opt/airflow/dags/my_dag.py
[2025-04-23T14:15:32.972+0000] {logging_mixin.py:190} INFO - [2025-04-23T14:15:32.971+0000] {dag.py:3239} INFO - Sync 1 DAGs
[2025-04-23T14:15:33.005+0000] {logging_mixin.py:190} INFO - [2025-04-23T14:15:33.005+0000] {dag.py:4180} INFO - Setting next_dagrun for TFL_DATA_DAG to 2025-04-23 00:00:00+00:00, run_after=2025-04-24 00:00:00+00:00
[2025-04-23T14:15:33.032+0000] {processor.py:208} INFO - Processing /opt/airflow/dags/my_dag.py took 0.147 seconds
[2025-04-23T14:16:03.499+0000] {processor.py:186} INFO - Started process (PID=9508) to work on /opt/airflow/dags/my_dag.py
[2025-04-23T14:16:03.502+0000] {processor.py:914} INFO - Processing file /opt/airflow/dags/my_dag.py for tasks to queue
[2025-04-23T14:16:03.506+0000] {logging_mixin.py:190} INFO - [2025-04-23T14:16:03.506+0000] {dagbag.py:588} INFO - Filling up the DagBag from /opt/airflow/dags/my_dag.py
[2025-04-23T14:16:03.537+0000] {processor.py:925} INFO - DAG(s) 'TFL_DATA_DAG' retrieved from /opt/airflow/dags/my_dag.py
[2025-04-23T14:16:03.572+0000] {logging_mixin.py:190} INFO - [2025-04-23T14:16:03.572+0000] {dag.py:3239} INFO - Sync 1 DAGs
[2025-04-23T14:16:03.607+0000] {logging_mixin.py:190} INFO - [2025-04-23T14:16:03.606+0000] {dag.py:4180} INFO - Setting next_dagrun for TFL_DATA_DAG to 2025-04-23 00:00:00+00:00, run_after=2025-04-24 00:00:00+00:00
[2025-04-23T14:16:03.632+0000] {processor.py:208} INFO - Processing /opt/airflow/dags/my_dag.py took 0.141 seconds
[2025-04-23T14:16:34.006+0000] {processor.py:186} INFO - Started process (PID=9528) to work on /opt/airflow/dags/my_dag.py
[2025-04-23T14:16:34.009+0000] {processor.py:914} INFO - Processing file /opt/airflow/dags/my_dag.py for tasks to queue
[2025-04-23T14:16:34.014+0000] {logging_mixin.py:190} INFO - [2025-04-23T14:16:34.014+0000] {dagbag.py:588} INFO - Filling up the DagBag from /opt/airflow/dags/my_dag.py
[2025-04-23T14:16:34.050+0000] {processor.py:925} INFO - DAG(s) 'TFL_DATA_DAG' retrieved from /opt/airflow/dags/my_dag.py
[2025-04-23T14:16:34.092+0000] {logging_mixin.py:190} INFO - [2025-04-23T14:16:34.092+0000] {dag.py:3239} INFO - Sync 1 DAGs
[2025-04-23T14:16:34.126+0000] {logging_mixin.py:190} INFO - [2025-04-23T14:16:34.125+0000] {dag.py:4180} INFO - Setting next_dagrun for TFL_DATA_DAG to 2025-04-23 00:00:00+00:00, run_after=2025-04-24 00:00:00+00:00
[2025-04-23T14:16:34.155+0000] {processor.py:208} INFO - Processing /opt/airflow/dags/my_dag.py took 0.162 seconds
[2025-04-23T14:17:04.573+0000] {processor.py:186} INFO - Started process (PID=9549) to work on /opt/airflow/dags/my_dag.py
[2025-04-23T14:17:04.575+0000] {processor.py:914} INFO - Processing file /opt/airflow/dags/my_dag.py for tasks to queue
[2025-04-23T14:17:04.580+0000] {logging_mixin.py:190} INFO - [2025-04-23T14:17:04.579+0000] {dagbag.py:588} INFO - Filling up the DagBag from /opt/airflow/dags/my_dag.py
[2025-04-23T14:17:04.625+0000] {processor.py:925} INFO - DAG(s) 'TFL_DATA_DAG' retrieved from /opt/airflow/dags/my_dag.py
[2025-04-23T14:17:04.655+0000] {logging_mixin.py:190} INFO - [2025-04-23T14:17:04.654+0000] {dag.py:3239} INFO - Sync 1 DAGs
[2025-04-23T14:17:04.685+0000] {logging_mixin.py:190} INFO - [2025-04-23T14:17:04.684+0000] {dag.py:4180} INFO - Setting next_dagrun for TFL_DATA_DAG to 2025-04-23 00:00:00+00:00, run_after=2025-04-24 00:00:00+00:00
[2025-04-23T14:17:04.711+0000] {processor.py:208} INFO - Processing /opt/airflow/dags/my_dag.py took 0.146 seconds
[2025-04-23T14:17:35.188+0000] {processor.py:186} INFO - Started process (PID=9570) to work on /opt/airflow/dags/my_dag.py
[2025-04-23T14:17:35.191+0000] {processor.py:914} INFO - Processing file /opt/airflow/dags/my_dag.py for tasks to queue
[2025-04-23T14:17:35.195+0000] {logging_mixin.py:190} INFO - [2025-04-23T14:17:35.195+0000] {dagbag.py:588} INFO - Filling up the DagBag from /opt/airflow/dags/my_dag.py
[2025-04-23T14:17:35.228+0000] {processor.py:925} INFO - DAG(s) 'TFL_DATA_DAG' retrieved from /opt/airflow/dags/my_dag.py
[2025-04-23T14:17:35.267+0000] {logging_mixin.py:190} INFO - [2025-04-23T14:17:35.266+0000] {dag.py:3239} INFO - Sync 1 DAGs
[2025-04-23T14:17:35.306+0000] {logging_mixin.py:190} INFO - [2025-04-23T14:17:35.306+0000] {dag.py:4180} INFO - Setting next_dagrun for TFL_DATA_DAG to 2025-04-23 00:00:00+00:00, run_after=2025-04-24 00:00:00+00:00
[2025-04-23T14:17:35.336+0000] {processor.py:208} INFO - Processing /opt/airflow/dags/my_dag.py took 0.157 seconds
[2025-04-23T14:18:05.766+0000] {processor.py:186} INFO - Started process (PID=9591) to work on /opt/airflow/dags/my_dag.py
[2025-04-23T14:18:05.768+0000] {processor.py:914} INFO - Processing file /opt/airflow/dags/my_dag.py for tasks to queue
[2025-04-23T14:18:05.774+0000] {logging_mixin.py:190} INFO - [2025-04-23T14:18:05.774+0000] {dagbag.py:588} INFO - Filling up the DagBag from /opt/airflow/dags/my_dag.py
[2025-04-23T14:18:05.807+0000] {processor.py:925} INFO - DAG(s) 'TFL_DATA_DAG' retrieved from /opt/airflow/dags/my_dag.py
[2025-04-23T14:18:05.843+0000] {logging_mixin.py:190} INFO - [2025-04-23T14:18:05.842+0000] {dag.py:3239} INFO - Sync 1 DAGs
[2025-04-23T14:18:05.878+0000] {logging_mixin.py:190} INFO - [2025-04-23T14:18:05.878+0000] {dag.py:4180} INFO - Setting next_dagrun for TFL_DATA_DAG to 2025-04-23 00:00:00+00:00, run_after=2025-04-24 00:00:00+00:00
[2025-04-23T14:18:05.906+0000] {processor.py:208} INFO - Processing /opt/airflow/dags/my_dag.py took 0.149 seconds
[2025-04-23T14:18:36.278+0000] {processor.py:186} INFO - Started process (PID=9612) to work on /opt/airflow/dags/my_dag.py
[2025-04-23T14:18:36.281+0000] {processor.py:914} INFO - Processing file /opt/airflow/dags/my_dag.py for tasks to queue
[2025-04-23T14:18:36.286+0000] {logging_mixin.py:190} INFO - [2025-04-23T14:18:36.286+0000] {dagbag.py:588} INFO - Filling up the DagBag from /opt/airflow/dags/my_dag.py
[2025-04-23T14:18:36.321+0000] {processor.py:925} INFO - DAG(s) 'TFL_DATA_DAG' retrieved from /opt/airflow/dags/my_dag.py
[2025-04-23T14:18:36.355+0000] {logging_mixin.py:190} INFO - [2025-04-23T14:18:36.355+0000] {dag.py:3239} INFO - Sync 1 DAGs
[2025-04-23T14:18:36.389+0000] {logging_mixin.py:190} INFO - [2025-04-23T14:18:36.389+0000] {dag.py:4180} INFO - Setting next_dagrun for TFL_DATA_DAG to 2025-04-23 00:00:00+00:00, run_after=2025-04-24 00:00:00+00:00
[2025-04-23T14:18:36.418+0000] {processor.py:208} INFO - Processing /opt/airflow/dags/my_dag.py took 0.150 seconds
[2025-04-23T14:19:06.829+0000] {processor.py:186} INFO - Started process (PID=9633) to work on /opt/airflow/dags/my_dag.py
[2025-04-23T14:19:06.832+0000] {processor.py:914} INFO - Processing file /opt/airflow/dags/my_dag.py for tasks to queue
[2025-04-23T14:19:06.839+0000] {logging_mixin.py:190} INFO - [2025-04-23T14:19:06.839+0000] {dagbag.py:588} INFO - Filling up the DagBag from /opt/airflow/dags/my_dag.py
[2025-04-23T14:19:06.872+0000] {processor.py:925} INFO - DAG(s) 'TFL_DATA_DAG' retrieved from /opt/airflow/dags/my_dag.py
[2025-04-23T14:19:06.909+0000] {logging_mixin.py:190} INFO - [2025-04-23T14:19:06.908+0000] {dag.py:3239} INFO - Sync 1 DAGs
[2025-04-23T14:19:06.942+0000] {logging_mixin.py:190} INFO - [2025-04-23T14:19:06.942+0000] {dag.py:4180} INFO - Setting next_dagrun for TFL_DATA_DAG to 2025-04-23 00:00:00+00:00, run_after=2025-04-24 00:00:00+00:00
[2025-04-23T14:19:06.969+0000] {processor.py:208} INFO - Processing /opt/airflow/dags/my_dag.py took 0.152 seconds
[2025-04-23T14:19:37.371+0000] {processor.py:186} INFO - Started process (PID=9654) to work on /opt/airflow/dags/my_dag.py
[2025-04-23T14:19:37.374+0000] {processor.py:914} INFO - Processing file /opt/airflow/dags/my_dag.py for tasks to queue
[2025-04-23T14:19:37.380+0000] {logging_mixin.py:190} INFO - [2025-04-23T14:19:37.379+0000] {dagbag.py:588} INFO - Filling up the DagBag from /opt/airflow/dags/my_dag.py
[2025-04-23T14:19:37.412+0000] {processor.py:925} INFO - DAG(s) 'TFL_DATA_DAG' retrieved from /opt/airflow/dags/my_dag.py
[2025-04-23T14:19:37.457+0000] {logging_mixin.py:190} INFO - [2025-04-23T14:19:37.457+0000] {dag.py:3239} INFO - Sync 1 DAGs
[2025-04-23T14:19:37.494+0000] {logging_mixin.py:190} INFO - [2025-04-23T14:19:37.494+0000] {dag.py:4180} INFO - Setting next_dagrun for TFL_DATA_DAG to 2025-04-23 00:00:00+00:00, run_after=2025-04-24 00:00:00+00:00
[2025-04-23T14:19:37.523+0000] {processor.py:208} INFO - Processing /opt/airflow/dags/my_dag.py took 0.163 seconds
[2025-04-23T14:20:07.951+0000] {processor.py:186} INFO - Started process (PID=9675) to work on /opt/airflow/dags/my_dag.py
[2025-04-23T14:20:07.953+0000] {processor.py:914} INFO - Processing file /opt/airflow/dags/my_dag.py for tasks to queue
[2025-04-23T14:20:07.958+0000] {logging_mixin.py:190} INFO - [2025-04-23T14:20:07.958+0000] {dagbag.py:588} INFO - Filling up the DagBag from /opt/airflow/dags/my_dag.py
[2025-04-23T14:20:07.990+0000] {processor.py:925} INFO - DAG(s) 'TFL_DATA_DAG' retrieved from /opt/airflow/dags/my_dag.py
[2025-04-23T14:20:08.025+0000] {logging_mixin.py:190} INFO - [2025-04-23T14:20:08.025+0000] {dag.py:3239} INFO - Sync 1 DAGs
[2025-04-23T14:20:08.062+0000] {logging_mixin.py:190} INFO - [2025-04-23T14:20:08.062+0000] {dag.py:4180} INFO - Setting next_dagrun for TFL_DATA_DAG to 2025-04-23 00:00:00+00:00, run_after=2025-04-24 00:00:00+00:00
[2025-04-23T14:20:08.091+0000] {processor.py:208} INFO - Processing /opt/airflow/dags/my_dag.py took 0.147 seconds
[2025-04-23T14:20:38.489+0000] {processor.py:186} INFO - Started process (PID=9696) to work on /opt/airflow/dags/my_dag.py
[2025-04-23T14:20:38.492+0000] {processor.py:914} INFO - Processing file /opt/airflow/dags/my_dag.py for tasks to queue
[2025-04-23T14:20:38.497+0000] {logging_mixin.py:190} INFO - [2025-04-23T14:20:38.497+0000] {dagbag.py:588} INFO - Filling up the DagBag from /opt/airflow/dags/my_dag.py
[2025-04-23T14:20:38.531+0000] {processor.py:925} INFO - DAG(s) 'TFL_DATA_DAG' retrieved from /opt/airflow/dags/my_dag.py
[2025-04-23T14:20:38.563+0000] {logging_mixin.py:190} INFO - [2025-04-23T14:20:38.563+0000] {dag.py:3239} INFO - Sync 1 DAGs
[2025-04-23T14:20:38.596+0000] {logging_mixin.py:190} INFO - [2025-04-23T14:20:38.595+0000] {dag.py:4180} INFO - Setting next_dagrun for TFL_DATA_DAG to 2025-04-23 00:00:00+00:00, run_after=2025-04-24 00:00:00+00:00
[2025-04-23T14:20:38.623+0000] {processor.py:208} INFO - Processing /opt/airflow/dags/my_dag.py took 0.144 seconds
[2025-04-23T14:21:09.097+0000] {processor.py:186} INFO - Started process (PID=9716) to work on /opt/airflow/dags/my_dag.py
[2025-04-23T14:21:09.099+0000] {processor.py:914} INFO - Processing file /opt/airflow/dags/my_dag.py for tasks to queue
[2025-04-23T14:21:09.104+0000] {logging_mixin.py:190} INFO - [2025-04-23T14:21:09.103+0000] {dagbag.py:588} INFO - Filling up the DagBag from /opt/airflow/dags/my_dag.py
[2025-04-23T14:21:09.140+0000] {processor.py:925} INFO - DAG(s) 'TFL_DATA_DAG' retrieved from /opt/airflow/dags/my_dag.py
[2025-04-23T14:21:09.171+0000] {logging_mixin.py:190} INFO - [2025-04-23T14:21:09.170+0000] {dag.py:3239} INFO - Sync 1 DAGs
[2025-04-23T14:21:09.206+0000] {logging_mixin.py:190} INFO - [2025-04-23T14:21:09.206+0000] {dag.py:4180} INFO - Setting next_dagrun for TFL_DATA_DAG to 2025-04-23 00:00:00+00:00, run_after=2025-04-24 00:00:00+00:00
[2025-04-23T14:21:09.233+0000] {processor.py:208} INFO - Processing /opt/airflow/dags/my_dag.py took 0.145 seconds
[2025-04-23T14:21:39.615+0000] {processor.py:186} INFO - Started process (PID=9737) to work on /opt/airflow/dags/my_dag.py
[2025-04-23T14:21:39.618+0000] {processor.py:914} INFO - Processing file /opt/airflow/dags/my_dag.py for tasks to queue
[2025-04-23T14:21:39.623+0000] {logging_mixin.py:190} INFO - [2025-04-23T14:21:39.622+0000] {dagbag.py:588} INFO - Filling up the DagBag from /opt/airflow/dags/my_dag.py
[2025-04-23T14:21:39.655+0000] {processor.py:925} INFO - DAG(s) 'TFL_DATA_DAG' retrieved from /opt/airflow/dags/my_dag.py
[2025-04-23T14:21:39.691+0000] {logging_mixin.py:190} INFO - [2025-04-23T14:21:39.690+0000] {dag.py:3239} INFO - Sync 1 DAGs
[2025-04-23T14:21:39.723+0000] {logging_mixin.py:190} INFO - [2025-04-23T14:21:39.723+0000] {dag.py:4180} INFO - Setting next_dagrun for TFL_DATA_DAG to 2025-04-23 00:00:00+00:00, run_after=2025-04-24 00:00:00+00:00
[2025-04-23T14:21:39.749+0000] {processor.py:208} INFO - Processing /opt/airflow/dags/my_dag.py took 0.143 seconds
[2025-04-23T14:22:10.118+0000] {processor.py:186} INFO - Started process (PID=9758) to work on /opt/airflow/dags/my_dag.py
[2025-04-23T14:22:10.120+0000] {processor.py:914} INFO - Processing file /opt/airflow/dags/my_dag.py for tasks to queue
[2025-04-23T14:22:10.125+0000] {logging_mixin.py:190} INFO - [2025-04-23T14:22:10.125+0000] {dagbag.py:588} INFO - Filling up the DagBag from /opt/airflow/dags/my_dag.py
[2025-04-23T14:22:10.161+0000] {processor.py:925} INFO - DAG(s) 'TFL_DATA_DAG' retrieved from /opt/airflow/dags/my_dag.py
[2025-04-23T14:22:10.203+0000] {logging_mixin.py:190} INFO - [2025-04-23T14:22:10.202+0000] {dag.py:3239} INFO - Sync 1 DAGs
[2025-04-23T14:22:10.238+0000] {logging_mixin.py:190} INFO - [2025-04-23T14:22:10.238+0000] {dag.py:4180} INFO - Setting next_dagrun for TFL_DATA_DAG to 2025-04-23 00:00:00+00:00, run_after=2025-04-24 00:00:00+00:00
[2025-04-23T14:22:10.267+0000] {processor.py:208} INFO - Processing /opt/airflow/dags/my_dag.py took 0.160 seconds
[2025-04-23T14:22:40.665+0000] {processor.py:186} INFO - Started process (PID=9779) to work on /opt/airflow/dags/my_dag.py
[2025-04-23T14:22:40.667+0000] {processor.py:914} INFO - Processing file /opt/airflow/dags/my_dag.py for tasks to queue
[2025-04-23T14:22:40.672+0000] {logging_mixin.py:190} INFO - [2025-04-23T14:22:40.672+0000] {dagbag.py:588} INFO - Filling up the DagBag from /opt/airflow/dags/my_dag.py
[2025-04-23T14:22:40.705+0000] {processor.py:925} INFO - DAG(s) 'TFL_DATA_DAG' retrieved from /opt/airflow/dags/my_dag.py
[2025-04-23T14:22:40.740+0000] {logging_mixin.py:190} INFO - [2025-04-23T14:22:40.739+0000] {dag.py:3239} INFO - Sync 1 DAGs
[2025-04-23T14:22:40.775+0000] {logging_mixin.py:190} INFO - [2025-04-23T14:22:40.774+0000] {dag.py:4180} INFO - Setting next_dagrun for TFL_DATA_DAG to 2025-04-23 00:00:00+00:00, run_after=2025-04-24 00:00:00+00:00
[2025-04-23T14:22:40.803+0000] {processor.py:208} INFO - Processing /opt/airflow/dags/my_dag.py took 0.149 seconds
[2025-04-23T14:23:11.211+0000] {processor.py:186} INFO - Started process (PID=9800) to work on /opt/airflow/dags/my_dag.py
[2025-04-23T14:23:11.214+0000] {processor.py:914} INFO - Processing file /opt/airflow/dags/my_dag.py for tasks to queue
[2025-04-23T14:23:11.218+0000] {logging_mixin.py:190} INFO - [2025-04-23T14:23:11.218+0000] {dagbag.py:588} INFO - Filling up the DagBag from /opt/airflow/dags/my_dag.py
[2025-04-23T14:23:11.253+0000] {processor.py:925} INFO - DAG(s) 'TFL_DATA_DAG' retrieved from /opt/airflow/dags/my_dag.py
[2025-04-23T14:23:11.289+0000] {logging_mixin.py:190} INFO - [2025-04-23T14:23:11.288+0000] {dag.py:3239} INFO - Sync 1 DAGs
[2025-04-23T14:23:11.325+0000] {logging_mixin.py:190} INFO - [2025-04-23T14:23:11.325+0000] {dag.py:4180} INFO - Setting next_dagrun for TFL_DATA_DAG to 2025-04-23 00:00:00+00:00, run_after=2025-04-24 00:00:00+00:00
[2025-04-23T14:23:11.356+0000] {processor.py:208} INFO - Processing /opt/airflow/dags/my_dag.py took 0.155 seconds
[2025-04-23T16:04:45.418+0000] {processor.py:186} INFO - Started process (PID=9821) to work on /opt/airflow/dags/my_dag.py
[2025-04-23T16:04:45.421+0000] {processor.py:914} INFO - Processing file /opt/airflow/dags/my_dag.py for tasks to queue
[2025-04-23T16:04:45.427+0000] {logging_mixin.py:190} INFO - [2025-04-23T16:04:45.427+0000] {dagbag.py:588} INFO - Filling up the DagBag from /opt/airflow/dags/my_dag.py
[2025-04-23T16:04:45.486+0000] {processor.py:925} INFO - DAG(s) 'TFL_DATA_DAG' retrieved from /opt/airflow/dags/my_dag.py
[2025-04-23T16:04:45.532+0000] {logging_mixin.py:190} INFO - [2025-04-23T16:04:45.531+0000] {dag.py:3239} INFO - Sync 1 DAGs
[2025-04-23T16:04:45.577+0000] {logging_mixin.py:190} INFO - [2025-04-23T16:04:45.577+0000] {dag.py:4180} INFO - Setting next_dagrun for TFL_DATA_DAG to 2025-04-23 00:00:00+00:00, run_after=2025-04-24 00:00:00+00:00
[2025-04-23T16:04:45.612+0000] {processor.py:208} INFO - Processing /opt/airflow/dags/my_dag.py took 0.204 seconds
[2025-04-23T16:05:15.918+0000] {processor.py:186} INFO - Started process (PID=9842) to work on /opt/airflow/dags/my_dag.py
[2025-04-23T16:05:15.921+0000] {processor.py:914} INFO - Processing file /opt/airflow/dags/my_dag.py for tasks to queue
[2025-04-23T16:05:15.925+0000] {logging_mixin.py:190} INFO - [2025-04-23T16:05:15.925+0000] {dagbag.py:588} INFO - Filling up the DagBag from /opt/airflow/dags/my_dag.py
[2025-04-23T16:05:15.986+0000] {processor.py:925} INFO - DAG(s) 'TFL_DATA_DAG' retrieved from /opt/airflow/dags/my_dag.py
[2025-04-23T16:05:16.007+0000] {logging_mixin.py:190} INFO - [2025-04-23T16:05:16.007+0000] {dag.py:3239} INFO - Sync 1 DAGs
[2025-04-23T16:05:16.030+0000] {logging_mixin.py:190} INFO - [2025-04-23T16:05:16.030+0000] {dag.py:4180} INFO - Setting next_dagrun for TFL_DATA_DAG to 2025-04-23 00:00:00+00:00, run_after=2025-04-24 00:00:00+00:00
[2025-04-23T16:05:16.055+0000] {processor.py:208} INFO - Processing /opt/airflow/dags/my_dag.py took 0.142 seconds
[2025-04-23T16:05:46.314+0000] {processor.py:186} INFO - Started process (PID=9863) to work on /opt/airflow/dags/my_dag.py
[2025-04-23T16:05:46.315+0000] {processor.py:914} INFO - Processing file /opt/airflow/dags/my_dag.py for tasks to queue
[2025-04-23T16:05:46.319+0000] {logging_mixin.py:190} INFO - [2025-04-23T16:05:46.319+0000] {dagbag.py:588} INFO - Filling up the DagBag from /opt/airflow/dags/my_dag.py
[2025-04-23T16:05:46.359+0000] {processor.py:925} INFO - DAG(s) 'TFL_DATA_DAG' retrieved from /opt/airflow/dags/my_dag.py
[2025-04-23T16:05:46.383+0000] {logging_mixin.py:190} INFO - [2025-04-23T16:05:46.383+0000] {dag.py:3239} INFO - Sync 1 DAGs
[2025-04-23T16:05:46.413+0000] {logging_mixin.py:190} INFO - [2025-04-23T16:05:46.412+0000] {dag.py:4180} INFO - Setting next_dagrun for TFL_DATA_DAG to 2025-04-23 00:00:00+00:00, run_after=2025-04-24 00:00:00+00:00
[2025-04-23T16:05:46.435+0000] {processor.py:208} INFO - Processing /opt/airflow/dags/my_dag.py took 0.126 seconds
[2025-04-23T16:06:16.675+0000] {processor.py:186} INFO - Started process (PID=9884) to work on /opt/airflow/dags/my_dag.py
[2025-04-23T16:06:16.677+0000] {processor.py:914} INFO - Processing file /opt/airflow/dags/my_dag.py for tasks to queue
[2025-04-23T16:06:16.680+0000] {logging_mixin.py:190} INFO - [2025-04-23T16:06:16.679+0000] {dagbag.py:588} INFO - Filling up the DagBag from /opt/airflow/dags/my_dag.py
[2025-04-23T16:06:16.715+0000] {processor.py:925} INFO - DAG(s) 'TFL_DATA_DAG' retrieved from /opt/airflow/dags/my_dag.py
[2025-04-23T16:06:16.732+0000] {logging_mixin.py:190} INFO - [2025-04-23T16:06:16.732+0000] {dag.py:3239} INFO - Sync 1 DAGs
[2025-04-23T16:06:16.747+0000] {logging_mixin.py:190} INFO - [2025-04-23T16:06:16.747+0000] {dag.py:4180} INFO - Setting next_dagrun for TFL_DATA_DAG to 2025-04-23 00:00:00+00:00, run_after=2025-04-24 00:00:00+00:00
[2025-04-23T16:06:16.759+0000] {processor.py:208} INFO - Processing /opt/airflow/dags/my_dag.py took 0.088 seconds
[2025-04-23T16:06:47.037+0000] {processor.py:186} INFO - Started process (PID=9905) to work on /opt/airflow/dags/my_dag.py
[2025-04-23T16:06:47.039+0000] {processor.py:914} INFO - Processing file /opt/airflow/dags/my_dag.py for tasks to queue
[2025-04-23T16:06:47.044+0000] {logging_mixin.py:190} INFO - [2025-04-23T16:06:47.043+0000] {dagbag.py:588} INFO - Filling up the DagBag from /opt/airflow/dags/my_dag.py
[2025-04-23T16:06:47.089+0000] {processor.py:925} INFO - DAG(s) 'TFL_DATA_DAG' retrieved from /opt/airflow/dags/my_dag.py
[2025-04-23T16:06:47.104+0000] {logging_mixin.py:190} INFO - [2025-04-23T16:06:47.103+0000] {dag.py:3239} INFO - Sync 1 DAGs
[2025-04-23T16:06:47.118+0000] {logging_mixin.py:190} INFO - [2025-04-23T16:06:47.118+0000] {dag.py:4180} INFO - Setting next_dagrun for TFL_DATA_DAG to 2025-04-23 00:00:00+00:00, run_after=2025-04-24 00:00:00+00:00
[2025-04-23T16:06:47.139+0000] {processor.py:208} INFO - Processing /opt/airflow/dags/my_dag.py took 0.109 seconds
[2025-04-23T16:07:17.440+0000] {processor.py:186} INFO - Started process (PID=9926) to work on /opt/airflow/dags/my_dag.py
[2025-04-23T16:07:17.442+0000] {processor.py:914} INFO - Processing file /opt/airflow/dags/my_dag.py for tasks to queue
[2025-04-23T16:07:17.446+0000] {logging_mixin.py:190} INFO - [2025-04-23T16:07:17.446+0000] {dagbag.py:588} INFO - Filling up the DagBag from /opt/airflow/dags/my_dag.py
[2025-04-23T16:07:17.472+0000] {processor.py:925} INFO - DAG(s) 'TFL_DATA_DAG' retrieved from /opt/airflow/dags/my_dag.py
[2025-04-23T16:07:17.488+0000] {logging_mixin.py:190} INFO - [2025-04-23T16:07:17.488+0000] {dag.py:3239} INFO - Sync 1 DAGs
[2025-04-23T16:07:17.501+0000] {logging_mixin.py:190} INFO - [2025-04-23T16:07:17.501+0000] {dag.py:4180} INFO - Setting next_dagrun for TFL_DATA_DAG to 2025-04-23 00:00:00+00:00, run_after=2025-04-24 00:00:00+00:00
[2025-04-23T16:07:17.512+0000] {processor.py:208} INFO - Processing /opt/airflow/dags/my_dag.py took 0.077 seconds
[2025-04-23T16:07:47.777+0000] {processor.py:186} INFO - Started process (PID=9947) to work on /opt/airflow/dags/my_dag.py
[2025-04-23T16:07:47.778+0000] {processor.py:914} INFO - Processing file /opt/airflow/dags/my_dag.py for tasks to queue
[2025-04-23T16:07:47.782+0000] {logging_mixin.py:190} INFO - [2025-04-23T16:07:47.782+0000] {dagbag.py:588} INFO - Filling up the DagBag from /opt/airflow/dags/my_dag.py
[2025-04-23T16:07:47.803+0000] {processor.py:925} INFO - DAG(s) 'TFL_DATA_DAG' retrieved from /opt/airflow/dags/my_dag.py
[2025-04-23T16:07:47.819+0000] {logging_mixin.py:190} INFO - [2025-04-23T16:07:47.819+0000] {dag.py:3239} INFO - Sync 1 DAGs
[2025-04-23T16:07:47.835+0000] {logging_mixin.py:190} INFO - [2025-04-23T16:07:47.835+0000] {dag.py:4180} INFO - Setting next_dagrun for TFL_DATA_DAG to 2025-04-23 00:00:00+00:00, run_after=2025-04-24 00:00:00+00:00
[2025-04-23T16:07:47.848+0000] {processor.py:208} INFO - Processing /opt/airflow/dags/my_dag.py took 0.075 seconds
[2025-04-23T16:08:18.123+0000] {processor.py:186} INFO - Started process (PID=9968) to work on /opt/airflow/dags/my_dag.py
[2025-04-23T16:08:18.125+0000] {processor.py:914} INFO - Processing file /opt/airflow/dags/my_dag.py for tasks to queue
[2025-04-23T16:08:18.128+0000] {logging_mixin.py:190} INFO - [2025-04-23T16:08:18.127+0000] {dagbag.py:588} INFO - Filling up the DagBag from /opt/airflow/dags/my_dag.py
[2025-04-23T16:08:18.170+0000] {processor.py:925} INFO - DAG(s) 'TFL_DATA_DAG' retrieved from /opt/airflow/dags/my_dag.py
[2025-04-23T16:08:18.187+0000] {logging_mixin.py:190} INFO - [2025-04-23T16:08:18.186+0000] {dag.py:3239} INFO - Sync 1 DAGs
[2025-04-23T16:08:18.202+0000] {logging_mixin.py:190} INFO - [2025-04-23T16:08:18.202+0000] {dag.py:4180} INFO - Setting next_dagrun for TFL_DATA_DAG to 2025-04-23 00:00:00+00:00, run_after=2025-04-24 00:00:00+00:00
[2025-04-23T16:08:18.219+0000] {processor.py:208} INFO - Processing /opt/airflow/dags/my_dag.py took 0.102 seconds
[2025-04-23T16:08:48.515+0000] {processor.py:186} INFO - Started process (PID=9989) to work on /opt/airflow/dags/my_dag.py
[2025-04-23T16:08:48.517+0000] {processor.py:914} INFO - Processing file /opt/airflow/dags/my_dag.py for tasks to queue
[2025-04-23T16:08:48.521+0000] {logging_mixin.py:190} INFO - [2025-04-23T16:08:48.521+0000] {dagbag.py:588} INFO - Filling up the DagBag from /opt/airflow/dags/my_dag.py
[2025-04-23T16:08:48.553+0000] {processor.py:925} INFO - DAG(s) 'TFL_DATA_DAG' retrieved from /opt/airflow/dags/my_dag.py
[2025-04-23T16:08:48.571+0000] {logging_mixin.py:190} INFO - [2025-04-23T16:08:48.571+0000] {dag.py:3239} INFO - Sync 1 DAGs
[2025-04-23T16:08:48.585+0000] {logging_mixin.py:190} INFO - [2025-04-23T16:08:48.585+0000] {dag.py:4180} INFO - Setting next_dagrun for TFL_DATA_DAG to 2025-04-23 00:00:00+00:00, run_after=2025-04-24 00:00:00+00:00
[2025-04-23T16:08:48.600+0000] {processor.py:208} INFO - Processing /opt/airflow/dags/my_dag.py took 0.092 seconds
[2025-04-23T16:09:18.866+0000] {processor.py:186} INFO - Started process (PID=10010) to work on /opt/airflow/dags/my_dag.py
[2025-04-23T16:09:18.868+0000] {processor.py:914} INFO - Processing file /opt/airflow/dags/my_dag.py for tasks to queue
[2025-04-23T16:09:18.872+0000] {logging_mixin.py:190} INFO - [2025-04-23T16:09:18.872+0000] {dagbag.py:588} INFO - Filling up the DagBag from /opt/airflow/dags/my_dag.py
[2025-04-23T16:09:18.910+0000] {processor.py:925} INFO - DAG(s) 'TFL_DATA_DAG' retrieved from /opt/airflow/dags/my_dag.py
[2025-04-23T16:09:18.926+0000] {logging_mixin.py:190} INFO - [2025-04-23T16:09:18.926+0000] {dag.py:3239} INFO - Sync 1 DAGs
[2025-04-23T16:09:18.941+0000] {logging_mixin.py:190} INFO - [2025-04-23T16:09:18.940+0000] {dag.py:4180} INFO - Setting next_dagrun for TFL_DATA_DAG to 2025-04-23 00:00:00+00:00, run_after=2025-04-24 00:00:00+00:00
[2025-04-23T16:09:18.955+0000] {processor.py:208} INFO - Processing /opt/airflow/dags/my_dag.py took 0.094 seconds
[2025-04-23T16:09:49.336+0000] {processor.py:186} INFO - Started process (PID=10031) to work on /opt/airflow/dags/my_dag.py
[2025-04-23T16:09:49.340+0000] {processor.py:914} INFO - Processing file /opt/airflow/dags/my_dag.py for tasks to queue
[2025-04-23T16:09:49.346+0000] {logging_mixin.py:190} INFO - [2025-04-23T16:09:49.345+0000] {dagbag.py:588} INFO - Filling up the DagBag from /opt/airflow/dags/my_dag.py
[2025-04-23T16:09:49.384+0000] {processor.py:925} INFO - DAG(s) 'TFL_DATA_DAG' retrieved from /opt/airflow/dags/my_dag.py
[2025-04-23T16:09:49.402+0000] {logging_mixin.py:190} INFO - [2025-04-23T16:09:49.402+0000] {dag.py:3239} INFO - Sync 1 DAGs
[2025-04-23T16:09:49.419+0000] {logging_mixin.py:190} INFO - [2025-04-23T16:09:49.419+0000] {dag.py:4180} INFO - Setting next_dagrun for TFL_DATA_DAG to 2025-04-23 00:00:00+00:00, run_after=2025-04-24 00:00:00+00:00
[2025-04-23T16:09:49.437+0000] {processor.py:208} INFO - Processing /opt/airflow/dags/my_dag.py took 0.107 seconds
[2025-04-23T16:10:19.771+0000] {processor.py:186} INFO - Started process (PID=10053) to work on /opt/airflow/dags/my_dag.py
[2025-04-23T16:10:19.776+0000] {processor.py:914} INFO - Processing file /opt/airflow/dags/my_dag.py for tasks to queue
[2025-04-23T16:10:19.779+0000] {logging_mixin.py:190} INFO - [2025-04-23T16:10:19.779+0000] {dagbag.py:588} INFO - Filling up the DagBag from /opt/airflow/dags/my_dag.py
[2025-04-23T16:10:19.844+0000] {processor.py:925} INFO - DAG(s) 'TFL_DATA_DAG' retrieved from /opt/airflow/dags/my_dag.py
[2025-04-23T16:10:19.868+0000] {logging_mixin.py:190} INFO - [2025-04-23T16:10:19.868+0000] {dag.py:3239} INFO - Sync 1 DAGs
[2025-04-23T16:10:19.883+0000] {logging_mixin.py:190} INFO - [2025-04-23T16:10:19.883+0000] {dag.py:4180} INFO - Setting next_dagrun for TFL_DATA_DAG to 2025-04-23 00:00:00+00:00, run_after=2025-04-24 00:00:00+00:00
[2025-04-23T16:10:19.897+0000] {processor.py:208} INFO - Processing /opt/airflow/dags/my_dag.py took 0.133 seconds
[2025-04-23T16:10:50.171+0000] {processor.py:186} INFO - Started process (PID=10074) to work on /opt/airflow/dags/my_dag.py
[2025-04-23T16:10:50.173+0000] {processor.py:914} INFO - Processing file /opt/airflow/dags/my_dag.py for tasks to queue
[2025-04-23T16:10:50.177+0000] {logging_mixin.py:190} INFO - [2025-04-23T16:10:50.177+0000] {dagbag.py:588} INFO - Filling up the DagBag from /opt/airflow/dags/my_dag.py
[2025-04-23T16:10:50.210+0000] {processor.py:925} INFO - DAG(s) 'TFL_DATA_DAG' retrieved from /opt/airflow/dags/my_dag.py
[2025-04-23T16:10:50.228+0000] {logging_mixin.py:190} INFO - [2025-04-23T16:10:50.227+0000] {dag.py:3239} INFO - Sync 1 DAGs
[2025-04-23T16:10:50.242+0000] {logging_mixin.py:190} INFO - [2025-04-23T16:10:50.242+0000] {dag.py:4180} INFO - Setting next_dagrun for TFL_DATA_DAG to 2025-04-23 00:00:00+00:00, run_after=2025-04-24 00:00:00+00:00
[2025-04-23T16:10:50.258+0000] {processor.py:208} INFO - Processing /opt/airflow/dags/my_dag.py took 0.094 seconds
[2025-04-23T16:11:20.545+0000] {processor.py:186} INFO - Started process (PID=10095) to work on /opt/airflow/dags/my_dag.py
[2025-04-23T16:11:20.547+0000] {processor.py:914} INFO - Processing file /opt/airflow/dags/my_dag.py for tasks to queue
[2025-04-23T16:11:20.551+0000] {logging_mixin.py:190} INFO - [2025-04-23T16:11:20.551+0000] {dagbag.py:588} INFO - Filling up the DagBag from /opt/airflow/dags/my_dag.py
[2025-04-23T16:11:20.565+0000] {processor.py:925} INFO - DAG(s) 'TFL_DATA_DAG' retrieved from /opt/airflow/dags/my_dag.py
[2025-04-23T16:11:20.579+0000] {logging_mixin.py:190} INFO - [2025-04-23T16:11:20.579+0000] {dag.py:3239} INFO - Sync 1 DAGs
[2025-04-23T16:11:20.592+0000] {logging_mixin.py:190} INFO - [2025-04-23T16:11:20.592+0000] {dag.py:4180} INFO - Setting next_dagrun for TFL_DATA_DAG to 2025-04-23 00:00:00+00:00, run_after=2025-04-24 00:00:00+00:00
[2025-04-23T16:11:20.603+0000] {processor.py:208} INFO - Processing /opt/airflow/dags/my_dag.py took 0.064 seconds
[2025-04-23T16:11:50.949+0000] {processor.py:186} INFO - Started process (PID=10116) to work on /opt/airflow/dags/my_dag.py
[2025-04-23T16:11:50.950+0000] {processor.py:914} INFO - Processing file /opt/airflow/dags/my_dag.py for tasks to queue
[2025-04-23T16:11:50.952+0000] {logging_mixin.py:190} INFO - [2025-04-23T16:11:50.952+0000] {dagbag.py:588} INFO - Filling up the DagBag from /opt/airflow/dags/my_dag.py
[2025-04-23T16:11:50.991+0000] {processor.py:925} INFO - DAG(s) 'TFL_DATA_DAG' retrieved from /opt/airflow/dags/my_dag.py
[2025-04-23T16:11:51.008+0000] {logging_mixin.py:190} INFO - [2025-04-23T16:11:51.008+0000] {dag.py:3239} INFO - Sync 1 DAGs
[2025-04-23T16:11:51.027+0000] {logging_mixin.py:190} INFO - [2025-04-23T16:11:51.027+0000] {dag.py:4180} INFO - Setting next_dagrun for TFL_DATA_DAG to 2025-04-23 00:00:00+00:00, run_after=2025-04-24 00:00:00+00:00
[2025-04-23T16:11:51.042+0000] {processor.py:208} INFO - Processing /opt/airflow/dags/my_dag.py took 0.098 seconds
[2025-04-23T16:12:21.344+0000] {processor.py:186} INFO - Started process (PID=10137) to work on /opt/airflow/dags/my_dag.py
[2025-04-23T16:12:21.346+0000] {processor.py:914} INFO - Processing file /opt/airflow/dags/my_dag.py for tasks to queue
[2025-04-23T16:12:21.348+0000] {logging_mixin.py:190} INFO - [2025-04-23T16:12:21.348+0000] {dagbag.py:588} INFO - Filling up the DagBag from /opt/airflow/dags/my_dag.py
[2025-04-23T16:12:21.364+0000] {processor.py:925} INFO - DAG(s) 'TFL_DATA_DAG' retrieved from /opt/airflow/dags/my_dag.py
[2025-04-23T16:12:21.379+0000] {logging_mixin.py:190} INFO - [2025-04-23T16:12:21.379+0000] {dag.py:3239} INFO - Sync 1 DAGs
[2025-04-23T16:12:21.394+0000] {logging_mixin.py:190} INFO - [2025-04-23T16:12:21.394+0000] {dag.py:4180} INFO - Setting next_dagrun for TFL_DATA_DAG to 2025-04-23 00:00:00+00:00, run_after=2025-04-24 00:00:00+00:00
[2025-04-23T16:12:21.404+0000] {processor.py:208} INFO - Processing /opt/airflow/dags/my_dag.py took 0.063 seconds
[2025-04-23T16:12:51.736+0000] {processor.py:186} INFO - Started process (PID=10158) to work on /opt/airflow/dags/my_dag.py
[2025-04-23T16:12:51.741+0000] {processor.py:914} INFO - Processing file /opt/airflow/dags/my_dag.py for tasks to queue
[2025-04-23T16:12:51.751+0000] {logging_mixin.py:190} INFO - [2025-04-23T16:12:51.751+0000] {dagbag.py:588} INFO - Filling up the DagBag from /opt/airflow/dags/my_dag.py
[2025-04-23T16:12:51.801+0000] {processor.py:925} INFO - DAG(s) 'TFL_DATA_DAG' retrieved from /opt/airflow/dags/my_dag.py
[2025-04-23T16:12:51.815+0000] {logging_mixin.py:190} INFO - [2025-04-23T16:12:51.815+0000] {dag.py:3239} INFO - Sync 1 DAGs
[2025-04-23T16:12:51.829+0000] {logging_mixin.py:190} INFO - [2025-04-23T16:12:51.829+0000] {dag.py:4180} INFO - Setting next_dagrun for TFL_DATA_DAG to 2025-04-23 00:00:00+00:00, run_after=2025-04-24 00:00:00+00:00
[2025-04-23T16:12:51.840+0000] {processor.py:208} INFO - Processing /opt/airflow/dags/my_dag.py took 0.112 seconds
[2025-04-23T16:13:22.099+0000] {processor.py:186} INFO - Started process (PID=10179) to work on /opt/airflow/dags/my_dag.py
[2025-04-23T16:13:22.101+0000] {processor.py:914} INFO - Processing file /opt/airflow/dags/my_dag.py for tasks to queue
[2025-04-23T16:13:22.103+0000] {logging_mixin.py:190} INFO - [2025-04-23T16:13:22.103+0000] {dagbag.py:588} INFO - Filling up the DagBag from /opt/airflow/dags/my_dag.py
[2025-04-23T16:13:22.116+0000] {processor.py:925} INFO - DAG(s) 'TFL_DATA_DAG' retrieved from /opt/airflow/dags/my_dag.py
[2025-04-23T16:13:22.138+0000] {logging_mixin.py:190} INFO - [2025-04-23T16:13:22.137+0000] {dag.py:3239} INFO - Sync 1 DAGs
[2025-04-23T16:13:22.159+0000] {logging_mixin.py:190} INFO - [2025-04-23T16:13:22.159+0000] {dag.py:4180} INFO - Setting next_dagrun for TFL_DATA_DAG to 2025-04-23 00:00:00+00:00, run_after=2025-04-24 00:00:00+00:00
[2025-04-23T16:13:22.172+0000] {processor.py:208} INFO - Processing /opt/airflow/dags/my_dag.py took 0.076 seconds
[2025-04-23T16:13:52.516+0000] {processor.py:186} INFO - Started process (PID=10200) to work on /opt/airflow/dags/my_dag.py
[2025-04-23T16:13:52.517+0000] {processor.py:914} INFO - Processing file /opt/airflow/dags/my_dag.py for tasks to queue
[2025-04-23T16:13:52.519+0000] {logging_mixin.py:190} INFO - [2025-04-23T16:13:52.519+0000] {dagbag.py:588} INFO - Filling up the DagBag from /opt/airflow/dags/my_dag.py
[2025-04-23T16:13:52.543+0000] {processor.py:925} INFO - DAG(s) 'TFL_DATA_DAG' retrieved from /opt/airflow/dags/my_dag.py
[2025-04-23T16:13:52.560+0000] {logging_mixin.py:190} INFO - [2025-04-23T16:13:52.559+0000] {dag.py:3239} INFO - Sync 1 DAGs
[2025-04-23T16:13:52.574+0000] {logging_mixin.py:190} INFO - [2025-04-23T16:13:52.574+0000] {dag.py:4180} INFO - Setting next_dagrun for TFL_DATA_DAG to 2025-04-23 00:00:00+00:00, run_after=2025-04-24 00:00:00+00:00
[2025-04-23T16:13:52.589+0000] {processor.py:208} INFO - Processing /opt/airflow/dags/my_dag.py took 0.078 seconds
[2025-04-23T16:14:22.891+0000] {processor.py:186} INFO - Started process (PID=10221) to work on /opt/airflow/dags/my_dag.py
[2025-04-23T16:14:22.895+0000] {processor.py:914} INFO - Processing file /opt/airflow/dags/my_dag.py for tasks to queue
[2025-04-23T16:14:22.898+0000] {logging_mixin.py:190} INFO - [2025-04-23T16:14:22.897+0000] {dagbag.py:588} INFO - Filling up the DagBag from /opt/airflow/dags/my_dag.py
[2025-04-23T16:14:22.933+0000] {processor.py:925} INFO - DAG(s) 'TFL_DATA_DAG' retrieved from /opt/airflow/dags/my_dag.py
[2025-04-23T16:14:22.946+0000] {logging_mixin.py:190} INFO - [2025-04-23T16:14:22.946+0000] {dag.py:3239} INFO - Sync 1 DAGs
[2025-04-23T16:14:22.960+0000] {logging_mixin.py:190} INFO - [2025-04-23T16:14:22.960+0000] {dag.py:4180} INFO - Setting next_dagrun for TFL_DATA_DAG to 2025-04-23 00:00:00+00:00, run_after=2025-04-24 00:00:00+00:00
[2025-04-23T16:14:22.971+0000] {processor.py:208} INFO - Processing /opt/airflow/dags/my_dag.py took 0.084 seconds
[2025-04-23T16:14:53.367+0000] {processor.py:186} INFO - Started process (PID=10242) to work on /opt/airflow/dags/my_dag.py
[2025-04-23T16:14:53.370+0000] {processor.py:914} INFO - Processing file /opt/airflow/dags/my_dag.py for tasks to queue
[2025-04-23T16:14:53.373+0000] {logging_mixin.py:190} INFO - [2025-04-23T16:14:53.373+0000] {dagbag.py:588} INFO - Filling up the DagBag from /opt/airflow/dags/my_dag.py
[2025-04-23T16:14:53.407+0000] {processor.py:925} INFO - DAG(s) 'TFL_DATA_DAG' retrieved from /opt/airflow/dags/my_dag.py
[2025-04-23T16:14:53.426+0000] {logging_mixin.py:190} INFO - [2025-04-23T16:14:53.426+0000] {dag.py:3239} INFO - Sync 1 DAGs
[2025-04-23T16:14:53.439+0000] {logging_mixin.py:190} INFO - [2025-04-23T16:14:53.439+0000] {dag.py:4180} INFO - Setting next_dagrun for TFL_DATA_DAG to 2025-04-23 00:00:00+00:00, run_after=2025-04-24 00:00:00+00:00
[2025-04-23T16:14:53.453+0000] {processor.py:208} INFO - Processing /opt/airflow/dags/my_dag.py took 0.090 seconds
[2025-04-23T16:15:23.748+0000] {processor.py:186} INFO - Started process (PID=10263) to work on /opt/airflow/dags/my_dag.py
[2025-04-23T16:15:23.751+0000] {processor.py:914} INFO - Processing file /opt/airflow/dags/my_dag.py for tasks to queue
[2025-04-23T16:15:23.757+0000] {logging_mixin.py:190} INFO - [2025-04-23T16:15:23.757+0000] {dagbag.py:588} INFO - Filling up the DagBag from /opt/airflow/dags/my_dag.py
[2025-04-23T16:15:23.792+0000] {processor.py:925} INFO - DAG(s) 'TFL_DATA_DAG' retrieved from /opt/airflow/dags/my_dag.py
[2025-04-23T16:15:23.806+0000] {logging_mixin.py:190} INFO - [2025-04-23T16:15:23.806+0000] {dag.py:3239} INFO - Sync 1 DAGs
[2025-04-23T16:15:23.820+0000] {logging_mixin.py:190} INFO - [2025-04-23T16:15:23.820+0000] {dag.py:4180} INFO - Setting next_dagrun for TFL_DATA_DAG to 2025-04-23 00:00:00+00:00, run_after=2025-04-24 00:00:00+00:00
[2025-04-23T16:15:23.832+0000] {processor.py:208} INFO - Processing /opt/airflow/dags/my_dag.py took 0.087 seconds
[2025-04-23T16:15:54.133+0000] {processor.py:186} INFO - Started process (PID=10284) to work on /opt/airflow/dags/my_dag.py
[2025-04-23T16:15:54.134+0000] {processor.py:914} INFO - Processing file /opt/airflow/dags/my_dag.py for tasks to queue
[2025-04-23T16:15:54.136+0000] {logging_mixin.py:190} INFO - [2025-04-23T16:15:54.136+0000] {dagbag.py:588} INFO - Filling up the DagBag from /opt/airflow/dags/my_dag.py
[2025-04-23T16:15:54.151+0000] {processor.py:925} INFO - DAG(s) 'TFL_DATA_DAG' retrieved from /opt/airflow/dags/my_dag.py
[2025-04-23T16:15:54.167+0000] {logging_mixin.py:190} INFO - [2025-04-23T16:15:54.166+0000] {dag.py:3239} INFO - Sync 1 DAGs
[2025-04-23T16:15:54.286+0000] {logging_mixin.py:190} INFO - [2025-04-23T16:15:54.286+0000] {dag.py:4180} INFO - Setting next_dagrun for TFL_DATA_DAG to 2025-04-23 00:00:00+00:00, run_after=2025-04-24 00:00:00+00:00
[2025-04-23T16:15:54.306+0000] {processor.py:208} INFO - Processing /opt/airflow/dags/my_dag.py took 0.177 seconds
[2025-04-23T16:16:24.668+0000] {processor.py:186} INFO - Started process (PID=10305) to work on /opt/airflow/dags/my_dag.py
[2025-04-23T16:16:24.673+0000] {processor.py:914} INFO - Processing file /opt/airflow/dags/my_dag.py for tasks to queue
[2025-04-23T16:16:24.675+0000] {logging_mixin.py:190} INFO - [2025-04-23T16:16:24.675+0000] {dagbag.py:588} INFO - Filling up the DagBag from /opt/airflow/dags/my_dag.py
[2025-04-23T16:16:24.687+0000] {processor.py:925} INFO - DAG(s) 'TFL_DATA_DAG' retrieved from /opt/airflow/dags/my_dag.py
[2025-04-23T16:16:24.702+0000] {logging_mixin.py:190} INFO - [2025-04-23T16:16:24.702+0000] {dag.py:3239} INFO - Sync 1 DAGs
[2025-04-23T16:16:24.823+0000] {logging_mixin.py:190} INFO - [2025-04-23T16:16:24.821+0000] {dag.py:4180} INFO - Setting next_dagrun for TFL_DATA_DAG to 2025-04-23 00:00:00+00:00, run_after=2025-04-24 00:00:00+00:00
[2025-04-23T16:16:24.837+0000] {processor.py:208} INFO - Processing /opt/airflow/dags/my_dag.py took 0.176 seconds
[2025-04-23T16:16:55.128+0000] {processor.py:186} INFO - Started process (PID=10326) to work on /opt/airflow/dags/my_dag.py
[2025-04-23T16:16:55.130+0000] {processor.py:914} INFO - Processing file /opt/airflow/dags/my_dag.py for tasks to queue
[2025-04-23T16:16:55.133+0000] {logging_mixin.py:190} INFO - [2025-04-23T16:16:55.133+0000] {dagbag.py:588} INFO - Filling up the DagBag from /opt/airflow/dags/my_dag.py
[2025-04-23T16:16:55.268+0000] {processor.py:925} INFO - DAG(s) 'TFL_DATA_DAG' retrieved from /opt/airflow/dags/my_dag.py
[2025-04-23T16:16:55.282+0000] {logging_mixin.py:190} INFO - [2025-04-23T16:16:55.282+0000] {dag.py:3239} INFO - Sync 1 DAGs
[2025-04-23T16:16:55.296+0000] {logging_mixin.py:190} INFO - [2025-04-23T16:16:55.296+0000] {dag.py:4180} INFO - Setting next_dagrun for TFL_DATA_DAG to 2025-04-23 00:00:00+00:00, run_after=2025-04-24 00:00:00+00:00
[2025-04-23T16:16:55.328+0000] {processor.py:208} INFO - Processing /opt/airflow/dags/my_dag.py took 0.204 seconds
[2025-04-23T16:17:25.667+0000] {processor.py:186} INFO - Started process (PID=10347) to work on /opt/airflow/dags/my_dag.py
[2025-04-23T16:17:25.669+0000] {processor.py:914} INFO - Processing file /opt/airflow/dags/my_dag.py for tasks to queue
[2025-04-23T16:17:25.671+0000] {logging_mixin.py:190} INFO - [2025-04-23T16:17:25.671+0000] {dagbag.py:588} INFO - Filling up the DagBag from /opt/airflow/dags/my_dag.py
[2025-04-23T16:17:25.683+0000] {processor.py:925} INFO - DAG(s) 'TFL_DATA_DAG' retrieved from /opt/airflow/dags/my_dag.py
[2025-04-23T16:17:25.696+0000] {logging_mixin.py:190} INFO - [2025-04-23T16:17:25.696+0000] {dag.py:3239} INFO - Sync 1 DAGs
[2025-04-23T16:17:25.711+0000] {logging_mixin.py:190} INFO - [2025-04-23T16:17:25.710+0000] {dag.py:4180} INFO - Setting next_dagrun for TFL_DATA_DAG to 2025-04-23 00:00:00+00:00, run_after=2025-04-24 00:00:00+00:00
[2025-04-23T16:17:25.723+0000] {processor.py:208} INFO - Processing /opt/airflow/dags/my_dag.py took 0.061 seconds
[2025-04-23T16:17:56.057+0000] {processor.py:186} INFO - Started process (PID=10368) to work on /opt/airflow/dags/my_dag.py
[2025-04-23T16:17:56.064+0000] {processor.py:914} INFO - Processing file /opt/airflow/dags/my_dag.py for tasks to queue
[2025-04-23T16:17:56.071+0000] {logging_mixin.py:190} INFO - [2025-04-23T16:17:56.071+0000] {dagbag.py:588} INFO - Filling up the DagBag from /opt/airflow/dags/my_dag.py
[2025-04-23T16:17:56.126+0000] {processor.py:925} INFO - DAG(s) 'TFL_DATA_DAG' retrieved from /opt/airflow/dags/my_dag.py
[2025-04-23T16:17:56.143+0000] {logging_mixin.py:190} INFO - [2025-04-23T16:17:56.143+0000] {dag.py:3239} INFO - Sync 1 DAGs
[2025-04-23T16:17:56.160+0000] {logging_mixin.py:190} INFO - [2025-04-23T16:17:56.160+0000] {dag.py:4180} INFO - Setting next_dagrun for TFL_DATA_DAG to 2025-04-23 00:00:00+00:00, run_after=2025-04-24 00:00:00+00:00
[2025-04-23T16:17:56.178+0000] {processor.py:208} INFO - Processing /opt/airflow/dags/my_dag.py took 0.127 seconds
[2025-04-23T16:18:26.482+0000] {processor.py:186} INFO - Started process (PID=10389) to work on /opt/airflow/dags/my_dag.py
[2025-04-23T16:18:26.483+0000] {processor.py:914} INFO - Processing file /opt/airflow/dags/my_dag.py for tasks to queue
[2025-04-23T16:18:26.486+0000] {logging_mixin.py:190} INFO - [2025-04-23T16:18:26.485+0000] {dagbag.py:588} INFO - Filling up the DagBag from /opt/airflow/dags/my_dag.py
[2025-04-23T16:18:26.508+0000] {processor.py:925} INFO - DAG(s) 'TFL_DATA_DAG' retrieved from /opt/airflow/dags/my_dag.py
[2025-04-23T16:18:26.525+0000] {logging_mixin.py:190} INFO - [2025-04-23T16:18:26.524+0000] {dag.py:3239} INFO - Sync 1 DAGs
[2025-04-23T16:18:26.539+0000] {logging_mixin.py:190} INFO - [2025-04-23T16:18:26.539+0000] {dag.py:4180} INFO - Setting next_dagrun for TFL_DATA_DAG to 2025-04-23 00:00:00+00:00, run_after=2025-04-24 00:00:00+00:00
[2025-04-23T16:18:26.551+0000] {processor.py:208} INFO - Processing /opt/airflow/dags/my_dag.py took 0.074 seconds
[2025-04-23T16:18:56.846+0000] {processor.py:186} INFO - Started process (PID=10410) to work on /opt/airflow/dags/my_dag.py
[2025-04-23T16:18:56.849+0000] {processor.py:914} INFO - Processing file /opt/airflow/dags/my_dag.py for tasks to queue
[2025-04-23T16:18:56.851+0000] {logging_mixin.py:190} INFO - [2025-04-23T16:18:56.851+0000] {dagbag.py:588} INFO - Filling up the DagBag from /opt/airflow/dags/my_dag.py
[2025-04-23T16:18:56.891+0000] {processor.py:925} INFO - DAG(s) 'TFL_DATA_DAG' retrieved from /opt/airflow/dags/my_dag.py
[2025-04-23T16:18:56.906+0000] {logging_mixin.py:190} INFO - [2025-04-23T16:18:56.905+0000] {dag.py:3239} INFO - Sync 1 DAGs
[2025-04-23T16:18:56.922+0000] {logging_mixin.py:190} INFO - [2025-04-23T16:18:56.922+0000] {dag.py:4180} INFO - Setting next_dagrun for TFL_DATA_DAG to 2025-04-23 00:00:00+00:00, run_after=2025-04-24 00:00:00+00:00
[2025-04-23T16:18:56.937+0000] {processor.py:208} INFO - Processing /opt/airflow/dags/my_dag.py took 0.096 seconds
[2025-04-23T16:19:27.231+0000] {processor.py:186} INFO - Started process (PID=10431) to work on /opt/airflow/dags/my_dag.py
[2025-04-23T16:19:27.234+0000] {processor.py:914} INFO - Processing file /opt/airflow/dags/my_dag.py for tasks to queue
[2025-04-23T16:19:27.238+0000] {logging_mixin.py:190} INFO - [2025-04-23T16:19:27.238+0000] {dagbag.py:588} INFO - Filling up the DagBag from /opt/airflow/dags/my_dag.py
[2025-04-23T16:19:27.250+0000] {processor.py:925} INFO - DAG(s) 'TFL_DATA_DAG' retrieved from /opt/airflow/dags/my_dag.py
[2025-04-23T16:19:27.266+0000] {logging_mixin.py:190} INFO - [2025-04-23T16:19:27.265+0000] {dag.py:3239} INFO - Sync 1 DAGs
[2025-04-23T16:19:27.280+0000] {logging_mixin.py:190} INFO - [2025-04-23T16:19:27.280+0000] {dag.py:4180} INFO - Setting next_dagrun for TFL_DATA_DAG to 2025-04-23 00:00:00+00:00, run_after=2025-04-24 00:00:00+00:00
[2025-04-23T16:19:27.292+0000] {processor.py:208} INFO - Processing /opt/airflow/dags/my_dag.py took 0.065 seconds
[2025-04-23T16:19:57.670+0000] {processor.py:186} INFO - Started process (PID=10452) to work on /opt/airflow/dags/my_dag.py
[2025-04-23T16:19:57.674+0000] {processor.py:914} INFO - Processing file /opt/airflow/dags/my_dag.py for tasks to queue
[2025-04-23T16:19:57.678+0000] {logging_mixin.py:190} INFO - [2025-04-23T16:19:57.678+0000] {dagbag.py:588} INFO - Filling up the DagBag from /opt/airflow/dags/my_dag.py
[2025-04-23T16:19:57.727+0000] {processor.py:925} INFO - DAG(s) 'TFL_DATA_DAG' retrieved from /opt/airflow/dags/my_dag.py
[2025-04-23T16:19:57.743+0000] {logging_mixin.py:190} INFO - [2025-04-23T16:19:57.742+0000] {dag.py:3239} INFO - Sync 1 DAGs
[2025-04-23T16:19:57.757+0000] {logging_mixin.py:190} INFO - [2025-04-23T16:19:57.757+0000] {dag.py:4180} INFO - Setting next_dagrun for TFL_DATA_DAG to 2025-04-23 00:00:00+00:00, run_after=2025-04-24 00:00:00+00:00
[2025-04-23T16:19:57.769+0000] {processor.py:208} INFO - Processing /opt/airflow/dags/my_dag.py took 0.105 seconds
[2025-04-23T16:20:28.064+0000] {processor.py:186} INFO - Started process (PID=10473) to work on /opt/airflow/dags/my_dag.py
[2025-04-23T16:20:28.066+0000] {processor.py:914} INFO - Processing file /opt/airflow/dags/my_dag.py for tasks to queue
[2025-04-23T16:20:28.069+0000] {logging_mixin.py:190} INFO - [2025-04-23T16:20:28.069+0000] {dagbag.py:588} INFO - Filling up the DagBag from /opt/airflow/dags/my_dag.py
[2025-04-23T16:20:28.100+0000] {processor.py:925} INFO - DAG(s) 'TFL_DATA_DAG' retrieved from /opt/airflow/dags/my_dag.py
[2025-04-23T16:20:28.115+0000] {logging_mixin.py:190} INFO - [2025-04-23T16:20:28.115+0000] {dag.py:3239} INFO - Sync 1 DAGs
[2025-04-23T16:20:28.132+0000] {logging_mixin.py:190} INFO - [2025-04-23T16:20:28.132+0000] {dag.py:4180} INFO - Setting next_dagrun for TFL_DATA_DAG to 2025-04-23 00:00:00+00:00, run_after=2025-04-24 00:00:00+00:00
[2025-04-23T16:20:28.143+0000] {processor.py:208} INFO - Processing /opt/airflow/dags/my_dag.py took 0.082 seconds
[2025-04-23T16:20:58.417+0000] {processor.py:186} INFO - Started process (PID=10494) to work on /opt/airflow/dags/my_dag.py
[2025-04-23T16:20:58.419+0000] {processor.py:914} INFO - Processing file /opt/airflow/dags/my_dag.py for tasks to queue
[2025-04-23T16:20:58.423+0000] {logging_mixin.py:190} INFO - [2025-04-23T16:20:58.422+0000] {dagbag.py:588} INFO - Filling up the DagBag from /opt/airflow/dags/my_dag.py
[2025-04-23T16:20:58.456+0000] {processor.py:925} INFO - DAG(s) 'TFL_DATA_DAG' retrieved from /opt/airflow/dags/my_dag.py
[2025-04-23T16:20:58.470+0000] {logging_mixin.py:190} INFO - [2025-04-23T16:20:58.470+0000] {dag.py:3239} INFO - Sync 1 DAGs
[2025-04-23T16:20:58.484+0000] {logging_mixin.py:190} INFO - [2025-04-23T16:20:58.484+0000] {dag.py:4180} INFO - Setting next_dagrun for TFL_DATA_DAG to 2025-04-23 00:00:00+00:00, run_after=2025-04-24 00:00:00+00:00
[2025-04-23T16:20:58.497+0000] {processor.py:208} INFO - Processing /opt/airflow/dags/my_dag.py took 0.083 seconds
[2025-04-23T16:21:28.824+0000] {processor.py:186} INFO - Started process (PID=10514) to work on /opt/airflow/dags/my_dag.py
[2025-04-23T16:21:28.825+0000] {processor.py:914} INFO - Processing file /opt/airflow/dags/my_dag.py for tasks to queue
[2025-04-23T16:21:28.828+0000] {logging_mixin.py:190} INFO - [2025-04-23T16:21:28.828+0000] {dagbag.py:588} INFO - Filling up the DagBag from /opt/airflow/dags/my_dag.py
[2025-04-23T16:21:28.845+0000] {processor.py:925} INFO - DAG(s) 'TFL_DATA_DAG' retrieved from /opt/airflow/dags/my_dag.py
[2025-04-23T16:21:28.862+0000] {logging_mixin.py:190} INFO - [2025-04-23T16:21:28.862+0000] {dag.py:3239} INFO - Sync 1 DAGs
[2025-04-23T16:21:28.877+0000] {logging_mixin.py:190} INFO - [2025-04-23T16:21:28.877+0000] {dag.py:4180} INFO - Setting next_dagrun for TFL_DATA_DAG to 2025-04-23 00:00:00+00:00, run_after=2025-04-24 00:00:00+00:00
[2025-04-23T16:21:28.889+0000] {processor.py:208} INFO - Processing /opt/airflow/dags/my_dag.py took 0.068 seconds
[2025-04-23T16:21:59.166+0000] {processor.py:186} INFO - Started process (PID=10535) to work on /opt/airflow/dags/my_dag.py
[2025-04-23T16:21:59.167+0000] {processor.py:914} INFO - Processing file /opt/airflow/dags/my_dag.py for tasks to queue
[2025-04-23T16:21:59.170+0000] {logging_mixin.py:190} INFO - [2025-04-23T16:21:59.170+0000] {dagbag.py:588} INFO - Filling up the DagBag from /opt/airflow/dags/my_dag.py
[2025-04-23T16:21:59.184+0000] {processor.py:925} INFO - DAG(s) 'TFL_DATA_DAG' retrieved from /opt/airflow/dags/my_dag.py
[2025-04-23T16:21:59.199+0000] {logging_mixin.py:190} INFO - [2025-04-23T16:21:59.199+0000] {dag.py:3239} INFO - Sync 1 DAGs
[2025-04-23T16:21:59.214+0000] {logging_mixin.py:190} INFO - [2025-04-23T16:21:59.214+0000] {dag.py:4180} INFO - Setting next_dagrun for TFL_DATA_DAG to 2025-04-23 00:00:00+00:00, run_after=2025-04-24 00:00:00+00:00
[2025-04-23T16:21:59.227+0000] {processor.py:208} INFO - Processing /opt/airflow/dags/my_dag.py took 0.066 seconds
[2025-04-23T16:22:29.486+0000] {processor.py:186} INFO - Started process (PID=10556) to work on /opt/airflow/dags/my_dag.py
[2025-04-23T16:22:29.488+0000] {processor.py:914} INFO - Processing file /opt/airflow/dags/my_dag.py for tasks to queue
[2025-04-23T16:22:29.494+0000] {logging_mixin.py:190} INFO - [2025-04-23T16:22:29.493+0000] {dagbag.py:588} INFO - Filling up the DagBag from /opt/airflow/dags/my_dag.py
[2025-04-23T16:22:29.510+0000] {processor.py:925} INFO - DAG(s) 'TFL_DATA_DAG' retrieved from /opt/airflow/dags/my_dag.py
[2025-04-23T16:22:29.525+0000] {logging_mixin.py:190} INFO - [2025-04-23T16:22:29.525+0000] {dag.py:3239} INFO - Sync 1 DAGs
[2025-04-23T16:22:29.540+0000] {logging_mixin.py:190} INFO - [2025-04-23T16:22:29.540+0000] {dag.py:4180} INFO - Setting next_dagrun for TFL_DATA_DAG to 2025-04-23 00:00:00+00:00, run_after=2025-04-24 00:00:00+00:00
[2025-04-23T16:22:29.552+0000] {processor.py:208} INFO - Processing /opt/airflow/dags/my_dag.py took 0.069 seconds
[2025-04-23T16:22:59.857+0000] {processor.py:186} INFO - Started process (PID=10577) to work on /opt/airflow/dags/my_dag.py
[2025-04-23T16:22:59.863+0000] {processor.py:914} INFO - Processing file /opt/airflow/dags/my_dag.py for tasks to queue
[2025-04-23T16:22:59.868+0000] {logging_mixin.py:190} INFO - [2025-04-23T16:22:59.867+0000] {dagbag.py:588} INFO - Filling up the DagBag from /opt/airflow/dags/my_dag.py
[2025-04-23T16:22:59.915+0000] {processor.py:925} INFO - DAG(s) 'TFL_DATA_DAG' retrieved from /opt/airflow/dags/my_dag.py
[2025-04-23T16:22:59.930+0000] {logging_mixin.py:190} INFO - [2025-04-23T16:22:59.929+0000] {dag.py:3239} INFO - Sync 1 DAGs
[2025-04-23T16:22:59.942+0000] {logging_mixin.py:190} INFO - [2025-04-23T16:22:59.942+0000] {dag.py:4180} INFO - Setting next_dagrun for TFL_DATA_DAG to 2025-04-23 00:00:00+00:00, run_after=2025-04-24 00:00:00+00:00
[2025-04-23T16:22:59.954+0000] {processor.py:208} INFO - Processing /opt/airflow/dags/my_dag.py took 0.104 seconds
[2025-04-23T16:23:30.121+0000] {processor.py:186} INFO - Started process (PID=10598) to work on /opt/airflow/dags/my_dag.py
[2025-04-23T16:23:30.127+0000] {processor.py:914} INFO - Processing file /opt/airflow/dags/my_dag.py for tasks to queue
[2025-04-23T16:23:30.129+0000] {logging_mixin.py:190} INFO - [2025-04-23T16:23:30.129+0000] {dagbag.py:588} INFO - Filling up the DagBag from /opt/airflow/dags/my_dag.py
[2025-04-23T16:23:30.144+0000] {processor.py:925} INFO - DAG(s) 'TFL_DATA_DAG' retrieved from /opt/airflow/dags/my_dag.py
[2025-04-23T16:23:30.157+0000] {logging_mixin.py:190} INFO - [2025-04-23T16:23:30.157+0000] {dag.py:3239} INFO - Sync 1 DAGs
[2025-04-23T16:23:30.170+0000] {logging_mixin.py:190} INFO - [2025-04-23T16:23:30.170+0000] {dag.py:4180} INFO - Setting next_dagrun for TFL_DATA_DAG to 2025-04-23 00:00:00+00:00, run_after=2025-04-24 00:00:00+00:00
[2025-04-23T16:23:30.183+0000] {processor.py:208} INFO - Processing /opt/airflow/dags/my_dag.py took 0.065 seconds
[2025-04-23T16:24:00.541+0000] {processor.py:186} INFO - Started process (PID=10618) to work on /opt/airflow/dags/my_dag.py
[2025-04-23T16:24:00.542+0000] {processor.py:914} INFO - Processing file /opt/airflow/dags/my_dag.py for tasks to queue
[2025-04-23T16:24:00.546+0000] {logging_mixin.py:190} INFO - [2025-04-23T16:24:00.546+0000] {dagbag.py:588} INFO - Filling up the DagBag from /opt/airflow/dags/my_dag.py
[2025-04-23T16:24:00.563+0000] {processor.py:925} INFO - DAG(s) 'TFL_DATA_DAG' retrieved from /opt/airflow/dags/my_dag.py
[2025-04-23T16:24:00.582+0000] {logging_mixin.py:190} INFO - [2025-04-23T16:24:00.581+0000] {dag.py:3239} INFO - Sync 1 DAGs
[2025-04-23T16:24:00.598+0000] {logging_mixin.py:190} INFO - [2025-04-23T16:24:00.598+0000] {dag.py:4180} INFO - Setting next_dagrun for TFL_DATA_DAG to 2025-04-23 00:00:00+00:00, run_after=2025-04-24 00:00:00+00:00
[2025-04-23T16:24:00.609+0000] {processor.py:208} INFO - Processing /opt/airflow/dags/my_dag.py took 0.073 seconds
[2025-04-23T16:24:30.881+0000] {processor.py:186} INFO - Started process (PID=10639) to work on /opt/airflow/dags/my_dag.py
[2025-04-23T16:24:30.884+0000] {processor.py:914} INFO - Processing file /opt/airflow/dags/my_dag.py for tasks to queue
[2025-04-23T16:24:30.887+0000] {logging_mixin.py:190} INFO - [2025-04-23T16:24:30.887+0000] {dagbag.py:588} INFO - Filling up the DagBag from /opt/airflow/dags/my_dag.py
[2025-04-23T16:24:30.905+0000] {processor.py:925} INFO - DAG(s) 'TFL_DATA_DAG' retrieved from /opt/airflow/dags/my_dag.py
[2025-04-23T16:24:30.920+0000] {logging_mixin.py:190} INFO - [2025-04-23T16:24:30.920+0000] {dag.py:3239} INFO - Sync 1 DAGs
[2025-04-23T16:24:30.935+0000] {logging_mixin.py:190} INFO - [2025-04-23T16:24:30.935+0000] {dag.py:4180} INFO - Setting next_dagrun for TFL_DATA_DAG to 2025-04-23 00:00:00+00:00, run_after=2025-04-24 00:00:00+00:00
[2025-04-23T16:24:30.948+0000] {processor.py:208} INFO - Processing /opt/airflow/dags/my_dag.py took 0.070 seconds
[2025-04-23T16:25:01.214+0000] {processor.py:186} INFO - Started process (PID=10660) to work on /opt/airflow/dags/my_dag.py
[2025-04-23T16:25:01.217+0000] {processor.py:914} INFO - Processing file /opt/airflow/dags/my_dag.py for tasks to queue
[2025-04-23T16:25:01.220+0000] {logging_mixin.py:190} INFO - [2025-04-23T16:25:01.219+0000] {dagbag.py:588} INFO - Filling up the DagBag from /opt/airflow/dags/my_dag.py
[2025-04-23T16:25:01.262+0000] {processor.py:925} INFO - DAG(s) 'TFL_DATA_DAG' retrieved from /opt/airflow/dags/my_dag.py
[2025-04-23T16:25:01.279+0000] {logging_mixin.py:190} INFO - [2025-04-23T16:25:01.279+0000] {dag.py:3239} INFO - Sync 1 DAGs
[2025-04-23T16:25:01.293+0000] {logging_mixin.py:190} INFO - [2025-04-23T16:25:01.293+0000] {dag.py:4180} INFO - Setting next_dagrun for TFL_DATA_DAG to 2025-04-23 00:00:00+00:00, run_after=2025-04-24 00:00:00+00:00
[2025-04-23T16:25:01.308+0000] {processor.py:208} INFO - Processing /opt/airflow/dags/my_dag.py took 0.097 seconds
[2025-04-23T16:25:31.553+0000] {processor.py:186} INFO - Started process (PID=10681) to work on /opt/airflow/dags/my_dag.py
[2025-04-23T16:25:31.554+0000] {processor.py:914} INFO - Processing file /opt/airflow/dags/my_dag.py for tasks to queue
[2025-04-23T16:25:31.557+0000] {logging_mixin.py:190} INFO - [2025-04-23T16:25:31.556+0000] {dagbag.py:588} INFO - Filling up the DagBag from /opt/airflow/dags/my_dag.py
[2025-04-23T16:25:31.571+0000] {processor.py:925} INFO - DAG(s) 'TFL_DATA_DAG' retrieved from /opt/airflow/dags/my_dag.py
[2025-04-23T16:25:31.588+0000] {logging_mixin.py:190} INFO - [2025-04-23T16:25:31.588+0000] {dag.py:3239} INFO - Sync 1 DAGs
[2025-04-23T16:25:31.602+0000] {logging_mixin.py:190} INFO - [2025-04-23T16:25:31.602+0000] {dag.py:4180} INFO - Setting next_dagrun for TFL_DATA_DAG to 2025-04-23 00:00:00+00:00, run_after=2025-04-24 00:00:00+00:00
[2025-04-23T16:25:31.613+0000] {processor.py:208} INFO - Processing /opt/airflow/dags/my_dag.py took 0.063 seconds
[2025-04-23T16:26:01.923+0000] {processor.py:186} INFO - Started process (PID=10702) to work on /opt/airflow/dags/my_dag.py
[2025-04-23T16:26:01.925+0000] {processor.py:914} INFO - Processing file /opt/airflow/dags/my_dag.py for tasks to queue
[2025-04-23T16:26:01.929+0000] {logging_mixin.py:190} INFO - [2025-04-23T16:26:01.929+0000] {dagbag.py:588} INFO - Filling up the DagBag from /opt/airflow/dags/my_dag.py
[2025-04-23T16:26:01.962+0000] {processor.py:925} INFO - DAG(s) 'TFL_DATA_DAG' retrieved from /opt/airflow/dags/my_dag.py
[2025-04-23T16:26:01.979+0000] {logging_mixin.py:190} INFO - [2025-04-23T16:26:01.978+0000] {dag.py:3239} INFO - Sync 1 DAGs
[2025-04-23T16:26:01.993+0000] {logging_mixin.py:190} INFO - [2025-04-23T16:26:01.993+0000] {dag.py:4180} INFO - Setting next_dagrun for TFL_DATA_DAG to 2025-04-23 00:00:00+00:00, run_after=2025-04-24 00:00:00+00:00
[2025-04-23T16:26:02.006+0000] {processor.py:208} INFO - Processing /opt/airflow/dags/my_dag.py took 0.089 seconds
[2025-04-23T16:26:32.277+0000] {processor.py:186} INFO - Started process (PID=10723) to work on /opt/airflow/dags/my_dag.py
[2025-04-23T16:26:32.278+0000] {processor.py:914} INFO - Processing file /opt/airflow/dags/my_dag.py for tasks to queue
[2025-04-23T16:26:32.280+0000] {logging_mixin.py:190} INFO - [2025-04-23T16:26:32.279+0000] {dagbag.py:588} INFO - Filling up the DagBag from /opt/airflow/dags/my_dag.py
[2025-04-23T16:26:32.309+0000] {processor.py:925} INFO - DAG(s) 'TFL_DATA_DAG' retrieved from /opt/airflow/dags/my_dag.py
[2025-04-23T16:26:32.326+0000] {logging_mixin.py:190} INFO - [2025-04-23T16:26:32.326+0000] {dag.py:3239} INFO - Sync 1 DAGs
[2025-04-23T16:26:32.339+0000] {logging_mixin.py:190} INFO - [2025-04-23T16:26:32.339+0000] {dag.py:4180} INFO - Setting next_dagrun for TFL_DATA_DAG to 2025-04-23 00:00:00+00:00, run_after=2025-04-24 00:00:00+00:00
[2025-04-23T16:26:32.353+0000] {processor.py:208} INFO - Processing /opt/airflow/dags/my_dag.py took 0.080 seconds
[2025-04-23T16:27:02.629+0000] {processor.py:186} INFO - Started process (PID=10744) to work on /opt/airflow/dags/my_dag.py
[2025-04-23T16:27:02.632+0000] {processor.py:914} INFO - Processing file /opt/airflow/dags/my_dag.py for tasks to queue
[2025-04-23T16:27:02.636+0000] {logging_mixin.py:190} INFO - [2025-04-23T16:27:02.635+0000] {dagbag.py:588} INFO - Filling up the DagBag from /opt/airflow/dags/my_dag.py
[2025-04-23T16:27:02.675+0000] {processor.py:925} INFO - DAG(s) 'TFL_DATA_DAG' retrieved from /opt/airflow/dags/my_dag.py
[2025-04-23T16:27:02.691+0000] {logging_mixin.py:190} INFO - [2025-04-23T16:27:02.691+0000] {dag.py:3239} INFO - Sync 1 DAGs
[2025-04-23T16:27:02.709+0000] {logging_mixin.py:190} INFO - [2025-04-23T16:27:02.708+0000] {dag.py:4180} INFO - Setting next_dagrun for TFL_DATA_DAG to 2025-04-23 00:00:00+00:00, run_after=2025-04-24 00:00:00+00:00
[2025-04-23T16:27:02.724+0000] {processor.py:208} INFO - Processing /opt/airflow/dags/my_dag.py took 0.100 seconds
[2025-04-23T16:27:32.993+0000] {processor.py:186} INFO - Started process (PID=10765) to work on /opt/airflow/dags/my_dag.py
[2025-04-23T16:27:32.998+0000] {processor.py:914} INFO - Processing file /opt/airflow/dags/my_dag.py for tasks to queue
[2025-04-23T16:27:33.001+0000] {logging_mixin.py:190} INFO - [2025-04-23T16:27:33.000+0000] {dagbag.py:588} INFO - Filling up the DagBag from /opt/airflow/dags/my_dag.py
[2025-04-23T16:27:33.038+0000] {processor.py:925} INFO - DAG(s) 'TFL_DATA_DAG' retrieved from /opt/airflow/dags/my_dag.py
[2025-04-23T16:27:33.054+0000] {logging_mixin.py:190} INFO - [2025-04-23T16:27:33.054+0000] {dag.py:3239} INFO - Sync 1 DAGs
[2025-04-23T16:27:33.070+0000] {logging_mixin.py:190} INFO - [2025-04-23T16:27:33.069+0000] {dag.py:4180} INFO - Setting next_dagrun for TFL_DATA_DAG to 2025-04-23 00:00:00+00:00, run_after=2025-04-24 00:00:00+00:00
[2025-04-23T16:27:33.087+0000] {processor.py:208} INFO - Processing /opt/airflow/dags/my_dag.py took 0.099 seconds
[2025-04-23T16:28:03.429+0000] {processor.py:186} INFO - Started process (PID=10786) to work on /opt/airflow/dags/my_dag.py
[2025-04-23T16:28:03.434+0000] {processor.py:914} INFO - Processing file /opt/airflow/dags/my_dag.py for tasks to queue
[2025-04-23T16:28:03.441+0000] {logging_mixin.py:190} INFO - [2025-04-23T16:28:03.440+0000] {dagbag.py:588} INFO - Filling up the DagBag from /opt/airflow/dags/my_dag.py
[2025-04-23T16:28:03.488+0000] {processor.py:925} INFO - DAG(s) 'TFL_DATA_DAG' retrieved from /opt/airflow/dags/my_dag.py
[2025-04-23T16:28:03.506+0000] {logging_mixin.py:190} INFO - [2025-04-23T16:28:03.506+0000] {dag.py:3239} INFO - Sync 1 DAGs
[2025-04-23T16:28:03.521+0000] {logging_mixin.py:190} INFO - [2025-04-23T16:28:03.521+0000] {dag.py:4180} INFO - Setting next_dagrun for TFL_DATA_DAG to 2025-04-23 00:00:00+00:00, run_after=2025-04-24 00:00:00+00:00
[2025-04-23T16:28:03.533+0000] {processor.py:208} INFO - Processing /opt/airflow/dags/my_dag.py took 0.108 seconds
[2025-04-23T16:28:33.744+0000] {processor.py:186} INFO - Started process (PID=10807) to work on /opt/airflow/dags/my_dag.py
[2025-04-23T16:28:33.747+0000] {processor.py:914} INFO - Processing file /opt/airflow/dags/my_dag.py for tasks to queue
[2025-04-23T16:28:33.750+0000] {logging_mixin.py:190} INFO - [2025-04-23T16:28:33.750+0000] {dagbag.py:588} INFO - Filling up the DagBag from /opt/airflow/dags/my_dag.py
[2025-04-23T16:28:33.784+0000] {processor.py:925} INFO - DAG(s) 'TFL_DATA_DAG' retrieved from /opt/airflow/dags/my_dag.py
[2025-04-23T16:28:33.802+0000] {logging_mixin.py:190} INFO - [2025-04-23T16:28:33.801+0000] {dag.py:3239} INFO - Sync 1 DAGs
[2025-04-23T16:28:33.816+0000] {logging_mixin.py:190} INFO - [2025-04-23T16:28:33.816+0000] {dag.py:4180} INFO - Setting next_dagrun for TFL_DATA_DAG to 2025-04-23 00:00:00+00:00, run_after=2025-04-24 00:00:00+00:00
[2025-04-23T16:28:33.828+0000] {processor.py:208} INFO - Processing /opt/airflow/dags/my_dag.py took 0.088 seconds
[2025-04-23T16:29:04.070+0000] {processor.py:186} INFO - Started process (PID=10828) to work on /opt/airflow/dags/my_dag.py
[2025-04-23T16:29:04.073+0000] {processor.py:914} INFO - Processing file /opt/airflow/dags/my_dag.py for tasks to queue
[2025-04-23T16:29:04.075+0000] {logging_mixin.py:190} INFO - [2025-04-23T16:29:04.075+0000] {dagbag.py:588} INFO - Filling up the DagBag from /opt/airflow/dags/my_dag.py
[2025-04-23T16:29:04.109+0000] {processor.py:925} INFO - DAG(s) 'TFL_DATA_DAG' retrieved from /opt/airflow/dags/my_dag.py
[2025-04-23T16:29:04.135+0000] {logging_mixin.py:190} INFO - [2025-04-23T16:29:04.135+0000] {dag.py:3239} INFO - Sync 1 DAGs
[2025-04-23T16:29:04.150+0000] {logging_mixin.py:190} INFO - [2025-04-23T16:29:04.149+0000] {dag.py:4180} INFO - Setting next_dagrun for TFL_DATA_DAG to 2025-04-23 00:00:00+00:00, run_after=2025-04-24 00:00:00+00:00
[2025-04-23T16:29:04.171+0000] {processor.py:208} INFO - Processing /opt/airflow/dags/my_dag.py took 0.104 seconds
[2025-04-23T16:29:34.403+0000] {processor.py:186} INFO - Started process (PID=10849) to work on /opt/airflow/dags/my_dag.py
[2025-04-23T16:29:34.405+0000] {processor.py:914} INFO - Processing file /opt/airflow/dags/my_dag.py for tasks to queue
[2025-04-23T16:29:34.408+0000] {logging_mixin.py:190} INFO - [2025-04-23T16:29:34.408+0000] {dagbag.py:588} INFO - Filling up the DagBag from /opt/airflow/dags/my_dag.py
[2025-04-23T16:29:34.442+0000] {processor.py:925} INFO - DAG(s) 'TFL_DATA_DAG' retrieved from /opt/airflow/dags/my_dag.py
[2025-04-23T16:29:34.460+0000] {logging_mixin.py:190} INFO - [2025-04-23T16:29:34.460+0000] {dag.py:3239} INFO - Sync 1 DAGs
[2025-04-23T16:29:34.476+0000] {logging_mixin.py:190} INFO - [2025-04-23T16:29:34.476+0000] {dag.py:4180} INFO - Setting next_dagrun for TFL_DATA_DAG to 2025-04-23 00:00:00+00:00, run_after=2025-04-24 00:00:00+00:00
[2025-04-23T16:29:34.487+0000] {processor.py:208} INFO - Processing /opt/airflow/dags/my_dag.py took 0.088 seconds
[2025-04-23T16:30:04.871+0000] {processor.py:186} INFO - Started process (PID=10870) to work on /opt/airflow/dags/my_dag.py
[2025-04-23T16:30:04.872+0000] {processor.py:914} INFO - Processing file /opt/airflow/dags/my_dag.py for tasks to queue
[2025-04-23T16:30:04.878+0000] {logging_mixin.py:190} INFO - [2025-04-23T16:30:04.878+0000] {dagbag.py:588} INFO - Filling up the DagBag from /opt/airflow/dags/my_dag.py
[2025-04-23T16:30:04.912+0000] {processor.py:925} INFO - DAG(s) 'TFL_DATA_DAG' retrieved from /opt/airflow/dags/my_dag.py
[2025-04-23T16:30:04.928+0000] {logging_mixin.py:190} INFO - [2025-04-23T16:30:04.927+0000] {dag.py:3239} INFO - Sync 1 DAGs
[2025-04-23T16:30:04.943+0000] {logging_mixin.py:190} INFO - [2025-04-23T16:30:04.943+0000] {dag.py:4180} INFO - Setting next_dagrun for TFL_DATA_DAG to 2025-04-23 00:00:00+00:00, run_after=2025-04-24 00:00:00+00:00
[2025-04-23T16:30:04.957+0000] {processor.py:208} INFO - Processing /opt/airflow/dags/my_dag.py took 0.091 seconds
[2025-04-23T16:30:35.203+0000] {processor.py:186} INFO - Started process (PID=10891) to work on /opt/airflow/dags/my_dag.py
[2025-04-23T16:30:35.205+0000] {processor.py:914} INFO - Processing file /opt/airflow/dags/my_dag.py for tasks to queue
[2025-04-23T16:30:35.208+0000] {logging_mixin.py:190} INFO - [2025-04-23T16:30:35.208+0000] {dagbag.py:588} INFO - Filling up the DagBag from /opt/airflow/dags/my_dag.py
[2025-04-23T16:30:35.240+0000] {processor.py:925} INFO - DAG(s) 'TFL_DATA_DAG' retrieved from /opt/airflow/dags/my_dag.py
[2025-04-23T16:30:35.255+0000] {logging_mixin.py:190} INFO - [2025-04-23T16:30:35.255+0000] {dag.py:3239} INFO - Sync 1 DAGs
[2025-04-23T16:30:35.270+0000] {logging_mixin.py:190} INFO - [2025-04-23T16:30:35.270+0000] {dag.py:4180} INFO - Setting next_dagrun for TFL_DATA_DAG to 2025-04-23 00:00:00+00:00, run_after=2025-04-24 00:00:00+00:00
[2025-04-23T16:30:35.284+0000] {processor.py:208} INFO - Processing /opt/airflow/dags/my_dag.py took 0.085 seconds
[2025-04-23T16:31:05.565+0000] {processor.py:186} INFO - Started process (PID=10912) to work on /opt/airflow/dags/my_dag.py
[2025-04-23T16:31:05.569+0000] {processor.py:914} INFO - Processing file /opt/airflow/dags/my_dag.py for tasks to queue
[2025-04-23T16:31:05.575+0000] {logging_mixin.py:190} INFO - [2025-04-23T16:31:05.575+0000] {dagbag.py:588} INFO - Filling up the DagBag from /opt/airflow/dags/my_dag.py
[2025-04-23T16:31:05.617+0000] {processor.py:925} INFO - DAG(s) 'TFL_DATA_DAG' retrieved from /opt/airflow/dags/my_dag.py
[2025-04-23T16:31:05.633+0000] {logging_mixin.py:190} INFO - [2025-04-23T16:31:05.632+0000] {dag.py:3239} INFO - Sync 1 DAGs
[2025-04-23T16:31:05.652+0000] {logging_mixin.py:190} INFO - [2025-04-23T16:31:05.652+0000] {dag.py:4180} INFO - Setting next_dagrun for TFL_DATA_DAG to 2025-04-23 00:00:00+00:00, run_after=2025-04-24 00:00:00+00:00
[2025-04-23T16:31:05.664+0000] {processor.py:208} INFO - Processing /opt/airflow/dags/my_dag.py took 0.103 seconds
[2025-04-23T16:31:35.883+0000] {processor.py:186} INFO - Started process (PID=10933) to work on /opt/airflow/dags/my_dag.py
[2025-04-23T16:31:35.884+0000] {processor.py:914} INFO - Processing file /opt/airflow/dags/my_dag.py for tasks to queue
[2025-04-23T16:31:35.889+0000] {logging_mixin.py:190} INFO - [2025-04-23T16:31:35.889+0000] {dagbag.py:588} INFO - Filling up the DagBag from /opt/airflow/dags/my_dag.py
[2025-04-23T16:31:35.928+0000] {processor.py:925} INFO - DAG(s) 'TFL_DATA_DAG' retrieved from /opt/airflow/dags/my_dag.py
[2025-04-23T16:31:35.944+0000] {logging_mixin.py:190} INFO - [2025-04-23T16:31:35.944+0000] {dag.py:3239} INFO - Sync 1 DAGs
[2025-04-23T16:31:35.958+0000] {logging_mixin.py:190} INFO - [2025-04-23T16:31:35.958+0000] {dag.py:4180} INFO - Setting next_dagrun for TFL_DATA_DAG to 2025-04-23 00:00:00+00:00, run_after=2025-04-24 00:00:00+00:00
[2025-04-23T16:31:35.973+0000] {processor.py:208} INFO - Processing /opt/airflow/dags/my_dag.py took 0.097 seconds
[2025-04-23T16:32:06.253+0000] {processor.py:186} INFO - Started process (PID=10954) to work on /opt/airflow/dags/my_dag.py
[2025-04-23T16:32:06.257+0000] {processor.py:914} INFO - Processing file /opt/airflow/dags/my_dag.py for tasks to queue
[2025-04-23T16:32:06.263+0000] {logging_mixin.py:190} INFO - [2025-04-23T16:32:06.263+0000] {dagbag.py:588} INFO - Filling up the DagBag from /opt/airflow/dags/my_dag.py
[2025-04-23T16:32:06.318+0000] {processor.py:925} INFO - DAG(s) 'TFL_DATA_DAG' retrieved from /opt/airflow/dags/my_dag.py
[2025-04-23T16:32:06.339+0000] {logging_mixin.py:190} INFO - [2025-04-23T16:32:06.339+0000] {dag.py:3239} INFO - Sync 1 DAGs
[2025-04-23T16:32:06.356+0000] {logging_mixin.py:190} INFO - [2025-04-23T16:32:06.356+0000] {dag.py:4180} INFO - Setting next_dagrun for TFL_DATA_DAG to 2025-04-23 00:00:00+00:00, run_after=2025-04-24 00:00:00+00:00
[2025-04-23T16:32:06.377+0000] {processor.py:208} INFO - Processing /opt/airflow/dags/my_dag.py took 0.127 seconds
[2025-04-23T16:32:36.533+0000] {processor.py:186} INFO - Started process (PID=10975) to work on /opt/airflow/dags/my_dag.py
[2025-04-23T16:32:36.533+0000] {processor.py:914} INFO - Processing file /opt/airflow/dags/my_dag.py for tasks to queue
[2025-04-23T16:32:36.538+0000] {logging_mixin.py:190} INFO - [2025-04-23T16:32:36.538+0000] {dagbag.py:588} INFO - Filling up the DagBag from /opt/airflow/dags/my_dag.py
[2025-04-23T16:32:36.552+0000] {processor.py:925} INFO - DAG(s) 'TFL_DATA_DAG' retrieved from /opt/airflow/dags/my_dag.py
[2025-04-23T16:32:36.569+0000] {logging_mixin.py:190} INFO - [2025-04-23T16:32:36.569+0000] {dag.py:3239} INFO - Sync 1 DAGs
[2025-04-23T16:32:36.584+0000] {logging_mixin.py:190} INFO - [2025-04-23T16:32:36.584+0000] {dag.py:4180} INFO - Setting next_dagrun for TFL_DATA_DAG to 2025-04-23 00:00:00+00:00, run_after=2025-04-24 00:00:00+00:00
[2025-04-23T16:32:36.596+0000] {processor.py:208} INFO - Processing /opt/airflow/dags/my_dag.py took 0.066 seconds
[2025-04-23T16:33:06.903+0000] {processor.py:186} INFO - Started process (PID=10996) to work on /opt/airflow/dags/my_dag.py
[2025-04-23T16:33:06.904+0000] {processor.py:914} INFO - Processing file /opt/airflow/dags/my_dag.py for tasks to queue
[2025-04-23T16:33:06.907+0000] {logging_mixin.py:190} INFO - [2025-04-23T16:33:06.906+0000] {dagbag.py:588} INFO - Filling up the DagBag from /opt/airflow/dags/my_dag.py
[2025-04-23T16:33:06.947+0000] {processor.py:925} INFO - DAG(s) 'TFL_DATA_DAG' retrieved from /opt/airflow/dags/my_dag.py
[2025-04-23T16:33:06.969+0000] {logging_mixin.py:190} INFO - [2025-04-23T16:33:06.968+0000] {dag.py:3239} INFO - Sync 1 DAGs
[2025-04-23T16:33:06.983+0000] {logging_mixin.py:190} INFO - [2025-04-23T16:33:06.982+0000] {dag.py:4180} INFO - Setting next_dagrun for TFL_DATA_DAG to 2025-04-23 00:00:00+00:00, run_after=2025-04-24 00:00:00+00:00
[2025-04-23T16:33:06.997+0000] {processor.py:208} INFO - Processing /opt/airflow/dags/my_dag.py took 0.098 seconds
[2025-04-23T16:33:37.282+0000] {processor.py:186} INFO - Started process (PID=11023) to work on /opt/airflow/dags/my_dag.py
[2025-04-23T16:33:37.283+0000] {processor.py:914} INFO - Processing file /opt/airflow/dags/my_dag.py for tasks to queue
[2025-04-23T16:33:37.285+0000] {logging_mixin.py:190} INFO - [2025-04-23T16:33:37.285+0000] {dagbag.py:588} INFO - Filling up the DagBag from /opt/airflow/dags/my_dag.py
[2025-04-23T16:33:37.296+0000] {processor.py:925} INFO - DAG(s) 'TFL_DATA_DAG' retrieved from /opt/airflow/dags/my_dag.py
[2025-04-23T16:33:37.310+0000] {logging_mixin.py:190} INFO - [2025-04-23T16:33:37.310+0000] {dag.py:3239} INFO - Sync 1 DAGs
[2025-04-23T16:33:37.323+0000] {logging_mixin.py:190} INFO - [2025-04-23T16:33:37.323+0000] {dag.py:4180} INFO - Setting next_dagrun for TFL_DATA_DAG to 2025-04-23 00:00:00+00:00, run_after=2025-04-24 00:00:00+00:00
[2025-04-23T16:33:37.334+0000] {processor.py:208} INFO - Processing /opt/airflow/dags/my_dag.py took 0.055 seconds
[2025-04-23T16:34:07.621+0000] {processor.py:186} INFO - Started process (PID=11044) to work on /opt/airflow/dags/my_dag.py
[2025-04-23T16:34:07.622+0000] {processor.py:914} INFO - Processing file /opt/airflow/dags/my_dag.py for tasks to queue
[2025-04-23T16:34:07.623+0000] {logging_mixin.py:190} INFO - [2025-04-23T16:34:07.623+0000] {dagbag.py:588} INFO - Filling up the DagBag from /opt/airflow/dags/my_dag.py
[2025-04-23T16:34:07.637+0000] {processor.py:925} INFO - DAG(s) 'TFL_DATA_DAG' retrieved from /opt/airflow/dags/my_dag.py
[2025-04-23T16:34:07.653+0000] {logging_mixin.py:190} INFO - [2025-04-23T16:34:07.652+0000] {dag.py:3239} INFO - Sync 1 DAGs
[2025-04-23T16:34:07.667+0000] {logging_mixin.py:190} INFO - [2025-04-23T16:34:07.667+0000] {dag.py:4180} INFO - Setting next_dagrun for TFL_DATA_DAG to 2025-04-23 00:00:00+00:00, run_after=2025-04-24 00:00:00+00:00
[2025-04-23T16:34:07.679+0000] {processor.py:208} INFO - Processing /opt/airflow/dags/my_dag.py took 0.062 seconds
[2025-04-23T16:34:38.003+0000] {processor.py:186} INFO - Started process (PID=11065) to work on /opt/airflow/dags/my_dag.py
[2025-04-23T16:34:38.005+0000] {processor.py:914} INFO - Processing file /opt/airflow/dags/my_dag.py for tasks to queue
[2025-04-23T16:34:38.006+0000] {logging_mixin.py:190} INFO - [2025-04-23T16:34:38.006+0000] {dagbag.py:588} INFO - Filling up the DagBag from /opt/airflow/dags/my_dag.py
[2025-04-23T16:34:38.021+0000] {processor.py:925} INFO - DAG(s) 'TFL_DATA_DAG' retrieved from /opt/airflow/dags/my_dag.py
[2025-04-23T16:34:38.035+0000] {logging_mixin.py:190} INFO - [2025-04-23T16:34:38.035+0000] {dag.py:3239} INFO - Sync 1 DAGs
[2025-04-23T16:34:38.048+0000] {logging_mixin.py:190} INFO - [2025-04-23T16:34:38.048+0000] {dag.py:4180} INFO - Setting next_dagrun for TFL_DATA_DAG to 2025-04-23 00:00:00+00:00, run_after=2025-04-24 00:00:00+00:00
[2025-04-23T16:34:38.062+0000] {processor.py:208} INFO - Processing /opt/airflow/dags/my_dag.py took 0.066 seconds
[2025-04-23T16:35:08.428+0000] {processor.py:186} INFO - Started process (PID=11086) to work on /opt/airflow/dags/my_dag.py
[2025-04-23T16:35:08.431+0000] {processor.py:914} INFO - Processing file /opt/airflow/dags/my_dag.py for tasks to queue
[2025-04-23T16:35:08.435+0000] {logging_mixin.py:190} INFO - [2025-04-23T16:35:08.434+0000] {dagbag.py:588} INFO - Filling up the DagBag from /opt/airflow/dags/my_dag.py
[2025-04-23T16:35:08.471+0000] {processor.py:925} INFO - DAG(s) 'TFL_DATA_DAG' retrieved from /opt/airflow/dags/my_dag.py
[2025-04-23T16:35:08.486+0000] {logging_mixin.py:190} INFO - [2025-04-23T16:35:08.485+0000] {dag.py:3239} INFO - Sync 1 DAGs
[2025-04-23T16:35:08.501+0000] {logging_mixin.py:190} INFO - [2025-04-23T16:35:08.501+0000] {dag.py:4180} INFO - Setting next_dagrun for TFL_DATA_DAG to 2025-04-23 00:00:00+00:00, run_after=2025-04-24 00:00:00+00:00
[2025-04-23T16:35:08.517+0000] {processor.py:208} INFO - Processing /opt/airflow/dags/my_dag.py took 0.096 seconds
[2025-04-23T16:35:38.711+0000] {processor.py:186} INFO - Started process (PID=11107) to work on /opt/airflow/dags/my_dag.py
[2025-04-23T16:35:38.715+0000] {processor.py:914} INFO - Processing file /opt/airflow/dags/my_dag.py for tasks to queue
[2025-04-23T16:35:38.717+0000] {logging_mixin.py:190} INFO - [2025-04-23T16:35:38.717+0000] {dagbag.py:588} INFO - Filling up the DagBag from /opt/airflow/dags/my_dag.py
[2025-04-23T16:35:38.736+0000] {processor.py:925} INFO - DAG(s) 'TFL_DATA_DAG' retrieved from /opt/airflow/dags/my_dag.py
[2025-04-23T16:35:38.751+0000] {logging_mixin.py:190} INFO - [2025-04-23T16:35:38.751+0000] {dag.py:3239} INFO - Sync 1 DAGs
[2025-04-23T16:35:38.765+0000] {logging_mixin.py:190} INFO - [2025-04-23T16:35:38.765+0000] {dag.py:4180} INFO - Setting next_dagrun for TFL_DATA_DAG to 2025-04-23 00:00:00+00:00, run_after=2025-04-24 00:00:00+00:00
[2025-04-23T16:35:38.777+0000] {processor.py:208} INFO - Processing /opt/airflow/dags/my_dag.py took 0.070 seconds
[2025-04-23T16:36:09.110+0000] {processor.py:186} INFO - Started process (PID=11128) to work on /opt/airflow/dags/my_dag.py
[2025-04-23T16:36:09.112+0000] {processor.py:914} INFO - Processing file /opt/airflow/dags/my_dag.py for tasks to queue
[2025-04-23T16:36:09.114+0000] {logging_mixin.py:190} INFO - [2025-04-23T16:36:09.114+0000] {dagbag.py:588} INFO - Filling up the DagBag from /opt/airflow/dags/my_dag.py
[2025-04-23T16:36:09.150+0000] {processor.py:925} INFO - DAG(s) 'TFL_DATA_DAG' retrieved from /opt/airflow/dags/my_dag.py
[2025-04-23T16:36:09.168+0000] {logging_mixin.py:190} INFO - [2025-04-23T16:36:09.168+0000] {dag.py:3239} INFO - Sync 1 DAGs
[2025-04-23T16:36:09.183+0000] {logging_mixin.py:190} INFO - [2025-04-23T16:36:09.183+0000] {dag.py:4180} INFO - Setting next_dagrun for TFL_DATA_DAG to 2025-04-23 00:00:00+00:00, run_after=2025-04-24 00:00:00+00:00
[2025-04-23T16:36:09.197+0000] {processor.py:208} INFO - Processing /opt/airflow/dags/my_dag.py took 0.092 seconds
[2025-04-23T16:36:39.480+0000] {processor.py:186} INFO - Started process (PID=11149) to work on /opt/airflow/dags/my_dag.py
[2025-04-23T16:36:39.482+0000] {processor.py:914} INFO - Processing file /opt/airflow/dags/my_dag.py for tasks to queue
[2025-04-23T16:36:39.485+0000] {logging_mixin.py:190} INFO - [2025-04-23T16:36:39.485+0000] {dagbag.py:588} INFO - Filling up the DagBag from /opt/airflow/dags/my_dag.py
[2025-04-23T16:36:39.499+0000] {processor.py:925} INFO - DAG(s) 'TFL_DATA_DAG' retrieved from /opt/airflow/dags/my_dag.py
[2025-04-23T16:36:39.513+0000] {logging_mixin.py:190} INFO - [2025-04-23T16:36:39.513+0000] {dag.py:3239} INFO - Sync 1 DAGs
[2025-04-23T16:36:39.528+0000] {logging_mixin.py:190} INFO - [2025-04-23T16:36:39.528+0000] {dag.py:4180} INFO - Setting next_dagrun for TFL_DATA_DAG to 2025-04-23 00:00:00+00:00, run_after=2025-04-24 00:00:00+00:00
[2025-04-23T16:36:39.540+0000] {processor.py:208} INFO - Processing /opt/airflow/dags/my_dag.py took 0.066 seconds
[2025-04-23T16:37:09.799+0000] {processor.py:186} INFO - Started process (PID=11170) to work on /opt/airflow/dags/my_dag.py
[2025-04-23T16:37:09.800+0000] {processor.py:914} INFO - Processing file /opt/airflow/dags/my_dag.py for tasks to queue
[2025-04-23T16:37:09.802+0000] {logging_mixin.py:190} INFO - [2025-04-23T16:37:09.802+0000] {dagbag.py:588} INFO - Filling up the DagBag from /opt/airflow/dags/my_dag.py
[2025-04-23T16:37:09.815+0000] {processor.py:925} INFO - DAG(s) 'TFL_DATA_DAG' retrieved from /opt/airflow/dags/my_dag.py
[2025-04-23T16:37:09.830+0000] {logging_mixin.py:190} INFO - [2025-04-23T16:37:09.830+0000] {dag.py:3239} INFO - Sync 1 DAGs
[2025-04-23T16:37:09.845+0000] {logging_mixin.py:190} INFO - [2025-04-23T16:37:09.844+0000] {dag.py:4180} INFO - Setting next_dagrun for TFL_DATA_DAG to 2025-04-23 00:00:00+00:00, run_after=2025-04-24 00:00:00+00:00
[2025-04-23T16:37:09.857+0000] {processor.py:208} INFO - Processing /opt/airflow/dags/my_dag.py took 0.061 seconds
[2025-04-23T16:37:40.145+0000] {processor.py:186} INFO - Started process (PID=11191) to work on /opt/airflow/dags/my_dag.py
[2025-04-23T16:37:40.146+0000] {processor.py:914} INFO - Processing file /opt/airflow/dags/my_dag.py for tasks to queue
[2025-04-23T16:37:40.149+0000] {logging_mixin.py:190} INFO - [2025-04-23T16:37:40.149+0000] {dagbag.py:588} INFO - Filling up the DagBag from /opt/airflow/dags/my_dag.py
[2025-04-23T16:37:40.162+0000] {processor.py:925} INFO - DAG(s) 'TFL_DATA_DAG' retrieved from /opt/airflow/dags/my_dag.py
[2025-04-23T16:37:40.175+0000] {logging_mixin.py:190} INFO - [2025-04-23T16:37:40.174+0000] {dag.py:3239} INFO - Sync 1 DAGs
[2025-04-23T16:37:40.188+0000] {logging_mixin.py:190} INFO - [2025-04-23T16:37:40.188+0000] {dag.py:4180} INFO - Setting next_dagrun for TFL_DATA_DAG to 2025-04-23 00:00:00+00:00, run_after=2025-04-24 00:00:00+00:00
[2025-04-23T16:37:40.202+0000] {processor.py:208} INFO - Processing /opt/airflow/dags/my_dag.py took 0.063 seconds
[2025-04-23T16:38:10.486+0000] {processor.py:186} INFO - Started process (PID=11212) to work on /opt/airflow/dags/my_dag.py
[2025-04-23T16:38:10.488+0000] {processor.py:914} INFO - Processing file /opt/airflow/dags/my_dag.py for tasks to queue
[2025-04-23T16:38:10.494+0000] {logging_mixin.py:190} INFO - [2025-04-23T16:38:10.494+0000] {dagbag.py:588} INFO - Filling up the DagBag from /opt/airflow/dags/my_dag.py
[2025-04-23T16:38:10.528+0000] {processor.py:925} INFO - DAG(s) 'TFL_DATA_DAG' retrieved from /opt/airflow/dags/my_dag.py
[2025-04-23T16:38:10.543+0000] {logging_mixin.py:190} INFO - [2025-04-23T16:38:10.542+0000] {dag.py:3239} INFO - Sync 1 DAGs
[2025-04-23T16:38:10.557+0000] {logging_mixin.py:190} INFO - [2025-04-23T16:38:10.557+0000] {dag.py:4180} INFO - Setting next_dagrun for TFL_DATA_DAG to 2025-04-23 00:00:00+00:00, run_after=2025-04-24 00:00:00+00:00
[2025-04-23T16:38:10.570+0000] {processor.py:208} INFO - Processing /opt/airflow/dags/my_dag.py took 0.089 seconds
[2025-04-23T16:38:40.855+0000] {processor.py:186} INFO - Started process (PID=11232) to work on /opt/airflow/dags/my_dag.py
[2025-04-23T16:38:40.856+0000] {processor.py:914} INFO - Processing file /opt/airflow/dags/my_dag.py for tasks to queue
[2025-04-23T16:38:40.858+0000] {logging_mixin.py:190} INFO - [2025-04-23T16:38:40.858+0000] {dagbag.py:588} INFO - Filling up the DagBag from /opt/airflow/dags/my_dag.py
[2025-04-23T16:38:40.873+0000] {processor.py:925} INFO - DAG(s) 'TFL_DATA_DAG' retrieved from /opt/airflow/dags/my_dag.py
[2025-04-23T16:38:40.888+0000] {logging_mixin.py:190} INFO - [2025-04-23T16:38:40.888+0000] {dag.py:3239} INFO - Sync 1 DAGs
[2025-04-23T16:38:40.904+0000] {logging_mixin.py:190} INFO - [2025-04-23T16:38:40.904+0000] {dag.py:4180} INFO - Setting next_dagrun for TFL_DATA_DAG to 2025-04-23 00:00:00+00:00, run_after=2025-04-24 00:00:00+00:00
[2025-04-23T16:38:40.916+0000] {processor.py:208} INFO - Processing /opt/airflow/dags/my_dag.py took 0.064 seconds
[2025-04-23T16:39:11.196+0000] {processor.py:186} INFO - Started process (PID=11253) to work on /opt/airflow/dags/my_dag.py
[2025-04-23T16:39:11.198+0000] {processor.py:914} INFO - Processing file /opt/airflow/dags/my_dag.py for tasks to queue
[2025-04-23T16:39:11.200+0000] {logging_mixin.py:190} INFO - [2025-04-23T16:39:11.200+0000] {dagbag.py:588} INFO - Filling up the DagBag from /opt/airflow/dags/my_dag.py
[2025-04-23T16:39:11.217+0000] {processor.py:925} INFO - DAG(s) 'TFL_DATA_DAG' retrieved from /opt/airflow/dags/my_dag.py
[2025-04-23T16:39:11.232+0000] {logging_mixin.py:190} INFO - [2025-04-23T16:39:11.231+0000] {dag.py:3239} INFO - Sync 1 DAGs
[2025-04-23T16:39:11.245+0000] {logging_mixin.py:190} INFO - [2025-04-23T16:39:11.245+0000] {dag.py:4180} INFO - Setting next_dagrun for TFL_DATA_DAG to 2025-04-23 00:00:00+00:00, run_after=2025-04-24 00:00:00+00:00
[2025-04-23T16:39:11.256+0000] {processor.py:208} INFO - Processing /opt/airflow/dags/my_dag.py took 0.063 seconds
[2025-04-23T16:39:41.599+0000] {processor.py:186} INFO - Started process (PID=11274) to work on /opt/airflow/dags/my_dag.py
[2025-04-23T16:39:41.602+0000] {processor.py:914} INFO - Processing file /opt/airflow/dags/my_dag.py for tasks to queue
[2025-04-23T16:39:41.604+0000] {logging_mixin.py:190} INFO - [2025-04-23T16:39:41.603+0000] {dagbag.py:588} INFO - Filling up the DagBag from /opt/airflow/dags/my_dag.py
[2025-04-23T16:39:41.629+0000] {processor.py:925} INFO - DAG(s) 'TFL_DATA_DAG' retrieved from /opt/airflow/dags/my_dag.py
[2025-04-23T16:39:41.651+0000] {logging_mixin.py:190} INFO - [2025-04-23T16:39:41.650+0000] {dag.py:3239} INFO - Sync 1 DAGs
[2025-04-23T16:39:41.666+0000] {logging_mixin.py:190} INFO - [2025-04-23T16:39:41.666+0000] {dag.py:4180} INFO - Setting next_dagrun for TFL_DATA_DAG to 2025-04-23 00:00:00+00:00, run_after=2025-04-24 00:00:00+00:00
[2025-04-23T16:39:41.679+0000] {processor.py:208} INFO - Processing /opt/airflow/dags/my_dag.py took 0.084 seconds
[2025-04-23T16:40:11.992+0000] {processor.py:186} INFO - Started process (PID=11295) to work on /opt/airflow/dags/my_dag.py
[2025-04-23T16:40:11.995+0000] {processor.py:914} INFO - Processing file /opt/airflow/dags/my_dag.py for tasks to queue
[2025-04-23T16:40:11.997+0000] {logging_mixin.py:190} INFO - [2025-04-23T16:40:11.996+0000] {dagbag.py:588} INFO - Filling up the DagBag from /opt/airflow/dags/my_dag.py
[2025-04-23T16:40:12.009+0000] {processor.py:925} INFO - DAG(s) 'TFL_DATA_DAG' retrieved from /opt/airflow/dags/my_dag.py
[2025-04-23T16:40:12.030+0000] {logging_mixin.py:190} INFO - [2025-04-23T16:40:12.030+0000] {dag.py:3239} INFO - Sync 1 DAGs
[2025-04-23T16:40:12.044+0000] {logging_mixin.py:190} INFO - [2025-04-23T16:40:12.044+0000] {dag.py:4180} INFO - Setting next_dagrun for TFL_DATA_DAG to 2025-04-23 00:00:00+00:00, run_after=2025-04-24 00:00:00+00:00
[2025-04-23T16:40:12.056+0000] {processor.py:208} INFO - Processing /opt/airflow/dags/my_dag.py took 0.070 seconds
[2025-04-23T16:40:42.338+0000] {processor.py:186} INFO - Started process (PID=11316) to work on /opt/airflow/dags/my_dag.py
[2025-04-23T16:40:42.342+0000] {processor.py:914} INFO - Processing file /opt/airflow/dags/my_dag.py for tasks to queue
[2025-04-23T16:40:42.346+0000] {logging_mixin.py:190} INFO - [2025-04-23T16:40:42.346+0000] {dagbag.py:588} INFO - Filling up the DagBag from /opt/airflow/dags/my_dag.py
[2025-04-23T16:40:42.384+0000] {processor.py:925} INFO - DAG(s) 'TFL_DATA_DAG' retrieved from /opt/airflow/dags/my_dag.py
[2025-04-23T16:40:42.400+0000] {logging_mixin.py:190} INFO - [2025-04-23T16:40:42.400+0000] {dag.py:3239} INFO - Sync 1 DAGs
[2025-04-23T16:40:42.416+0000] {logging_mixin.py:190} INFO - [2025-04-23T16:40:42.416+0000] {dag.py:4180} INFO - Setting next_dagrun for TFL_DATA_DAG to 2025-04-23 00:00:00+00:00, run_after=2025-04-24 00:00:00+00:00
[2025-04-23T16:40:42.429+0000] {processor.py:208} INFO - Processing /opt/airflow/dags/my_dag.py took 0.095 seconds
[2025-04-23T16:41:12.691+0000] {processor.py:186} INFO - Started process (PID=11337) to work on /opt/airflow/dags/my_dag.py
[2025-04-23T16:41:12.692+0000] {processor.py:914} INFO - Processing file /opt/airflow/dags/my_dag.py for tasks to queue
[2025-04-23T16:41:12.694+0000] {logging_mixin.py:190} INFO - [2025-04-23T16:41:12.693+0000] {dagbag.py:588} INFO - Filling up the DagBag from /opt/airflow/dags/my_dag.py
[2025-04-23T16:41:12.707+0000] {processor.py:925} INFO - DAG(s) 'TFL_DATA_DAG' retrieved from /opt/airflow/dags/my_dag.py
[2025-04-23T16:41:12.721+0000] {logging_mixin.py:190} INFO - [2025-04-23T16:41:12.721+0000] {dag.py:3239} INFO - Sync 1 DAGs
[2025-04-23T16:41:12.734+0000] {logging_mixin.py:190} INFO - [2025-04-23T16:41:12.734+0000] {dag.py:4180} INFO - Setting next_dagrun for TFL_DATA_DAG to 2025-04-23 00:00:00+00:00, run_after=2025-04-24 00:00:00+00:00
[2025-04-23T16:41:12.746+0000] {processor.py:208} INFO - Processing /opt/airflow/dags/my_dag.py took 0.058 seconds
[2025-04-23T16:41:43.059+0000] {processor.py:186} INFO - Started process (PID=11358) to work on /opt/airflow/dags/my_dag.py
[2025-04-23T16:41:43.062+0000] {processor.py:914} INFO - Processing file /opt/airflow/dags/my_dag.py for tasks to queue
[2025-04-23T16:41:43.064+0000] {logging_mixin.py:190} INFO - [2025-04-23T16:41:43.064+0000] {dagbag.py:588} INFO - Filling up the DagBag from /opt/airflow/dags/my_dag.py
[2025-04-23T16:41:43.089+0000] {processor.py:925} INFO - DAG(s) 'TFL_DATA_DAG' retrieved from /opt/airflow/dags/my_dag.py
[2025-04-23T16:41:43.105+0000] {logging_mixin.py:190} INFO - [2025-04-23T16:41:43.104+0000] {dag.py:3239} INFO - Sync 1 DAGs
[2025-04-23T16:41:43.119+0000] {logging_mixin.py:190} INFO - [2025-04-23T16:41:43.119+0000] {dag.py:4180} INFO - Setting next_dagrun for TFL_DATA_DAG to 2025-04-23 00:00:00+00:00, run_after=2025-04-24 00:00:00+00:00
[2025-04-23T16:41:43.132+0000] {processor.py:208} INFO - Processing /opt/airflow/dags/my_dag.py took 0.076 seconds
[2025-04-23T16:42:13.444+0000] {processor.py:186} INFO - Started process (PID=11379) to work on /opt/airflow/dags/my_dag.py
[2025-04-23T16:42:13.446+0000] {processor.py:914} INFO - Processing file /opt/airflow/dags/my_dag.py for tasks to queue
[2025-04-23T16:42:13.452+0000] {logging_mixin.py:190} INFO - [2025-04-23T16:42:13.451+0000] {dagbag.py:588} INFO - Filling up the DagBag from /opt/airflow/dags/my_dag.py
[2025-04-23T16:42:13.466+0000] {processor.py:925} INFO - DAG(s) 'TFL_DATA_DAG' retrieved from /opt/airflow/dags/my_dag.py
[2025-04-23T16:42:13.481+0000] {logging_mixin.py:190} INFO - [2025-04-23T16:42:13.480+0000] {dag.py:3239} INFO - Sync 1 DAGs
[2025-04-23T16:42:13.495+0000] {logging_mixin.py:190} INFO - [2025-04-23T16:42:13.495+0000] {dag.py:4180} INFO - Setting next_dagrun for TFL_DATA_DAG to 2025-04-23 00:00:00+00:00, run_after=2025-04-24 00:00:00+00:00
[2025-04-23T16:42:13.507+0000] {processor.py:208} INFO - Processing /opt/airflow/dags/my_dag.py took 0.067 seconds
[2025-04-23T16:42:43.828+0000] {processor.py:186} INFO - Started process (PID=11400) to work on /opt/airflow/dags/my_dag.py
[2025-04-23T16:42:43.830+0000] {processor.py:914} INFO - Processing file /opt/airflow/dags/my_dag.py for tasks to queue
[2025-04-23T16:42:43.832+0000] {logging_mixin.py:190} INFO - [2025-04-23T16:42:43.832+0000] {dagbag.py:588} INFO - Filling up the DagBag from /opt/airflow/dags/my_dag.py
[2025-04-23T16:42:43.844+0000] {processor.py:925} INFO - DAG(s) 'TFL_DATA_DAG' retrieved from /opt/airflow/dags/my_dag.py
[2025-04-23T16:42:43.859+0000] {logging_mixin.py:190} INFO - [2025-04-23T16:42:43.858+0000] {dag.py:3239} INFO - Sync 1 DAGs
[2025-04-23T16:42:43.873+0000] {logging_mixin.py:190} INFO - [2025-04-23T16:42:43.873+0000] {dag.py:4180} INFO - Setting next_dagrun for TFL_DATA_DAG to 2025-04-23 00:00:00+00:00, run_after=2025-04-24 00:00:00+00:00
[2025-04-23T16:42:43.885+0000] {processor.py:208} INFO - Processing /opt/airflow/dags/my_dag.py took 0.061 seconds
[2025-04-23T16:43:14.177+0000] {processor.py:186} INFO - Started process (PID=11421) to work on /opt/airflow/dags/my_dag.py
[2025-04-23T16:43:14.179+0000] {processor.py:914} INFO - Processing file /opt/airflow/dags/my_dag.py for tasks to queue
[2025-04-23T16:43:14.183+0000] {logging_mixin.py:190} INFO - [2025-04-23T16:43:14.183+0000] {dagbag.py:588} INFO - Filling up the DagBag from /opt/airflow/dags/my_dag.py
[2025-04-23T16:43:14.196+0000] {processor.py:925} INFO - DAG(s) 'TFL_DATA_DAG' retrieved from /opt/airflow/dags/my_dag.py
[2025-04-23T16:43:14.209+0000] {logging_mixin.py:190} INFO - [2025-04-23T16:43:14.209+0000] {dag.py:3239} INFO - Sync 1 DAGs
[2025-04-23T16:43:14.222+0000] {logging_mixin.py:190} INFO - [2025-04-23T16:43:14.222+0000] {dag.py:4180} INFO - Setting next_dagrun for TFL_DATA_DAG to 2025-04-23 00:00:00+00:00, run_after=2025-04-24 00:00:00+00:00
[2025-04-23T16:43:14.233+0000] {processor.py:208} INFO - Processing /opt/airflow/dags/my_dag.py took 0.062 seconds
[2025-04-23T16:43:44.560+0000] {processor.py:186} INFO - Started process (PID=11442) to work on /opt/airflow/dags/my_dag.py
[2025-04-23T16:43:44.562+0000] {processor.py:914} INFO - Processing file /opt/airflow/dags/my_dag.py for tasks to queue
[2025-04-23T16:43:44.564+0000] {logging_mixin.py:190} INFO - [2025-04-23T16:43:44.564+0000] {dagbag.py:588} INFO - Filling up the DagBag from /opt/airflow/dags/my_dag.py
[2025-04-23T16:43:44.579+0000] {processor.py:925} INFO - DAG(s) 'TFL_DATA_DAG' retrieved from /opt/airflow/dags/my_dag.py
[2025-04-23T16:43:44.597+0000] {logging_mixin.py:190} INFO - [2025-04-23T16:43:44.596+0000] {dag.py:3239} INFO - Sync 1 DAGs
[2025-04-23T16:43:44.619+0000] {logging_mixin.py:190} INFO - [2025-04-23T16:43:44.619+0000] {dag.py:4180} INFO - Setting next_dagrun for TFL_DATA_DAG to 2025-04-23 00:00:00+00:00, run_after=2025-04-24 00:00:00+00:00
[2025-04-23T16:43:44.631+0000] {processor.py:208} INFO - Processing /opt/airflow/dags/my_dag.py took 0.075 seconds
[2025-04-23T16:44:14.883+0000] {processor.py:186} INFO - Started process (PID=11463) to work on /opt/airflow/dags/my_dag.py
[2025-04-23T16:44:14.885+0000] {processor.py:914} INFO - Processing file /opt/airflow/dags/my_dag.py for tasks to queue
[2025-04-23T16:44:14.886+0000] {logging_mixin.py:190} INFO - [2025-04-23T16:44:14.886+0000] {dagbag.py:588} INFO - Filling up the DagBag from /opt/airflow/dags/my_dag.py
[2025-04-23T16:44:14.900+0000] {processor.py:925} INFO - DAG(s) 'TFL_DATA_DAG' retrieved from /opt/airflow/dags/my_dag.py
[2025-04-23T16:44:14.915+0000] {logging_mixin.py:190} INFO - [2025-04-23T16:44:14.915+0000] {dag.py:3239} INFO - Sync 1 DAGs
[2025-04-23T16:44:14.929+0000] {logging_mixin.py:190} INFO - [2025-04-23T16:44:14.928+0000] {dag.py:4180} INFO - Setting next_dagrun for TFL_DATA_DAG to 2025-04-23 00:00:00+00:00, run_after=2025-04-24 00:00:00+00:00
[2025-04-23T16:44:14.942+0000] {processor.py:208} INFO - Processing /opt/airflow/dags/my_dag.py took 0.063 seconds
[2025-04-23T16:44:45.226+0000] {processor.py:186} INFO - Started process (PID=11484) to work on /opt/airflow/dags/my_dag.py
[2025-04-23T16:44:45.229+0000] {processor.py:914} INFO - Processing file /opt/airflow/dags/my_dag.py for tasks to queue
[2025-04-23T16:44:45.233+0000] {logging_mixin.py:190} INFO - [2025-04-23T16:44:45.232+0000] {dagbag.py:588} INFO - Filling up the DagBag from /opt/airflow/dags/my_dag.py
[2025-04-23T16:44:45.245+0000] {processor.py:925} INFO - DAG(s) 'TFL_DATA_DAG' retrieved from /opt/airflow/dags/my_dag.py
[2025-04-23T16:44:45.260+0000] {logging_mixin.py:190} INFO - [2025-04-23T16:44:45.260+0000] {dag.py:3239} INFO - Sync 1 DAGs
[2025-04-23T16:44:45.278+0000] {logging_mixin.py:190} INFO - [2025-04-23T16:44:45.278+0000] {dag.py:4180} INFO - Setting next_dagrun for TFL_DATA_DAG to 2025-04-23 00:00:00+00:00, run_after=2025-04-24 00:00:00+00:00
[2025-04-23T16:44:45.292+0000] {processor.py:208} INFO - Processing /opt/airflow/dags/my_dag.py took 0.069 seconds
[2025-04-23T16:45:15.643+0000] {processor.py:186} INFO - Started process (PID=11504) to work on /opt/airflow/dags/my_dag.py
[2025-04-23T16:45:15.644+0000] {processor.py:914} INFO - Processing file /opt/airflow/dags/my_dag.py for tasks to queue
[2025-04-23T16:45:15.646+0000] {logging_mixin.py:190} INFO - [2025-04-23T16:45:15.645+0000] {dagbag.py:588} INFO - Filling up the DagBag from /opt/airflow/dags/my_dag.py
[2025-04-23T16:45:15.678+0000] {processor.py:925} INFO - DAG(s) 'TFL_DATA_DAG' retrieved from /opt/airflow/dags/my_dag.py
[2025-04-23T16:45:15.694+0000] {logging_mixin.py:190} INFO - [2025-04-23T16:45:15.694+0000] {dag.py:3239} INFO - Sync 1 DAGs
[2025-04-23T16:45:15.707+0000] {logging_mixin.py:190} INFO - [2025-04-23T16:45:15.707+0000] {dag.py:4180} INFO - Setting next_dagrun for TFL_DATA_DAG to 2025-04-23 00:00:00+00:00, run_after=2025-04-24 00:00:00+00:00
[2025-04-23T16:45:15.722+0000] {processor.py:208} INFO - Processing /opt/airflow/dags/my_dag.py took 0.083 seconds
[2025-04-23T16:45:46.053+0000] {processor.py:186} INFO - Started process (PID=11525) to work on /opt/airflow/dags/my_dag.py
[2025-04-23T16:45:46.060+0000] {processor.py:914} INFO - Processing file /opt/airflow/dags/my_dag.py for tasks to queue
[2025-04-23T16:45:46.065+0000] {logging_mixin.py:190} INFO - [2025-04-23T16:45:46.065+0000] {dagbag.py:588} INFO - Filling up the DagBag from /opt/airflow/dags/my_dag.py
[2025-04-23T16:45:46.112+0000] {processor.py:925} INFO - DAG(s) 'TFL_DATA_DAG' retrieved from /opt/airflow/dags/my_dag.py
[2025-04-23T16:45:46.126+0000] {logging_mixin.py:190} INFO - [2025-04-23T16:45:46.126+0000] {dag.py:3239} INFO - Sync 1 DAGs
[2025-04-23T16:45:46.139+0000] {logging_mixin.py:190} INFO - [2025-04-23T16:45:46.139+0000] {dag.py:4180} INFO - Setting next_dagrun for TFL_DATA_DAG to 2025-04-23 00:00:00+00:00, run_after=2025-04-24 00:00:00+00:00
[2025-04-23T16:45:46.152+0000] {processor.py:208} INFO - Processing /opt/airflow/dags/my_dag.py took 0.103 seconds
[2025-04-23T16:46:16.488+0000] {processor.py:186} INFO - Started process (PID=11546) to work on /opt/airflow/dags/my_dag.py
[2025-04-23T16:46:16.491+0000] {processor.py:914} INFO - Processing file /opt/airflow/dags/my_dag.py for tasks to queue
[2025-04-23T16:46:16.496+0000] {logging_mixin.py:190} INFO - [2025-04-23T16:46:16.496+0000] {dagbag.py:588} INFO - Filling up the DagBag from /opt/airflow/dags/my_dag.py
[2025-04-23T16:46:16.533+0000] {processor.py:925} INFO - DAG(s) 'TFL_DATA_DAG' retrieved from /opt/airflow/dags/my_dag.py
[2025-04-23T16:46:16.548+0000] {logging_mixin.py:190} INFO - [2025-04-23T16:46:16.547+0000] {dag.py:3239} INFO - Sync 1 DAGs
[2025-04-23T16:46:16.562+0000] {logging_mixin.py:190} INFO - [2025-04-23T16:46:16.562+0000] {dag.py:4180} INFO - Setting next_dagrun for TFL_DATA_DAG to 2025-04-23 00:00:00+00:00, run_after=2025-04-24 00:00:00+00:00
[2025-04-23T16:46:16.575+0000] {processor.py:208} INFO - Processing /opt/airflow/dags/my_dag.py took 0.093 seconds
[2025-04-23T16:46:46.887+0000] {processor.py:186} INFO - Started process (PID=11567) to work on /opt/airflow/dags/my_dag.py
[2025-04-23T16:46:46.889+0000] {processor.py:914} INFO - Processing file /opt/airflow/dags/my_dag.py for tasks to queue
[2025-04-23T16:46:46.894+0000] {logging_mixin.py:190} INFO - [2025-04-23T16:46:46.894+0000] {dagbag.py:588} INFO - Filling up the DagBag from /opt/airflow/dags/my_dag.py
[2025-04-23T16:46:46.920+0000] {processor.py:925} INFO - DAG(s) 'TFL_DATA_DAG' retrieved from /opt/airflow/dags/my_dag.py
[2025-04-23T16:46:46.935+0000] {logging_mixin.py:190} INFO - [2025-04-23T16:46:46.935+0000] {dag.py:3239} INFO - Sync 1 DAGs
[2025-04-23T16:46:46.949+0000] {logging_mixin.py:190} INFO - [2025-04-23T16:46:46.949+0000] {dag.py:4180} INFO - Setting next_dagrun for TFL_DATA_DAG to 2025-04-23 00:00:00+00:00, run_after=2025-04-24 00:00:00+00:00
[2025-04-23T16:46:46.961+0000] {processor.py:208} INFO - Processing /opt/airflow/dags/my_dag.py took 0.078 seconds
[2025-04-23T16:47:17.265+0000] {processor.py:186} INFO - Started process (PID=11588) to work on /opt/airflow/dags/my_dag.py
[2025-04-23T16:47:17.268+0000] {processor.py:914} INFO - Processing file /opt/airflow/dags/my_dag.py for tasks to queue
[2025-04-23T16:47:17.273+0000] {logging_mixin.py:190} INFO - [2025-04-23T16:47:17.273+0000] {dagbag.py:588} INFO - Filling up the DagBag from /opt/airflow/dags/my_dag.py
[2025-04-23T16:47:17.299+0000] {processor.py:925} INFO - DAG(s) 'TFL_DATA_DAG' retrieved from /opt/airflow/dags/my_dag.py
[2025-04-23T16:47:17.316+0000] {logging_mixin.py:190} INFO - [2025-04-23T16:47:17.316+0000] {dag.py:3239} INFO - Sync 1 DAGs
[2025-04-23T16:47:17.334+0000] {logging_mixin.py:190} INFO - [2025-04-23T16:47:17.334+0000] {dag.py:4180} INFO - Setting next_dagrun for TFL_DATA_DAG to 2025-04-23 00:00:00+00:00, run_after=2025-04-24 00:00:00+00:00
[2025-04-23T16:47:17.345+0000] {processor.py:208} INFO - Processing /opt/airflow/dags/my_dag.py took 0.086 seconds
[2025-04-23T16:47:47.677+0000] {processor.py:186} INFO - Started process (PID=11609) to work on /opt/airflow/dags/my_dag.py
[2025-04-23T16:47:47.678+0000] {processor.py:914} INFO - Processing file /opt/airflow/dags/my_dag.py for tasks to queue
[2025-04-23T16:47:47.681+0000] {logging_mixin.py:190} INFO - [2025-04-23T16:47:47.681+0000] {dagbag.py:588} INFO - Filling up the DagBag from /opt/airflow/dags/my_dag.py
[2025-04-23T16:47:47.696+0000] {processor.py:925} INFO - DAG(s) 'TFL_DATA_DAG' retrieved from /opt/airflow/dags/my_dag.py
[2025-04-23T16:47:47.712+0000] {logging_mixin.py:190} INFO - [2025-04-23T16:47:47.711+0000] {dag.py:3239} INFO - Sync 1 DAGs
[2025-04-23T16:47:47.726+0000] {logging_mixin.py:190} INFO - [2025-04-23T16:47:47.726+0000] {dag.py:4180} INFO - Setting next_dagrun for TFL_DATA_DAG to 2025-04-23 00:00:00+00:00, run_after=2025-04-24 00:00:00+00:00
[2025-04-23T16:47:47.739+0000] {processor.py:208} INFO - Processing /opt/airflow/dags/my_dag.py took 0.068 seconds
[2025-04-23T16:48:18.004+0000] {processor.py:186} INFO - Started process (PID=11630) to work on /opt/airflow/dags/my_dag.py
[2025-04-23T16:48:18.005+0000] {processor.py:914} INFO - Processing file /opt/airflow/dags/my_dag.py for tasks to queue
[2025-04-23T16:48:18.007+0000] {logging_mixin.py:190} INFO - [2025-04-23T16:48:18.007+0000] {dagbag.py:588} INFO - Filling up the DagBag from /opt/airflow/dags/my_dag.py
[2025-04-23T16:48:18.021+0000] {processor.py:925} INFO - DAG(s) 'TFL_DATA_DAG' retrieved from /opt/airflow/dags/my_dag.py
[2025-04-23T16:48:18.036+0000] {logging_mixin.py:190} INFO - [2025-04-23T16:48:18.036+0000] {dag.py:3239} INFO - Sync 1 DAGs
[2025-04-23T16:48:18.050+0000] {logging_mixin.py:190} INFO - [2025-04-23T16:48:18.050+0000] {dag.py:4180} INFO - Setting next_dagrun for TFL_DATA_DAG to 2025-04-23 00:00:00+00:00, run_after=2025-04-24 00:00:00+00:00
[2025-04-23T16:48:18.061+0000] {processor.py:208} INFO - Processing /opt/airflow/dags/my_dag.py took 0.061 seconds
[2025-04-23T16:48:48.184+0000] {processor.py:186} INFO - Started process (PID=11656) to work on /opt/airflow/dags/my_dag.py
[2025-04-23T16:48:48.185+0000] {processor.py:914} INFO - Processing file /opt/airflow/dags/my_dag.py for tasks to queue
[2025-04-23T16:48:48.187+0000] {logging_mixin.py:190} INFO - [2025-04-23T16:48:48.187+0000] {dagbag.py:588} INFO - Filling up the DagBag from /opt/airflow/dags/my_dag.py
[2025-04-23T16:48:48.207+0000] {processor.py:925} INFO - DAG(s) 'TFL_DATA_DAG' retrieved from /opt/airflow/dags/my_dag.py
[2025-04-23T16:48:48.228+0000] {logging_mixin.py:190} INFO - [2025-04-23T16:48:48.227+0000] {dag.py:3239} INFO - Sync 1 DAGs
[2025-04-23T16:48:48.243+0000] {logging_mixin.py:190} INFO - [2025-04-23T16:48:48.243+0000] {dag.py:4180} INFO - Setting next_dagrun for TFL_DATA_DAG to 2025-04-23 00:00:00+00:00, run_after=2025-04-24 00:00:00+00:00
[2025-04-23T16:48:48.254+0000] {processor.py:208} INFO - Processing /opt/airflow/dags/my_dag.py took 0.074 seconds
[2025-04-23T16:49:18.433+0000] {processor.py:186} INFO - Started process (PID=11672) to work on /opt/airflow/dags/my_dag.py
[2025-04-23T16:49:18.435+0000] {processor.py:914} INFO - Processing file /opt/airflow/dags/my_dag.py for tasks to queue
[2025-04-23T16:49:18.438+0000] {logging_mixin.py:190} INFO - [2025-04-23T16:49:18.438+0000] {dagbag.py:588} INFO - Filling up the DagBag from /opt/airflow/dags/my_dag.py
[2025-04-23T16:49:18.454+0000] {processor.py:925} INFO - DAG(s) 'TFL_DATA_DAG' retrieved from /opt/airflow/dags/my_dag.py
[2025-04-23T16:49:18.470+0000] {logging_mixin.py:190} INFO - [2025-04-23T16:49:18.470+0000] {dag.py:3239} INFO - Sync 1 DAGs
[2025-04-23T16:49:18.484+0000] {logging_mixin.py:190} INFO - [2025-04-23T16:49:18.484+0000] {dag.py:4180} INFO - Setting next_dagrun for TFL_DATA_DAG to 2025-04-23 00:00:00+00:00, run_after=2025-04-24 00:00:00+00:00
[2025-04-23T16:49:18.497+0000] {processor.py:208} INFO - Processing /opt/airflow/dags/my_dag.py took 0.069 seconds
[2025-04-23T16:49:48.851+0000] {processor.py:186} INFO - Started process (PID=11693) to work on /opt/airflow/dags/my_dag.py
[2025-04-23T16:49:48.855+0000] {processor.py:914} INFO - Processing file /opt/airflow/dags/my_dag.py for tasks to queue
[2025-04-23T16:49:48.859+0000] {logging_mixin.py:190} INFO - [2025-04-23T16:49:48.859+0000] {dagbag.py:588} INFO - Filling up the DagBag from /opt/airflow/dags/my_dag.py
[2025-04-23T16:49:48.891+0000] {processor.py:925} INFO - DAG(s) 'TFL_DATA_DAG' retrieved from /opt/airflow/dags/my_dag.py
[2025-04-23T16:49:48.916+0000] {logging_mixin.py:190} INFO - [2025-04-23T16:49:48.916+0000] {dag.py:3239} INFO - Sync 1 DAGs
[2025-04-23T16:49:48.929+0000] {logging_mixin.py:190} INFO - [2025-04-23T16:49:48.929+0000] {dag.py:4180} INFO - Setting next_dagrun for TFL_DATA_DAG to 2025-04-23 00:00:00+00:00, run_after=2025-04-24 00:00:00+00:00
[2025-04-23T16:49:48.941+0000] {processor.py:208} INFO - Processing /opt/airflow/dags/my_dag.py took 0.095 seconds
[2025-04-23T16:50:19.228+0000] {processor.py:186} INFO - Started process (PID=11714) to work on /opt/airflow/dags/my_dag.py
[2025-04-23T16:50:19.229+0000] {processor.py:914} INFO - Processing file /opt/airflow/dags/my_dag.py for tasks to queue
[2025-04-23T16:50:19.231+0000] {logging_mixin.py:190} INFO - [2025-04-23T16:50:19.231+0000] {dagbag.py:588} INFO - Filling up the DagBag from /opt/airflow/dags/my_dag.py
[2025-04-23T16:50:19.243+0000] {processor.py:925} INFO - DAG(s) 'TFL_DATA_DAG' retrieved from /opt/airflow/dags/my_dag.py
[2025-04-23T16:50:19.260+0000] {logging_mixin.py:190} INFO - [2025-04-23T16:50:19.260+0000] {dag.py:3239} INFO - Sync 1 DAGs
[2025-04-23T16:50:19.275+0000] {logging_mixin.py:190} INFO - [2025-04-23T16:50:19.275+0000] {dag.py:4180} INFO - Setting next_dagrun for TFL_DATA_DAG to 2025-04-23 00:00:00+00:00, run_after=2025-04-24 00:00:00+00:00
[2025-04-23T16:50:19.287+0000] {processor.py:208} INFO - Processing /opt/airflow/dags/my_dag.py took 0.063 seconds
[2025-04-23T16:50:49.644+0000] {processor.py:186} INFO - Started process (PID=11735) to work on /opt/airflow/dags/my_dag.py
[2025-04-23T16:50:49.650+0000] {processor.py:914} INFO - Processing file /opt/airflow/dags/my_dag.py for tasks to queue
[2025-04-23T16:50:49.655+0000] {logging_mixin.py:190} INFO - [2025-04-23T16:50:49.655+0000] {dagbag.py:588} INFO - Filling up the DagBag from /opt/airflow/dags/my_dag.py
[2025-04-23T16:50:49.699+0000] {processor.py:925} INFO - DAG(s) 'TFL_DATA_DAG' retrieved from /opt/airflow/dags/my_dag.py
[2025-04-23T16:50:49.715+0000] {logging_mixin.py:190} INFO - [2025-04-23T16:50:49.714+0000] {dag.py:3239} INFO - Sync 1 DAGs
[2025-04-23T16:50:49.730+0000] {logging_mixin.py:190} INFO - [2025-04-23T16:50:49.730+0000] {dag.py:4180} INFO - Setting next_dagrun for TFL_DATA_DAG to 2025-04-23 00:00:00+00:00, run_after=2025-04-24 00:00:00+00:00
[2025-04-23T16:50:49.744+0000] {processor.py:208} INFO - Processing /opt/airflow/dags/my_dag.py took 0.105 seconds
[2025-04-23T16:51:19.963+0000] {processor.py:186} INFO - Started process (PID=11756) to work on /opt/airflow/dags/my_dag.py
[2025-04-23T16:51:19.965+0000] {processor.py:914} INFO - Processing file /opt/airflow/dags/my_dag.py for tasks to queue
[2025-04-23T16:51:19.969+0000] {logging_mixin.py:190} INFO - [2025-04-23T16:51:19.968+0000] {dagbag.py:588} INFO - Filling up the DagBag from /opt/airflow/dags/my_dag.py
[2025-04-23T16:51:20.000+0000] {processor.py:925} INFO - DAG(s) 'TFL_DATA_DAG' retrieved from /opt/airflow/dags/my_dag.py
[2025-04-23T16:51:20.015+0000] {logging_mixin.py:190} INFO - [2025-04-23T16:51:20.015+0000] {dag.py:3239} INFO - Sync 1 DAGs
[2025-04-23T16:51:20.028+0000] {logging_mixin.py:190} INFO - [2025-04-23T16:51:20.028+0000] {dag.py:4180} INFO - Setting next_dagrun for TFL_DATA_DAG to 2025-04-23 00:00:00+00:00, run_after=2025-04-24 00:00:00+00:00
[2025-04-23T16:51:20.040+0000] {processor.py:208} INFO - Processing /opt/airflow/dags/my_dag.py took 0.080 seconds
[2025-04-23T16:51:50.329+0000] {processor.py:186} INFO - Started process (PID=11777) to work on /opt/airflow/dags/my_dag.py
[2025-04-23T16:51:50.330+0000] {processor.py:914} INFO - Processing file /opt/airflow/dags/my_dag.py for tasks to queue
[2025-04-23T16:51:50.332+0000] {logging_mixin.py:190} INFO - [2025-04-23T16:51:50.332+0000] {dagbag.py:588} INFO - Filling up the DagBag from /opt/airflow/dags/my_dag.py
[2025-04-23T16:51:50.369+0000] {processor.py:925} INFO - DAG(s) 'TFL_DATA_DAG' retrieved from /opt/airflow/dags/my_dag.py
[2025-04-23T16:51:50.385+0000] {logging_mixin.py:190} INFO - [2025-04-23T16:51:50.384+0000] {dag.py:3239} INFO - Sync 1 DAGs
[2025-04-23T16:51:50.398+0000] {logging_mixin.py:190} INFO - [2025-04-23T16:51:50.398+0000] {dag.py:4180} INFO - Setting next_dagrun for TFL_DATA_DAG to 2025-04-23 00:00:00+00:00, run_after=2025-04-24 00:00:00+00:00
[2025-04-23T16:51:50.411+0000] {processor.py:208} INFO - Processing /opt/airflow/dags/my_dag.py took 0.087 seconds
[2025-04-23T16:52:20.726+0000] {processor.py:186} INFO - Started process (PID=11798) to work on /opt/airflow/dags/my_dag.py
[2025-04-23T16:52:20.730+0000] {processor.py:914} INFO - Processing file /opt/airflow/dags/my_dag.py for tasks to queue
[2025-04-23T16:52:20.732+0000] {logging_mixin.py:190} INFO - [2025-04-23T16:52:20.732+0000] {dagbag.py:588} INFO - Filling up the DagBag from /opt/airflow/dags/my_dag.py
[2025-04-23T16:52:20.748+0000] {processor.py:925} INFO - DAG(s) 'TFL_DATA_DAG' retrieved from /opt/airflow/dags/my_dag.py
[2025-04-23T16:52:20.762+0000] {logging_mixin.py:190} INFO - [2025-04-23T16:52:20.762+0000] {dag.py:3239} INFO - Sync 1 DAGs
[2025-04-23T16:52:20.781+0000] {logging_mixin.py:190} INFO - [2025-04-23T16:52:20.781+0000] {dag.py:4180} INFO - Setting next_dagrun for TFL_DATA_DAG to 2025-04-23 00:00:00+00:00, run_after=2025-04-24 00:00:00+00:00
[2025-04-23T16:52:20.793+0000] {processor.py:208} INFO - Processing /opt/airflow/dags/my_dag.py took 0.071 seconds
[2025-04-23T16:52:51.013+0000] {processor.py:186} INFO - Started process (PID=11819) to work on /opt/airflow/dags/my_dag.py
[2025-04-23T16:52:51.015+0000] {processor.py:914} INFO - Processing file /opt/airflow/dags/my_dag.py for tasks to queue
[2025-04-23T16:52:51.019+0000] {logging_mixin.py:190} INFO - [2025-04-23T16:52:51.019+0000] {dagbag.py:588} INFO - Filling up the DagBag from /opt/airflow/dags/my_dag.py
[2025-04-23T16:52:51.053+0000] {processor.py:925} INFO - DAG(s) 'TFL_DATA_DAG' retrieved from /opt/airflow/dags/my_dag.py
[2025-04-23T16:52:51.071+0000] {logging_mixin.py:190} INFO - [2025-04-23T16:52:51.070+0000] {dag.py:3239} INFO - Sync 1 DAGs
[2025-04-23T16:52:51.093+0000] {logging_mixin.py:190} INFO - [2025-04-23T16:52:51.093+0000] {dag.py:4180} INFO - Setting next_dagrun for TFL_DATA_DAG to 2025-04-23 00:00:00+00:00, run_after=2025-04-24 00:00:00+00:00
[2025-04-23T16:52:51.104+0000] {processor.py:208} INFO - Processing /opt/airflow/dags/my_dag.py took 0.096 seconds
[2025-04-23T16:53:21.420+0000] {processor.py:186} INFO - Started process (PID=11840) to work on /opt/airflow/dags/my_dag.py
[2025-04-23T16:53:21.424+0000] {processor.py:914} INFO - Processing file /opt/airflow/dags/my_dag.py for tasks to queue
[2025-04-23T16:53:21.427+0000] {logging_mixin.py:190} INFO - [2025-04-23T16:53:21.426+0000] {dagbag.py:588} INFO - Filling up the DagBag from /opt/airflow/dags/my_dag.py
[2025-04-23T16:53:21.442+0000] {processor.py:925} INFO - DAG(s) 'TFL_DATA_DAG' retrieved from /opt/airflow/dags/my_dag.py
[2025-04-23T16:53:21.457+0000] {logging_mixin.py:190} INFO - [2025-04-23T16:53:21.457+0000] {dag.py:3239} INFO - Sync 1 DAGs
[2025-04-23T16:53:21.472+0000] {logging_mixin.py:190} INFO - [2025-04-23T16:53:21.472+0000] {dag.py:4180} INFO - Setting next_dagrun for TFL_DATA_DAG to 2025-04-23 00:00:00+00:00, run_after=2025-04-24 00:00:00+00:00
[2025-04-23T16:53:21.485+0000] {processor.py:208} INFO - Processing /opt/airflow/dags/my_dag.py took 0.068 seconds
[2025-04-23T16:53:51.722+0000] {processor.py:186} INFO - Started process (PID=11861) to work on /opt/airflow/dags/my_dag.py
[2025-04-23T16:53:51.724+0000] {processor.py:914} INFO - Processing file /opt/airflow/dags/my_dag.py for tasks to queue
[2025-04-23T16:53:51.729+0000] {logging_mixin.py:190} INFO - [2025-04-23T16:53:51.729+0000] {dagbag.py:588} INFO - Filling up the DagBag from /opt/airflow/dags/my_dag.py
[2025-04-23T16:53:51.743+0000] {processor.py:925} INFO - DAG(s) 'TFL_DATA_DAG' retrieved from /opt/airflow/dags/my_dag.py
[2025-04-23T16:53:51.757+0000] {logging_mixin.py:190} INFO - [2025-04-23T16:53:51.757+0000] {dag.py:3239} INFO - Sync 1 DAGs
[2025-04-23T16:53:51.771+0000] {logging_mixin.py:190} INFO - [2025-04-23T16:53:51.771+0000] {dag.py:4180} INFO - Setting next_dagrun for TFL_DATA_DAG to 2025-04-23 00:00:00+00:00, run_after=2025-04-24 00:00:00+00:00
[2025-04-23T16:53:51.783+0000] {processor.py:208} INFO - Processing /opt/airflow/dags/my_dag.py took 0.065 seconds
[2025-04-23T16:54:22.031+0000] {processor.py:186} INFO - Started process (PID=11882) to work on /opt/airflow/dags/my_dag.py
[2025-04-23T16:54:22.032+0000] {processor.py:914} INFO - Processing file /opt/airflow/dags/my_dag.py for tasks to queue
[2025-04-23T16:54:22.034+0000] {logging_mixin.py:190} INFO - [2025-04-23T16:54:22.034+0000] {dagbag.py:588} INFO - Filling up the DagBag from /opt/airflow/dags/my_dag.py
[2025-04-23T16:54:22.047+0000] {processor.py:925} INFO - DAG(s) 'TFL_DATA_DAG' retrieved from /opt/airflow/dags/my_dag.py
[2025-04-23T16:54:22.061+0000] {logging_mixin.py:190} INFO - [2025-04-23T16:54:22.061+0000] {dag.py:3239} INFO - Sync 1 DAGs
[2025-04-23T16:54:22.076+0000] {logging_mixin.py:190} INFO - [2025-04-23T16:54:22.076+0000] {dag.py:4180} INFO - Setting next_dagrun for TFL_DATA_DAG to 2025-04-23 00:00:00+00:00, run_after=2025-04-24 00:00:00+00:00
[2025-04-23T16:54:22.088+0000] {processor.py:208} INFO - Processing /opt/airflow/dags/my_dag.py took 0.060 seconds
[2025-04-23T16:54:52.446+0000] {processor.py:186} INFO - Started process (PID=11903) to work on /opt/airflow/dags/my_dag.py
[2025-04-23T16:54:52.447+0000] {processor.py:914} INFO - Processing file /opt/airflow/dags/my_dag.py for tasks to queue
[2025-04-23T16:54:52.450+0000] {logging_mixin.py:190} INFO - [2025-04-23T16:54:52.450+0000] {dagbag.py:588} INFO - Filling up the DagBag from /opt/airflow/dags/my_dag.py
[2025-04-23T16:54:52.463+0000] {processor.py:925} INFO - DAG(s) 'TFL_DATA_DAG' retrieved from /opt/airflow/dags/my_dag.py
[2025-04-23T16:54:52.480+0000] {logging_mixin.py:190} INFO - [2025-04-23T16:54:52.480+0000] {dag.py:3239} INFO - Sync 1 DAGs
[2025-04-23T16:54:52.494+0000] {logging_mixin.py:190} INFO - [2025-04-23T16:54:52.493+0000] {dag.py:4180} INFO - Setting next_dagrun for TFL_DATA_DAG to 2025-04-23 00:00:00+00:00, run_after=2025-04-24 00:00:00+00:00
[2025-04-23T16:54:52.506+0000] {processor.py:208} INFO - Processing /opt/airflow/dags/my_dag.py took 0.063 seconds
[2025-04-23T16:55:22.791+0000] {processor.py:186} INFO - Started process (PID=11924) to work on /opt/airflow/dags/my_dag.py
[2025-04-23T16:55:22.792+0000] {processor.py:914} INFO - Processing file /opt/airflow/dags/my_dag.py for tasks to queue
[2025-04-23T16:55:22.794+0000] {logging_mixin.py:190} INFO - [2025-04-23T16:55:22.794+0000] {dagbag.py:588} INFO - Filling up the DagBag from /opt/airflow/dags/my_dag.py
[2025-04-23T16:55:22.807+0000] {processor.py:925} INFO - DAG(s) 'TFL_DATA_DAG' retrieved from /opt/airflow/dags/my_dag.py
[2025-04-23T16:55:22.821+0000] {logging_mixin.py:190} INFO - [2025-04-23T16:55:22.820+0000] {dag.py:3239} INFO - Sync 1 DAGs
[2025-04-23T16:55:22.835+0000] {logging_mixin.py:190} INFO - [2025-04-23T16:55:22.835+0000] {dag.py:4180} INFO - Setting next_dagrun for TFL_DATA_DAG to 2025-04-23 00:00:00+00:00, run_after=2025-04-24 00:00:00+00:00
[2025-04-23T16:55:22.845+0000] {processor.py:208} INFO - Processing /opt/airflow/dags/my_dag.py took 0.058 seconds
[2025-04-23T16:55:53.168+0000] {processor.py:186} INFO - Started process (PID=11945) to work on /opt/airflow/dags/my_dag.py
[2025-04-23T16:55:53.169+0000] {processor.py:914} INFO - Processing file /opt/airflow/dags/my_dag.py for tasks to queue
[2025-04-23T16:55:53.171+0000] {logging_mixin.py:190} INFO - [2025-04-23T16:55:53.171+0000] {dagbag.py:588} INFO - Filling up the DagBag from /opt/airflow/dags/my_dag.py
[2025-04-23T16:55:53.186+0000] {processor.py:925} INFO - DAG(s) 'TFL_DATA_DAG' retrieved from /opt/airflow/dags/my_dag.py
[2025-04-23T16:55:53.200+0000] {logging_mixin.py:190} INFO - [2025-04-23T16:55:53.200+0000] {dag.py:3239} INFO - Sync 1 DAGs
[2025-04-23T16:55:53.214+0000] {logging_mixin.py:190} INFO - [2025-04-23T16:55:53.214+0000] {dag.py:4180} INFO - Setting next_dagrun for TFL_DATA_DAG to 2025-04-23 00:00:00+00:00, run_after=2025-04-24 00:00:00+00:00
[2025-04-23T16:55:53.227+0000] {processor.py:208} INFO - Processing /opt/airflow/dags/my_dag.py took 0.063 seconds
[2025-04-23T16:56:23.490+0000] {processor.py:186} INFO - Started process (PID=11966) to work on /opt/airflow/dags/my_dag.py
[2025-04-23T16:56:23.493+0000] {processor.py:914} INFO - Processing file /opt/airflow/dags/my_dag.py for tasks to queue
[2025-04-23T16:56:23.495+0000] {logging_mixin.py:190} INFO - [2025-04-23T16:56:23.495+0000] {dagbag.py:588} INFO - Filling up the DagBag from /opt/airflow/dags/my_dag.py
[2025-04-23T16:56:23.523+0000] {processor.py:925} INFO - DAG(s) 'TFL_DATA_DAG' retrieved from /opt/airflow/dags/my_dag.py
[2025-04-23T16:56:23.539+0000] {logging_mixin.py:190} INFO - [2025-04-23T16:56:23.539+0000] {dag.py:3239} INFO - Sync 1 DAGs
[2025-04-23T16:56:23.554+0000] {logging_mixin.py:190} INFO - [2025-04-23T16:56:23.553+0000] {dag.py:4180} INFO - Setting next_dagrun for TFL_DATA_DAG to 2025-04-23 00:00:00+00:00, run_after=2025-04-24 00:00:00+00:00
[2025-04-23T16:56:23.565+0000] {processor.py:208} INFO - Processing /opt/airflow/dags/my_dag.py took 0.078 seconds
[2025-04-23T16:56:53.830+0000] {processor.py:186} INFO - Started process (PID=11987) to work on /opt/airflow/dags/my_dag.py
[2025-04-23T16:56:53.833+0000] {processor.py:914} INFO - Processing file /opt/airflow/dags/my_dag.py for tasks to queue
[2025-04-23T16:56:53.837+0000] {logging_mixin.py:190} INFO - [2025-04-23T16:56:53.837+0000] {dagbag.py:588} INFO - Filling up the DagBag from /opt/airflow/dags/my_dag.py
[2025-04-23T16:56:53.872+0000] {processor.py:925} INFO - DAG(s) 'TFL_DATA_DAG' retrieved from /opt/airflow/dags/my_dag.py
[2025-04-23T16:56:53.892+0000] {logging_mixin.py:190} INFO - [2025-04-23T16:56:53.891+0000] {dag.py:3239} INFO - Sync 1 DAGs
[2025-04-23T16:56:53.908+0000] {logging_mixin.py:190} INFO - [2025-04-23T16:56:53.908+0000] {dag.py:4180} INFO - Setting next_dagrun for TFL_DATA_DAG to 2025-04-23 00:00:00+00:00, run_after=2025-04-24 00:00:00+00:00
[2025-04-23T16:56:53.922+0000] {processor.py:208} INFO - Processing /opt/airflow/dags/my_dag.py took 0.097 seconds
[2025-04-23T16:57:24.078+0000] {processor.py:186} INFO - Started process (PID=12008) to work on /opt/airflow/dags/my_dag.py
[2025-04-23T16:57:24.079+0000] {processor.py:914} INFO - Processing file /opt/airflow/dags/my_dag.py for tasks to queue
[2025-04-23T16:57:24.081+0000] {logging_mixin.py:190} INFO - [2025-04-23T16:57:24.081+0000] {dagbag.py:588} INFO - Filling up the DagBag from /opt/airflow/dags/my_dag.py
[2025-04-23T16:57:24.095+0000] {processor.py:925} INFO - DAG(s) 'TFL_DATA_DAG' retrieved from /opt/airflow/dags/my_dag.py
[2025-04-23T16:57:24.110+0000] {logging_mixin.py:190} INFO - [2025-04-23T16:57:24.110+0000] {dag.py:3239} INFO - Sync 1 DAGs
[2025-04-23T16:57:24.125+0000] {logging_mixin.py:190} INFO - [2025-04-23T16:57:24.124+0000] {dag.py:4180} INFO - Setting next_dagrun for TFL_DATA_DAG to 2025-04-23 00:00:00+00:00, run_after=2025-04-24 00:00:00+00:00
[2025-04-23T16:57:24.136+0000] {processor.py:208} INFO - Processing /opt/airflow/dags/my_dag.py took 0.062 seconds
[2025-04-23T16:57:54.393+0000] {processor.py:186} INFO - Started process (PID=12029) to work on /opt/airflow/dags/my_dag.py
[2025-04-23T16:57:54.395+0000] {processor.py:914} INFO - Processing file /opt/airflow/dags/my_dag.py for tasks to queue
[2025-04-23T16:57:54.401+0000] {logging_mixin.py:190} INFO - [2025-04-23T16:57:54.400+0000] {dagbag.py:588} INFO - Filling up the DagBag from /opt/airflow/dags/my_dag.py
[2025-04-23T16:57:54.442+0000] {processor.py:925} INFO - DAG(s) 'TFL_DATA_DAG' retrieved from /opt/airflow/dags/my_dag.py
[2025-04-23T16:57:54.455+0000] {logging_mixin.py:190} INFO - [2025-04-23T16:57:54.455+0000] {dag.py:3239} INFO - Sync 1 DAGs
[2025-04-23T16:57:54.468+0000] {logging_mixin.py:190} INFO - [2025-04-23T16:57:54.468+0000] {dag.py:4180} INFO - Setting next_dagrun for TFL_DATA_DAG to 2025-04-23 00:00:00+00:00, run_after=2025-04-24 00:00:00+00:00
[2025-04-23T16:57:54.478+0000] {processor.py:208} INFO - Processing /opt/airflow/dags/my_dag.py took 0.088 seconds
[2025-04-23T16:58:24.726+0000] {processor.py:186} INFO - Started process (PID=12049) to work on /opt/airflow/dags/my_dag.py
[2025-04-23T16:58:24.729+0000] {processor.py:914} INFO - Processing file /opt/airflow/dags/my_dag.py for tasks to queue
[2025-04-23T16:58:24.731+0000] {logging_mixin.py:190} INFO - [2025-04-23T16:58:24.731+0000] {dagbag.py:588} INFO - Filling up the DagBag from /opt/airflow/dags/my_dag.py
[2025-04-23T16:58:24.756+0000] {processor.py:925} INFO - DAG(s) 'TFL_DATA_DAG' retrieved from /opt/airflow/dags/my_dag.py
[2025-04-23T16:58:24.781+0000] {logging_mixin.py:190} INFO - [2025-04-23T16:58:24.781+0000] {dag.py:3239} INFO - Sync 1 DAGs
[2025-04-23T16:58:24.798+0000] {logging_mixin.py:190} INFO - [2025-04-23T16:58:24.797+0000] {dag.py:4180} INFO - Setting next_dagrun for TFL_DATA_DAG to 2025-04-23 00:00:00+00:00, run_after=2025-04-24 00:00:00+00:00
[2025-04-23T16:58:24.811+0000] {processor.py:208} INFO - Processing /opt/airflow/dags/my_dag.py took 0.088 seconds
[2025-04-23T16:58:55.123+0000] {processor.py:186} INFO - Started process (PID=12070) to work on /opt/airflow/dags/my_dag.py
[2025-04-23T16:58:55.155+0000] {processor.py:914} INFO - Processing file /opt/airflow/dags/my_dag.py for tasks to queue
[2025-04-23T16:58:55.177+0000] {logging_mixin.py:190} INFO - [2025-04-23T16:58:55.176+0000] {dagbag.py:588} INFO - Filling up the DagBag from /opt/airflow/dags/my_dag.py
[2025-04-23T16:58:55.236+0000] {processor.py:925} INFO - DAG(s) 'TFL_DATA_DAG' retrieved from /opt/airflow/dags/my_dag.py
[2025-04-23T16:58:55.268+0000] {logging_mixin.py:190} INFO - [2025-04-23T16:58:55.267+0000] {dag.py:3239} INFO - Sync 1 DAGs
[2025-04-23T16:58:55.292+0000] {logging_mixin.py:190} INFO - [2025-04-23T16:58:55.292+0000] {dag.py:4180} INFO - Setting next_dagrun for TFL_DATA_DAG to 2025-04-23 00:00:00+00:00, run_after=2025-04-24 00:00:00+00:00
[2025-04-23T16:58:55.306+0000] {processor.py:208} INFO - Processing /opt/airflow/dags/my_dag.py took 0.188 seconds
[2025-04-23T16:59:25.468+0000] {processor.py:186} INFO - Started process (PID=12091) to work on /opt/airflow/dags/my_dag.py
[2025-04-23T16:59:25.469+0000] {processor.py:914} INFO - Processing file /opt/airflow/dags/my_dag.py for tasks to queue
[2025-04-23T16:59:25.472+0000] {logging_mixin.py:190} INFO - [2025-04-23T16:59:25.471+0000] {dagbag.py:588} INFO - Filling up the DagBag from /opt/airflow/dags/my_dag.py
[2025-04-23T16:59:25.551+0000] {processor.py:925} INFO - DAG(s) 'TFL_DATA_DAG' retrieved from /opt/airflow/dags/my_dag.py
[2025-04-23T16:59:25.569+0000] {logging_mixin.py:190} INFO - [2025-04-23T16:59:25.569+0000] {dag.py:3239} INFO - Sync 1 DAGs
[2025-04-23T16:59:25.583+0000] {logging_mixin.py:190} INFO - [2025-04-23T16:59:25.583+0000] {dag.py:4180} INFO - Setting next_dagrun for TFL_DATA_DAG to 2025-04-23 00:00:00+00:00, run_after=2025-04-24 00:00:00+00:00
[2025-04-23T16:59:25.599+0000] {processor.py:208} INFO - Processing /opt/airflow/dags/my_dag.py took 0.135 seconds
[2025-04-23T16:59:55.848+0000] {processor.py:186} INFO - Started process (PID=12112) to work on /opt/airflow/dags/my_dag.py
[2025-04-23T16:59:55.850+0000] {processor.py:914} INFO - Processing file /opt/airflow/dags/my_dag.py for tasks to queue
[2025-04-23T16:59:55.855+0000] {logging_mixin.py:190} INFO - [2025-04-23T16:59:55.854+0000] {dagbag.py:588} INFO - Filling up the DagBag from /opt/airflow/dags/my_dag.py
[2025-04-23T16:59:55.912+0000] {processor.py:925} INFO - DAG(s) 'TFL_DATA_DAG' retrieved from /opt/airflow/dags/my_dag.py
[2025-04-23T16:59:55.932+0000] {logging_mixin.py:190} INFO - [2025-04-23T16:59:55.932+0000] {dag.py:3239} INFO - Sync 1 DAGs
[2025-04-23T16:59:55.946+0000] {logging_mixin.py:190} INFO - [2025-04-23T16:59:55.946+0000] {dag.py:4180} INFO - Setting next_dagrun for TFL_DATA_DAG to 2025-04-23 00:00:00+00:00, run_after=2025-04-24 00:00:00+00:00
[2025-04-23T16:59:55.959+0000] {processor.py:208} INFO - Processing /opt/airflow/dags/my_dag.py took 0.116 seconds
[2025-04-23T17:00:26.294+0000] {processor.py:186} INFO - Started process (PID=12133) to work on /opt/airflow/dags/my_dag.py
[2025-04-23T17:00:26.295+0000] {processor.py:914} INFO - Processing file /opt/airflow/dags/my_dag.py for tasks to queue
[2025-04-23T17:00:26.302+0000] {logging_mixin.py:190} INFO - [2025-04-23T17:00:26.302+0000] {dagbag.py:588} INFO - Filling up the DagBag from /opt/airflow/dags/my_dag.py
[2025-04-23T17:00:26.320+0000] {processor.py:925} INFO - DAG(s) 'TFL_DATA_DAG' retrieved from /opt/airflow/dags/my_dag.py
[2025-04-23T17:00:26.335+0000] {logging_mixin.py:190} INFO - [2025-04-23T17:00:26.335+0000] {dag.py:3239} INFO - Sync 1 DAGs
[2025-04-23T17:00:26.353+0000] {logging_mixin.py:190} INFO - [2025-04-23T17:00:26.353+0000] {dag.py:4180} INFO - Setting next_dagrun for TFL_DATA_DAG to 2025-04-23 00:00:00+00:00, run_after=2025-04-24 00:00:00+00:00
[2025-04-23T17:00:26.367+0000] {processor.py:208} INFO - Processing /opt/airflow/dags/my_dag.py took 0.076 seconds
[2025-04-23T17:00:56.683+0000] {processor.py:186} INFO - Started process (PID=12154) to work on /opt/airflow/dags/my_dag.py
[2025-04-23T17:00:56.695+0000] {processor.py:914} INFO - Processing file /opt/airflow/dags/my_dag.py for tasks to queue
[2025-04-23T17:00:56.711+0000] {logging_mixin.py:190} INFO - [2025-04-23T17:00:56.710+0000] {dagbag.py:588} INFO - Filling up the DagBag from /opt/airflow/dags/my_dag.py
[2025-04-23T17:00:56.799+0000] {processor.py:925} INFO - DAG(s) 'TFL_DATA_DAG' retrieved from /opt/airflow/dags/my_dag.py
[2025-04-23T17:00:56.814+0000] {logging_mixin.py:190} INFO - [2025-04-23T17:00:56.814+0000] {dag.py:3239} INFO - Sync 1 DAGs
[2025-04-23T17:00:56.829+0000] {logging_mixin.py:190} INFO - [2025-04-23T17:00:56.828+0000] {dag.py:4180} INFO - Setting next_dagrun for TFL_DATA_DAG to 2025-04-23 00:00:00+00:00, run_after=2025-04-24 00:00:00+00:00
[2025-04-23T17:00:56.840+0000] {processor.py:208} INFO - Processing /opt/airflow/dags/my_dag.py took 0.162 seconds
[2025-04-23T17:01:26.960+0000] {processor.py:186} INFO - Started process (PID=12175) to work on /opt/airflow/dags/my_dag.py
[2025-04-23T17:01:26.961+0000] {processor.py:914} INFO - Processing file /opt/airflow/dags/my_dag.py for tasks to queue
[2025-04-23T17:01:26.964+0000] {logging_mixin.py:190} INFO - [2025-04-23T17:01:26.964+0000] {dagbag.py:588} INFO - Filling up the DagBag from /opt/airflow/dags/my_dag.py
[2025-04-23T17:01:26.987+0000] {processor.py:925} INFO - DAG(s) 'TFL_DATA_DAG' retrieved from /opt/airflow/dags/my_dag.py
[2025-04-23T17:01:27.004+0000] {logging_mixin.py:190} INFO - [2025-04-23T17:01:27.004+0000] {dag.py:3239} INFO - Sync 1 DAGs
[2025-04-23T17:01:27.018+0000] {logging_mixin.py:190} INFO - [2025-04-23T17:01:27.018+0000] {dag.py:4180} INFO - Setting next_dagrun for TFL_DATA_DAG to 2025-04-23 00:00:00+00:00, run_after=2025-04-24 00:00:00+00:00
[2025-04-23T17:01:27.030+0000] {processor.py:208} INFO - Processing /opt/airflow/dags/my_dag.py took 0.074 seconds
[2025-04-23T17:01:57.340+0000] {processor.py:186} INFO - Started process (PID=12196) to work on /opt/airflow/dags/my_dag.py
[2025-04-23T17:01:57.341+0000] {processor.py:914} INFO - Processing file /opt/airflow/dags/my_dag.py for tasks to queue
[2025-04-23T17:01:57.343+0000] {logging_mixin.py:190} INFO - [2025-04-23T17:01:57.343+0000] {dagbag.py:588} INFO - Filling up the DagBag from /opt/airflow/dags/my_dag.py
[2025-04-23T17:01:57.370+0000] {processor.py:925} INFO - DAG(s) 'TFL_DATA_DAG' retrieved from /opt/airflow/dags/my_dag.py
[2025-04-23T17:01:57.384+0000] {logging_mixin.py:190} INFO - [2025-04-23T17:01:57.384+0000] {dag.py:3239} INFO - Sync 1 DAGs
[2025-04-23T17:01:57.397+0000] {logging_mixin.py:190} INFO - [2025-04-23T17:01:57.397+0000] {dag.py:4180} INFO - Setting next_dagrun for TFL_DATA_DAG to 2025-04-23 00:00:00+00:00, run_after=2025-04-24 00:00:00+00:00
[2025-04-23T17:01:57.406+0000] {processor.py:208} INFO - Processing /opt/airflow/dags/my_dag.py took 0.074 seconds
[2025-04-23T17:02:27.588+0000] {processor.py:186} INFO - Started process (PID=12217) to work on /opt/airflow/dags/my_dag.py
[2025-04-23T17:02:27.589+0000] {processor.py:914} INFO - Processing file /opt/airflow/dags/my_dag.py for tasks to queue
[2025-04-23T17:02:27.591+0000] {logging_mixin.py:190} INFO - [2025-04-23T17:02:27.591+0000] {dagbag.py:588} INFO - Filling up the DagBag from /opt/airflow/dags/my_dag.py
[2025-04-23T17:02:27.612+0000] {processor.py:925} INFO - DAG(s) 'TFL_DATA_DAG' retrieved from /opt/airflow/dags/my_dag.py
[2025-04-23T17:02:27.626+0000] {logging_mixin.py:190} INFO - [2025-04-23T17:02:27.626+0000] {dag.py:3239} INFO - Sync 1 DAGs
[2025-04-23T17:02:27.640+0000] {logging_mixin.py:190} INFO - [2025-04-23T17:02:27.639+0000] {dag.py:4180} INFO - Setting next_dagrun for TFL_DATA_DAG to 2025-04-23 00:00:00+00:00, run_after=2025-04-24 00:00:00+00:00
[2025-04-23T17:02:27.654+0000] {processor.py:208} INFO - Processing /opt/airflow/dags/my_dag.py took 0.070 seconds
[2025-04-23T17:02:57.966+0000] {processor.py:186} INFO - Started process (PID=12238) to work on /opt/airflow/dags/my_dag.py
[2025-04-23T17:02:57.969+0000] {processor.py:914} INFO - Processing file /opt/airflow/dags/my_dag.py for tasks to queue
[2025-04-23T17:02:57.975+0000] {logging_mixin.py:190} INFO - [2025-04-23T17:02:57.974+0000] {dagbag.py:588} INFO - Filling up the DagBag from /opt/airflow/dags/my_dag.py
[2025-04-23T17:02:57.989+0000] {processor.py:925} INFO - DAG(s) 'TFL_DATA_DAG' retrieved from /opt/airflow/dags/my_dag.py
[2025-04-23T17:02:58.004+0000] {logging_mixin.py:190} INFO - [2025-04-23T17:02:58.003+0000] {dag.py:3239} INFO - Sync 1 DAGs
[2025-04-23T17:02:58.018+0000] {logging_mixin.py:190} INFO - [2025-04-23T17:02:58.017+0000] {dag.py:4180} INFO - Setting next_dagrun for TFL_DATA_DAG to 2025-04-23 00:00:00+00:00, run_after=2025-04-24 00:00:00+00:00
[2025-04-23T17:02:58.030+0000] {processor.py:208} INFO - Processing /opt/airflow/dags/my_dag.py took 0.067 seconds
[2025-04-23T17:03:28.321+0000] {processor.py:186} INFO - Started process (PID=12259) to work on /opt/airflow/dags/my_dag.py
[2025-04-23T17:03:28.322+0000] {processor.py:914} INFO - Processing file /opt/airflow/dags/my_dag.py for tasks to queue
[2025-04-23T17:03:28.324+0000] {logging_mixin.py:190} INFO - [2025-04-23T17:03:28.324+0000] {dagbag.py:588} INFO - Filling up the DagBag from /opt/airflow/dags/my_dag.py
[2025-04-23T17:03:28.340+0000] {processor.py:925} INFO - DAG(s) 'TFL_DATA_DAG' retrieved from /opt/airflow/dags/my_dag.py
[2025-04-23T17:03:28.354+0000] {logging_mixin.py:190} INFO - [2025-04-23T17:03:28.354+0000] {dag.py:3239} INFO - Sync 1 DAGs
[2025-04-23T17:03:28.369+0000] {logging_mixin.py:190} INFO - [2025-04-23T17:03:28.369+0000] {dag.py:4180} INFO - Setting next_dagrun for TFL_DATA_DAG to 2025-04-23 00:00:00+00:00, run_after=2025-04-24 00:00:00+00:00
[2025-04-23T17:03:28.382+0000] {processor.py:208} INFO - Processing /opt/airflow/dags/my_dag.py took 0.065 seconds
[2025-04-23T17:03:58.752+0000] {processor.py:186} INFO - Started process (PID=12280) to work on /opt/airflow/dags/my_dag.py
[2025-04-23T17:03:58.753+0000] {processor.py:914} INFO - Processing file /opt/airflow/dags/my_dag.py for tasks to queue
[2025-04-23T17:03:58.756+0000] {logging_mixin.py:190} INFO - [2025-04-23T17:03:58.756+0000] {dagbag.py:588} INFO - Filling up the DagBag from /opt/airflow/dags/my_dag.py
[2025-04-23T17:03:58.783+0000] {processor.py:925} INFO - DAG(s) 'TFL_DATA_DAG' retrieved from /opt/airflow/dags/my_dag.py
[2025-04-23T17:03:58.798+0000] {logging_mixin.py:190} INFO - [2025-04-23T17:03:58.797+0000] {dag.py:3239} INFO - Sync 1 DAGs
[2025-04-23T17:03:58.810+0000] {logging_mixin.py:190} INFO - [2025-04-23T17:03:58.810+0000] {dag.py:4180} INFO - Setting next_dagrun for TFL_DATA_DAG to 2025-04-23 00:00:00+00:00, run_after=2025-04-24 00:00:00+00:00
[2025-04-23T17:03:58.822+0000] {processor.py:208} INFO - Processing /opt/airflow/dags/my_dag.py took 0.076 seconds
[2025-04-23T17:04:28.998+0000] {processor.py:186} INFO - Started process (PID=12301) to work on /opt/airflow/dags/my_dag.py
[2025-04-23T17:04:29.001+0000] {processor.py:914} INFO - Processing file /opt/airflow/dags/my_dag.py for tasks to queue
[2025-04-23T17:04:29.005+0000] {logging_mixin.py:190} INFO - [2025-04-23T17:04:29.005+0000] {dagbag.py:588} INFO - Filling up the DagBag from /opt/airflow/dags/my_dag.py
[2025-04-23T17:04:29.038+0000] {processor.py:925} INFO - DAG(s) 'TFL_DATA_DAG' retrieved from /opt/airflow/dags/my_dag.py
[2025-04-23T17:04:29.055+0000] {logging_mixin.py:190} INFO - [2025-04-23T17:04:29.055+0000] {dag.py:3239} INFO - Sync 1 DAGs
[2025-04-23T17:04:29.072+0000] {logging_mixin.py:190} INFO - [2025-04-23T17:04:29.072+0000] {dag.py:4180} INFO - Setting next_dagrun for TFL_DATA_DAG to 2025-04-23 00:00:00+00:00, run_after=2025-04-24 00:00:00+00:00
[2025-04-23T17:04:29.086+0000] {processor.py:208} INFO - Processing /opt/airflow/dags/my_dag.py took 0.092 seconds
[2025-04-23T17:04:59.438+0000] {processor.py:186} INFO - Started process (PID=12322) to work on /opt/airflow/dags/my_dag.py
[2025-04-23T17:04:59.440+0000] {processor.py:914} INFO - Processing file /opt/airflow/dags/my_dag.py for tasks to queue
[2025-04-23T17:04:59.442+0000] {logging_mixin.py:190} INFO - [2025-04-23T17:04:59.442+0000] {dagbag.py:588} INFO - Filling up the DagBag from /opt/airflow/dags/my_dag.py
[2025-04-23T17:04:59.482+0000] {processor.py:925} INFO - DAG(s) 'TFL_DATA_DAG' retrieved from /opt/airflow/dags/my_dag.py
[2025-04-23T17:04:59.499+0000] {logging_mixin.py:190} INFO - [2025-04-23T17:04:59.499+0000] {dag.py:3239} INFO - Sync 1 DAGs
[2025-04-23T17:04:59.520+0000] {logging_mixin.py:190} INFO - [2025-04-23T17:04:59.520+0000] {dag.py:4180} INFO - Setting next_dagrun for TFL_DATA_DAG to 2025-04-23 00:00:00+00:00, run_after=2025-04-24 00:00:00+00:00
[2025-04-23T17:04:59.535+0000] {processor.py:208} INFO - Processing /opt/airflow/dags/my_dag.py took 0.100 seconds
[2025-04-23T17:05:29.842+0000] {processor.py:186} INFO - Started process (PID=12343) to work on /opt/airflow/dags/my_dag.py
[2025-04-23T17:05:29.844+0000] {processor.py:914} INFO - Processing file /opt/airflow/dags/my_dag.py for tasks to queue
[2025-04-23T17:05:29.847+0000] {logging_mixin.py:190} INFO - [2025-04-23T17:05:29.846+0000] {dagbag.py:588} INFO - Filling up the DagBag from /opt/airflow/dags/my_dag.py
[2025-04-23T17:05:29.882+0000] {processor.py:925} INFO - DAG(s) 'TFL_DATA_DAG' retrieved from /opt/airflow/dags/my_dag.py
[2025-04-23T17:05:29.899+0000] {logging_mixin.py:190} INFO - [2025-04-23T17:05:29.899+0000] {dag.py:3239} INFO - Sync 1 DAGs
[2025-04-23T17:05:29.915+0000] {logging_mixin.py:190} INFO - [2025-04-23T17:05:29.914+0000] {dag.py:4180} INFO - Setting next_dagrun for TFL_DATA_DAG to 2025-04-23 00:00:00+00:00, run_after=2025-04-24 00:00:00+00:00
[2025-04-23T17:05:29.927+0000] {processor.py:208} INFO - Processing /opt/airflow/dags/my_dag.py took 0.089 seconds
[2025-04-23T17:06:00.164+0000] {processor.py:186} INFO - Started process (PID=12364) to work on /opt/airflow/dags/my_dag.py
[2025-04-23T17:06:00.165+0000] {processor.py:914} INFO - Processing file /opt/airflow/dags/my_dag.py for tasks to queue
[2025-04-23T17:06:00.170+0000] {logging_mixin.py:190} INFO - [2025-04-23T17:06:00.170+0000] {dagbag.py:588} INFO - Filling up the DagBag from /opt/airflow/dags/my_dag.py
[2025-04-23T17:06:00.203+0000] {processor.py:925} INFO - DAG(s) 'TFL_DATA_DAG' retrieved from /opt/airflow/dags/my_dag.py
[2025-04-23T17:06:00.220+0000] {logging_mixin.py:190} INFO - [2025-04-23T17:06:00.220+0000] {dag.py:3239} INFO - Sync 1 DAGs
[2025-04-23T17:06:00.235+0000] {logging_mixin.py:190} INFO - [2025-04-23T17:06:00.234+0000] {dag.py:4180} INFO - Setting next_dagrun for TFL_DATA_DAG to 2025-04-23 00:00:00+00:00, run_after=2025-04-24 00:00:00+00:00
[2025-04-23T17:06:00.247+0000] {processor.py:208} INFO - Processing /opt/airflow/dags/my_dag.py took 0.086 seconds
[2025-04-23T17:06:30.565+0000] {processor.py:186} INFO - Started process (PID=12385) to work on /opt/airflow/dags/my_dag.py
[2025-04-23T17:06:30.566+0000] {processor.py:914} INFO - Processing file /opt/airflow/dags/my_dag.py for tasks to queue
[2025-04-23T17:06:30.571+0000] {logging_mixin.py:190} INFO - [2025-04-23T17:06:30.570+0000] {dagbag.py:588} INFO - Filling up the DagBag from /opt/airflow/dags/my_dag.py
[2025-04-23T17:06:30.609+0000] {processor.py:925} INFO - DAG(s) 'TFL_DATA_DAG' retrieved from /opt/airflow/dags/my_dag.py
[2025-04-23T17:06:30.629+0000] {logging_mixin.py:190} INFO - [2025-04-23T17:06:30.629+0000] {dag.py:3239} INFO - Sync 1 DAGs
[2025-04-23T17:06:30.777+0000] {logging_mixin.py:190} INFO - [2025-04-23T17:06:30.777+0000] {dag.py:4180} INFO - Setting next_dagrun for TFL_DATA_DAG to 2025-04-23 00:00:00+00:00, run_after=2025-04-24 00:00:00+00:00
[2025-04-23T17:06:30.792+0000] {processor.py:208} INFO - Processing /opt/airflow/dags/my_dag.py took 0.230 seconds
[2025-04-23T17:07:01.039+0000] {processor.py:186} INFO - Started process (PID=12406) to work on /opt/airflow/dags/my_dag.py
[2025-04-23T17:07:01.043+0000] {processor.py:914} INFO - Processing file /opt/airflow/dags/my_dag.py for tasks to queue
[2025-04-23T17:07:01.046+0000] {logging_mixin.py:190} INFO - [2025-04-23T17:07:01.046+0000] {dagbag.py:588} INFO - Filling up the DagBag from /opt/airflow/dags/my_dag.py
[2025-04-23T17:07:01.083+0000] {processor.py:925} INFO - DAG(s) 'TFL_DATA_DAG' retrieved from /opt/airflow/dags/my_dag.py
[2025-04-23T17:07:01.098+0000] {logging_mixin.py:190} INFO - [2025-04-23T17:07:01.097+0000] {dag.py:3239} INFO - Sync 1 DAGs
[2025-04-23T17:07:01.222+0000] {logging_mixin.py:190} INFO - [2025-04-23T17:07:01.222+0000] {dag.py:4180} INFO - Setting next_dagrun for TFL_DATA_DAG to 2025-04-23 00:00:00+00:00, run_after=2025-04-24 00:00:00+00:00
[2025-04-23T17:07:01.232+0000] {processor.py:208} INFO - Processing /opt/airflow/dags/my_dag.py took 0.197 seconds
[2025-04-23T17:07:31.462+0000] {processor.py:186} INFO - Started process (PID=12427) to work on /opt/airflow/dags/my_dag.py
[2025-04-23T17:07:31.463+0000] {processor.py:914} INFO - Processing file /opt/airflow/dags/my_dag.py for tasks to queue
[2025-04-23T17:07:31.466+0000] {logging_mixin.py:190} INFO - [2025-04-23T17:07:31.466+0000] {dagbag.py:588} INFO - Filling up the DagBag from /opt/airflow/dags/my_dag.py
[2025-04-23T17:07:31.586+0000] {processor.py:925} INFO - DAG(s) 'TFL_DATA_DAG' retrieved from /opt/airflow/dags/my_dag.py
[2025-04-23T17:07:31.599+0000] {logging_mixin.py:190} INFO - [2025-04-23T17:07:31.599+0000] {dag.py:3239} INFO - Sync 1 DAGs
[2025-04-23T17:07:31.611+0000] {logging_mixin.py:190} INFO - [2025-04-23T17:07:31.611+0000] {dag.py:4180} INFO - Setting next_dagrun for TFL_DATA_DAG to 2025-04-23 00:00:00+00:00, run_after=2025-04-24 00:00:00+00:00
[2025-04-23T17:07:31.622+0000] {processor.py:208} INFO - Processing /opt/airflow/dags/my_dag.py took 0.168 seconds
[2025-04-23T17:08:02.035+0000] {processor.py:186} INFO - Started process (PID=12448) to work on /opt/airflow/dags/my_dag.py
[2025-04-23T17:08:02.036+0000] {processor.py:914} INFO - Processing file /opt/airflow/dags/my_dag.py for tasks to queue
[2025-04-23T17:08:02.038+0000] {logging_mixin.py:190} INFO - [2025-04-23T17:08:02.038+0000] {dagbag.py:588} INFO - Filling up the DagBag from /opt/airflow/dags/my_dag.py
[2025-04-23T17:08:02.050+0000] {processor.py:925} INFO - DAG(s) 'TFL_DATA_DAG' retrieved from /opt/airflow/dags/my_dag.py
[2025-04-23T17:08:02.064+0000] {logging_mixin.py:190} INFO - [2025-04-23T17:08:02.064+0000] {dag.py:3239} INFO - Sync 1 DAGs
[2025-04-23T17:08:02.078+0000] {logging_mixin.py:190} INFO - [2025-04-23T17:08:02.078+0000] {dag.py:4180} INFO - Setting next_dagrun for TFL_DATA_DAG to 2025-04-23 00:00:00+00:00, run_after=2025-04-24 00:00:00+00:00
[2025-04-23T17:08:02.092+0000] {processor.py:208} INFO - Processing /opt/airflow/dags/my_dag.py took 0.060 seconds
[2025-04-23T17:08:32.402+0000] {processor.py:186} INFO - Started process (PID=12469) to work on /opt/airflow/dags/my_dag.py
[2025-04-23T17:08:32.403+0000] {processor.py:914} INFO - Processing file /opt/airflow/dags/my_dag.py for tasks to queue
[2025-04-23T17:08:32.406+0000] {logging_mixin.py:190} INFO - [2025-04-23T17:08:32.405+0000] {dagbag.py:588} INFO - Filling up the DagBag from /opt/airflow/dags/my_dag.py
[2025-04-23T17:08:32.446+0000] {processor.py:925} INFO - DAG(s) 'TFL_DATA_DAG' retrieved from /opt/airflow/dags/my_dag.py
[2025-04-23T17:08:32.462+0000] {logging_mixin.py:190} INFO - [2025-04-23T17:08:32.462+0000] {dag.py:3239} INFO - Sync 1 DAGs
[2025-04-23T17:08:32.477+0000] {logging_mixin.py:190} INFO - [2025-04-23T17:08:32.477+0000] {dag.py:4180} INFO - Setting next_dagrun for TFL_DATA_DAG to 2025-04-23 00:00:00+00:00, run_after=2025-04-24 00:00:00+00:00
[2025-04-23T17:08:32.492+0000] {processor.py:208} INFO - Processing /opt/airflow/dags/my_dag.py took 0.094 seconds
[2025-04-23T17:09:02.768+0000] {processor.py:186} INFO - Started process (PID=12490) to work on /opt/airflow/dags/my_dag.py
[2025-04-23T17:09:02.770+0000] {processor.py:914} INFO - Processing file /opt/airflow/dags/my_dag.py for tasks to queue
[2025-04-23T17:09:02.777+0000] {logging_mixin.py:190} INFO - [2025-04-23T17:09:02.777+0000] {dagbag.py:588} INFO - Filling up the DagBag from /opt/airflow/dags/my_dag.py
[2025-04-23T17:09:02.806+0000] {processor.py:925} INFO - DAG(s) 'TFL_DATA_DAG' retrieved from /opt/airflow/dags/my_dag.py
[2025-04-23T17:09:02.825+0000] {logging_mixin.py:190} INFO - [2025-04-23T17:09:02.825+0000] {dag.py:3239} INFO - Sync 1 DAGs
[2025-04-23T17:09:02.842+0000] {logging_mixin.py:190} INFO - [2025-04-23T17:09:02.841+0000] {dag.py:4180} INFO - Setting next_dagrun for TFL_DATA_DAG to 2025-04-23 00:00:00+00:00, run_after=2025-04-24 00:00:00+00:00
[2025-04-23T17:09:02.855+0000] {processor.py:208} INFO - Processing /opt/airflow/dags/my_dag.py took 0.091 seconds
[2025-04-23T17:09:33.069+0000] {processor.py:186} INFO - Started process (PID=12511) to work on /opt/airflow/dags/my_dag.py
[2025-04-23T17:09:33.070+0000] {processor.py:914} INFO - Processing file /opt/airflow/dags/my_dag.py for tasks to queue
[2025-04-23T17:09:33.072+0000] {logging_mixin.py:190} INFO - [2025-04-23T17:09:33.072+0000] {dagbag.py:588} INFO - Filling up the DagBag from /opt/airflow/dags/my_dag.py
[2025-04-23T17:09:33.083+0000] {processor.py:925} INFO - DAG(s) 'TFL_DATA_DAG' retrieved from /opt/airflow/dags/my_dag.py
[2025-04-23T17:09:33.097+0000] {logging_mixin.py:190} INFO - [2025-04-23T17:09:33.097+0000] {dag.py:3239} INFO - Sync 1 DAGs
[2025-04-23T17:09:33.110+0000] {logging_mixin.py:190} INFO - [2025-04-23T17:09:33.110+0000] {dag.py:4180} INFO - Setting next_dagrun for TFL_DATA_DAG to 2025-04-23 00:00:00+00:00, run_after=2025-04-24 00:00:00+00:00
[2025-04-23T17:09:33.127+0000] {processor.py:208} INFO - Processing /opt/airflow/dags/my_dag.py took 0.061 seconds
[2025-04-23T17:10:03.563+0000] {processor.py:186} INFO - Started process (PID=12532) to work on /opt/airflow/dags/my_dag.py
[2025-04-23T17:10:03.564+0000] {processor.py:914} INFO - Processing file /opt/airflow/dags/my_dag.py for tasks to queue
[2025-04-23T17:10:03.567+0000] {logging_mixin.py:190} INFO - [2025-04-23T17:10:03.567+0000] {dagbag.py:588} INFO - Filling up the DagBag from /opt/airflow/dags/my_dag.py
[2025-04-23T17:10:03.583+0000] {processor.py:925} INFO - DAG(s) 'TFL_DATA_DAG' retrieved from /opt/airflow/dags/my_dag.py
[2025-04-23T17:10:03.598+0000] {logging_mixin.py:190} INFO - [2025-04-23T17:10:03.597+0000] {dag.py:3239} INFO - Sync 1 DAGs
[2025-04-23T17:10:03.610+0000] {logging_mixin.py:190} INFO - [2025-04-23T17:10:03.610+0000] {dag.py:4180} INFO - Setting next_dagrun for TFL_DATA_DAG to 2025-04-23 00:00:00+00:00, run_after=2025-04-24 00:00:00+00:00
[2025-04-23T17:10:03.623+0000] {processor.py:208} INFO - Processing /opt/airflow/dags/my_dag.py took 0.063 seconds
[2025-04-23T17:10:33.900+0000] {processor.py:186} INFO - Started process (PID=12553) to work on /opt/airflow/dags/my_dag.py
[2025-04-23T17:10:33.901+0000] {processor.py:914} INFO - Processing file /opt/airflow/dags/my_dag.py for tasks to queue
[2025-04-23T17:10:33.903+0000] {logging_mixin.py:190} INFO - [2025-04-23T17:10:33.902+0000] {dagbag.py:588} INFO - Filling up the DagBag from /opt/airflow/dags/my_dag.py
[2025-04-23T17:10:33.914+0000] {processor.py:925} INFO - DAG(s) 'TFL_DATA_DAG' retrieved from /opt/airflow/dags/my_dag.py
[2025-04-23T17:10:33.928+0000] {logging_mixin.py:190} INFO - [2025-04-23T17:10:33.928+0000] {dag.py:3239} INFO - Sync 1 DAGs
[2025-04-23T17:10:33.941+0000] {logging_mixin.py:190} INFO - [2025-04-23T17:10:33.941+0000] {dag.py:4180} INFO - Setting next_dagrun for TFL_DATA_DAG to 2025-04-23 00:00:00+00:00, run_after=2025-04-24 00:00:00+00:00
[2025-04-23T17:10:33.953+0000] {processor.py:208} INFO - Processing /opt/airflow/dags/my_dag.py took 0.056 seconds
[2025-04-23T17:11:04.226+0000] {processor.py:186} INFO - Started process (PID=12574) to work on /opt/airflow/dags/my_dag.py
[2025-04-23T17:11:04.228+0000] {processor.py:914} INFO - Processing file /opt/airflow/dags/my_dag.py for tasks to queue
[2025-04-23T17:11:04.230+0000] {logging_mixin.py:190} INFO - [2025-04-23T17:11:04.230+0000] {dagbag.py:588} INFO - Filling up the DagBag from /opt/airflow/dags/my_dag.py
[2025-04-23T17:11:04.281+0000] {processor.py:925} INFO - DAG(s) 'TFL_DATA_DAG' retrieved from /opt/airflow/dags/my_dag.py
[2025-04-23T17:11:04.296+0000] {logging_mixin.py:190} INFO - [2025-04-23T17:11:04.296+0000] {dag.py:3239} INFO - Sync 1 DAGs
[2025-04-23T17:11:04.309+0000] {logging_mixin.py:190} INFO - [2025-04-23T17:11:04.309+0000] {dag.py:4180} INFO - Setting next_dagrun for TFL_DATA_DAG to 2025-04-23 00:00:00+00:00, run_after=2025-04-24 00:00:00+00:00
[2025-04-23T17:11:04.325+0000] {processor.py:208} INFO - Processing /opt/airflow/dags/my_dag.py took 0.102 seconds
[2025-04-23T17:11:34.618+0000] {processor.py:186} INFO - Started process (PID=12594) to work on /opt/airflow/dags/my_dag.py
[2025-04-23T17:11:34.619+0000] {processor.py:914} INFO - Processing file /opt/airflow/dags/my_dag.py for tasks to queue
[2025-04-23T17:11:34.621+0000] {logging_mixin.py:190} INFO - [2025-04-23T17:11:34.621+0000] {dagbag.py:588} INFO - Filling up the DagBag from /opt/airflow/dags/my_dag.py
[2025-04-23T17:11:34.646+0000] {processor.py:925} INFO - DAG(s) 'TFL_DATA_DAG' retrieved from /opt/airflow/dags/my_dag.py
[2025-04-23T17:11:34.664+0000] {logging_mixin.py:190} INFO - [2025-04-23T17:11:34.664+0000] {dag.py:3239} INFO - Sync 1 DAGs
[2025-04-23T17:11:34.679+0000] {logging_mixin.py:190} INFO - [2025-04-23T17:11:34.678+0000] {dag.py:4180} INFO - Setting next_dagrun for TFL_DATA_DAG to 2025-04-23 00:00:00+00:00, run_after=2025-04-24 00:00:00+00:00
[2025-04-23T17:11:34.692+0000] {processor.py:208} INFO - Processing /opt/airflow/dags/my_dag.py took 0.077 seconds
[2025-04-23T17:12:04.971+0000] {processor.py:186} INFO - Started process (PID=12615) to work on /opt/airflow/dags/my_dag.py
[2025-04-23T17:12:04.973+0000] {processor.py:914} INFO - Processing file /opt/airflow/dags/my_dag.py for tasks to queue
[2025-04-23T17:12:04.976+0000] {logging_mixin.py:190} INFO - [2025-04-23T17:12:04.976+0000] {dagbag.py:588} INFO - Filling up the DagBag from /opt/airflow/dags/my_dag.py
[2025-04-23T17:12:05.009+0000] {processor.py:925} INFO - DAG(s) 'TFL_DATA_DAG' retrieved from /opt/airflow/dags/my_dag.py
[2025-04-23T17:12:05.028+0000] {logging_mixin.py:190} INFO - [2025-04-23T17:12:05.028+0000] {dag.py:3239} INFO - Sync 1 DAGs
[2025-04-23T17:12:05.043+0000] {logging_mixin.py:190} INFO - [2025-04-23T17:12:05.043+0000] {dag.py:4180} INFO - Setting next_dagrun for TFL_DATA_DAG to 2025-04-23 00:00:00+00:00, run_after=2025-04-24 00:00:00+00:00
[2025-04-23T17:12:05.057+0000] {processor.py:208} INFO - Processing /opt/airflow/dags/my_dag.py took 0.090 seconds
[2025-04-23T17:12:35.423+0000] {processor.py:186} INFO - Started process (PID=12636) to work on /opt/airflow/dags/my_dag.py
[2025-04-23T17:12:35.425+0000] {processor.py:914} INFO - Processing file /opt/airflow/dags/my_dag.py for tasks to queue
[2025-04-23T17:12:35.431+0000] {logging_mixin.py:190} INFO - [2025-04-23T17:12:35.431+0000] {dagbag.py:588} INFO - Filling up the DagBag from /opt/airflow/dags/my_dag.py
[2025-04-23T17:12:35.448+0000] {processor.py:925} INFO - DAG(s) 'TFL_DATA_DAG' retrieved from /opt/airflow/dags/my_dag.py
[2025-04-23T17:12:35.465+0000] {logging_mixin.py:190} INFO - [2025-04-23T17:12:35.465+0000] {dag.py:3239} INFO - Sync 1 DAGs
[2025-04-23T17:12:35.481+0000] {logging_mixin.py:190} INFO - [2025-04-23T17:12:35.481+0000] {dag.py:4180} INFO - Setting next_dagrun for TFL_DATA_DAG to 2025-04-23 00:00:00+00:00, run_after=2025-04-24 00:00:00+00:00
[2025-04-23T17:12:35.492+0000] {processor.py:208} INFO - Processing /opt/airflow/dags/my_dag.py took 0.076 seconds
[2025-04-23T17:13:05.773+0000] {processor.py:186} INFO - Started process (PID=12657) to work on /opt/airflow/dags/my_dag.py
[2025-04-23T17:13:05.775+0000] {processor.py:914} INFO - Processing file /opt/airflow/dags/my_dag.py for tasks to queue
[2025-04-23T17:13:05.777+0000] {logging_mixin.py:190} INFO - [2025-04-23T17:13:05.777+0000] {dagbag.py:588} INFO - Filling up the DagBag from /opt/airflow/dags/my_dag.py
[2025-04-23T17:13:05.794+0000] {processor.py:925} INFO - DAG(s) 'TFL_DATA_DAG' retrieved from /opt/airflow/dags/my_dag.py
[2025-04-23T17:13:05.809+0000] {logging_mixin.py:190} INFO - [2025-04-23T17:13:05.809+0000] {dag.py:3239} INFO - Sync 1 DAGs
[2025-04-23T17:13:05.824+0000] {logging_mixin.py:190} INFO - [2025-04-23T17:13:05.824+0000] {dag.py:4180} INFO - Setting next_dagrun for TFL_DATA_DAG to 2025-04-23 00:00:00+00:00, run_after=2025-04-24 00:00:00+00:00
[2025-04-23T17:13:05.835+0000] {processor.py:208} INFO - Processing /opt/airflow/dags/my_dag.py took 0.067 seconds
[2025-04-23T17:13:36.157+0000] {processor.py:186} INFO - Started process (PID=12678) to work on /opt/airflow/dags/my_dag.py
[2025-04-23T17:13:36.159+0000] {processor.py:914} INFO - Processing file /opt/airflow/dags/my_dag.py for tasks to queue
[2025-04-23T17:13:36.163+0000] {logging_mixin.py:190} INFO - [2025-04-23T17:13:36.162+0000] {dagbag.py:588} INFO - Filling up the DagBag from /opt/airflow/dags/my_dag.py
[2025-04-23T17:13:36.183+0000] {processor.py:925} INFO - DAG(s) 'TFL_DATA_DAG' retrieved from /opt/airflow/dags/my_dag.py
[2025-04-23T17:13:36.200+0000] {logging_mixin.py:190} INFO - [2025-04-23T17:13:36.199+0000] {dag.py:3239} INFO - Sync 1 DAGs
[2025-04-23T17:13:36.217+0000] {logging_mixin.py:190} INFO - [2025-04-23T17:13:36.217+0000] {dag.py:4180} INFO - Setting next_dagrun for TFL_DATA_DAG to 2025-04-23 00:00:00+00:00, run_after=2025-04-24 00:00:00+00:00
[2025-04-23T17:13:36.230+0000] {processor.py:208} INFO - Processing /opt/airflow/dags/my_dag.py took 0.077 seconds
[2025-04-23T17:14:06.498+0000] {processor.py:186} INFO - Started process (PID=12698) to work on /opt/airflow/dags/my_dag.py
[2025-04-23T17:14:06.500+0000] {processor.py:914} INFO - Processing file /opt/airflow/dags/my_dag.py for tasks to queue
[2025-04-23T17:14:06.505+0000] {logging_mixin.py:190} INFO - [2025-04-23T17:14:06.504+0000] {dagbag.py:588} INFO - Filling up the DagBag from /opt/airflow/dags/my_dag.py
[2025-04-23T17:14:06.541+0000] {processor.py:925} INFO - DAG(s) 'TFL_DATA_DAG' retrieved from /opt/airflow/dags/my_dag.py
[2025-04-23T17:14:06.561+0000] {logging_mixin.py:190} INFO - [2025-04-23T17:14:06.561+0000] {dag.py:3239} INFO - Sync 1 DAGs
[2025-04-23T17:14:06.578+0000] {logging_mixin.py:190} INFO - [2025-04-23T17:14:06.578+0000] {dag.py:4180} INFO - Setting next_dagrun for TFL_DATA_DAG to 2025-04-23 00:00:00+00:00, run_after=2025-04-24 00:00:00+00:00
[2025-04-23T17:14:06.595+0000] {processor.py:208} INFO - Processing /opt/airflow/dags/my_dag.py took 0.102 seconds
[2025-04-23T17:14:36.915+0000] {processor.py:186} INFO - Started process (PID=12719) to work on /opt/airflow/dags/my_dag.py
[2025-04-23T17:14:36.917+0000] {processor.py:914} INFO - Processing file /opt/airflow/dags/my_dag.py for tasks to queue
[2025-04-23T17:14:36.919+0000] {logging_mixin.py:190} INFO - [2025-04-23T17:14:36.919+0000] {dagbag.py:588} INFO - Filling up the DagBag from /opt/airflow/dags/my_dag.py
[2025-04-23T17:14:36.931+0000] {processor.py:925} INFO - DAG(s) 'TFL_DATA_DAG' retrieved from /opt/airflow/dags/my_dag.py
[2025-04-23T17:14:36.945+0000] {logging_mixin.py:190} INFO - [2025-04-23T17:14:36.944+0000] {dag.py:3239} INFO - Sync 1 DAGs
[2025-04-23T17:14:36.958+0000] {logging_mixin.py:190} INFO - [2025-04-23T17:14:36.958+0000] {dag.py:4180} INFO - Setting next_dagrun for TFL_DATA_DAG to 2025-04-23 00:00:00+00:00, run_after=2025-04-24 00:00:00+00:00
[2025-04-23T17:14:36.970+0000] {processor.py:208} INFO - Processing /opt/airflow/dags/my_dag.py took 0.059 seconds
[2025-04-23T17:15:07.190+0000] {processor.py:186} INFO - Started process (PID=12740) to work on /opt/airflow/dags/my_dag.py
[2025-04-23T17:15:07.193+0000] {processor.py:914} INFO - Processing file /opt/airflow/dags/my_dag.py for tasks to queue
[2025-04-23T17:15:07.195+0000] {logging_mixin.py:190} INFO - [2025-04-23T17:15:07.195+0000] {dagbag.py:588} INFO - Filling up the DagBag from /opt/airflow/dags/my_dag.py
[2025-04-23T17:15:07.225+0000] {processor.py:925} INFO - DAG(s) 'TFL_DATA_DAG' retrieved from /opt/airflow/dags/my_dag.py
[2025-04-23T17:15:07.242+0000] {logging_mixin.py:190} INFO - [2025-04-23T17:15:07.242+0000] {dag.py:3239} INFO - Sync 1 DAGs
[2025-04-23T17:15:07.257+0000] {logging_mixin.py:190} INFO - [2025-04-23T17:15:07.257+0000] {dag.py:4180} INFO - Setting next_dagrun for TFL_DATA_DAG to 2025-04-23 00:00:00+00:00, run_after=2025-04-24 00:00:00+00:00
[2025-04-23T17:15:07.271+0000] {processor.py:208} INFO - Processing /opt/airflow/dags/my_dag.py took 0.084 seconds
[2025-04-23T17:15:37.575+0000] {processor.py:186} INFO - Started process (PID=12761) to work on /opt/airflow/dags/my_dag.py
[2025-04-23T17:15:37.576+0000] {processor.py:914} INFO - Processing file /opt/airflow/dags/my_dag.py for tasks to queue
[2025-04-23T17:15:37.578+0000] {logging_mixin.py:190} INFO - [2025-04-23T17:15:37.578+0000] {dagbag.py:588} INFO - Filling up the DagBag from /opt/airflow/dags/my_dag.py
[2025-04-23T17:15:37.592+0000] {processor.py:925} INFO - DAG(s) 'TFL_DATA_DAG' retrieved from /opt/airflow/dags/my_dag.py
[2025-04-23T17:15:37.607+0000] {logging_mixin.py:190} INFO - [2025-04-23T17:15:37.607+0000] {dag.py:3239} INFO - Sync 1 DAGs
[2025-04-23T17:15:37.621+0000] {logging_mixin.py:190} INFO - [2025-04-23T17:15:37.621+0000] {dag.py:4180} INFO - Setting next_dagrun for TFL_DATA_DAG to 2025-04-23 00:00:00+00:00, run_after=2025-04-24 00:00:00+00:00
[2025-04-23T17:15:37.634+0000] {processor.py:208} INFO - Processing /opt/airflow/dags/my_dag.py took 0.062 seconds
[2025-04-23T17:16:07.944+0000] {processor.py:186} INFO - Started process (PID=12782) to work on /opt/airflow/dags/my_dag.py
[2025-04-23T17:16:07.951+0000] {processor.py:914} INFO - Processing file /opt/airflow/dags/my_dag.py for tasks to queue
[2025-04-23T17:16:07.963+0000] {logging_mixin.py:190} INFO - [2025-04-23T17:16:07.963+0000] {dagbag.py:588} INFO - Filling up the DagBag from /opt/airflow/dags/my_dag.py
[2025-04-23T17:16:08.015+0000] {processor.py:925} INFO - DAG(s) 'TFL_DATA_DAG' retrieved from /opt/airflow/dags/my_dag.py
[2025-04-23T17:16:08.030+0000] {logging_mixin.py:190} INFO - [2025-04-23T17:16:08.029+0000] {dag.py:3239} INFO - Sync 1 DAGs
[2025-04-23T17:16:08.043+0000] {logging_mixin.py:190} INFO - [2025-04-23T17:16:08.043+0000] {dag.py:4180} INFO - Setting next_dagrun for TFL_DATA_DAG to 2025-04-23 00:00:00+00:00, run_after=2025-04-24 00:00:00+00:00
[2025-04-23T17:16:08.054+0000] {processor.py:208} INFO - Processing /opt/airflow/dags/my_dag.py took 0.114 seconds
[2025-04-23T17:16:38.339+0000] {processor.py:186} INFO - Started process (PID=12803) to work on /opt/airflow/dags/my_dag.py
[2025-04-23T17:16:38.342+0000] {processor.py:914} INFO - Processing file /opt/airflow/dags/my_dag.py for tasks to queue
[2025-04-23T17:16:38.348+0000] {logging_mixin.py:190} INFO - [2025-04-23T17:16:38.347+0000] {dagbag.py:588} INFO - Filling up the DagBag from /opt/airflow/dags/my_dag.py
[2025-04-23T17:16:38.380+0000] {processor.py:925} INFO - DAG(s) 'TFL_DATA_DAG' retrieved from /opt/airflow/dags/my_dag.py
[2025-04-23T17:16:38.395+0000] {logging_mixin.py:190} INFO - [2025-04-23T17:16:38.395+0000] {dag.py:3239} INFO - Sync 1 DAGs
[2025-04-23T17:16:38.411+0000] {logging_mixin.py:190} INFO - [2025-04-23T17:16:38.410+0000] {dag.py:4180} INFO - Setting next_dagrun for TFL_DATA_DAG to 2025-04-23 00:00:00+00:00, run_after=2025-04-24 00:00:00+00:00
[2025-04-23T17:16:38.422+0000] {processor.py:208} INFO - Processing /opt/airflow/dags/my_dag.py took 0.086 seconds
[2025-04-23T17:17:08.611+0000] {processor.py:186} INFO - Started process (PID=12824) to work on /opt/airflow/dags/my_dag.py
[2025-04-23T17:17:08.612+0000] {processor.py:914} INFO - Processing file /opt/airflow/dags/my_dag.py for tasks to queue
[2025-04-23T17:17:08.614+0000] {logging_mixin.py:190} INFO - [2025-04-23T17:17:08.614+0000] {dagbag.py:588} INFO - Filling up the DagBag from /opt/airflow/dags/my_dag.py
[2025-04-23T17:17:08.626+0000] {processor.py:925} INFO - DAG(s) 'TFL_DATA_DAG' retrieved from /opt/airflow/dags/my_dag.py
[2025-04-23T17:17:08.642+0000] {logging_mixin.py:190} INFO - [2025-04-23T17:17:08.641+0000] {dag.py:3239} INFO - Sync 1 DAGs
[2025-04-23T17:17:08.657+0000] {logging_mixin.py:190} INFO - [2025-04-23T17:17:08.656+0000] {dag.py:4180} INFO - Setting next_dagrun for TFL_DATA_DAG to 2025-04-23 00:00:00+00:00, run_after=2025-04-24 00:00:00+00:00
[2025-04-23T17:17:08.669+0000] {processor.py:208} INFO - Processing /opt/airflow/dags/my_dag.py took 0.062 seconds
[2025-04-23T17:17:38.940+0000] {processor.py:186} INFO - Started process (PID=12845) to work on /opt/airflow/dags/my_dag.py
[2025-04-23T17:17:38.942+0000] {processor.py:914} INFO - Processing file /opt/airflow/dags/my_dag.py for tasks to queue
[2025-04-23T17:17:38.944+0000] {logging_mixin.py:190} INFO - [2025-04-23T17:17:38.943+0000] {dagbag.py:588} INFO - Filling up the DagBag from /opt/airflow/dags/my_dag.py
[2025-04-23T17:17:38.958+0000] {processor.py:925} INFO - DAG(s) 'TFL_DATA_DAG' retrieved from /opt/airflow/dags/my_dag.py
[2025-04-23T17:17:38.972+0000] {logging_mixin.py:190} INFO - [2025-04-23T17:17:38.972+0000] {dag.py:3239} INFO - Sync 1 DAGs
[2025-04-23T17:17:38.985+0000] {logging_mixin.py:190} INFO - [2025-04-23T17:17:38.985+0000] {dag.py:4180} INFO - Setting next_dagrun for TFL_DATA_DAG to 2025-04-23 00:00:00+00:00, run_after=2025-04-24 00:00:00+00:00
[2025-04-23T17:17:38.996+0000] {processor.py:208} INFO - Processing /opt/airflow/dags/my_dag.py took 0.060 seconds
[2025-04-23T17:18:09.257+0000] {processor.py:186} INFO - Started process (PID=12866) to work on /opt/airflow/dags/my_dag.py
[2025-04-23T17:18:09.258+0000] {processor.py:914} INFO - Processing file /opt/airflow/dags/my_dag.py for tasks to queue
[2025-04-23T17:18:09.260+0000] {logging_mixin.py:190} INFO - [2025-04-23T17:18:09.260+0000] {dagbag.py:588} INFO - Filling up the DagBag from /opt/airflow/dags/my_dag.py
[2025-04-23T17:18:09.290+0000] {processor.py:925} INFO - DAG(s) 'TFL_DATA_DAG' retrieved from /opt/airflow/dags/my_dag.py
[2025-04-23T17:18:09.304+0000] {logging_mixin.py:190} INFO - [2025-04-23T17:18:09.304+0000] {dag.py:3239} INFO - Sync 1 DAGs
[2025-04-23T17:18:09.317+0000] {logging_mixin.py:190} INFO - [2025-04-23T17:18:09.317+0000] {dag.py:4180} INFO - Setting next_dagrun for TFL_DATA_DAG to 2025-04-23 00:00:00+00:00, run_after=2025-04-24 00:00:00+00:00
[2025-04-23T17:18:09.329+0000] {processor.py:208} INFO - Processing /opt/airflow/dags/my_dag.py took 0.076 seconds
[2025-04-23T17:18:39.549+0000] {processor.py:186} INFO - Started process (PID=12887) to work on /opt/airflow/dags/my_dag.py
[2025-04-23T17:18:39.550+0000] {processor.py:914} INFO - Processing file /opt/airflow/dags/my_dag.py for tasks to queue
[2025-04-23T17:18:39.554+0000] {logging_mixin.py:190} INFO - [2025-04-23T17:18:39.554+0000] {dagbag.py:588} INFO - Filling up the DagBag from /opt/airflow/dags/my_dag.py
[2025-04-23T17:18:39.569+0000] {processor.py:925} INFO - DAG(s) 'TFL_DATA_DAG' retrieved from /opt/airflow/dags/my_dag.py
[2025-04-23T17:18:39.584+0000] {logging_mixin.py:190} INFO - [2025-04-23T17:18:39.583+0000] {dag.py:3239} INFO - Sync 1 DAGs
[2025-04-23T17:18:39.600+0000] {logging_mixin.py:190} INFO - [2025-04-23T17:18:39.599+0000] {dag.py:4180} INFO - Setting next_dagrun for TFL_DATA_DAG to 2025-04-23 00:00:00+00:00, run_after=2025-04-24 00:00:00+00:00
[2025-04-23T17:18:39.611+0000] {processor.py:208} INFO - Processing /opt/airflow/dags/my_dag.py took 0.065 seconds
[2025-04-23T17:19:09.888+0000] {processor.py:186} INFO - Started process (PID=12908) to work on /opt/airflow/dags/my_dag.py
[2025-04-23T17:19:09.893+0000] {processor.py:914} INFO - Processing file /opt/airflow/dags/my_dag.py for tasks to queue
[2025-04-23T17:19:09.896+0000] {logging_mixin.py:190} INFO - [2025-04-23T17:19:09.896+0000] {dagbag.py:588} INFO - Filling up the DagBag from /opt/airflow/dags/my_dag.py
[2025-04-23T17:19:09.910+0000] {processor.py:925} INFO - DAG(s) 'TFL_DATA_DAG' retrieved from /opt/airflow/dags/my_dag.py
[2025-04-23T17:19:09.926+0000] {logging_mixin.py:190} INFO - [2025-04-23T17:19:09.926+0000] {dag.py:3239} INFO - Sync 1 DAGs
[2025-04-23T17:19:09.941+0000] {logging_mixin.py:190} INFO - [2025-04-23T17:19:09.940+0000] {dag.py:4180} INFO - Setting next_dagrun for TFL_DATA_DAG to 2025-04-23 00:00:00+00:00, run_after=2025-04-24 00:00:00+00:00
[2025-04-23T17:19:09.952+0000] {processor.py:208} INFO - Processing /opt/airflow/dags/my_dag.py took 0.070 seconds
[2025-04-23T17:19:40.139+0000] {processor.py:186} INFO - Started process (PID=12929) to work on /opt/airflow/dags/my_dag.py
[2025-04-23T17:19:40.141+0000] {processor.py:914} INFO - Processing file /opt/airflow/dags/my_dag.py for tasks to queue
[2025-04-23T17:19:40.143+0000] {logging_mixin.py:190} INFO - [2025-04-23T17:19:40.143+0000] {dagbag.py:588} INFO - Filling up the DagBag from /opt/airflow/dags/my_dag.py
[2025-04-23T17:19:40.163+0000] {processor.py:925} INFO - DAG(s) 'TFL_DATA_DAG' retrieved from /opt/airflow/dags/my_dag.py
[2025-04-23T17:19:40.179+0000] {logging_mixin.py:190} INFO - [2025-04-23T17:19:40.179+0000] {dag.py:3239} INFO - Sync 1 DAGs
[2025-04-23T17:19:40.195+0000] {logging_mixin.py:190} INFO - [2025-04-23T17:19:40.195+0000] {dag.py:4180} INFO - Setting next_dagrun for TFL_DATA_DAG to 2025-04-23 00:00:00+00:00, run_after=2025-04-24 00:00:00+00:00
[2025-04-23T17:19:40.208+0000] {processor.py:208} INFO - Processing /opt/airflow/dags/my_dag.py took 0.076 seconds
[2025-04-23T17:20:10.570+0000] {processor.py:186} INFO - Started process (PID=12950) to work on /opt/airflow/dags/my_dag.py
[2025-04-23T17:20:10.570+0000] {processor.py:914} INFO - Processing file /opt/airflow/dags/my_dag.py for tasks to queue
[2025-04-23T17:20:10.573+0000] {logging_mixin.py:190} INFO - [2025-04-23T17:20:10.573+0000] {dagbag.py:588} INFO - Filling up the DagBag from /opt/airflow/dags/my_dag.py
[2025-04-23T17:20:10.587+0000] {processor.py:925} INFO - DAG(s) 'TFL_DATA_DAG' retrieved from /opt/airflow/dags/my_dag.py
[2025-04-23T17:20:10.601+0000] {logging_mixin.py:190} INFO - [2025-04-23T17:20:10.600+0000] {dag.py:3239} INFO - Sync 1 DAGs
[2025-04-23T17:20:10.614+0000] {logging_mixin.py:190} INFO - [2025-04-23T17:20:10.614+0000] {dag.py:4180} INFO - Setting next_dagrun for TFL_DATA_DAG to 2025-04-23 00:00:00+00:00, run_after=2025-04-24 00:00:00+00:00
[2025-04-23T17:20:10.625+0000] {processor.py:208} INFO - Processing /opt/airflow/dags/my_dag.py took 0.062 seconds
[2025-04-23T17:20:40.898+0000] {processor.py:186} INFO - Started process (PID=12971) to work on /opt/airflow/dags/my_dag.py
[2025-04-23T17:20:40.901+0000] {processor.py:914} INFO - Processing file /opt/airflow/dags/my_dag.py for tasks to queue
[2025-04-23T17:20:40.906+0000] {logging_mixin.py:190} INFO - [2025-04-23T17:20:40.906+0000] {dagbag.py:588} INFO - Filling up the DagBag from /opt/airflow/dags/my_dag.py
[2025-04-23T17:20:40.926+0000] {processor.py:925} INFO - DAG(s) 'TFL_DATA_DAG' retrieved from /opt/airflow/dags/my_dag.py
[2025-04-23T17:20:40.939+0000] {logging_mixin.py:190} INFO - [2025-04-23T17:20:40.939+0000] {dag.py:3239} INFO - Sync 1 DAGs
[2025-04-23T17:20:40.953+0000] {logging_mixin.py:190} INFO - [2025-04-23T17:20:40.953+0000] {dag.py:4180} INFO - Setting next_dagrun for TFL_DATA_DAG to 2025-04-23 00:00:00+00:00, run_after=2025-04-24 00:00:00+00:00
[2025-04-23T17:20:40.967+0000] {processor.py:208} INFO - Processing /opt/airflow/dags/my_dag.py took 0.073 seconds
[2025-04-23T17:21:11.233+0000] {processor.py:186} INFO - Started process (PID=12998) to work on /opt/airflow/dags/my_dag.py
[2025-04-23T17:21:11.235+0000] {processor.py:914} INFO - Processing file /opt/airflow/dags/my_dag.py for tasks to queue
[2025-04-23T17:21:11.237+0000] {logging_mixin.py:190} INFO - [2025-04-23T17:21:11.237+0000] {dagbag.py:588} INFO - Filling up the DagBag from /opt/airflow/dags/my_dag.py
[2025-04-23T17:21:11.252+0000] {processor.py:925} INFO - DAG(s) 'TFL_DATA_DAG' retrieved from /opt/airflow/dags/my_dag.py
[2025-04-23T17:21:11.269+0000] {logging_mixin.py:190} INFO - [2025-04-23T17:21:11.269+0000] {dag.py:3239} INFO - Sync 1 DAGs
[2025-04-23T17:21:11.282+0000] {logging_mixin.py:190} INFO - [2025-04-23T17:21:11.282+0000] {dag.py:4180} INFO - Setting next_dagrun for TFL_DATA_DAG to 2025-04-23 00:00:00+00:00, run_after=2025-04-24 00:00:00+00:00
[2025-04-23T17:21:11.294+0000] {processor.py:208} INFO - Processing /opt/airflow/dags/my_dag.py took 0.064 seconds
[2025-04-23T17:21:41.649+0000] {processor.py:186} INFO - Started process (PID=13019) to work on /opt/airflow/dags/my_dag.py
[2025-04-23T17:21:41.650+0000] {processor.py:914} INFO - Processing file /opt/airflow/dags/my_dag.py for tasks to queue
[2025-04-23T17:21:41.653+0000] {logging_mixin.py:190} INFO - [2025-04-23T17:21:41.653+0000] {dagbag.py:588} INFO - Filling up the DagBag from /opt/airflow/dags/my_dag.py
[2025-04-23T17:21:41.667+0000] {processor.py:925} INFO - DAG(s) 'TFL_DATA_DAG' retrieved from /opt/airflow/dags/my_dag.py
[2025-04-23T17:21:41.682+0000] {logging_mixin.py:190} INFO - [2025-04-23T17:21:41.682+0000] {dag.py:3239} INFO - Sync 1 DAGs
[2025-04-23T17:21:41.697+0000] {logging_mixin.py:190} INFO - [2025-04-23T17:21:41.696+0000] {dag.py:4180} INFO - Setting next_dagrun for TFL_DATA_DAG to 2025-04-23 00:00:00+00:00, run_after=2025-04-24 00:00:00+00:00
[2025-04-23T17:21:41.708+0000] {processor.py:208} INFO - Processing /opt/airflow/dags/my_dag.py took 0.066 seconds
[2025-04-23T17:22:12.010+0000] {processor.py:186} INFO - Started process (PID=13040) to work on /opt/airflow/dags/my_dag.py
[2025-04-23T17:22:12.014+0000] {processor.py:914} INFO - Processing file /opt/airflow/dags/my_dag.py for tasks to queue
[2025-04-23T17:22:12.019+0000] {logging_mixin.py:190} INFO - [2025-04-23T17:22:12.019+0000] {dagbag.py:588} INFO - Filling up the DagBag from /opt/airflow/dags/my_dag.py
[2025-04-23T17:22:12.044+0000] {processor.py:925} INFO - DAG(s) 'TFL_DATA_DAG' retrieved from /opt/airflow/dags/my_dag.py
[2025-04-23T17:22:12.058+0000] {logging_mixin.py:190} INFO - [2025-04-23T17:22:12.058+0000] {dag.py:3239} INFO - Sync 1 DAGs
[2025-04-23T17:22:12.073+0000] {logging_mixin.py:190} INFO - [2025-04-23T17:22:12.073+0000] {dag.py:4180} INFO - Setting next_dagrun for TFL_DATA_DAG to 2025-04-23 00:00:00+00:00, run_after=2025-04-24 00:00:00+00:00
[2025-04-23T17:22:12.086+0000] {processor.py:208} INFO - Processing /opt/airflow/dags/my_dag.py took 0.080 seconds
[2025-04-23T17:22:42.340+0000] {processor.py:186} INFO - Started process (PID=13061) to work on /opt/airflow/dags/my_dag.py
[2025-04-23T17:22:42.341+0000] {processor.py:914} INFO - Processing file /opt/airflow/dags/my_dag.py for tasks to queue
[2025-04-23T17:22:42.343+0000] {logging_mixin.py:190} INFO - [2025-04-23T17:22:42.343+0000] {dagbag.py:588} INFO - Filling up the DagBag from /opt/airflow/dags/my_dag.py
[2025-04-23T17:22:42.359+0000] {processor.py:925} INFO - DAG(s) 'TFL_DATA_DAG' retrieved from /opt/airflow/dags/my_dag.py
[2025-04-23T17:22:42.374+0000] {logging_mixin.py:190} INFO - [2025-04-23T17:22:42.374+0000] {dag.py:3239} INFO - Sync 1 DAGs
[2025-04-23T17:22:42.390+0000] {logging_mixin.py:190} INFO - [2025-04-23T17:22:42.390+0000] {dag.py:4180} INFO - Setting next_dagrun for TFL_DATA_DAG to 2025-04-23 00:00:00+00:00, run_after=2025-04-24 00:00:00+00:00
[2025-04-23T17:22:42.401+0000] {processor.py:208} INFO - Processing /opt/airflow/dags/my_dag.py took 0.064 seconds
[2025-04-23T17:23:12.651+0000] {processor.py:186} INFO - Started process (PID=13082) to work on /opt/airflow/dags/my_dag.py
[2025-04-23T17:23:12.653+0000] {processor.py:914} INFO - Processing file /opt/airflow/dags/my_dag.py for tasks to queue
[2025-04-23T17:23:12.662+0000] {logging_mixin.py:190} INFO - [2025-04-23T17:23:12.662+0000] {dagbag.py:588} INFO - Filling up the DagBag from /opt/airflow/dags/my_dag.py
[2025-04-23T17:23:12.700+0000] {processor.py:925} INFO - DAG(s) 'TFL_DATA_DAG' retrieved from /opt/airflow/dags/my_dag.py
[2025-04-23T17:23:12.724+0000] {logging_mixin.py:190} INFO - [2025-04-23T17:23:12.724+0000] {dag.py:3239} INFO - Sync 1 DAGs
[2025-04-23T17:23:12.742+0000] {logging_mixin.py:190} INFO - [2025-04-23T17:23:12.742+0000] {dag.py:4180} INFO - Setting next_dagrun for TFL_DATA_DAG to 2025-04-23 00:00:00+00:00, run_after=2025-04-24 00:00:00+00:00
[2025-04-23T17:23:12.757+0000] {processor.py:208} INFO - Processing /opt/airflow/dags/my_dag.py took 0.110 seconds
[2025-04-23T17:23:43.067+0000] {processor.py:186} INFO - Started process (PID=13103) to work on /opt/airflow/dags/my_dag.py
[2025-04-23T17:23:43.069+0000] {processor.py:914} INFO - Processing file /opt/airflow/dags/my_dag.py for tasks to queue
[2025-04-23T17:23:43.071+0000] {logging_mixin.py:190} INFO - [2025-04-23T17:23:43.071+0000] {dagbag.py:588} INFO - Filling up the DagBag from /opt/airflow/dags/my_dag.py
[2025-04-23T17:23:43.088+0000] {processor.py:925} INFO - DAG(s) 'TFL_DATA_DAG' retrieved from /opt/airflow/dags/my_dag.py
[2025-04-23T17:23:43.105+0000] {logging_mixin.py:190} INFO - [2025-04-23T17:23:43.105+0000] {dag.py:3239} INFO - Sync 1 DAGs
[2025-04-23T17:23:43.118+0000] {logging_mixin.py:190} INFO - [2025-04-23T17:23:43.118+0000] {dag.py:4180} INFO - Setting next_dagrun for TFL_DATA_DAG to 2025-04-23 00:00:00+00:00, run_after=2025-04-24 00:00:00+00:00
[2025-04-23T17:23:43.131+0000] {processor.py:208} INFO - Processing /opt/airflow/dags/my_dag.py took 0.067 seconds
[2025-04-23T17:24:13.412+0000] {processor.py:186} INFO - Started process (PID=13124) to work on /opt/airflow/dags/my_dag.py
[2025-04-23T17:24:13.415+0000] {processor.py:914} INFO - Processing file /opt/airflow/dags/my_dag.py for tasks to queue
[2025-04-23T17:24:13.418+0000] {logging_mixin.py:190} INFO - [2025-04-23T17:24:13.418+0000] {dagbag.py:588} INFO - Filling up the DagBag from /opt/airflow/dags/my_dag.py
[2025-04-23T17:24:13.449+0000] {processor.py:925} INFO - DAG(s) 'TFL_DATA_DAG' retrieved from /opt/airflow/dags/my_dag.py
[2025-04-23T17:24:13.470+0000] {logging_mixin.py:190} INFO - [2025-04-23T17:24:13.470+0000] {dag.py:3239} INFO - Sync 1 DAGs
[2025-04-23T17:24:13.488+0000] {logging_mixin.py:190} INFO - [2025-04-23T17:24:13.488+0000] {dag.py:4180} INFO - Setting next_dagrun for TFL_DATA_DAG to 2025-04-23 00:00:00+00:00, run_after=2025-04-24 00:00:00+00:00
[2025-04-23T17:24:13.501+0000] {processor.py:208} INFO - Processing /opt/airflow/dags/my_dag.py took 0.092 seconds
[2025-04-23T17:24:43.859+0000] {processor.py:186} INFO - Started process (PID=13145) to work on /opt/airflow/dags/my_dag.py
[2025-04-23T17:24:43.861+0000] {processor.py:914} INFO - Processing file /opt/airflow/dags/my_dag.py for tasks to queue
[2025-04-23T17:24:43.865+0000] {logging_mixin.py:190} INFO - [2025-04-23T17:24:43.865+0000] {dagbag.py:588} INFO - Filling up the DagBag from /opt/airflow/dags/my_dag.py
[2025-04-23T17:24:43.891+0000] {processor.py:925} INFO - DAG(s) 'TFL_DATA_DAG' retrieved from /opt/airflow/dags/my_dag.py
[2025-04-23T17:24:43.905+0000] {logging_mixin.py:190} INFO - [2025-04-23T17:24:43.905+0000] {dag.py:3239} INFO - Sync 1 DAGs
[2025-04-23T17:24:43.918+0000] {logging_mixin.py:190} INFO - [2025-04-23T17:24:43.918+0000] {dag.py:4180} INFO - Setting next_dagrun for TFL_DATA_DAG to 2025-04-23 00:00:00+00:00, run_after=2025-04-24 00:00:00+00:00
[2025-04-23T17:24:43.931+0000] {processor.py:208} INFO - Processing /opt/airflow/dags/my_dag.py took 0.076 seconds
[2025-04-23T17:25:14.169+0000] {processor.py:186} INFO - Started process (PID=13166) to work on /opt/airflow/dags/my_dag.py
[2025-04-23T17:25:14.171+0000] {processor.py:914} INFO - Processing file /opt/airflow/dags/my_dag.py for tasks to queue
[2025-04-23T17:25:14.173+0000] {logging_mixin.py:190} INFO - [2025-04-23T17:25:14.173+0000] {dagbag.py:588} INFO - Filling up the DagBag from /opt/airflow/dags/my_dag.py
[2025-04-23T17:25:14.187+0000] {processor.py:925} INFO - DAG(s) 'TFL_DATA_DAG' retrieved from /opt/airflow/dags/my_dag.py
[2025-04-23T17:25:14.203+0000] {logging_mixin.py:190} INFO - [2025-04-23T17:25:14.203+0000] {dag.py:3239} INFO - Sync 1 DAGs
[2025-04-23T17:25:14.219+0000] {logging_mixin.py:190} INFO - [2025-04-23T17:25:14.219+0000] {dag.py:4180} INFO - Setting next_dagrun for TFL_DATA_DAG to 2025-04-23 00:00:00+00:00, run_after=2025-04-24 00:00:00+00:00
[2025-04-23T17:25:14.234+0000] {processor.py:208} INFO - Processing /opt/airflow/dags/my_dag.py took 0.069 seconds
[2025-04-23T17:25:44.544+0000] {processor.py:186} INFO - Started process (PID=13187) to work on /opt/airflow/dags/my_dag.py
[2025-04-23T17:25:44.545+0000] {processor.py:914} INFO - Processing file /opt/airflow/dags/my_dag.py for tasks to queue
[2025-04-23T17:25:44.547+0000] {logging_mixin.py:190} INFO - [2025-04-23T17:25:44.547+0000] {dagbag.py:588} INFO - Filling up the DagBag from /opt/airflow/dags/my_dag.py
[2025-04-23T17:25:44.585+0000] {processor.py:925} INFO - DAG(s) 'TFL_DATA_DAG' retrieved from /opt/airflow/dags/my_dag.py
[2025-04-23T17:25:44.601+0000] {logging_mixin.py:190} INFO - [2025-04-23T17:25:44.601+0000] {dag.py:3239} INFO - Sync 1 DAGs
[2025-04-23T17:25:44.614+0000] {logging_mixin.py:190} INFO - [2025-04-23T17:25:44.614+0000] {dag.py:4180} INFO - Setting next_dagrun for TFL_DATA_DAG to 2025-04-23 00:00:00+00:00, run_after=2025-04-24 00:00:00+00:00
[2025-04-23T17:25:44.628+0000] {processor.py:208} INFO - Processing /opt/airflow/dags/my_dag.py took 0.090 seconds
[2025-04-23T17:26:14.785+0000] {processor.py:186} INFO - Started process (PID=13208) to work on /opt/airflow/dags/my_dag.py
[2025-04-23T17:26:14.787+0000] {processor.py:914} INFO - Processing file /opt/airflow/dags/my_dag.py for tasks to queue
[2025-04-23T17:26:14.789+0000] {logging_mixin.py:190} INFO - [2025-04-23T17:26:14.789+0000] {dagbag.py:588} INFO - Filling up the DagBag from /opt/airflow/dags/my_dag.py
[2025-04-23T17:26:14.817+0000] {processor.py:925} INFO - DAG(s) 'TFL_DATA_DAG' retrieved from /opt/airflow/dags/my_dag.py
[2025-04-23T17:26:14.833+0000] {logging_mixin.py:190} INFO - [2025-04-23T17:26:14.832+0000] {dag.py:3239} INFO - Sync 1 DAGs
[2025-04-23T17:26:14.847+0000] {logging_mixin.py:190} INFO - [2025-04-23T17:26:14.847+0000] {dag.py:4180} INFO - Setting next_dagrun for TFL_DATA_DAG to 2025-04-23 00:00:00+00:00, run_after=2025-04-24 00:00:00+00:00
[2025-04-23T17:26:14.859+0000] {processor.py:208} INFO - Processing /opt/airflow/dags/my_dag.py took 0.078 seconds
[2025-04-23T17:26:45.146+0000] {processor.py:186} INFO - Started process (PID=13229) to work on /opt/airflow/dags/my_dag.py
[2025-04-23T17:26:45.147+0000] {processor.py:914} INFO - Processing file /opt/airflow/dags/my_dag.py for tasks to queue
[2025-04-23T17:26:45.150+0000] {logging_mixin.py:190} INFO - [2025-04-23T17:26:45.150+0000] {dagbag.py:588} INFO - Filling up the DagBag from /opt/airflow/dags/my_dag.py
[2025-04-23T17:26:45.166+0000] {processor.py:925} INFO - DAG(s) 'TFL_DATA_DAG' retrieved from /opt/airflow/dags/my_dag.py
[2025-04-23T17:26:45.182+0000] {logging_mixin.py:190} INFO - [2025-04-23T17:26:45.182+0000] {dag.py:3239} INFO - Sync 1 DAGs
[2025-04-23T17:26:45.198+0000] {logging_mixin.py:190} INFO - [2025-04-23T17:26:45.198+0000] {dag.py:4180} INFO - Setting next_dagrun for TFL_DATA_DAG to 2025-04-23 00:00:00+00:00, run_after=2025-04-24 00:00:00+00:00
[2025-04-23T17:26:45.211+0000] {processor.py:208} INFO - Processing /opt/airflow/dags/my_dag.py took 0.069 seconds
[2025-04-23T17:27:15.481+0000] {processor.py:186} INFO - Started process (PID=13250) to work on /opt/airflow/dags/my_dag.py
[2025-04-23T17:27:15.484+0000] {processor.py:914} INFO - Processing file /opt/airflow/dags/my_dag.py for tasks to queue
[2025-04-23T17:27:15.486+0000] {logging_mixin.py:190} INFO - [2025-04-23T17:27:15.486+0000] {dagbag.py:588} INFO - Filling up the DagBag from /opt/airflow/dags/my_dag.py
[2025-04-23T17:27:15.514+0000] {processor.py:925} INFO - DAG(s) 'TFL_DATA_DAG' retrieved from /opt/airflow/dags/my_dag.py
[2025-04-23T17:27:15.530+0000] {logging_mixin.py:190} INFO - [2025-04-23T17:27:15.530+0000] {dag.py:3239} INFO - Sync 1 DAGs
[2025-04-23T17:27:15.543+0000] {logging_mixin.py:190} INFO - [2025-04-23T17:27:15.543+0000] {dag.py:4180} INFO - Setting next_dagrun for TFL_DATA_DAG to 2025-04-23 00:00:00+00:00, run_after=2025-04-24 00:00:00+00:00
[2025-04-23T17:27:15.557+0000] {processor.py:208} INFO - Processing /opt/airflow/dags/my_dag.py took 0.079 seconds
[2025-04-23T17:27:45.863+0000] {processor.py:186} INFO - Started process (PID=13271) to work on /opt/airflow/dags/my_dag.py
[2025-04-23T17:27:45.866+0000] {processor.py:914} INFO - Processing file /opt/airflow/dags/my_dag.py for tasks to queue
[2025-04-23T17:27:45.868+0000] {logging_mixin.py:190} INFO - [2025-04-23T17:27:45.868+0000] {dagbag.py:588} INFO - Filling up the DagBag from /opt/airflow/dags/my_dag.py
[2025-04-23T17:27:45.880+0000] {processor.py:925} INFO - DAG(s) 'TFL_DATA_DAG' retrieved from /opt/airflow/dags/my_dag.py
[2025-04-23T17:27:45.896+0000] {logging_mixin.py:190} INFO - [2025-04-23T17:27:45.896+0000] {dag.py:3239} INFO - Sync 1 DAGs
[2025-04-23T17:27:45.910+0000] {logging_mixin.py:190} INFO - [2025-04-23T17:27:45.910+0000] {dag.py:4180} INFO - Setting next_dagrun for TFL_DATA_DAG to 2025-04-23 00:00:00+00:00, run_after=2025-04-24 00:00:00+00:00
[2025-04-23T17:27:45.922+0000] {processor.py:208} INFO - Processing /opt/airflow/dags/my_dag.py took 0.063 seconds
[2025-04-23T17:28:16.180+0000] {processor.py:186} INFO - Started process (PID=13292) to work on /opt/airflow/dags/my_dag.py
[2025-04-23T17:28:16.184+0000] {processor.py:914} INFO - Processing file /opt/airflow/dags/my_dag.py for tasks to queue
[2025-04-23T17:28:16.185+0000] {logging_mixin.py:190} INFO - [2025-04-23T17:28:16.185+0000] {dagbag.py:588} INFO - Filling up the DagBag from /opt/airflow/dags/my_dag.py
[2025-04-23T17:28:16.199+0000] {processor.py:925} INFO - DAG(s) 'TFL_DATA_DAG' retrieved from /opt/airflow/dags/my_dag.py
[2025-04-23T17:28:16.215+0000] {logging_mixin.py:190} INFO - [2025-04-23T17:28:16.215+0000] {dag.py:3239} INFO - Sync 1 DAGs
[2025-04-23T17:28:16.229+0000] {logging_mixin.py:190} INFO - [2025-04-23T17:28:16.229+0000] {dag.py:4180} INFO - Setting next_dagrun for TFL_DATA_DAG to 2025-04-23 00:00:00+00:00, run_after=2025-04-24 00:00:00+00:00
[2025-04-23T17:28:16.243+0000] {processor.py:208} INFO - Processing /opt/airflow/dags/my_dag.py took 0.067 seconds
[2025-04-23T17:28:46.577+0000] {processor.py:186} INFO - Started process (PID=13313) to work on /opt/airflow/dags/my_dag.py
[2025-04-23T17:28:46.579+0000] {processor.py:914} INFO - Processing file /opt/airflow/dags/my_dag.py for tasks to queue
[2025-04-23T17:28:46.582+0000] {logging_mixin.py:190} INFO - [2025-04-23T17:28:46.582+0000] {dagbag.py:588} INFO - Filling up the DagBag from /opt/airflow/dags/my_dag.py
[2025-04-23T17:28:46.619+0000] {processor.py:925} INFO - DAG(s) 'TFL_DATA_DAG' retrieved from /opt/airflow/dags/my_dag.py
[2025-04-23T17:28:46.638+0000] {logging_mixin.py:190} INFO - [2025-04-23T17:28:46.637+0000] {dag.py:3239} INFO - Sync 1 DAGs
[2025-04-23T17:28:46.653+0000] {logging_mixin.py:190} INFO - [2025-04-23T17:28:46.653+0000] {dag.py:4180} INFO - Setting next_dagrun for TFL_DATA_DAG to 2025-04-23 00:00:00+00:00, run_after=2025-04-24 00:00:00+00:00
[2025-04-23T17:28:46.665+0000] {processor.py:208} INFO - Processing /opt/airflow/dags/my_dag.py took 0.093 seconds
[2025-04-23T17:29:16.862+0000] {processor.py:186} INFO - Started process (PID=13334) to work on /opt/airflow/dags/my_dag.py
[2025-04-23T17:29:16.864+0000] {processor.py:914} INFO - Processing file /opt/airflow/dags/my_dag.py for tasks to queue
[2025-04-23T17:29:16.868+0000] {logging_mixin.py:190} INFO - [2025-04-23T17:29:16.868+0000] {dagbag.py:588} INFO - Filling up the DagBag from /opt/airflow/dags/my_dag.py
[2025-04-23T17:29:16.883+0000] {processor.py:925} INFO - DAG(s) 'TFL_DATA_DAG' retrieved from /opt/airflow/dags/my_dag.py
[2025-04-23T17:29:16.898+0000] {logging_mixin.py:190} INFO - [2025-04-23T17:29:16.898+0000] {dag.py:3239} INFO - Sync 1 DAGs
[2025-04-23T17:29:16.912+0000] {logging_mixin.py:190} INFO - [2025-04-23T17:29:16.911+0000] {dag.py:4180} INFO - Setting next_dagrun for TFL_DATA_DAG to 2025-04-23 00:00:00+00:00, run_after=2025-04-24 00:00:00+00:00
[2025-04-23T17:29:16.922+0000] {processor.py:208} INFO - Processing /opt/airflow/dags/my_dag.py took 0.066 seconds
[2025-04-23T17:29:47.234+0000] {processor.py:186} INFO - Started process (PID=13354) to work on /opt/airflow/dags/my_dag.py
[2025-04-23T17:29:47.235+0000] {processor.py:914} INFO - Processing file /opt/airflow/dags/my_dag.py for tasks to queue
[2025-04-23T17:29:47.240+0000] {logging_mixin.py:190} INFO - [2025-04-23T17:29:47.239+0000] {dagbag.py:588} INFO - Filling up the DagBag from /opt/airflow/dags/my_dag.py
[2025-04-23T17:29:47.280+0000] {processor.py:925} INFO - DAG(s) 'TFL_DATA_DAG' retrieved from /opt/airflow/dags/my_dag.py
[2025-04-23T17:29:47.298+0000] {logging_mixin.py:190} INFO - [2025-04-23T17:29:47.297+0000] {dag.py:3239} INFO - Sync 1 DAGs
[2025-04-23T17:29:47.315+0000] {logging_mixin.py:190} INFO - [2025-04-23T17:29:47.315+0000] {dag.py:4180} INFO - Setting next_dagrun for TFL_DATA_DAG to 2025-04-23 00:00:00+00:00, run_after=2025-04-24 00:00:00+00:00
[2025-04-23T17:29:47.330+0000] {processor.py:208} INFO - Processing /opt/airflow/dags/my_dag.py took 0.100 seconds
[2025-04-23T17:30:17.489+0000] {processor.py:186} INFO - Started process (PID=13375) to work on /opt/airflow/dags/my_dag.py
[2025-04-23T17:30:17.490+0000] {processor.py:914} INFO - Processing file /opt/airflow/dags/my_dag.py for tasks to queue
[2025-04-23T17:30:17.492+0000] {logging_mixin.py:190} INFO - [2025-04-23T17:30:17.492+0000] {dagbag.py:588} INFO - Filling up the DagBag from /opt/airflow/dags/my_dag.py
[2025-04-23T17:30:17.506+0000] {processor.py:925} INFO - DAG(s) 'TFL_DATA_DAG' retrieved from /opt/airflow/dags/my_dag.py
[2025-04-23T17:30:17.521+0000] {logging_mixin.py:190} INFO - [2025-04-23T17:30:17.520+0000] {dag.py:3239} INFO - Sync 1 DAGs
[2025-04-23T17:30:17.534+0000] {logging_mixin.py:190} INFO - [2025-04-23T17:30:17.534+0000] {dag.py:4180} INFO - Setting next_dagrun for TFL_DATA_DAG to 2025-04-23 00:00:00+00:00, run_after=2025-04-24 00:00:00+00:00
[2025-04-23T17:30:17.546+0000] {processor.py:208} INFO - Processing /opt/airflow/dags/my_dag.py took 0.062 seconds
[2025-04-23T17:30:47.865+0000] {processor.py:186} INFO - Started process (PID=13396) to work on /opt/airflow/dags/my_dag.py
[2025-04-23T17:30:47.867+0000] {processor.py:914} INFO - Processing file /opt/airflow/dags/my_dag.py for tasks to queue
[2025-04-23T17:30:47.871+0000] {logging_mixin.py:190} INFO - [2025-04-23T17:30:47.871+0000] {dagbag.py:588} INFO - Filling up the DagBag from /opt/airflow/dags/my_dag.py
[2025-04-23T17:30:47.916+0000] {processor.py:925} INFO - DAG(s) 'TFL_DATA_DAG' retrieved from /opt/airflow/dags/my_dag.py
[2025-04-23T17:30:47.931+0000] {logging_mixin.py:190} INFO - [2025-04-23T17:30:47.931+0000] {dag.py:3239} INFO - Sync 1 DAGs
[2025-04-23T17:30:47.947+0000] {logging_mixin.py:190} INFO - [2025-04-23T17:30:47.947+0000] {dag.py:4180} INFO - Setting next_dagrun for TFL_DATA_DAG to 2025-04-23 00:00:00+00:00, run_after=2025-04-24 00:00:00+00:00
[2025-04-23T17:30:47.957+0000] {processor.py:208} INFO - Processing /opt/airflow/dags/my_dag.py took 0.096 seconds
[2025-04-23T17:31:18.207+0000] {processor.py:186} INFO - Started process (PID=13417) to work on /opt/airflow/dags/my_dag.py
[2025-04-23T17:31:18.209+0000] {processor.py:914} INFO - Processing file /opt/airflow/dags/my_dag.py for tasks to queue
[2025-04-23T17:31:18.212+0000] {logging_mixin.py:190} INFO - [2025-04-23T17:31:18.212+0000] {dagbag.py:588} INFO - Filling up the DagBag from /opt/airflow/dags/my_dag.py
[2025-04-23T17:31:18.244+0000] {processor.py:925} INFO - DAG(s) 'TFL_DATA_DAG' retrieved from /opt/airflow/dags/my_dag.py
[2025-04-23T17:31:18.261+0000] {logging_mixin.py:190} INFO - [2025-04-23T17:31:18.260+0000] {dag.py:3239} INFO - Sync 1 DAGs
[2025-04-23T17:31:18.276+0000] {logging_mixin.py:190} INFO - [2025-04-23T17:31:18.275+0000] {dag.py:4180} INFO - Setting next_dagrun for TFL_DATA_DAG to 2025-04-23 00:00:00+00:00, run_after=2025-04-24 00:00:00+00:00
[2025-04-23T17:31:18.289+0000] {processor.py:208} INFO - Processing /opt/airflow/dags/my_dag.py took 0.085 seconds
[2025-04-23T17:31:48.580+0000] {processor.py:186} INFO - Started process (PID=13438) to work on /opt/airflow/dags/my_dag.py
[2025-04-23T17:31:48.581+0000] {processor.py:914} INFO - Processing file /opt/airflow/dags/my_dag.py for tasks to queue
[2025-04-23T17:31:48.583+0000] {logging_mixin.py:190} INFO - [2025-04-23T17:31:48.583+0000] {dagbag.py:588} INFO - Filling up the DagBag from /opt/airflow/dags/my_dag.py
[2025-04-23T17:31:48.595+0000] {processor.py:925} INFO - DAG(s) 'TFL_DATA_DAG' retrieved from /opt/airflow/dags/my_dag.py
[2025-04-23T17:31:48.610+0000] {logging_mixin.py:190} INFO - [2025-04-23T17:31:48.610+0000] {dag.py:3239} INFO - Sync 1 DAGs
[2025-04-23T17:31:48.625+0000] {logging_mixin.py:190} INFO - [2025-04-23T17:31:48.625+0000] {dag.py:4180} INFO - Setting next_dagrun for TFL_DATA_DAG to 2025-04-23 00:00:00+00:00, run_after=2025-04-24 00:00:00+00:00
[2025-04-23T17:31:48.635+0000] {processor.py:208} INFO - Processing /opt/airflow/dags/my_dag.py took 0.059 seconds
[2025-04-23T17:32:18.827+0000] {processor.py:186} INFO - Started process (PID=13459) to work on /opt/airflow/dags/my_dag.py
[2025-04-23T17:32:18.832+0000] {processor.py:914} INFO - Processing file /opt/airflow/dags/my_dag.py for tasks to queue
[2025-04-23T17:32:18.839+0000] {logging_mixin.py:190} INFO - [2025-04-23T17:32:18.838+0000] {dagbag.py:588} INFO - Filling up the DagBag from /opt/airflow/dags/my_dag.py
[2025-04-23T17:32:18.873+0000] {processor.py:925} INFO - DAG(s) 'TFL_DATA_DAG' retrieved from /opt/airflow/dags/my_dag.py
[2025-04-23T17:32:18.890+0000] {logging_mixin.py:190} INFO - [2025-04-23T17:32:18.890+0000] {dag.py:3239} INFO - Sync 1 DAGs
[2025-04-23T17:32:18.906+0000] {logging_mixin.py:190} INFO - [2025-04-23T17:32:18.906+0000] {dag.py:4180} INFO - Setting next_dagrun for TFL_DATA_DAG to 2025-04-23 00:00:00+00:00, run_after=2025-04-24 00:00:00+00:00
[2025-04-23T17:32:18.920+0000] {processor.py:208} INFO - Processing /opt/airflow/dags/my_dag.py took 0.098 seconds
[2025-04-23T17:32:49.119+0000] {processor.py:186} INFO - Started process (PID=13480) to work on /opt/airflow/dags/my_dag.py
[2025-04-23T17:32:49.122+0000] {processor.py:914} INFO - Processing file /opt/airflow/dags/my_dag.py for tasks to queue
[2025-04-23T17:32:49.127+0000] {logging_mixin.py:190} INFO - [2025-04-23T17:32:49.127+0000] {dagbag.py:588} INFO - Filling up the DagBag from /opt/airflow/dags/my_dag.py
[2025-04-23T17:32:49.161+0000] {processor.py:925} INFO - DAG(s) 'TFL_DATA_DAG' retrieved from /opt/airflow/dags/my_dag.py
[2025-04-23T17:32:49.188+0000] {logging_mixin.py:190} INFO - [2025-04-23T17:32:49.188+0000] {dag.py:3239} INFO - Sync 1 DAGs
[2025-04-23T17:32:49.204+0000] {logging_mixin.py:190} INFO - [2025-04-23T17:32:49.204+0000] {dag.py:4180} INFO - Setting next_dagrun for TFL_DATA_DAG to 2025-04-23 00:00:00+00:00, run_after=2025-04-24 00:00:00+00:00
[2025-04-23T17:32:49.216+0000] {processor.py:208} INFO - Processing /opt/airflow/dags/my_dag.py took 0.103 seconds
[2025-04-23T17:33:19.533+0000] {processor.py:186} INFO - Started process (PID=13501) to work on /opt/airflow/dags/my_dag.py
[2025-04-23T17:33:19.535+0000] {processor.py:914} INFO - Processing file /opt/airflow/dags/my_dag.py for tasks to queue
[2025-04-23T17:33:19.541+0000] {logging_mixin.py:190} INFO - [2025-04-23T17:33:19.541+0000] {dagbag.py:588} INFO - Filling up the DagBag from /opt/airflow/dags/my_dag.py
[2025-04-23T17:33:19.560+0000] {processor.py:925} INFO - DAG(s) 'TFL_DATA_DAG' retrieved from /opt/airflow/dags/my_dag.py
[2025-04-23T17:33:19.574+0000] {logging_mixin.py:190} INFO - [2025-04-23T17:33:19.574+0000] {dag.py:3239} INFO - Sync 1 DAGs
[2025-04-23T17:33:19.588+0000] {logging_mixin.py:190} INFO - [2025-04-23T17:33:19.587+0000] {dag.py:4180} INFO - Setting next_dagrun for TFL_DATA_DAG to 2025-04-23 00:00:00+00:00, run_after=2025-04-24 00:00:00+00:00
[2025-04-23T17:33:19.600+0000] {processor.py:208} INFO - Processing /opt/airflow/dags/my_dag.py took 0.070 seconds
[2025-04-23T17:33:49.903+0000] {processor.py:186} INFO - Started process (PID=13522) to work on /opt/airflow/dags/my_dag.py
[2025-04-23T17:33:49.906+0000] {processor.py:914} INFO - Processing file /opt/airflow/dags/my_dag.py for tasks to queue
[2025-04-23T17:33:49.916+0000] {logging_mixin.py:190} INFO - [2025-04-23T17:33:49.916+0000] {dagbag.py:588} INFO - Filling up the DagBag from /opt/airflow/dags/my_dag.py
[2025-04-23T17:33:49.954+0000] {processor.py:925} INFO - DAG(s) 'TFL_DATA_DAG' retrieved from /opt/airflow/dags/my_dag.py
[2025-04-23T17:33:49.970+0000] {logging_mixin.py:190} INFO - [2025-04-23T17:33:49.970+0000] {dag.py:3239} INFO - Sync 1 DAGs
[2025-04-23T17:33:49.983+0000] {logging_mixin.py:190} INFO - [2025-04-23T17:33:49.983+0000] {dag.py:4180} INFO - Setting next_dagrun for TFL_DATA_DAG to 2025-04-23 00:00:00+00:00, run_after=2025-04-24 00:00:00+00:00
[2025-04-23T17:33:49.996+0000] {processor.py:208} INFO - Processing /opt/airflow/dags/my_dag.py took 0.097 seconds
[2025-04-23T17:34:20.141+0000] {processor.py:186} INFO - Started process (PID=13543) to work on /opt/airflow/dags/my_dag.py
[2025-04-23T17:34:20.145+0000] {processor.py:914} INFO - Processing file /opt/airflow/dags/my_dag.py for tasks to queue
[2025-04-23T17:34:20.147+0000] {logging_mixin.py:190} INFO - [2025-04-23T17:34:20.147+0000] {dagbag.py:588} INFO - Filling up the DagBag from /opt/airflow/dags/my_dag.py
[2025-04-23T17:34:20.174+0000] {processor.py:925} INFO - DAG(s) 'TFL_DATA_DAG' retrieved from /opt/airflow/dags/my_dag.py
[2025-04-23T17:34:20.193+0000] {logging_mixin.py:190} INFO - [2025-04-23T17:34:20.193+0000] {dag.py:3239} INFO - Sync 1 DAGs
[2025-04-23T17:34:20.208+0000] {logging_mixin.py:190} INFO - [2025-04-23T17:34:20.208+0000] {dag.py:4180} INFO - Setting next_dagrun for TFL_DATA_DAG to 2025-04-23 00:00:00+00:00, run_after=2025-04-24 00:00:00+00:00
[2025-04-23T17:34:20.221+0000] {processor.py:208} INFO - Processing /opt/airflow/dags/my_dag.py took 0.084 seconds
[2025-04-23T17:34:50.517+0000] {processor.py:186} INFO - Started process (PID=13564) to work on /opt/airflow/dags/my_dag.py
[2025-04-23T17:34:50.519+0000] {processor.py:914} INFO - Processing file /opt/airflow/dags/my_dag.py for tasks to queue
[2025-04-23T17:34:50.523+0000] {logging_mixin.py:190} INFO - [2025-04-23T17:34:50.523+0000] {dagbag.py:588} INFO - Filling up the DagBag from /opt/airflow/dags/my_dag.py
[2025-04-23T17:34:50.557+0000] {processor.py:925} INFO - DAG(s) 'TFL_DATA_DAG' retrieved from /opt/airflow/dags/my_dag.py
[2025-04-23T17:34:50.578+0000] {logging_mixin.py:190} INFO - [2025-04-23T17:34:50.578+0000] {dag.py:3239} INFO - Sync 1 DAGs
[2025-04-23T17:34:50.594+0000] {logging_mixin.py:190} INFO - [2025-04-23T17:34:50.594+0000] {dag.py:4180} INFO - Setting next_dagrun for TFL_DATA_DAG to 2025-04-23 00:00:00+00:00, run_after=2025-04-24 00:00:00+00:00
[2025-04-23T17:34:50.612+0000] {processor.py:208} INFO - Processing /opt/airflow/dags/my_dag.py took 0.099 seconds
[2025-04-23T17:35:20.931+0000] {processor.py:186} INFO - Started process (PID=13593) to work on /opt/airflow/dags/my_dag.py
[2025-04-23T17:35:20.985+0000] {processor.py:914} INFO - Processing file /opt/airflow/dags/my_dag.py for tasks to queue
[2025-04-23T17:35:20.989+0000] {logging_mixin.py:190} INFO - [2025-04-23T17:35:20.989+0000] {dagbag.py:588} INFO - Filling up the DagBag from /opt/airflow/dags/my_dag.py
[2025-04-23T17:35:21.053+0000] {processor.py:925} INFO - DAG(s) 'TFL_DATA_DAG' retrieved from /opt/airflow/dags/my_dag.py
[2025-04-23T17:35:21.068+0000] {logging_mixin.py:190} INFO - [2025-04-23T17:35:21.068+0000] {dag.py:3239} INFO - Sync 1 DAGs
[2025-04-23T17:35:21.086+0000] {logging_mixin.py:190} INFO - [2025-04-23T17:35:21.086+0000] {dag.py:4180} INFO - Setting next_dagrun for TFL_DATA_DAG to 2025-04-23 00:00:00+00:00, run_after=2025-04-24 00:00:00+00:00
[2025-04-23T17:35:21.099+0000] {processor.py:208} INFO - Processing /opt/airflow/dags/my_dag.py took 0.173 seconds
[2025-04-23T17:35:51.361+0000] {processor.py:186} INFO - Started process (PID=13614) to work on /opt/airflow/dags/my_dag.py
[2025-04-23T17:35:51.362+0000] {processor.py:914} INFO - Processing file /opt/airflow/dags/my_dag.py for tasks to queue
[2025-04-23T17:35:51.365+0000] {logging_mixin.py:190} INFO - [2025-04-23T17:35:51.364+0000] {dagbag.py:588} INFO - Filling up the DagBag from /opt/airflow/dags/my_dag.py
[2025-04-23T17:35:51.406+0000] {processor.py:925} INFO - DAG(s) 'TFL_DATA_DAG' retrieved from /opt/airflow/dags/my_dag.py
[2025-04-23T17:35:51.425+0000] {logging_mixin.py:190} INFO - [2025-04-23T17:35:51.424+0000] {dag.py:3239} INFO - Sync 1 DAGs
[2025-04-23T17:35:51.440+0000] {logging_mixin.py:190} INFO - [2025-04-23T17:35:51.440+0000] {dag.py:4180} INFO - Setting next_dagrun for TFL_DATA_DAG to 2025-04-23 00:00:00+00:00, run_after=2025-04-24 00:00:00+00:00
[2025-04-23T17:35:51.462+0000] {processor.py:208} INFO - Processing /opt/airflow/dags/my_dag.py took 0.106 seconds
[2025-04-23T17:36:21.812+0000] {processor.py:186} INFO - Started process (PID=13635) to work on /opt/airflow/dags/my_dag.py
[2025-04-23T17:36:21.814+0000] {processor.py:914} INFO - Processing file /opt/airflow/dags/my_dag.py for tasks to queue
[2025-04-23T17:36:21.816+0000] {logging_mixin.py:190} INFO - [2025-04-23T17:36:21.815+0000] {dagbag.py:588} INFO - Filling up the DagBag from /opt/airflow/dags/my_dag.py
[2025-04-23T17:36:21.842+0000] {processor.py:925} INFO - DAG(s) 'TFL_DATA_DAG' retrieved from /opt/airflow/dags/my_dag.py
[2025-04-23T17:36:21.857+0000] {logging_mixin.py:190} INFO - [2025-04-23T17:36:21.857+0000] {dag.py:3239} INFO - Sync 1 DAGs
[2025-04-23T17:36:21.872+0000] {logging_mixin.py:190} INFO - [2025-04-23T17:36:21.872+0000] {dag.py:4180} INFO - Setting next_dagrun for TFL_DATA_DAG to 2025-04-23 00:00:00+00:00, run_after=2025-04-24 00:00:00+00:00
[2025-04-23T17:36:21.883+0000] {processor.py:208} INFO - Processing /opt/airflow/dags/my_dag.py took 0.074 seconds
[2025-04-23T17:36:52.172+0000] {processor.py:186} INFO - Started process (PID=13665) to work on /opt/airflow/dags/my_dag.py
[2025-04-23T17:36:52.174+0000] {processor.py:914} INFO - Processing file /opt/airflow/dags/my_dag.py for tasks to queue
[2025-04-23T17:36:52.176+0000] {logging_mixin.py:190} INFO - [2025-04-23T17:36:52.176+0000] {dagbag.py:588} INFO - Filling up the DagBag from /opt/airflow/dags/my_dag.py
[2025-04-23T17:36:52.207+0000] {processor.py:925} INFO - DAG(s) 'TFL_DATA_DAG' retrieved from /opt/airflow/dags/my_dag.py
[2025-04-23T17:36:52.224+0000] {logging_mixin.py:190} INFO - [2025-04-23T17:36:52.224+0000] {dag.py:3239} INFO - Sync 1 DAGs
[2025-04-23T17:36:52.240+0000] {logging_mixin.py:190} INFO - [2025-04-23T17:36:52.240+0000] {dag.py:4180} INFO - Setting next_dagrun for TFL_DATA_DAG to 2025-04-23 00:00:00+00:00, run_after=2025-04-24 00:00:00+00:00
[2025-04-23T17:36:52.254+0000] {processor.py:208} INFO - Processing /opt/airflow/dags/my_dag.py took 0.085 seconds
[2025-04-23T17:37:22.494+0000] {processor.py:186} INFO - Started process (PID=13686) to work on /opt/airflow/dags/my_dag.py
[2025-04-23T17:37:22.495+0000] {processor.py:914} INFO - Processing file /opt/airflow/dags/my_dag.py for tasks to queue
[2025-04-23T17:37:22.497+0000] {logging_mixin.py:190} INFO - [2025-04-23T17:37:22.497+0000] {dagbag.py:588} INFO - Filling up the DagBag from /opt/airflow/dags/my_dag.py
[2025-04-23T17:37:22.515+0000] {processor.py:925} INFO - DAG(s) 'TFL_DATA_DAG' retrieved from /opt/airflow/dags/my_dag.py
[2025-04-23T17:37:22.531+0000] {logging_mixin.py:190} INFO - [2025-04-23T17:37:22.531+0000] {dag.py:3239} INFO - Sync 1 DAGs
[2025-04-23T17:37:22.548+0000] {logging_mixin.py:190} INFO - [2025-04-23T17:37:22.547+0000] {dag.py:4180} INFO - Setting next_dagrun for TFL_DATA_DAG to 2025-04-23 00:00:00+00:00, run_after=2025-04-24 00:00:00+00:00
[2025-04-23T17:37:22.561+0000] {processor.py:208} INFO - Processing /opt/airflow/dags/my_dag.py took 0.070 seconds
[2025-04-23T17:37:52.864+0000] {processor.py:186} INFO - Started process (PID=13716) to work on /opt/airflow/dags/my_dag.py
[2025-04-23T17:37:52.867+0000] {processor.py:914} INFO - Processing file /opt/airflow/dags/my_dag.py for tasks to queue
[2025-04-23T17:37:52.878+0000] {logging_mixin.py:190} INFO - [2025-04-23T17:37:52.877+0000] {dagbag.py:588} INFO - Filling up the DagBag from /opt/airflow/dags/my_dag.py
[2025-04-23T17:37:52.914+0000] {processor.py:925} INFO - DAG(s) 'TFL_DATA_DAG' retrieved from /opt/airflow/dags/my_dag.py
[2025-04-23T17:37:52.930+0000] {logging_mixin.py:190} INFO - [2025-04-23T17:37:52.930+0000] {dag.py:3239} INFO - Sync 1 DAGs
[2025-04-23T17:37:52.944+0000] {logging_mixin.py:190} INFO - [2025-04-23T17:37:52.943+0000] {dag.py:4180} INFO - Setting next_dagrun for TFL_DATA_DAG to 2025-04-23 00:00:00+00:00, run_after=2025-04-24 00:00:00+00:00
[2025-04-23T17:37:52.955+0000] {processor.py:208} INFO - Processing /opt/airflow/dags/my_dag.py took 0.097 seconds
[2025-04-23T17:38:14.234+0000] {processor.py:186} INFO - Started process (PID=100) to work on /opt/airflow/dags/my_dag.py
[2025-04-23T17:38:14.236+0000] {processor.py:914} INFO - Processing file /opt/airflow/dags/my_dag.py for tasks to queue
[2025-04-23T17:38:14.238+0000] {logging_mixin.py:190} INFO - [2025-04-23T17:38:14.238+0000] {dagbag.py:588} INFO - Filling up the DagBag from /opt/airflow/dags/my_dag.py
[2025-04-23T17:38:14.264+0000] {processor.py:925} INFO - DAG(s) 'TFL_DATA_DAG' retrieved from /opt/airflow/dags/my_dag.py
[2025-04-23T17:38:14.287+0000] {logging_mixin.py:190} INFO - [2025-04-23T17:38:14.287+0000] {dag.py:3239} INFO - Sync 1 DAGs
[2025-04-23T17:38:14.312+0000] {logging_mixin.py:190} INFO - [2025-04-23T17:38:14.311+0000] {dag.py:4180} INFO - Setting next_dagrun for TFL_DATA_DAG to 2025-04-23 00:00:00+00:00, run_after=2025-04-24 00:00:00+00:00
[2025-04-23T17:38:14.332+0000] {processor.py:208} INFO - Processing /opt/airflow/dags/my_dag.py took 0.103 seconds
[2025-04-23T17:38:23.824+0000] {processor.py:186} INFO - Started process (PID=191) to work on /opt/airflow/dags/my_dag.py
[2025-04-23T17:38:23.827+0000] {processor.py:914} INFO - Processing file /opt/airflow/dags/my_dag.py for tasks to queue
[2025-04-23T17:38:23.831+0000] {logging_mixin.py:190} INFO - [2025-04-23T17:38:23.831+0000] {dagbag.py:588} INFO - Filling up the DagBag from /opt/airflow/dags/my_dag.py
[2025-04-23T17:38:23.857+0000] {processor.py:925} INFO - DAG(s) 'TFL_DATA_DAG' retrieved from /opt/airflow/dags/my_dag.py
[2025-04-23T17:38:23.877+0000] {logging_mixin.py:190} INFO - [2025-04-23T17:38:23.876+0000] {dag.py:3239} INFO - Sync 1 DAGs
[2025-04-23T17:38:23.898+0000] {logging_mixin.py:190} INFO - [2025-04-23T17:38:23.898+0000] {dag.py:4180} INFO - Setting next_dagrun for TFL_DATA_DAG to 2025-04-23 00:00:00+00:00, run_after=2025-04-24 00:00:00+00:00
[2025-04-23T17:38:23.918+0000] {processor.py:208} INFO - Processing /opt/airflow/dags/my_dag.py took 0.097 seconds
[2025-04-23T17:38:54.145+0000] {processor.py:186} INFO - Started process (PID=218) to work on /opt/airflow/dags/my_dag.py
[2025-04-23T17:38:54.145+0000] {processor.py:914} INFO - Processing file /opt/airflow/dags/my_dag.py for tasks to queue
[2025-04-23T17:38:54.147+0000] {logging_mixin.py:190} INFO - [2025-04-23T17:38:54.147+0000] {dagbag.py:588} INFO - Filling up the DagBag from /opt/airflow/dags/my_dag.py
[2025-04-23T17:38:54.160+0000] {processor.py:925} INFO - DAG(s) 'TFL_DATA_DAG' retrieved from /opt/airflow/dags/my_dag.py
[2025-04-23T17:38:54.177+0000] {logging_mixin.py:190} INFO - [2025-04-23T17:38:54.176+0000] {dag.py:3239} INFO - Sync 1 DAGs
[2025-04-23T17:38:54.191+0000] {logging_mixin.py:190} INFO - [2025-04-23T17:38:54.191+0000] {dag.py:4180} INFO - Setting next_dagrun for TFL_DATA_DAG to 2025-04-23 00:00:00+00:00, run_after=2025-04-24 00:00:00+00:00
[2025-04-23T17:38:54.202+0000] {processor.py:208} INFO - Processing /opt/airflow/dags/my_dag.py took 0.061 seconds
[2025-04-23T17:39:24.470+0000] {processor.py:186} INFO - Started process (PID=243) to work on /opt/airflow/dags/my_dag.py
[2025-04-23T17:39:24.471+0000] {processor.py:914} INFO - Processing file /opt/airflow/dags/my_dag.py for tasks to queue
[2025-04-23T17:39:24.473+0000] {logging_mixin.py:190} INFO - [2025-04-23T17:39:24.473+0000] {dagbag.py:588} INFO - Filling up the DagBag from /opt/airflow/dags/my_dag.py
[2025-04-23T17:39:24.522+0000] {processor.py:925} INFO - DAG(s) 'TFL_DATA_DAG' retrieved from /opt/airflow/dags/my_dag.py
[2025-04-23T17:39:24.536+0000] {logging_mixin.py:190} INFO - [2025-04-23T17:39:24.536+0000] {dag.py:3239} INFO - Sync 1 DAGs
[2025-04-23T17:39:24.551+0000] {logging_mixin.py:190} INFO - [2025-04-23T17:39:24.550+0000] {dag.py:4180} INFO - Setting next_dagrun for TFL_DATA_DAG to 2025-04-23 00:00:00+00:00, run_after=2025-04-24 00:00:00+00:00
[2025-04-23T17:39:24.561+0000] {processor.py:208} INFO - Processing /opt/airflow/dags/my_dag.py took 0.094 seconds
[2025-04-23T17:39:54.823+0000] {processor.py:186} INFO - Started process (PID=278) to work on /opt/airflow/dags/my_dag.py
[2025-04-23T17:39:54.827+0000] {processor.py:914} INFO - Processing file /opt/airflow/dags/my_dag.py for tasks to queue
[2025-04-23T17:39:54.829+0000] {logging_mixin.py:190} INFO - [2025-04-23T17:39:54.829+0000] {dagbag.py:588} INFO - Filling up the DagBag from /opt/airflow/dags/my_dag.py
[2025-04-23T17:39:54.865+0000] {processor.py:925} INFO - DAG(s) 'TFL_DATA_DAG' retrieved from /opt/airflow/dags/my_dag.py
[2025-04-23T17:39:54.880+0000] {logging_mixin.py:190} INFO - [2025-04-23T17:39:54.880+0000] {dag.py:3239} INFO - Sync 1 DAGs
[2025-04-23T17:39:54.893+0000] {logging_mixin.py:190} INFO - [2025-04-23T17:39:54.893+0000] {dag.py:4180} INFO - Setting next_dagrun for TFL_DATA_DAG to 2025-04-23 00:00:00+00:00, run_after=2025-04-24 00:00:00+00:00
[2025-04-23T17:39:54.905+0000] {processor.py:208} INFO - Processing /opt/airflow/dags/my_dag.py took 0.085 seconds
[2025-04-23T17:40:25.136+0000] {processor.py:186} INFO - Started process (PID=299) to work on /opt/airflow/dags/my_dag.py
[2025-04-23T17:40:25.137+0000] {processor.py:914} INFO - Processing file /opt/airflow/dags/my_dag.py for tasks to queue
[2025-04-23T17:40:25.139+0000] {logging_mixin.py:190} INFO - [2025-04-23T17:40:25.139+0000] {dagbag.py:588} INFO - Filling up the DagBag from /opt/airflow/dags/my_dag.py
[2025-04-23T17:40:25.166+0000] {processor.py:925} INFO - DAG(s) 'TFL_DATA_DAG' retrieved from /opt/airflow/dags/my_dag.py
[2025-04-23T17:40:25.181+0000] {logging_mixin.py:190} INFO - [2025-04-23T17:40:25.181+0000] {dag.py:3239} INFO - Sync 1 DAGs
[2025-04-23T17:40:25.198+0000] {logging_mixin.py:190} INFO - [2025-04-23T17:40:25.197+0000] {dag.py:4180} INFO - Setting next_dagrun for TFL_DATA_DAG to 2025-04-23 00:00:00+00:00, run_after=2025-04-24 00:00:00+00:00
[2025-04-23T17:40:25.212+0000] {processor.py:208} INFO - Processing /opt/airflow/dags/my_dag.py took 0.079 seconds
[2025-04-23T17:40:55.512+0000] {processor.py:186} INFO - Started process (PID=325) to work on /opt/airflow/dags/my_dag.py
[2025-04-23T17:40:55.515+0000] {processor.py:914} INFO - Processing file /opt/airflow/dags/my_dag.py for tasks to queue
[2025-04-23T17:40:55.518+0000] {logging_mixin.py:190} INFO - [2025-04-23T17:40:55.518+0000] {dagbag.py:588} INFO - Filling up the DagBag from /opt/airflow/dags/my_dag.py
[2025-04-23T17:40:55.566+0000] {processor.py:925} INFO - DAG(s) 'TFL_DATA_DAG' retrieved from /opt/airflow/dags/my_dag.py
[2025-04-23T17:40:55.623+0000] {logging_mixin.py:190} INFO - [2025-04-23T17:40:55.623+0000] {dag.py:3239} INFO - Sync 1 DAGs
[2025-04-23T17:40:55.676+0000] {logging_mixin.py:190} INFO - [2025-04-23T17:40:55.675+0000] {dag.py:4180} INFO - Setting next_dagrun for TFL_DATA_DAG to 2025-04-23 00:00:00+00:00, run_after=2025-04-24 00:00:00+00:00
[2025-04-23T17:40:55.692+0000] {processor.py:208} INFO - Processing /opt/airflow/dags/my_dag.py took 0.184 seconds
[2025-04-23T17:41:26.024+0000] {processor.py:186} INFO - Started process (PID=346) to work on /opt/airflow/dags/my_dag.py
[2025-04-23T17:41:26.028+0000] {processor.py:914} INFO - Processing file /opt/airflow/dags/my_dag.py for tasks to queue
[2025-04-23T17:41:26.031+0000] {logging_mixin.py:190} INFO - [2025-04-23T17:41:26.031+0000] {dagbag.py:588} INFO - Filling up the DagBag from /opt/airflow/dags/my_dag.py
[2025-04-23T17:41:26.057+0000] {processor.py:925} INFO - DAG(s) 'TFL_DATA_DAG' retrieved from /opt/airflow/dags/my_dag.py
[2025-04-23T17:41:26.074+0000] {logging_mixin.py:190} INFO - [2025-04-23T17:41:26.074+0000] {dag.py:3239} INFO - Sync 1 DAGs
[2025-04-23T17:41:26.091+0000] {logging_mixin.py:190} INFO - [2025-04-23T17:41:26.091+0000] {dag.py:4180} INFO - Setting next_dagrun for TFL_DATA_DAG to 2025-04-23 00:00:00+00:00, run_after=2025-04-24 00:00:00+00:00
[2025-04-23T17:41:26.106+0000] {processor.py:208} INFO - Processing /opt/airflow/dags/my_dag.py took 0.085 seconds
[2025-04-23T17:41:56.378+0000] {processor.py:186} INFO - Started process (PID=378) to work on /opt/airflow/dags/my_dag.py
[2025-04-23T17:41:56.381+0000] {processor.py:914} INFO - Processing file /opt/airflow/dags/my_dag.py for tasks to queue
[2025-04-23T17:41:56.388+0000] {logging_mixin.py:190} INFO - [2025-04-23T17:41:56.388+0000] {dagbag.py:588} INFO - Filling up the DagBag from /opt/airflow/dags/my_dag.py
[2025-04-23T17:41:56.426+0000] {processor.py:925} INFO - DAG(s) 'TFL_DATA_DAG' retrieved from /opt/airflow/dags/my_dag.py
[2025-04-23T17:41:56.442+0000] {logging_mixin.py:190} INFO - [2025-04-23T17:41:56.442+0000] {dag.py:3239} INFO - Sync 1 DAGs
[2025-04-23T17:41:56.457+0000] {logging_mixin.py:190} INFO - [2025-04-23T17:41:56.457+0000] {dag.py:4180} INFO - Setting next_dagrun for TFL_DATA_DAG to 2025-04-23 00:00:00+00:00, run_after=2025-04-24 00:00:00+00:00
[2025-04-23T17:41:56.470+0000] {processor.py:208} INFO - Processing /opt/airflow/dags/my_dag.py took 0.097 seconds
[2025-04-23T17:42:26.739+0000] {processor.py:186} INFO - Started process (PID=399) to work on /opt/airflow/dags/my_dag.py
[2025-04-23T17:42:26.740+0000] {processor.py:914} INFO - Processing file /opt/airflow/dags/my_dag.py for tasks to queue
[2025-04-23T17:42:26.742+0000] {logging_mixin.py:190} INFO - [2025-04-23T17:42:26.742+0000] {dagbag.py:588} INFO - Filling up the DagBag from /opt/airflow/dags/my_dag.py
[2025-04-23T17:42:26.755+0000] {processor.py:925} INFO - DAG(s) 'TFL_DATA_DAG' retrieved from /opt/airflow/dags/my_dag.py
[2025-04-23T17:42:26.771+0000] {logging_mixin.py:190} INFO - [2025-04-23T17:42:26.771+0000] {dag.py:3239} INFO - Sync 1 DAGs
[2025-04-23T17:42:26.786+0000] {logging_mixin.py:190} INFO - [2025-04-23T17:42:26.786+0000] {dag.py:4180} INFO - Setting next_dagrun for TFL_DATA_DAG to 2025-04-23 00:00:00+00:00, run_after=2025-04-24 00:00:00+00:00
[2025-04-23T17:42:26.801+0000] {processor.py:208} INFO - Processing /opt/airflow/dags/my_dag.py took 0.066 seconds
[2025-04-23T17:42:57.072+0000] {processor.py:186} INFO - Started process (PID=425) to work on /opt/airflow/dags/my_dag.py
[2025-04-23T17:42:57.077+0000] {processor.py:914} INFO - Processing file /opt/airflow/dags/my_dag.py for tasks to queue
[2025-04-23T17:42:57.080+0000] {logging_mixin.py:190} INFO - [2025-04-23T17:42:57.080+0000] {dagbag.py:588} INFO - Filling up the DagBag from /opt/airflow/dags/my_dag.py
[2025-04-23T17:42:57.107+0000] {processor.py:925} INFO - DAG(s) 'TFL_DATA_DAG' retrieved from /opt/airflow/dags/my_dag.py
[2025-04-23T17:42:57.122+0000] {logging_mixin.py:190} INFO - [2025-04-23T17:42:57.122+0000] {dag.py:3239} INFO - Sync 1 DAGs
[2025-04-23T17:42:57.138+0000] {logging_mixin.py:190} INFO - [2025-04-23T17:42:57.138+0000] {dag.py:4180} INFO - Setting next_dagrun for TFL_DATA_DAG to 2025-04-23 00:00:00+00:00, run_after=2025-04-24 00:00:00+00:00
[2025-04-23T17:42:57.153+0000] {processor.py:208} INFO - Processing /opt/airflow/dags/my_dag.py took 0.084 seconds
[2025-04-23T17:43:27.533+0000] {processor.py:186} INFO - Started process (PID=445) to work on /opt/airflow/dags/my_dag.py
[2025-04-23T17:43:27.535+0000] {processor.py:914} INFO - Processing file /opt/airflow/dags/my_dag.py for tasks to queue
[2025-04-23T17:43:27.537+0000] {logging_mixin.py:190} INFO - [2025-04-23T17:43:27.537+0000] {dagbag.py:588} INFO - Filling up the DagBag from /opt/airflow/dags/my_dag.py
[2025-04-23T17:43:27.567+0000] {processor.py:925} INFO - DAG(s) 'TFL_DATA_DAG' retrieved from /opt/airflow/dags/my_dag.py
[2025-04-23T17:43:27.584+0000] {logging_mixin.py:190} INFO - [2025-04-23T17:43:27.583+0000] {dag.py:3239} INFO - Sync 1 DAGs
[2025-04-23T17:43:27.598+0000] {logging_mixin.py:190} INFO - [2025-04-23T17:43:27.598+0000] {dag.py:4180} INFO - Setting next_dagrun for TFL_DATA_DAG to 2025-04-23 00:00:00+00:00, run_after=2025-04-24 00:00:00+00:00
[2025-04-23T17:43:27.613+0000] {processor.py:208} INFO - Processing /opt/airflow/dags/my_dag.py took 0.084 seconds
[2025-04-23T17:43:57.867+0000] {processor.py:186} INFO - Started process (PID=471) to work on /opt/airflow/dags/my_dag.py
[2025-04-23T17:43:57.869+0000] {processor.py:914} INFO - Processing file /opt/airflow/dags/my_dag.py for tasks to queue
[2025-04-23T17:43:57.871+0000] {logging_mixin.py:190} INFO - [2025-04-23T17:43:57.871+0000] {dagbag.py:588} INFO - Filling up the DagBag from /opt/airflow/dags/my_dag.py
[2025-04-23T17:43:57.889+0000] {processor.py:925} INFO - DAG(s) 'TFL_DATA_DAG' retrieved from /opt/airflow/dags/my_dag.py
[2025-04-23T17:43:57.905+0000] {logging_mixin.py:190} INFO - [2025-04-23T17:43:57.904+0000] {dag.py:3239} INFO - Sync 1 DAGs
[2025-04-23T17:43:57.919+0000] {logging_mixin.py:190} INFO - [2025-04-23T17:43:57.919+0000] {dag.py:4180} INFO - Setting next_dagrun for TFL_DATA_DAG to 2025-04-23 00:00:00+00:00, run_after=2025-04-24 00:00:00+00:00
[2025-04-23T17:43:57.932+0000] {processor.py:208} INFO - Processing /opt/airflow/dags/my_dag.py took 0.068 seconds
[2025-04-23T17:44:28.133+0000] {processor.py:186} INFO - Started process (PID=492) to work on /opt/airflow/dags/my_dag.py
[2025-04-23T17:44:28.135+0000] {processor.py:914} INFO - Processing file /opt/airflow/dags/my_dag.py for tasks to queue
[2025-04-23T17:44:28.141+0000] {logging_mixin.py:190} INFO - [2025-04-23T17:44:28.141+0000] {dagbag.py:588} INFO - Filling up the DagBag from /opt/airflow/dags/my_dag.py
[2025-04-23T17:44:28.187+0000] {processor.py:925} INFO - DAG(s) 'TFL_DATA_DAG' retrieved from /opt/airflow/dags/my_dag.py
[2025-04-23T17:44:28.206+0000] {logging_mixin.py:190} INFO - [2025-04-23T17:44:28.206+0000] {dag.py:3239} INFO - Sync 1 DAGs
[2025-04-23T17:44:28.221+0000] {logging_mixin.py:190} INFO - [2025-04-23T17:44:28.221+0000] {dag.py:4180} INFO - Setting next_dagrun for TFL_DATA_DAG to 2025-04-23 00:00:00+00:00, run_after=2025-04-24 00:00:00+00:00
[2025-04-23T17:44:28.232+0000] {processor.py:208} INFO - Processing /opt/airflow/dags/my_dag.py took 0.102 seconds
[2025-04-23T17:44:29.283+0000] {processor.py:186} INFO - Started process (PID=507) to work on /opt/airflow/dags/my_dag.py
[2025-04-23T17:44:29.284+0000] {processor.py:914} INFO - Processing file /opt/airflow/dags/my_dag.py for tasks to queue
[2025-04-23T17:44:29.286+0000] {logging_mixin.py:190} INFO - [2025-04-23T17:44:29.286+0000] {dagbag.py:588} INFO - Filling up the DagBag from /opt/airflow/dags/my_dag.py
[2025-04-23T17:44:29.324+0000] {processor.py:925} INFO - DAG(s) 'TFL_DATA_DAG' retrieved from /opt/airflow/dags/my_dag.py
[2025-04-23T17:44:29.337+0000] {logging_mixin.py:190} INFO - [2025-04-23T17:44:29.337+0000] {dag.py:3239} INFO - Sync 1 DAGs
[2025-04-23T17:44:29.350+0000] {logging_mixin.py:190} INFO - [2025-04-23T17:44:29.350+0000] {dag.py:4180} INFO - Setting next_dagrun for TFL_DATA_DAG to 2025-04-23 00:00:00+00:00, run_after=2025-04-24 00:00:00+00:00
[2025-04-23T17:44:29.366+0000] {processor.py:208} INFO - Processing /opt/airflow/dags/my_dag.py took 0.087 seconds
[2025-04-23T17:44:30.380+0000] {processor.py:186} INFO - Started process (PID=512) to work on /opt/airflow/dags/my_dag.py
[2025-04-23T17:44:30.382+0000] {processor.py:914} INFO - Processing file /opt/airflow/dags/my_dag.py for tasks to queue
[2025-04-23T17:44:30.384+0000] {logging_mixin.py:190} INFO - [2025-04-23T17:44:30.384+0000] {dagbag.py:588} INFO - Filling up the DagBag from /opt/airflow/dags/my_dag.py
[2025-04-23T17:44:30.401+0000] {processor.py:925} INFO - DAG(s) 'TFL_DATA_DAG' retrieved from /opt/airflow/dags/my_dag.py
[2025-04-23T17:44:30.415+0000] {logging_mixin.py:190} INFO - [2025-04-23T17:44:30.415+0000] {dag.py:3239} INFO - Sync 1 DAGs
[2025-04-23T17:44:30.429+0000] {logging_mixin.py:190} INFO - [2025-04-23T17:44:30.429+0000] {dag.py:4180} INFO - Setting next_dagrun for TFL_DATA_DAG to 2025-04-23 00:00:00+00:00, run_after=2025-04-24 00:00:00+00:00
[2025-04-23T17:44:30.444+0000] {processor.py:208} INFO - Processing /opt/airflow/dags/my_dag.py took 0.067 seconds
[2025-04-23T17:45:00.710+0000] {processor.py:186} INFO - Started process (PID=537) to work on /opt/airflow/dags/my_dag.py
[2025-04-23T17:45:00.713+0000] {processor.py:914} INFO - Processing file /opt/airflow/dags/my_dag.py for tasks to queue
[2025-04-23T17:45:00.718+0000] {logging_mixin.py:190} INFO - [2025-04-23T17:45:00.718+0000] {dagbag.py:588} INFO - Filling up the DagBag from /opt/airflow/dags/my_dag.py
[2025-04-23T17:45:00.758+0000] {processor.py:925} INFO - DAG(s) 'TFL_DATA_DAG' retrieved from /opt/airflow/dags/my_dag.py
[2025-04-23T17:45:00.773+0000] {logging_mixin.py:190} INFO - [2025-04-23T17:45:00.773+0000] {dag.py:3239} INFO - Sync 1 DAGs
[2025-04-23T17:45:00.785+0000] {logging_mixin.py:190} INFO - [2025-04-23T17:45:00.785+0000] {dag.py:4180} INFO - Setting next_dagrun for TFL_DATA_DAG to 2025-04-23 00:00:00+00:00, run_after=2025-04-24 00:00:00+00:00
[2025-04-23T17:45:00.798+0000] {processor.py:208} INFO - Processing /opt/airflow/dags/my_dag.py took 0.097 seconds
[2025-04-23T17:45:31.058+0000] {processor.py:186} INFO - Started process (PID=558) to work on /opt/airflow/dags/my_dag.py
[2025-04-23T17:45:31.059+0000] {processor.py:914} INFO - Processing file /opt/airflow/dags/my_dag.py for tasks to queue
[2025-04-23T17:45:31.062+0000] {logging_mixin.py:190} INFO - [2025-04-23T17:45:31.062+0000] {dagbag.py:588} INFO - Filling up the DagBag from /opt/airflow/dags/my_dag.py
[2025-04-23T17:45:31.074+0000] {processor.py:925} INFO - DAG(s) 'TFL_DATA_DAG' retrieved from /opt/airflow/dags/my_dag.py
[2025-04-23T17:45:31.087+0000] {logging_mixin.py:190} INFO - [2025-04-23T17:45:31.087+0000] {dag.py:3239} INFO - Sync 1 DAGs
[2025-04-23T17:45:31.101+0000] {logging_mixin.py:190} INFO - [2025-04-23T17:45:31.101+0000] {dag.py:4180} INFO - Setting next_dagrun for TFL_DATA_DAG to 2025-04-23 00:00:00+00:00, run_after=2025-04-24 00:00:00+00:00
[2025-04-23T17:45:31.112+0000] {processor.py:208} INFO - Processing /opt/airflow/dags/my_dag.py took 0.058 seconds
[2025-04-23T17:46:01.377+0000] {processor.py:186} INFO - Started process (PID=579) to work on /opt/airflow/dags/my_dag.py
[2025-04-23T17:46:01.378+0000] {processor.py:914} INFO - Processing file /opt/airflow/dags/my_dag.py for tasks to queue
[2025-04-23T17:46:01.380+0000] {logging_mixin.py:190} INFO - [2025-04-23T17:46:01.380+0000] {dagbag.py:588} INFO - Filling up the DagBag from /opt/airflow/dags/my_dag.py
[2025-04-23T17:46:01.395+0000] {processor.py:925} INFO - DAG(s) 'TFL_DATA_DAG' retrieved from /opt/airflow/dags/my_dag.py
[2025-04-23T17:46:01.408+0000] {logging_mixin.py:190} INFO - [2025-04-23T17:46:01.408+0000] {dag.py:3239} INFO - Sync 1 DAGs
[2025-04-23T17:46:01.421+0000] {logging_mixin.py:190} INFO - [2025-04-23T17:46:01.421+0000] {dag.py:4180} INFO - Setting next_dagrun for TFL_DATA_DAG to 2025-04-23 00:00:00+00:00, run_after=2025-04-24 00:00:00+00:00
[2025-04-23T17:46:01.432+0000] {processor.py:208} INFO - Processing /opt/airflow/dags/my_dag.py took 0.058 seconds
[2025-04-23T17:46:31.735+0000] {processor.py:186} INFO - Started process (PID=600) to work on /opt/airflow/dags/my_dag.py
[2025-04-23T17:46:31.737+0000] {processor.py:914} INFO - Processing file /opt/airflow/dags/my_dag.py for tasks to queue
[2025-04-23T17:46:31.739+0000] {logging_mixin.py:190} INFO - [2025-04-23T17:46:31.738+0000] {dagbag.py:588} INFO - Filling up the DagBag from /opt/airflow/dags/my_dag.py
[2025-04-23T17:46:31.754+0000] {processor.py:925} INFO - DAG(s) 'TFL_DATA_DAG' retrieved from /opt/airflow/dags/my_dag.py
[2025-04-23T17:46:31.767+0000] {logging_mixin.py:190} INFO - [2025-04-23T17:46:31.766+0000] {dag.py:3239} INFO - Sync 1 DAGs
[2025-04-23T17:46:31.779+0000] {logging_mixin.py:190} INFO - [2025-04-23T17:46:31.779+0000] {dag.py:4180} INFO - Setting next_dagrun for TFL_DATA_DAG to 2025-04-23 00:00:00+00:00, run_after=2025-04-24 00:00:00+00:00
[2025-04-23T17:46:31.791+0000] {processor.py:208} INFO - Processing /opt/airflow/dags/my_dag.py took 0.059 seconds
[2025-04-23T17:46:32.751+0000] {processor.py:186} INFO - Started process (PID=605) to work on /opt/airflow/dags/my_dag.py
[2025-04-23T17:46:32.754+0000] {processor.py:914} INFO - Processing file /opt/airflow/dags/my_dag.py for tasks to queue
[2025-04-23T17:46:32.759+0000] {logging_mixin.py:190} INFO - [2025-04-23T17:46:32.759+0000] {dagbag.py:588} INFO - Filling up the DagBag from /opt/airflow/dags/my_dag.py
[2025-04-23T17:46:32.854+0000] {processor.py:925} INFO - DAG(s) 'TFL_DATA_DAG' retrieved from /opt/airflow/dags/my_dag.py
[2025-04-23T17:46:32.867+0000] {logging_mixin.py:190} INFO - [2025-04-23T17:46:32.867+0000] {dag.py:3239} INFO - Sync 1 DAGs
[2025-04-23T17:46:32.880+0000] {logging_mixin.py:190} INFO - [2025-04-23T17:46:32.880+0000] {dag.py:4180} INFO - Setting next_dagrun for TFL_DATA_DAG to 2025-04-23 00:00:00+00:00, run_after=2025-04-24 00:00:00+00:00
[2025-04-23T17:46:32.895+0000] {processor.py:208} INFO - Processing /opt/airflow/dags/my_dag.py took 0.147 seconds
[2025-04-23T17:47:03.179+0000] {processor.py:186} INFO - Started process (PID=631) to work on /opt/airflow/dags/my_dag.py
[2025-04-23T17:47:03.181+0000] {processor.py:914} INFO - Processing file /opt/airflow/dags/my_dag.py for tasks to queue
[2025-04-23T17:47:03.183+0000] {logging_mixin.py:190} INFO - [2025-04-23T17:47:03.183+0000] {dagbag.py:588} INFO - Filling up the DagBag from /opt/airflow/dags/my_dag.py
[2025-04-23T17:47:03.196+0000] {processor.py:925} INFO - DAG(s) 'TFL_DATA_DAG' retrieved from /opt/airflow/dags/my_dag.py
[2025-04-23T17:47:03.210+0000] {logging_mixin.py:190} INFO - [2025-04-23T17:47:03.209+0000] {dag.py:3239} INFO - Sync 1 DAGs
[2025-04-23T17:47:03.224+0000] {logging_mixin.py:190} INFO - [2025-04-23T17:47:03.224+0000] {dag.py:4180} INFO - Setting next_dagrun for TFL_DATA_DAG to 2025-04-23 00:00:00+00:00, run_after=2025-04-24 00:00:00+00:00
[2025-04-23T17:47:03.235+0000] {processor.py:208} INFO - Processing /opt/airflow/dags/my_dag.py took 0.060 seconds
[2025-04-23T17:47:33.500+0000] {processor.py:186} INFO - Started process (PID=652) to work on /opt/airflow/dags/my_dag.py
[2025-04-23T17:47:33.501+0000] {processor.py:914} INFO - Processing file /opt/airflow/dags/my_dag.py for tasks to queue
[2025-04-23T17:47:33.504+0000] {logging_mixin.py:190} INFO - [2025-04-23T17:47:33.504+0000] {dagbag.py:588} INFO - Filling up the DagBag from /opt/airflow/dags/my_dag.py
[2025-04-23T17:47:33.519+0000] {processor.py:925} INFO - DAG(s) 'TFL_DATA_DAG' retrieved from /opt/airflow/dags/my_dag.py
[2025-04-23T17:47:33.533+0000] {logging_mixin.py:190} INFO - [2025-04-23T17:47:33.532+0000] {dag.py:3239} INFO - Sync 1 DAGs
[2025-04-23T17:47:33.547+0000] {logging_mixin.py:190} INFO - [2025-04-23T17:47:33.547+0000] {dag.py:4180} INFO - Setting next_dagrun for TFL_DATA_DAG to 2025-04-23 00:00:00+00:00, run_after=2025-04-24 00:00:00+00:00
[2025-04-23T17:47:33.559+0000] {processor.py:208} INFO - Processing /opt/airflow/dags/my_dag.py took 0.062 seconds
[2025-04-23T17:48:03.831+0000] {processor.py:186} INFO - Started process (PID=678) to work on /opt/airflow/dags/my_dag.py
[2025-04-23T17:48:03.833+0000] {processor.py:914} INFO - Processing file /opt/airflow/dags/my_dag.py for tasks to queue
[2025-04-23T17:48:03.835+0000] {logging_mixin.py:190} INFO - [2025-04-23T17:48:03.835+0000] {dagbag.py:588} INFO - Filling up the DagBag from /opt/airflow/dags/my_dag.py
[2025-04-23T17:48:03.869+0000] {processor.py:925} INFO - DAG(s) 'TFL_DATA_DAG' retrieved from /opt/airflow/dags/my_dag.py
[2025-04-23T17:48:03.882+0000] {logging_mixin.py:190} INFO - [2025-04-23T17:48:03.882+0000] {dag.py:3239} INFO - Sync 1 DAGs
[2025-04-23T17:48:03.897+0000] {logging_mixin.py:190} INFO - [2025-04-23T17:48:03.897+0000] {dag.py:4180} INFO - Setting next_dagrun for TFL_DATA_DAG to 2025-04-23 00:00:00+00:00, run_after=2025-04-24 00:00:00+00:00
[2025-04-23T17:48:03.907+0000] {processor.py:208} INFO - Processing /opt/airflow/dags/my_dag.py took 0.081 seconds
[2025-04-23T17:48:34.183+0000] {processor.py:186} INFO - Started process (PID=699) to work on /opt/airflow/dags/my_dag.py
[2025-04-23T17:48:34.184+0000] {processor.py:914} INFO - Processing file /opt/airflow/dags/my_dag.py for tasks to queue
[2025-04-23T17:48:34.186+0000] {logging_mixin.py:190} INFO - [2025-04-23T17:48:34.186+0000] {dagbag.py:588} INFO - Filling up the DagBag from /opt/airflow/dags/my_dag.py
[2025-04-23T17:48:34.197+0000] {processor.py:925} INFO - DAG(s) 'TFL_DATA_DAG' retrieved from /opt/airflow/dags/my_dag.py
[2025-04-23T17:48:34.210+0000] {logging_mixin.py:190} INFO - [2025-04-23T17:48:34.210+0000] {dag.py:3239} INFO - Sync 1 DAGs
[2025-04-23T17:48:34.223+0000] {logging_mixin.py:190} INFO - [2025-04-23T17:48:34.223+0000] {dag.py:4180} INFO - Setting next_dagrun for TFL_DATA_DAG to 2025-04-23 00:00:00+00:00, run_after=2025-04-24 00:00:00+00:00
[2025-04-23T17:48:34.234+0000] {processor.py:208} INFO - Processing /opt/airflow/dags/my_dag.py took 0.054 seconds
[2025-04-23T17:49:04.536+0000] {processor.py:186} INFO - Started process (PID=725) to work on /opt/airflow/dags/my_dag.py
[2025-04-23T17:49:04.537+0000] {processor.py:914} INFO - Processing file /opt/airflow/dags/my_dag.py for tasks to queue
[2025-04-23T17:49:04.540+0000] {logging_mixin.py:190} INFO - [2025-04-23T17:49:04.539+0000] {dagbag.py:588} INFO - Filling up the DagBag from /opt/airflow/dags/my_dag.py
[2025-04-23T17:49:04.558+0000] {processor.py:925} INFO - DAG(s) 'TFL_DATA_DAG' retrieved from /opt/airflow/dags/my_dag.py
[2025-04-23T17:49:04.571+0000] {logging_mixin.py:190} INFO - [2025-04-23T17:49:04.570+0000] {dag.py:3239} INFO - Sync 1 DAGs
[2025-04-23T17:49:04.583+0000] {logging_mixin.py:190} INFO - [2025-04-23T17:49:04.583+0000] {dag.py:4180} INFO - Setting next_dagrun for TFL_DATA_DAG to 2025-04-23 00:00:00+00:00, run_after=2025-04-24 00:00:00+00:00
[2025-04-23T17:49:04.594+0000] {processor.py:208} INFO - Processing /opt/airflow/dags/my_dag.py took 0.061 seconds
[2025-04-23T17:49:28.741+0000] {processor.py:186} INFO - Started process (PID=736) to work on /opt/airflow/dags/my_dag.py
[2025-04-23T17:49:28.742+0000] {processor.py:914} INFO - Processing file /opt/airflow/dags/my_dag.py for tasks to queue
[2025-04-23T17:49:28.745+0000] {logging_mixin.py:190} INFO - [2025-04-23T17:49:28.745+0000] {dagbag.py:588} INFO - Filling up the DagBag from /opt/airflow/dags/my_dag.py
[2025-04-23T17:49:28.805+0000] {processor.py:925} INFO - DAG(s) 'TFL_DATA_DAG' retrieved from /opt/airflow/dags/my_dag.py
[2025-04-23T17:49:28.817+0000] {logging_mixin.py:190} INFO - [2025-04-23T17:49:28.817+0000] {dag.py:3239} INFO - Sync 1 DAGs
[2025-04-23T17:49:28.831+0000] {logging_mixin.py:190} INFO - [2025-04-23T17:49:28.831+0000] {dag.py:4180} INFO - Setting next_dagrun for TFL_DATA_DAG to 2025-04-23 00:00:00+00:00, run_after=2025-04-24 00:00:00+00:00
[2025-04-23T17:49:28.846+0000] {processor.py:208} INFO - Processing /opt/airflow/dags/my_dag.py took 0.110 seconds
[2025-04-23T17:49:59.094+0000] {processor.py:186} INFO - Started process (PID=762) to work on /opt/airflow/dags/my_dag.py
[2025-04-23T17:49:59.095+0000] {processor.py:914} INFO - Processing file /opt/airflow/dags/my_dag.py for tasks to queue
[2025-04-23T17:49:59.097+0000] {logging_mixin.py:190} INFO - [2025-04-23T17:49:59.097+0000] {dagbag.py:588} INFO - Filling up the DagBag from /opt/airflow/dags/my_dag.py
[2025-04-23T17:49:59.113+0000] {processor.py:925} INFO - DAG(s) 'TFL_DATA_DAG' retrieved from /opt/airflow/dags/my_dag.py
[2025-04-23T17:49:59.127+0000] {logging_mixin.py:190} INFO - [2025-04-23T17:49:59.127+0000] {dag.py:3239} INFO - Sync 1 DAGs
[2025-04-23T17:49:59.140+0000] {logging_mixin.py:190} INFO - [2025-04-23T17:49:59.140+0000] {dag.py:4180} INFO - Setting next_dagrun for TFL_DATA_DAG to 2025-04-23 00:00:00+00:00, run_after=2025-04-24 00:00:00+00:00
[2025-04-23T17:49:59.151+0000] {processor.py:208} INFO - Processing /opt/airflow/dags/my_dag.py took 0.060 seconds
[2025-04-23T17:50:23.393+0000] {processor.py:186} INFO - Started process (PID=777) to work on /opt/airflow/dags/my_dag.py
[2025-04-23T17:50:23.393+0000] {processor.py:914} INFO - Processing file /opt/airflow/dags/my_dag.py for tasks to queue
[2025-04-23T17:50:23.395+0000] {logging_mixin.py:190} INFO - [2025-04-23T17:50:23.395+0000] {dagbag.py:588} INFO - Filling up the DagBag from /opt/airflow/dags/my_dag.py
[2025-04-23T17:50:23.425+0000] {processor.py:925} INFO - DAG(s) 'TFL_DATA_DAG' retrieved from /opt/airflow/dags/my_dag.py
[2025-04-23T17:50:23.444+0000] {logging_mixin.py:190} INFO - [2025-04-23T17:50:23.444+0000] {dag.py:3239} INFO - Sync 1 DAGs
[2025-04-23T17:50:23.468+0000] {logging_mixin.py:190} INFO - [2025-04-23T17:50:23.468+0000] {dag.py:4180} INFO - Setting next_dagrun for TFL_DATA_DAG to 2025-04-23 00:00:00+00:00, run_after=2025-04-24 00:00:00+00:00
[2025-04-23T17:50:23.490+0000] {processor.py:208} INFO - Processing /opt/airflow/dags/my_dag.py took 0.100 seconds
[2025-04-23T17:50:53.755+0000] {processor.py:186} INFO - Started process (PID=812) to work on /opt/airflow/dags/my_dag.py
[2025-04-23T17:50:53.756+0000] {processor.py:914} INFO - Processing file /opt/airflow/dags/my_dag.py for tasks to queue
[2025-04-23T17:50:53.758+0000] {logging_mixin.py:190} INFO - [2025-04-23T17:50:53.758+0000] {dagbag.py:588} INFO - Filling up the DagBag from /opt/airflow/dags/my_dag.py
[2025-04-23T17:50:53.769+0000] {processor.py:925} INFO - DAG(s) 'TFL_DATA_DAG' retrieved from /opt/airflow/dags/my_dag.py
[2025-04-23T17:50:53.782+0000] {logging_mixin.py:190} INFO - [2025-04-23T17:50:53.781+0000] {dag.py:3239} INFO - Sync 1 DAGs
[2025-04-23T17:50:53.796+0000] {logging_mixin.py:190} INFO - [2025-04-23T17:50:53.796+0000] {dag.py:4180} INFO - Setting next_dagrun for TFL_DATA_DAG to 2025-04-23 00:00:00+00:00, run_after=2025-04-24 00:00:00+00:00
[2025-04-23T17:50:53.807+0000] {processor.py:208} INFO - Processing /opt/airflow/dags/my_dag.py took 0.055 seconds
[2025-04-23T17:51:24.106+0000] {processor.py:186} INFO - Started process (PID=833) to work on /opt/airflow/dags/my_dag.py
[2025-04-23T17:51:24.108+0000] {processor.py:914} INFO - Processing file /opt/airflow/dags/my_dag.py for tasks to queue
[2025-04-23T17:51:24.110+0000] {logging_mixin.py:190} INFO - [2025-04-23T17:51:24.110+0000] {dagbag.py:588} INFO - Filling up the DagBag from /opt/airflow/dags/my_dag.py
[2025-04-23T17:51:24.129+0000] {processor.py:925} INFO - DAG(s) 'TFL_DATA_DAG' retrieved from /opt/airflow/dags/my_dag.py
[2025-04-23T17:51:24.143+0000] {logging_mixin.py:190} INFO - [2025-04-23T17:51:24.143+0000] {dag.py:3239} INFO - Sync 1 DAGs
[2025-04-23T17:51:24.157+0000] {logging_mixin.py:190} INFO - [2025-04-23T17:51:24.157+0000] {dag.py:4180} INFO - Setting next_dagrun for TFL_DATA_DAG to 2025-04-23 00:00:00+00:00, run_after=2025-04-24 00:00:00+00:00
[2025-04-23T17:51:24.170+0000] {processor.py:208} INFO - Processing /opt/airflow/dags/my_dag.py took 0.067 seconds
[2025-04-23T17:51:54.393+0000] {processor.py:186} INFO - Started process (PID=859) to work on /opt/airflow/dags/my_dag.py
[2025-04-23T17:51:54.394+0000] {processor.py:914} INFO - Processing file /opt/airflow/dags/my_dag.py for tasks to queue
[2025-04-23T17:51:54.395+0000] {logging_mixin.py:190} INFO - [2025-04-23T17:51:54.395+0000] {dagbag.py:588} INFO - Filling up the DagBag from /opt/airflow/dags/my_dag.py
[2025-04-23T17:51:54.407+0000] {processor.py:925} INFO - DAG(s) 'TFL_DATA_DAG' retrieved from /opt/airflow/dags/my_dag.py
[2025-04-23T17:51:54.420+0000] {logging_mixin.py:190} INFO - [2025-04-23T17:51:54.419+0000] {dag.py:3239} INFO - Sync 1 DAGs
[2025-04-23T17:51:54.433+0000] {logging_mixin.py:190} INFO - [2025-04-23T17:51:54.433+0000] {dag.py:4180} INFO - Setting next_dagrun for TFL_DATA_DAG to 2025-04-23 00:00:00+00:00, run_after=2025-04-24 00:00:00+00:00
[2025-04-23T17:51:54.444+0000] {processor.py:208} INFO - Processing /opt/airflow/dags/my_dag.py took 0.055 seconds
[2025-04-23T17:51:58.464+0000] {processor.py:186} INFO - Started process (PID=870) to work on /opt/airflow/dags/my_dag.py
[2025-04-23T17:51:58.465+0000] {processor.py:914} INFO - Processing file /opt/airflow/dags/my_dag.py for tasks to queue
[2025-04-23T17:51:58.468+0000] {logging_mixin.py:190} INFO - [2025-04-23T17:51:58.467+0000] {dagbag.py:588} INFO - Filling up the DagBag from /opt/airflow/dags/my_dag.py
[2025-04-23T17:51:58.513+0000] {processor.py:925} INFO - DAG(s) 'TFL_DATA_DAG' retrieved from /opt/airflow/dags/my_dag.py
[2025-04-23T17:51:58.528+0000] {logging_mixin.py:190} INFO - [2025-04-23T17:51:58.527+0000] {dag.py:3239} INFO - Sync 1 DAGs
[2025-04-23T17:51:58.544+0000] {logging_mixin.py:190} INFO - [2025-04-23T17:51:58.544+0000] {dag.py:4180} INFO - Setting next_dagrun for TFL_DATA_DAG to 2025-04-23 00:00:00+00:00, run_after=2025-04-24 00:00:00+00:00
[2025-04-23T17:51:58.563+0000] {processor.py:208} INFO - Processing /opt/airflow/dags/my_dag.py took 0.104 seconds
[2025-04-23T17:52:05.668+0000] {processor.py:186} INFO - Started process (PID=885) to work on /opt/airflow/dags/my_dag.py
[2025-04-23T17:52:05.670+0000] {processor.py:914} INFO - Processing file /opt/airflow/dags/my_dag.py for tasks to queue
[2025-04-23T17:52:05.672+0000] {logging_mixin.py:190} INFO - [2025-04-23T17:52:05.672+0000] {dagbag.py:588} INFO - Filling up the DagBag from /opt/airflow/dags/my_dag.py
[2025-04-23T17:52:05.697+0000] {processor.py:925} INFO - DAG(s) 'TFL_DATA_DAG' retrieved from /opt/airflow/dags/my_dag.py
[2025-04-23T17:52:05.711+0000] {logging_mixin.py:190} INFO - [2025-04-23T17:52:05.711+0000] {dag.py:3239} INFO - Sync 1 DAGs
[2025-04-23T17:52:05.724+0000] {logging_mixin.py:190} INFO - [2025-04-23T17:52:05.724+0000] {dag.py:4180} INFO - Setting next_dagrun for TFL_DATA_DAG to 2025-04-23 00:00:00+00:00, run_after=2025-04-24 00:00:00+00:00
[2025-04-23T17:52:05.745+0000] {processor.py:208} INFO - Processing /opt/airflow/dags/my_dag.py took 0.080 seconds
[2025-04-23T17:52:35.985+0000] {processor.py:186} INFO - Started process (PID=920) to work on /opt/airflow/dags/my_dag.py
[2025-04-23T17:52:35.986+0000] {processor.py:914} INFO - Processing file /opt/airflow/dags/my_dag.py for tasks to queue
[2025-04-23T17:52:35.988+0000] {logging_mixin.py:190} INFO - [2025-04-23T17:52:35.988+0000] {dagbag.py:588} INFO - Filling up the DagBag from /opt/airflow/dags/my_dag.py
[2025-04-23T17:52:36.000+0000] {processor.py:925} INFO - DAG(s) 'TFL_DATA_DAG' retrieved from /opt/airflow/dags/my_dag.py
[2025-04-23T17:52:36.014+0000] {logging_mixin.py:190} INFO - [2025-04-23T17:52:36.014+0000] {dag.py:3239} INFO - Sync 1 DAGs
[2025-04-23T17:52:36.028+0000] {logging_mixin.py:190} INFO - [2025-04-23T17:52:36.027+0000] {dag.py:4180} INFO - Setting next_dagrun for TFL_DATA_DAG to 2025-04-23 00:00:00+00:00, run_after=2025-04-24 00:00:00+00:00
[2025-04-23T17:52:36.038+0000] {processor.py:208} INFO - Processing /opt/airflow/dags/my_dag.py took 0.057 seconds
[2025-04-23T17:53:06.335+0000] {processor.py:186} INFO - Started process (PID=941) to work on /opt/airflow/dags/my_dag.py
[2025-04-23T17:53:06.336+0000] {processor.py:914} INFO - Processing file /opt/airflow/dags/my_dag.py for tasks to queue
[2025-04-23T17:53:06.344+0000] {logging_mixin.py:190} INFO - [2025-04-23T17:53:06.344+0000] {dagbag.py:588} INFO - Filling up the DagBag from /opt/airflow/dags/my_dag.py
[2025-04-23T17:53:06.400+0000] {processor.py:925} INFO - DAG(s) 'TFL_DATA_DAG' retrieved from /opt/airflow/dags/my_dag.py
[2025-04-23T17:53:06.419+0000] {logging_mixin.py:190} INFO - [2025-04-23T17:53:06.419+0000] {dag.py:3239} INFO - Sync 1 DAGs
[2025-04-23T17:53:06.437+0000] {logging_mixin.py:190} INFO - [2025-04-23T17:53:06.437+0000] {dag.py:4180} INFO - Setting next_dagrun for TFL_DATA_DAG to 2025-04-23 00:00:00+00:00, run_after=2025-04-24 00:00:00+00:00
[2025-04-23T17:53:06.453+0000] {processor.py:208} INFO - Processing /opt/airflow/dags/my_dag.py took 0.122 seconds
[2025-04-23T17:53:36.760+0000] {processor.py:186} INFO - Started process (PID=967) to work on /opt/airflow/dags/my_dag.py
[2025-04-23T17:53:36.761+0000] {processor.py:914} INFO - Processing file /opt/airflow/dags/my_dag.py for tasks to queue
[2025-04-23T17:53:36.763+0000] {logging_mixin.py:190} INFO - [2025-04-23T17:53:36.763+0000] {dagbag.py:588} INFO - Filling up the DagBag from /opt/airflow/dags/my_dag.py
[2025-04-23T17:53:36.785+0000] {processor.py:925} INFO - DAG(s) 'TFL_DATA_DAG' retrieved from /opt/airflow/dags/my_dag.py
[2025-04-23T17:53:36.799+0000] {logging_mixin.py:190} INFO - [2025-04-23T17:53:36.798+0000] {dag.py:3239} INFO - Sync 1 DAGs
[2025-04-23T17:53:36.813+0000] {logging_mixin.py:190} INFO - [2025-04-23T17:53:36.813+0000] {dag.py:4180} INFO - Setting next_dagrun for TFL_DATA_DAG to 2025-04-23 00:00:00+00:00, run_after=2025-04-24 00:00:00+00:00
[2025-04-23T17:53:36.827+0000] {processor.py:208} INFO - Processing /opt/airflow/dags/my_dag.py took 0.070 seconds
[2025-04-23T17:54:07.149+0000] {processor.py:186} INFO - Started process (PID=988) to work on /opt/airflow/dags/my_dag.py
[2025-04-23T17:54:07.153+0000] {processor.py:914} INFO - Processing file /opt/airflow/dags/my_dag.py for tasks to queue
[2025-04-23T17:54:07.161+0000] {logging_mixin.py:190} INFO - [2025-04-23T17:54:07.160+0000] {dagbag.py:588} INFO - Filling up the DagBag from /opt/airflow/dags/my_dag.py
[2025-04-23T17:54:07.196+0000] {processor.py:925} INFO - DAG(s) 'TFL_DATA_DAG' retrieved from /opt/airflow/dags/my_dag.py
[2025-04-23T17:54:07.211+0000] {logging_mixin.py:190} INFO - [2025-04-23T17:54:07.211+0000] {dag.py:3239} INFO - Sync 1 DAGs
[2025-04-23T17:54:07.225+0000] {logging_mixin.py:190} INFO - [2025-04-23T17:54:07.225+0000] {dag.py:4180} INFO - Setting next_dagrun for TFL_DATA_DAG to 2025-04-23 00:00:00+00:00, run_after=2025-04-24 00:00:00+00:00
[2025-04-23T17:54:07.237+0000] {processor.py:208} INFO - Processing /opt/airflow/dags/my_dag.py took 0.091 seconds
[2025-04-23T17:54:37.389+0000] {processor.py:186} INFO - Started process (PID=1014) to work on /opt/airflow/dags/my_dag.py
[2025-04-23T17:54:37.390+0000] {processor.py:914} INFO - Processing file /opt/airflow/dags/my_dag.py for tasks to queue
[2025-04-23T17:54:37.392+0000] {logging_mixin.py:190} INFO - [2025-04-23T17:54:37.392+0000] {dagbag.py:588} INFO - Filling up the DagBag from /opt/airflow/dags/my_dag.py
[2025-04-23T17:54:37.409+0000] {processor.py:925} INFO - DAG(s) 'TFL_DATA_DAG' retrieved from /opt/airflow/dags/my_dag.py
[2025-04-23T17:54:37.423+0000] {logging_mixin.py:190} INFO - [2025-04-23T17:54:37.423+0000] {dag.py:3239} INFO - Sync 1 DAGs
[2025-04-23T17:54:37.437+0000] {logging_mixin.py:190} INFO - [2025-04-23T17:54:37.437+0000] {dag.py:4180} INFO - Setting next_dagrun for TFL_DATA_DAG to 2025-04-23 00:00:00+00:00, run_after=2025-04-24 00:00:00+00:00
[2025-04-23T17:54:37.448+0000] {processor.py:208} INFO - Processing /opt/airflow/dags/my_dag.py took 0.063 seconds
[2025-04-23T17:55:07.857+0000] {processor.py:186} INFO - Started process (PID=1035) to work on /opt/airflow/dags/my_dag.py
[2025-04-23T17:55:07.861+0000] {processor.py:914} INFO - Processing file /opt/airflow/dags/my_dag.py for tasks to queue
[2025-04-23T17:55:07.868+0000] {logging_mixin.py:190} INFO - [2025-04-23T17:55:07.868+0000] {dagbag.py:588} INFO - Filling up the DagBag from /opt/airflow/dags/my_dag.py
[2025-04-23T17:55:07.934+0000] {processor.py:925} INFO - DAG(s) 'TFL_DATA_DAG' retrieved from /opt/airflow/dags/my_dag.py
[2025-04-23T17:55:07.948+0000] {logging_mixin.py:190} INFO - [2025-04-23T17:55:07.947+0000] {dag.py:3239} INFO - Sync 1 DAGs
[2025-04-23T17:55:07.962+0000] {logging_mixin.py:190} INFO - [2025-04-23T17:55:07.961+0000] {dag.py:4180} INFO - Setting next_dagrun for TFL_DATA_DAG to 2025-04-23 00:00:00+00:00, run_after=2025-04-24 00:00:00+00:00
[2025-04-23T17:55:07.973+0000] {processor.py:208} INFO - Processing /opt/airflow/dags/my_dag.py took 0.121 seconds
[2025-04-23T17:55:38.227+0000] {processor.py:186} INFO - Started process (PID=1062) to work on /opt/airflow/dags/my_dag.py
[2025-04-23T17:55:38.229+0000] {processor.py:914} INFO - Processing file /opt/airflow/dags/my_dag.py for tasks to queue
[2025-04-23T17:55:38.233+0000] {logging_mixin.py:190} INFO - [2025-04-23T17:55:38.233+0000] {dagbag.py:588} INFO - Filling up the DagBag from /opt/airflow/dags/my_dag.py
[2025-04-23T17:55:38.272+0000] {processor.py:925} INFO - DAG(s) 'TFL_DATA_DAG' retrieved from /opt/airflow/dags/my_dag.py
[2025-04-23T17:55:38.288+0000] {logging_mixin.py:190} INFO - [2025-04-23T17:55:38.287+0000] {dag.py:3239} INFO - Sync 1 DAGs
[2025-04-23T17:55:38.302+0000] {logging_mixin.py:190} INFO - [2025-04-23T17:55:38.302+0000] {dag.py:4180} INFO - Setting next_dagrun for TFL_DATA_DAG to 2025-04-23 00:00:00+00:00, run_after=2025-04-24 00:00:00+00:00
[2025-04-23T17:55:38.316+0000] {processor.py:208} INFO - Processing /opt/airflow/dags/my_dag.py took 0.093 seconds
[2025-04-23T17:56:08.574+0000] {processor.py:186} INFO - Started process (PID=1083) to work on /opt/airflow/dags/my_dag.py
[2025-04-23T17:56:08.579+0000] {processor.py:914} INFO - Processing file /opt/airflow/dags/my_dag.py for tasks to queue
[2025-04-23T17:56:08.584+0000] {logging_mixin.py:190} INFO - [2025-04-23T17:56:08.583+0000] {dagbag.py:588} INFO - Filling up the DagBag from /opt/airflow/dags/my_dag.py
[2025-04-23T17:56:08.633+0000] {processor.py:925} INFO - DAG(s) 'TFL_DATA_DAG' retrieved from /opt/airflow/dags/my_dag.py
[2025-04-23T17:56:08.650+0000] {logging_mixin.py:190} INFO - [2025-04-23T17:56:08.649+0000] {dag.py:3239} INFO - Sync 1 DAGs
[2025-04-23T17:56:08.669+0000] {logging_mixin.py:190} INFO - [2025-04-23T17:56:08.669+0000] {dag.py:4180} INFO - Setting next_dagrun for TFL_DATA_DAG to 2025-04-23 00:00:00+00:00, run_after=2025-04-24 00:00:00+00:00
[2025-04-23T17:56:08.684+0000] {processor.py:208} INFO - Processing /opt/airflow/dags/my_dag.py took 0.116 seconds
[2025-04-23T17:56:38.926+0000] {processor.py:186} INFO - Started process (PID=1109) to work on /opt/airflow/dags/my_dag.py
[2025-04-23T17:56:38.927+0000] {processor.py:914} INFO - Processing file /opt/airflow/dags/my_dag.py for tasks to queue
[2025-04-23T17:56:38.929+0000] {logging_mixin.py:190} INFO - [2025-04-23T17:56:38.929+0000] {dagbag.py:588} INFO - Filling up the DagBag from /opt/airflow/dags/my_dag.py
[2025-04-23T17:56:38.951+0000] {processor.py:925} INFO - DAG(s) 'TFL_DATA_DAG' retrieved from /opt/airflow/dags/my_dag.py
[2025-04-23T17:56:38.965+0000] {logging_mixin.py:190} INFO - [2025-04-23T17:56:38.965+0000] {dag.py:3239} INFO - Sync 1 DAGs
[2025-04-23T17:56:38.979+0000] {logging_mixin.py:190} INFO - [2025-04-23T17:56:38.978+0000] {dag.py:4180} INFO - Setting next_dagrun for TFL_DATA_DAG to 2025-04-23 00:00:00+00:00, run_after=2025-04-24 00:00:00+00:00
[2025-04-23T17:56:38.989+0000] {processor.py:208} INFO - Processing /opt/airflow/dags/my_dag.py took 0.066 seconds
[2025-04-23T17:57:09.391+0000] {processor.py:186} INFO - Started process (PID=1130) to work on /opt/airflow/dags/my_dag.py
[2025-04-23T17:57:09.393+0000] {processor.py:914} INFO - Processing file /opt/airflow/dags/my_dag.py for tasks to queue
[2025-04-23T17:57:09.397+0000] {logging_mixin.py:190} INFO - [2025-04-23T17:57:09.397+0000] {dagbag.py:588} INFO - Filling up the DagBag from /opt/airflow/dags/my_dag.py
[2025-04-23T17:57:09.438+0000] {processor.py:925} INFO - DAG(s) 'TFL_DATA_DAG' retrieved from /opt/airflow/dags/my_dag.py
[2025-04-23T17:57:09.471+0000] {logging_mixin.py:190} INFO - [2025-04-23T17:57:09.471+0000] {dag.py:3239} INFO - Sync 1 DAGs
[2025-04-23T17:57:09.495+0000] {logging_mixin.py:190} INFO - [2025-04-23T17:57:09.495+0000] {dag.py:4180} INFO - Setting next_dagrun for TFL_DATA_DAG to 2025-04-23 00:00:00+00:00, run_after=2025-04-24 00:00:00+00:00
[2025-04-23T17:57:09.524+0000] {processor.py:208} INFO - Processing /opt/airflow/dags/my_dag.py took 0.138 seconds
[2025-04-23T17:57:39.742+0000] {processor.py:186} INFO - Started process (PID=1156) to work on /opt/airflow/dags/my_dag.py
[2025-04-23T17:57:39.743+0000] {processor.py:914} INFO - Processing file /opt/airflow/dags/my_dag.py for tasks to queue
[2025-04-23T17:57:39.746+0000] {logging_mixin.py:190} INFO - [2025-04-23T17:57:39.746+0000] {dagbag.py:588} INFO - Filling up the DagBag from /opt/airflow/dags/my_dag.py
[2025-04-23T17:57:39.787+0000] {processor.py:925} INFO - DAG(s) 'TFL_DATA_DAG' retrieved from /opt/airflow/dags/my_dag.py
[2025-04-23T17:57:39.804+0000] {logging_mixin.py:190} INFO - [2025-04-23T17:57:39.803+0000] {dag.py:3239} INFO - Sync 1 DAGs
[2025-04-23T17:57:39.819+0000] {logging_mixin.py:190} INFO - [2025-04-23T17:57:39.819+0000] {dag.py:4180} INFO - Setting next_dagrun for TFL_DATA_DAG to 2025-04-23 00:00:00+00:00, run_after=2025-04-24 00:00:00+00:00
[2025-04-23T17:57:39.833+0000] {processor.py:208} INFO - Processing /opt/airflow/dags/my_dag.py took 0.096 seconds
[2025-04-23T17:58:10.214+0000] {processor.py:186} INFO - Started process (PID=1177) to work on /opt/airflow/dags/my_dag.py
[2025-04-23T17:58:10.216+0000] {processor.py:914} INFO - Processing file /opt/airflow/dags/my_dag.py for tasks to queue
[2025-04-23T17:58:10.222+0000] {logging_mixin.py:190} INFO - [2025-04-23T17:58:10.222+0000] {dagbag.py:588} INFO - Filling up the DagBag from /opt/airflow/dags/my_dag.py
[2025-04-23T17:58:10.272+0000] {processor.py:925} INFO - DAG(s) 'TFL_DATA_DAG' retrieved from /opt/airflow/dags/my_dag.py
[2025-04-23T17:58:10.288+0000] {logging_mixin.py:190} INFO - [2025-04-23T17:58:10.288+0000] {dag.py:3239} INFO - Sync 1 DAGs
[2025-04-23T17:58:10.305+0000] {logging_mixin.py:190} INFO - [2025-04-23T17:58:10.304+0000] {dag.py:4180} INFO - Setting next_dagrun for TFL_DATA_DAG to 2025-04-23 00:00:00+00:00, run_after=2025-04-24 00:00:00+00:00
[2025-04-23T17:58:10.318+0000] {processor.py:208} INFO - Processing /opt/airflow/dags/my_dag.py took 0.113 seconds
[2025-04-23T17:58:40.683+0000] {processor.py:186} INFO - Started process (PID=1198) to work on /opt/airflow/dags/my_dag.py
[2025-04-23T17:58:40.685+0000] {processor.py:914} INFO - Processing file /opt/airflow/dags/my_dag.py for tasks to queue
[2025-04-23T17:58:40.687+0000] {logging_mixin.py:190} INFO - [2025-04-23T17:58:40.687+0000] {dagbag.py:588} INFO - Filling up the DagBag from /opt/airflow/dags/my_dag.py
[2025-04-23T17:58:40.715+0000] {processor.py:925} INFO - DAG(s) 'TFL_DATA_DAG' retrieved from /opt/airflow/dags/my_dag.py
[2025-04-23T17:58:40.731+0000] {logging_mixin.py:190} INFO - [2025-04-23T17:58:40.730+0000] {dag.py:3239} INFO - Sync 1 DAGs
[2025-04-23T17:58:40.747+0000] {logging_mixin.py:190} INFO - [2025-04-23T17:58:40.747+0000] {dag.py:4180} INFO - Setting next_dagrun for TFL_DATA_DAG to 2025-04-23 00:00:00+00:00, run_after=2025-04-24 00:00:00+00:00
[2025-04-23T17:58:40.759+0000] {processor.py:208} INFO - Processing /opt/airflow/dags/my_dag.py took 0.080 seconds
[2025-04-23T17:59:11.154+0000] {processor.py:186} INFO - Started process (PID=1219) to work on /opt/airflow/dags/my_dag.py
[2025-04-23T17:59:11.157+0000] {processor.py:914} INFO - Processing file /opt/airflow/dags/my_dag.py for tasks to queue
[2025-04-23T17:59:11.162+0000] {logging_mixin.py:190} INFO - [2025-04-23T17:59:11.162+0000] {dagbag.py:588} INFO - Filling up the DagBag from /opt/airflow/dags/my_dag.py
[2025-04-23T17:59:11.201+0000] {processor.py:925} INFO - DAG(s) 'TFL_DATA_DAG' retrieved from /opt/airflow/dags/my_dag.py
[2025-04-23T17:59:11.217+0000] {logging_mixin.py:190} INFO - [2025-04-23T17:59:11.217+0000] {dag.py:3239} INFO - Sync 1 DAGs
[2025-04-23T17:59:11.232+0000] {logging_mixin.py:190} INFO - [2025-04-23T17:59:11.231+0000] {dag.py:4180} INFO - Setting next_dagrun for TFL_DATA_DAG to 2025-04-23 00:00:00+00:00, run_after=2025-04-24 00:00:00+00:00
[2025-04-23T17:59:11.242+0000] {processor.py:208} INFO - Processing /opt/airflow/dags/my_dag.py took 0.092 seconds
[2025-04-23T17:59:41.478+0000] {processor.py:186} INFO - Started process (PID=1240) to work on /opt/airflow/dags/my_dag.py
[2025-04-23T17:59:41.479+0000] {processor.py:914} INFO - Processing file /opt/airflow/dags/my_dag.py for tasks to queue
[2025-04-23T17:59:41.481+0000] {logging_mixin.py:190} INFO - [2025-04-23T17:59:41.481+0000] {dagbag.py:588} INFO - Filling up the DagBag from /opt/airflow/dags/my_dag.py
[2025-04-23T17:59:41.511+0000] {processor.py:925} INFO - DAG(s) 'TFL_DATA_DAG' retrieved from /opt/airflow/dags/my_dag.py
[2025-04-23T17:59:41.525+0000] {logging_mixin.py:190} INFO - [2025-04-23T17:59:41.525+0000] {dag.py:3239} INFO - Sync 1 DAGs
[2025-04-23T17:59:41.540+0000] {logging_mixin.py:190} INFO - [2025-04-23T17:59:41.540+0000] {dag.py:4180} INFO - Setting next_dagrun for TFL_DATA_DAG to 2025-04-23 00:00:00+00:00, run_after=2025-04-24 00:00:00+00:00
[2025-04-23T17:59:41.551+0000] {processor.py:208} INFO - Processing /opt/airflow/dags/my_dag.py took 0.077 seconds
[2025-04-23T18:00:11.778+0000] {processor.py:186} INFO - Started process (PID=1260) to work on /opt/airflow/dags/my_dag.py
[2025-04-23T18:00:11.779+0000] {processor.py:914} INFO - Processing file /opt/airflow/dags/my_dag.py for tasks to queue
[2025-04-23T18:00:11.782+0000] {logging_mixin.py:190} INFO - [2025-04-23T18:00:11.782+0000] {dagbag.py:588} INFO - Filling up the DagBag from /opt/airflow/dags/my_dag.py
[2025-04-23T18:00:11.811+0000] {processor.py:925} INFO - DAG(s) 'TFL_DATA_DAG' retrieved from /opt/airflow/dags/my_dag.py
[2025-04-23T18:00:11.827+0000] {logging_mixin.py:190} INFO - [2025-04-23T18:00:11.826+0000] {dag.py:3239} INFO - Sync 1 DAGs
[2025-04-23T18:00:11.849+0000] {logging_mixin.py:190} INFO - [2025-04-23T18:00:11.849+0000] {dag.py:4180} INFO - Setting next_dagrun for TFL_DATA_DAG to 2025-04-23 00:00:00+00:00, run_after=2025-04-24 00:00:00+00:00
[2025-04-23T18:00:11.861+0000] {processor.py:208} INFO - Processing /opt/airflow/dags/my_dag.py took 0.088 seconds
[2025-04-23T18:00:24.900+0000] {processor.py:186} INFO - Started process (PID=1265) to work on /opt/airflow/dags/my_dag.py
[2025-04-23T18:00:24.902+0000] {processor.py:914} INFO - Processing file /opt/airflow/dags/my_dag.py for tasks to queue
[2025-04-23T18:00:24.907+0000] {logging_mixin.py:190} INFO - [2025-04-23T18:00:24.906+0000] {dagbag.py:588} INFO - Filling up the DagBag from /opt/airflow/dags/my_dag.py
[2025-04-23T18:00:25.005+0000] {processor.py:925} INFO - DAG(s) 'TFL_DATA_DAG' retrieved from /opt/airflow/dags/my_dag.py
[2025-04-23T18:00:25.024+0000] {logging_mixin.py:190} INFO - [2025-04-23T18:00:25.024+0000] {dag.py:3239} INFO - Sync 1 DAGs
[2025-04-23T18:00:25.045+0000] {logging_mixin.py:190} INFO - [2025-04-23T18:00:25.045+0000] {dag.py:4180} INFO - Setting next_dagrun for TFL_DATA_DAG to 2025-04-23 00:00:00+00:00, run_after=2025-04-24 00:00:00+00:00
[2025-04-23T18:00:25.071+0000] {processor.py:208} INFO - Processing /opt/airflow/dags/my_dag.py took 0.174 seconds
[2025-04-23T18:00:55.330+0000] {processor.py:186} INFO - Started process (PID=1300) to work on /opt/airflow/dags/my_dag.py
[2025-04-23T18:00:55.333+0000] {processor.py:914} INFO - Processing file /opt/airflow/dags/my_dag.py for tasks to queue
[2025-04-23T18:00:55.336+0000] {logging_mixin.py:190} INFO - [2025-04-23T18:00:55.336+0000] {dagbag.py:588} INFO - Filling up the DagBag from /opt/airflow/dags/my_dag.py
[2025-04-23T18:00:55.360+0000] {processor.py:925} INFO - DAG(s) 'TFL_DATA_DAG' retrieved from /opt/airflow/dags/my_dag.py
[2025-04-23T18:00:55.378+0000] {logging_mixin.py:190} INFO - [2025-04-23T18:00:55.377+0000] {dag.py:3239} INFO - Sync 1 DAGs
[2025-04-23T18:00:55.395+0000] {logging_mixin.py:190} INFO - [2025-04-23T18:00:55.395+0000] {dag.py:4180} INFO - Setting next_dagrun for TFL_DATA_DAG to 2025-04-23 00:00:00+00:00, run_after=2025-04-24 00:00:00+00:00
[2025-04-23T18:00:55.412+0000] {processor.py:208} INFO - Processing /opt/airflow/dags/my_dag.py took 0.086 seconds
[2025-04-23T18:01:25.740+0000] {processor.py:186} INFO - Started process (PID=1321) to work on /opt/airflow/dags/my_dag.py
[2025-04-23T18:01:25.742+0000] {processor.py:914} INFO - Processing file /opt/airflow/dags/my_dag.py for tasks to queue
[2025-04-23T18:01:25.747+0000] {logging_mixin.py:190} INFO - [2025-04-23T18:01:25.746+0000] {dagbag.py:588} INFO - Filling up the DagBag from /opt/airflow/dags/my_dag.py
[2025-04-23T18:01:25.790+0000] {processor.py:925} INFO - DAG(s) 'TFL_DATA_DAG' retrieved from /opt/airflow/dags/my_dag.py
[2025-04-23T18:01:25.805+0000] {logging_mixin.py:190} INFO - [2025-04-23T18:01:25.804+0000] {dag.py:3239} INFO - Sync 1 DAGs
[2025-04-23T18:01:25.819+0000] {logging_mixin.py:190} INFO - [2025-04-23T18:01:25.819+0000] {dag.py:4180} INFO - Setting next_dagrun for TFL_DATA_DAG to 2025-04-23 00:00:00+00:00, run_after=2025-04-24 00:00:00+00:00
[2025-04-23T18:01:25.830+0000] {processor.py:208} INFO - Processing /opt/airflow/dags/my_dag.py took 0.099 seconds
[2025-04-23T18:01:56.078+0000] {processor.py:186} INFO - Started process (PID=1347) to work on /opt/airflow/dags/my_dag.py
[2025-04-23T18:01:56.079+0000] {processor.py:914} INFO - Processing file /opt/airflow/dags/my_dag.py for tasks to queue
[2025-04-23T18:01:56.082+0000] {logging_mixin.py:190} INFO - [2025-04-23T18:01:56.081+0000] {dagbag.py:588} INFO - Filling up the DagBag from /opt/airflow/dags/my_dag.py
[2025-04-23T18:01:56.111+0000] {processor.py:925} INFO - DAG(s) 'TFL_DATA_DAG' retrieved from /opt/airflow/dags/my_dag.py
[2025-04-23T18:01:56.128+0000] {logging_mixin.py:190} INFO - [2025-04-23T18:01:56.128+0000] {dag.py:3239} INFO - Sync 1 DAGs
[2025-04-23T18:01:56.144+0000] {logging_mixin.py:190} INFO - [2025-04-23T18:01:56.144+0000] {dag.py:4180} INFO - Setting next_dagrun for TFL_DATA_DAG to 2025-04-23 00:00:00+00:00, run_after=2025-04-24 00:00:00+00:00
[2025-04-23T18:01:56.157+0000] {processor.py:208} INFO - Processing /opt/airflow/dags/my_dag.py took 0.083 seconds
[2025-04-23T18:02:26.438+0000] {processor.py:186} INFO - Started process (PID=1368) to work on /opt/airflow/dags/my_dag.py
[2025-04-23T18:02:26.440+0000] {processor.py:914} INFO - Processing file /opt/airflow/dags/my_dag.py for tasks to queue
[2025-04-23T18:02:26.443+0000] {logging_mixin.py:190} INFO - [2025-04-23T18:02:26.443+0000] {dagbag.py:588} INFO - Filling up the DagBag from /opt/airflow/dags/my_dag.py
[2025-04-23T18:02:26.476+0000] {processor.py:925} INFO - DAG(s) 'TFL_DATA_DAG' retrieved from /opt/airflow/dags/my_dag.py
[2025-04-23T18:02:26.491+0000] {logging_mixin.py:190} INFO - [2025-04-23T18:02:26.491+0000] {dag.py:3239} INFO - Sync 1 DAGs
[2025-04-23T18:02:26.505+0000] {logging_mixin.py:190} INFO - [2025-04-23T18:02:26.505+0000] {dag.py:4180} INFO - Setting next_dagrun for TFL_DATA_DAG to 2025-04-23 00:00:00+00:00, run_after=2025-04-24 00:00:00+00:00
[2025-04-23T18:02:26.516+0000] {processor.py:208} INFO - Processing /opt/airflow/dags/my_dag.py took 0.083 seconds
[2025-04-23T18:02:56.762+0000] {processor.py:186} INFO - Started process (PID=1394) to work on /opt/airflow/dags/my_dag.py
[2025-04-23T18:02:56.765+0000] {processor.py:914} INFO - Processing file /opt/airflow/dags/my_dag.py for tasks to queue
[2025-04-23T18:02:56.767+0000] {logging_mixin.py:190} INFO - [2025-04-23T18:02:56.767+0000] {dagbag.py:588} INFO - Filling up the DagBag from /opt/airflow/dags/my_dag.py
[2025-04-23T18:02:56.806+0000] {processor.py:925} INFO - DAG(s) 'TFL_DATA_DAG' retrieved from /opt/airflow/dags/my_dag.py
[2025-04-23T18:02:56.821+0000] {logging_mixin.py:190} INFO - [2025-04-23T18:02:56.821+0000] {dag.py:3239} INFO - Sync 1 DAGs
[2025-04-23T18:02:56.835+0000] {logging_mixin.py:190} INFO - [2025-04-23T18:02:56.834+0000] {dag.py:4180} INFO - Setting next_dagrun for TFL_DATA_DAG to 2025-04-23 00:00:00+00:00, run_after=2025-04-24 00:00:00+00:00
[2025-04-23T18:02:56.847+0000] {processor.py:208} INFO - Processing /opt/airflow/dags/my_dag.py took 0.092 seconds
[2025-04-23T18:03:15.011+0000] {processor.py:186} INFO - Started process (PID=1415) to work on /opt/airflow/dags/my_dag.py
[2025-04-23T18:03:15.013+0000] {processor.py:914} INFO - Processing file /opt/airflow/dags/my_dag.py for tasks to queue
[2025-04-23T18:03:15.015+0000] {logging_mixin.py:190} INFO - [2025-04-23T18:03:15.015+0000] {dagbag.py:588} INFO - Filling up the DagBag from /opt/airflow/dags/my_dag.py
[2025-04-23T18:03:15.086+0000] {processor.py:925} INFO - DAG(s) 'TFL_DATA_DAG' retrieved from /opt/airflow/dags/my_dag.py
[2025-04-23T18:03:15.100+0000] {logging_mixin.py:190} INFO - [2025-04-23T18:03:15.099+0000] {dag.py:3239} INFO - Sync 1 DAGs
[2025-04-23T18:03:15.114+0000] {logging_mixin.py:190} INFO - [2025-04-23T18:03:15.113+0000] {dag.py:4180} INFO - Setting next_dagrun for TFL_DATA_DAG to 2025-04-23 00:00:00+00:00, run_after=2025-04-24 00:00:00+00:00
[2025-04-23T18:03:15.128+0000] {processor.py:208} INFO - Processing /opt/airflow/dags/my_dag.py took 0.121 seconds
[2025-04-23T18:03:44.418+0000] {processor.py:186} INFO - Started process (PID=1441) to work on /opt/airflow/dags/my_dag.py
[2025-04-23T18:03:44.419+0000] {processor.py:914} INFO - Processing file /opt/airflow/dags/my_dag.py for tasks to queue
[2025-04-23T18:03:44.421+0000] {logging_mixin.py:190} INFO - [2025-04-23T18:03:44.421+0000] {dagbag.py:588} INFO - Filling up the DagBag from /opt/airflow/dags/my_dag.py
[2025-04-23T18:03:44.451+0000] {processor.py:925} INFO - DAG(s) 'TFL_DATA_DAG' retrieved from /opt/airflow/dags/my_dag.py
[2025-04-23T18:03:44.466+0000] {logging_mixin.py:190} INFO - [2025-04-23T18:03:44.466+0000] {dag.py:3239} INFO - Sync 1 DAGs
[2025-04-23T18:03:44.480+0000] {logging_mixin.py:190} INFO - [2025-04-23T18:03:44.479+0000] {dag.py:4180} INFO - Setting next_dagrun for TFL_DATA_DAG to 2025-04-23 00:00:00+00:00, run_after=2025-04-24 00:00:00+00:00
[2025-04-23T18:03:44.495+0000] {processor.py:208} INFO - Processing /opt/airflow/dags/my_dag.py took 0.080 seconds
[2025-04-23T18:04:14.778+0000] {processor.py:186} INFO - Started process (PID=1467) to work on /opt/airflow/dags/my_dag.py
[2025-04-23T18:04:14.779+0000] {processor.py:914} INFO - Processing file /opt/airflow/dags/my_dag.py for tasks to queue
[2025-04-23T18:04:14.781+0000] {logging_mixin.py:190} INFO - [2025-04-23T18:04:14.780+0000] {dagbag.py:588} INFO - Filling up the DagBag from /opt/airflow/dags/my_dag.py
[2025-04-23T18:04:14.804+0000] {processor.py:925} INFO - DAG(s) 'TFL_DATA_DAG' retrieved from /opt/airflow/dags/my_dag.py
[2025-04-23T18:04:14.822+0000] {logging_mixin.py:190} INFO - [2025-04-23T18:04:14.821+0000] {dag.py:3239} INFO - Sync 1 DAGs
[2025-04-23T18:04:14.836+0000] {logging_mixin.py:190} INFO - [2025-04-23T18:04:14.835+0000] {dag.py:4180} INFO - Setting next_dagrun for TFL_DATA_DAG to 2025-04-23 00:00:00+00:00, run_after=2025-04-24 00:00:00+00:00
[2025-04-23T18:04:14.846+0000] {processor.py:208} INFO - Processing /opt/airflow/dags/my_dag.py took 0.073 seconds
[2025-04-23T18:04:33.899+0000] {processor.py:186} INFO - Started process (PID=1478) to work on /opt/airflow/dags/my_dag.py
[2025-04-23T18:04:33.900+0000] {processor.py:914} INFO - Processing file /opt/airflow/dags/my_dag.py for tasks to queue
[2025-04-23T18:04:33.903+0000] {logging_mixin.py:190} INFO - [2025-04-23T18:04:33.903+0000] {dagbag.py:588} INFO - Filling up the DagBag from /opt/airflow/dags/my_dag.py
[2025-04-23T18:04:33.934+0000] {processor.py:925} INFO - DAG(s) 'TFL_DATA_DAG' retrieved from /opt/airflow/dags/my_dag.py
[2025-04-23T18:04:33.948+0000] {logging_mixin.py:190} INFO - [2025-04-23T18:04:33.947+0000] {dag.py:3239} INFO - Sync 1 DAGs
[2025-04-23T18:04:33.962+0000] {logging_mixin.py:190} INFO - [2025-04-23T18:04:33.962+0000] {dag.py:4180} INFO - Setting next_dagrun for TFL_DATA_DAG to 2025-04-23 00:00:00+00:00, run_after=2025-04-24 00:00:00+00:00
[2025-04-23T18:04:33.978+0000] {processor.py:208} INFO - Processing /opt/airflow/dags/my_dag.py took 0.082 seconds
[2025-04-23T18:04:38.008+0000] {processor.py:186} INFO - Started process (PID=1483) to work on /opt/airflow/dags/my_dag.py
[2025-04-23T18:04:38.009+0000] {processor.py:914} INFO - Processing file /opt/airflow/dags/my_dag.py for tasks to queue
[2025-04-23T18:04:38.011+0000] {logging_mixin.py:190} INFO - [2025-04-23T18:04:38.011+0000] {dagbag.py:588} INFO - Filling up the DagBag from /opt/airflow/dags/my_dag.py
[2025-04-23T18:04:38.043+0000] {processor.py:925} INFO - DAG(s) 'TFL_DATA_DAG' retrieved from /opt/airflow/dags/my_dag.py
[2025-04-23T18:04:38.056+0000] {logging_mixin.py:190} INFO - [2025-04-23T18:04:38.056+0000] {dag.py:3239} INFO - Sync 1 DAGs
[2025-04-23T18:04:38.070+0000] {logging_mixin.py:190} INFO - [2025-04-23T18:04:38.070+0000] {dag.py:4180} INFO - Setting next_dagrun for TFL_DATA_DAG to 2025-04-23 00:00:00+00:00, run_after=2025-04-24 00:00:00+00:00
[2025-04-23T18:04:38.088+0000] {processor.py:208} INFO - Processing /opt/airflow/dags/my_dag.py took 0.083 seconds
[2025-04-23T18:05:08.349+0000] {processor.py:186} INFO - Started process (PID=1504) to work on /opt/airflow/dags/my_dag.py
[2025-04-23T18:05:08.350+0000] {processor.py:914} INFO - Processing file /opt/airflow/dags/my_dag.py for tasks to queue
[2025-04-23T18:05:08.352+0000] {logging_mixin.py:190} INFO - [2025-04-23T18:05:08.352+0000] {dagbag.py:588} INFO - Filling up the DagBag from /opt/airflow/dags/my_dag.py
[2025-04-23T18:05:08.374+0000] {processor.py:925} INFO - DAG(s) 'TFL_DATA_DAG' retrieved from /opt/airflow/dags/my_dag.py
[2025-04-23T18:05:08.387+0000] {logging_mixin.py:190} INFO - [2025-04-23T18:05:08.387+0000] {dag.py:3239} INFO - Sync 1 DAGs
[2025-04-23T18:05:08.400+0000] {logging_mixin.py:190} INFO - [2025-04-23T18:05:08.400+0000] {dag.py:4180} INFO - Setting next_dagrun for TFL_DATA_DAG to 2025-04-23 00:00:00+00:00, run_after=2025-04-24 00:00:00+00:00
[2025-04-23T18:05:08.414+0000] {processor.py:208} INFO - Processing /opt/airflow/dags/my_dag.py took 0.068 seconds
[2025-04-23T18:05:38.620+0000] {processor.py:186} INFO - Started process (PID=1525) to work on /opt/airflow/dags/my_dag.py
[2025-04-23T18:05:38.621+0000] {processor.py:914} INFO - Processing file /opt/airflow/dags/my_dag.py for tasks to queue
[2025-04-23T18:05:38.623+0000] {logging_mixin.py:190} INFO - [2025-04-23T18:05:38.623+0000] {dagbag.py:588} INFO - Filling up the DagBag from /opt/airflow/dags/my_dag.py
[2025-04-23T18:05:38.637+0000] {processor.py:925} INFO - DAG(s) 'TFL_DATA_DAG' retrieved from /opt/airflow/dags/my_dag.py
[2025-04-23T18:05:38.658+0000] {logging_mixin.py:190} INFO - [2025-04-23T18:05:38.657+0000] {dag.py:3239} INFO - Sync 1 DAGs
[2025-04-23T18:05:38.691+0000] {logging_mixin.py:190} INFO - [2025-04-23T18:05:38.691+0000] {dag.py:4180} INFO - Setting next_dagrun for TFL_DATA_DAG to 2025-04-23 00:00:00+00:00, run_after=2025-04-24 00:00:00+00:00
[2025-04-23T18:05:38.712+0000] {processor.py:208} INFO - Processing /opt/airflow/dags/my_dag.py took 0.096 seconds
[2025-04-23T18:05:58.935+0000] {processor.py:186} INFO - Started process (PID=1545) to work on /opt/airflow/dags/my_dag.py
[2025-04-23T18:05:58.936+0000] {processor.py:914} INFO - Processing file /opt/airflow/dags/my_dag.py for tasks to queue
[2025-04-23T18:05:58.938+0000] {logging_mixin.py:190} INFO - [2025-04-23T18:05:58.938+0000] {dagbag.py:588} INFO - Filling up the DagBag from /opt/airflow/dags/my_dag.py
[2025-04-23T18:05:58.965+0000] {processor.py:925} INFO - DAG(s) 'TFL_DATA_DAG' retrieved from /opt/airflow/dags/my_dag.py
[2025-04-23T18:05:58.977+0000] {logging_mixin.py:190} INFO - [2025-04-23T18:05:58.977+0000] {dag.py:3239} INFO - Sync 1 DAGs
[2025-04-23T18:05:58.992+0000] {logging_mixin.py:190} INFO - [2025-04-23T18:05:58.991+0000] {dag.py:4180} INFO - Setting next_dagrun for TFL_DATA_DAG to 2025-04-23 00:00:00+00:00, run_after=2025-04-24 00:00:00+00:00
[2025-04-23T18:05:59.007+0000] {processor.py:208} INFO - Processing /opt/airflow/dags/my_dag.py took 0.075 seconds
[2025-04-23T18:06:29.269+0000] {processor.py:186} INFO - Started process (PID=1566) to work on /opt/airflow/dags/my_dag.py
[2025-04-23T18:06:29.271+0000] {processor.py:914} INFO - Processing file /opt/airflow/dags/my_dag.py for tasks to queue
[2025-04-23T18:06:29.273+0000] {logging_mixin.py:190} INFO - [2025-04-23T18:06:29.272+0000] {dagbag.py:588} INFO - Filling up the DagBag from /opt/airflow/dags/my_dag.py
[2025-04-23T18:06:29.288+0000] {processor.py:925} INFO - DAG(s) 'TFL_DATA_DAG' retrieved from /opt/airflow/dags/my_dag.py
[2025-04-23T18:06:29.301+0000] {logging_mixin.py:190} INFO - [2025-04-23T18:06:29.301+0000] {dag.py:3239} INFO - Sync 1 DAGs
[2025-04-23T18:06:29.314+0000] {logging_mixin.py:190} INFO - [2025-04-23T18:06:29.314+0000] {dag.py:4180} INFO - Setting next_dagrun for TFL_DATA_DAG to 2025-04-23 00:00:00+00:00, run_after=2025-04-24 00:00:00+00:00
[2025-04-23T18:06:29.326+0000] {processor.py:208} INFO - Processing /opt/airflow/dags/my_dag.py took 0.060 seconds
[2025-04-23T18:06:59.587+0000] {processor.py:186} INFO - Started process (PID=1587) to work on /opt/airflow/dags/my_dag.py
[2025-04-23T18:06:59.588+0000] {processor.py:914} INFO - Processing file /opt/airflow/dags/my_dag.py for tasks to queue
[2025-04-23T18:06:59.591+0000] {logging_mixin.py:190} INFO - [2025-04-23T18:06:59.590+0000] {dagbag.py:588} INFO - Filling up the DagBag from /opt/airflow/dags/my_dag.py
[2025-04-23T18:06:59.607+0000] {processor.py:925} INFO - DAG(s) 'TFL_DATA_DAG' retrieved from /opt/airflow/dags/my_dag.py
[2025-04-23T18:06:59.620+0000] {logging_mixin.py:190} INFO - [2025-04-23T18:06:59.619+0000] {dag.py:3239} INFO - Sync 1 DAGs
[2025-04-23T18:06:59.634+0000] {logging_mixin.py:190} INFO - [2025-04-23T18:06:59.634+0000] {dag.py:4180} INFO - Setting next_dagrun for TFL_DATA_DAG to 2025-04-23 00:00:00+00:00, run_after=2025-04-24 00:00:00+00:00
[2025-04-23T18:06:59.644+0000] {processor.py:208} INFO - Processing /opt/airflow/dags/my_dag.py took 0.061 seconds
[2025-04-23T18:07:29.920+0000] {processor.py:186} INFO - Started process (PID=1608) to work on /opt/airflow/dags/my_dag.py
[2025-04-23T18:07:29.921+0000] {processor.py:914} INFO - Processing file /opt/airflow/dags/my_dag.py for tasks to queue
[2025-04-23T18:07:29.924+0000] {logging_mixin.py:190} INFO - [2025-04-23T18:07:29.924+0000] {dagbag.py:588} INFO - Filling up the DagBag from /opt/airflow/dags/my_dag.py
[2025-04-23T18:07:29.937+0000] {processor.py:925} INFO - DAG(s) 'TFL_DATA_DAG' retrieved from /opt/airflow/dags/my_dag.py
[2025-04-23T18:07:29.950+0000] {logging_mixin.py:190} INFO - [2025-04-23T18:07:29.950+0000] {dag.py:3239} INFO - Sync 1 DAGs
[2025-04-23T18:07:29.963+0000] {logging_mixin.py:190} INFO - [2025-04-23T18:07:29.963+0000] {dag.py:4180} INFO - Setting next_dagrun for TFL_DATA_DAG to 2025-04-23 00:00:00+00:00, run_after=2025-04-24 00:00:00+00:00
[2025-04-23T18:07:29.975+0000] {processor.py:208} INFO - Processing /opt/airflow/dags/my_dag.py took 0.059 seconds
[2025-04-23T18:08:00.258+0000] {processor.py:186} INFO - Started process (PID=1629) to work on /opt/airflow/dags/my_dag.py
[2025-04-23T18:08:00.260+0000] {processor.py:914} INFO - Processing file /opt/airflow/dags/my_dag.py for tasks to queue
[2025-04-23T18:08:00.262+0000] {logging_mixin.py:190} INFO - [2025-04-23T18:08:00.262+0000] {dagbag.py:588} INFO - Filling up the DagBag from /opt/airflow/dags/my_dag.py
[2025-04-23T18:08:00.299+0000] {processor.py:925} INFO - DAG(s) 'TFL_DATA_DAG' retrieved from /opt/airflow/dags/my_dag.py
[2025-04-23T18:08:00.313+0000] {logging_mixin.py:190} INFO - [2025-04-23T18:08:00.313+0000] {dag.py:3239} INFO - Sync 1 DAGs
[2025-04-23T18:08:00.328+0000] {logging_mixin.py:190} INFO - [2025-04-23T18:08:00.328+0000] {dag.py:4180} INFO - Setting next_dagrun for TFL_DATA_DAG to 2025-04-23 00:00:00+00:00, run_after=2025-04-24 00:00:00+00:00
[2025-04-23T18:08:00.339+0000] {processor.py:208} INFO - Processing /opt/airflow/dags/my_dag.py took 0.085 seconds
[2025-04-23T18:08:30.593+0000] {processor.py:186} INFO - Started process (PID=1650) to work on /opt/airflow/dags/my_dag.py
[2025-04-23T18:08:30.595+0000] {processor.py:914} INFO - Processing file /opt/airflow/dags/my_dag.py for tasks to queue
[2025-04-23T18:08:30.599+0000] {logging_mixin.py:190} INFO - [2025-04-23T18:08:30.598+0000] {dagbag.py:588} INFO - Filling up the DagBag from /opt/airflow/dags/my_dag.py
[2025-04-23T18:08:30.644+0000] {processor.py:925} INFO - DAG(s) 'TFL_DATA_DAG' retrieved from /opt/airflow/dags/my_dag.py
[2025-04-23T18:08:30.659+0000] {logging_mixin.py:190} INFO - [2025-04-23T18:08:30.658+0000] {dag.py:3239} INFO - Sync 1 DAGs
[2025-04-23T18:08:30.672+0000] {logging_mixin.py:190} INFO - [2025-04-23T18:08:30.672+0000] {dag.py:4180} INFO - Setting next_dagrun for TFL_DATA_DAG to 2025-04-23 00:00:00+00:00, run_after=2025-04-24 00:00:00+00:00
[2025-04-23T18:08:30.684+0000] {processor.py:208} INFO - Processing /opt/airflow/dags/my_dag.py took 0.095 seconds
[2025-04-23T18:09:00.892+0000] {processor.py:186} INFO - Started process (PID=1671) to work on /opt/airflow/dags/my_dag.py
[2025-04-23T18:09:00.894+0000] {processor.py:914} INFO - Processing file /opt/airflow/dags/my_dag.py for tasks to queue
[2025-04-23T18:09:00.897+0000] {logging_mixin.py:190} INFO - [2025-04-23T18:09:00.897+0000] {dagbag.py:588} INFO - Filling up the DagBag from /opt/airflow/dags/my_dag.py
[2025-04-23T18:09:00.926+0000] {processor.py:925} INFO - DAG(s) 'TFL_DATA_DAG' retrieved from /opt/airflow/dags/my_dag.py
[2025-04-23T18:09:00.939+0000] {logging_mixin.py:190} INFO - [2025-04-23T18:09:00.938+0000] {dag.py:3239} INFO - Sync 1 DAGs
[2025-04-23T18:09:00.952+0000] {logging_mixin.py:190} INFO - [2025-04-23T18:09:00.952+0000] {dag.py:4180} INFO - Setting next_dagrun for TFL_DATA_DAG to 2025-04-23 00:00:00+00:00, run_after=2025-04-24 00:00:00+00:00
[2025-04-23T18:09:00.964+0000] {processor.py:208} INFO - Processing /opt/airflow/dags/my_dag.py took 0.080 seconds
[2025-04-23T18:09:31.235+0000] {processor.py:186} INFO - Started process (PID=1691) to work on /opt/airflow/dags/my_dag.py
[2025-04-23T18:09:31.236+0000] {processor.py:914} INFO - Processing file /opt/airflow/dags/my_dag.py for tasks to queue
[2025-04-23T18:09:31.239+0000] {logging_mixin.py:190} INFO - [2025-04-23T18:09:31.238+0000] {dagbag.py:588} INFO - Filling up the DagBag from /opt/airflow/dags/my_dag.py
[2025-04-23T18:09:31.270+0000] {processor.py:925} INFO - DAG(s) 'TFL_DATA_DAG' retrieved from /opt/airflow/dags/my_dag.py
[2025-04-23T18:09:31.284+0000] {logging_mixin.py:190} INFO - [2025-04-23T18:09:31.284+0000] {dag.py:3239} INFO - Sync 1 DAGs
[2025-04-23T18:09:31.300+0000] {logging_mixin.py:190} INFO - [2025-04-23T18:09:31.299+0000] {dag.py:4180} INFO - Setting next_dagrun for TFL_DATA_DAG to 2025-04-23 00:00:00+00:00, run_after=2025-04-24 00:00:00+00:00
[2025-04-23T18:09:31.311+0000] {processor.py:208} INFO - Processing /opt/airflow/dags/my_dag.py took 0.084 seconds
[2025-04-23T18:10:01.557+0000] {processor.py:186} INFO - Started process (PID=1721) to work on /opt/airflow/dags/my_dag.py
[2025-04-23T18:10:01.557+0000] {processor.py:914} INFO - Processing file /opt/airflow/dags/my_dag.py for tasks to queue
[2025-04-23T18:10:01.560+0000] {logging_mixin.py:190} INFO - [2025-04-23T18:10:01.560+0000] {dagbag.py:588} INFO - Filling up the DagBag from /opt/airflow/dags/my_dag.py
[2025-04-23T18:10:01.579+0000] {processor.py:925} INFO - DAG(s) 'TFL_DATA_DAG' retrieved from /opt/airflow/dags/my_dag.py
[2025-04-23T18:10:01.592+0000] {logging_mixin.py:190} INFO - [2025-04-23T18:10:01.591+0000] {dag.py:3239} INFO - Sync 1 DAGs
[2025-04-23T18:10:01.606+0000] {logging_mixin.py:190} INFO - [2025-04-23T18:10:01.606+0000] {dag.py:4180} INFO - Setting next_dagrun for TFL_DATA_DAG to 2025-04-23 00:00:00+00:00, run_after=2025-04-24 00:00:00+00:00
[2025-04-23T18:10:01.617+0000] {processor.py:208} INFO - Processing /opt/airflow/dags/my_dag.py took 0.064 seconds
[2025-04-23T18:10:31.865+0000] {processor.py:186} INFO - Started process (PID=1746) to work on /opt/airflow/dags/my_dag.py
[2025-04-23T18:10:31.866+0000] {processor.py:914} INFO - Processing file /opt/airflow/dags/my_dag.py for tasks to queue
[2025-04-23T18:10:31.869+0000] {logging_mixin.py:190} INFO - [2025-04-23T18:10:31.868+0000] {dagbag.py:588} INFO - Filling up the DagBag from /opt/airflow/dags/my_dag.py
[2025-04-23T18:10:31.884+0000] {processor.py:925} INFO - DAG(s) 'TFL_DATA_DAG' retrieved from /opt/airflow/dags/my_dag.py
[2025-04-23T18:10:31.897+0000] {logging_mixin.py:190} INFO - [2025-04-23T18:10:31.897+0000] {dag.py:3239} INFO - Sync 1 DAGs
[2025-04-23T18:10:31.910+0000] {logging_mixin.py:190} INFO - [2025-04-23T18:10:31.910+0000] {dag.py:4180} INFO - Setting next_dagrun for TFL_DATA_DAG to 2025-04-23 00:00:00+00:00, run_after=2025-04-24 00:00:00+00:00
[2025-04-23T18:10:31.921+0000] {processor.py:208} INFO - Processing /opt/airflow/dags/my_dag.py took 0.059 seconds
[2025-04-23T18:11:02.194+0000] {processor.py:186} INFO - Started process (PID=1781) to work on /opt/airflow/dags/my_dag.py
[2025-04-23T18:11:02.195+0000] {processor.py:914} INFO - Processing file /opt/airflow/dags/my_dag.py for tasks to queue
[2025-04-23T18:11:02.197+0000] {logging_mixin.py:190} INFO - [2025-04-23T18:11:02.197+0000] {dagbag.py:588} INFO - Filling up the DagBag from /opt/airflow/dags/my_dag.py
[2025-04-23T18:11:02.219+0000] {processor.py:925} INFO - DAG(s) 'TFL_DATA_DAG' retrieved from /opt/airflow/dags/my_dag.py
[2025-04-23T18:11:02.231+0000] {logging_mixin.py:190} INFO - [2025-04-23T18:11:02.231+0000] {dag.py:3239} INFO - Sync 1 DAGs
[2025-04-23T18:11:02.245+0000] {logging_mixin.py:190} INFO - [2025-04-23T18:11:02.245+0000] {dag.py:4180} INFO - Setting next_dagrun for TFL_DATA_DAG to 2025-04-23 00:00:00+00:00, run_after=2025-04-24 00:00:00+00:00
[2025-04-23T18:11:02.256+0000] {processor.py:208} INFO - Processing /opt/airflow/dags/my_dag.py took 0.066 seconds
[2025-04-23T18:11:32.452+0000] {processor.py:186} INFO - Started process (PID=1802) to work on /opt/airflow/dags/my_dag.py
[2025-04-23T18:11:32.454+0000] {processor.py:914} INFO - Processing file /opt/airflow/dags/my_dag.py for tasks to queue
[2025-04-23T18:11:32.456+0000] {logging_mixin.py:190} INFO - [2025-04-23T18:11:32.456+0000] {dagbag.py:588} INFO - Filling up the DagBag from /opt/airflow/dags/my_dag.py
[2025-04-23T18:11:32.470+0000] {processor.py:925} INFO - DAG(s) 'TFL_DATA_DAG' retrieved from /opt/airflow/dags/my_dag.py
[2025-04-23T18:11:32.484+0000] {logging_mixin.py:190} INFO - [2025-04-23T18:11:32.484+0000] {dag.py:3239} INFO - Sync 1 DAGs
[2025-04-23T18:11:32.497+0000] {logging_mixin.py:190} INFO - [2025-04-23T18:11:32.497+0000] {dag.py:4180} INFO - Setting next_dagrun for TFL_DATA_DAG to 2025-04-23 00:00:00+00:00, run_after=2025-04-24 00:00:00+00:00
[2025-04-23T18:11:32.509+0000] {processor.py:208} INFO - Processing /opt/airflow/dags/my_dag.py took 0.060 seconds
[2025-04-23T18:12:02.815+0000] {processor.py:186} INFO - Started process (PID=1823) to work on /opt/airflow/dags/my_dag.py
[2025-04-23T18:12:02.817+0000] {processor.py:914} INFO - Processing file /opt/airflow/dags/my_dag.py for tasks to queue
[2025-04-23T18:12:02.821+0000] {logging_mixin.py:190} INFO - [2025-04-23T18:12:02.821+0000] {dagbag.py:588} INFO - Filling up the DagBag from /opt/airflow/dags/my_dag.py
[2025-04-23T18:12:02.862+0000] {processor.py:925} INFO - DAG(s) 'TFL_DATA_DAG' retrieved from /opt/airflow/dags/my_dag.py
[2025-04-23T18:12:02.875+0000] {logging_mixin.py:190} INFO - [2025-04-23T18:12:02.875+0000] {dag.py:3239} INFO - Sync 1 DAGs
[2025-04-23T18:12:02.890+0000] {logging_mixin.py:190} INFO - [2025-04-23T18:12:02.890+0000] {dag.py:4180} INFO - Setting next_dagrun for TFL_DATA_DAG to 2025-04-23 00:00:00+00:00, run_after=2025-04-24 00:00:00+00:00
[2025-04-23T18:12:02.903+0000] {processor.py:208} INFO - Processing /opt/airflow/dags/my_dag.py took 0.091 seconds
[2025-04-23T18:12:33.155+0000] {processor.py:186} INFO - Started process (PID=1844) to work on /opt/airflow/dags/my_dag.py
[2025-04-23T18:12:33.157+0000] {processor.py:914} INFO - Processing file /opt/airflow/dags/my_dag.py for tasks to queue
[2025-04-23T18:12:33.159+0000] {logging_mixin.py:190} INFO - [2025-04-23T18:12:33.158+0000] {dagbag.py:588} INFO - Filling up the DagBag from /opt/airflow/dags/my_dag.py
[2025-04-23T18:12:33.171+0000] {processor.py:925} INFO - DAG(s) 'TFL_DATA_DAG' retrieved from /opt/airflow/dags/my_dag.py
[2025-04-23T18:12:33.186+0000] {logging_mixin.py:190} INFO - [2025-04-23T18:12:33.185+0000] {dag.py:3239} INFO - Sync 1 DAGs
[2025-04-23T18:12:33.201+0000] {logging_mixin.py:190} INFO - [2025-04-23T18:12:33.200+0000] {dag.py:4180} INFO - Setting next_dagrun for TFL_DATA_DAG to 2025-04-23 00:00:00+00:00, run_after=2025-04-24 00:00:00+00:00
[2025-04-23T18:12:33.211+0000] {processor.py:208} INFO - Processing /opt/airflow/dags/my_dag.py took 0.059 seconds
[2025-04-23T18:13:03.485+0000] {processor.py:186} INFO - Started process (PID=1865) to work on /opt/airflow/dags/my_dag.py
[2025-04-23T18:13:03.486+0000] {processor.py:914} INFO - Processing file /opt/airflow/dags/my_dag.py for tasks to queue
[2025-04-23T18:13:03.488+0000] {logging_mixin.py:190} INFO - [2025-04-23T18:13:03.488+0000] {dagbag.py:588} INFO - Filling up the DagBag from /opt/airflow/dags/my_dag.py
[2025-04-23T18:13:03.506+0000] {processor.py:925} INFO - DAG(s) 'TFL_DATA_DAG' retrieved from /opt/airflow/dags/my_dag.py
[2025-04-23T18:13:03.519+0000] {logging_mixin.py:190} INFO - [2025-04-23T18:13:03.519+0000] {dag.py:3239} INFO - Sync 1 DAGs
[2025-04-23T18:13:03.536+0000] {logging_mixin.py:190} INFO - [2025-04-23T18:13:03.536+0000] {dag.py:4180} INFO - Setting next_dagrun for TFL_DATA_DAG to 2025-04-23 00:00:00+00:00, run_after=2025-04-24 00:00:00+00:00
[2025-04-23T18:13:03.557+0000] {processor.py:208} INFO - Processing /opt/airflow/dags/my_dag.py took 0.076 seconds
[2025-04-23T18:13:33.829+0000] {processor.py:186} INFO - Started process (PID=1886) to work on /opt/airflow/dags/my_dag.py
[2025-04-23T18:13:33.830+0000] {processor.py:914} INFO - Processing file /opt/airflow/dags/my_dag.py for tasks to queue
[2025-04-23T18:13:33.832+0000] {logging_mixin.py:190} INFO - [2025-04-23T18:13:33.832+0000] {dagbag.py:588} INFO - Filling up the DagBag from /opt/airflow/dags/my_dag.py
[2025-04-23T18:13:33.845+0000] {processor.py:925} INFO - DAG(s) 'TFL_DATA_DAG' retrieved from /opt/airflow/dags/my_dag.py
[2025-04-23T18:13:33.859+0000] {logging_mixin.py:190} INFO - [2025-04-23T18:13:33.858+0000] {dag.py:3239} INFO - Sync 1 DAGs
[2025-04-23T18:13:33.873+0000] {logging_mixin.py:190} INFO - [2025-04-23T18:13:33.872+0000] {dag.py:4180} INFO - Setting next_dagrun for TFL_DATA_DAG to 2025-04-23 00:00:00+00:00, run_after=2025-04-24 00:00:00+00:00
[2025-04-23T18:13:33.884+0000] {processor.py:208} INFO - Processing /opt/airflow/dags/my_dag.py took 0.058 seconds
[2025-04-23T18:14:04.209+0000] {processor.py:186} INFO - Started process (PID=1907) to work on /opt/airflow/dags/my_dag.py
[2025-04-23T18:14:04.219+0000] {processor.py:914} INFO - Processing file /opt/airflow/dags/my_dag.py for tasks to queue
[2025-04-23T18:14:04.222+0000] {logging_mixin.py:190} INFO - [2025-04-23T18:14:04.222+0000] {dagbag.py:588} INFO - Filling up the DagBag from /opt/airflow/dags/my_dag.py
[2025-04-23T18:14:04.256+0000] {processor.py:925} INFO - DAG(s) 'TFL_DATA_DAG' retrieved from /opt/airflow/dags/my_dag.py
[2025-04-23T18:14:04.271+0000] {logging_mixin.py:190} INFO - [2025-04-23T18:14:04.271+0000] {dag.py:3239} INFO - Sync 1 DAGs
[2025-04-23T18:14:04.287+0000] {logging_mixin.py:190} INFO - [2025-04-23T18:14:04.287+0000] {dag.py:4180} INFO - Setting next_dagrun for TFL_DATA_DAG to 2025-04-23 00:00:00+00:00, run_after=2025-04-24 00:00:00+00:00
[2025-04-23T18:14:04.298+0000] {processor.py:208} INFO - Processing /opt/airflow/dags/my_dag.py took 0.096 seconds
[2025-04-23T18:14:34.563+0000] {processor.py:186} INFO - Started process (PID=1928) to work on /opt/airflow/dags/my_dag.py
[2025-04-23T18:14:34.565+0000] {processor.py:914} INFO - Processing file /opt/airflow/dags/my_dag.py for tasks to queue
[2025-04-23T18:14:34.568+0000] {logging_mixin.py:190} INFO - [2025-04-23T18:14:34.567+0000] {dagbag.py:588} INFO - Filling up the DagBag from /opt/airflow/dags/my_dag.py
[2025-04-23T18:14:34.606+0000] {processor.py:925} INFO - DAG(s) 'TFL_DATA_DAG' retrieved from /opt/airflow/dags/my_dag.py
[2025-04-23T18:14:34.620+0000] {logging_mixin.py:190} INFO - [2025-04-23T18:14:34.620+0000] {dag.py:3239} INFO - Sync 1 DAGs
[2025-04-23T18:14:34.635+0000] {logging_mixin.py:190} INFO - [2025-04-23T18:14:34.635+0000] {dag.py:4180} INFO - Setting next_dagrun for TFL_DATA_DAG to 2025-04-23 00:00:00+00:00, run_after=2025-04-24 00:00:00+00:00
[2025-04-23T18:14:34.646+0000] {processor.py:208} INFO - Processing /opt/airflow/dags/my_dag.py took 0.090 seconds
[2025-04-23T18:15:04.941+0000] {processor.py:186} INFO - Started process (PID=1949) to work on /opt/airflow/dags/my_dag.py
[2025-04-23T18:15:04.943+0000] {processor.py:914} INFO - Processing file /opt/airflow/dags/my_dag.py for tasks to queue
[2025-04-23T18:15:04.946+0000] {logging_mixin.py:190} INFO - [2025-04-23T18:15:04.945+0000] {dagbag.py:588} INFO - Filling up the DagBag from /opt/airflow/dags/my_dag.py
[2025-04-23T18:15:04.977+0000] {processor.py:925} INFO - DAG(s) 'TFL_DATA_DAG' retrieved from /opt/airflow/dags/my_dag.py
[2025-04-23T18:15:04.991+0000] {logging_mixin.py:190} INFO - [2025-04-23T18:15:04.991+0000] {dag.py:3239} INFO - Sync 1 DAGs
[2025-04-23T18:15:05.005+0000] {logging_mixin.py:190} INFO - [2025-04-23T18:15:05.005+0000] {dag.py:4180} INFO - Setting next_dagrun for TFL_DATA_DAG to 2025-04-23 00:00:00+00:00, run_after=2025-04-24 00:00:00+00:00
[2025-04-23T18:15:05.015+0000] {processor.py:208} INFO - Processing /opt/airflow/dags/my_dag.py took 0.082 seconds
[2025-04-23T18:15:35.286+0000] {processor.py:186} INFO - Started process (PID=1970) to work on /opt/airflow/dags/my_dag.py
[2025-04-23T18:15:35.287+0000] {processor.py:914} INFO - Processing file /opt/airflow/dags/my_dag.py for tasks to queue
[2025-04-23T18:15:35.290+0000] {logging_mixin.py:190} INFO - [2025-04-23T18:15:35.289+0000] {dagbag.py:588} INFO - Filling up the DagBag from /opt/airflow/dags/my_dag.py
[2025-04-23T18:15:35.302+0000] {processor.py:925} INFO - DAG(s) 'TFL_DATA_DAG' retrieved from /opt/airflow/dags/my_dag.py
[2025-04-23T18:15:35.316+0000] {logging_mixin.py:190} INFO - [2025-04-23T18:15:35.315+0000] {dag.py:3239} INFO - Sync 1 DAGs
[2025-04-23T18:15:35.330+0000] {logging_mixin.py:190} INFO - [2025-04-23T18:15:35.330+0000] {dag.py:4180} INFO - Setting next_dagrun for TFL_DATA_DAG to 2025-04-23 00:00:00+00:00, run_after=2025-04-24 00:00:00+00:00
[2025-04-23T18:15:35.342+0000] {processor.py:208} INFO - Processing /opt/airflow/dags/my_dag.py took 0.059 seconds
[2025-04-23T18:16:05.719+0000] {processor.py:186} INFO - Started process (PID=1991) to work on /opt/airflow/dags/my_dag.py
[2025-04-23T18:16:05.722+0000] {processor.py:914} INFO - Processing file /opt/airflow/dags/my_dag.py for tasks to queue
[2025-04-23T18:16:05.729+0000] {logging_mixin.py:190} INFO - [2025-04-23T18:16:05.729+0000] {dagbag.py:588} INFO - Filling up the DagBag from /opt/airflow/dags/my_dag.py
[2025-04-23T18:16:05.774+0000] {processor.py:925} INFO - DAG(s) 'TFL_DATA_DAG' retrieved from /opt/airflow/dags/my_dag.py
[2025-04-23T18:16:05.791+0000] {logging_mixin.py:190} INFO - [2025-04-23T18:16:05.791+0000] {dag.py:3239} INFO - Sync 1 DAGs
[2025-04-23T18:16:05.808+0000] {logging_mixin.py:190} INFO - [2025-04-23T18:16:05.808+0000] {dag.py:4180} INFO - Setting next_dagrun for TFL_DATA_DAG to 2025-04-23 00:00:00+00:00, run_after=2025-04-24 00:00:00+00:00
[2025-04-23T18:16:05.821+0000] {processor.py:208} INFO - Processing /opt/airflow/dags/my_dag.py took 0.106 seconds
[2025-04-23T18:16:36.096+0000] {processor.py:186} INFO - Started process (PID=2012) to work on /opt/airflow/dags/my_dag.py
[2025-04-23T18:16:36.098+0000] {processor.py:914} INFO - Processing file /opt/airflow/dags/my_dag.py for tasks to queue
[2025-04-23T18:16:36.100+0000] {logging_mixin.py:190} INFO - [2025-04-23T18:16:36.100+0000] {dagbag.py:588} INFO - Filling up the DagBag from /opt/airflow/dags/my_dag.py
[2025-04-23T18:16:36.116+0000] {processor.py:925} INFO - DAG(s) 'TFL_DATA_DAG' retrieved from /opt/airflow/dags/my_dag.py
[2025-04-23T18:16:36.129+0000] {logging_mixin.py:190} INFO - [2025-04-23T18:16:36.128+0000] {dag.py:3239} INFO - Sync 1 DAGs
[2025-04-23T18:16:36.144+0000] {logging_mixin.py:190} INFO - [2025-04-23T18:16:36.143+0000] {dag.py:4180} INFO - Setting next_dagrun for TFL_DATA_DAG to 2025-04-23 00:00:00+00:00, run_after=2025-04-24 00:00:00+00:00
[2025-04-23T18:16:36.154+0000] {processor.py:208} INFO - Processing /opt/airflow/dags/my_dag.py took 0.061 seconds
[2025-04-23T18:17:06.428+0000] {processor.py:186} INFO - Started process (PID=2033) to work on /opt/airflow/dags/my_dag.py
[2025-04-23T18:17:06.431+0000] {processor.py:914} INFO - Processing file /opt/airflow/dags/my_dag.py for tasks to queue
[2025-04-23T18:17:06.442+0000] {logging_mixin.py:190} INFO - [2025-04-23T18:17:06.441+0000] {dagbag.py:588} INFO - Filling up the DagBag from /opt/airflow/dags/my_dag.py
[2025-04-23T18:17:06.497+0000] {processor.py:925} INFO - DAG(s) 'TFL_DATA_DAG' retrieved from /opt/airflow/dags/my_dag.py
[2025-04-23T18:17:06.513+0000] {logging_mixin.py:190} INFO - [2025-04-23T18:17:06.512+0000] {dag.py:3239} INFO - Sync 1 DAGs
[2025-04-23T18:17:06.530+0000] {logging_mixin.py:190} INFO - [2025-04-23T18:17:06.530+0000] {dag.py:4180} INFO - Setting next_dagrun for TFL_DATA_DAG to 2025-04-23 00:00:00+00:00, run_after=2025-04-24 00:00:00+00:00
[2025-04-23T18:17:06.551+0000] {processor.py:208} INFO - Processing /opt/airflow/dags/my_dag.py took 0.130 seconds
[2025-04-23T18:17:36.748+0000] {processor.py:186} INFO - Started process (PID=2054) to work on /opt/airflow/dags/my_dag.py
[2025-04-23T18:17:36.752+0000] {processor.py:914} INFO - Processing file /opt/airflow/dags/my_dag.py for tasks to queue
[2025-04-23T18:17:36.757+0000] {logging_mixin.py:190} INFO - [2025-04-23T18:17:36.757+0000] {dagbag.py:588} INFO - Filling up the DagBag from /opt/airflow/dags/my_dag.py
[2025-04-23T18:17:36.798+0000] {processor.py:925} INFO - DAG(s) 'TFL_DATA_DAG' retrieved from /opt/airflow/dags/my_dag.py
[2025-04-23T18:17:36.820+0000] {logging_mixin.py:190} INFO - [2025-04-23T18:17:36.819+0000] {dag.py:3239} INFO - Sync 1 DAGs
[2025-04-23T18:17:36.835+0000] {logging_mixin.py:190} INFO - [2025-04-23T18:17:36.835+0000] {dag.py:4180} INFO - Setting next_dagrun for TFL_DATA_DAG to 2025-04-23 00:00:00+00:00, run_after=2025-04-24 00:00:00+00:00
[2025-04-23T18:17:36.851+0000] {processor.py:208} INFO - Processing /opt/airflow/dags/my_dag.py took 0.108 seconds
[2025-04-23T18:18:07.140+0000] {processor.py:186} INFO - Started process (PID=2075) to work on /opt/airflow/dags/my_dag.py
[2025-04-23T18:18:07.145+0000] {processor.py:914} INFO - Processing file /opt/airflow/dags/my_dag.py for tasks to queue
[2025-04-23T18:18:07.153+0000] {logging_mixin.py:190} INFO - [2025-04-23T18:18:07.152+0000] {dagbag.py:588} INFO - Filling up the DagBag from /opt/airflow/dags/my_dag.py
[2025-04-23T18:18:07.197+0000] {processor.py:925} INFO - DAG(s) 'TFL_DATA_DAG' retrieved from /opt/airflow/dags/my_dag.py
[2025-04-23T18:18:07.214+0000] {logging_mixin.py:190} INFO - [2025-04-23T18:18:07.214+0000] {dag.py:3239} INFO - Sync 1 DAGs
[2025-04-23T18:18:07.231+0000] {logging_mixin.py:190} INFO - [2025-04-23T18:18:07.231+0000] {dag.py:4180} INFO - Setting next_dagrun for TFL_DATA_DAG to 2025-04-23 00:00:00+00:00, run_after=2025-04-24 00:00:00+00:00
[2025-04-23T18:18:07.242+0000] {processor.py:208} INFO - Processing /opt/airflow/dags/my_dag.py took 0.110 seconds
[2025-04-23T18:18:37.520+0000] {processor.py:186} INFO - Started process (PID=2096) to work on /opt/airflow/dags/my_dag.py
[2025-04-23T18:18:37.521+0000] {processor.py:914} INFO - Processing file /opt/airflow/dags/my_dag.py for tasks to queue
[2025-04-23T18:18:37.523+0000] {logging_mixin.py:190} INFO - [2025-04-23T18:18:37.523+0000] {dagbag.py:588} INFO - Filling up the DagBag from /opt/airflow/dags/my_dag.py
[2025-04-23T18:18:37.536+0000] {processor.py:925} INFO - DAG(s) 'TFL_DATA_DAG' retrieved from /opt/airflow/dags/my_dag.py
[2025-04-23T18:18:37.551+0000] {logging_mixin.py:190} INFO - [2025-04-23T18:18:37.551+0000] {dag.py:3239} INFO - Sync 1 DAGs
[2025-04-23T18:18:37.566+0000] {logging_mixin.py:190} INFO - [2025-04-23T18:18:37.565+0000] {dag.py:4180} INFO - Setting next_dagrun for TFL_DATA_DAG to 2025-04-23 00:00:00+00:00, run_after=2025-04-24 00:00:00+00:00
[2025-04-23T18:18:37.579+0000] {processor.py:208} INFO - Processing /opt/airflow/dags/my_dag.py took 0.062 seconds
[2025-04-23T18:19:07.909+0000] {processor.py:186} INFO - Started process (PID=2117) to work on /opt/airflow/dags/my_dag.py
[2025-04-23T18:19:07.916+0000] {processor.py:914} INFO - Processing file /opt/airflow/dags/my_dag.py for tasks to queue
[2025-04-23T18:19:07.921+0000] {logging_mixin.py:190} INFO - [2025-04-23T18:19:07.921+0000] {dagbag.py:588} INFO - Filling up the DagBag from /opt/airflow/dags/my_dag.py
[2025-04-23T18:19:07.966+0000] {processor.py:925} INFO - DAG(s) 'TFL_DATA_DAG' retrieved from /opt/airflow/dags/my_dag.py
[2025-04-23T18:19:07.992+0000] {logging_mixin.py:190} INFO - [2025-04-23T18:19:07.991+0000] {dag.py:3239} INFO - Sync 1 DAGs
[2025-04-23T18:19:08.010+0000] {logging_mixin.py:190} INFO - [2025-04-23T18:19:08.010+0000] {dag.py:4180} INFO - Setting next_dagrun for TFL_DATA_DAG to 2025-04-23 00:00:00+00:00, run_after=2025-04-24 00:00:00+00:00
[2025-04-23T18:19:08.024+0000] {processor.py:208} INFO - Processing /opt/airflow/dags/my_dag.py took 0.123 seconds
[2025-04-23T18:19:38.226+0000] {processor.py:186} INFO - Started process (PID=2138) to work on /opt/airflow/dags/my_dag.py
[2025-04-23T18:19:38.227+0000] {processor.py:914} INFO - Processing file /opt/airflow/dags/my_dag.py for tasks to queue
[2025-04-23T18:19:38.229+0000] {logging_mixin.py:190} INFO - [2025-04-23T18:19:38.229+0000] {dagbag.py:588} INFO - Filling up the DagBag from /opt/airflow/dags/my_dag.py
[2025-04-23T18:19:38.260+0000] {processor.py:925} INFO - DAG(s) 'TFL_DATA_DAG' retrieved from /opt/airflow/dags/my_dag.py
[2025-04-23T18:19:38.276+0000] {logging_mixin.py:190} INFO - [2025-04-23T18:19:38.275+0000] {dag.py:3239} INFO - Sync 1 DAGs
[2025-04-23T18:19:38.290+0000] {logging_mixin.py:190} INFO - [2025-04-23T18:19:38.290+0000] {dag.py:4180} INFO - Setting next_dagrun for TFL_DATA_DAG to 2025-04-23 00:00:00+00:00, run_after=2025-04-24 00:00:00+00:00
[2025-04-23T18:19:38.302+0000] {processor.py:208} INFO - Processing /opt/airflow/dags/my_dag.py took 0.080 seconds
[2025-04-23T18:20:08.558+0000] {processor.py:186} INFO - Started process (PID=2159) to work on /opt/airflow/dags/my_dag.py
[2025-04-23T18:20:08.559+0000] {processor.py:914} INFO - Processing file /opt/airflow/dags/my_dag.py for tasks to queue
[2025-04-23T18:20:08.562+0000] {logging_mixin.py:190} INFO - [2025-04-23T18:20:08.562+0000] {dagbag.py:588} INFO - Filling up the DagBag from /opt/airflow/dags/my_dag.py
[2025-04-23T18:20:08.616+0000] {processor.py:925} INFO - DAG(s) 'TFL_DATA_DAG' retrieved from /opt/airflow/dags/my_dag.py
[2025-04-23T18:20:08.630+0000] {logging_mixin.py:190} INFO - [2025-04-23T18:20:08.630+0000] {dag.py:3239} INFO - Sync 1 DAGs
[2025-04-23T18:20:08.645+0000] {logging_mixin.py:190} INFO - [2025-04-23T18:20:08.644+0000] {dag.py:4180} INFO - Setting next_dagrun for TFL_DATA_DAG to 2025-04-23 00:00:00+00:00, run_after=2025-04-24 00:00:00+00:00
[2025-04-23T18:20:08.656+0000] {processor.py:208} INFO - Processing /opt/airflow/dags/my_dag.py took 0.103 seconds
[2025-04-23T18:20:38.896+0000] {processor.py:186} INFO - Started process (PID=2180) to work on /opt/airflow/dags/my_dag.py
[2025-04-23T18:20:38.897+0000] {processor.py:914} INFO - Processing file /opt/airflow/dags/my_dag.py for tasks to queue
[2025-04-23T18:20:38.899+0000] {logging_mixin.py:190} INFO - [2025-04-23T18:20:38.898+0000] {dagbag.py:588} INFO - Filling up the DagBag from /opt/airflow/dags/my_dag.py
[2025-04-23T18:20:38.912+0000] {processor.py:925} INFO - DAG(s) 'TFL_DATA_DAG' retrieved from /opt/airflow/dags/my_dag.py
[2025-04-23T18:20:38.926+0000] {logging_mixin.py:190} INFO - [2025-04-23T18:20:38.925+0000] {dag.py:3239} INFO - Sync 1 DAGs
[2025-04-23T18:20:38.940+0000] {logging_mixin.py:190} INFO - [2025-04-23T18:20:38.939+0000] {dag.py:4180} INFO - Setting next_dagrun for TFL_DATA_DAG to 2025-04-23 00:00:00+00:00, run_after=2025-04-24 00:00:00+00:00
[2025-04-23T18:20:38.951+0000] {processor.py:208} INFO - Processing /opt/airflow/dags/my_dag.py took 0.059 seconds
[2025-04-23T18:21:09.290+0000] {processor.py:186} INFO - Started process (PID=2201) to work on /opt/airflow/dags/my_dag.py
[2025-04-23T18:21:09.291+0000] {processor.py:914} INFO - Processing file /opt/airflow/dags/my_dag.py for tasks to queue
[2025-04-23T18:21:09.293+0000] {logging_mixin.py:190} INFO - [2025-04-23T18:21:09.293+0000] {dagbag.py:588} INFO - Filling up the DagBag from /opt/airflow/dags/my_dag.py
[2025-04-23T18:21:09.306+0000] {processor.py:925} INFO - DAG(s) 'TFL_DATA_DAG' retrieved from /opt/airflow/dags/my_dag.py
[2025-04-23T18:21:09.320+0000] {logging_mixin.py:190} INFO - [2025-04-23T18:21:09.319+0000] {dag.py:3239} INFO - Sync 1 DAGs
[2025-04-23T18:21:09.332+0000] {logging_mixin.py:190} INFO - [2025-04-23T18:21:09.332+0000] {dag.py:4180} INFO - Setting next_dagrun for TFL_DATA_DAG to 2025-04-23 00:00:00+00:00, run_after=2025-04-24 00:00:00+00:00
[2025-04-23T18:21:09.346+0000] {processor.py:208} INFO - Processing /opt/airflow/dags/my_dag.py took 0.060 seconds
[2025-04-23T18:21:39.574+0000] {processor.py:186} INFO - Started process (PID=2222) to work on /opt/airflow/dags/my_dag.py
[2025-04-23T18:21:39.576+0000] {processor.py:914} INFO - Processing file /opt/airflow/dags/my_dag.py for tasks to queue
[2025-04-23T18:21:39.578+0000] {logging_mixin.py:190} INFO - [2025-04-23T18:21:39.577+0000] {dagbag.py:588} INFO - Filling up the DagBag from /opt/airflow/dags/my_dag.py
[2025-04-23T18:21:39.590+0000] {processor.py:925} INFO - DAG(s) 'TFL_DATA_DAG' retrieved from /opt/airflow/dags/my_dag.py
[2025-04-23T18:21:39.603+0000] {logging_mixin.py:190} INFO - [2025-04-23T18:21:39.603+0000] {dag.py:3239} INFO - Sync 1 DAGs
[2025-04-23T18:21:39.617+0000] {logging_mixin.py:190} INFO - [2025-04-23T18:21:39.617+0000] {dag.py:4180} INFO - Setting next_dagrun for TFL_DATA_DAG to 2025-04-23 00:00:00+00:00, run_after=2025-04-24 00:00:00+00:00
[2025-04-23T18:21:39.628+0000] {processor.py:208} INFO - Processing /opt/airflow/dags/my_dag.py took 0.057 seconds
[2025-04-23T18:22:09.964+0000] {processor.py:186} INFO - Started process (PID=2243) to work on /opt/airflow/dags/my_dag.py
[2025-04-23T18:22:09.967+0000] {processor.py:914} INFO - Processing file /opt/airflow/dags/my_dag.py for tasks to queue
[2025-04-23T18:22:09.969+0000] {logging_mixin.py:190} INFO - [2025-04-23T18:22:09.969+0000] {dagbag.py:588} INFO - Filling up the DagBag from /opt/airflow/dags/my_dag.py
[2025-04-23T18:22:09.987+0000] {processor.py:925} INFO - DAG(s) 'TFL_DATA_DAG' retrieved from /opt/airflow/dags/my_dag.py
[2025-04-23T18:22:10.000+0000] {logging_mixin.py:190} INFO - [2025-04-23T18:22:10.000+0000] {dag.py:3239} INFO - Sync 1 DAGs
[2025-04-23T18:22:10.013+0000] {logging_mixin.py:190} INFO - [2025-04-23T18:22:10.013+0000] {dag.py:4180} INFO - Setting next_dagrun for TFL_DATA_DAG to 2025-04-23 00:00:00+00:00, run_after=2025-04-24 00:00:00+00:00
[2025-04-23T18:22:10.024+0000] {processor.py:208} INFO - Processing /opt/airflow/dags/my_dag.py took 0.067 seconds
[2025-04-23T18:22:40.301+0000] {processor.py:186} INFO - Started process (PID=2264) to work on /opt/airflow/dags/my_dag.py
[2025-04-23T18:22:40.302+0000] {processor.py:914} INFO - Processing file /opt/airflow/dags/my_dag.py for tasks to queue
[2025-04-23T18:22:40.305+0000] {logging_mixin.py:190} INFO - [2025-04-23T18:22:40.305+0000] {dagbag.py:588} INFO - Filling up the DagBag from /opt/airflow/dags/my_dag.py
[2025-04-23T18:22:40.326+0000] {processor.py:925} INFO - DAG(s) 'TFL_DATA_DAG' retrieved from /opt/airflow/dags/my_dag.py
[2025-04-23T18:22:40.340+0000] {logging_mixin.py:190} INFO - [2025-04-23T18:22:40.340+0000] {dag.py:3239} INFO - Sync 1 DAGs
[2025-04-23T18:22:40.353+0000] {logging_mixin.py:190} INFO - [2025-04-23T18:22:40.353+0000] {dag.py:4180} INFO - Setting next_dagrun for TFL_DATA_DAG to 2025-04-23 00:00:00+00:00, run_after=2025-04-24 00:00:00+00:00
[2025-04-23T18:22:40.365+0000] {processor.py:208} INFO - Processing /opt/airflow/dags/my_dag.py took 0.067 seconds
[2025-04-23T18:23:10.619+0000] {processor.py:186} INFO - Started process (PID=2286) to work on /opt/airflow/dags/my_dag.py
[2025-04-23T18:23:10.621+0000] {processor.py:914} INFO - Processing file /opt/airflow/dags/my_dag.py for tasks to queue
[2025-04-23T18:23:10.625+0000] {logging_mixin.py:190} INFO - [2025-04-23T18:23:10.624+0000] {dagbag.py:588} INFO - Filling up the DagBag from /opt/airflow/dags/my_dag.py
[2025-04-23T18:23:10.648+0000] {processor.py:925} INFO - DAG(s) 'TFL_DATA_DAG' retrieved from /opt/airflow/dags/my_dag.py
[2025-04-23T18:23:10.664+0000] {logging_mixin.py:190} INFO - [2025-04-23T18:23:10.663+0000] {dag.py:3239} INFO - Sync 1 DAGs
[2025-04-23T18:23:10.678+0000] {logging_mixin.py:190} INFO - [2025-04-23T18:23:10.678+0000] {dag.py:4180} INFO - Setting next_dagrun for TFL_DATA_DAG to 2025-04-23 00:00:00+00:00, run_after=2025-04-24 00:00:00+00:00
[2025-04-23T18:23:10.696+0000] {processor.py:208} INFO - Processing /opt/airflow/dags/my_dag.py took 0.084 seconds
[2025-04-23T18:23:41.063+0000] {processor.py:186} INFO - Started process (PID=2307) to work on /opt/airflow/dags/my_dag.py
[2025-04-23T18:23:41.064+0000] {processor.py:914} INFO - Processing file /opt/airflow/dags/my_dag.py for tasks to queue
[2025-04-23T18:23:41.066+0000] {logging_mixin.py:190} INFO - [2025-04-23T18:23:41.065+0000] {dagbag.py:588} INFO - Filling up the DagBag from /opt/airflow/dags/my_dag.py
[2025-04-23T18:23:41.094+0000] {processor.py:925} INFO - DAG(s) 'TFL_DATA_DAG' retrieved from /opt/airflow/dags/my_dag.py
[2025-04-23T18:23:41.109+0000] {logging_mixin.py:190} INFO - [2025-04-23T18:23:41.109+0000] {dag.py:3239} INFO - Sync 1 DAGs
[2025-04-23T18:23:41.125+0000] {logging_mixin.py:190} INFO - [2025-04-23T18:23:41.125+0000] {dag.py:4180} INFO - Setting next_dagrun for TFL_DATA_DAG to 2025-04-23 00:00:00+00:00, run_after=2025-04-24 00:00:00+00:00
[2025-04-23T18:23:41.137+0000] {processor.py:208} INFO - Processing /opt/airflow/dags/my_dag.py took 0.078 seconds
[2025-04-23T18:24:11.613+0000] {processor.py:186} INFO - Started process (PID=2328) to work on /opt/airflow/dags/my_dag.py
[2025-04-23T18:24:11.614+0000] {processor.py:914} INFO - Processing file /opt/airflow/dags/my_dag.py for tasks to queue
[2025-04-23T18:24:11.621+0000] {logging_mixin.py:190} INFO - [2025-04-23T18:24:11.620+0000] {dagbag.py:588} INFO - Filling up the DagBag from /opt/airflow/dags/my_dag.py
[2025-04-23T18:24:11.660+0000] {processor.py:925} INFO - DAG(s) 'TFL_DATA_DAG' retrieved from /opt/airflow/dags/my_dag.py
[2025-04-23T18:24:11.679+0000] {logging_mixin.py:190} INFO - [2025-04-23T18:24:11.678+0000] {dag.py:3239} INFO - Sync 1 DAGs
[2025-04-23T18:24:11.796+0000] {logging_mixin.py:190} INFO - [2025-04-23T18:24:11.795+0000] {dag.py:4180} INFO - Setting next_dagrun for TFL_DATA_DAG to 2025-04-23 00:00:00+00:00, run_after=2025-04-24 00:00:00+00:00
[2025-04-23T18:24:11.813+0000] {processor.py:208} INFO - Processing /opt/airflow/dags/my_dag.py took 0.207 seconds
[2025-04-23T18:24:41.927+0000] {processor.py:186} INFO - Started process (PID=2349) to work on /opt/airflow/dags/my_dag.py
[2025-04-23T18:24:41.929+0000] {processor.py:914} INFO - Processing file /opt/airflow/dags/my_dag.py for tasks to queue
[2025-04-23T18:24:41.934+0000] {logging_mixin.py:190} INFO - [2025-04-23T18:24:41.933+0000] {dagbag.py:588} INFO - Filling up the DagBag from /opt/airflow/dags/my_dag.py
[2025-04-23T18:24:41.968+0000] {processor.py:925} INFO - DAG(s) 'TFL_DATA_DAG' retrieved from /opt/airflow/dags/my_dag.py
[2025-04-23T18:24:41.983+0000] {logging_mixin.py:190} INFO - [2025-04-23T18:24:41.983+0000] {dag.py:3239} INFO - Sync 1 DAGs
[2025-04-23T18:24:41.997+0000] {logging_mixin.py:190} INFO - [2025-04-23T18:24:41.997+0000] {dag.py:4180} INFO - Setting next_dagrun for TFL_DATA_DAG to 2025-04-23 00:00:00+00:00, run_after=2025-04-24 00:00:00+00:00
[2025-04-23T18:24:42.010+0000] {processor.py:208} INFO - Processing /opt/airflow/dags/my_dag.py took 0.086 seconds
[2025-04-23T18:25:16.177+0000] {processor.py:186} INFO - Started process (PID=188) to work on /opt/airflow/dags/my_dag.py
[2025-04-23T18:25:16.179+0000] {processor.py:914} INFO - Processing file /opt/airflow/dags/my_dag.py for tasks to queue
[2025-04-23T18:25:16.181+0000] {logging_mixin.py:190} INFO - [2025-04-23T18:25:16.181+0000] {dagbag.py:588} INFO - Filling up the DagBag from /opt/airflow/dags/my_dag.py
[2025-04-23T18:25:16.207+0000] {processor.py:925} INFO - DAG(s) 'TFL_DATA_DAG' retrieved from /opt/airflow/dags/my_dag.py
[2025-04-23T18:25:16.228+0000] {logging_mixin.py:190} INFO - [2025-04-23T18:25:16.227+0000] {dag.py:3239} INFO - Sync 1 DAGs
[2025-04-23T18:25:16.249+0000] {logging_mixin.py:190} INFO - [2025-04-23T18:25:16.249+0000] {dag.py:4180} INFO - Setting next_dagrun for TFL_DATA_DAG to 2025-04-23 00:00:00+00:00, run_after=2025-04-24 00:00:00+00:00
[2025-04-23T18:25:16.266+0000] {processor.py:208} INFO - Processing /opt/airflow/dags/my_dag.py took 0.093 seconds
[2025-04-23T18:25:46.559+0000] {processor.py:186} INFO - Started process (PID=209) to work on /opt/airflow/dags/my_dag.py
[2025-04-23T18:25:46.561+0000] {processor.py:914} INFO - Processing file /opt/airflow/dags/my_dag.py for tasks to queue
[2025-04-23T18:25:46.565+0000] {logging_mixin.py:190} INFO - [2025-04-23T18:25:46.565+0000] {dagbag.py:588} INFO - Filling up the DagBag from /opt/airflow/dags/my_dag.py
[2025-04-23T18:25:46.629+0000] {processor.py:925} INFO - DAG(s) 'TFL_DATA_DAG' retrieved from /opt/airflow/dags/my_dag.py
[2025-04-23T18:25:46.649+0000] {logging_mixin.py:190} INFO - [2025-04-23T18:25:46.648+0000] {dag.py:3239} INFO - Sync 1 DAGs
[2025-04-23T18:25:46.666+0000] {logging_mixin.py:190} INFO - [2025-04-23T18:25:46.666+0000] {dag.py:4180} INFO - Setting next_dagrun for TFL_DATA_DAG to 2025-04-23 00:00:00+00:00, run_after=2025-04-24 00:00:00+00:00
[2025-04-23T18:25:46.680+0000] {processor.py:208} INFO - Processing /opt/airflow/dags/my_dag.py took 0.125 seconds
[2025-04-23T18:26:16.923+0000] {processor.py:186} INFO - Started process (PID=230) to work on /opt/airflow/dags/my_dag.py
[2025-04-23T18:26:16.924+0000] {processor.py:914} INFO - Processing file /opt/airflow/dags/my_dag.py for tasks to queue
[2025-04-23T18:26:16.927+0000] {logging_mixin.py:190} INFO - [2025-04-23T18:26:16.926+0000] {dagbag.py:588} INFO - Filling up the DagBag from /opt/airflow/dags/my_dag.py
[2025-04-23T18:26:16.959+0000] {processor.py:925} INFO - DAG(s) 'TFL_DATA_DAG' retrieved from /opt/airflow/dags/my_dag.py
[2025-04-23T18:26:16.977+0000] {logging_mixin.py:190} INFO - [2025-04-23T18:26:16.977+0000] {dag.py:3239} INFO - Sync 1 DAGs
[2025-04-23T18:26:16.992+0000] {logging_mixin.py:190} INFO - [2025-04-23T18:26:16.991+0000] {dag.py:4180} INFO - Setting next_dagrun for TFL_DATA_DAG to 2025-04-23 00:00:00+00:00, run_after=2025-04-24 00:00:00+00:00
[2025-04-23T18:26:17.006+0000] {processor.py:208} INFO - Processing /opt/airflow/dags/my_dag.py took 0.087 seconds
[2025-04-23T18:26:47.283+0000] {processor.py:186} INFO - Started process (PID=260) to work on /opt/airflow/dags/my_dag.py
[2025-04-23T18:26:47.284+0000] {processor.py:914} INFO - Processing file /opt/airflow/dags/my_dag.py for tasks to queue
[2025-04-23T18:26:47.287+0000] {logging_mixin.py:190} INFO - [2025-04-23T18:26:47.286+0000] {dagbag.py:588} INFO - Filling up the DagBag from /opt/airflow/dags/my_dag.py
[2025-04-23T18:26:47.301+0000] {processor.py:925} INFO - DAG(s) 'TFL_DATA_DAG' retrieved from /opt/airflow/dags/my_dag.py
[2025-04-23T18:26:47.314+0000] {logging_mixin.py:190} INFO - [2025-04-23T18:26:47.314+0000] {dag.py:3239} INFO - Sync 1 DAGs
[2025-04-23T18:26:47.327+0000] {logging_mixin.py:190} INFO - [2025-04-23T18:26:47.327+0000] {dag.py:4180} INFO - Setting next_dagrun for TFL_DATA_DAG to 2025-04-23 00:00:00+00:00, run_after=2025-04-24 00:00:00+00:00
[2025-04-23T18:26:47.338+0000] {processor.py:208} INFO - Processing /opt/airflow/dags/my_dag.py took 0.059 seconds
[2025-04-23T18:27:17.628+0000] {processor.py:186} INFO - Started process (PID=285) to work on /opt/airflow/dags/my_dag.py
[2025-04-23T18:27:17.630+0000] {processor.py:914} INFO - Processing file /opt/airflow/dags/my_dag.py for tasks to queue
[2025-04-23T18:27:17.636+0000] {logging_mixin.py:190} INFO - [2025-04-23T18:27:17.635+0000] {dagbag.py:588} INFO - Filling up the DagBag from /opt/airflow/dags/my_dag.py
[2025-04-23T18:27:17.676+0000] {processor.py:925} INFO - DAG(s) 'TFL_DATA_DAG' retrieved from /opt/airflow/dags/my_dag.py
[2025-04-23T18:27:17.693+0000] {logging_mixin.py:190} INFO - [2025-04-23T18:27:17.693+0000] {dag.py:3239} INFO - Sync 1 DAGs
[2025-04-23T18:27:17.710+0000] {logging_mixin.py:190} INFO - [2025-04-23T18:27:17.710+0000] {dag.py:4180} INFO - Setting next_dagrun for TFL_DATA_DAG to 2025-04-23 00:00:00+00:00, run_after=2025-04-24 00:00:00+00:00
[2025-04-23T18:27:17.722+0000] {processor.py:208} INFO - Processing /opt/airflow/dags/my_dag.py took 0.098 seconds
[2025-04-23T18:27:47.998+0000] {processor.py:186} INFO - Started process (PID=310) to work on /opt/airflow/dags/my_dag.py
[2025-04-23T18:27:48.001+0000] {processor.py:914} INFO - Processing file /opt/airflow/dags/my_dag.py for tasks to queue
[2025-04-23T18:27:48.005+0000] {logging_mixin.py:190} INFO - [2025-04-23T18:27:48.005+0000] {dagbag.py:588} INFO - Filling up the DagBag from /opt/airflow/dags/my_dag.py
[2025-04-23T18:27:48.050+0000] {processor.py:925} INFO - DAG(s) 'TFL_DATA_DAG' retrieved from /opt/airflow/dags/my_dag.py
[2025-04-23T18:27:48.081+0000] {logging_mixin.py:190} INFO - [2025-04-23T18:27:48.081+0000] {dag.py:3239} INFO - Sync 1 DAGs
[2025-04-23T18:27:48.112+0000] {logging_mixin.py:190} INFO - [2025-04-23T18:27:48.112+0000] {dag.py:4180} INFO - Setting next_dagrun for TFL_DATA_DAG to 2025-04-23 00:00:00+00:00, run_after=2025-04-24 00:00:00+00:00
[2025-04-23T18:27:48.137+0000] {processor.py:208} INFO - Processing /opt/airflow/dags/my_dag.py took 0.149 seconds
[2025-04-23T18:28:18.505+0000] {processor.py:186} INFO - Started process (PID=342) to work on /opt/airflow/dags/my_dag.py
[2025-04-23T18:28:18.507+0000] {processor.py:914} INFO - Processing file /opt/airflow/dags/my_dag.py for tasks to queue
[2025-04-23T18:28:18.511+0000] {logging_mixin.py:190} INFO - [2025-04-23T18:28:18.511+0000] {dagbag.py:588} INFO - Filling up the DagBag from /opt/airflow/dags/my_dag.py
[2025-04-23T18:28:18.541+0000] {processor.py:925} INFO - DAG(s) 'TFL_DATA_DAG' retrieved from /opt/airflow/dags/my_dag.py
[2025-04-23T18:28:18.578+0000] {logging_mixin.py:190} INFO - [2025-04-23T18:28:18.577+0000] {dag.py:3239} INFO - Sync 1 DAGs
[2025-04-23T18:28:18.619+0000] {logging_mixin.py:190} INFO - [2025-04-23T18:28:18.619+0000] {dag.py:4180} INFO - Setting next_dagrun for TFL_DATA_DAG to 2025-04-23 00:00:00+00:00, run_after=2025-04-24 00:00:00+00:00
[2025-04-23T18:28:18.647+0000] {processor.py:208} INFO - Processing /opt/airflow/dags/my_dag.py took 0.151 seconds
[2025-04-23T18:28:49.017+0000] {processor.py:186} INFO - Started process (PID=381) to work on /opt/airflow/dags/my_dag.py
[2025-04-23T18:28:49.019+0000] {processor.py:914} INFO - Processing file /opt/airflow/dags/my_dag.py for tasks to queue
[2025-04-23T18:28:49.024+0000] {logging_mixin.py:190} INFO - [2025-04-23T18:28:49.024+0000] {dagbag.py:588} INFO - Filling up the DagBag from /opt/airflow/dags/my_dag.py
[2025-04-23T18:28:49.063+0000] {processor.py:925} INFO - DAG(s) 'TFL_DATA_DAG' retrieved from /opt/airflow/dags/my_dag.py
[2025-04-23T18:28:49.106+0000] {logging_mixin.py:190} INFO - [2025-04-23T18:28:49.105+0000] {dag.py:3239} INFO - Sync 1 DAGs
[2025-04-23T18:28:49.138+0000] {logging_mixin.py:190} INFO - [2025-04-23T18:28:49.138+0000] {dag.py:4180} INFO - Setting next_dagrun for TFL_DATA_DAG to 2025-04-23 00:00:00+00:00, run_after=2025-04-24 00:00:00+00:00
[2025-04-23T18:28:49.171+0000] {processor.py:208} INFO - Processing /opt/airflow/dags/my_dag.py took 0.163 seconds
[2025-04-23T18:29:19.544+0000] {processor.py:186} INFO - Started process (PID=402) to work on /opt/airflow/dags/my_dag.py
[2025-04-23T18:29:19.547+0000] {processor.py:914} INFO - Processing file /opt/airflow/dags/my_dag.py for tasks to queue
[2025-04-23T18:29:19.551+0000] {logging_mixin.py:190} INFO - [2025-04-23T18:29:19.551+0000] {dagbag.py:588} INFO - Filling up the DagBag from /opt/airflow/dags/my_dag.py
[2025-04-23T18:29:19.585+0000] {processor.py:925} INFO - DAG(s) 'TFL_DATA_DAG' retrieved from /opt/airflow/dags/my_dag.py
[2025-04-23T18:29:19.622+0000] {logging_mixin.py:190} INFO - [2025-04-23T18:29:19.621+0000] {dag.py:3239} INFO - Sync 1 DAGs
[2025-04-23T18:29:19.659+0000] {logging_mixin.py:190} INFO - [2025-04-23T18:29:19.659+0000] {dag.py:4180} INFO - Setting next_dagrun for TFL_DATA_DAG to 2025-04-23 00:00:00+00:00, run_after=2025-04-24 00:00:00+00:00
[2025-04-23T18:29:19.685+0000] {processor.py:208} INFO - Processing /opt/airflow/dags/my_dag.py took 0.151 seconds
[2025-04-23T18:29:50.064+0000] {processor.py:186} INFO - Started process (PID=428) to work on /opt/airflow/dags/my_dag.py
[2025-04-23T18:29:50.066+0000] {processor.py:914} INFO - Processing file /opt/airflow/dags/my_dag.py for tasks to queue
[2025-04-23T18:29:50.070+0000] {logging_mixin.py:190} INFO - [2025-04-23T18:29:50.070+0000] {dagbag.py:588} INFO - Filling up the DagBag from /opt/airflow/dags/my_dag.py
[2025-04-23T18:29:50.100+0000] {processor.py:925} INFO - DAG(s) 'TFL_DATA_DAG' retrieved from /opt/airflow/dags/my_dag.py
[2025-04-23T18:29:50.132+0000] {logging_mixin.py:190} INFO - [2025-04-23T18:29:50.132+0000] {dag.py:3239} INFO - Sync 1 DAGs
[2025-04-23T18:29:50.172+0000] {logging_mixin.py:190} INFO - [2025-04-23T18:29:50.172+0000] {dag.py:4180} INFO - Setting next_dagrun for TFL_DATA_DAG to 2025-04-23 00:00:00+00:00, run_after=2025-04-24 00:00:00+00:00
[2025-04-23T18:29:50.197+0000] {processor.py:208} INFO - Processing /opt/airflow/dags/my_dag.py took 0.141 seconds
[2025-04-23T18:30:20.592+0000] {processor.py:186} INFO - Started process (PID=449) to work on /opt/airflow/dags/my_dag.py
[2025-04-23T18:30:20.595+0000] {processor.py:914} INFO - Processing file /opt/airflow/dags/my_dag.py for tasks to queue
[2025-04-23T18:30:20.600+0000] {logging_mixin.py:190} INFO - [2025-04-23T18:30:20.600+0000] {dagbag.py:588} INFO - Filling up the DagBag from /opt/airflow/dags/my_dag.py
[2025-04-23T18:30:20.635+0000] {processor.py:925} INFO - DAG(s) 'TFL_DATA_DAG' retrieved from /opt/airflow/dags/my_dag.py
[2025-04-23T18:30:20.677+0000] {logging_mixin.py:190} INFO - [2025-04-23T18:30:20.676+0000] {dag.py:3239} INFO - Sync 1 DAGs
[2025-04-23T18:30:20.712+0000] {logging_mixin.py:190} INFO - [2025-04-23T18:30:20.712+0000] {dag.py:4180} INFO - Setting next_dagrun for TFL_DATA_DAG to 2025-04-23 00:00:00+00:00, run_after=2025-04-24 00:00:00+00:00
[2025-04-23T18:30:20.737+0000] {processor.py:208} INFO - Processing /opt/airflow/dags/my_dag.py took 0.154 seconds
[2025-04-23T18:30:51.111+0000] {processor.py:186} INFO - Started process (PID=473) to work on /opt/airflow/dags/my_dag.py
[2025-04-23T18:30:51.113+0000] {processor.py:914} INFO - Processing file /opt/airflow/dags/my_dag.py for tasks to queue
[2025-04-23T18:30:51.116+0000] {logging_mixin.py:190} INFO - [2025-04-23T18:30:51.116+0000] {dagbag.py:588} INFO - Filling up the DagBag from /opt/airflow/dags/my_dag.py
[2025-04-23T18:30:51.152+0000] {processor.py:925} INFO - DAG(s) 'TFL_DATA_DAG' retrieved from /opt/airflow/dags/my_dag.py
[2025-04-23T18:30:51.197+0000] {logging_mixin.py:190} INFO - [2025-04-23T18:30:51.196+0000] {dag.py:3239} INFO - Sync 1 DAGs
[2025-04-23T18:30:51.236+0000] {logging_mixin.py:190} INFO - [2025-04-23T18:30:51.236+0000] {dag.py:4180} INFO - Setting next_dagrun for TFL_DATA_DAG to 2025-04-23 00:00:00+00:00, run_after=2025-04-24 00:00:00+00:00
[2025-04-23T18:30:51.270+0000] {processor.py:208} INFO - Processing /opt/airflow/dags/my_dag.py took 0.164 seconds
[2025-04-23T18:31:21.659+0000] {processor.py:186} INFO - Started process (PID=496) to work on /opt/airflow/dags/my_dag.py
[2025-04-23T18:31:21.662+0000] {processor.py:914} INFO - Processing file /opt/airflow/dags/my_dag.py for tasks to queue
[2025-04-23T18:31:21.670+0000] {logging_mixin.py:190} INFO - [2025-04-23T18:31:21.669+0000] {dagbag.py:588} INFO - Filling up the DagBag from /opt/airflow/dags/my_dag.py
[2025-04-23T18:31:21.716+0000] {processor.py:925} INFO - DAG(s) 'TFL_DATA_DAG' retrieved from /opt/airflow/dags/my_dag.py
[2025-04-23T18:31:21.762+0000] {logging_mixin.py:190} INFO - [2025-04-23T18:31:21.762+0000] {dag.py:3239} INFO - Sync 1 DAGs
[2025-04-23T18:31:21.804+0000] {logging_mixin.py:190} INFO - [2025-04-23T18:31:21.803+0000] {dag.py:4180} INFO - Setting next_dagrun for TFL_DATA_DAG to 2025-04-23 00:00:00+00:00, run_after=2025-04-24 00:00:00+00:00
[2025-04-23T18:31:21.836+0000] {processor.py:208} INFO - Processing /opt/airflow/dags/my_dag.py took 0.191 seconds
[2025-04-23T18:31:52.230+0000] {processor.py:186} INFO - Started process (PID=517) to work on /opt/airflow/dags/my_dag.py
[2025-04-23T18:31:52.233+0000] {processor.py:914} INFO - Processing file /opt/airflow/dags/my_dag.py for tasks to queue
[2025-04-23T18:31:52.237+0000] {logging_mixin.py:190} INFO - [2025-04-23T18:31:52.236+0000] {dagbag.py:588} INFO - Filling up the DagBag from /opt/airflow/dags/my_dag.py
[2025-04-23T18:31:52.264+0000] {processor.py:925} INFO - DAG(s) 'TFL_DATA_DAG' retrieved from /opt/airflow/dags/my_dag.py
[2025-04-23T18:31:52.298+0000] {logging_mixin.py:190} INFO - [2025-04-23T18:31:52.298+0000] {dag.py:3239} INFO - Sync 1 DAGs
[2025-04-23T18:31:52.331+0000] {logging_mixin.py:190} INFO - [2025-04-23T18:31:52.331+0000] {dag.py:4180} INFO - Setting next_dagrun for TFL_DATA_DAG to 2025-04-23 00:00:00+00:00, run_after=2025-04-24 00:00:00+00:00
[2025-04-23T18:31:52.357+0000] {processor.py:208} INFO - Processing /opt/airflow/dags/my_dag.py took 0.135 seconds
[2025-04-23T18:32:22.727+0000] {processor.py:186} INFO - Started process (PID=543) to work on /opt/airflow/dags/my_dag.py
[2025-04-23T18:32:22.730+0000] {processor.py:914} INFO - Processing file /opt/airflow/dags/my_dag.py for tasks to queue
[2025-04-23T18:32:22.735+0000] {logging_mixin.py:190} INFO - [2025-04-23T18:32:22.734+0000] {dagbag.py:588} INFO - Filling up the DagBag from /opt/airflow/dags/my_dag.py
[2025-04-23T18:32:22.769+0000] {processor.py:925} INFO - DAG(s) 'TFL_DATA_DAG' retrieved from /opt/airflow/dags/my_dag.py
[2025-04-23T18:32:22.803+0000] {logging_mixin.py:190} INFO - [2025-04-23T18:32:22.802+0000] {dag.py:3239} INFO - Sync 1 DAGs
[2025-04-23T18:32:22.840+0000] {logging_mixin.py:190} INFO - [2025-04-23T18:32:22.840+0000] {dag.py:4180} INFO - Setting next_dagrun for TFL_DATA_DAG to 2025-04-23 00:00:00+00:00, run_after=2025-04-24 00:00:00+00:00
[2025-04-23T18:32:22.871+0000] {processor.py:208} INFO - Processing /opt/airflow/dags/my_dag.py took 0.154 seconds
[2025-04-23T18:32:42.340+0000] {processor.py:186} INFO - Started process (PID=558) to work on /opt/airflow/dags/my_dag.py
[2025-04-23T18:32:42.342+0000] {processor.py:914} INFO - Processing file /opt/airflow/dags/my_dag.py for tasks to queue
[2025-04-23T18:32:42.346+0000] {logging_mixin.py:190} INFO - [2025-04-23T18:32:42.346+0000] {dagbag.py:588} INFO - Filling up the DagBag from /opt/airflow/dags/my_dag.py
[2025-04-23T18:32:42.423+0000] {processor.py:925} INFO - DAG(s) 'TFL_DATA_DAG' retrieved from /opt/airflow/dags/my_dag.py
[2025-04-23T18:32:42.458+0000] {logging_mixin.py:190} INFO - [2025-04-23T18:32:42.457+0000] {dag.py:3239} INFO - Sync 1 DAGs
[2025-04-23T18:32:42.490+0000] {logging_mixin.py:190} INFO - [2025-04-23T18:32:42.489+0000] {dag.py:4180} INFO - Setting next_dagrun for TFL_DATA_DAG to 2025-04-23 00:00:00+00:00, run_after=2025-04-24 00:00:00+00:00
[2025-04-23T18:32:42.532+0000] {processor.py:208} INFO - Processing /opt/airflow/dags/my_dag.py took 0.202 seconds
[2025-04-23T18:32:59.520+0000] {processor.py:186} INFO - Started process (PID=579) to work on /opt/airflow/dags/my_dag.py
[2025-04-23T18:32:59.522+0000] {processor.py:914} INFO - Processing file /opt/airflow/dags/my_dag.py for tasks to queue
[2025-04-23T18:32:59.525+0000] {logging_mixin.py:190} INFO - [2025-04-23T18:32:59.525+0000] {dagbag.py:588} INFO - Filling up the DagBag from /opt/airflow/dags/my_dag.py
[2025-04-23T18:32:59.571+0000] {processor.py:925} INFO - DAG(s) 'TFL_DATA_DAG' retrieved from /opt/airflow/dags/my_dag.py
[2025-04-23T18:32:59.594+0000] {logging_mixin.py:190} INFO - [2025-04-23T18:32:59.593+0000] {dag.py:3239} INFO - Sync 1 DAGs
[2025-04-23T18:32:59.615+0000] {logging_mixin.py:190} INFO - [2025-04-23T18:32:59.615+0000] {dag.py:4180} INFO - Setting next_dagrun for TFL_DATA_DAG to 2025-04-23 00:00:00+00:00, run_after=2025-04-24 00:00:00+00:00
[2025-04-23T18:32:59.639+0000] {processor.py:208} INFO - Processing /opt/airflow/dags/my_dag.py took 0.124 seconds
[2025-04-23T18:33:30.098+0000] {processor.py:186} INFO - Started process (PID=610) to work on /opt/airflow/dags/my_dag.py
[2025-04-23T18:33:30.100+0000] {processor.py:914} INFO - Processing file /opt/airflow/dags/my_dag.py for tasks to queue
[2025-04-23T18:33:30.105+0000] {logging_mixin.py:190} INFO - [2025-04-23T18:33:30.104+0000] {dagbag.py:588} INFO - Filling up the DagBag from /opt/airflow/dags/my_dag.py
[2025-04-23T18:33:30.135+0000] {processor.py:925} INFO - DAG(s) 'TFL_DATA_DAG' retrieved from /opt/airflow/dags/my_dag.py
[2025-04-23T18:33:30.169+0000] {logging_mixin.py:190} INFO - [2025-04-23T18:33:30.168+0000] {dag.py:3239} INFO - Sync 1 DAGs
[2025-04-23T18:33:30.202+0000] {logging_mixin.py:190} INFO - [2025-04-23T18:33:30.202+0000] {dag.py:4180} INFO - Setting next_dagrun for TFL_DATA_DAG to 2025-04-23 00:00:00+00:00, run_after=2025-04-24 00:00:00+00:00
[2025-04-23T18:33:30.230+0000] {processor.py:208} INFO - Processing /opt/airflow/dags/my_dag.py took 0.138 seconds
[2025-04-23T18:34:00.648+0000] {processor.py:186} INFO - Started process (PID=631) to work on /opt/airflow/dags/my_dag.py
[2025-04-23T18:34:00.651+0000] {processor.py:914} INFO - Processing file /opt/airflow/dags/my_dag.py for tasks to queue
[2025-04-23T18:34:00.657+0000] {logging_mixin.py:190} INFO - [2025-04-23T18:34:00.657+0000] {dagbag.py:588} INFO - Filling up the DagBag from /opt/airflow/dags/my_dag.py
[2025-04-23T18:34:00.695+0000] {processor.py:925} INFO - DAG(s) 'TFL_DATA_DAG' retrieved from /opt/airflow/dags/my_dag.py
[2025-04-23T18:34:00.729+0000] {logging_mixin.py:190} INFO - [2025-04-23T18:34:00.728+0000] {dag.py:3239} INFO - Sync 1 DAGs
[2025-04-23T18:34:00.759+0000] {logging_mixin.py:190} INFO - [2025-04-23T18:34:00.758+0000] {dag.py:4180} INFO - Setting next_dagrun for TFL_DATA_DAG to 2025-04-23 00:00:00+00:00, run_after=2025-04-24 00:00:00+00:00
[2025-04-23T18:34:00.789+0000] {processor.py:208} INFO - Processing /opt/airflow/dags/my_dag.py took 0.150 seconds
[2025-04-23T18:34:31.162+0000] {processor.py:186} INFO - Started process (PID=657) to work on /opt/airflow/dags/my_dag.py
[2025-04-23T18:34:31.164+0000] {processor.py:914} INFO - Processing file /opt/airflow/dags/my_dag.py for tasks to queue
[2025-04-23T18:34:31.169+0000] {logging_mixin.py:190} INFO - [2025-04-23T18:34:31.169+0000] {dagbag.py:588} INFO - Filling up the DagBag from /opt/airflow/dags/my_dag.py
[2025-04-23T18:34:31.203+0000] {processor.py:925} INFO - DAG(s) 'TFL_DATA_DAG' retrieved from /opt/airflow/dags/my_dag.py
[2025-04-23T18:34:31.225+0000] {logging_mixin.py:190} INFO - [2025-04-23T18:34:31.225+0000] {dag.py:3239} INFO - Sync 1 DAGs
[2025-04-23T18:34:31.248+0000] {logging_mixin.py:190} INFO - [2025-04-23T18:34:31.248+0000] {dag.py:4180} INFO - Setting next_dagrun for TFL_DATA_DAG to 2025-04-23 00:00:00+00:00, run_after=2025-04-24 00:00:00+00:00
[2025-04-23T18:34:31.267+0000] {processor.py:208} INFO - Processing /opt/airflow/dags/my_dag.py took 0.114 seconds
[2025-04-23T18:34:45.316+0000] {processor.py:186} INFO - Started process (PID=662) to work on /opt/airflow/dags/my_dag.py
[2025-04-23T18:34:45.318+0000] {processor.py:914} INFO - Processing file /opt/airflow/dags/my_dag.py for tasks to queue
[2025-04-23T18:34:45.321+0000] {logging_mixin.py:190} INFO - [2025-04-23T18:34:45.321+0000] {dagbag.py:588} INFO - Filling up the DagBag from /opt/airflow/dags/my_dag.py
[2025-04-23T18:34:45.371+0000] {processor.py:925} INFO - DAG(s) 'TFL_DATA_DAG' retrieved from /opt/airflow/dags/my_dag.py
[2025-04-23T18:34:45.393+0000] {logging_mixin.py:190} INFO - [2025-04-23T18:34:45.392+0000] {dag.py:3239} INFO - Sync 1 DAGs
[2025-04-23T18:34:45.415+0000] {logging_mixin.py:190} INFO - [2025-04-23T18:34:45.415+0000] {dag.py:4180} INFO - Setting next_dagrun for TFL_DATA_DAG to 2025-04-23 00:00:00+00:00, run_after=2025-04-24 00:00:00+00:00
[2025-04-23T18:34:45.436+0000] {processor.py:208} INFO - Processing /opt/airflow/dags/my_dag.py took 0.126 seconds
[2025-04-23T18:35:15.974+0000] {processor.py:186} INFO - Started process (PID=688) to work on /opt/airflow/dags/my_dag.py
[2025-04-23T18:35:15.976+0000] {processor.py:914} INFO - Processing file /opt/airflow/dags/my_dag.py for tasks to queue
[2025-04-23T18:35:15.981+0000] {logging_mixin.py:190} INFO - [2025-04-23T18:35:15.981+0000] {dagbag.py:588} INFO - Filling up the DagBag from /opt/airflow/dags/my_dag.py
[2025-04-23T18:35:16.014+0000] {processor.py:925} INFO - DAG(s) 'TFL_DATA_DAG' retrieved from /opt/airflow/dags/my_dag.py
[2025-04-23T18:35:16.052+0000] {logging_mixin.py:190} INFO - [2025-04-23T18:35:16.051+0000] {dag.py:3239} INFO - Sync 1 DAGs
[2025-04-23T18:35:16.093+0000] {logging_mixin.py:190} INFO - [2025-04-23T18:35:16.093+0000] {dag.py:4180} INFO - Setting next_dagrun for TFL_DATA_DAG to 2025-04-23 00:00:00+00:00, run_after=2025-04-24 00:00:00+00:00
[2025-04-23T18:35:16.122+0000] {processor.py:208} INFO - Processing /opt/airflow/dags/my_dag.py took 0.155 seconds
[2025-04-23T18:35:46.526+0000] {processor.py:186} INFO - Started process (PID=709) to work on /opt/airflow/dags/my_dag.py
[2025-04-23T18:35:46.529+0000] {processor.py:914} INFO - Processing file /opt/airflow/dags/my_dag.py for tasks to queue
[2025-04-23T18:35:46.533+0000] {logging_mixin.py:190} INFO - [2025-04-23T18:35:46.533+0000] {dagbag.py:588} INFO - Filling up the DagBag from /opt/airflow/dags/my_dag.py
[2025-04-23T18:35:46.567+0000] {processor.py:925} INFO - DAG(s) 'TFL_DATA_DAG' retrieved from /opt/airflow/dags/my_dag.py
[2025-04-23T18:35:46.601+0000] {logging_mixin.py:190} INFO - [2025-04-23T18:35:46.600+0000] {dag.py:3239} INFO - Sync 1 DAGs
[2025-04-23T18:35:46.636+0000] {logging_mixin.py:190} INFO - [2025-04-23T18:35:46.635+0000] {dag.py:4180} INFO - Setting next_dagrun for TFL_DATA_DAG to 2025-04-23 00:00:00+00:00, run_after=2025-04-24 00:00:00+00:00
[2025-04-23T18:35:46.663+0000] {processor.py:208} INFO - Processing /opt/airflow/dags/my_dag.py took 0.144 seconds
[2025-04-23T18:36:17.242+0000] {processor.py:186} INFO - Started process (PID=730) to work on /opt/airflow/dags/my_dag.py
[2025-04-23T18:36:17.245+0000] {processor.py:914} INFO - Processing file /opt/airflow/dags/my_dag.py for tasks to queue
[2025-04-23T18:36:17.247+0000] {logging_mixin.py:190} INFO - [2025-04-23T18:36:17.247+0000] {dagbag.py:588} INFO - Filling up the DagBag from /opt/airflow/dags/my_dag.py
[2025-04-23T18:36:17.268+0000] {processor.py:925} INFO - DAG(s) 'TFL_DATA_DAG' retrieved from /opt/airflow/dags/my_dag.py
[2025-04-23T18:36:17.291+0000] {logging_mixin.py:190} INFO - [2025-04-23T18:36:17.291+0000] {dag.py:3239} INFO - Sync 1 DAGs
[2025-04-23T18:36:17.310+0000] {logging_mixin.py:190} INFO - [2025-04-23T18:36:17.310+0000] {dag.py:4180} INFO - Setting next_dagrun for TFL_DATA_DAG to 2025-04-23 00:00:00+00:00, run_after=2025-04-24 00:00:00+00:00
[2025-04-23T18:36:17.326+0000] {processor.py:208} INFO - Processing /opt/airflow/dags/my_dag.py took 0.089 seconds
[2025-04-23T18:36:47.848+0000] {processor.py:186} INFO - Started process (PID=751) to work on /opt/airflow/dags/my_dag.py
[2025-04-23T18:36:47.851+0000] {processor.py:914} INFO - Processing file /opt/airflow/dags/my_dag.py for tasks to queue
[2025-04-23T18:36:47.856+0000] {logging_mixin.py:190} INFO - [2025-04-23T18:36:47.856+0000] {dagbag.py:588} INFO - Filling up the DagBag from /opt/airflow/dags/my_dag.py
[2025-04-23T18:36:47.894+0000] {processor.py:925} INFO - DAG(s) 'TFL_DATA_DAG' retrieved from /opt/airflow/dags/my_dag.py
[2025-04-23T18:36:47.936+0000] {logging_mixin.py:190} INFO - [2025-04-23T18:36:47.935+0000] {dag.py:3239} INFO - Sync 1 DAGs
[2025-04-23T18:36:47.974+0000] {logging_mixin.py:190} INFO - [2025-04-23T18:36:47.974+0000] {dag.py:4180} INFO - Setting next_dagrun for TFL_DATA_DAG to 2025-04-23 00:00:00+00:00, run_after=2025-04-24 00:00:00+00:00
[2025-04-23T18:36:48.007+0000] {processor.py:208} INFO - Processing /opt/airflow/dags/my_dag.py took 0.169 seconds
[2025-04-23T18:37:18.333+0000] {processor.py:186} INFO - Started process (PID=772) to work on /opt/airflow/dags/my_dag.py
[2025-04-23T18:37:18.335+0000] {processor.py:914} INFO - Processing file /opt/airflow/dags/my_dag.py for tasks to queue
[2025-04-23T18:37:18.338+0000] {logging_mixin.py:190} INFO - [2025-04-23T18:37:18.338+0000] {dagbag.py:588} INFO - Filling up the DagBag from /opt/airflow/dags/my_dag.py
[2025-04-23T18:37:18.359+0000] {processor.py:925} INFO - DAG(s) 'TFL_DATA_DAG' retrieved from /opt/airflow/dags/my_dag.py
[2025-04-23T18:37:18.388+0000] {logging_mixin.py:190} INFO - [2025-04-23T18:37:18.388+0000] {dag.py:3239} INFO - Sync 1 DAGs
[2025-04-23T18:37:18.406+0000] {logging_mixin.py:190} INFO - [2025-04-23T18:37:18.406+0000] {dag.py:4180} INFO - Setting next_dagrun for TFL_DATA_DAG to 2025-04-23 00:00:00+00:00, run_after=2025-04-24 00:00:00+00:00
[2025-04-23T18:37:18.425+0000] {processor.py:208} INFO - Processing /opt/airflow/dags/my_dag.py took 0.095 seconds
